Date,Close,High,Low,Open,Volume,SMA_20,SMA_50,SMA_200,EMA_12,EMA_26,MACD,MACD_Signal,MACD_Hist,RSI,BB_Mid,BB_Upper,BB_Lower,BB_Width,Daily_Return,Log_Return,Volatility_20d,Volume_MA20,Volume_Ratio,Target
2021-10-27,151.13999938964844,161.9199981689453,150.3000030517578,155.85000610351562,9066400,140.8009994506836,114.6427995300293,85.38064987182617,148.98677576515286,137.04638606916964,11.940389695983214,12.575913405550642,-0.635523709567428,62.258253298096925,140.8009994506836,172.38719218933298,109.21480671203423,0.44866432570619114,-0.004741217027586675,-0.004752492250005705,0.9531060163449656,18794895.0,0.48238630755851525,1
2021-10-28,161.88999938964844,162.82000732421875,153.25999450683594,155.4510040283203,7325300,142.93899955749512,116.58699951171874,85.70827487945557,150.97188709199833,138.88665372253843,12.0852333694599,12.477777398332494,-0.3925440288725941,64.02819298711854,142.93899955749512,174.13518238317187,111.74281673181837,0.43649644844657726,0.07112610853124202,0.06871053292899752,0.962694701201949,18487705.0,0.3962254914820417,1
2021-10-29,162.5,165.8000030517578,157.51100158691406,160.0,6404300,145.17149963378907,118.56779953002929,85.94607486724854,152.74544292399858,140.63579048383187,12.109652440166712,12.404152406699339,-0.29449996653262644,70.13044781192973,145.17149963378907,175.17571789820562,115.16728136937252,0.4133623795318704,0.0037679943952768635,0.0037609132865399947,0.958494556872916,18350835.0,0.34899229381115354,0
2021-11-01,152.66000366210938,163.28199768066406,150.77999877929688,163.0,11575400,147.40799980163575,120.32579956054687,86.12437488555908,152.7322984221695,141.52647294148207,11.205825480687423,12.164487021496956,-0.9586615408095334,58.276963434722255,147.40799980163575,171.8827431751736,122.9332564280979,0.33206804795496936,-0.060553823617788494,-0.06246475141080465,0.928345089975192,18385730.0,0.62958609747886,1
2021-11-02,155.88999938964844,156.1999969482422,148.63999938964844,152.75,5483700,149.62949981689454,122.08939956665039,86.34887489318848,153.2180985710124,142.59043786356847,10.627660707443937,11.857121758686354,-1.2294610512424171,56.95156636326587,149.62949981689454,167.55505561270573,131.70394402108334,0.23959922097911382,0.021158100681617942,0.02093737605033128,0.9269904875617376,18269955.0,0.3001485225333067,1
2021-11-03,161.0800018310547,162.5,156.02000427246094,156.9199981689453,7472000,150.99850006103514,123.94039962768555,86.6232249069214,154.42762214948047,143.96003519449337,10.467586954987098,11.579214797946504,-1.1116278429594058,58.6310782693665,150.99850006103514,167.95775815467172,134.03924196739857,0.2246281663298837,0.03329272218696855,0.03275052094129676,0.6394871735093707,15991580.0,0.4672458881486382,1
2021-11-04,168.52000427246094,168.74000549316406,159.33999633789062,160.77000427246094,7957900,152.729500579834,125.85659973144531,86.92097492218018,156.59568093763133,145.7792921632317,10.816388774399627,11.42664959323713,-0.6102608188375029,63.834931421646914,152.729500579834,169.40532618086766,136.05367497880033,0.21837072127813267,0.046188244082648655,0.045153315113042006,0.6510595370971787,14932410.0,0.5329280404167847,0
2021-11-05,164.22999572753906,166.0500030517578,159.64999389648438,163.89999389648438,6641600,153.88150024414062,127.74159957885742,87.14237491607666,157.77019090530945,147.14601094577299,10.624179959536463,11.266155666496998,-0.641975706960535,54.81246432267848,153.88150024414062,170.38320232117226,137.379798167109,0.2144728515234238,-0.025456969120329798,-0.025786604129294795,0.6443036155729176,13582020.0,0.48899942718387984,0
2021-11-08,163.3699951171875,176.64999389648438,161.5,165.6699981689453,8253600,155.29850006103516,129.6509994506836,87.39572490692139,158.63169924559838,148.34778755106294,10.283911694535448,11.069706872104687,-0.7857951775692396,55.60995467617545,155.29850006103516,169.7203327220866,140.87666739998372,0.18573048233412937,-0.005236562337724959,-0.005250321184006824,0.6170461844369797,12442035.0,0.6633641522467989,0
2021-11-09,157.7899932861328,161.19000244140625,154.6199951171875,160.0,8368900,156.15449981689454,130.81499938964845,87.63427486419678,158.5022060210652,149.04721019810515,9.454995822960058,10.746764662275762,-1.2917688393157043,57.3179505909895,156.15449981689454,168.84937015626852,143.45962947752056,0.16259371781485485,-0.03415560995182787,-0.03475254465216243,0.6244788683518171,11642640.0,0.7188146331072678,0
2021-11-10,133.52999877929688,149.0,132.16000366210938,146.92999267578125,22572100,155.52449951171874,131.55879943847657,87.77547485351562,154.6603279838701,147.8977871300453,6.762540853824817,9.949919900585574,-3.187379046760757,37.306480982189605,155.52449951171874,171.21189486937755,139.83710415405994,0.20173535882655913,-0.1537486250021154,-0.16693882994411013,0.831911675010108,11471950.0,1.9675905142543333,1
2021-11-11,151.8300018310547,166.50999450683594,147.5,165.25,34591700,155.69249954223633,132.66579940795899,88.03752487182618,154.22489319112927,148.18906229308303,6.0358308980462425,9.167102100077708,-3.1312712020314653,48.376246484012725,155.69249954223633,171.131801128772,140.25319795570067,0.1983307048435854,0.13704787852207434,0.1284353233999134,0.968579414583756,11995640.0,2.883689407151265,0
2021-11-12,148.99000549316406,149.6699981689453,142.25,148.13999938964844,17047500,155.80550003051758,133.66579956054687,88.28452491760254,153.41952585298077,148.24839141901495,5.171134433965818,8.36790856685533,-3.1967741328895123,44.58811431611956,155.80550003051758,170.99974221333048,140.61125784770468,0.19504115297389127,-0.018705106392943094,-0.018882259485402182,0.9702950614673977,12043040.0,1.4155479015265249,0
2021-11-15,147.99000549316406,150.67999267578125,144.50999450683594,150.6199951171875,6722600,155.34250030517578,134.764599609375,88.4864249420166,152.58421502839357,148.22925172080377,4.354963307589799,7.5653195150022245,-3.210356207412426,47.961229076038634,155.34250030517578,170.91113766204165,139.7738629483099,0.20044272914728095,-0.0067118596089043026,-0.006734485436357211,0.9354942368408421,11202045.0,0.6001225669063104,1
2021-11-16,151.2899932861328,153.75,142.1199951171875,146.8000030517578,9302600,155.13949966430664,135.96019943237306,88.67787490844727,152.3851039911227,148.45597331823555,3.9291306728871405,6.838081746579208,-2.9089510736920676,50.07692784465552,155.13949966430664,170.81324774700258,139.4657515816107,0.20206005713066041,0.022298720660032467,0.022053739347036902,0.9382221054065059,11026450.0,0.8436622847788726,1
2021-11-17,151.72000122070312,159.39999389648438,149.89999389648438,151.67300415039062,7793700,155.34349975585937,137.24379943847657,88.88172492980956,152.2827804879812,148.6977531628628,3.5850273251184035,6.187470862287048,-2.6024435371686447,44.166571995771584,155.34349975585937,170.7094460044775,139.97755350724123,0.1978318535731143,0.0028422761164186294,0.002838244487186611,0.9194387323484218,10893590.0,0.7154390793117787,0
2021-11-18,139.1300048828125,149.1699981689453,138.97999572753906,146.3800048828125,14067200,154.53300018310546,138.18519958496094,89.0335249710083,150.2592765487245,147.98903106804426,2.270245480680245,5.404025785965688,-3.133780305285443,38.21482775803975,154.53300018310546,171.5238500867197,137.5421502794912,0.21989930802458849,-0.08298178378983989,-0.08662794191735165,0.9482708260218012,11121720.0,1.264840330452484,0
2021-11-19,136.16000366210938,139.1300048828125,133.4499969482422,137.88999938964844,10607700,153.58050003051758,138.4343997192383,89.19707500457764,148.0901576430914,147.11280681575278,0.9773508273386255,4.518690794240276,-3.54133996690165,41.05981782712063,153.58050003051758,172.44420056398832,134.71679949704685,0.24565228697292138,-0.021346949733845877,-0.0215780912284128,0.9502221512253232,11156810.0,0.9507825265465666,0
2021-11-22,123.51000213623047,136.07000732421875,118.85800170898438,136.0,14393400,151.75400047302247,138.71859970092774,89.20082500457764,144.3085952574205,145.36445091356595,-1.0558556561454395,3.403781504163133,-4.4596371603085725,34.080631368753075,151.75400047302247,174.631357550082,128.87664339596296,0.3015058187032961,-0.09290541411316922,-0.09750854997476148,0.9892323048947518,11304255.0,1.273272763220575,1
2021-11-23,127.61000061035156,129.6300048828125,120.05000305175781,120.76000213623047,11418500,150.54150047302247,139.1095997619629,89.1838750076294,141.73958069633298,144.04930644666118,-2.309725750328198,2.261080053264867,-4.570805803593065,33.36646406040302,150.54150047302247,175.83781739149128,125.24518355455365,0.33607100818025926,0.033195679728017735,0.0326566007828945,0.9891540322298356,11353305.0,1.0057423807428763,1
2021-11-24,132.75,133.8300018310547,124.77999877929688,126.79000091552734,6564900,149.62200050354005,139.56959976196288,89.1664750289917,140.35656828151252,143.21232078394556,-2.8557525024330346,1.2377135421252867,-4.093466044558321,31.807544928916485,149.62200050354005,176.13440880026803,123.10959220681205,0.35439184354577197,0.04027897002636238,0.039488917593218625,1.0031948542999927,11228230.0,0.584678083722902,1
2021-11-26,136.97999572753906,137.38999938964844,130.5,130.8000030517578,5113200,148.37650032043456,139.95759963989258,89.15142498016357,139.83709558090123,142.7506670760636,-2.9135714951623584,0.40745653466775766,-3.3210280298301162,36.13231336789715,148.37650032043456,174.80257633399407,121.95042430687504,0.3562029830396275,0.031864374595397926,0.031367238457310945,0.9731540447488135,11117625.0,0.4599183728539144,0
2021-11-29,132.14999389648438,140.49000549316406,129.0800018310547,140.0050048828125,7712600,146.8590000152588,140.27499954223632,89.18272495269775,138.65446455252942,141.9654320257244,-3.310967473194978,-0.3362282669047895,-2.9747392062901885,34.729013153878086,146.8590000152588,173.35576533127497,120.36223469924263,0.36084632624848495,-0.035260636455718974,-0.03589730371533231,0.9775469712960975,11183040.0,0.689669356454059,0
2021-11-30,126.68000030517578,135.49000549316406,124.3499984741211,133.55999755859375,11220000,145.55999984741212,140.654599609375,89.22037494659423,136.81223928370576,140.83317782420227,-4.020938540496502,-1.073170321623132,-2.94776821887337,34.76642847498972,145.55999984741212,173.37391372735672,117.74608596746751,0.38216424717094566,-0.0413923105860553,-0.04227337078455886,0.9663012732777495,11165270.0,1.0049018071215474,0
2021-12-01,116.56999969482422,132.16000366210938,114.69000244140625,127.83000183105469,9183600,143.5939998626709,140.82379959106444,89.24057495117188,133.698048577724,139.03590537017425,-5.337856792450253,-1.9261076157885566,-3.4117491766616967,40.359252954114076,143.5939998626709,173.79010862131742,113.39789110402438,0.4205761910320096,-0.07980739332172626,-0.08317227576568857,0.9927059489245075,11350265.0,0.8091088622159923,0
2021-12-02,113.75,119.98999786376953,111.27999877929688,113.58000183105469,9494100,141.22749977111818,140.81739959716796,89.28157493591308,130.6291180273049,137.16287534275392,-6.533757315449009,-2.847637555720647,-3.6861197597283617,23.730675984747947,141.22749977111818,173.0294238574884,109.42557568474794,0.45036447062945045,-0.024191470380088065,-0.024488890482719582,0.9783766156630872,11451370.0,0.8290798393554658,0
2021-12-03,107.23999786376953,114.87000274658203,103.83999633789062,114.87000274658203,12534600,138.1634994506836,140.42439956665038,89.28782493591308,127.03079184829947,134.94636589986618,-7.915574051566708,-3.8612248548898593,-4.054349196676848,22.58698939028052,138.1634994506836,170.6935788388477,105.63342006251948,0.47089252251859015,-0.05723078801081727,-0.05893376438339157,0.9607299907766806,11680205.0,1.073148972984635,1
2021-12-06,110.94999694824219,114.95999908447266,96.44000244140625,103.01000213623047,9476900,135.49949951171874,140.16879943847655,89.31842491149902,124.55682340213681,133.16885708863478,-8.612033686497966,-4.811386621211481,-3.800647065286485,26.515333866855727,135.49949951171874,167.76697828574862,103.23202073768886,0.47627450861896675,0.03459529241305637,0.0340103284252307,0.9801390777607544,11821970.0,0.8016345837453487,1
2021-12-07,122.7300033569336,124.11000061035156,116.25,116.55500030517578,8968600,133.46749992370604,140.0559996032715,89.42202491760254,124.27577416441324,132.39560866406433,-8.119834499651091,-5.473076196899403,-2.646758302751688,33.65010955352321,133.46749992370604,163.37742943423618,103.55757041317591,0.4481979437335311,0.10617401291310302,0.10090722608870198,1.0740294753721737,11857720.0,0.7563511366434694,1
2021-12-08,127.97000122070312,128.86000061035156,117.81999969482422,122.55500030517578,7868400,131.97650032043458,140.3249996948242,89.5494249343872,124.84411678845782,132.067785890482,-7.223669102024189,-5.8231947779243605,-1.4004743240998287,37.11340120831734,131.97650032043458,159.67238889267506,104.2806117481941,0.4197093953089493,0.04269532893704997,0.041809023026882414,1.0875680619027412,11832695.0,0.6649710822428871,0
2021-12-09,119.12999725341797,127.88999938964844,115.8499984741211,126.48999786376953,8171100,131.25650024414062,140.45219970703124,89.67409992218018,123.96502147537478,131.1094311766254,-7.144409701250623,-6.087437762589613,-1.0569719386610101,38.68777868542255,131.25650024414062,159.52512499228902,102.98787549599223,0.4307386635415083,-0.06907872066078413,-0.07158056023254862,0.9727047094782136,11112645.0,0.7352974921812044,0
2021-12-10,114.68000030517578,122.0,112.2300033569336,119.12999725341797,6351600,129.39900016784668,140.3631997680664,89.78219993591308,122.53655667995955,129.89243629725877,-7.355879617299223,-6.341126133531535,-1.014753483767688,38.050732079813926,129.39900016784668,156.84579920077528,101.9522011349181,0.4242196461692387,-0.037354126171731394,-0.03806966707965842,0.8229181738944142,9700640.0,0.654760922990648,0
2021-12-13,109.95999908447266,116.88999938964844,107.66999816894531,113.9800033569336,9736400,127.4474998474121,140.20539978027344,89.87479991912842,120.60170166526925,128.415959466682,-7.814257801412765,-6.635752467107782,-1.1785053343049832,41.73276171058573,127.4474998474121,154.57760507129888,100.31739462352533,0.4257455855370813,-0.041158015418056304,-0.04202898870523492,0.8289463943502396,9335085.0,1.042989967418615,0
2021-12-14,105.7699966430664,108.8499984741211,101.3499984741211,104.55899810791016,11541600,125.33649940490723,140.16219970703125,89.94464988708496,118.31990089262266,126.73848073900679,-8.418579846384134,-6.992317942963053,-1.4262619034210804,36.68941752586476,125.33649940490723,152.30625066553105,98.3667481442834,0.4303574998292619,-0.03810478788916172,-0.03884976136913084,0.8328798975773212,9576035.0,1.205258752709237,1
2021-12-15,110.9800033569336,113.19000244140625,101.66999816894531,103.0,11070500,123.32099990844726,140.15259979248046,90.06799991607666,117.19068588713202,125.57118611811248,-8.38050023098046,-7.269954400566535,-1.1105458304139244,36.74339638384761,123.32099990844726,148.056552477521,98.58544733937353,0.40115718470393935,0.049257888618915,0.04808314154393917,0.8542631125121216,9664430.0,1.1454891804276093,0
2021-12-16,99.23999786376953,113.31999969482422,92.05999755859375,113.0,19807300,120.69699974060059,139.463399810791,90.14189990997315,114.42904157584549,123.6207277289019,-9.19168615305641,-7.65430075106451,-1.5373854019918989,28.944437468475115,120.69699974060059,143.83029659344112,97.56370288776004,0.3833284489682117,-0.10578487239188383,-0.1118088978481513,0.9110028495665402,10265110.0,1.9295750362149067,0
2021-12-17,98.7699966430664,102.38999938964844,92.33499908447266,95.69000244140625,16414200,118.67899932861329,138.76079986572265,90.23004989624023,112.01995774003332,121.77993283365483,-9.759975093621506,-8.07543561957591,-1.6845394740455966,30.424589231101976,118.67899932861329,142.08179283527627,95.27620582195028,0.3943881165000795,-0.004736005953449474,-0.0047472563650438485,0.8804291378541325,10382460.0,1.5809548026190325,0
2021-12-20,97.37000274658203,99.61000061035156,93.51000213623047,94.59500122070312,7297800,116.73949928283692,137.88439987182616,90.34534992218018,109.76611851027158,119.97178986424203,-10.205671353970445,-8.501482766454817,-1.7041885875156275,31.94975294449084,116.73949928283692,140.4694965009824,93.00950206469145,0.4065461538541011,-0.01417428312307889,-0.014275697734307834,0.8801670254154396,10216965.0,0.7142825682577948,1
2021-12-21,103.62999725341797,104.12999725341797,95.62000274658203,98.83999633789062,7591700,115.7454990386963,137.2563998413086,90.46519989013672,108.82209985537104,118.7612867078847,-9.939186852513657,-8.789023583666586,-1.1501632688470718,41.63434154310252,115.7454990386963,139.94225503151992,91.54874304587268,0.4181027546433422,0.06429079110871938,0.06230865349404415,0.872837474195873,9876880.0,0.7686334146005621,0
2021-12-22,101.06999969482422,105.4000015258789,99.16000366210938,100.94300079345703,4369700,114.41849899291992,136.46439987182617,90.56674987792968,107.62946906144076,117.45082100321355,-9.82135194177279,-8.995489255287827,-0.8258626864849621,41.77478026148786,114.41849899291992,138.78599051125033,90.05100747458951,0.42593622067771125,-0.024703248349351004,-0.025013493625269435,0.8613332816362848,9524440.0,0.4587881282259114,1
2021-12-23,101.16000366210938,102.06999969482422,96.33000183105469,100.80999755859375,4519800,112.8389991760254,135.5649998474121,90.66629989624023,106.63416669231285,116.24409379276139,-9.609927100448544,-9.11837682431997,-0.4915502761285744,45.69771212137408,112.8389991760254,136.28109774199365,89.39690061005714,0.4154963928632386,0.0008905112056685205,0.0008901149358025309,0.8418495867755361,9422185.0,0.4796976497489701,1
2021-12-27,105.7300033569336,108.19999694824219,102.26000213623047,102.26000213623047,8118100,111.27649955749511,134.71019989013672,90.79709991455078,106.49506464071604,115.46527227899637,-8.970207638280328,-9.088742987112042,0.11853534883171335,46.35067622858354,111.27649955749511,131.94531122850904,90.60768788648119,0.371485655160003,0.04517595422484111,0.044185248491568185,0.8523431790761946,9572430.0,0.8480709704850283,0
2021-12-28,101.7699966430664,107.0,99.92400360107422,104.81999969482422,5343600,109.75749969482422,133.81099990844726,90.8991999053955,105.7681311026161,114.45080741707562,-8.682676314459528,-9.007529652581539,0.32485333812201134,33.547878573598126,109.75749969482422,128.3258516925116,91.18914769713683,0.3383523139524106,-0.037453954299978776,-0.03817337427614542,0.8531894385661142,9453980.0,0.5652222661778425,0
2021-12-29,98.27999877929688,102.0999984741211,96.5199966430664,101.23999786376953,5499600,108.33749961853027,132.6315998840332,90.9865998840332,104.61611074518237,113.25296974020311,-8.636858995020745,-8.93339552106938,0.29653652604863545,26.037129466427714,108.33749961853027,125.76558675937821,90.90941247768234,0.32173692769750795,-0.03429299379865225,-0.034894796986035405,0.8502691699522605,9167960.0,0.5998717271890366,1
2021-12-30,103.87000274658203,107.56999969482422,97.56199645996094,98.41999816894531,6357800,107.70249977111817,131.60199981689453,91.10049991607666,104.50132489924385,112.55793514808303,-8.056610248839178,-8.75803846662334,0.7014282177841622,37.00171095960347,107.70249977111817,124.78974663918123,90.61525290305511,0.3173045547573303,0.0568783479519408,0.055319608449903926,0.842489421179426,9026670.0,0.7043350427123181,0
2021-12-31,100.55999755859375,105.73999786376953,100.5,102.9000015258789,3728900,107.04299964904786,130.66039978027345,91.23134990692138,103.89496684683616,111.66919903034308,-7.774232183506925,-8.561277210000057,0.7870450264931321,37.734539844684356,107.04299964904786,124.16559658000742,89.9204027180883,0.3199199758433127,-0.03186680562687483,-0.032385603678328864,0.845314796549681,8738410.0,0.4267252280449189,0
2022-01-03,95.20999908447266,102.20999908447266,94.75,102.0,8442700,106.44149971008301,129.45779983520507,91.32054988861084,102.55881796031869,110.44999903435267,-7.89118107403398,-8.427257982806843,0.5360769087728627,37.32600488627237,106.44149971008301,124.36159044891957,88.52140897124644,0.33671248127179526,-0.053202054534694954,-0.054669571322160423,0.8421154093811509,8533815.0,0.9893230636005116,0
2022-01-04,85.41000366210938,95.51499938964844,80.08999633789062,94.68800354003906,21958300,105.16450004577636,128.0617997741699,91.33764991760253,99.92053883751726,108.59518456233464,-8.674645724817381,-8.476735531208952,-0.1979101936084291,34.043895319462905,105.16450004577636,125.24197400743594,85.08702608411679,0.3818298751559735,-0.10293031736791092,-0.10862173584684909,0.8969327527719267,9157885.0,2.397747951628569,0
2022-01-05,79.52999877929688,85.68000030517578,78.91000366210938,82.97000122070312,10118700,103.00449981689454,126.4515998840332,91.34094989776611,96.78353267471412,106.44220783766517,-9.658675162951042,-8.71312345755737,-0.9455517053936724,25.608810097449606,103.00449981689454,124.37844998288571,81.63054965090336,0.4150100277946396,-0.06884445182878574,-0.07132893921479756,0.802653927714454,9215390.0,1.0980218959805281,1
2022-01-06,81.0999984741211,83.68000030517578,74.36000061035156,78.88999938964844,10471300,100.66099967956544,125.0363998413086,91.38329990386963,94.37068125923827,104.5650071440693,-10.19432588483103,-9.009363943012103,-1.184961941818928,33.29650242159498,100.66099967956544,120.74874589421914,80.57325346491173,0.3991167637635054,0.019740974712964876,0.019548648686504584,0.7826752749538394,9345535.0,1.1204601983728057,0
2022-01-07,79.62000274658203,83.39099884033203,77.56400299072266,79.41999816894531,6723600,98.68549995422363,123.60599990844726,91.43359992980957,92.101346103445,102.71722904055173,-10.615882937106733,-9.330667741831029,-1.285215195275704,32.68848784869549,98.68549995422363,118.89636753725763,78.47463237118963,0.40960156441238155,-0.018249022877741772,-0.018417590238281385,0.762109715778658,9273160.0,0.7250602815005888,0
2022-01-10,78.23999786376953,78.75,71.7030029296875,76.75,10784400,96.86349983215332,121.93299987792969,91.4761999130249,89.96883098964877,100.90410080523453,-10.93526981558577,-9.651588156581978,-1.2836816590037916,32.70030572768874,96.86349983215332,117.5673101884882,76.15968947581845,0.4274842513890325,-0.017332389289219652,-0.017484353645300172,0.7589627833082072,9494800.0,1.135821712937608,1
2022-01-11,81.02999877929688,83.5999984741211,76.69999694824219,77.43000030517578,9699800,95.41699981689453,120.30359985351562,91.53139991760254,88.59362603421,99.43194509960952,-10.838319065399517,-9.888934338345486,-0.9493847270540314,28.193755352684192,95.41699981689453,116.30976407722648,74.52423555656259,0.4379254074310702,0.03565952187761123,0.03503844298480206,0.7764283418942117,9492970.0,1.021787701846735,0
2022-01-12,78.79000091552734,84.68000030517578,78.63999938964844,83.02999877929688,6972100,94.06800003051758,118.82619979858399,91.59339992523194,87.08537601595114,97.90291219708492,-10.817536181133775,-10.074654706903145,-0.7428814742306304,28.368939632989196,94.06800003051758,115.61983538179163,72.51616467924353,0.4582182111723901,-0.027644056491604507,-0.028033344530365784,0.7729993559893424,9264495.0,0.7525612567117798,0
2022-01-13,72.12999725341797,79.68699645996094,71.87999725341797,79.22000122070312,9484100,92.1254997253418,117.15099975585937,91.60044990539551,84.78454851402296,95.99380738644292,-11.209258872419966,-10.30157554000651,-0.9076833324134554,25.004306067528347,92.1254997253418,114.25469736538861,69.99630208529499,0.4804141677607537,-0.08452853896079693,-0.08831608844007839,0.7748900188208744,9185175.0,1.0325442901196766,0
2022-01-14,69.19000244140625,75.44000244140625,68.38999938964844,71.302001953125,8823600,90.62299995422363,115.31319976806641,91.58914993286133,82.38538757977423,94.00834035347725,-11.62295277370302,-10.565850986745813,-1.0571017869572064,17.629345857938375,90.62299995422363,114.71209962745971,66.53390028098755,0.5316332428942806,-0.04075966898601824,-0.041613629641104974,0.7113580332743907,8635990.0,1.02172420301552,0
2022-01-18,64.18000030517578,69.5999984741211,63.77000045776367,67.5999984741211,9907100,88.8935001373291,113.2263996887207,91.56309993743896,79.58455876829755,91.7988336832327,-12.214274914935146,-10.89553577238368,-1.3187391425514665,17.30736411013187,88.8935001373291,115.36846434933221,62.41853592532598,0.5956557942054859,-0.07240933602326727,-0.07516473835954632,0.73613246302613,8310635.0,1.192099039363418,1
2022-01-19,64.30000305175781,67.08999633789062,63.29999923706055,65.0999984741211,9083100,87.2400001525879,111.22779983520508,91.51959995269776,77.23308865806068,89.76188326608641,-12.528794608025734,-11.222187539512092,-1.3066070685136424,18.6068096703262,87.2400001525879,115.5528965113335,58.92710379384229,0.6490806123160174,0.001869784138538666,0.0018680382681047726,0.7400920390604723,8399900.0,1.0813343015988286,0
2022-01-20,62.79999923706055,69.27999877929688,59.209999084472656,65.2699966430664,22821400,85.19850025177001,109.21639991760254,91.47609994888306,75.0126133625222,87.76470667134376,-12.752093308821557,-11.528168693373985,-1.2239246154475723,8.954632103671301,85.19850025177001,114.40925054010364,55.98774996343638,0.6857104339163945,-0.02332820751952136,-0.023604617379378277,0.6706368668120365,9161385.0,2.4910425661622124,0
2022-01-21,57.630001068115234,64.14600372314453,57.36000061035156,62.79999923706055,13101300,83.02650032043456,107.21320007324219,91.41519996643066,72.33836531722882,85.53250625628979,-13.194140939060972,-11.861363142511383,-1.332777796549589,8.633654037929219,83.02650032043456,113.69206014718817,52.36094049368096,0.7386933017386539,-0.08232481260755031,-0.08591177734284658,0.7020454780646155,9597965.0,1.3650081032802266,1
2022-01-24,58.25,58.88999938964844,48.619998931884766,55.505001068115234,22026300,80.8810001373291,105.70760009765625,91.3528999710083,70.17092449919362,83.511579866935,-13.340655367741377,-12.157221587557382,-1.1834337801839947,10.814253377414289,80.8810001373291,112.20200792356485,49.55999235109335,0.774496055515024,0.010758266881722989,0.010700808463220997,0.7080460162578859,10473290.0,2.103092724444754,0
2022-01-25,54.52000045776367,58.400001525878906,52.70000076293945,55.22999954223633,11543900,78.3204999923706,103.76140007019043,91.28584997177124,67.76309003128132,81.36405546625564,-13.600965434974313,-12.44597035704077,-1.1549950779335436,12.41178224126466,78.3204999923706,109.460531377922,47.180468606819204,0.7951949078104666,-0.06403432690534472,-0.06617647722122591,0.6668422787493243,10644580.0,1.0844861892155444,1
2022-01-26,55.72999954223633,61.75,54.619998931884766,57.44599914550781,15526900,76.0185001373291,101.89619995117188,91.21394996643066,65.91184534065901,79.46523650892087,-13.553391168261854,-12.667454519284988,-0.8859366489768661,17.32564807691402,76.0185001373291,106.66263801772938,45.37436225692882,0.8062284266340685,0.022193673409999892,0.021950978142906526,0.693128108573934,11153745.0,1.3920795212728998,0
2022-01-27,51.0099983215332,57.83000183105469,48.16899871826172,57.400001525878906,17812100,73.65500011444092,99.95659980773925,91.12534994125366,63.61925349156273,77.35744108763289,-13.738187596070162,-12.881601134642024,-0.8565864614281384,11.978774976166576,73.65500011444092,104.3613455230546,42.94865470582725,0.8337884830874729,-0.08469408324911176,-0.08849693433731778,0.7210189633479822,11769370.0,1.5134285012706712,1
2022-01-28,59.709999084472656,59.900001525878906,50.779998779296875,53.47999954223633,27590000,71.44699993133545,98.12499992370606,91.0805499458313,63.0178297366258,76.05022316147289,-13.032393424847086,-12.911759592683037,-0.12063383216404944,28.724086315356942,71.44699993133545,99.21555353228123,43.67844633038968,0.777318953283774,0.17055481374652115,0.15747783619582997,0.973879237458133,12830980.0,2.150264438102156,1
2022-01-31,64.06999969482422,67.58999633789062,58.75,59.88999938964844,23037100,69.62250003814697,96.37199989318847,91.0522999382019,63.1797020378871,75.16279920098039,-11.98309716309329,-12.72602710676509,0.7429299436717987,35.76451983872347,69.62250003814697,93.9144402549553,45.33055982133864,0.6978186707888541,0.07301960604928848,0.07047673566176554,1.0341818312187874,13796390.0,1.669791880339712,1
2022-02-01,67.4800033569336,67.87000274658203,62.52000045776367,64.18000030517578,15394600,68.23600025177002,94.9389998626709,91.05959997177123,63.84128685620194,74.59370321253249,-10.75241635633055,-12.331304956678181,1.5788886003476321,36.55487841344953,68.23600025177002,89.33421548704546,47.13778501649459,0.6183895643774387,0.05322309471440256,0.05185507653708738,1.058029911910042,14143985.0,1.0884202719389195,0
2022-02-02,60.88999938964844,65.41000366210938,59.27000045776367,64.26000213623047,13944900,67.01000003814697,93.43359977722167,91.03904996871948,63.38724263057833,73.578614040467,-10.191371409888674,-11.90331824732028,1.711946837431606,33.649984257583014,67.01000003814697,86.70956222453722,47.31043785175672,0.5879588770385265,-0.0976586194346718,-0.10276235982821212,1.0523696171160186,13743315.0,1.0146678585188509,0
2022-02-03,57.4900016784668,60.9900016784668,56.5,56.9900016784668,9102400,65.90800018310547,92.11319976806641,90.98874996185303,62.47997479179193,72.38686497661514,-9.906890184823212,-11.504032634820867,1.597142449997655,35.78089205956944,65.90800018310547,85.11840027632864,46.6976000898823,0.5829459258315494,-0.05583836007985987,-0.057457898765639955,1.0444839684897358,13692500.0,0.6647726857768852,1
2022-02-04,62.75,64.55999755859375,56.63999938964844,58.470001220703125,14572100,64.99050025939941,90.81599975585938,90.95939994812012,62.52151713151625,71.67302312649551,-9.15150599497926,-11.033527306852545,1.8820213118732845,44.01486880776553,64.99050025939941,82.85123355993085,47.129766958867975,0.549641354636235,0.09149414103258513,0.08754752918088962,1.1046304447770054,13897540.0,1.0485380865966207,1
2022-02-07,63.02000045776367,68.83999633789062,62.0,63.0099983215332,13527000,64.16050014495849,89.42139976501466,90.90389993667603,62.598206874015844,71.03205848436723,-8.433851610351383,-10.513592167552313,2.07974055720093,48.81777452655114,64.16050014495849,80.64883761374448,47.672162676172505,0.5139716003314723,0.004302796139660003,0.004293565581019215,1.1054328759064915,14237710.0,0.9500825624345488,1
2022-02-08,65.25,65.9800033569336,61.630001068115234,62.0,10059300,63.51100025177002,87.98679985046387,90.84029993057251,63.00617504724418,70.60375785589558,-7.597582808651403,-9.930390295772131,2.3328074871207285,50.928275200892216,63.51100025177002,78.63071757018584,48.3912829333542,0.4761290881415284,0.03538558435477768,0.03477390260989014,1.1161855671640708,14201455.0,0.7083288296868173,1
2022-02-09,74.68000030517578,75.05999755859375,66.91000366210938,67.41999816894531,17479300,63.19350032806396,86.83739997863769,90.83184991836548,64.80214816384904,70.90570174102744,-6.103553577178403,-9.165022952053386,3.0614693748749833,60.050761935725774,63.19350032806396,76.97138439715505,49.415616258972875,0.436053834573629,0.14452107747395826,0.1349862765571649,1.2319179166939078,14590430.0,1.1979975915720098,0
2022-02-10,58.68000030517578,83.56999969482422,50.0,75.23999786376953,86940400,62.18800029754639,85.47739997863769,90.73919992446899,63.860279262514695,70.00009422726066,-6.139814964745966,-8.559981354591903,2.420166389845937,50.75075016101862,62.18800029754639,73.96302444909787,50.412976145994904,0.37869119750474,-0.21424745493595165,-0.24111336428450894,1.4445726366397555,18588845.0,4.6770200085051,0
2022-02-11,46.54999923706055,54.4900016784668,45.58100128173828,53.060001373291016,63024000,60.909000396728516,84.07699996948242,90.60184993743897,61.197159258598674,68.2630501539125,-7.065890895313828,-8.26116326273629,1.1952723674224615,42.81679772583355,60.909000396728516,73.65411404596732,48.16388674748971,0.41849689097584847,-0.206714400222069,-0.23157197114205977,1.5856960705541174,21265840.0,2.9636261723026225,0
2022-02-14,43.70000076293945,47.68000030517578,43.2400016784668,44.93000030517578,26759600,59.63450031280517,82.67599998474121,90.46784994125366,58.50528872080495,66.44356501384043,-7.938276293035479,-8.196585868796127,0.2583095757606486,43.284509062793916,59.63450031280517,73.90015869730513,45.368841928305216,0.4784364188404787,-0.06122445802001397,-0.0631788677732862,1.5914619991470467,22162640.0,1.2074193327148752,1
2022-02-15,44.79999923706055,45.20000076293945,42.119998931884766,45.0,27207400,58.665500259399415,81.42720001220704,90.35794994354248,56.39678264638273,64.84033791926414,-8.443555272881412,-8.245979749613184,-0.19757552326822747,43.20696104210411,58.665500259399415,74.20688422098021,43.124116297818624,0.5298304418393073,0.025171589357361412,0.02486000283092776,1.5846970985092708,23027655.0,1.1815097976758815,0
2022-02-16,42.91999816894531,44.5,41.86000061035156,44.130001068115234,15363900,57.59650001525879,80.0666000366211,90.26169994354248,54.32343118831544,63.216609048870154,-8.893177860554715,-8.375419371801492,-0.5177584887532234,44.788042976855685,57.59650001525879,74.39629579891758,40.7967042316,0.5833616896585067,-0.041964310270791616,-0.04287024729058245,1.586923500504529,23341695.0,0.6582169803863859,0
2022-02-17,37.66999816894531,43.0,37.5099983215332,42.150001525878906,21442100,56.339999961853025,78.36539993286132,90.16204994201661,51.7613645699508,61.324267502209054,-9.562902932258254,-8.612916083892845,-0.949986848365409,35.140237441231235,56.339999961853025,75.14101130791863,37.53898861578742,0.667412543798207,-0.12232060167697367,-0.13047390200427966,1.6320185359934758,23272730.0,0.9213401264054539,0
2022-02-18,37.33000183105469,38.38999938964844,35.900001525878906,37.42499923706055,14165500,55.325,76.55259994506837,90.07649995803833,49.54115491781293,59.546914489530955,-10.005759571718023,-8.891484781457882,-1.1142747902601418,30.938125109453637,55.325,75.93737267117567,34.71262732882434,0.7451377377740863,-0.009025653156811475,-0.00906663111920023,1.6155612875448306,23325940.0,0.6072852798215206,0
2022-02-22,36.40999984741211,38.5,36.04999923706055,36.310001373291016,12277500,54.23299999237061,74.89819999694824,89.9885499572754,47.52097721467434,57.833068960485114,-10.312091745810775,-9.175606174328461,-1.1364855714823143,27.036212445883024,54.23299999237061,76.44491895652111,32.02108102822011,0.8191292743265255,-0.024645109523601216,-0.024953883980460063,1.6125658347302474,22838500.0,0.537579087943604,0
2022-02-23,35.0,37.150001525878906,35.0,36.720001220703125,10933000,53.25699996948242,73.30459999084472,89.8785499572754,45.59467302780136,56.1417305189677,-10.547057491166335,-9.449896437696037,-1.0971610534702982,29.278051828349717,53.25699996948242,77.073309210612,29.440690728352845,0.894391695167843,-0.038725620799812455,-0.039495396507104735,1.605496251647654,22807955.0,0.4793502968591441,1
2022-02-24,38.709999084472656,38.939998626708984,32.290000915527344,32.70000076293945,18017300,52.405999946594235,71.87959999084472,89.79484994888305,44.53549242113541,54.850491153449546,-10.314998732314137,-9.622916896619657,-0.6920818356944807,35.043004061577406,52.405999946594235,77.05210253145195,27.759897361736517,0.9405832389411135,0.10599997384207582,0.10074987944921676,1.6591963567427972,22932475.0,0.7856674868281771,1
2022-02-25,39.189998626708984,40.20000076293945,37.150001525878906,38.02000045776367,9912600,51.814999961853026,70.54800003051758,89.74169994354249,43.713108760454425,53.69045466998728,-9.977345909532858,-9.693802699202298,-0.28354321033055996,29.68965265271764,51.814999961853026,77.15904325939536,26.470956664310695,0.9782512135945575,0.012399885135333522,0.012323636231035615,1.6389669513269416,22537500.0,0.4398269550748752,1
2022-02-28,41.84000015258789,43.400001525878906,38.63999938964844,39.060001373291016,18664000,50.921500015258786,69.16519996643066,89.709049949646,43.424938205398036,52.812643224253996,-9.38770501885596,-9.632583163133031,0.24487814427707022,32.46107877722963,50.921500015258786,76.35345375616876,25.489546274348804,0.9988689937762719,0.06761933194028913,0.0654312462339395,1.5273117330562611,22091200.0,0.8448613022379953,1
2022-03-01,42.36000061035156,43.4900016784668,40.25,41.599998474121094,10326200,49.83600006103516,68.0276000213623,89.65084995269775,43.26110165231396,52.03837340100196,-8.777271748688001,-9.461520880244025,0.6842491315560242,30.492585559884702,49.83600006103516,74.75302156443105,24.918978557639267,0.9999607301099411,0.012428309174647767,0.012351711738277156,1.4969119716077957,21455655.0,0.4812810422240663,0
2022-03-02,41.79999923706055,43.0,39.439998626708984,42.90999984741211,8284600,48.5519998550415,66.88820007324219,89.60684995651245,43.0363166653519,51.27997531478408,-8.243658649432184,-9.217948434081658,0.9742897846494731,16.98795022907717,48.5519998550415,72.25795575428742,24.846043955795583,0.9765182060480816,-0.013220051114781306,-0.013308213863312266,1.47457837752276,21100155.0,0.3926321868251679,0
2022-03-03,39.099998474121094,42.58000183105469,38.810001373291016,42.26499938964844,7885300,47.46249980926514,65.72279998779297,89.54414995193481,42.43072925131639,50.3777548080683,-7.94702555675191,-8.963763858615708,1.016738301863798,23.17807968348673,47.46249980926514,70.7806315833284,24.14436803520188,0.9825918090185101,-0.06459332086651304,-0.06677389331228704,1.4558297452005435,20797175.0,0.3791524570043768,0
2022-03-04,35.81999969482422,40.099998474121094,35.23500061035156,38.79999923706055,7702900,46.37899971008301,64.3666000366211,89.47099994659423,41.41369393493298,49.29940257745763,-7.885708642524648,-8.748152815397496,0.8624441728728485,30.59674424873981,46.37899971008301,69.74906646531554,23.008932954850476,1.0077865801901618,-0.0838874400843721,-0.0876160398534212,1.468931452523726,20727200.0,0.37163244432436604,0
2022-03-07,33.560001373291016,37.779998779296875,32.95000076293945,36.130001068115234,8160300,44.91949977874756,63.01640007019043,89.36434995651246,40.205433540834214,48.13352100677862,-7.928087465944408,-8.584139745506878,0.6560522795624699,31.26385753048939,44.91949977874756,67.62110817323422,22.217891384260895,1.0107685306516843,-0.06309319767693244,-0.06517146559338631,1.4161615781897166,20406610.0,0.39988513525764446,1
2022-03-08,34.279998779296875,36.220001220703125,31.780000686645508,33.61000061035156,8646500,43.48249969482422,61.67879997253418,89.26894994735717,39.293828192905394,47.10733417511331,-7.813505982207914,-8.430012992847086,0.6165070106391717,30.28485411998082,43.48249969482422,64.96564282672051,21.999356562927936,0.9881282484987152,0.02145403386600786,0.02122713560032634,1.4224509827480254,20162585.0,0.42883886168365815,1
2022-03-09,36.79999923706055,37.2400016784668,34.64899826049805,35.13999938964844,7208900,42.05999965667725,60.30019989013672,89.18719993591309,38.9101621996985,46.3438278834057,-7.433665683707204,-8.23074353101911,0.7970778473119058,38.7994146142303,42.05999965667725,61.103481481634184,23.016517831720314,0.9055388483310974,0.07351226801342836,0.07093576632303229,1.4504133920989608,20020065.0,0.36008374598184373,0
2022-03-10,36.54999923706055,37.33000183105469,34.47999954223633,36.18000030517578,5854400,40.153499603271484,58.9957999420166,89.09974992752075,38.547060205446506,45.61835909478754,-7.071298889341037,-7.998854602683496,0.9275557133424588,47.49104135614564,40.153499603271484,51.54332205303483,28.763677153508137,0.5673140604080928,-0.006793478401712294,-0.006816659120903819,1.3098341524401358,19438820.0,0.3011705443025863,0
2022-03-11,30.860000610351562,37.060001373291016,30.780000686645508,37.0,14113800,38.76249961853027,57.647399978637694,88.96904993057251,37.36443565235497,44.52514735519969,-7.160711702844722,-7.831226022715741,0.6705143198710193,38.30863453405545,38.76249961853027,46.9786395682574,30.54635966880314,0.4239220912265128,-0.1556771202594036,-0.16922029860883583,1.2145403731546551,15797490.0,0.8934204104576107,0
2022-03-14,26.219999313354492,29.850000381469727,26.020000457763672,29.81999969482422,22636100,37.74599962234497,56.09439990997314,88.81369992256164,35.64990698481643,43.16921046321116,-7.5193034783947255,-7.768841513851538,0.24953803545681286,33.76871399909548,37.74599962234497,46.884147058703505,28.60785218598643,0.48419157144000574,-0.1503564875316511,-0.16293841456539465,1.1175645185961407,13778095.0,1.6429049153747306,1
2022-03-15,28.329999923706055,28.399999618530273,26.059999465942383,26.729999542236328,11438600,36.9774995803833,54.64979995727539,88.65129991531371,34.5237674369533,42.07000968250708,-7.546242245553778,-7.724321660191986,0.17807941463820853,39.60735362881567,36.9774995803833,46.580693486071205,27.3743056746954,0.5194074242262953,0.0804729468195251,0.07739885900168045,1.1700264379047407,13012045.0,0.87907780829224,1
2022-03-16,33.34000015258789,33.369998931884766,28.809999465942383,29.139999389648438,18707700,36.40449962615967,53.412399978637694,88.50539991378784,34.341649393204776,41.42334230992047,-7.081692916715696,-7.595795911496728,0.514102994781032,41.9586717130196,36.40449962615967,45.390156675753424,27.418842576565915,0.49365639642725984,0.1768443431829858,0.16283657074998842,1.3548357122444157,12587060.0,1.48626446525241,1
2022-03-17,36.75,36.9900016784668,32.68899917602539,32.79999923706055,15254700,36.0959997177124,52.439199905395505,88.36294992446899,34.71216487117327,41.07716880548192,-6.365003934308646,-7.349637516059111,0.9846335817504652,46.64097102531543,36.0959997177124,44.54758144807054,27.644417987354267,0.46828356584959313,0.10227953904635534,0.09738034375947628,1.407105126032586,12581600.0,1.2124610542379348,1
2022-03-18,40.709999084472656,41.130001068115234,36.380001068115234,36.650001525878906,20081900,36.24799976348877,51.66279991149902,88.25029991149903,35.634908596296256,41.049971048370125,-5.415062452073869,-6.962722503262063,1.5476600511881946,48.49853687138843,36.24799976348877,44.92511181085429,27.570887716123252,0.47876363407537004,0.10775507712850763,0.10233551436703772,1.3872997394707003,12513590.0,1.6048072535539362,1
2022-03-21,41.959999084472656,44.29999923706055,39.5099983215332,39.540000915527344,16397900,36.479499626159665,50.87999992370605,88.161849899292,36.60799944063108,41.11738053252587,-4.509381091894788,-6.472054220988609,1.9626731290938206,49.47862153376897,36.479499626159665,45.51769533667406,27.44130391564527,0.49552191247892285,0.030704987180330434,0.030243021683162535,1.3881765120420135,12625210.0,1.298821960189177,1
2022-03-22,43.5,43.650001525878906,39.79999923706055,40.1349983215332,11574000,36.83399963378906,50.15759986877441,88.08204990386963,37.66830721899553,41.29387086344988,-3.6255636444543526,-5.902756105681758,2.277192461227405,52.160651907969395,36.83399963378906,46.40139881020359,27.266600457374537,0.5194873905378459,0.036701643210884205,0.03604417638559235,1.3852255260402089,12590035.0,0.9192984769303659,1
2022-03-23,44.11000061035156,47.22999954223633,42.470001220703125,42.73400115966797,14206000,37.28949966430664,49.47499992370606,87.99014989852905,38.65933697151184,41.50247306692408,-2.843136095412241,-5.290832103627855,2.4476960082156136,56.7248357708654,37.28949966430664,47.3442852047162,27.234714123897078,0.5392824055525723,0.014023002536817541,0.013925589859243706,1.3718980426064076,12753685.0,1.1138741469622309,1
2022-03-24,44.79999923706055,46.36000061035156,42.599998474121094,44.27000045776367,11202100,37.59399967193603,48.75039993286133,87.91284990310669,39.60405424313471,41.74673426471197,-2.142680021577256,-4.661201687217735,2.5185216656404794,62.95441513288157,37.59399967193603,48.18450448957393,27.003494854298133,0.5634146358491207,0.015642680053535418,0.01552159443715866,1.3294402750743508,12412925.0,0.9024544980332999,0
2022-03-25,42.15999984741211,44.7599983215332,40.31999969482422,44.63999938964844,12513900,37.74249973297119,48.017799911499026,87.80524990081787,39.99727664379277,41.77734653009716,-1.7800698863043891,-4.084975327035066,2.3049054407306766,62.27168833572387,37.74249973297119,48.50905968756369,26.975939778378688,0.5705271262246058,-0.05892855880820003,-0.060736221777191346,1.3521543035182553,12542990.0,0.9976807762742377,1
2022-03-28,43.25,44.25,40.92100143432617,42.4900016784668,5959500,37.8129997253418,47.44019996643066,87.6815998840332,40.49769562167081,41.88643197231219,-1.3887363506413806,-3.5457275317563286,2.156991181114948,62.665915361983096,37.8129997253418,48.71020368820641,26.91579576247718,0.5763734187722455,0.025853893655903182,0.025525332764038733,1.3354029205941376,11907765.0,0.5004717509960938,1
2022-03-29,48.150001525878906,48.96900177001953,44.099998474121094,44.36000061035156,14644800,38.10249977111816,47.01939994812012,87.57764987945556,41.67497345308744,42.35040008739121,-0.6754266343037685,-2.9716673522658166,2.296240717962048,65.01720298206558,38.10249977111816,49.78748961310846,26.417509929127856,0.6133450514891188,0.11329483296829834,0.10732393655635795,1.3896831035437334,12123695.0,1.2079485668354408,0
2022-03-30,46.75,51.4900016784668,46.0,47.70000076293945,20804700,38.349999809265135,46.6707999420166,87.47509986877441,42.45574676799706,42.67629637721408,-0.2205496092170165,-2.4214438036560564,2.20089419443904,63.09707257759881,38.349999809265135,50.562528524227346,26.13747109430292,0.6368985019922601,-0.029075835545435136,-0.029506914199550326,1.3943439078508884,12749700.0,1.6317795712840302,0
2022-03-31,46.279998779296875,48.849998474121094,45.40999984741211,46.869998931884766,12295200,38.70899982452393,46.310399856567386,87.36944984436035,43.04409323127396,42.94323729588688,0.10085593538708082,-1.916983855847429,2.01783979123451,72.8647625537969,38.70899982452393,51.42606328160054,25.991936367447316,0.6570597801403161,-0.010053502047125629,-0.010104379785692506,1.3692189943139856,12970195.0,0.9479579913794666,1
2022-04-01,46.61000061035156,47.33000183105469,44.33000183105469,46.61000061035156,10532400,39.24849987030029,45.986599884033204,87.25554985046386,43.59269436651667,43.21484939325463,0.3778449732620359,-1.4580180900255362,1.835863063287572,84.66507554519453,39.24849987030029,52.35892862232518,26.138071118275402,0.668072858598383,0.007130549692285548,0.007105247530509063,1.321950546959151,13111670.0,0.8032844023682719,1
2022-04-04,47.70000076293945,48.459999084472656,46.119998931884766,47.22999954223633,7452000,39.95549983978272,45.787999877929686,87.15314985275269,44.22458765827402,43.5470828280461,0.6775048302279174,-1.0309135059748455,1.708418336202763,84.11412002749968,39.95549983978272,53.297303930250116,26.61369574931532,0.6678331716017373,0.02338554255126546,0.023116290409320648,1.28802384930774,13076255.0,0.5698879380984846,0
2022-04-05,43.84000015258789,48.95000076293945,43.16999816894531,47.65999984741211,9357600,40.43349990844727,45.49979988098144,87.05334985733032,44.16542034970692,43.56878040764178,0.5966399420651385,-0.7054028163668488,1.3020427584319871,69.27312386672425,40.43349990844727,53.603050889280986,27.263948927613548,0.651417810016608,-0.08092244336714127,-0.08438476776850994,1.3377532946975577,13111810.0,0.713677211613042,0
2022-04-06,40.869998931884766,42.59000015258789,38.97999954223633,42.59000015258789,14218200,40.636999893188474,45.22679985046387,86.94044984817505,43.658432439272744,43.368870668696815,0.28956177057592924,-0.5064098989782932,0.7959716695542225,57.68656320204468,40.636999893188474,53.695459996789765,27.578539789587182,0.6426881973533748,-0.06774637797367355,-0.07015037467859414,1.350819651964044,13462275.0,1.0561513562900773,0
2022-04-07,38.70000076293945,41.689998626708984,37.03499984741211,40.93000030517578,9989800,40.74449996948242,44.88619987487793,86.8081498336792,42.89559679675993,43.02302845345553,-0.12743165669559886,-0.4306142505217544,0.30318259382615553,45.98161166879162,40.74449996948242,53.696259226182704,27.792740712782138,0.6357549738689214,-0.05309513642419961,-0.05455665169179552,1.3677676381850046,13669045.0,0.730833792704611,0
2022-04-08,37.58000183105469,39.5,37.29999923706055,38.33000183105469,5944500,41.08050003051758,44.617599945068356,86.6643998336792,42.0778129558822,42.61984129624065,-0.5420283403584492,-0.4528970684890934,-0.08913127186935577,41.19775644328,41.08050003051758,53.27934486214311,28.88165519889204,0.593899530072095,-0.02894054030503579,-0.029367577040435515,1.2362251297960483,13260580.0,0.4482835592409985,1
2022-04-11,37.70000076293945,39.52000045776367,35.68000030517578,36.400001525878906,11789700,41.65450010299683,44.177399978637695,86.5308998298645,41.40430338773716,42.25540866414426,-0.8511052764071039,-0.5325387100726955,-0.3185665663344084,37.63853682800319,41.65450010299683,51.8200755975458,31.488924608447853,0.4880901448541265,0.0031931592878635673,0.0031880719815874027,1.0774901357564597,12718260.0,0.9269900127847678,0
2022-04-12,37.47999954223633,40.310001373291016,36.9900016784668,39.20600128173828,9102600,42.11200008392334,43.64559997558594,86.39614982604981,40.800564334583186,41.90167465511404,-1.1011103205308572,-0.6462530321643278,-0.4548572883665294,35.63068907774789,42.11200008392334,50.40350391103063,33.82049625681605,0.3937834256546106,-0.00583557602787621,-0.005852669534409405,1.0570572784587748,12601460.0,0.7223448711498509,1
2022-04-13,38.400001525878906,38.81999969482422,36.599998474121094,37.02000045776367,5279100,42.36500015258789,43.06399993896484,86.25584983825684,40.43124697939791,41.642291460355885,-1.2110444809579732,-0.759211321923057,-0.4518331590349163,36.2661033795752,42.36500015258789,49.793376605518105,34.93662369965767,0.35068459465006985,0.024546477985033732,0.024250054173434017,0.8719368971751258,11930030.0,0.442505173918255,0
2022-04-14,35.189998626708984,38.34000015258789,35.04999923706055,38.290000915527344,5968100,42.28700008392334,42.54999992370605,86.09504983901978,39.62490107898423,41.164343843048705,-1.539442764064475,-0.9152576103513406,-0.6241851537131344,35.40008757658957,42.28700008392334,49.991263147410336,34.58273702043634,0.3643797407334176,-0.08359382217749667,-0.08729558702165317,0.8562625085977597,11465700.0,0.5205177180634414,1
2022-04-18,35.209999084472656,36.29999923706055,34.279998779296875,35.27000045776367,8352200,42.01200008392334,42.104399871826175,85.92924982070923,38.94568538752091,40.72328126833936,-1.7775958808184527,-1.087725264444763,-0.6898706163736896,32.36842730478713,42.01200008392334,50.32209464812223,33.70190551972445,0.3956057577643822,0.0005683563098661804,0.0005681948565911265,0.7545205276757659,10879215.0,0.7677208327990577,1
2022-04-19,37.029998779296875,37.459999084472656,34.709999084472656,35.0,6336900,41.76550006866455,41.58999984741211,85.7700498008728,38.65096437087106,40.44970478766955,-1.7987404167984948,-1.2299282949155095,-0.5688121218829854,21.805279523170796,41.76550006866455,50.369371023165066,33.161629114164036,0.4120085209254205,0.05168985351172095,0.050398254795224876,0.7716017596334179,10376165.0,0.6107169652757064,0
2022-04-20,34.7599983215332,36.790000915527344,34.599998474121094,36.75,5511800,41.328499984741214,41.0247998046875,85.60389980316162,38.05235420943446,40.02824504943723,-1.9758908400027693,-1.3791208039329614,-0.5967700360698078,20.883931163545228,41.328499984741214,50.43460564503824,32.22239432444419,0.44066954589007906,-0.061301661695781884,-0.06326110985039007,0.7795488885900467,10073055.0,0.5471825578238181,0
2022-04-21,32.900001525878906,36.5,32.130001068115234,35.57500076293945,6706900,40.76800003051758,40.37779983520508,85.44694980621338,37.25968456581053,39.50022701065513,-2.2405424448446,-1.551405132115289,-0.6891373127293108,19.56325020487941,40.76800003051758,50.5109613006149,31.02503876042025,0.4779710195645637,-0.053509691756862376,-0.05499454795925972,0.7887403915695329,9698100.0,0.6915684515523659,0
2022-04-22,31.15999984741211,33.79999923706055,30.344999313354492,33.060001373291016,8930800,40.08600006103516,39.507399826049806,85.2827997970581,36.32127153221077,38.88243240597046,-2.5611608737596896,-1.7533562804441694,-0.8078045933155202,16.973068306230616,40.08600006103516,50.52529141352137,29.646708708548942,0.5208447506157409,-0.05288758655825965,-0.05433748804499125,0.7927913252377903,9584535.0,0.9317927265120322,1
2022-04-25,32.470001220703125,32.9900016784668,31.139999389648438,31.5,8258600,39.60150012969971,38.98319984436035,85.10889980316162,35.72876840736345,38.40743750335806,-2.6786690959946142,-1.9384188435542584,-0.7402502524403558,17.746724507009844,39.60150012969971,50.5237755652509,28.679224694148516,0.551609176408945,0.04204112258363235,0.041181407603921104,0.8026013286735443,9371770.0,0.8812209433223394,0
2022-04-26,30.18000030517578,32.43899917602539,29.670000076293945,32.25,5946100,38.9480001449585,38.655799865722656,84.9347998046875,34.875111776257654,37.79799771090011,-2.9228859346424585,-2.1353122617718983,-0.7875736728705602,19.01089628923846,38.9480001449585,50.497147676192654,27.398852613724348,0.5930547133742422,-0.07052666552002529,-0.07313716025799517,0.8155004763225532,9371100.0,0.6345146247505629,0
2022-04-27,29.360000610351562,31.360000610351562,28.219999313354492,30.25,7161500,38.00850009918213,38.3689998626709,84.7905498123169,34.02663313534902,37.172960888637256,-3.146327753288233,-2.3375153600751655,-0.8088123932130675,21.06587112309157,38.00850009918213,49.46246324008392,26.55453695828034,0.6027053480675633,-0.027170301077949044,-0.02754623891670217,0.655531036769877,8996935.0,0.795993302163459,1
2022-04-28,31.209999084472656,31.719999313354492,28.420000076293945,30.5,7581300,37.23150005340576,38.09719985961914,84.6627998161316,33.593304819829584,36.731260014254694,-3.1379551944251105,-2.4976033269451543,-0.6403518674799562,30.86356582710205,37.23150005340576,48.29018803464746,26.172812072164064,0.5940500901322185,0.06301084590130546,0.061105302413409085,0.7233292291184193,8335765.0,0.9094906106398153,0
2022-04-29,28.700000762939453,32.720001220703125,28.584999084472656,30.979999542236328,7276800,36.35250015258789,37.81279991149902,84.5190498161316,32.84048881107726,36.136351921564675,-3.295863110487417,-2.657255283653607,-0.6386078268338102,28.816794275188514,36.35250015258789,47.17506516428264,25.529935140893144,0.5954234215675701,-0.08042288994433056,-0.08384137759943325,0.7542525923879273,8084845.0,0.9000543609679592,1
2022-05-02,30.360000610351562,30.430999755859375,27.850000381469727,28.739999771118164,6470000,35.54000015258789,37.66659996032715,84.38334981918335,32.458875241734845,35.70847404666,-3.2495988049251565,-2.7757239879079174,-0.4738748170172391,33.688891315224325,35.54000015258789,45.52786857199808,25.55213173317771,0.5620634989605031,0.05783971440013613,0.05622882328240403,0.8007369936041576,7881725.0,0.8208862907548792,0
2022-05-03,30.100000381469727,31.780000686645508,29.6299991607666,30.149999618530273,4831400,34.6600001335144,37.52199993133545,84.25454981803894,32.09597141707867,35.2930315529422,-3.1970601358635307,-2.85999121749904,-0.3370689183644906,33.62910772735884,34.6600001335144,43.12153142358526,26.198468843443543,0.4882591608468577,-0.008563907235007995,-0.008600788202992605,0.7856753548134316,7750695.0,0.6233505511441232,1
2022-05-04,31.760000228881836,31.950000762939453,27.959999084472656,30.049999237060547,8150800,34.0560001373291,37.42899993896484,84.12629981994628,32.04428354197147,35.031325528937735,-2.9870419869662683,-2.8854013713924855,-0.10164061557378279,35.73882925010804,34.0560001373291,41.410618594782264,26.701381679875936,0.4319132269083883,0.05514949589283202,0.05368245915729899,0.7977412315240452,7690355.0,1.0598730487734311,0
2022-05-05,27.020000457763672,30.729999542236328,26.510000228881836,30.450000762939453,9309200,33.36350021362305,37.26939994812012,83.95824981689454,31.271316913631807,34.4378940421841,-3.166577128552291,-2.9416365228244468,-0.22494060572784402,33.534867043718506,33.36350021362305,40.62425338815285,26.10274703909324,0.43525128526922846,-0.14924432421155065,-0.1616302941118285,0.9135583740181789,7444905.0,1.250412194648555,0
2022-05-06,24.950000762939453,26.809999465942383,23.420000076293945,26.809999465942383,10476300,32.67600021362305,36.994199981689455,83.78799982070923,30.298806736602213,33.735087132610424,-3.436280396008211,-3.0405652974611996,-0.3957150985470115,30.900968828125144,32.67600021362305,40.39840315347301,24.953597273773084,0.4726651297199095,-0.07660990598649098,-0.07970349669745051,0.9289322364447156,7469230.0,1.402594377198185,0
2022-05-09,20.59000015258789,24.530000686645508,20.399999618530273,24.440000534057617,14192700,31.826500129699706,36.62220001220703,83.59749982833863,28.805144185215397,32.761376985942086,-3.9562328007266885,-3.2236987981142975,-0.732534002612391,22.040816485410147,31.826500129699706,40.89765530241499,22.755344956984423,0.5700378700610127,-0.17474951811736517,-0.19206832432578813,1.079474193246188,7881640.0,1.8007292898432306,0
2022-05-10,18.190000534057617,20.645000457763672,16.55500030517578,18.81999969482422,27811800,30.851000118255616,36.14920001983643,83.39134984016418,27.172045161960355,31.68201576728398,-4.509970605323623,-3.480953159556163,-1.0290174457674603,21.943786754654028,30.851000118255616,41.34693339470296,20.355066841808277,0.6804274244734471,-0.1165614182003114,-0.12393350656048722,1.117603354362432,8682745.0,3.2031114584155125,0
2022-05-11,14.630000114440918,17.65999984741211,14.489999771118164,17.350000381469727,22370100,29.708500146865845,35.59460000991821,83.1669998407364,25.24249977003429,30.418903496703013,-5.176403726668724,-3.8200432729786753,-1.3563604536900487,20.74927774363897,29.708500146865845,41.98901965370979,17.4279806400219,0.8267343989857732,-0.19571194695410898,-0.21779779903560872,1.2509763359815602,9346120.0,2.3935173098569247,1
2022-05-12,18.040000915527344,19.3700008392334,13.640000343322754,14.140000343322754,52004500,28.690500116348268,35.11940004348755,82.95129984378815,24.13442302318707,29.50194774994926,-5.367524726762191,-4.129539563735379,-1.2379851630268126,30.06079166564004,28.690500116348268,41.30826707032461,16.072733162371925,0.8795780417077187,0.23308275970008352,0.2095173425299505,1.5765232010990797,11682390.0,4.451529181956774,1
2022-05-13,23.709999084472656,25.31999969482422,21.209999084472656,24.829999923706055,85159400,28.11650013923645,34.81160005569458,82.76554983615875,24.06912703261562,29.072914515469513,-5.003787482853895,-4.304389147559082,-0.6993983352948128,38.24476250768558,28.11650013923645,40.53219982671553,15.700800451757377,0.883161106538507,0.31430143465597316,0.27330529607943127,1.984855487519338,15641955.0,5.444293887816452,0
2022-05-16,22.950000762939453,25.520000457763672,22.200000762939453,23.649999618530273,32557300,27.50350022315979,34.55420007705688,82.59869984149933,23.896953760357746,28.619365348615432,-4.722411588257685,-4.387993635698803,-0.3344179525588826,39.88245061191309,27.50350022315979,39.65231610258596,15.354684343733625,0.8834378010691198,-0.03205391610626063,-0.0325788917136575,1.9853891396735655,16852210.0,1.9319305895191194,1
2022-05-17,25.239999771118164,25.329999923706055,22.81999969482422,23.739999771118164,23092900,26.914000272750854,34.38780004501343,82.40134984493255,24.10357622355166,28.369041972504526,-4.265465748952867,-4.363488058349616,0.09802230939674939,44.46236344124725,26.914000272750854,38.23225995177451,15.595740593727202,0.8410685564629985,0.09978208854252801,0.09511205885469103,2.01366668895766,17690010.0,1.3054204039455037,0
2022-05-18,24.450000762939453,27.5,23.780000686645508,24.530000686645508,28757100,26.398500394821166,34.19120008468628,82.19024985790253,24.156872306534396,28.078742623647855,-3.9218703171134592,-4.2751645101023845,0.3532941929889253,40.64748269782742,26.398500394821166,37.13639263127994,15.660608158362392,0.8135228953054714,-0.031299485552400697,-0.03179978147984563,2.006669894309738,18852275.0,1.5253914978430985,1
2022-05-19,25.709999084472656,27.059999465942383,23.3799991607666,24.190000534057617,21057200,26.039000272750854,33.96940008163452,81.97769984722137,24.395814887755666,27.90328013926451,-3.507465251508844,-4.121624658383677,0.6141594068748333,45.715101431441084,26.039000272750854,36.33264446741773,15.74535607808398,0.7906328266710692,0.05153367207427939,0.05024973854307319,2.0112408171480514,19569790.0,1.076005414467912,0
2022-05-20,24.81999969482422,26.18000030517578,22.781999588012695,26.06999969482422,15130400,25.72200026512146,33.7348000907898,81.76599982738495,24.461074088843134,27.674888995231896,-3.2138149063887624,-3.9400627079846946,0.7262478015959322,41.8815914155431,25.72200026512146,35.738379713951225,15.70562081629169,0.7788180814547138,-0.034616858084057456,-0.03523021818711956,2.0065054262966315,19879770.0,0.7610953245434932,0
2022-05-23,24.520000457763672,25.549999237060547,23.520000457763672,24.780000686645508,13139500,25.324500226974486,33.608000087738034,81.55274983882904,24.470139684061678,27.44119354801203,-2.9710538639503525,-3.7462609391778265,0.775207075227474,41.83255094425505,25.324500226974486,34.83135629075437,15.817644163194597,0.7508030546366814,-0.012086996001176686,-0.012160637743899812,1.9992040207459152,20123815.0,0.6529328559221996,0
2022-05-24,20.760000228881836,23.899999618530273,19.959999084472656,23.75,18930800,24.85350022315979,33.498800106048584,81.32714985370636,23.899348998649394,26.94629033918757,-3.046941340538176,-3.6063970194498967,0.5594556789117209,34.83176745028412,24.85350022315979,34.28054354134643,15.426456904973154,0.7586089068775936,-0.1533442152808493,-0.16646106041417755,2.055079884632623,20773050.0,0.9113153821899047,1
2022-05-25,23.020000457763672,23.079999923706055,20.430999755859375,20.770000457763672,13812700,24.536500215530396,33.39260011672974,81.11444986820221,23.764064607743897,26.65545405167469,-2.891389443930791,-3.463395504346076,0.5720060604152848,44.07933566886659,24.536500215530396,33.749441202474046,15.323559228586747,0.7509580344398352,0.10886320828347906,0.10333535385638859,2.0970835082667683,21105610.0,0.6544563270144762,1
2022-05-26,28.020000457763672,28.469999313354492,22.523000717163086,22.829999923706055,30425600,24.377000284194946,33.28620012283325,80.91144985675811,24.418823969285402,26.756531563236834,-2.337707593951432,-3.2382579222671475,0.9005503283157155,54.18142229626009,24.377000284194946,33.20592666536117,15.548073903028724,0.724365285165176,0.21720242834807202,0.19655513406668101,2.2297435457557637,22247825.0,1.367576381061969,1
2022-05-27,30.350000381469727,30.8700008392334,28.139999389648438,28.139999389648438,26710000,24.45950026512146,33.158200130462646,80.72549985408783,25.33131264808299,27.022714438661495,-1.6914017905785066,-2.9288866959294193,1.2374849053509127,64.07151425913901,24.45950026512146,33.48711278443962,15.4318877458033,0.7381681899847539,0.08315488528339654,0.07987797282863218,2.2235583937125702,23219485.0,1.1503269775363234,0
2022-05-31,28.5,31.079999923706055,27.729999542236328,30.68000030517578,19969900,24.366500234603883,32.91400014877319,80.53824986934661,25.818803009916373,27.132142998760642,-1.3133399888442696,-2.6057773545123895,1.2924373656681198,65.10401618513882,24.366500234603883,33.17380875130846,15.559191717899306,0.7229030375233739,-0.06095553074850202,-0.06289244279992132,2.230909516393443,23894480.0,0.8357536970881978,0
2022-06-01,24.31999969482422,28.770000457763672,23.760000228881836,28.739999771118164,27491100,24.077500200271608,32.56120016098023,80.3418998670578,25.58821788451758,26.92383608735794,-1.3356182028403616,-2.351745524177984,1.0161273213376223,63.9424481178431,24.077500200271608,32.461820951520906,15.693179449022306,0.696444454906886,-0.14666667737458883,-0.15860504272498493,2.295674695455398,25027465.0,1.098437256829647,1
2022-06-02,26.420000076293945,26.68000030517578,23.801000595092773,23.940000534057617,18259800,23.810500192642213,32.219600162506104,80.15649986743927,25.716184375560097,26.886514901353202,-1.170330525793105,-2.115462524501008,0.945131998707903,62.52990570999499,23.810500192642213,31.473819283676214,16.14718110160821,0.6436924070500692,0.08634870097949254,0.08282225743229384,2.3084390238023227,25532915.0,0.715147487076975,0
2022-06-03,25.100000381469727,26.18000030517578,24.459999084472656,25.18000030517578,11418100,23.714500188827515,31.839400157928466,79.95859986782074,25.621386838007734,26.754180492472944,-1.1327936544652104,-1.9189287504938486,0.7861350960286382,52.38913984723505,23.714500188827515,31.255661363590193,16.173339014064837,0.6359957928453837,-0.049962138191234295,-0.05125344064617859,2.2491497441002117,25638360.0,0.44535219881458876,0
2022-06-06,23.719999313354492,26.290000915527344,23.399999618530273,25.670000076293945,20033400,23.653000116348267,31.417800159454345,79.75989986896515,25.32886568036877,26.52942633105676,-1.20056065068799,-1.7752551305326771,0.5746944798446871,51.29585766337251,23.653000116348267,31.171765478969757,16.134234753726776,0.6357557456252442,-0.05498012140007902,-0.05654931615416656,2.2399705844266897,26116215.0,0.7670866547851594,1
2022-06-07,24.350000381469727,24.639999389648438,21.829999923706055,22.850000381469727,17459700,23.84100012779236,31.0616001701355,79.55784986019134,25.178271018999688,26.367987371828093,-1.1897163528284054,-1.658147374991823,0.4684310221634176,48.41354828189702,23.84100012779236,31.224098397015347,16.45790185856937,0.6193614554463451,0.026559910891757132,0.02621332001313795,2.1353865035414845,26279565.0,0.6643831433282856,0
2022-06-08,23.329999923706055,24.920000076293945,22.719999313354492,23.25,15577600,24.09800009727478,30.66320016860962,79.33594986438752,24.893921619723745,26.142951264559795,-1.2490296448360496,-1.5763238289606682,0.32729418412461864,48.01980054448463,24.09800009727478,30.994673748057778,17.201326446491784,0.5723855608717451,-0.041889135186210846,-0.042791782431575595,2.0895718526523925,25667855.0,0.6068913822366536,0
2022-06-09,21.18000030517578,23.229999542236328,20.75,22.81999969482422,12166500,24.425500106811523,30.123800144195556,79.09919987201691,24.32254910979329,25.775325267568384,-1.4527761577750944,-1.5516142947235536,0.09883813694845922,42.23517574349648,24.425500106811523,29.90572454233249,18.945275671290556,0.44872976287537303,-0.09215600623922926,-0.0966827281811935,1.9768363166576226,25157675.0,0.4836098725339285,0
2022-06-10,20.440000534057617,21.139999389648438,19.420000076293945,20.520000457763672,16386000,24.545500087738038,29.59760015487671,78.83784987926484,23.725233944295493,25.380116028049066,-1.6548820837535736,-1.5722678525295577,-0.0826142312240159,42.45348241936704,24.545500087738038,29.518642509874805,19.57235766560127,0.4052182603214634,-0.03493861003096066,-0.03556356311837062,1.8268729849637568,23376750.0,0.7009528698386217,0
2022-06-13,17.920000076293945,19.670000076293945,17.364999771118164,19.399999618530273,14748800,24.256000137329103,29.03040018081665,78.57754986286163,22.832121041526023,24.827514846437577,-1.9953938049115543,-1.6568930430059572,-0.3385007619055971,39.436620320257475,24.256000137329103,30.041657092539392,18.470343182118814,0.4770495483553674,-0.12328769040709109,-0.1315763796593078,1.4975937643962864,19856220.0,0.7427798443006776,0
2022-06-14,17.700000762939453,18.479999542236328,17.18000030517578,18.31999969482422,13057900,23.9935001373291,28.45220018386841,78.32654985904693,22.042564075589627,24.299550840252532,-2.256986764662905,-1.7769117873373468,-0.48007497732555815,44.47653579249536,23.9935001373291,30.46445620184279,17.52254407281541,0.5393924210704192,-0.012276747344746153,-0.012352729120552616,1.4953290541550033,18881250.0,0.6915802714333003,1
2022-06-15,18.600000381469727,19.190000534057617,17.440000534057617,17.709999084472656,14292300,23.66150016784668,27.870200176239013,77.92159987926483,21.512938891878875,23.87736191737973,-2.364423025500855,-1.8944140349700485,-0.4700089905308067,41.60971956980819,23.66150016784668,30.532179940111778,16.79082039558158,0.5807476046342641,0.050847433883432824,0.049596918544574056,1.4578405988231398,18441220.0,0.775019223240111,0
2022-06-16,16.719999313354492,17.889999389648438,16.399999618530273,17.5,12592200,23.27500009536743,27.327800159454345,77.52349989414215,20.77556357210589,23.347186909674157,-2.5716233375682656,-2.029855895489692,-0.5417674420785734,25.66752880675152,23.27500009536743,30.797663360262224,15.75233683047264,0.6464157451403899,-0.10107532416978804,-0.10655603463904074,1.4912582304369235,17632975.0,0.7141279336016753,1
2022-06-17,18.299999237060547,18.459999084472656,16.530000686645508,16.989999771118164,12894700,22.904500102996828,26.87640016555786,77.13259987354279,20.394707520560456,22.97332115614722,-2.578613635586766,-2.139607443509107,-0.4390061920776591,23.186472036210247,22.904500102996828,30.648845488835583,15.160154717158072,0.6762291559312822,0.0944976069732304,0.09029545156745424,1.5240008778432788,17224850.0,0.7486102926875996,1
2022-06-21,19.209999084472656,21.010000228881836,18.639999389648438,18.770000457763672,15521900,22.624000072479248,26.486600131988524,76.7336998796463,20.212444684239255,22.694556558245402,-2.482111874006147,-2.2081083296085153,-0.27400354439763186,28.425453329673957,22.624000072479248,30.481779317602815,14.766220827355681,0.6946410201511702,0.04972676969129086,0.04852991096487672,1.5371453307537901,17244425.0,0.9001111953573401,1
2022-06-22,19.270000457763672,20.07699966430664,18.584999084472656,18.649999618530273,10535300,22.36150007247925,26.120400104522705,76.36479986667634,20.067453264781474,22.440885735987496,-2.373432471206023,-2.241173157928017,-0.13225931327800566,35.4968461378006,22.36150007247925,30.30291278802784,14.420087356930656,0.7102754904463899,0.003123444880302806,0.0031185770599544103,1.5375992145394586,17114215.0,0.6155876854416051,1
2022-06-23,21.65999984741211,21.780000686645508,19.079999923706055,19.5,16556500,22.40650005340576,25.79960008621216,76.01554985523224,20.312460431340035,22.383042336833764,-2.0705819054937287,-2.2070549074411594,0.13647300194743073,36.553673698388316,22.40650005340576,30.319852812339285,14.493147294472237,0.7063443857873469,0.12402695033074229,0.11691772834663387,1.5036506153983127,16995500.0,0.9741696331381836,1
2022-06-24,23.280000686645508,23.850000381469727,21.34000015258789,22.010000228881836,28243500,22.419500064849853,25.51560010910034,75.69424985408783,20.769005086002416,22.449483696079078,-1.680478610076662,-2.1017396479682597,0.42126103789159774,44.94444636356642,22.419500064849853,30.33794903669895,14.501051093000754,0.706389433211666,0.0747922830399721,0.0721274178301597,1.4774656708786456,17717040.0,1.5941432654664662,0
2022-06-27,22.700000762939453,24.190000534057617,21.881000518798828,23.829999923706055,12977600,22.153500080108643,25.201600093841552,75.34744987010956,21.066081343992728,22.468040515846514,-1.401959171853786,-1.961783552745365,0.559824380891579,47.03488839517152,22.153500080108643,29.62459058350064,14.682409576716644,0.6744839845962037,-0.02491408533500472,-0.025229694261294625,1.2474458740006067,16844640.0,0.7704290504279105,0
2022-06-28,20.540000915527344,22.989999771118164,20.30500030517578,22.25,13150400,21.663000106811523,24.90860013961792,74.83164988994598,20.985145893459592,22.325222767674724,-1.340076874215132,-1.8374422170393188,0.49736534282418665,39.82915330733514,21.663000106811523,28.082388930149907,15.24361128347314,0.5926592615692161,-0.09515417510199276,-0.09999070902371389,1.236096472007675,16166660.0,0.8134271395575833,0
2022-06-29,19.020000457763672,19.950000762939453,18.621999740600586,19.899999618530273,13324000,21.189000129699707,24.584800167083742,74.38024987697601,20.682815826429447,22.080391485459092,-1.3975756590296449,-1.7494689054373842,0.35189324640773934,38.79355397543299,21.189000129699707,26.8363187509865,15.541681508412916,0.5330424830543268,-0.07400196640763623,-0.07688316788857551,1.2431785342775232,15834365.0,0.8414609616489199,0
2022-06-30,18.059999465942383,18.84000015258789,17.441999435424805,18.6299991607666,11392500,20.876000118255615,24.20540018081665,73.93024988651275,20.279305617123743,21.782584669198595,-1.503279052074852,-1.7002309347648779,0.19695188269002584,41.35254891624234,20.876000118255615,26.48644325457289,15.265556981938339,0.5375017344832321,-0.050473237051339326,-0.05179156276719226,1.1538604600252722,15029435.0,0.758012526751671,0
2022-07-01,17.190000534057617,19.040000915527344,16.770000457763672,18.360000610351562,19013300,20.414500141143797,23.85400022506714,73.46744988918304,19.80402791203665,21.442393251780743,-1.6383653397440945,-1.6878578157607214,0.049492476016626874,41.05668782280324,20.414500141143797,25.607757018151332,15.221243264136262,0.5087811938672885,-0.04817269975701899,-0.04937166795486068,1.098879002604799,15067110.0,1.2619075589147488,1
2022-07-05,19.829999923706055,19.84000015258789,16.239999771118164,16.950000762939453,16600700,20.151000118255617,23.59260019302368,72.9786998796463,19.808023606139635,21.322956708960398,-1.5149331028207627,-1.6532728731727298,0.1383397703519671,55.22143179826364,20.151000118255617,24.85500039721494,15.446999839296293,0.46687511799454334,0.15357762115352758,0.1428680882216228,1.2499139320279706,15326240.0,1.083155424944409,1
2022-07-06,20.170000076293945,20.65999984741211,19.450000762939453,19.610000610351562,14955500,19.973500156402586,23.372800197601318,72.49814988613129,19.86371229385568,21.23755251394807,-1.37384022009239,-1.597386342556662,0.22354612246427186,56.708308196428504,19.973500156402586,24.36820197805265,15.578798334752523,0.4400532492790277,0.01714574654039369,0.017000417064361572,1.2407636778155884,15072345.0,0.9922477225673908,1
2022-07-07,23.610000610351562,23.65999984741211,20.260000228881836,20.260000228881836,19685200,19.93650016784668,23.195600185394287,72.07769990444183,20.440064342547352,21.41328940997796,-0.973225067430608,-1.4725540875314511,0.4993290201008431,61.957039595004844,19.93650016784668,24.18612357727373,15.686876758419633,0.42631589031667494,0.17055034809348824,0.15747402120015552,1.3863800072606918,15183620.0,1.2964760709237981,0
2022-07-08,23.34000015258789,23.6200008392334,21.450000762939453,22.100000381469727,19782200,19.93700017929077,23.05880018234253,71.65384990215301,20.88620831332282,21.556008724245363,-0.6698004109225444,-1.3120033522096697,0.6422029412871253,67.11478835089412,19.93700017929077,24.188306786667678,15.685693571913863,0.4264740501725914,-0.011435851367377459,-0.01150174355279852,1.3777817833151613,15393850.0,1.2850716357506407,0
2022-07-11,21.3700008392334,23.290000915527344,21.049999237060547,22.899999618530273,11487600,19.94650020599365,22.899000186920166,71.19034990787506,20.960637932693675,21.542230362392626,-0.5815924296989508,-1.1659211677075259,0.5843287380085751,57.780033899180054,19.94650020599365,24.21033277776458,15.682667634222721,0.42752688719695364,-0.0844044258986889,-0.08818052479340002,1.3708999732060807,15359905.0,0.7478952506542196,1
2022-07-12,22.200000762939453,22.860000610351562,21.010000228881836,21.68000030517578,14400700,20.034500217437746,22.718800220489502,70.66689991474152,21.15130913734687,21.590954095766467,-0.4396449584195956,-1.02066592584994,0.5810209674303444,57.60814617375217,20.034500217437746,24.412341937461843,15.656658497413648,0.4370302900008143,0.03883948952319405,0.03810421464225213,1.3681836907673062,15260640.0,0.9436498076096416,0
2022-07-13,20.790000915527344,21.290000915527344,20.049999237060547,20.770000457763672,16234900,20.178000259399415,22.56060022354126,70.15219990253449,21.095723257066943,21.53162423056357,-0.4359009734966257,-0.9037129353792772,0.4678119618826515,53.61904870896113,20.178000259399415,24.450899960479468,15.905100558319363,0.4235206309990634,-0.0635135044574392,-0.0656201773380453,1.3074468177914969,15334945.0,1.0586865489246946,1
2022-07-14,21.81999969482422,22.84000015258789,20.18000030517578,20.610000610351562,20137000,20.38400020599365,22.389800205230713,69.61944992542267,21.207150401337294,21.552985376064356,-0.3458349747270617,-0.7921373432488341,0.4463023685217724,50.40733159975667,20.38400020599365,24.549798351421018,16.218202060566284,0.4087321529954133,0.04954298864545037,0.048354820512036954,1.3115182225623554,15688900.0,1.2835189210205942,1
2022-07-15,23.059999465942383,23.079999923706055,21.149999618530273,22.489999771118164,14497300,20.607000160217286,22.249000186920167,69.16214993953704,21.492204103584232,21.664616049388655,-0.17241194580442354,-0.6681922637599521,0.49578031795552857,49.42886490167251,20.607000160217286,24.847522458454847,16.366477861979725,0.4115613398619829,0.05682858792212975,0.0552725252625654,1.313936187484178,15699150.0,0.9234448998831147,1
2022-07-18,23.84000015258789,25.469999313354492,23.6299991607666,23.719999313354492,18688800,20.963000202178954,22.090600185394287,68.71749995708466,21.85340349573864,21.825755612588598,0.027647883150041963,-0.5290242343779533,0.5566721175279953,52.929083872768665,20.963000202178954,25.021089777035492,16.904910627322415,0.38716686883728874,0.03382483541673542,0.033265356916215426,1.2425884400048062,16003980.0,1.1677595198194448,1
2022-07-19,26.030000686645508,26.079999923706055,23.520000457763672,24.479999542236328,13178200,21.349500274658205,22.070800189971923,68.2519999742508,22.49595690972431,22.13718117362985,0.35877573609446145,-0.35146424028347034,0.7102399763779318,64.08414529397194,21.349500274658205,25.79374447390922,16.905256075407188,0.4163323864330747,0.09186243792116278,0.08788489678783115,1.2405468141172764,16018155.0,0.8227039880685385,1
2022-07-20,29.670000076293945,29.749000549316406,26.030000686645508,26.413999557495117,23299200,21.872500324249266,22.165200176239015,67.81109998226165,23.599655858427333,22.695167759012374,0.9044880994149587,-0.10027377234378454,1.0047618717587432,74.64137033254507,21.872500324249266,27.547957671106943,16.19704297739159,0.5189582592499037,0.13983862057736762,0.13088669148866866,1.30802151557033,16407020.0,1.4200750654293102,1
2022-07-21,29.75,30.729999542236328,28.579999923706055,29.059999465942383,16379200,22.396500301361083,22.348400173187255,67.42019998073577,24.54586264943851,23.217747925011455,1.3281147244270564,0.18540392701038363,1.1427107974166728,78.19585592808716,22.396500301361083,28.93049001543369,15.862510587288474,0.5834831001409201,0.0026963236771264665,0.0026926951174912586,1.3081175448363789,16699215.0,0.9808365243515937,0
2022-07-22,26.770000457763672,30.299999237060547,26.110000610351562,29.405000686645508,15974100,22.65200033187866,22.520000171661376,66.99674998760223,24.888037696873152,23.48087774225236,1.4071599546207914,0.4297551325324652,0.9774048220883261,70.9719804284637,22.65200033187866,29.458673805055387,15.845326858701934,0.6009776949894835,-0.10016805183987654,-0.10554725735950206,1.3251427922553607,16670095.0,0.9582488882036965,0
2022-07-25,26.170000076293945,27.0,25.52400016784668,26.510000228881836,7735300,22.796500301361085,22.750800170898437,66.4591000032425,25.085262678322504,23.680071989218405,1.4051906891040993,0.6248422438467921,0.7803484452573072,65.24038554119645,22.796500301361085,29.779723065765193,15.813277536956978,0.6126574405797865,-0.022413162914075246,-0.022668155174761367,1.3107072173550391,15644685.0,0.49443628938518097,0
2022-07-26,23.100000381469727,24.950000762939453,22.924999237060547,24.950000762939453,12608900,22.8165002822876,22.852000160217287,65.90510003566742,24.779837709575926,23.637103721977763,1.142733987598163,0.7284205925970663,0.41431339500109676,56.22609531912465,22.8165002822876,29.80085047238523,15.832150092189968,0.6122192364023125,-0.11730988482515037,-0.1247810854157866,1.3815378978574462,15626250.0,0.8069050475961923,1
2022-07-27,26.040000915527344,26.530000686645508,23.290000915527344,24.229999542236328,17866700,23.091500282287598,22.89860019683838,65.32935002803802,24.97370897202999,23.81509610668514,1.1586128653448498,0.814459047146623,0.34415381819822677,55.27572825440239,23.091500282287598,30.13133368283936,16.051666881735834,0.6097337387776132,0.12727274829034263,0.11980121845727924,1.3945357977875517,15862065.0,1.1263791946382768,0
2022-07-28,25.829999923706055,26.649999618530273,24.18000030517578,25.8700008392334,12246900,23.432000255584718,22.95620018005371,64.78335003376007,25.105446041518615,23.964348241279282,1.1410978002393328,0.879786797765165,0.26131100247416783,55.420112854924014,23.432000255584718,30.299312957445103,16.564687553724333,0.5861482269507614,-0.008064553933869845,-0.008097248344814085,1.3575559813262565,15808210.0,0.7747176941601864,1
2022-07-29,26.84000015258789,27.6299991607666,25.84000015258789,26.420000076293945,12763100,23.871000289916992,22.988200187683105,64.21420004367829,25.37230052014466,24.177359493968808,1.1949410261758509,0.9428176434473022,0.2521233827285486,62.426168233693794,23.871000289916992,30.406918427015608,17.335082152818376,0.547603205372115,0.03910182856620481,0.038356713634519896,1.3339617595481499,15876740.0,0.8038866921042985,1
2022-08-01,27.170000076293945,28.200000762939453,25.56999969482422,26.34000015258789,10383400,24.370000267028807,23.042600173950195,63.61940001964569,25.648869682629165,24.39903657414104,1.2498331084881258,1.004220736455467,0.24561237203265884,61.55276443623927,24.370000267028807,30.249119343720597,18.490881190337017,0.4824882242324713,0.01229507905476801,0.012220108457704047,1.308019430126954,15445245.0,0.6722716279346815,1
2022-08-02,28.149999618530273,28.809999465942383,26.389999389648438,26.459999084472656,11874100,24.78600025177002,23.091400184631347,63.017800011634826,26.033658903537027,24.676885688540242,1.3567732149967853,1.0747312321637308,0.2820419828330545,67.45730248966001,24.78600025177002,30.487244207333074,19.084756296206965,0.460037432232005,0.036069177014518505,0.03543391478809893,1.219908317145397,15208915.0,0.7807328793671343,1
2022-08-03,31.889999389648438,31.920000076293945,29.030000686645508,29.030000686645508,17970600,25.372000217437744,23.23280017852783,62.44360002994537,26.93463436293878,25.211190407140847,1.7234439557979329,1.2044737768905713,0.5189701789073615,71.16435331503433,25.372000217437744,31.47094394789739,19.2730564869781,0.48076175927729536,0.1328596739538226,0.12474512084831156,1.2832817751511831,15359670.0,1.169986073919557,1
2022-08-04,32.54999923706055,33.380001068115234,31.40999984741211,32.05500030517578,13184300,25.819000148773192,23.39340015411377,61.820100026130675,27.798536651265202,25.754805876023788,2.043730775241414,1.37232517656074,0.6714055986806742,70.44377286856265,25.819000148773192,32.64170439759587,18.99629589995051,0.528502591851673,0.020696138602823044,0.020484883332889312,1.1644789827599096,15034625.0,0.8769290886869476,1
2022-08-05,33.400001525878906,33.724998474121094,30.139999389648438,30.601999282836914,15187200,26.322000217437743,23.64620018005371,61.210350003242496,28.66030047812885,26.321116664901943,2.3391838132269065,1.5656969038939734,0.7734869093329331,70.53264670975024,26.322000217437743,33.82463277344728,18.81936766142821,0.5700655340804386,0.026113742204041834,0.025778600452072947,1.1591976620612445,14804875.0,1.0258242639671054,1
2022-08-08,34.900001525878906,37.0,33.290000915527344,33.349998474121094,14959600,26.998500251770018,23.883800201416015,60.64665001392365,29.620254485475016,26.956589617566905,2.6636648679081105,1.7852904966968008,0.8783743712113097,69.63258085523681,26.998500251770018,35.04156676846223,18.955433735077804,0.5958158002620839,0.04491017758899729,0.043930927262188335,1.0928196879839462,14978475.0,0.9987398583634182,0
2022-08-09,32.58000183105469,34.38999938964844,31.854999542236328,33.41999816894531,10750800,27.51750030517578,23.975000228881836,60.032850041389466,30.075600230948808,27.373138670417852,2.7024615605309563,1.968724709463632,0.7337368510673243,56.840623956708654,27.51750030517578,35.596351273999915,19.43864933635164,0.5871791317690714,-0.06647563304843707,-0.06878821355414036,1.1406616689120426,14795980.0,0.7266027664270971,1
2022-08-10,36.779998779296875,37.95000076293945,35.189998626708984,35.900001525878906,15009900,28.31700019836426,24.10360019683838,59.440700001716614,31.1070461614639,28.06994312292741,3.0371030385364897,2.1824003752782035,0.8547026632582861,63.84403101278337,28.31700019836426,36.74967892615874,19.88432147056978,0.5955912468638959,0.12891334291573986,0.12125552661115735,1.154209308362212,14734730.0,1.0186749265171469,1
2022-08-11,36.970001220703125,39.400001525878906,36.06999969482422,38.45000076293945,15935600,29.074500274658202,24.273000221252442,58.82535004138946,32.0090392475007,28.72920668572561,3.279832561775091,2.4018868125775814,0.8779457491975098,72.56637108392249,29.074500274658202,37.767632698254054,20.38136785106235,0.597990152296645,0.005165917556071209,0.005152619980432001,1.1557156336197238,14524660.0,1.0971410002024145,1
2022-08-12,39.189998626708984,39.41999816894531,36.63999938964844,37.7400016784668,10939200,29.881000232696532,24.570400199890138,58.26200003147125,33.11380222891736,29.504080162835493,3.609722066081865,2.643453863278438,0.9662682028034268,76.87861048624397,29.881000232696532,39.19539613223432,20.56660433315874,0.6234326713967057,0.06004861597793698,0.05831477120237794,1.1567925937533796,14346755.0,0.7624860116451421,0
2022-08-15,38.41999816894531,40.77000045776367,38.38999938964844,38.58000183105469,10247400,30.610000133514404,24.810400161743164,57.69840002536774,33.93014006584473,30.16451853365844,3.765621532186291,2.867887397060009,0.897734135126282,84.94525030600677,30.610000133514404,40.21145121685904,21.00854905016977,0.627340806368188,-0.019647881723550142,-0.019843467488150145,1.169558146037318,13924685.0,0.7359161086947389,1
2022-08-16,39.90999984741211,40.970001220703125,37.279998779296875,38.435001373291016,12624900,31.304000091552734,25.10660015106201,57.08850002765656,34.850118493778176,30.886406038380933,3.9637124553972427,3.087052408727456,0.8766600466697869,83.8788424640073,31.304000091552734,41.499698149406285,21.108302033699186,0.6513990562250745,0.03878192997081298,0.038048805555826924,1.1452510678357686,13897020.0,0.9084609506210684,0
2022-08-17,37.38999938964844,38.72999954223633,36.279998779296875,38.54499816894531,11934800,31.69000005722046,25.38000015258789,56.462950024604794,35.24086940083514,31.36815369403038,3.872715706804758,3.2441850683429165,0.6285306384618417,75.37313239134204,31.69000005722046,42.204779046308616,21.175221068132302,0.6636023332346066,-0.06314208136803778,-0.06522364257224576,1.0987290352075252,13328800.0,0.8954144409099094,0
2022-08-18,35.75,37.2599983215332,35.279998779296875,37.2599983215332,9823300,31.99000005722046,25.608000144958496,55.87840000629425,35.31919718532204,31.69273490187998,3.6264622834420592,3.3206405113627455,0.3058217720793137,69.03032871740295,31.99000005722046,42.613536399382305,21.366463715058615,0.6641785760024722,-0.043861979577953014,-0.044853003525080315,1.1172898728855656,13001005.0,0.7555800493884895,0
2022-08-19,30.920000076293945,34.02899932861328,30.329999923706055,34.02899932861328,16673200,32.19750003814697,25.759800148010253,55.253550009727476,34.64239763008695,31.635495285169903,3.0069023449170444,3.2578928780736054,-0.25099053315656095,56.71802225098849,32.19750003814697,42.550410844312815,21.844589231981125,0.6430878666915082,-0.13510489297079875,-0.1451470429533328,1.1692976317768788,13035960.0,1.2790158914264849,0
2022-08-22,29.489999771118164,31.780000686645508,28.8799991607666,29.600000381469727,12755000,32.36350002288818,25.9260001373291,54.5955999994278,33.849721036399444,31.47656969153644,2.373151344863004,3.0809445714314854,-0.7077932265684814,52.362482587709785,32.36350002288818,42.411456633894495,22.31554341188187,0.6209437547793147,-0.04624839267940839,-0.047352011120836236,1.1810118318352714,13286945.0,0.9599648376658442,0
2022-08-23,29.31999969482422,30.479999542236328,28.90999984741211,29.68000030517578,10186600,32.67449998855591,26.103600120544435,53.89959997653961,33.15284083000326,31.316823765854053,1.8360170641492033,2.8319590699750288,-0.9959420058258255,44.816459056251006,32.67449998855591,41.86354210502459,23.48545787208722,0.5624595399891111,-0.005764668620324653,-0.005781348455847848,1.0857967030591462,13165830.0,0.773714987965058,1
2022-08-24,30.229999542236328,30.80500030517578,29.09000015258789,29.93000030517578,8143100,32.88399991989136,26.34980010986328,53.2295999956131,32.70317293957758,31.236318267808297,1.4668546717692799,2.5589381903338793,-1.0920835185645994,45.367412919331045,32.88399991989136,41.61584184765105,24.15215799213167,0.5310693315309153,0.031036830043785768,0.03056492703867176,1.0034872905410808,12679650.0,0.6422180422961201,1
2022-08-25,31.229999542236328,31.420000076293945,29.700000762939453,30.829999923706055,18539900,33.15399990081787,26.62040008544922,52.56890001773834,32.47653087844816,31.235850214062225,1.240680664385934,2.29528668514429,-1.054606020758356,45.692731040203945,33.15399990081787,41.28040718497691,25.027592616658836,0.4902218319641466,0.03307972263125025,0.03254436298849709,1.0046258428224626,12994300.0,1.4267717383775964,0
2022-08-26,24.56999969482422,28.799999237060547,24.049999237060547,27.434999465942383,39517200,33.04049987792969,26.73980007171631,51.9028000497818,31.260141465582937,30.742083508933483,0.5180579566494536,1.9398409394453229,-1.4217829827958692,32.98187421679296,33.04049987792969,41.590583589617104,24.490416166242277,0.5175517164253727,-0.21325648238979122,-0.23985298252474765,1.2753577494013009,14332005.0,2.7572694818345376,0
2022-08-29,23.989999771118164,24.969999313354492,23.459999084472656,23.729999542236328,13466300,32.8814998626709,26.88520008087158,51.35510005474091,30.14165812797297,30.2419291579842,-0.10027103001122839,1.5318185455540128,-1.6320895755652411,34.98776223461536,32.8814998626709,41.99120363832096,23.77179608702084,0.5540929588794067,-0.02360602079405949,-0.023889106801536303,1.2766941700527463,14486150.0,0.9295982714523873,0
2022-08-30,23.540000915527344,24.989999771118164,22.790000915527344,24.329999923706055,12017200,32.65099992752075,26.990000114440917,50.71365005016327,29.12601855682749,29.74549002891332,-0.6194714720858308,1.1015605420260441,-1.721032014111875,23.370881861007533,32.65099992752075,42.47043009962062,22.83156975542088,0.6014780676792264,-0.018757768231935534,-0.0189359265863443,1.2692691793671709,14493305.0,0.8291552547883316,0
2022-08-31,23.43000030517578,25.139999389648438,23.420000076293945,24.485000610351562,11030300,32.227999973297116,27.07440013885498,50.085850024223326,28.249708056573382,29.277675975303133,-1.0279679187297504,0.6756548498748853,-1.7036227686046357,22.679577113539438,32.227999973297116,42.879116794291434,21.5768831523028,0.6609852817313779,-0.004672922942794089,-0.00468387517983485,1.1592370761957909,14146290.0,0.7797309400556612,0
2022-09-01,23.15999984741211,23.299999237060547,21.959999084472656,23.25,10014200,31.758500003814696,27.152200126647948,49.461699995994564,27.466676024394726,28.824514780644538,-1.3578387562498122,0.2689561286499458,-1.626794884899758,14.892690552718335,31.758500003814696,43.151814882277264,20.365185125352127,0.7174970402943497,-0.011523706967431324,-0.011590619428334682,1.1525894453470857,13987785.0,0.71592464425211,0
2022-09-02,22.450000762939453,23.729999542236328,22.1200008392334,23.450000762939453,10258300,31.210999965667725,27.168000144958498,48.8175000333786,26.694879830324684,28.35232855711083,-1.6574487267861464,-0.11632484243727267,-1.5411238843488737,14.931934376486325,31.210999965667725,43.30314372801502,19.118856203320426,0.7748642322033081,-0.030656264643801,-0.031135997944168152,1.1438359976732748,13741340.0,0.7465283589518926,0
2022-09-06,22.299999237060547,22.989999771118164,21.34000015258789,22.299999237060547,9480300,30.580999851226807,27.148400115966798,48.17040002346039,26.018744354437892,27.904007866736737,-1.8852635122988453,-0.4701125764095872,-1.415150935889258,8.91273831177132,30.580999851226807,43.16673879190796,17.995260910545657,0.8231084007657947,-0.006681582217428206,-0.0067040039186617535,1.1212128695586845,13467375.0,0.7039456464233007,1
2022-09-07,23.059999465942383,23.459999084472656,21.899999618530273,22.239999771118164,8075800,30.10499973297119,27.155600090026855,47.59004999637604,25.563552833130892,27.54519242964086,-1.981639596509968,-0.7724179804296634,-1.2092216160803047,13.573970848692568,30.10499973297119,43.08629666657738,17.123702799365002,0.8624013983557016,0.03408072891853675,0.033512847427891415,1.1222916352589272,13333625.0,0.6056717509304484,1
2022-09-08,23.700000762939453,23.770000457763672,22.25,22.489999771118164,8698100,29.45099983215332,27.218800086975097,47.02774998188019,25.276852514639902,27.26036341729261,-1.9835109026527071,-1.0146365648742721,-0.968874337778435,17.728982440339422,29.45099983215332,42.333921329889215,16.56807833441743,0.8748715881401676,0.02775374292364119,0.027375588651190656,1.0016983797403778,13018035.0,0.6681576751022715,1
2022-09-09,26.25,26.424999237060547,24.0,24.100000381469727,12587100,28.914999771118165,27.363400077819826,46.541449971199036,25.426567512387606,27.185521682678342,-1.7589541702907354,-1.1635000859575648,-0.5954540843331706,35.75350913135813,28.914999771118165,41.36549975465942,16.464499787576912,0.8611793243711157,0.1075949010536772,0.10219090870500958,1.0968219290160808,12850610.0,0.979494358633559,1
2022-09-12,26.790000915527344,27.260000228881836,25.860000610351562,26.579999923706055,9458600,28.294999885559083,27.538000106811523,46.03734997272491,25.636326497486024,27.156223848074564,-1.5198973505885398,-1.23477953888376,-0.2851178117047799,41.29032734405427,28.294999885559083,39.78937409972666,16.800625671391508,0.8124668146780207,0.020571463448660676,0.020362728693103623,1.0698411013028395,12776580.0,0.7403076566655552,0
2022-09-13,24.190000534057617,25.239999771118164,24.030000686645508,24.513999938964844,10929400,27.5835000038147,27.678000106811524,45.4945499753952,25.41381481080473,26.936503602591827,-1.5226887917870968,-1.2923613894644275,-0.23032740232266935,35.69437108830023,27.5835000038147,38.16435481989976,17.002645187729634,0.7671872543094075,-0.09705114940712001,-0.10208937103118118,1.1074794068108964,12810680.0,0.8531475300296315,1
2022-09-14,24.329999923706055,24.3700008392334,23.104999542236328,24.100000381469727,8043500,26.804500007629393,27.768000106811524,44.93129999637604,25.247074058943397,26.743429256007694,-1.4963551970642968,-1.3331601509844013,-0.16319504607989543,32.80886067831135,26.804500007629393,35.728620669385506,17.880379345873276,0.6658673475883552,0.005787490142934448,0.005770806960078859,1.090162902778587,12581610.0,0.6393060983451243,0
2022-09-15,23.989999771118164,25.1200008392334,22.639999389648438,22.709999084472656,17424500,26.13450002670288,27.844400100708008,44.390500025749205,25.05367801466259,26.539471516386246,-1.4857935017236557,-1.3636868211322521,-0.1221066805914035,28.06060929031264,26.13450002670288,33.606275415771535,18.662724637634227,0.5717940179788693,-0.013974523372546788,-0.014073086348749417,1.079483064880361,12856095.0,1.3553493498609026,0
2022-09-16,22.299999237060547,23.719999313354492,22.149999618530273,23.489999771118164,13959500,25.46199998855591,27.81820007324219,43.86860002040863,24.630035125800738,26.22543653273249,-1.595401406931753,-1.4100297382921525,-0.18537166863960053,40.15611471351232,25.46199998855591,31.59011828823218,19.33388168887964,0.48135404150739136,-0.07044604210843841,-0.07305042305734377,1.0914776727809012,13062905.0,1.068636723607804,1
2022-09-19,22.700000762939453,22.8799991607666,21.6299991607666,22.209999084472656,8225000,25.051000022888182,27.805400085449218,43.399250025749204,24.33310676228362,25.964293142377453,-1.6311863800938333,-1.4542610666524887,-0.17692531344134466,44.31718708696885,25.051000022888182,30.723485161546307,19.378514884230057,0.45287494578862186,0.017937288769684923,0.017778313843483103,1.0113237104197843,12640495.0,0.650686543525392,0
2022-09-20,22.139999389648438,23.229999542236328,21.93000030517578,22.350000381469727,9127200,24.683500003814697,27.820800056457518,42.94120002269745,23.995705628032052,25.681012123656785,-1.685306495624733,-1.5004701524469377,-0.1848363431777953,43.89179447781286,24.683500003814697,30.091276995693022,19.27572301193637,0.4381693836808057,-0.02466966319249142,-0.02497905838435473,1.0048624348481294,12459105.0,0.7325726847955772,0
2022-09-21,21.329999923706055,23.100000381469727,21.31999969482422,22.170000076293945,11401100,24.28400001525879,27.80340003967285,42.51165003299713,23.585597058135743,25.358714923660436,-1.7731178655246929,-1.5549996950624887,-0.21811817046220416,41.36513396529913,24.28400001525879,29.42344654610763,19.14455348440995,0.4232784160450899,-0.036585342740393156,-0.03727137080624759,1.0082103486072878,12519830.0,0.9106433553810236,0
2022-09-22,20.0,21.639999389648438,19.753000259399414,21.610000610351562,11635500,23.772500038146973,27.787600021362305,42.05690004825592,23.033966741499473,24.961773077463366,-1.9278063359638935,-1.6295610232427697,-0.29824531272112376,38.0484166271106,23.772500038146973,28.43435367401291,19.110646402281034,0.39220558446820575,-0.062353489379430305,-0.06438225535243064,1.0077453610518128,12694450.0,0.9165816557629515,0
2022-09-23,19.280000686645508,20.139999389648438,18.75,19.833999633789062,12479400,23.17500009536743,27.73680004119873,41.53965003490448,22.456433502291173,24.540901048513895,-2.0844675462227222,-1.7205423278387604,-0.36392521838396186,38.01965678406731,23.17500009536743,26.74856693266317,19.60143325807169,0.3083984312914914,-0.035999965667724565,-0.036663948757198465,0.9906549575165012,12391425.0,1.0070996677137618,0
2022-09-26,19.040000915527344,20.5049991607666,18.850000381469727,19.31999969482422,9896500,22.898500156402587,27.65640007019043,40.9950000333786,21.930828488942893,24.133426964588967,-2.2025984756460737,-1.8169535574002231,-0.38564491824585057,37.762772287549055,22.898500156402587,26.85304330595093,18.943957006854244,0.3453975694947535,-0.012448120465286205,-0.012526247349155065,0.6854070846624922,10910390.0,0.9070711496106005,1
2022-09-27,19.389999389648438,20.6299991607666,19.15999984741211,19.6200008392334,10700100,22.6685001373291,27.56740005493164,40.49630004405975,21.539931704436054,23.782061959037815,-2.2421302546017614,-1.901988896840531,-0.34014135776123045,35.786213875065584,22.6685001373291,26.88232851975871,18.454671754899493,0.3717783141276764,0.01838227191657671,0.01821536032927616,0.6919759712004929,10772080.0,0.9933179107470423,1
2022-09-28,20.65999984741211,20.985000610351562,19.299999237060547,19.600000381469727,9943300,22.52450008392334,27.460000038146973,40.026200041770934,21.404557572586214,23.550798098917394,-2.14624052633118,-1.9508392227386608,-0.19540130359251928,38.77400033244774,22.52450008392334,26.80917289644657,18.23982727140011,0.3804455412159293,0.06549770488603901,0.06344201852891125,0.7402714671066395,10668385.0,0.932034230110743,0
2022-09-29,19.059999465942383,20.190000534057617,18.4950008392334,20.170000076293945,12750100,22.30600004196167,27.24780002593994,39.571700043678284,21.04385632541024,23.218146348326652,-2.174290022916413,-1.9955293827742113,-0.1787606401422015,21.445594290499002,22.30600004196167,26.834982471855035,17.777017612068306,0.40607750572702583,-0.07744435591901244,-0.0806075860995813,0.7830601945559215,10754375.0,1.1855733131864938,0
2022-09-30,18.760000228881836,19.75,18.6299991607666,18.899999618530273,7754000,22.086000061035158,27.02800003051758,39.13665006160736,20.692493849021254,22.88791330244185,-2.1954194534205946,-2.0355073969034883,-0.15991205651710638,17.48987676674919,22.086000061035158,26.86109527559083,17.310904846479485,0.4324092367436014,-0.015739729562773808,-0.01586491442764076,0.7833753950688657,10641365.0,0.7286659183290866,1
2022-10-03,19.010000228881836,19.349000930786133,18.360000610351562,18.799999237060547,9326000,21.914000034332275,26.87280002593994,38.6768000459671,20.433648676692115,22.600660482178142,-2.167011805486027,-2.061808278619996,-0.10520352686603074,24.099998474121094,21.914000034332275,26.877973108521307,16.950026960143244,0.45304125822871794,0.013326225850206264,0.01323821276181044,0.7830459264691565,10594750.0,0.8802472922909932,1
2022-10-04,21.610000610351562,21.899999618530273,19.850000381469727,19.8700008392334,15080500,21.879500102996825,26.781600036621093,38.28865005970001,20.614625897255106,22.527278269450246,-1.91265237219514,-2.031977097335025,0.11932472513988479,39.08507585537155,21.879500102996825,26.8417682939731,16.91723191202055,0.45359977765640036,0.13677013940902283,0.12819103022232176,0.9349485705133204,10874760.0,1.386743247667075,0
2022-10-05,20.920000076293945,21.145000457763672,20.014999389648438,20.649999618530273,8577200,21.772500133514406,26.73800003051758,37.89940007686615,20.66160654018416,22.40822062551274,-1.7466140853285808,-1.974904494933736,0.22829040960515523,38.01717655852403,21.772500133514406,26.71985632874955,16.82514393827926,0.454459172340955,-0.03192968600505708,-0.032450555919074836,0.9324390531104192,10899830.0,0.786911355498205,1
2022-10-06,20.950000762939453,21.479999542236328,20.270000457763672,20.81999969482422,8137300,21.635000133514403,26.63620002746582,37.51730006694794,20.705974882146513,22.300204339396203,-1.5942294572496891,-1.8987694873969267,0.30454003014723763,43.94619601177732,21.635000133514403,26.509114462134594,16.76088580489421,0.45057677823350556,0.0014340672340391603,0.0014330399416435829,0.925486089235634,10871790.0,0.7484784014407931,0
2022-10-07,18.899999618530273,20.1299991607666,18.43000030517578,19.954999923706055,11565300,21.267500114440917,26.497600021362306,37.0936500787735,20.428132533897863,22.048337323035764,-1.620204789137901,-1.8430565477451217,0.22285175860722073,35.156246856786595,21.267500114440917,25.77075235649915,16.764247872382686,0.4234867490608793,-0.09785207970186005,-0.1029767809032907,0.8815307672641579,10820700.0,1.0688125537164879,0
2022-10-10,18.59000015258789,19.198999404907227,17.940000534057617,19.15999984741211,7217300,20.857500076293945,26.332600021362303,36.681250081062316,20.14534293677325,21.792164199298885,-1.6468212625256342,-1.8038094907012243,0.1569882281755901,35.85657588497183,20.857500076293945,24.686353798155906,17.028646354431984,0.3671440688343786,-0.016402088476152543,-0.016538091940597494,0.8715453399411061,10708635.0,0.6739701185071674,1
2022-10-11,19.350000381469727,19.979999542236328,17.56999969482422,18.559999465942383,12519800,20.615500068664552,26.17620002746582,36.27220006465912,20.022982543649633,21.611263175755983,-1.5882806321063505,-1.7607037189822496,0.17242308687589913,42.08000183105469,20.615500068664552,24.158656255078192,17.072343882250912,0.34373710796365475,0.0408822067048793,0.04006862924857278,0.8398073298439547,10788155.0,1.1605135447164043,1
2022-10-12,19.809999465942383,20.079999923706055,19.1299991607666,19.450000762939453,9071200,20.389500045776366,26.009400024414063,35.842600045204165,19.990215916310056,21.47783623428831,-1.487620317978255,-1.7060870387814508,0.21846672080319585,49.18314467855433,20.389500045776366,23.48316391712614,17.29583617442659,0.3034565697446437,0.023772562036389777,0.023494394561479483,0.8466311572035286,10839540.0,0.83686208086321,0
2022-10-13,18.760000228881836,19.479999542236328,17.280000686645508,18.219999313354492,13756400,20.12800006866455,25.746800041198732,35.42755006313324,19.80095196439802,21.276515048702645,-1.4755630843046248,-1.6599822478860857,0.18441916358146093,47.826084876382744,20.12800006866455,22.7949564781414,17.461043659187702,0.26499964232698814,-0.053003496484980706,-0.05445987797286507,0.8609524821032102,10656135.0,1.290937098676021,0
2022-10-14,17.270000457763672,19.700000762939453,17.260000228881836,19.375,11571300,19.876500129699707,25.441200065612794,35.02250007152557,19.4115748095312,20.979736190114576,-1.5681613805833763,-1.641618074425544,0.07345669384216769,43.30052770463787,19.876500129699707,22.62836668591006,17.124633573489355,0.2768964896489478,-0.07942429386670502,-0.08275603711372345,0.8697412079833537,10536725.0,1.0981875298064627,1
2022-10-17,18.43000030517578,19.18000030517578,18.079999923706055,18.1299991607666,11738500,19.663000106811523,25.14180004119873,34.59530005931854,19.260563347322673,20.790866865304295,-1.530303517981622,-1.6193551631367598,0.08905164515513775,46.576322920371055,19.663000106811523,22.14150628047113,17.184493933151916,0.25209847532890156,0.06716848967370082,0.06500886957549477,0.9083833741805374,10712400.0,1.0957861917030731,1
2022-10-18,19.530000686645508,20.079999923706055,18.540000915527344,19.645999908447266,12631700,19.532500171661376,24.834400024414062,34.1901500749588,19.302015245680032,20.69746937058883,-1.3954541249087988,-1.5745749554911677,0.17912083058236883,45.92058075941118,19.532500171661376,21.719580647558228,17.345419695764523,0.22394270643037972,0.05968531542350597,0.05797199180671288,0.9377514553186757,10887625.0,1.16018874639786,0
2022-10-19,17.90999984741211,19.18000030517578,17.6200008392334,19.139999389648438,11712200,19.36150016784668,24.540999984741212,33.8036500787735,19.087859030561887,20.490990146649814,-1.403131116087927,-1.5402861876105196,0.13715507152259265,45.85436355822948,19.36150016784668,21.49086660219582,17.232133733497538,0.21995882714556841,-0.08294934881088589,-0.08659257249417031,0.9725145231326368,10903180.0,1.0742003709009664,1
2022-10-20,18.030000686645508,19.149999618530273,17.59000015258789,17.940000534057617,10098500,19.263000202178954,24.166000022888184,33.46675006389618,18.92511159303629,20.30869463109394,-1.3835830380576475,-1.5089455576999453,0.12536251964229783,47.33382245415676,19.263000202178954,21.44949562799432,17.07650477636359,0.22701504468323042,0.006700214419641082,0.006677867745808609,0.9509719272983954,10826330.0,0.9327722321414551,1
2022-10-21,18.299999237060547,18.350000381469727,17.1200008392334,17.790000915527344,11480000,19.214000129699706,23.792599983215332,33.160600066185,18.828940461347717,20.15990237968406,-1.3309619183363424,-1.4733488298272248,0.14238691149088245,47.410645731372156,19.214000129699706,21.44241388576583,16.98558637363358,0.23195729582843017,0.014974960628538536,0.014863942857968566,0.945046813818106,10776360.0,1.0652947748590433,0
2022-10-24,18.049999237060547,18.170000076293945,16.739999771118164,18.149999618530273,12450400,19.164500045776368,23.369799995422362,32.8453500699997,18.70910334991892,20.003613258008244,-1.2945099080893243,-1.4375810454796447,0.1430711373903204,34.33098071294539,19.164500045776368,21.452376540392542,16.876623551160193,0.23876192847727282,-0.01366120275533722,-0.013755375645918633,0.9452526967174503,10904055.0,1.1418137564419841,1
2022-10-25,20.6200008392334,20.81999969482422,18.18000030517578,18.18000030517578,15168700,19.226000118255616,23.013800048828124,32.550350060462954,19.003087579044223,20.049271597358253,-1.0461840183140296,-1.3593016400465219,0.31311762173249225,48.86707251122008,19.226000118255616,21.603760541174605,16.848239695336627,0.2473484248719254,0.14238236624941703,0.13311587677800862,1.072829482281499,11127485.0,1.3631741584014716,0
2022-10-26,20.559999465942383,21.930999755859375,19.920000076293945,20.139999389648438,11064800,19.221000099182127,22.62680004119873,32.261950068473816,19.242612484720862,20.08710329132745,-0.8444908066065864,-1.2563394733585347,0.4118486667519483,48.53051534481106,19.221000099182127,21.586452588192817,16.85554761017144,0.24613209269077954,-0.0029098627957789835,-0.002914104677384933,1.0490599570925878,11183560.0,0.989380841163279,1
2022-10-27,20.6200008392334,21.959999084472656,20.225000381469727,20.959999084472656,9667000,19.29900016784668,22.29140007019043,31.959900078773497,19.4545183854151,20.126577183764926,-0.672058798349827,-1.1394833383567933,0.4674245400069663,57.62411713282279,19.29900016784668,21.743654386078735,16.854345949614622,0.25334516782947136,0.0029183548078592914,0.0029141046773849687,1.0064769134368317,11029405.0,0.8764752042381253,0
2022-10-28,20.31999969482422,20.56999969482422,19.290000915527344,19.969999313354492,8111500,19.3770001411438,21.982800064086913,31.667550072669982,19.587669356093425,20.140904777176726,-0.5532354210833006,-1.0222337549020948,0.4689983338187942,57.67523907006719,19.3770001411438,21.848642546514032,16.905357735773567,0.2551109446629064,-0.014549036479104882,-0.014655911596996021,1.0061476477180598,11047280.0,0.7342531374238727,0
2022-10-31,20.06999969482422,20.899999618530273,19.954999923706055,20.579999923706055,8519800,19.43000011444092,21.76580005645752,31.407250084877013,19.66187402359047,20.135652548854317,-0.473778525263846,-0.9125427089744451,0.4387641837105991,53.34572045901852,19.43000011444092,21.913936140294215,16.946064088587622,0.25568049523655595,-0.012303149791073942,-0.012379460089110728,1.007739152641778,11006970.0,0.7740368148545876,0
2022-11-01,19.459999084472656,21.683000564575195,19.450000762939453,21.239999771118164,9010700,19.322500038146973,21.56520004272461,31.158600068092348,19.630816340649268,20.085604144085305,-0.4547878034360373,-0.8209917278667637,0.36620392443072636,48.395966073337604,19.322500038146973,21.585454734788435,17.059545341505512,0.23423001083440326,-0.030393653195165404,-0.0308651178914453,0.884019033645878,10703480.0,0.8418476981318226,0
2022-11-02,17.600000381469727,19.5,17.594999313354492,19.489999771118164,13279400,19.15650005340576,21.33080005645752,30.925700068473816,19.31838311616011,19.90148534685452,-0.5831022306944114,-0.7734138284322933,0.19031159773788198,45.05119731643324,19.15650005340576,21.413114079689088,16.899886027122434,0.23559773653769617,-0.09558061616184976,-0.1004621059927096,0.9381248875391163,10938590.0,1.2139955880968205,0
2022-11-03,16.670000076293945,17.628000259399414,16.65999984741211,17.360000610351562,10852800,18.942500019073485,21.05960006713867,30.687550053596496,18.910939571565315,19.66211606755374,-0.7511764959884246,-0.7689663619435196,0.01778986595509502,47.31182758944239,18.942500019073485,21.292800096191744,16.592199941955226,0.24815099113123473,-0.052840925285145945,-0.05428822237909819,0.9513760852272131,11074365.0,0.9799929837963621,0
2022-11-04,16.1200008392334,17.280000686645508,15.555000305175781,17.149999618530273,16705800,18.80350008010864,20.757400093078612,30.45415006160736,18.48156438197579,19.39973716175223,-0.918172779776441,-0.798807645510104,-0.11936513426633699,39.05214037862389,18.80350008010864,21.471708638393356,16.135291521823927,0.2837991381303835,-0.03299335540152093,-0.033549912199317924,0.8980005712073451,11331390.0,1.4742939745256318,0
2022-11-07,15.630000114440918,16.549999237060547,15.125,16.405000686645508,13895100,18.655500078201293,20.578600101470947,30.24415005683899,18.042862186970424,19.12049738046991,-1.0776351934994857,-0.8545731551079803,-0.2230620383915054,30.382301349218167,18.655500078201293,21.678370450847105,15.632629705555479,0.32407283213790633,-0.030397065712298277,-0.03086863738484516,0.9014300901766406,11665280.0,1.1911501481318922,1
2022-11-08,15.640000343322754,16.93000030517578,15.050999641418457,15.640000343322754,24061600,18.470000076293946,20.41160011291504,30.0311000585556,17.67319113410155,18.862682785125678,-1.1894916510241273,-0.9215568542912098,-0.26793479673291754,36.374560471446856,18.470000076293946,21.757199911453785,15.182800241134107,0.355950170176656,0.0006398099045819006,0.0006396053134865216,0.8841568186743832,12242370.0,1.9654364310178503,0
2022-11-09,12.100000381469727,13.75,11.9350004196167,13.345000267028809,37197100,18.084500122070313,20.182800102233887,29.819000058174133,16.815777172158192,18.36174334781783,-1.5459661756596361,-1.0464387185648951,-0.499527457094741,24.76596434054619,18.084500122070313,22.367541012937266,13.801459231203358,0.47366981248654294,-0.22634270358979713,-0.2566262729396289,1.162587071658407,13648665.0,2.7253288142100343,1
2022-11-10,14.989999771118164,15.470000267028809,13.369999885559082,13.729000091552734,32972400,17.896000099182128,20.014000091552735,29.615300059318542,16.534888341228957,18.111984564358597,-1.5770962231296402,-1.1525702194778442,-0.42452600365179594,38.48295617970802,17.896000099182128,22.380947400430873,13.411052797933383,0.5012234327662652,0.2388429172344706,0.2141778127164192,1.4771702479470104,14609465.0,2.2569204279554387,1
2022-11-11,17.010000228881836,17.454999923706055,14.75,14.970000267028809,26203600,17.883000087738036,19.89100009918213,29.445300068855286,16.607982477790937,18.030356095064022,-1.4223736172730845,-1.2065308990368924,-0.21584271823619217,46.77819492316897,17.883000087738036,22.377085408041946,13.388914767434127,0.502609774451145,0.13475653693175427,0.1264181230179548,1.5325981488732985,15341080.0,1.7080674893814516,0
2022-11-14,16.280000686645508,16.969999313354492,16.059999465942383,16.700000762939453,16879200,17.775500106811524,19.76760009765625,29.22815007686615,16.55752374069164,17.900700138884872,-1.3431763981932328,-1.2338599988681604,-0.10931639932507231,34.825177530104085,17.775500106811524,22.317099327544135,13.233900886078914,0.510995380545415,-0.042915904315911635,-0.043864017111856723,1.5218706476883057,15598115.0,1.0821307574665273,1
2022-11-15,17.309999465942383,18.489999771118164,16.920000076293945,17.450000762939453,17878300,17.664500045776368,19.667800102233887,28.99435007572174,16.67328923688406,17.856944533481723,-1.1836552965976637,-1.2238190584140611,0.04016376181639747,39.358219048554076,17.664500045776368,22.133482853138617,13.19551723841412,0.5059846353739058,0.06326773561759014,0.061346935583932845,1.5238435858247488,15860445.0,1.1272256232407099,0
2022-11-16,15.119999885559082,16.90399932861328,14.850000381469727,16.760000228881836,17886800,17.525000047683715,19.50900011062622,28.73255005836487,16.434321644372524,17.654207892894863,-1.2198862485223394,-1.2230324964357169,0.0031462479133774757,34.19539834568185,17.525000047683715,22.133712409304877,12.916287686062553,0.5259586133045743,-0.1265164441334703,-0.13526597515302557,1.562034047636508,16169175.0,1.10622836353741,0
2022-11-17,14.59000015258789,14.819999694824219,13.869999885559082,14.319999694824219,13060100,17.353000020980836,19.326800098419188,28.501050062179566,16.150579876405658,17.42722954176101,-1.2766496653553538,-1.2337559302196444,-0.04289373513570949,33.74928974783181,17.353000020980836,22.135833563599792,12.57016647836188,0.5512399627541311,-0.03505289265758438,-0.03568199018946019,1.5653228554220708,16317255.0,0.8003858492129957,0
2022-11-18,13.510000228881836,15.289999961853027,13.380999565124512,15.25,15693500,17.1135000705719,19.072000102996824,28.28115005493164,15.744336853709687,17.137064407473666,-1.3927275537639794,-1.2655502549285114,-0.12717729883546802,32.23185138383538,17.1135000705719,22.168632838255313,12.058367302888485,0.5907771930741554,-0.0740232976292663,-0.07690620407931481,1.5813523451652527,16527930.0,0.9495139439724152,0
2022-11-21,12.960000038146973,13.300000190734863,12.350000381469727,13.149999618530273,14582300,16.85900011062622,18.79540008544922,28.032200055122374,15.315977343623114,16.827652231967985,-1.5116748883448707,-1.3147751816117832,-0.19689970673308754,32.336956000620916,16.85900011062622,22.218936714887622,11.499063506364816,0.63585462590786,-0.04071059818038092,-0.04156247504620011,1.5850066287418474,16634525.0,0.8766285782130839,0
2022-11-22,12.670000076293945,13.109999656677246,12.380000114440918,12.885000228881836,10459600,16.461500072479247,18.565000076293945,27.780450053215027,14.908903917880165,16.519677998214352,-1.6107740803341866,-1.373974961356264,-0.2367991189779226,35.35353272060931,16.461500072479247,21.82619638720003,11.096803757758462,0.6517870535613726,-0.022376540200573336,-0.02263069351289867,1.4767236609565495,16399070.0,0.6378166566762627,1
2022-11-23,13.3100004196167,13.425000190734863,12.489999771118164,12.795000076293945,12481400,16.099000120162962,18.344600086212157,27.520750055313112,14.662918764301171,16.281924103503414,-1.6190053392022428,-1.4229810369254599,-0.1960243022767829,39.84280516356468,16.099000120162962,21.274061158883402,10.923939081442523,0.6429046524745358,0.050513049681840005,0.049278663578774126,1.4969486052414058,16469900.0,0.7578309522219321,0
2022-11-25,13.079999923706055,13.21500015258789,12.859999656677246,13.149999618530273,5798100,15.722000074386596,18.126400089263917,27.212750053405763,14.419392788824998,16.044744534629537,-1.6253517458045383,-1.4634551787012757,-0.1618965671032626,40.62885004864209,15.722000074386596,20.600379951652958,10.843620197120234,0.6205800603211986,-0.017280277134451683,-0.01743132373726128,1.4950455803158613,16276455.0,0.3562262175639597,0
2022-11-28,12.579999923706055,13.930000305175781,12.520000457763672,12.859999656677246,15072000,15.33500008583069,17.932000102996827,26.98225005149841,14.136409271114392,15.788096785672241,-1.6516875145578496,-1.5011016458725908,-0.1505858686852588,40.60381868152369,15.33500008583069,19.89520525647694,10.774794915184437,0.5947447205898374,-0.038226299917158646,-0.03897609498858926,1.496616546270846,16624480.0,0.9066148234410941,1
2022-11-29,12.8100004196167,13.279999732971191,12.59000015258789,12.699999809265137,12296600,14.972000122070312,17.734200096130373,26.813550057411195,13.932346370883977,15.567497054853312,-1.6351506839693357,-1.52791145349194,-0.1072392304773957,41.39817592526997,14.972000122070312,19.078439500098842,10.865560744041783,0.5485492044546811,0.018283028402665158,0.018117903458012584,1.5024929146557597,16813320.0,0.7313606117054812,1
2022-11-30,13.920000076293945,14.010000228881836,12.40999984741211,12.9350004196167,22052600,14.695000171661377,17.56980010986328,26.664650053977965,13.930446940947048,15.445460241626694,-1.5150133006796462,-1.5253318229294814,0.010318522249835205,56.490727114841036,14.695000171661377,18.235101291091986,11.154899052230768,0.48181028623021444,0.08665102422459237,0.08310051172155478,1.5464531832104966,17465415.0,1.262643916563105,1
2022-12-01,14.40999984741211,14.640000343322754,13.75,14.279999732971191,14360500,14.535500144958496,17.431400108337403,26.512700057029726,14.004224311172443,15.368759471684873,-1.36453516051243,-1.4931724904460713,0.1286373299336412,47.50430302487137,14.535500144958496,17.80133265719769,11.269667632719301,0.4493594963599403,0.03520113278969328,0.03459573903524239,1.5223242883274815,17519470.0,0.8196880385080142,1
2022-12-02,14.619999885559082,14.630000114440918,13.722000122070312,13.800000190734863,10818700,14.433000135421754,17.323800106048584,26.371200065612793,14.098959014924233,15.313295798638519,-1.2143367837142858,-1.4374053490997143,0.22306856538542852,37.818548900216975,14.433000135421754,17.541657645655622,11.324342625187883,0.43077080039714555,0.014573215848068699,0.014468047071533456,1.5133448667261595,17517765.0,0.6175844920856056,0
2022-12-05,13.0,15.050000190734863,12.949999809265137,14.444999694824219,15194200,14.277000093460083,17.198200092315673,26.247850074768067,13.929888397243582,15.141940554294926,-1.2120521570513443,-1.3923347106900403,0.18028255363869605,34.67289234834037,14.277000093460083,17.342036109469028,11.211964077451137,0.42936695327374236,-0.11080710658275983,-0.11744108903239948,1.5588634754404016,17442185.0,0.8711179247324805,0
2022-12-06,11.96500015258789,13.024999618530273,11.899999618530273,13.020000457763672,15272600,14.093750095367431,17.056700077056885,26.121025066375733,13.627597898065783,14.906611635649961,-1.2790137375841777,-1.369670516068868,0.09065677848469034,25.035033388846287,14.093750095367431,17.25492046111567,10.932579729619192,0.44859180052969794,-0.07961537287785458,-0.08296362334834681,1.5787035982013669,17511060.0,0.8721687893251465,0
2022-12-07,11.34000015258789,11.859999656677246,11.225000381469727,11.8100004196167,18377000,13.878750085830688,16.895700092315675,25.99567506790161,13.275659783376877,14.642418192460179,-1.3667584090833014,-1.3690880946717547,0.0023296855884533674,29.321665257197296,13.878750085830688,17.178973035943546,10.578527135717831,0.475579274747828,-0.052235686755492394,-0.05364942235786172,1.5857594576663188,17226830.0,1.0667662013266515,1
2022-12-08,11.619999885559082,11.890000343322754,10.6899995803833,11.520000457763672,23607400,13.854750061035157,16.71490009307861,25.878775067329407,13.020942876020293,14.418535354911949,-1.3975924788916565,-1.374788971515735,-0.022803507375921406,33.29583716349593,13.854750061035157,17.21585801291194,10.493642109158372,0.48519214523104276,0.024691334144937738,0.024391429819821016,1.3696819964263973,16547345.0,1.426657871700868,0
2022-12-09,11.34000015258789,11.670000076293945,11.25,11.550000190734863,12779200,13.672250080108643,16.560500106811524,25.741925072669982,12.762336303184538,14.190495710295354,-1.4281594071108152,-1.3854630586347512,-0.04269634847606407,36.5883804983626,13.672250080108643,17.167510690581487,10.1769894696358,0.5112926679944212,-0.024096362799380544,-0.024391429819820974,1.044363225280624,15537685.0,0.8224648652614595,1
2022-12-12,12.270000457763672,12.289999961853027,11.300000190734863,11.350000381469727,13905700,13.435250091552735,16.43070011138916,25.607325081825255,12.686592326965943,14.048236802700416,-1.3616444757344723,-1.3806993420546956,0.01905486632022324,45.9268030777445,13.435250091552735,16.605253247721084,10.265246935384386,0.4718934347431989,0.08201060781851455,0.07882098427504385,0.9595309800840509,14922790.0,0.9318431740981412,0
2022-12-13,11.779999732971191,13.729999542236328,11.579999923706055,13.390000343322754,22475100,13.210250043869019,16.286100101470947,25.457025079727174,12.547116543274443,13.88021924197973,-1.3331026987052876,-1.371180013384814,0.03807731467952635,44.867357337984004,13.210250043869019,16.161328969500655,10.259171118237383,0.446786232786147,-0.039934857906418375,-0.040754140474912076,0.9584150335367465,15202585.0,1.4783735792301111,0
2022-12-14,11.300000190734863,12.4399995803833,11.279999732971191,11.720000267028809,18396600,12.909750080108642,16.079900093078614,25.30172507762909,12.355252489037586,13.689091904850482,-1.3338394158128963,-1.3637118938704305,0.029872478057534124,38.190363250166804,12.909750080108642,15.26736805877939,10.552132101437895,0.3652461068635818,-0.04074699092673584,-0.041600412957973815,0.9170080772435119,15228500.0,1.2080375611517877,0
2022-12-15,10.369999885559082,11.085000038146973,10.364999771118164,10.880000114440918,17409000,12.672250080108643,15.868900089263915,25.144575080871583,12.049829011579353,13.443233236754823,-1.3934042251754697,-1.3696503601314383,-0.02375386504403143,35.28773058131161,12.672250080108643,15.049299284995039,10.295200875222248,0.3751581905122908,-0.0823009105732857,-0.08588573139181865,0.8602339313070889,15204610.0,1.144981686475352,0
2022-12-16,10.119999885559082,10.449999809265137,9.770000457763672,10.260000228881836,19028000,12.448750066757203,15.652300071716308,24.99967508792877,11.75293222296085,13.197067803332915,-1.4441355803720661,-1.384547404179564,-0.05958817619250212,36.272321274142946,12.448750066757203,14.905808405390122,9.991691728124284,0.39474779804507115,-0.024108004123330917,-0.024403358654739166,0.858108460760706,15503005.0,1.2273749508563017,0
2022-12-19,9.479999542236328,10.079999923706055,9.34000015258789,10.0,13538900,12.247250032424926,15.46390007019043,24.86797508716583,11.403250272080154,12.921729413622058,-1.5184791415419046,-1.4113337516520321,-0.10714538988987243,32.23051804668364,12.247250032424926,14.983039227554174,9.511460837295678,0.44675975225232967,-0.0632411413596965,-0.06532938457130624,0.849368919796534,15395275.0,0.8794191724408951,0
2022-12-20,9.4399995803833,9.835000038146973,9.15999984741211,9.3100004196167,11482300,12.071250009536744,15.280900058746338,24.747375078201294,11.101211704126792,12.663823500048817,-1.5626117959220256,-1.4415893605060308,-0.12102243541599478,23.012045825543552,12.071250009536744,15.055584523719723,9.086915495353765,0.49445326901940434,-0.0042194054625018795,-0.004228332273135299,0.8452622944183372,15240275.0,0.7534181633861594,1
2022-12-21,9.510000228881836,9.6899995803833,9.130000114440918,9.5,11727000,11.913250017166138,15.08410005569458,24.62352508544922,10.85640993870449,12.430206961443856,-1.5737970227393667,-1.4680308929526982,-0.10576612978666855,18.90863607647789,11.913250017166138,15.092356749841212,8.734143284491065,0.5337093955208208,0.007415323263784801,0.0073879649183024665,0.8481267083460093,15303645.0,0.7662880313807593,0
2022-12-22,9.149999618530273,9.359999656677246,8.619999885559082,9.359999656677246,14698900,11.705249977111816,14.870900058746338,24.485275087356566,10.593885274062302,12.187228639746554,-1.5933433656842517,-1.493093387499009,-0.10024997818524262,15.940229454231186,11.705249977111816,15.040114574057876,8.370385380165756,0.569806642910998,-0.03785495285880669,-0.03859006302804073,0.818002250003776,15414520.0,0.9535749410296266,1
2022-12-23,9.1899995803833,9.385000228881836,8.880000114440918,9.050000190734863,10908900,11.510749959945679,14.679500045776367,24.34847508907318,10.377902859650149,11.965211672386314,-1.5873088127361648,-1.5119364725464401,-0.07537234018972461,20.465120886689178,11.510749959945679,14.95981454522738,8.061685374663979,0.5992771274301882,0.0043715807126396555,0.004362053110704666,0.8216090189475116,15670060.0,0.6961619802349194,0
2022-12-27,8.90999984741211,9.164999961853027,8.630000114440918,8.970000267028809,14115500,11.32724995613098,14.512300033569336,24.238725085258483,10.152071626998142,11.738899685351187,-1.5868280583530456,-1.5269147897077613,-0.059913268645284345,23.17823138091667,11.32724995613098,14.92413110728356,7.730368804978401,0.6350846260271205,-0.03046787222589986,-0.030941666350200226,0.8193098926615136,15622235.0,0.9035518925429044,1
2022-12-28,9.029999732971191,9.189000129699707,8.760000228881836,8.805000305175781,11056200,11.138249921798707,14.324300022125245,24.152775087356567,9.979445181763227,11.538240429619336,-1.558795247856109,-1.533290881337431,-0.025504366518677823,27.745667076617877,11.138249921798707,14.803672162572164,7.472827681025249,0.6581684315773607,0.01346800085456068,0.01337811350034388,0.8168260627895598,15560215.0,0.7105428813162286,1
2022-12-29,9.65999984741211,9.949999809265137,9.039999961853027,9.199999809265137,16966600,10.925249910354614,14.126900005340577,24.059425086975097,9.930299745709208,11.399111497603986,-1.468811751894778,-1.5203950554489007,0.05158330355412266,32.31047493825649,10.925249910354614,14.400197247415074,7.450302573294154,0.6361314140314561,0.06976745659699213,0.06744129457098165,0.7904400212310603,15305915.0,1.108499557197332,1
2022-12-30,9.670000076293945,9.720000267028809,9.324999809265137,9.449999809265137,10458400,10.688249921798706,13.962100009918213,23.941075086593628,9.890253642722245,11.27102917009954,-1.3807755273772955,-1.49247114983458,0.11169562245728448,34.15560410988205,10.688249921798706,13.788887219905794,7.5876126236916175,0.5801955082998822,0.0010352203974945962,0.0010346849263807847,0.769596387338313,15110810.0,0.6921137913851078,0
2023-01-03,9.100000381469727,10.229999542236328,8.949999809265137,10.020000457763672,14783500,10.412249946594239,13.783500003814698,23.802825088500978,9.768676217914166,11.110212222793628,-1.3415360048794618,-1.4622841208435564,0.12074811596409463,17.71895169670448,10.412249946594239,12.97541531929184,7.849084573896636,0.4923365047601441,-0.05894515928925126,-0.06075386191240574,0.7717892641666128,15309050.0,0.9656706327303131,1
2023-01-04,9.890000343322754,10.050000190734863,9.140000343322754,9.350000381469727,16311100,10.256749963760376,13.615300025939941,23.64872509479523,9.787341467977026,11.019826157647637,-1.2324846896706116,-1.4163242346089675,0.18383954493835586,31.861813533093596,10.256749963760376,12.51852936912484,7.994970558395911,0.4410323764069297,0.08681317898202501,0.08324972490619731,0.7897601616475399,15364895.0,1.0615822626838647,0
2023-01-05,9.1899995803833,9.720999717712402,9.180000305175781,9.670000076293945,11763800,10.117999935150147,13.438100032806396,23.48487509727478,9.69544271603953,10.88428344822065,-1.18884073218112,-1.370827534123398,0.1819868019422779,30.5709046905653,10.117999935150147,12.276660588964114,7.959339281336179,0.4266971076595355,-0.07077863889176295,-0.07340828964129767,0.7803535144533904,15189455.0,0.7744715001295307,0
2023-01-06,9.0600004196167,9.33899974822998,8.800000190734863,9.100000381469727,12487400,10.003999948501587,13.206900024414063,23.312675099372864,9.59768236274371,10.749151372027764,-1.151469009284055,-1.3269558291555295,0.17548681987147452,35.85314078042262,10.003999948501587,12.131527974979173,7.876471922024001,0.4253354732966088,-0.014145719989377747,-0.014246724337257368,0.7658630411065398,14894975.0,0.8383632735200965,1
2023-01-09,9.430000305175781,9.819999694824219,9.210000038146973,9.3100004196167,13617600,9.894499969482421,12.98430004119873,23.139275097846983,9.571885123117875,10.651436478186877,-1.0795513550690021,-1.277474934338224,0.19792357926922177,42.73684798052979,9.894499969482421,11.893367992678568,7.895631946286273,0.4040361876519785,0.04083883757421902,0.040026962637394754,0.7776362626826567,14395485.0,0.9459632655655575,1
2023-01-10,10.0600004196167,10.079999923706055,9.100000381469727,9.3100004196167,12314300,9.830499982833862,12.773100032806397,22.965575103759765,9.646979784117693,10.607626399774272,-0.9606466156565787,-1.2141092706018948,0.25346265494531606,56.11815177945741,9.830499982833862,11.7130792986192,7.947920667048526,0.3830078468181109,0.0668080693587183,0.06467107737540329,0.8203988302381686,14372240.0,0.8568114643228891,1
2023-01-11,11.319999694824219,11.350000381469727,10.039999961853027,10.180000305175781,23287900,9.782999944686889,12.593100032806397,22.811375102996827,9.904367462687928,10.660394792000194,-0.7560273293122659,-1.122492882343969,0.36646555303170314,65.77181293966426,9.782999944686889,11.440951752342531,8.125048137031246,0.3389454803290825,0.12524843167506816,0.11800383943305141,0.8922299534176463,14841350.0,1.569122755005441,1
2023-01-12,12.199999809265137,12.210000038146973,10.84000015258789,11.470000267028809,21853500,9.803999948501588,12.435700035095214,22.656125102043152,10.257541669853653,10.774439608093893,-0.5168979382402394,-1.001373893523223,0.4844759552829836,69.86705891749646,9.803999948501588,11.575224925811753,8.032774971191422,0.36132700665321277,0.077738528106434,0.07486489028916024,0.9240393218263483,14810270.0,1.4755639161203677,1
2023-01-13,12.880000114440918,12.9399995803833,11.710000038146973,11.75,19009900,9.88299994468689,12.30410005569458,22.47977509498596,10.660996815174771,10.930407053008487,-0.269410237833716,-0.8549811623853216,0.5855709245516056,76.3046609122481,9.88299994468689,12.035150420218685,7.730849469155095,0.43552574877606726,0.05573773080384514,0.05423979345616647,0.9264575813030314,14840935.0,1.2809098618112673,1
2023-01-17,13.449999809265137,13.550000190734863,12.545000076293945,12.880000114440918,14529000,10.036999940872192,12.221100044250488,22.31327509403229,11.09007419888098,11.117043553471941,-0.026969354590960393,-0.6893788008264494,0.662409446235489,77.95276132557244,10.036999940872192,12.712928487802547,7.361071393941837,0.5332128250860232,0.044254634298111606,0.043303362305445306,0.8697415458908622,14696935.0,0.9885734678693211,0
2023-01-18,12.979999542236328,14.569999694824219,12.899999618530273,13.800000190734863,22009500,10.179999923706054,12.147300033569335,22.146775097846984,11.380831944012572,11.255040293380414,0.12579165063215747,-0.526344710534728,0.6521363611668854,76.05633785618396,10.179999923706054,13.16269377165504,7.197306075757068,0.5859909371911132,-0.034944258267204265,-0.03556941585772084,0.8769400342869424,14846010.0,1.4825195456557014,0
2023-01-19,12.25,12.6850004196167,11.90999984741211,12.420000076293945,20007200,10.318499946594239,12.069900016784668,21.974975094795226,11.514550106472177,11.328741012389271,0.1858090940829058,-0.38391394961120123,0.569723043694107,69.12114372065993,10.318499946594239,13.419245254633752,7.217754638554725,0.6010069921186474,-0.056240336516264366,-0.057883739018360525,0.8690842718366083,15169425.0,1.3189161751351814,1
2023-01-20,14.300000190734863,14.300000190734863,12.28499984741211,12.550000190734863,20373000,10.561499977111817,12.043300018310546,21.807975091934203,11.943080888666437,11.548834284859314,0.3942466038071224,-0.2282818389275365,0.6225284427346589,73.57723943633579,10.561499977111817,14.102806692951383,7.020193261272252,0.67060677432449,0.16734695434570312,0.15473361361322785,1.020749249291226,15613960.0,1.3047939151887158,1
2023-01-23,15.449999809265137,15.819999694824219,14.210000038146973,14.529999732971191,24866000,10.85849995613098,12.039500007629394,21.66602509021759,12.482606876450852,11.837809508889375,0.6447973675614769,-0.053665997629733814,0.6984633651912107,76.32058504539464,10.85849995613098,14.977688739375228,6.739311172886734,0.7587030989337437,0.08041955267073164,0.07734944039449206,1.0388201129440298,16270910.0,1.528248880978384,0
2023-01-24,14.319999694824219,16.049999237060547,14.1899995803833,15.119999885559082,20382600,11.116999959945678,12.083899993896484,21.533275094032287,12.765282694662138,12.021675448588253,0.7436072460738856,0.10578865111099006,0.6378185949628956,72.61698337086051,11.116999959945678,15.429117869181425,6.804882050709931,0.7757700683227883,-0.07313916688615574,-0.07595185077711432,1.074750970889871,16555095.0,1.2311980088305141,0
2023-01-25,14.140000343322754,14.239999771118164,12.859999656677246,13.380000114440918,22855200,11.36449999809265,12.066900005340576,21.410475091934202,12.976777717533002,12.178588403753771,0.7981893137792309,0.24426878364463822,0.5539205301345926,69.44190586910281,11.36449999809265,15.777955252136582,6.951044744048719,0.7767090949508838,-0.012569787383900799,-0.012649455472663674,1.08067945174777,17152410.0,1.332477476925983,1
2023-01-26,14.359999656677246,15.229999542236328,13.812000274658203,14.75,16196500,11.636999988555909,12.013899993896484,21.294375081062316,13.189581092785962,12.340174422488843,0.8494066702971192,0.3652963609751344,0.48411030932198484,74.73684969431307,11.636999988555909,16.085219310491986,7.188780666619831,0.7644958883407336,0.015558649788744994,0.015438854963130364,1.0621520300177512,17256460.0,0.938576046303819,1
2023-01-27,16.239999771118164,16.594999313354492,14.220000267028809,14.380000114440918,24317900,11.997499990463258,12.013099975585938,21.18707507610321,13.65887627406784,12.629050374239164,1.0298258998286762,0.4982022687458428,0.5316236310828335,79.42623191096432,11.997499990463258,16.716522269536675,7.278477711389839,0.7866676028880252,0.1309192311551859,0.12303078092801464,1.123508677605538,17919545.0,1.3570601262476252,0
2023-01-30,15.100000381469727,16.114999771118164,15.050000190734863,15.65999984741211,15513800,12.269500017166138,11.968899993896484,21.075175080299378,13.880587675206591,12.812083708108094,1.068503967098497,0.6122626084163737,0.45624135868212334,71.85813882147889,12.269500017166138,17.04797114463513,7.4910288896971435,0.7789186390290527,-0.07019700774108728,-0.07278255155604856,1.1701305554445183,17846905.0,0.8692711705474983,1
2023-01-31,16.190000534057617,16.5,14.859999656677246,15.350000381469727,17316700,12.595500040054322,11.990300006866455,20.96412507534027,14.235881961183672,13.06229976928954,1.1735821918941323,0.7245265251119255,0.44905566678220676,72.8220449777889,12.595500040054322,17.51480442098478,7.676195659123862,0.7811209345062641,0.07218543874512129,0.06969903159265096,1.1779623006760147,18189820.0,0.9519995250090435,1
2023-02-01,17.719999313354492,18.030000686645508,15.574999809265137,15.970000267028809,22555200,13.02649998664856,12.052899990081787,20.8767750787735,14.771900015363798,13.407314550331389,1.364585465032409,0.8525383130960222,0.5120471519363867,73.35766804441312,13.02649998664856,18.162024249800353,7.890975723496767,0.7884733840118868,0.09450270097757807,0.09030010575076265,1.1522796837394265,18578405.0,1.214054704911428,1
2023-02-02,21.139999389648438,22.75,18.719999313354492,18.774999618530273,39691200,13.588999938964843,12.205499973297119,20.806425080299377,15.751607611407588,13.98010601991043,1.7715015914971577,1.0363309687762494,0.7351706227209083,77.52463448692518,13.588999938964843,19.65769031265251,7.520309565277177,0.8931768932144031,0.19300226912065943,0.17647304514302253,1.2696704795656852,19747410.0,2.0099445952659107,0
2023-02-03,18.149999618530273,20.4950008392334,18.030000686645508,19.290000915527344,28836400,14.036999940872192,12.309299964904785,20.712025084495544,16.120590997118768,14.288987027215603,1.8316039699031652,1.1953855690016326,0.6362184009015326,64.20485319042166,14.036999940872192,20.06107789929584,8.012921982448546,0.8583141673860175,-0.14143802542313544,-0.15249641187696644,1.3731926145592543,20601040.0,1.3997545754971594,0
2023-02-06,17.010000228881836,18.2450008392334,16.850000381469727,17.84000015258789,18110600,14.434499931335449,12.396099967956543,20.623275094032287,16.257423186620777,14.49054356067236,1.766879625948416,1.3096843803909894,0.45719524555742663,59.30962644140396,14.434499931335449,20.115183342095403,8.753816520575494,0.7870980550462879,-0.06280988504730067,-0.0648691198297512,1.408166533274987,20882200.0,0.867274520883815,1
2023-02-07,17.209999084472656,17.600000381469727,16.1299991607666,16.889999389648438,24229000,14.823499870300292,12.474099941253662,20.544825081825255,16.403973324751835,14.691984710583492,1.7119886141683427,1.39014522714646,0.32184338702188264,61.220161115858964,14.823499870300292,20.1133160854668,9.533683655133785,0.7137067846932624,0.011757722098747259,0.011689137162548815,1.4105299661878319,21412770.0,1.13152105028915,0
2023-02-08,16.020000457763672,17.610000610351562,15.949999809265137,16.8799991607666,31802000,15.121499872207641,12.532899951934814,20.469125084877014,16.344900575984425,14.790356247411653,1.5545443285727725,1.4230250474317225,0.13151928114104994,59.761785808333826,15.121499872207641,19.931135938317826,10.311863806097456,0.6361321438688753,-0.06914576932096617,-0.07165258681131736,1.4508326771888245,22387155.0,1.420546737627001,0
2023-02-09,13.289999961853027,14.329999923706055,12.515000343322754,13.550000190734863,57168800,15.219999885559082,12.547099952697755,20.373225078582763,15.874915866118057,14.679218744777682,1.195697121340375,1.3775594622134533,-0.18186234087307818,47.47373554388649,15.219999885559082,19.77582412643696,10.664175644681206,0.5986628482435794,-0.17041201110500726,-0.18682610035992173,1.5617347110264423,24081200.0,2.3740012956164973,0
2023-02-10,12.520000457763672,13.4350004196167,12.359999656677246,12.899999618530273,22708500,15.235999917984008,12.541299953460694,20.284925079345705,15.358775034063537,14.519276649443311,0.8394983846202262,1.2699472466948079,-0.43044886207458166,42.52932111741485,15.235999917984008,19.749214791965052,10.722785044002965,0.5924409160246598,-0.05793826232502064,-0.05968446762025693,1.560967478771585,24123950.0,0.9413259437198302,1
2023-02-13,12.699999809265137,13.199999809265137,11.979999542236328,12.470000267028809,20373200,15.22699990272522,12.516899948120118,20.20162507534027,14.94973269178686,14.384515402022705,0.5652172897641545,1.1290012553086772,-0.5637839655445227,45.65916270533073,15.22699990272522,19.760668263836497,10.693331541613944,0.5954775582943128,0.014376944482445753,0.014274576211506816,1.5503006090149334,24192115.0,0.8421421607825526,1
2023-02-14,13.100000381469727,13.239999771118164,12.149999618530273,12.510000228881836,21397200,15.209499931335449,12.490699958801269,20.111075081825255,14.665158490199609,14.289366141241004,0.3757923489586048,0.9783594740386627,-0.6025671250800579,47.245761994844806,15.209499931335449,19.774641988083182,10.644357874587715,0.6003014007505107,0.03149610852062956,0.031010280880879558,1.5465390511306008,24535525.0,0.8720905707132821,1
2023-02-15,14.699999809265137,15.210000038146973,13.050000190734863,13.180000305175781,28733500,15.29549994468689,12.49229995727539,20.041075077056885,14.670518693132767,14.319783449983532,0.3507352431492343,0.8528346278607771,-0.5020993847115428,50.83909241059559,15.29549994468689,19.747193361929597,10.843806527444181,0.5820919137447438,0.12213735734379427,0.11523522148259782,1.594994806125429,24871725.0,1.1552676784581688,0
2023-02-16,13.579999923706055,14.399999618530273,13.529999732971191,13.890000343322754,19479300,15.361999940872192,12.503899955749512,19.957175073623656,14.502746574759428,14.264984670259276,0.237761904500152,0.7298200831886522,-0.4920581786885002,43.17948556933836,15.361999940872192,19.659193719298045,11.06480616244634,0.5594575960116656,-0.07619046939396334,-0.07924936429709059,1.6076698032786692,24845330.0,0.7840225909657871,0
2023-02-17,12.979999542236328,13.510000228881836,12.510000228881836,13.34000015258789,16221100,15.295999908447266,12.524199943542481,19.87157506942749,14.268477800525105,14.16980058670202,0.09867721382308403,0.6035915093155386,-0.5049142954924546,44.40927909245593,15.295999908447266,19.701065547448806,10.890934269445728,0.5759761591746385,-0.04418264984098641,-0.04518844050334274,1.5051438843607061,24637735.0,0.6583843847658886,0
2023-02-21,12.8100004196167,12.96500015258789,12.220000267028809,12.524999618530273,15183000,15.163999938964844,12.553599948883056,19.776825070381165,14.044096665000733,14.069074648399404,-0.024977983398670744,0.47787761077269675,-0.5028555941713675,40.631925738139664,15.163999938964844,19.705733047736377,10.622266830193311,0.5990151842590379,-0.013097005286206609,-0.013183527343490865,1.474689676665246,24153585.0,0.6286023379138128,1
2023-02-22,13.460000038146973,13.692000389099121,12.800000190734863,12.84000015258789,15714400,15.120999956130982,12.590399951934815,19.709025068283083,13.954235645484768,14.023958010602929,-0.06972236511816021,0.36835761559452534,-0.43807998071268556,37.58741113973062,15.120999956130982,19.71239150137218,10.529608410889782,0.6072867612673416,0.05074157667745993,0.04949617838507525,1.4645867560018015,23920175.0,0.6569517154452257,1
2023-02-23,13.6899995803833,13.880000114440918,12.960000038146973,13.6850004196167,13216100,15.09849991798401,12.637399940490722,19.6527250623703,13.913583943161466,13.999220349105178,-0.08563640594371158,0.277558811286878,-0.36319521723058956,23.335709669476287,15.09849991798401,19.714477645944093,10.482522190023927,0.6114485217782377,0.017087633104345246,0.016943281598346946,1.4647432276423045,23438220.0,0.5638696112588755,0
2023-02-24,13.069999694824219,13.449999809265137,12.75,13.15999984741211,13178200,15.033999919891357,12.653399925231934,19.615125060081482,13.783801751109582,13.93038918952881,-0.14658743841922828,0.19272956134565675,-0.33931699976488505,28.103438523658866,15.033999919891357,19.728804772137302,10.339195067645413,0.6245583181139024,-0.045288524803718255,-0.04634610436223025,1.473401700185483,23287305.0,0.5658963113164018,0
2023-02-27,12.84000015258789,13.40999984741211,12.829999923706055,13.40999984741211,12306900,14.863999938964843,12.674599933624268,19.588375058174133,13.63860150518317,13.84961963123689,-0.2110181260537214,0.11198002386578113,-0.3229981499195025,30.495780635887854,14.863999938964843,19.620753903385758,10.107245974543929,0.6400368654404318,-0.017597517031879395,-0.017754194141190203,1.3894614472232605,22686755.0,0.5424707059251092,1
2023-02-28,13.619999885559082,13.970000267028809,12.720000267028809,12.819999694824219,25098400,14.78999991416931,12.720999927520753,19.583325057029725,13.635739717548695,13.832610761186682,-0.19687104363798724,0.05020981036502746,-0.24708085400301472,34.07275700072951,14.78999991416931,19.577245780367022,10.002754047971598,0.6473625279215007,0.06074764203285343,0.05897398217334233,1.3895266545599108,23165985.0,1.0834160515946116,0
2023-03-01,12.609999656677246,13.489999771118164,12.300000190734863,13.399999618530273,16132600,14.610999870300294,12.765799922943115,19.556175050735472,13.477933554337703,13.742046975667463,-0.26411342132976046,-0.012654835973930127,-0.2514585853558303,34.62578163260656,14.610999870300294,19.4453237112081,9.776676029392487,0.6617375790598031,-0.07415567087872832,-0.07704916956835112,1.3836802497701204,23106780.0,0.6981760331816029,1
2023-03-02,12.930000305175781,12.989999771118164,11.960000038146973,12.279999732971191,11054000,14.371499919891358,12.82199993133545,19.50227505683899,13.393636131389714,13.681895370445858,-0.2882592390561438,-0.06777571659037286,-0.22048352246577096,47.92626864815637,14.371499919891358,19.02866058007855,9.714339259704165,0.6481105919558603,0.025376737288734796,0.02506009363531604,1.3361586416041855,22531720.0,0.4905972557798517,1
2023-03-03,13.630000114440918,13.850000381469727,12.949999809265137,13.039999961853027,11803500,13.995999956130982,12.904999942779542,19.455675053596497,13.4299998210899,13.678051277408454,-0.24805145631855297,-0.10383086453600888,-0.1442205917825441,56.44599272261018,13.995999956130982,17.39694945680004,10.595050455461921,0.48598878412817736,0.054137648317373444,0.0527230377187791,1.127888360368809,21137335.0,0.558419498011457,0
2023-03-06,13.170000076293945,14.359999656677246,13.114999771118164,13.755000114440918,14277700,13.746999979019165,12.979599952697754,19.395325055122374,13.389999860352061,13.640417855103674,-0.2504179947516132,-0.13314829057912975,-0.11726970417248345,52.64342153946234,13.746999979019165,16.542756763419632,10.951243194618698,0.4067442771029875,-0.03374908542074073,-0.0343317325564935,1.033985391505861,20409400.0,0.6995649063666742,0
2023-03-07,12.0,13.326000213623047,11.949999809265137,13.010000228881836,15136100,13.496499967575073,13.029399948120117,19.333075051307677,13.176153727990206,13.518905421392292,-0.3427516934020858,-0.17506897114372094,-0.16768272225836484,44.30641503085818,13.496499967575073,15.936389920643364,11.05661001450678,0.3615589165976442,-0.08883827407107991,-0.09303487176019959,1.0542655396140193,20260675.0,0.7470679037100195,1
2023-03-08,12.130000114440918,12.420000076293945,11.630000114440918,12.0,13782100,13.242500019073486,13.08899995803833,19.26517505645752,13.015207018213392,13.4160235468033,-0.40081652858990857,-0.22021848263295848,-0.1805980459569501,34.310133542373194,13.242500019073486,15.02333222253989,11.46166781560708,0.2689571003815639,0.010833342870076423,0.010775082602494029,1.0539578410975552,19738330.0,0.698240428648219,0
2023-03-09,11.3100004196167,12.539999961853027,11.130000114440918,12.029999732971191,17953800,13.007000017166138,13.131399974822997,19.19762506008148,12.752867541506209,13.260021833678367,-0.5071542921721583,-0.2776056445407985,-0.22954864763135985,35.614702445697674,13.007000017166138,14.456124387790311,11.557875646541966,0.22282222937059643,-0.06760096348622446,-0.06999440516107795,1.0529225581759767,19045920.0,0.942658585145795,0
2023-03-10,10.369999885559082,11.204999923706055,10.029999732971191,11.17199993133545,24806200,12.86100001335144,13.160599975585937,19.12687505722046,12.386272517514342,13.04594613381768,-0.659673616303337,-0.3540192388933062,-0.30565437741003076,34.14337725218688,12.86100001335144,14.720381775371244,11.001618251331635,0.289150417555325,-0.08311233414520725,-0.08677031602374896,0.9192522904580407,17427790.0,1.42337037570455,0
2023-03-13,10.329999923706055,10.59000015258789,9.40999984741211,10.069999694824219,20041200,12.75149998664856,13.186599979400635,19.07472505569458,12.069922887697683,12.84476493306867,-0.7748420453709883,-0.4381838001888427,-0.33665824518214565,34.69135388207286,12.75149998664856,14.926576667225106,10.576423306072012,0.3411483641695421,-0.003857276981143465,-0.0038647354597878916,0.9023129246285814,17294425.0,1.1588243032075365,0
2023-03-14,10.010000228881836,10.916000366210938,9.84000015258789,10.760000228881836,20790000,12.617000007629395,13.19359998703003,19.009675054550172,11.75301170941832,12.634782362388163,-0.881770652969843,-0.5269011707450428,-0.3548694822248002,27.79922760967102,12.617000007629395,15.114300316564492,10.119699698694298,0.39586277362685274,-0.030977705439267145,-0.031467659553432364,0.9017325843365827,17315265.0,1.200674664811656,0
2023-03-15,9.84000015258789,9.914999961853027,9.3100004196167,9.652000427246094,21858600,12.453999996185303,13.196999988555909,18.91877505302429,11.458702239136716,12.427761457958512,-0.9690592188217959,-0.6153327803603935,-0.3537264384614024,25.032429255858204,12.453999996185303,15.22871575084298,9.679284241527625,0.44559430793441157,-0.01698302421646747,-0.017128889621385823,0.8882455160947552,17338335.0,1.2607092895598107,1
2023-03-16,9.960000038146973,10.029999732971191,9.359999656677246,9.789999961853027,16201400,12.217000007629395,13.214199981689454,18.816825051307678,11.22813266975368,12.24496431575025,-1.0168316459965698,-0.6956325534876289,-0.32119909250894096,28.432734811215468,12.217000007629395,14.993693097762769,9.44030691749602,0.4545621819430887,0.012195110131936637,0.012121348855462866,0.7402448869097532,16711730.0,0.9694627665717434,0
2023-03-17,9.489999771118164,9.960000038146973,9.170000076293945,9.829999923706055,17437800,12.0125,13.206199970245361,18.72177505016327,10.96072760842514,12.040892867999727,-1.0801652595745868,-0.7725390947050205,-0.3076261648695663,27.516778265751753,12.0125,14.963502431327322,9.061497568672676,0.4913219448619893,-0.047188781649467826,-0.04833848692290043,0.7169152298147402,16609655.0,1.0498592535486138,0
2023-03-20,9.289999961853027,9.73799991607666,9.149999618530273,9.359999656677246,13693100,11.828000020980834,13.208199977874756,18.646625051498415,10.703692585875583,11.83712302309997,-1.133430437224387,-0.8447173632088938,-0.2887130740154933,18.486176166251937,11.828000020980834,14.978943711182286,8.677056330779383,0.5327939946926311,-0.021074796005139618,-0.021300039784116993,0.7098561975840809,16483255.0,0.8307279114471019,1
2023-03-21,10.5,10.739999771118164,9.399999618530273,9.460000038146973,20853800,11.7125,13.236999969482422,18.567025051116943,10.672355264971646,11.738076873240711,-1.0657216082690653,-0.8889182122209282,-0.1768033960481371,35.077797290405144,11.7125,14.881181390546185,8.543818609453815,0.5410768649812056,0.13024758268197245,0.12243670844397092,0.8788573038621517,16766795.0,1.2437558877531454,0
2023-03-22,9.760000228881836,10.989999771118164,9.729999542236328,10.619999885559082,23931000,11.527500009536743,13.243599967956543,18.490325050354002,10.531992951727059,11.591552677362275,-1.059559725635216,-0.9230465149037859,-0.1365132107314302,28.838450112390973,11.527500009536743,14.69863868527872,8.356361333794766,0.5501867140522199,-0.07047616867792039,-0.07308283328746906,0.8758961329816481,17177625.0,1.3931495186325233,1
2023-03-23,9.989999771118164,10.75,9.65999984741211,9.8100004196167,18147800,11.342500019073487,13.242199954986573,18.421675052642822,10.448609385479537,11.4729191287516,-1.0243097432720631,-0.9432991605774413,-0.0810105826946218,24.07406979728171,11.342500019073487,14.412544594046821,8.272455444100153,0.5413347268786888,0.023565526315840968,0.02329214587335864,0.87929117943362,17424210.0,1.0415278511909578,1
2023-03-24,10.329999923706055,10.359999656677246,9.670000076293945,9.79800033569336,14626400,11.205500030517578,13.222399959564209,18.351575050354004,10.430361775975923,11.388258446896376,-0.9578966709204533,-0.9462186626460438,-0.011678008274409457,29.42028761160408,11.205500030517578,14.19443035897078,8.216569702064376,0.5334755825823052,0.03403405008785443,0.03346770599651237,0.8871286216373243,17496620.0,0.8359557445952418,0
2023-03-27,10.220000267028809,10.65999984741211,9.920000076293945,10.5,12077000,11.074500036239623,13.182799968719483,18.286025052070617,10.397998466907136,11.301720803943223,-0.9037223370360863,-0.9377193975240524,0.033997060487966135,34.760274168339535,11.074500036239623,13.990571495165614,8.158428577313632,0.5266281004801281,-0.010648563164536995,-0.010705664842258166,0.8867053639610483,17485125.0,0.6907013818888913,0
2023-03-28,9.470000267028809,10.234999656677246,9.109999656677246,10.140000343322754,23167300,10.86700005531311,13.11459997177124,18.227475051879882,10.255229513079701,11.166037801208821,-0.91080828812912,-0.932337175645066,0.02152888751594606,29.41176296908678,10.86700005531311,13.60562132826845,8.12837878235777,0.5040252616206383,-0.07338551667357662,-0.07621767550829517,0.8727301611963088,17388570.0,1.3323292254624732,1
2023-03-29,10.5,10.569999694824219,9.539999961853027,9.729999542236328,16388000,10.761500072479247,13.055599975585938,18.177775049209593,10.292886511067438,11.116701667785946,-0.8238151567185081,-0.9106327718597544,0.08681761514124631,43.928032037742064,10.761500072479247,13.377212002012328,8.145788142946166,0.4861240369681046,0.1087644882711658,0.10324632176815138,0.9507348640906128,17401340.0,0.9417665536102392,0
2023-03-30,10.420000076293945,10.899999618530273,10.329999923706055,10.800000190734863,10385200,10.636000061035157,13.00439998626709,18.140275049209595,10.312442444179208,11.065094142490244,-0.7526516983110358,-0.8790365571500108,0.126384858838975,50.4302943505862,10.636000061035157,13.046437068702316,8.225563053367997,0.4532600590136818,-0.007619040352957573,-0.007648213516381089,0.9428119239374859,17367900.0,0.5979536961866432,1
2023-03-31,11.270000457763672,11.4399995803833,10.40999984741211,10.600000381469727,16148500,10.518000078201293,12.984799995422364,18.108125047683714,10.45975906165374,11.080272388066053,-0.620513326412313,-0.8273319110024713,0.20681858459015823,57.09970306437793,10.518000078201293,12.505218258787965,8.530781897614622,0.37786996877956097,0.08157393236527155,0.07841732502248211,0.9717986425538975,17585150.0,0.9183032274390608,1
2023-04-03,11.289999961853027,11.425000190734863,10.829999923706055,11.199999809265137,10730900,10.424000072479249,12.924599990844726,18.071575045585632,10.587488430915169,11.095807763902124,-0.5083193329869555,-0.7635293953993681,0.2552100624124126,60.12658218297604,10.424000072479249,12.022952444694988,8.825047700263509,0.3067828781845824,0.0017745788178364919,0.0017730061131635139,0.9673471876349411,17407810.0,0.6164417005930097,0
2023-04-04,10.8100004196167,11.479999542236328,10.630000114440918,11.470000267028809,10657200,10.364500093460084,12.831800003051757,18.042025051116944,10.621721044561559,11.074636849510611,-0.45291580494905226,-0.7014066773093051,0.2484908723602528,57.31523777782604,10.364500093460084,11.796355482901774,8.932644704018394,0.27629994240536104,-0.042515460040581377,-0.04344570431417005,0.9278646898833922,17183865.0,0.6201864365205383,0
2023-04-05,10.399999618530273,10.755000114440918,10.010000228881836,10.600000381469727,9749600,10.27800006866455,12.753400001525879,18.002525053024293,10.58761005594136,11.024663721289846,-0.4370536653484862,-0.6485360749171414,0.21148240956865516,53.179188122618825,10.27800006866455,11.445374236228366,9.110625901100734,0.22715978979663426,-0.03792791722213118,-0.03866590100102721,0.933912915534691,16982240.0,0.5741056539066696,1
2023-04-06,10.569999694824219,10.890000343322754,10.119999885559082,10.319999694824219,9311300,10.241000032424926,12.681999988555908,17.95932505607605,10.584900769615645,10.990984904514614,-0.40608413489896833,-0.6000456869135068,0.19396155201453846,58.15710043776828,10.241000032424926,11.313722160312212,9.168277904537641,0.20949558138674856,0.0163461617816838,0.01621400154272006,0.9077160921621258,16550115.0,0.5626124048080633,1
2023-04-10,11.130000114440918,11.149999618530273,10.279999732971191,10.40999984741211,9345900,10.279000043869019,12.617399997711182,17.918625054359435,10.668762207281071,11.001282327472117,-0.33252012019104527,-0.5465405735690145,0.21402045337796927,63.18051771675598,10.279000043869019,11.422474048240726,9.13552603949731,0.22248740139927148,0.0529801736788047,0.05162440455939139,0.8740728919928747,15777100.0,0.5923712215806454,1
2023-04-11,11.699999809265137,11.800000190734863,11.220000267028809,11.25,10343700,10.347500038146972,12.52659999847412,17.868825054168703,10.827414146047852,11.053039177975304,-0.22562503192745176,-0.482357465240702,0.25673243331325024,59.4637220890404,10.347500038146972,11.656060931478283,9.03893914481566,0.2529230999772285,0.05121291005960171,0.049944649931929014,0.8884608156780194,15292225.0,0.6764025509695286,0
2023-04-12,10.9399995803833,12.269000053405762,10.904999732971191,12.180000305175781,14415100,10.394000005722045,12.443399982452393,17.80712504863739,10.84473498209946,11.04466587444997,-0.1999308923505101,-0.4258721506626636,0.2259412583121535,59.27672496226164,10.394000005722045,11.718067089528796,9.069932921915294,0.25477527094051056,-0.0649572855787568,-0.06716306686393901,0.9158429895869685,14973480.0,0.9627087357114045,1
2023-04-13,11.369999885559082,11.625,11.039999961853027,11.119999885559082,11221900,10.470499992370605,12.346999969482422,17.75047504425049,10.925544967247093,11.068764690087683,-0.14321972284058937,-0.3693416650982488,0.22612194225765941,60.51829288237722,10.470499992370605,11.835945342547726,9.105054642193485,0.26081760205760196,0.039305331048350434,0.03855253905963408,0.9189013037695141,14441645.0,0.77705136776316,0
2023-04-14,11.039999961853027,11.539999961853027,10.6850004196167,11.4399995803833,11261100,10.524499988555908,12.213399982452392,17.702975039482116,10.943153427955698,11.066633969477708,-0.12348054152201016,-0.3201694403830011,0.19668889886099095,55.41984746161752,10.524499988555908,11.890361566711578,9.158638410400238,0.2595584739685259,-0.029023740283866117,-0.029453260303672773,0.9284858884271996,14194630.0,0.7933352260678862,1
2023-04-17,11.510000228881836,11.628000259399414,10.829999923706055,10.930000305175781,10452500,10.625500011444093,12.020799999237061,17.66542503833771,11.030360628098181,11.099475914618754,-0.06911528652057264,-0.26995860961051543,0.2008433230899428,59.3342967605026,10.625500011444093,11.967807115851215,9.28319290703697,0.2526576825488502,0.042572488102610606,0.04169120522566026,0.9138799952653088,13845365.0,0.7549457887170183,1
2023-04-18,11.680000305175781,11.744999885559082,11.34000015258789,11.600000381469727,7794900,10.74500002861023,11.89140001296997,17.633525042533876,11.130305193802428,11.142477721326681,-0.01217252752425324,-0.218401393193263,0.20622886566900975,67.45655396387217,10.74500002861023,12.01001928180602,9.47998077541444,0.23546193575197397,0.01476977175616101,0.014661760908876453,0.9058930870449224,13550455.0,0.5752500561789253,0
2023-04-19,11.489999771118164,11.680000305175781,11.229999542236328,11.40999984741211,6317600,10.794500017166138,11.781000003814697,17.605025038719177,11.185642821081771,11.16822009538531,0.017422725696460972,-0.1712365694153182,0.18865929511177917,59.016388601493496,10.794500017166138,12.096101844229358,9.492898190102919,0.24116018805749687,-0.0162671685867527,-0.016400931587570187,0.7972164470024645,12823645.0,0.4926524400823635,0
2023-04-20,10.920000076293945,11.399999618530273,10.899999618530273,11.229999542236328,6764900,10.852500009536744,11.655200023651123,17.560475039482117,11.144774706499028,11.149833427304468,-0.005058720805440231,-0.13800099969334262,0.1329422788879024,54.180600993288245,10.852500009536744,12.059983274984567,9.64501674408892,0.22252628691762,-0.04960832951946603,-0.050881094637190004,0.7738680045470246,11965340.0,0.5653746571346907,1
2023-04-21,10.989999771118164,11.414999961853027,10.890000343322754,10.970000267028809,9055700,10.902500009536743,11.554600009918213,17.514575037956238,11.120963177978895,11.137993897216594,-0.017030719237698833,-0.11380694360221386,0.09677622436451502,47.3076861003456,10.902500009536743,12.040418214511444,9.764581804562042,0.2087444538370704,0.006410228418970432,0.006389770285773091,0.771314795391895,11510735.0,0.7867177899586777,0
2023-04-24,10.529999732971191,10.949999809265137,10.260000228881836,10.859999656677246,7589400,10.9125,11.499400005340576,17.449175033569336,11.030045724900788,11.092957292457676,-0.06291156755688831,-0.10362786839314875,0.04071630083626043,43.26241086782652,10.9125,12.032610413480546,9.792389586519453,0.20528942286012303,-0.041856237281811204,-0.04275744680213449,0.7815604576440076,11158885.0,0.6801217146695212,0
2023-04-25,9.949999809265137,10.4399995803833,9.944999694824219,10.4399995803833,7439000,10.898999977111817,11.447999992370605,17.382225031852723,10.863884814802995,11.008293775184155,-0.1444089603811598,-0.11178408679075097,-0.03262487359040883,42.50870767531486,10.898999977111817,12.060014105679086,9.737985848544549,0.21304966162132827,-0.055080715898783716,-0.05665576878585436,0.8066794627822211,10926985.0,0.6807916364852702,0
2023-04-26,9.84000015258789,10.350000381469727,9.760000228881836,10.140000343322754,8154000,10.91749997138977,11.39079999923706,17.324575028419495,10.706364097539133,10.921753506843691,-0.2153894093045583,-0.13250515129351242,-0.08288425801104587,44.85294659038675,10.91749997138977,11.99114364874464,9.8438562940349,0.19668306483507095,-0.011055242089031747,-0.011116805430106807,0.7606298379092743,10176320.0,0.8012719725794787,1
2023-04-27,10.15999984741211,10.414999961853027,9.829999923706055,9.970000267028809,10349600,10.900499963760376,11.331999988555909,17.264375023841858,10.622308059058053,10.865327309848759,-0.24301925079070585,-0.1546079711929511,-0.08841127959775474,46.33273849534422,10.900499963760376,12.01207506714128,9.788924860379472,0.20394937976724525,0.03252029368516429,0.03200270056078125,0.6617228599107872,9874400.0,1.0481244430041319,0
2023-04-28,9.859999656677246,10.496000289916992,9.795000076293945,10.050000190734863,10387700,10.872499942779541,11.23519998550415,17.20972501754761,10.50502984330716,10.790858594799017,-0.2858287514918576,-0.18085212725273242,-0.10497662423912518,38.08629947521073,10.872499942779541,12.060614501614918,9.684385383944164,0.21855407037723779,-0.029527578271694277,-0.029972293337050992,0.6692345688201988,9874525.0,1.0519695884105817,1
2023-05-01,9.989999771118164,10.130000114440918,9.420000076293945,9.859999656677246,16321100,10.808499908447265,11.163399982452393,17.15057501792908,10.425794447585776,10.731535718970806,-0.3057412713850294,-0.20582995607919183,-0.09991131530583755,32.515338260845326,10.808499908447265,12.043434961419543,9.573564855474988,0.22851183113895895,0.013184596244167235,0.013098435954575582,0.5961063679448017,9883155.0,1.6514058516738834,0
2023-05-02,9.010000228881836,9.920000076293945,9.0,9.890000343322754,14544000,10.694499921798705,11.083999996185304,17.080325021743775,10.207979952400555,10.604014571556807,-0.3960346191562518,-0.24387088869460383,-0.152163730461648,31.11546495918516,10.694499921798705,12.14450141986573,9.244498423731681,0.2711677046462868,-0.09809805452344256,-0.10324947272603155,0.6798391387980702,10073810.0,1.4437437275469758,1
2023-05-03,9.260000228881836,9.859999656677246,8.979999542236328,9.104999542236328,18858200,10.616999912261964,11.012999992370606,17.007425022125243,10.062136918013058,10.504457953580882,-0.442321035567824,-0.2835609180692479,-0.1587601174985761,28.60040634655833,10.616999912261964,12.200548200479412,9.033451624044515,0.2983042858253301,0.027746947130879995,0.02736897635201304,0.6814683616716299,10483860.0,1.7987840356509912,0
2023-05-04,9.130000114440918,9.279999732971191,8.800000190734863,9.149999618530273,14838600,10.553499937057495,10.926399993896485,16.92292501926422,9.918731255925037,10.402646261792738,-0.48391500586770064,-0.32363173562893843,-0.1602832702387622,29.809724817551796,10.553499937057495,12.269962268624756,8.837037605490234,0.32528778922717105,-0.01403888890147642,-0.01413836623386944,0.6722169135804928,10738310.0,1.3818375517190322,1
2023-05-05,10.710000038146973,10.8149995803833,9.279999732971191,9.279999732971191,23230000,10.560499954223634,10.866800003051758,16.828125019073486,10.040464914728412,10.425413208189347,-0.3849482934609352,-0.3358950471953378,-0.04905324626559737,43.150682358966,10.560499954223634,12.278386904695198,8.842613003752069,0.32534197394404646,0.17305584927726003,0.159612180879987,0.9233800043558535,11434245.0,2.0316164294188206,1
2023-05-08,11.9399995803833,11.979999542236328,10.789999961853027,10.904999732971191,20473300,10.600999927520752,10.844200000762939,16.739075016975402,10.332701017136856,10.537604791314825,-0.20490377417796957,-0.30969679259186417,0.1047930184138946,51.884053083457715,10.600999927520752,12.411133845724354,8.79086600931715,0.3415024866672058,0.11484589522458499,0.10871618479921205,0.9920529894869162,11990615.0,1.7074436965910422,1
2023-05-09,12.300000190734863,12.73900032043457,11.539999961853027,11.600000381469727,27208400,10.630999946594239,10.83340000152588,16.66672501564026,10.635362428459626,10.668152598679272,-0.0327901702196467,-0.2543154681174207,0.22152529789777398,55.72843397341932,10.630999946594239,12.535265459933168,8.72673443325531,0.3582476762120542,0.03015080594667885,0.029705205064592993,0.9818911379534656,12833850.0,2.1200497122843105,0
2023-05-10,12.25,12.96500015258789,11.609999656677246,12.109999656677246,31110200,10.696499967575074,10.806000003814697,16.59712501525879,10.883768208696607,10.785326480258584,0.09844172843802212,-0.18376402880633214,0.28220575724435426,60.15267235590488,10.696499967575074,12.73117073025584,8.661829204894307,0.3804367351654435,-0.004065056094269548,-0.0040733408945351594,0.948176411491357,13668605.0,2.2760332894249267,1
2023-05-11,12.470000267028809,13.1899995803833,11.859999656677246,12.199999809265137,18486600,10.75149998664856,10.803200016021728,16.543975014686584,11.127803909978484,10.910117131130454,0.21768677884803012,-0.10347386727545971,0.3211606461234898,61.04478013465028,10.75149998664856,12.918023051988563,8.584976921308556,0.403017824123227,0.01795920547173946,0.017799844114906406,0.9416239232447315,14031840.0,1.3174751137413196,0
2023-05-12,12.069999694824219,12.449999809265137,11.569999694824219,12.449999809265137,15471500,10.80299997329712,10.786000003814697,16.47412500858307,11.27275710764706,10.996034358070734,0.2767227495763258,-0.02743454390510261,0.3041572934814284,61.59638465532359,10.80299997329712,13.046015785586624,8.559984161007614,0.4152579501682489,-0.03207702996303918,-0.03260277128002871,0.9432011168499455,14242360.0,1.0863017084247273,1
2023-05-15,12.800000190734863,12.979999542236328,11.843000411987305,12.130000114440918,14335600,10.86749997138977,10.769400005340577,16.408975009918212,11.50771758196826,11.129661456786595,0.378056125181665,0.05366358991225091,0.3243925352694141,70.9867451928641,10.86749997138977,13.264988797962872,8.47001114481667,0.4412217773885123,0.06048057285566277,0.058722176001118793,0.9544662231280547,14436515.0,0.99300973953894,0
2023-05-16,12.390000343322754,12.829999923706055,12.100000381469727,12.619999885559082,12291300,10.902999973297119,10.753800010681152,16.336725010871888,11.643453391407412,11.223019892826311,0.4204334985811009,0.1270175716460209,0.29341592693508,67.98307329234821,10.902999973297119,13.371130345472258,8.43486960112198,0.452743351044651,-0.0320312376017684,-0.0325554624760165,0.9638070289005913,14661335.0,0.8383479403478605,1
2023-05-17,13.15999984741211,13.449999809265137,12.399999618530273,12.600000381469727,15053800,10.986499977111816,10.777000007629395,16.26667500972748,11.876768230792749,11.366499889462295,0.5102683413304536,0.20366772558290747,0.30660061574754616,69.89389678867288,10.986499977111816,13.643980202046906,8.329019752176725,0.48377194383496497,0.06214685090822658,0.060292190951630485,0.9812881439420402,15098145.0,0.9970628842152464,1
2023-05-18,14.6899995803833,14.739999771118164,13.220000267028809,13.300000190734863,21996000,11.174999952316284,10.828199996948243,16.199375009536745,12.309573053806679,11.61268505175274,0.6968880020539387,0.30231178087711374,0.394576221176825,77.53705628048333,11.174999952316284,14.305370628356362,8.044629276276206,0.5602453135386787,0.11626137923337909,0.10998504731865337,1.0264900490790685,15859700.0,1.3869114800406062,0
2023-05-19,13.760000228881836,14.649999618530273,13.680000305175781,14.59000015258789,14829700,11.313499975204468,10.877199993133544,16.10872501373291,12.532715696125933,11.771745435243785,0.7609702608821483,0.3940434768781207,0.36692678400402756,69.69697271674218,11.313499975204468,14.64787134152966,7.979128608879277,0.5894500152265973,-0.06330833070569764,-0.06540111248194824,1.065001028956903,16148400.0,0.9183386589383469,1
2023-05-22,14.529999732971191,14.835000038146973,13.579999923706055,13.789999961853027,16413200,11.513499975204468,10.960399990081788,16.018625016212464,12.839990163332896,11.976060568408778,0.8639295949241177,0.4880207004873201,0.3759088944367976,79.4871779196674,11.513499975204468,15.11883672136685,7.908163229042085,0.626279889508291,0.05595926535474538,0.05444961006538261,1.0542826132652985,16589590.0,0.9893674286103514,0
2023-05-23,14.40999984741211,15.40999984741211,14.270000457763672,14.380000114440918,17572200,11.736499977111816,11.041999988555908,15.92367500782013,13.081530114729699,12.15635236685347,0.9251777478762282,0.5754521099651018,0.34972563791112643,77.89815749699639,11.736499977111816,15.48359009659128,7.989409857632351,0.6385362121223417,-0.00825876722397867,-0.008293059782031495,1.0237456469161803,17096250.0,1.0278394384733494,0
2023-05-24,14.300000190734863,14.369999885559082,13.604999542236328,14.050000190734863,13270100,11.959499979019165,11.127799987792969,15.820675001144409,13.268987049499724,12.315141094548387,0.953845954951337,0.6511308789623489,0.30271507598898806,78.06732133670981,11.959499979019165,15.761812086434556,8.157187871603774,0.6358647291418332,-0.007633564041779062,-0.00766284881843908,1.022413893830806,17352055.0,0.7647566815573141,0
2023-05-25,13.710000038146973,14.760000228881836,13.5,14.569999694824219,11407300,12.136999988555909,11.20519998550415,15.72632499217987,13.336835201599301,12.418463979259393,0.9183712223399088,0.7045789476378609,0.21379227470204787,68.24817670681612,12.136999988555909,15.916986542029052,8.357013435082765,0.6228864722810132,-0.041258751378909664,-0.04213405424732121,1.044465221091849,17404940.0,0.6554058790205539,1
2023-05-26,14.079999923706055,14.25,13.569999694824219,13.75,8104100,12.348000001907348,11.287599983215332,15.612824997901917,13.451168235769572,12.541540715885072,0.9096275198845003,0.7455886620871889,0.16403885779731142,64.53804648877443,12.348000001907348,16.063388067209747,8.632611936604949,0.6017797318964201,0.026987591869408245,0.026629848954649638,1.0301884475919263,17290760.0,0.4686954188248521,1
2023-05-30,14.739999771118164,14.949999809265137,14.020000457763672,14.289999961853027,11760300,12.585500001907349,11.392599983215332,15.501674990653992,13.649450010438585,12.704389534791225,0.9450604756473595,0.785483024799223,0.15957745084813646,65.92689251155147,12.585500001907349,16.273400219404124,8.897599784410572,0.5860554156668977,0.046874989416788804,0.04580952592195808,1.0342088396787574,17062720.0,0.6892394647512238,1
2023-05-31,14.859999656677246,15.779999732971191,14.300000190734863,14.699999809265137,17195400,12.877999973297118,11.503999977111816,15.380024995803833,13.835688417552225,12.864064358634634,0.9716240589175911,0.8227112316228967,0.14891282729469435,66.88227770532347,12.877999973297118,16.289464034830665,9.466535911763572,0.5298127144909629,0.008141104981169045,0.008108144952543106,0.9351568366650933,17195290.0,1.0000063971006015,0
2023-06-01,14.579999923706055,15.229999542236328,14.380000114440918,14.725000381469727,13232300,13.14399995803833,11.585599975585938,15.260825004577637,13.95019788003743,12.991170696788073,0.9590271832493578,0.8499744219481891,0.1090527613011687,63.54300502974571,13.14399995803833,16.176201704480242,10.111798211596417,0.46138188620238735,-0.018842512748334816,-0.01902229483806245,0.9491138564576964,16913995.0,0.7823284800545347,1
2023-06-02,15.699999809265137,15.880000114440918,14.59000015258789,15.079999923706055,15227900,13.47249994277954,11.704399967193604,15.139775004386902,14.219398176841693,13.191824705119707,1.0275734717219862,0.8854942319029486,0.14207923981903758,71.32785685781137,13.47249994277954,16.065420303803705,10.879579581755374,0.38492044862302144,0.07681755085183783,0.07400997885781367,0.9548738631300968,16933460.0,0.8992787061829065,0
2023-06-05,15.550000190734863,16.459999084472656,15.119999885559082,15.819999694824219,14801400,13.714499950408936,11.815599975585938,15.030575008392335,14.424106178979104,13.366504370720829,1.0576018082582745,0.9199157471740138,0.13768606108426074,67.33922583258331,13.714499950408936,16.11838682386246,11.310613076955415,0.3505613594583656,-0.009554115946023956,-0.0096000493143942,0.7966685734912478,16512030.0,0.8964009876435545,1
2023-06-06,15.819999694824219,16.25,15.25,15.255000114440918,12844200,13.908499956130981,11.9253999710083,14.930925006866454,14.63885902757066,13.548244765098858,1.090614262471803,0.9540554502335716,0.1365588122382313,72.01541109076034,13.908499956130981,16.335551450513563,11.481448461748402,0.349002624587523,0.017363311947110383,0.01721429215785245,0.713517277560213,16130575.0,0.7962642373256998,1
2023-06-07,16.200000762939453,19.5,16.1299991607666,18.420000076293945,65058700,14.10349998474121,12.044999980926514,14.857325010299682,14.879034679165859,13.744671135309272,1.1343635438565869,0.9901170689581748,0.14424647489841214,70.54055307972462,14.10349998474121,16.61173712084804,11.595262848634379,0.3556900257128416,0.024020295540180037,0.02373634628436221,0.7121332840324935,18023090.0,3.609741725752909,1
2023-06-08,18.850000381469727,19.030000686645508,16.297000885009766,16.520000457763672,41192100,14.433500003814697,12.232599983215332,14.80412501335144,15.4899524795203,14.122843672061899,1.3671088074584006,1.06551541665822,0.30159339080018066,74.4131571274023,14.433500003814697,17.57236529804969,11.294634709579702,0.4349416695057205,0.16358021566225145,0.15150164479777511,0.8816840348365632,18527185.0,2.2233329024349895,0
2023-06-09,17.389999389648438,19.579999923706055,17.360000610351562,19.18000030517578,27936400,14.679499959945678,12.3703999710083,14.744475011825562,15.782267388770782,14.36485520669794,1.4174121820728427,1.1358947697411446,0.28151741233169814,70.05524567284732,14.679499959945678,17.939286703912472,11.419713215978884,0.44412776359704514,-0.07745363195093224,-0.08061764086279645,0.9514669407849292,18999675.0,1.4703619930340914,1
2023-06-12,18.260000228881836,18.860000610351562,17.459999084472656,17.549999237060547,20602500,14.98899998664856,12.527199974060059,14.684625015258788,16.163457056480176,14.65338446760045,1.5100725888797264,1.210730333568861,0.29934225531086534,70.38251509645504,14.98899998664856,18.378431887138255,11.599568086158865,0.45225590813380867,0.0500288021718549,0.048817594433080695,0.9382270100123674,19256225.0,1.0699137551622917,1
2023-06-13,18.739999771118164,19.25,18.149999618530273,18.6299991607666,19438300,15.285999965667724,12.676599960327149,14.622175016403197,16.55984824334756,14.956096712305467,1.603751531042093,1.2893345730635075,0.3144169579785854,72.76550904045124,15.285999965667724,18.90126818499887,11.670731746336577,0.47301690794858303,0.026286940647301416,0.02594737689530634,0.9276674497293593,19511360.0,0.9962555147360307,0
2023-06-14,17.040000915527344,17.899999618530273,16.454999923706055,17.690000534057617,38468200,15.518499994277954,12.791599979400635,14.584525022506714,16.633717885221373,15.1104599866182,1.5232578986031733,1.3361192381714406,0.18713866043173266,62.34234624342083,15.518499994277954,18.942620647203604,12.094379341352305,0.44129531258668114,-0.09071498806583955,-0.09509668946743217,0.9930805315797215,20820205.0,1.8476379075037925,1
2023-06-15,17.280000686645508,17.459999084472656,16.354999542236328,16.790000915527344,15607600,15.724500036239624,12.920999984741211,14.55097502708435,16.733146008517394,15.271166705138741,1.4619793033786532,1.3612912512128832,0.10068805216577004,66.60465565212655,15.724500036239624,19.04535921701899,12.403640855460257,0.42238025668554374,0.01408449285348734,0.013986227983039808,0.9792181975927543,20847895.0,0.7486415295165292,0
2023-06-16,16.670000076293945,17.43000030517578,16.510000228881836,17.149999618530273,12287600,15.823500061035157,13.046399993896484,14.516625022888183,16.723431249713787,15.374783991890979,1.3486472578228081,1.3587624525348683,-0.010115194712060127,61.7834404300646,15.823500061035157,19.132539072514124,12.51446104955619,0.4182436248257572,-0.0353009598444628,-0.035939101772914636,0.9181939946747515,20362475.0,0.6034433436996239,0
2023-06-20,16.049999237060547,16.850000381469727,15.829999923706055,16.5,12107400,15.938000011444093,13.15599998474121,14.479725017547608,16.619826324690212,15.424799935977614,1.1950263887125985,1.3260152397704144,-0.13098885105781588,55.981732304421875,15.938000011444093,19.101686290692456,12.77431373219573,0.3969991563529572,-0.03719261166141741,-0.03790189929856873,0.8957400453200582,20226360.0,0.5985951006508339,0
2023-06-21,15.5,16.059999465942383,15.154999732971191,15.890000343322754,12325000,15.986500024795532,13.243399982452393,14.441425018310547,16.44754535166095,15.430370311090384,1.0171750405705655,1.2642471999304448,-0.24707215935987925,52.81195227103121,15.986500024795532,19.08844036319117,12.884559686399891,0.3880699757400856,-0.034267866866346086,-0.0348687781156544,0.8905082133814748,20021950.0,0.6155744070882206,0
2023-06-22,14.890000343322754,15.539999961853027,14.869999885559082,15.319999694824219,9323700,16.010500049591066,13.307199993133544,14.403625016212464,16.20792304268584,15.39034290607056,0.8175801366152822,1.1749137872674122,-0.3573336506521301,51.32365678312053,16.010500049591066,19.06819438450783,12.952805714674302,0.38196112869002646,-0.039354816559822314,-0.04015015417201333,0.9032528888599739,19609525.0,0.47546791673944167,0
2023-06-23,14.8100004196167,15.0649995803833,14.550000190734863,14.779999732971191,10643800,16.036000061035157,13.384600009918213,14.366175022125244,15.992858023752127,15.347354573740644,0.6455034500114838,1.0690317198162267,-0.4235282698047429,45.82943119360518,16.036000061035157,19.04169585228193,13.030304269788385,0.3748685183096399,-0.005372728130387805,-0.005387213140145018,0.9029311388629744,19478210.0,0.5464465163893397,1
2023-06-26,14.84000015258789,15.697999954223633,14.765000343322754,14.850000381469727,9037100,16.092500066757204,13.454000015258789,14.325075025558471,15.815495274342245,15.309772764766365,0.5057225095758806,0.9563698777681575,-0.4506473681922769,46.63507097009106,16.092500066757204,18.95307707192356,13.231923061590848,0.35551679270463904,0.002025640251262617,0.002023591408394694,0.8875779979732733,19359700.0,0.4667995888366039,1
2023-06-27,15.199999809265137,15.489999771118164,14.6899995803833,14.979999542236328,12195200,16.148500061035158,13.53720001220703,14.2825750207901,15.720803664330383,15.301641434729236,0.419162229601147,0.8489283481347555,-0.42976611853360847,47.086466797211294,16.148500061035158,18.884323181990105,13.41267694008021,0.33883309417154306,0.024258736723427043,0.023969167282447194,0.886750499183358,19564255.0,0.6233408836676888,1
2023-06-28,15.479999542236328,15.539999961853027,14.850000381469727,15.0,11892700,16.185500049591063,13.616599998474122,14.228725018501281,15.683756876315913,15.314853146396427,0.36890372991948617,0.7529234244917017,-0.3840196945722155,46.58443411548508,16.185500049591063,18.860455970618762,13.510544128563364,0.33053732202673386,0.018421035295047794,0.01825342328639972,0.8747149540553987,19570875.0,0.6076733922218603,0
2023-06-29,15.380000114440918,16.1299991607666,15.119999885559082,15.664999961853027,10243500,16.211500072479247,13.690599994659424,14.17167501449585,15.637025066796683,15.319678847733055,0.31734621906362825,0.665807983406087,-0.3484617643424588,28.28535181098482,16.211500072479247,18.841947600240644,13.581052544717847,0.32451624044672633,-0.006459911547320618,-0.006480867071894175,0.8752999156939435,19223280.0,0.5328695207061438,0
2023-06-30,15.329999923706055,16.09000015258789,15.104999542236328,15.779999732971191,11020500,16.249000072479248,13.767399997711182,14.127375011444093,15.589790429398125,15.320443371879204,0.26934705751892096,0.5865157982286539,-0.3171687407097329,34.346503898471056,16.249000072479248,18.80175223886932,13.696247906089177,0.31420421625988415,-0.0032509876698840756,-0.0032562836114410597,0.8718544184134774,19112690.0,0.5766064326894854,1
2023-07-03,16.1200008392334,16.530000686645508,15.449999809265137,15.449999809265137,9692500,16.27000012397766,13.871400012969971,14.086325016021728,15.671361261680476,15.379669850942477,0.2916914107379984,0.5275509207305228,-0.23585950999252436,33.538461403028464,16.27000012397766,18.810617607114747,13.729382640840573,0.3123070023082411,0.051533001921656885,0.05024910123315735,0.8481025795719099,18835920.0,0.5145753432802858,0
2023-07-05,15.420000076293945,15.885000228881836,15.25,15.850000381469727,10879700,16.263500118255614,13.960000019073487,14.043475017547607,15.632690310082548,15.382657275042586,0.2500330350399622,0.47204734359241074,-0.22201430855244852,25.297618794197916,16.263500118255614,18.812524982576896,13.71447525393433,0.31346571719331545,-0.04342436268587335,-0.04439541605719605,0.8629502106913015,18639835.0,0.5836800593996674,0
2023-07-06,13.789999961853027,14.479999542236328,12.8100004196167,14.399999618530273,28003500,16.162000131607055,14.025200023651124,14.00092502117157,15.349199487278007,15.264682659250767,0.08451682802724036,0.3945412404793767,-0.31002441245213636,25.563904706575954,16.162000131607055,18.93702871589819,13.386971547315921,0.34340162872096225,-0.10570688108794568,-0.11172168404397755,0.9391017742028329,19397800.0,1.4436430935466908,0
2023-07-07,13.649999618530273,14.135000228881836,13.59000015258789,13.84000015258789,12700100,16.034500074386596,14.099200019836426,13.955675015449524,15.087784122855279,15.145076508086285,-0.05729238523100655,0.3041745153373001,-0.36146690056830666,22.290073023776046,16.034500074386596,19.027906848409835,13.04109330036336,0.37337076430650756,-0.010152309188544817,-0.010204195354464221,0.932805862388202,16779870.0,0.7568652200523603,1
2023-07-10,14.779999732971191,14.789999961853027,13.399999618530273,13.460000038146973,13031100,15.83100004196167,14.198000011444092,13.918875017166137,15.040432678257726,15.118033784003686,-0.07760110574595913,0.22781939112064828,-0.30542049686660744,36.633662164344095,15.83100004196167,18.560209814178865,13.101790269744475,0.34479309771753497,0.08278389348135295,0.07953540376868556,0.76613029605997,15371820.0,0.8477265541751074,1
2023-07-11,16.209999084472656,16.524999618530273,14.932999610900879,15.4399995803833,27264500,15.77200002670288,14.318999996185303,13.893275012969971,15.220365971521563,15.198920102556944,0.021445868964619308,0.18654468668944252,-0.1650988177248232,51.01522756632212,15.77200002670288,18.408757392574188,13.135242660831572,0.3343592900592353,0.09675232593620597,0.09235338181525958,0.8136791660478283,15338225.0,1.7775524873314872,1
2023-07-12,16.360000610351562,16.940000534057617,16.09000015258789,16.739999771118164,15479600,15.677000045776367,14.44900001525879,13.875075016021729,15.39569437749541,15.284926066097286,0.11076831139812349,0.1713894116311787,-0.060621100233055225,55.74866606743292,15.677000045776367,18.061132876479455,13.292867215073281,0.3041567677159522,0.009253641847678518,0.009211089213739783,0.7915023177415917,15082080.0,1.0263571072425024,1
2023-07-13,17.450000762939453,17.979999542236328,16.270000457763672,16.579999923706055,22101500,15.612500095367432,14.598200035095214,13.865925016403198,15.71174151371757,15.445301969567076,0.26643954415049365,0.1903994381350417,0.07604010601545194,66.08040071563894,15.612500095367432,17.698936684242536,13.526063506492326,0.26727770390780603,0.06662592371165377,0.06450032388774092,0.8244377983340188,15215240.0,1.4525896403868752,0
2023-07-14,16.389999389648438,17.780000686645508,16.17300033569336,17.329999923706055,13595500,15.580000019073486,14.745800018310547,13.852675008773804,15.816088879245395,15.515279556239769,0.3008093230056268,0.21248141510915872,0.08832790789646808,58.836679921739,15.580000019073486,17.591723828148833,13.568276209998139,0.2582443910927518,-0.06074506171611527,-0.06266833685342178,0.7878478909103278,13971605.0,0.9730807591540127,1
2023-07-17,17.1200008392334,17.540000915527344,15.899999618530273,16.350000381469727,12892300,15.57200002670288,14.903000030517578,13.84132501602173,16.01669071924355,15.634147799424483,0.3825429198190662,0.24649371605114023,0.13604920376792595,61.82572343182488,15.57200002670288,17.556345365270015,13.587654688135746,0.2548606903627507,0.04453944336605731,0.04357606421776518,0.8027420461690463,13835840.0,0.931804646483336,0
2023-07-18,17.040000915527344,17.940000534057617,16.90999984741211,17.18000030517578,12291700,15.59050006866455,15.061200046539307,13.823225021362305,16.174123057133365,15.738285067283954,0.4358379898494107,0.28436257081079436,0.15147541903861633,59.829060090311685,15.59050006866455,17.62423156144369,13.55676857588541,0.2608936831816896,-0.004672892510771409,-0.004683844604938501,0.791786841993843,13836045.0,0.8883824821327193,1
2023-07-19,17.649999618530273,18.670000076293945,17.290000915527344,17.559999465942383,19552900,15.670500087738038,15.200000038146973,13.816175022125243,16.401180989655966,15.879893552561459,0.5212874370945073,0.331747544067537,0.18953989302697033,61.19710579166448,15.670500087738038,17.89707176571402,13.443928409762057,0.2841736594887926,0.035798044027514075,0.035172186636991044,0.7858940509812508,14208320.0,1.3761584761604468,0
2023-07-20,17.1200008392334,17.6299991607666,16.579999923706055,17.149999618530273,12579200,15.751500129699707,15.303600063323975,13.807975025177003,16.511768658821723,15.971753351574195,0.5400153072475273,0.37340109670353505,0.16661421054399228,58.59683838232394,15.751500129699707,18.06800674819336,13.434993511206057,0.29413155565111415,-0.030028260099249082,-0.030488342032052546,0.7831572815018067,14221030.0,0.884549150096723,0
2023-07-21,17.1200008392334,17.579999923706055,16.530000686645508,17.350000381469727,10347500,15.86300015449524,15.400000076293946,13.79852502822876,16.605342840423518,16.056808721030432,0.5485341193930857,0.4084277012414452,0.14010641815164054,58.887786949800194,15.86300015449524,18.219242972771426,13.506757336219053,0.2970740459343029,0.0,0.0,0.76508510711365,14272220.0,0.7250098442989248,0
2023-07-24,17.06999969482422,17.360000610351562,16.635000228881836,17.149999618530273,7133000,15.976000118255616,15.496400070190429,13.775825023651123,16.67682851033132,16.131859904274418,0.5449686060569015,0.43573588220453646,0.10923272385236499,55.09109579281582,15.976000118255616,18.336378796671582,13.61562143983965,0.2954905684707381,-0.00292062745082311,-0.0029249008057898474,0.7645613554659806,14096680.0,0.5060056694200337,1
2023-07-25,17.600000381469727,18.510000228881836,17.1200008392334,17.299999237060547,18258700,16.114000129699708,15.599000072479248,13.759225025177003,16.81885495204492,16.240611050733328,0.5782439013115912,0.46423748602594744,0.11400641528564376,61.899560227215936,16.114000129699708,18.51707235285044,13.710927906548974,0.29825893059559205,0.03104866409612228,0.03057640479007467,0.768368241303238,14557760.0,1.2542245510298287,1
2023-07-26,17.729999542236328,17.770000457763672,16.68000030517578,17.34000015258789,14981400,16.240500116348265,15.71220006942749,13.743125019073487,16.9590310428436,16.350936124177995,0.6080949186656035,0.49300897255387865,0.11508594611172485,75.71800383337099,16.240500116348265,18.706526287041978,13.77447394565455,0.3036884520829902,0.007386315792553777,0.007359170549000073,0.7664548220569615,14697070.0,1.019346032916765,0
2023-07-27,16.43000030517578,19.344999313354492,16.290000915527344,18.329999923706055,18385900,16.28800015449524,15.784800071716308,13.730775022506714,16.877641698587013,16.35679273017783,0.520848968409183,0.49857697172493953,0.02227199668424351,65.75963821798308,16.28800015449524,18.728816593828018,13.847183715162462,0.29970732025799374,-0.07332201187956577,-0.07614914364404372,0.8186487271567594,15021730.0,1.22395356593415,1
2023-07-28,17.270000457763672,17.530000686645508,16.780000686645508,16.959999084472656,11981700,16.382500171661377,15.882400074005126,13.724175024032593,16.93800458461419,16.42443774703604,0.5135668375781499,0.5015749448955816,0.011991892682568284,64.59554657658379,16.382500171661377,18.82164513349354,13.943355209829212,0.2977744466685766,0.051125997381952226,0.04986196804140094,0.8340301705336097,15108640.0,0.7930363024070995,1
2023-07-31,19.389999389648438,19.399999618530273,17.5,17.549999237060547,23277700,16.585500144958495,16.007000064849855,13.724375019073486,17.315234554619458,16.644108979822143,0.6711255747973155,0.5354850708759284,0.13564050392138705,67.24511867761592,16.585500144958495,19.31440579332537,13.856594496591619,0.329071251938867,0.12275615956522623,0.11578651911203429,0.9278815256392581,15721500.0,1.4806284387622046,1
2023-08-01,19.610000610351562,19.738000869750977,18.520000457763672,19.049999237060547,14847000,16.760000133514403,16.10540008544922,13.723375024795532,17.668275486270552,16.863804656157654,0.8044708301128978,0.5892822227233223,0.21518860738957546,67.49192507918883,16.760000133514403,19.79297009433644,13.727030172692368,0.3619295867136789,0.011346117979796011,0.011282233555846755,0.916894986988837,15979225.0,0.9291439353285281,0
2023-08-02,17.770000457763672,18.899999618530273,17.100000381469727,18.68000030517578,15840200,16.877500152587892,16.185600090026856,13.718425025939942,17.683925481884877,16.930930271091434,0.7529952107934434,0.6220248203373466,0.13097039045609682,51.593623832888916,16.877500152587892,19.873749830625542,13.881250474550242,0.3550584684874938,-0.09382968359606303,-0.098528003405724,0.9726472915812867,16227250.0,0.9761481458657505,0
2023-08-03,17.450000762939453,17.739999771118164,16.910999298095703,17.40999984741211,9460000,17.060500192642213,16.24400011062622,13.719325027465821,17.64793706358558,16.96937993715425,0.678557126431329,0.6333312815561432,0.04522584487518588,55.69893258198831,17.060500192642213,19.68702488709803,14.433975498186397,0.30790711465641246,-0.018007860809278187,-0.01817197555714249,0.88109743241269,15300075.0,0.6182976227240716,0
2023-08-04,16.690000534057617,17.770000457763672,16.610000610351562,17.770000457763672,11466700,17.212500238418578,16.28960012435913,13.71062502861023,17.50056221288897,16.9486851665545,0.551877046334468,0.6170404345118081,-0.06516338817734013,47.69560344802914,17.212500238418578,19.305706160994433,15.119294315842723,0.24321927594269957,-0.04355301980822457,-0.04452992269749174,0.900642226005482,15238405.0,0.7524868908524219,0
2023-08-07,15.65999984741211,16.690000534057617,15.350000381469727,16.610000610351562,12664500,17.256500244140625,16.316800117492676,13.691275024414063,17.217398772046376,16.853226994766175,0.3641717772802018,0.5664667030654869,-0.20229492578528507,43.28793175105016,17.256500244140625,19.163090264815942,15.34991022346531,0.22097064801105207,-0.061713640125036995,-0.06370008885354395,0.8952408848595251,15220075.0,0.8320918260915271,1
2023-08-08,15.800000190734863,15.829999923706055,14.920000076293945,15.039999961853027,12455300,17.236000299453735,16.358600120544434,13.680725026130677,16.999337451844603,16.775210194467558,0.2241272573770452,0.49799881392779854,-0.27387155655075335,40.57084939519455,17.236000299453735,19.19797990832359,15.274020690583882,0.22766066080099048,0.008939996467872913,0.008900271285889777,0.8267263633465085,14479615.0,0.8601955231544485,0
2023-08-09,15.520000457763672,16.030000686645508,15.210000038146973,15.48799991607666,11264600,17.19400029182434,16.387400131225586,13.668175024986267,16.77174714506292,16.682231695452455,0.08951544961046665,0.41630214106433217,-0.3267866914538655,41.63179837013491,17.19400029182434,19.26771949934327,15.120281084305415,0.24121428083317759,-0.017721501872853374,-0.017880407854593636,0.828265957212739,14268865.0,0.7894531204829536,0
2023-08-10,14.989999771118164,15.949999809265137,14.779999732971191,15.630000114440918,9910200,17.071000242233275,16.392400131225585,13.651625027656555,16.497632164456036,16.556881182538802,-0.059249018082766725,0.3211919092349124,-0.38044092731767915,39.44499190652974,17.071000242233275,19.36129926800221,14.78070121646434,0.2683262835534131,-0.034149527771462296,-0.034746247404616376,0.7951602583848237,13659300.0,0.7255276624717225,1
2023-08-11,15.15999984741211,15.3100004196167,14.609999656677246,14.720000267028809,7266400,17.00950026512146,16.398400135040283,13.637175030708313,16.29184257721851,16.453408491047938,-0.16156591382942764,0.2246403446220444,-0.38620625845147205,40.64642672933082,17.00950026512146,19.4386433297225,14.58035720052042,0.28562192030792083,0.011340899192106235,0.011277073303523502,0.7705910591576048,13342845.0,0.5445915020372342,0
2023-08-14,15.130000114440918,15.149999618530273,14.579999923706055,14.920000076293945,7420100,16.910000228881835,16.40940013885498,13.60972502708435,16.113097582945034,16.3553782409289,-0.24228065798386567,0.1312561441008624,-0.37353680208472806,37.2811521249995,16.910000228881835,19.47907958188864,14.340920875875026,0.30385326058350814,-0.001978874226460703,-0.0019808347849555362,0.7501225312513657,13069235.0,0.5677532005507591,0
2023-08-15,14.5,14.9399995803833,14.439000129699707,14.899999618530273,6479000,16.783000183105468,16.385400142669678,13.579425029754638,15.864928724030413,16.217942815674906,-0.3530140916444928,0.03440209695179135,-0.3874161885962842,34.182178117202355,16.783000183105468,19.56714408901479,13.998856277196149,0.33178143067792687,-0.041639134810026235,-0.04253088593757703,0.7612327529679025,12778600.0,0.5070195483073263,0
2023-08-16,14.369999885559082,14.71500015258789,14.260000228881836,14.350000381469727,6901400,16.61900019645691,16.361800136566163,13.548175024986268,15.6349396719579,16.081058154184845,-0.44611848222694483,-0.06170201888395589,-0.38441646334298896,38.60619472527486,16.61900019645691,19.56955356558601,13.668446827327811,0.35508193444249947,-0.0089655251338564,-0.009005957299472562,0.7442822656394762,12146025.0,0.5682023542681659,0
2023-08-17,14.220000267028809,14.571000099182129,14.079999923706055,14.369999885559082,7397200,16.47400016784668,16.329800148010253,13.51767502784729,15.417256686584194,15.94320201439551,-0.525945327811316,-0.15455068066942793,-0.3713946471418881,31.736528724266066,16.47400016784668,19.600662537506455,13.347337798186901,0.3795875121771914,-0.010438386898041219,-0.010493248973564295,0.7402467059073917,11886925.0,0.6222971878765955,1
2023-08-18,14.5,14.510000228881836,13.670000076293945,13.739999771118164,7594700,16.34300012588501,16.295800132751467,13.489825029373169,15.27614027326355,15.836298161477325,-0.5601578882137748,-0.2356721221782973,-0.32448576603547746,12.442413325535952,16.34300012588501,19.573519818511283,13.112480433258737,0.39533986021447615,0.019690557504447703,0.019499206273036918,0.7464188912831246,11749285.0,0.6463967807402748,1
2023-08-21,14.649999618530273,14.8149995803833,14.359999656677246,14.5600004196167,5522500,16.222000122070312,16.211800117492675,13.465775032043457,15.179810941766124,15.748424195333097,-0.5686132535669728,-0.3022603484560324,-0.2663529051109404,11.490678722846567,16.222000122070312,19.518477520344273,12.925522723796353,0.4064205860520301,0.0103448012779499,0.010291659997658078,0.7489158081113267,11668760.0,0.4732722242980402,0
2023-08-22,14.220000267028809,15.380000114440918,14.15999984741211,14.920000076293945,7328200,16.053000116348265,16.148400135040283,13.448875031471253,15.032147761037306,15.6352076080513,-0.6030598470139932,-0.3624202481676245,-0.24063959884636865,14.711725852936581,16.053000116348265,19.39822527731156,12.707774955384972,0.4167725829088533,-0.029351492334346085,-0.029790866270694886,0.7393066968553764,11122235.0,0.6588783639259556,1
2023-08-23,14.510000228881836,14.579999923706055,13.960000038146973,14.100000381469727,6969800,15.892000150680541,16.073400135040284,13.438075032234192,14.951817371474926,15.551858913298005,-0.6000415418230798,-0.4099445068987156,-0.1900970349243642,20.599994659423828,15.892000150680541,19.207200417480898,12.576799883880184,0.4172162390343786,0.02039380846746086,0.020188639516680047,0.7446896881019908,10721655.0,0.6500675502056352,0
2023-08-24,13.8100004196167,14.579999923706055,13.739999771118164,14.550000190734863,24674200,15.761000156402588,15.974800148010253,13.426525030136109,14.776153225035198,15.422832358210501,-0.6466791331753026,-0.457291432154033,-0.18938770102126956,20.850198794779516,15.761000156402588,19.191733838456923,12.330266474348253,0.4353446669640021,-0.04824257741028859,-0.049445084863982545,0.7208706572859203,11036070.0,2.2357777723410597,1
2023-08-25,17.790000915527344,18.31999969482422,15.0,15.09000015258789,85735900,15.787000179290771,15.989800148010254,13.43732503414154,15.239822100495529,15.598178177271008,-0.358356076775479,-0.43750436107832225,0.07914828430284326,63.49810667228798,15.787000179290771,19.273317093768735,12.300683264812807,0.4416693323474183,0.2881969858782314,0.25324355533458526,1.2639751321595691,14723780.0,5.822954431538641,1
2023-08-28,17.950000762939453,18.1299991607666,17.06999969482422,18.100000381469727,29435800,15.715000247955322,16.003200149536134,13.448875036239624,15.656772663948441,15.772387257690893,-0.11561459374245153,-0.3731264076111481,0.2575118138686966,63.59039742664634,15.715000247955322,18.937510389105114,12.492490106805532,0.41011900608389384,0.008993807710963031,0.008953604297102968,1.184418200751963,15031685.0,1.9582501895163449,1
2023-08-29,19.149999618530273,19.440000534057617,17.885000228881836,17.950000762939453,26439600,15.692000198364259,16.05280014038086,13.484125032424927,16.19419219542257,16.022580765901218,0.17161142952135222,-0.26417884018464804,0.43579026970600027,70.55492625276976,15.692000198364259,18.802062914055227,12.581937482673288,0.39638830950501314,0.06685230109117346,0.06471253826868703,1.2085552998494729,15611315.0,1.6936177381597899,1
2023-08-30,20.030000686645508,20.1299991607666,18.770000457763672,19.049999237060547,22398500,15.80500020980835,16.13240016937256,13.509325037002563,16.784316578687637,16.31942668595635,0.46488989273128567,-0.1183650936014613,0.583254986332747,77.45099016967302,15.80500020980835,19.364690056153155,12.245310363463545,0.4504510976387983,0.045953059302607624,0.0449284882520158,1.163710458047383,15939230.0,1.4052435406227277,1
2023-08-31,20.809999465942383,21.1200008392334,19.881000518798828,20.110000610351562,19815400,15.973000144958496,16.238600158691405,13.528325033187866,17.40365240749606,16.652061706696056,0.7515907008000049,0.05562606527883196,0.6959646355211729,78.85598208221747,15.973000144958496,20.12710077547565,11.818899514441341,0.5201403108768267,0.03894152533988282,0.03820243078345363,1.1642269142006603,16457000.0,1.2040712158959712,1
2023-09-01,21.860000610351562,22.040000915527344,20.709999084472656,20.975000381469727,18959200,16.231500148773193,16.37800016403198,13.556225032806397,18.0892444387046,17.037834958818685,1.0514094798859155,0.2547827482002487,0.7966267316856668,81.12859122169579,16.231500148773193,21.147100708801673,11.315899588744713,0.6056865372853427,0.050456567580773326,0.04922489592728959,1.1534747776414156,16831625.0,1.1264034221294736,1
2023-09-05,21.93000030517578,22.489999771118164,21.610000610351562,21.770000457763672,12892900,16.54500017166138,16.520400161743165,13.579325037002564,18.680129956623244,17.40021757706736,1.2799123795558849,0.45980867447137597,0.8201037050845089,86.24391067205488,16.54500017166138,22.069214967275094,11.020785376047662,0.6677805667328679,0.0032021817415262,0.0031970656763774478,1.1180933827682618,16843045.0,0.7654732264860659,1
2023-09-06,22.100000381469727,22.450000762939453,21.474000930786133,21.709999084472656,12989500,16.86000018119812,16.6656001663208,13.614225039482116,19.206263868138088,17.74834963665272,1.4579142314853684,0.6594297858741744,0.7984844456111939,87.56074809230346,16.86000018119812,22.89976334320849,10.82023701918775,0.716460628362955,0.00775194135559687,0.007722049439079501,1.118243679477114,16869755.0,0.7699874716615623,1
2023-09-07,22.479999542236328,22.67799949645996,20.84000015258789,21.559999465942383,14985800,17.208000135421752,16.811200160980224,13.653675036430359,19.70991551030705,18.098842222251506,1.6110732880555432,0.8497584863104483,0.7613148017450949,89.25856065673727,17.208000135421752,23.707242596526267,10.708757674317237,0.7553745246347564,0.017194531864588525,0.01704837887755679,1.1098809851701512,17055815.0,0.8786328885485684,0
2023-09-08,22.469999313354492,22.549999237060547,21.469999313354492,22.399999618530273,11802300,17.58200011253357,16.95100015640259,13.698475031852722,20.134543787698966,18.42263163640728,1.7119121512916848,1.0221892193066957,0.6897229319849891,88.87805266553417,17.58200011253357,24.397034804092677,10.766965420974465,0.7752286028824348,-0.000444850048286094,-0.00044494902342264196,1.0941143339840804,17150420.0,0.6881639050239002,1
2023-09-11,23.56999969482422,23.875,22.65999984741211,23.09000015258789,13454000,18.002500104904176,17.114800148010254,13.751525030136108,20.663075465718237,18.80391815925298,1.8591573064652565,1.189582836738408,0.6695744697268484,89.82143298095632,18.002500104904176,25.214565487092706,10.790434722715647,0.8012293115025557,0.04895417957649739,0.04779364836148895,1.0972080171721759,17459800.0,0.7705701096232488,1
2023-09-12,23.8700008392334,24.350000381469727,23.1200008392334,23.389999389648438,13024300,18.4395001411438,17.2856001663208,13.807525033950805,21.156448600105186,19.179183542955233,1.9772650571499533,1.347119280820717,0.6301457763292362,93.58626922715426,18.4395001411438,25.970808710663043,10.908191571624558,0.8168668903030336,0.012728092842320127,0.012647771508834622,1.0937739327480946,17740010.0,0.7341765872736261,0
2023-09-13,23.350000381469727,24.219999313354492,23.270999908447266,23.950000762939453,9888800,18.882000160217284,17.430200157165526,13.85772503376007,21.4939181049305,19.488132938400753,2.0057851665297477,1.4788524579625233,0.5269327085672244,89.11504096157368,18.882000160217284,26.47839982771638,11.285600492718189,0.80461811281032,-0.021784685357404077,-0.022025475057298766,1.0799058878379086,17910500.0,0.5521230563077525,1
2023-09-14,23.6200008392334,24.149999618530273,23.485000610351562,23.760000228881836,9611600,19.344500207901,17.594200172424316,13.910425038337708,21.821007756361716,19.794197227351322,2.026810529010394,1.5884440721720976,0.43836645683829634,95.12418951953335,19.344500207901,26.910525315174567,11.778475100627432,0.7822404327803028,0.011563188580413941,0.011496845847902696,1.0735243743985237,18046010.0,0.5326163512045045,1
2023-09-15,24.3700008392334,24.485000610351562,23.437999725341797,23.524999618530273,11556200,19.85200023651123,17.805800189971922,13.969375042915344,22.213160538341977,20.13314564304629,2.0800148952956867,1.6867582367968155,0.39325665849887126,93.06281941530787,19.85200023651123,27.331889442125085,12.372111030897376,0.7535652948318081,0.03175275077696993,0.03125905577442425,1.0643919151067145,18253960.0,0.6330790688705354,1
2023-09-18,25.010000228881836,25.6299991607666,23.899999618530273,24.295000076293945,14582700,20.37750024795532,18.033000202178954,14.030375041961669,22.643443567655805,20.49439413088596,2.149049436769843,1.7792164767914211,0.369832959978422,93.47289862231659,20.37750024795532,27.75020351792495,13.004796977985691,0.7236121389039765,0.026261771342170004,0.025922851966874043,1.0638722070874433,18603360.0,0.7838745258920969,0
2023-09-19,23.75,25.1299991607666,23.110000610351562,25.079999923706055,15692900,20.83250026702881,18.212400207519533,14.079525041580201,22.81368301878568,20.735550121190705,2.078132897594976,1.8389997609521322,0.23913313664284397,78.11735413974985,20.83250026702881,27.830598804694684,13.834401729362934,0.6718443247776292,-0.0503798567513315,-0.05169322356049017,1.099599414951766,19111880.0,0.821107081040693,0
2023-09-20,23.100000381469727,24.549999237060547,23.06999969482422,24.06999969482422,11017700,21.276500272750855,18.35020023345947,14.122975044250488,22.857731843813998,20.910694584915078,1.94703725889892,1.86060726054149,0.08642999835742993,69.30817232833265,21.276500272750855,27.6026739786384,14.95032656686331,0.5946629967137569,-0.02736840499074833,-0.02774989643906149,1.098286420113579,19296355.0,0.5709731190165189,0
2023-09-21,21.25,22.15999984741211,21.049999237060547,22.05500030517578,20415100,21.61350026130676,18.448000221252443,14.156125044822693,22.61038848322723,20.93582831936581,1.6745601638614183,1.8233978412054759,-0.14883767734405762,52.43902671112071,21.61350026130676,27.081898466517835,16.145102056095688,0.5060169004648257,-0.08008659527788375,-0.08347573867116286,1.1618313081228848,19968620.0,1.0223590813987147,0
2023-09-22,20.18000030517578,21.6299991607666,20.020000457763672,21.375,15009500,21.932000255584718,18.502600212097168,14.192025046348572,22.236482609680852,20.879841059055437,1.3566415506254152,1.730046583089464,-0.37340503246404877,40.70796385490311,21.932000255584718,26.065878703087478,17.79812180808196,0.3769723143651813,-0.05035292681525738,-0.05166486532227819,1.1635349873571794,19485385.0,0.770295275151094,1
2023-09-25,20.219999313354492,20.489999771118164,19.010000228881836,20.0,17756400,22.053500175476074,18.57920021057129,14.233300042152404,21.926254410246028,20.830963892707217,1.0952905175388103,1.6030953699793333,-0.507804852440523,40.5105385772365,22.053500175476074,25.79943302736099,18.307567323591158,0.33971322666054315,0.0019821113763041076,0.001980149585447649,0.6004629927632604,16086410.0,1.1038137160497588,0
2023-09-26,19.90999984741211,20.584999084472656,19.719999313354492,19.770000457763672,9357600,22.151500129699706,18.635000190734864,14.276150040626526,21.616061400579273,20.76274433379647,0.8533170667828038,1.4531397093400276,-0.5998226425572237,38.03278346797686,22.151500129699706,25.529941621169755,18.773058638229656,0.305030491992765,-0.015331329202253774,-0.015450069221372528,0.605635943593471,15082500.0,0.6204276479363501,1
2023-09-27,20.260000228881836,20.56999969482422,19.577999114990234,20.139999389648438,10232100,22.207000160217284,18.69940017700195,14.319350042343139,21.407436604933512,20.725504029728718,0.6819325752047938,1.2988982825129807,-0.6169657073081869,37.82895225291942,22.207000160217284,25.409730223184273,19.004270097250295,0.28844328723917584,0.017579125271325324,0.01742639970554215,0.5636566505459178,14272125.0,0.7169289786909798,1
2023-09-28,20.850000381469727,21.06999969482422,20.03499984741211,20.209999084472656,9477900,22.248000144958496,18.763400192260743,14.366900043487549,21.321677185939084,20.734725981709534,0.5869512042295497,1.1565088668562946,-0.5695576626267449,41.64949069862832,22.248000144958496,25.35288699038265,19.143113299534342,0.27911603966145576,0.029121428722730824,0.028705456422955435,0.5498109552154304,13626095.0,0.6955697872354478,1
2023-09-29,21.270000457763672,22.524999618530273,21.190000534057617,21.280000686645508,17608600,22.27100019454956,18.84640018463135,14.411900043487549,21.313726920065942,20.77437594289873,0.5393509771672136,1.0330772889184785,-0.4937263117512649,37.25055919991169,22.27100019454956,25.337614594602123,19.204385794497,0.27539081076413097,0.020143888182717617,0.019943684192989444,0.5372306747904414,13515755.0,1.3028203011966406,0
2023-10-02,20.450000762939453,21.450000762939453,20.25,21.18000030517578,9694900,22.200500202178954,18.913000183105467,14.45525004863739,21.180845972815714,20.750348151790636,0.43049782102507805,0.9125613953397985,-0.48206357431472047,32.075469434734984,22.200500202178954,25.370002959681425,19.030997444676483,0.2855343554098288,-0.038551935927435,-0.03931473093734705,0.5226835999459941,13052540.0,0.7427596467813927,0
2023-10-03,18.280000686645508,20.18000030517578,17.940000534057617,20.0,18377800,22.018000221252443,18.937200202941895,14.490150051116943,20.73456208263568,20.567359450668775,0.1672026319669051,0.7634896426652199,-0.5962870106983148,27.34584308740294,22.018000221252443,25.640977278950533,18.395023163554352,0.329092290061936,-0.10611246920961159,-0.11217531620769504,0.6374560213835547,13326785.0,1.3790122673998266,0
2023-10-04,17.899999618530273,18.93000030517578,17.479999542236328,18.549999237060547,13247600,21.80800018310547,18.943200187683104,14.5278000497818,20.298475549696388,20.369777240880737,-0.07130169118434893,0.5965313758953061,-0.6678330670796551,24.690258376552507,21.80800018310547,25.871121299483427,17.744879066727513,0.37262665831465214,-0.02078780382064449,-0.021006912053116555,0.635990856853506,13339690.0,0.9930965412239715,0
2023-10-05,17.510000228881836,17.815000534057617,16.989999771118164,17.6200008392334,10890300,21.559500217437744,18.938800201416015,14.564750051498413,19.86947934649415,20.157941906658596,-0.28846256016444727,0.41953258868335547,-0.7079951488478027,18.647159636731985,21.559500217437744,26.036428288742925,17.082572146132563,0.4153090773119272,-0.021787675863674694,-0.022028532166298194,0.6291464274311921,13134915.0,0.8291108088632473,1
2023-10-06,17.940000534057617,18.270000457763672,16.690000534057617,16.850000381469727,13390800,21.333000278472902,18.96900020599365,14.607050056457519,19.572636452273144,19.9936499531326,-0.42101350085945555,0.25142337077479326,-0.6724368716342488,17.054986037069753,21.333000278472902,26.066963310516655,16.59903724642915,0.44381596308521015,0.024557412881498264,0.024260727030494488,0.6411940885915748,13214340.0,1.0133536748713896,1
2023-10-09,18.790000915527344,18.920000076293945,17.450000762939453,17.520000457763672,10760300,21.094000339508057,18.999400215148924,14.65380006313324,19.45223098508148,19.90449076516184,-0.4522597800803574,0.11068674060376316,-0.5629465206841205,25.968995973128557,21.094000339508057,25.835079239622587,16.352921439393526,0.4495191830669231,0.04738017592898447,0.04629197574980521,0.639283269346171,13079655.0,0.8226746041848964,1
2023-10-10,19.700000762939453,20.260000228881836,18.649999618530273,18.950000762939453,12294000,20.885500335693358,19.005600242614747,14.704750065803529,19.490349412444246,19.88934335758981,-0.39899394514556263,0.008750603453897998,-0.40774454859946063,33.931948756861175,20.885500335693358,25.476963797252683,16.294036874134033,0.43967952768768537,0.04843000548553045,0.04729381232228035,0.6683684698633703,13043140.0,0.9425644438379102,1
2023-10-11,20.1299991607666,20.579999923706055,19.360000610351562,19.780000686645508,11973200,20.724500274658205,19.016000213623048,14.759650063514709,19.5887570660323,19.907169713380682,-0.3184126473483815,-0.0566820467065579,-0.2617306006418236,43.88645692629033,20.724500274658205,25.17577804676345,16.273222502552958,0.42956671698841803,0.02182732899361506,0.021592523489185587,0.6749305763256733,13147360.0,0.9106923367124655,0
2023-10-12,18.600000381469727,20.350000381469727,18.56999969482422,20.200000762939453,12163700,20.47350025177002,19.03260021209717,14.806700067520142,19.436640653022675,19.81034235546135,-0.3737017024386766,-0.12008597785298165,-0.253615724585695,41.787939644491516,20.47350025177002,24.80175398054207,16.14524652299797,0.4228152172853643,-0.07600590377961092,-0.0790495967327383,0.7142654713949792,13274965.0,0.916288668181046,0
2023-10-13,18.0,18.790000915527344,17.729999542236328,18.670000076293945,10978800,20.15500020980835,19.04360019683838,14.85215006828308,19.21561901409611,19.67624292172347,-0.4606239076273617,-0.18819356380785768,-0.27243034381950404,39.09626884701506,20.15500020980835,24.204486148614667,16.105514271002033,0.40183437327236055,-0.03225808436366906,-0.03278984333211578,0.6995727947621161,13246095.0,0.8288329503902848,1
2023-10-16,18.8799991607666,19.030000686645508,17.8700008392334,18.260000228881836,10493200,19.848500156402586,19.087400169372557,14.901400065422058,19.163985190506956,19.61726190239333,-0.45327671188637453,-0.24121019342356106,-0.21206651846281346,45.209298281877786,19.848500156402586,23.222326801120925,16.474673511684248,0.33995784247003,0.04888884226481127,0.04773135837026749,0.7211594415590958,13041620.0,0.804593294391341,1
2023-10-17,19.969999313354492,20.07699966430664,18.440000534057617,18.59000015258789,12655300,19.659500122070312,19.173600158691407,14.95295006275177,19.287987363252732,19.643390599501565,-0.35540323624883285,-0.26404880198861547,-0.09135443426021739,48.738028853591956,19.659500122070312,22.49337399445968,16.825626249680944,0.2882956183822783,0.05773306149573121,0.056127996777440035,0.7483436584679707,12889740.0,0.9818118906975626,0
2023-10-18,18.799999237060547,20.420000076293945,18.51099967956543,19.700000762939453,14285700,19.444500064849855,19.23360013961792,14.998600058555603,19.212912266915474,19.580917165246674,-0.36800489833120054,-0.2848400212571325,-0.08316487707406806,41.507864456543814,19.444500064849855,21.78964935136552,17.09935077833419,0.241214665195227,-0.058587887657639226,-0.0603742837898552,0.7672752308201404,13053140.0,1.09442632194246,0
2023-10-19,18.290000915527344,19.207000732421875,18.239999771118164,18.709999084472656,9560600,19.29650011062622,19.289000148773194,15.044550061225891,19.070925905163453,19.48529373934154,-0.414367834178087,-0.3107455838413234,-0.10362225033676359,37.746708410845535,19.29650011062622,21.5329753979887,17.06002482326374,0.23180113228210705,-0.027127571395207273,-0.027502316795074075,0.7241152187630996,12510415.0,0.7642112591788521,0
2023-10-20,18.25,18.510000228881836,17.65999984741211,18.059999465942383,8667300,19.200000095367432,19.35420015335083,15.086350059509277,18.94462961206138,19.393790499390313,-0.449160887328933,-0.3384286445388453,-0.1107322427900877,40.33391347138205,19.200000095367432,21.442507993894527,16.957492196840338,0.23359457160296218,-0.002187037371517264,-0.002189432430442236,0.7053351744310332,12193305.0,0.7108245057431106,1
2023-10-23,18.5,19.0049991607666,17.18000030517578,17.899999618530273,9412500,19.114000129699708,19.421000156402588,15.13290006160736,18.87622505635963,19.327583795731773,-0.451358739372143,-0.3610146635055049,-0.09034407586663812,51.16278741544706,19.114000129699708,21.32348589044594,16.904514368953475,0.2311903050908837,0.013698630136986356,0.013605652055778678,0.7078867270627459,11776110.0,0.7992877104578676,1
2023-10-24,19.559999465942383,19.979999542236328,18.81999969482422,18.81999969482422,10978600,19.09650011062622,19.509600143432618,15.18540005683899,18.98142111937236,19.34479977130293,-0.36337865193057084,-0.3614874611905181,-0.0018911907400527284,58.18540715891832,19.09650011062622,21.284883539309597,16.908116681942843,0.22919209446820613,0.05729726842931804,0.055715905218832656,0.7380472312201609,11857160.0,0.9259046854390091,0
2023-10-25,16.639999389648438,17.969999313354492,15.972999572753906,17.950000762939453,25448400,18.91550006866455,19.552400131225586,15.221450052261353,18.621202391722523,19.144444187476672,-0.5232417957541493,-0.3938383281032444,-0.12940346765090494,46.566688650609905,18.91550006866455,21.289628057504963,16.541372079824136,0.2510246073561014,-0.14928426155523222,-0.16167723858983127,0.9046822110549277,12617975.0,2.0168370915301383,1
2023-10-26,17.420000076293945,17.739999771118164,16.3799991607666,16.81999969482422,15506800,18.744000053405763,19.613400135040283,15.258250050544738,18.43640203550274,19.016707586648323,-0.5803055511455817,-0.4311317727117119,-0.1491737784338698,48.00306992382909,18.744000053405763,21.023394306844317,16.46460579996721,0.24321321456936193,0.046875042984120485,0.04580957709075174,0.9165087360040364,12919420.0,1.2002706003829893,0
2023-10-27,16.93000030517578,17.780000686645508,16.799999237060547,17.639999389648438,12059400,18.52700004577637,19.667600135803223,15.286300053596497,18.204647923144748,18.862136676909618,-0.6574887537648699,-0.4764031689223435,-0.1810855848425264,42.65402372344702,18.52700004577637,20.61190409506077,16.442095996491968,0.22506655628358996,-0.02812857456786022,-0.028531761633248207,0.9133545631386957,12641960.0,0.9539185379482296,1
2023-10-30,17.100000381469727,17.739999771118164,16.5,17.354999542236328,9911200,18.359500026702882,19.71960014343262,15.31080005645752,18.034702147502436,18.73160806243259,-0.6969059149301522,-0.5205037181239053,-0.1764021968062469,39.09395471101659,18.359500026702882,20.32898777233155,16.390012281074213,0.21454699123224025,0.01004135104722792,0.00999127164600112,0.9092784685897716,12652775.0,0.7833222356360561,1
2023-10-31,17.610000610351562,17.860000610351562,16.875,17.399999618530273,9675700,18.326000022888184,19.778800163269043,15.334450058937072,17.969363449479225,18.648526028945106,-0.6791625794658813,-0.5522354903923005,-0.12692708907358086,39.500004371007975,18.326000022888184,20.323771077195936,16.328228968580433,0.2180258705459613,0.029824574123079817,0.029388471350702404,0.8385876118969994,12217670.0,0.7919431446421453,0
2023-11-01,17.610000610351562,17.860000610351562,16.850000381469727,17.700000762939453,9481500,18.311500072479248,19.8466001701355,15.355250062942504,17.9140768588442,18.5715982201604,-0.6575213613161992,-0.5732926645770802,-0.08422869673911904,45.272207086702394,18.311500072479248,20.326425823954164,16.296574321004332,0.22007216705344546,0.0,0.0,0.8351502135068857,12029365.0,0.7881962181711171,1
2023-11-02,21.040000915527344,21.100000381469727,19.56999969482422,19.610000610351562,25182700,18.488000106811523,19.97720018386841,15.39555006980896,18.39498825218007,18.754442864261655,-0.3594546120815849,-0.5305250540779811,0.1710704419963962,61.42857552599085,18.488000106811523,20.803345577573022,16.172654636050023,0.25047008409616556,0.19477570620636708,0.1779584742156778,1.0770500458824803,12743985.0,1.9760459542286029,1
2023-11-03,22.43000030517578,23.139999389648438,21.757999420166016,21.780000686645508,19382500,18.71250009536743,20.14960018157959,15.446450071334839,19.015759337256334,19.026706378403443,-0.01094704114710865,-0.4266094514918066,0.415662410344698,62.85300970924741,18.71250009536743,21.603319473568444,15.82168071716642,0.30897200945550607,0.0660646068994526,0.06397393075464852,1.0937299387756476,13043570.0,1.4859812152654526,0
2023-11-06,21.709999084472656,22.59000015258789,21.190000534057617,22.420000076293945,11478800,18.858500003814697,20.228000144958497,15.483500065803527,19.430257759904997,19.225468801075237,0.20478895882975934,-0.30032976942749345,0.5051187282572528,56.47321317699698,18.858500003814697,22.045567574145075,15.67143243348432,0.3379979923838797,-0.03209992023660302,-0.03262642041838075,1.0974206622490768,13079495.0,0.877617981428182,1
2023-11-07,22.09000015258789,22.3799991607666,21.059999465942383,21.709999084472656,10337300,18.97799997329712,20.310800132751464,15.51670006752014,19.83944889724083,19.437656308594693,0.4017925886461349,-0.1599052978127678,0.5616978864589026,63.003954619281195,18.97799997329712,22.46320217673659,15.492797769857651,0.3672886719721048,0.01750350456656702,0.0173520826201478,1.088318594333623,12981660.0,0.7963003190655125,0
2023-11-08,21.760000228881836,22.190000534057617,20.200000762939453,21.510000228881836,21472500,19.05950002670288,20.363000144958495,15.55390007019043,20.13491833287791,19.60968178417152,0.5252365487063884,-0.02287692850893655,0.5481134772153249,63.91338589782946,19.05950002670288,22.729466081748008,15.389533971657755,0.385106225231869,-0.014938882816956212,-0.015051591833372294,1.0899211041918675,13456625.0,1.5956824240847909,1
2023-11-09,24.860000610351562,27.156999588012695,24.43000030517578,24.969999313354492,47263500,19.372500038146974,20.459600143432617,15.607500071525573,20.861854067873857,19.998594289814484,0.8632597780593727,0.1543504128047253,0.7089093652546474,71.28138926682415,19.372500038146974,23.855247749757947,14.889752326536001,0.46279496221797484,0.1424632513264006,0.1331866781279074,1.1460660642927842,15211615.0,3.1070665409294147,0
2023-11-10,22.43000030517578,24.75,21.8700008392334,24.700000762939453,27831500,19.59400005340576,20.492000160217284,15.647850074768066,21.103107335151076,20.178698439100508,0.9244088960505685,0.308362109453894,0.6160467865966746,61.0954253580613,19.59400005340576,24.226486821330788,14.961513285480736,0.47284747936088967,-0.09774739523393028,-0.10286074849630224,1.2054566260649753,16054250.0,1.7335907937150599,1
2023-11-13,22.8799991607666,23.197999954223633,21.8799991607666,22.25,10313600,19.79400005340576,20.512400131225586,15.681050071716308,21.376475308322696,20.378794788853554,0.9976805194691423,0.44622579145694363,0.5514547280121986,59.70760014750161,19.79400005340576,24.637284665713654,14.950715441097866,0.48936896021424,0.02006236511227244,0.019863767694001264,1.1986363207861934,16045270.0,0.6427813305728105,1
2023-11-14,25.559999465942383,26.200000762939453,24.59000015258789,24.860000610351562,22925200,20.073500061035155,20.585000114440916,15.733350067138671,22.020094409494956,20.76258772789717,1.2575066815977856,0.608481969485112,0.6490247121126735,76.4531398110096,20.073500061035155,25.561785118092388,14.585215003977922,0.5468189444162347,0.11713288476737804,0.11076547878324576,1.246095643226477,16558765.0,1.3844752310936232,1
2023-11-15,25.979999542236328,27.0,25.149999618530273,25.34000015258789,19694600,20.432500076293945,20.66260009765625,15.782300062179566,22.62931058376286,21.14906267710748,1.4802479066553786,0.7828351569191654,0.6974127497362133,75.93938932252487,20.432500076293945,26.480785743356204,14.384214409231685,0.5920260021513041,0.016431928210858482,0.0162983850075437,1.2151814743868925,16829210.0,1.17026289409901,0
2023-11-16,24.540000915527344,25.579999923706055,24.270000457763672,25.459999084472656,14409300,20.745000076293945,20.703800125122072,15.81640007019043,22.923262942495857,21.4002432873608,1.5230196551350552,0.9308720565623434,0.5921475985727118,71.80515838862823,20.745000076293945,26.970440126937948,14.519560025649941,0.6001870356952216,-0.0554271998491741,-0.05702251703228713,1.2334540578530917,17071645.0,0.8440487135246779,1
2023-11-17,24.790000915527344,25.219999313354492,24.399999618530273,24.834999084472656,11289700,21.072000122070314,20.750200157165526,15.834650077819823,23.210453399885317,21.651336445002766,1.5591169548825512,1.056521036226385,0.5025959186561662,71.93382838802717,21.072000122070314,27.431244019110547,14.71275622503008,0.6035728796698052,0.01018744868268584,0.010135906388097795,1.2315995151622174,17202765.0,0.6562724073717219,1
2023-11-20,25.459999084472656,25.950000762939453,24.040000915527344,24.799999237060547,10962800,21.420000076293945,20.788000144958495,15.871200075149536,23.55653735136029,21.933459603482017,1.6230777478782734,1.1698323785567628,0.4532453693215106,72.18767406309712,21.420000076293945,27.94617716113789,14.893822991450001,0.6093536005227776,0.027026952166252505,0.026668174191404527,1.2318568388470146,17280280.0,0.6344110164881588,0
2023-11-21,25.030000686645508,25.280000686645508,24.18000030517578,25.030000686645508,8310000,21.693500137329103,20.81120014190674,15.911300077438355,23.783224018327246,22.162833017049685,1.6203910012775609,1.2599441031009224,0.36044689817663844,70.47461725917114,21.693500137329103,28.348670606046667,15.038329668611539,0.6135635491356857,-0.016889175698729386,-0.017033424293236444,1.2293336571572344,17146850.0,0.4846371199374812,1
2023-11-22,25.56999969482422,26.06800079345703,25.094999313354492,25.5,9655500,22.14000015258789,20.85560012817383,15.953100080490112,24.058112583942165,22.415215733921872,1.6428968500202927,1.3365346524847967,0.306362197535496,64.87196339492623,22.14000015258789,28.561768724963294,15.718231580212489,0.5801055580954707,0.021574070849579297,0.021344644491596603,1.0647223272228616,16357205.0,0.5902903338314828,1
2023-11-24,26.229999542236328,26.549999237060547,25.020000457763672,25.540000915527344,6819200,22.58050012588501,20.907800102233885,16.004150075912477,24.392249039064342,22.697792312315535,1.6944567267488075,1.408119067337599,0.2863376594112086,63.103449092325434,22.58050012588501,28.845770647100675,16.315229604669344,0.5549275247480913,0.025811492189642182,0.02548399905868935,1.0612707451391197,15922825.0,0.428265712899564,1
2023-11-27,29.3700008392334,30.350000381469727,27.049999237060547,27.079999923706055,45419500,23.20250015258789,21.007800102233887,16.084550080299376,25.158057008321123,23.192029980976116,1.9660270273450067,1.5197006593390805,0.4463263680059262,72.63594399292703,23.20250015258789,29.574910435946645,16.830089869229138,0.5492865201121877,0.11971030696897067,0.11306999735817029,1.096549096572398,17590830.0,2.5819986890897133,1
2023-11-28,32.75,33.04999923706055,28.829999923706055,29.8700008392334,44306000,23.985000133514404,21.16260009765625,16.18570007801056,26.326048237810177,23.90002776016307,2.426020477647107,1.7009646230006858,0.7250558546464212,76.75703531296134,23.985000133514404,31.012079879891793,16.957920387137015,0.5859561982289425,0.11508338659124218,0.10892918829622136,1.133853495976745,19310570.0,2.2943911029037465,1
2023-11-29,34.119998931884766,34.959999084472656,32.599998474121094,32.65999984741211,34864700,24.810500049591063,21.370000076293945,16.292800073623656,27.525117575360113,24.657062661772084,2.868054913588029,1.9343826811181546,0.9336722324698745,79.48473906761744,24.810500049591063,32.529279143982045,17.091720955200078,0.6222187443995678,0.04183202845449663,0.04098072923755003,1.1338816739074558,20570020.0,1.6949278610327068,1
2023-11-30,34.40999984741211,34.88800048828125,32.80500030517578,33.81999969482422,21455100,25.65050001144409,21.59620006561279,16.399350070953368,28.58433023259888,25.379502453300972,3.204827779297908,2.1884717007541052,1.0163560785438026,76.30854669022882,25.65050001144409,33.718553599694026,17.582446423194156,0.6290757361182304,0.008499440932172586,0.008463524056172667,1.130706692617998,21168700.0,1.0135294089859084,1
2023-12-01,37.66999816894531,37.94499969482422,33.81999969482422,34.20000076293945,33239600,26.48199987411499,21.924600028991698,16.51420006275177,29.982125299729102,26.2899095433487,3.692215756380403,2.489220511879365,1.2029952445010377,90.14753518798446,26.48199987411499,35.8693134290754,17.094686319154583,0.7089580544961863,0.09473985283316932,0.09051675772119513,0.9920684575146528,21571545.0,1.5409002924917987,1
2023-12-04,38.560001373291016,39.11000061035156,36.560001373291016,37.0620002746582,27938300,27.288499927520753,22.292200050354005,16.639100069999696,31.30179854181555,27.198805234455538,4.102993307360013,2.8119750709754947,1.291018236384518,90.37076527025869,27.288499927520753,37.90158458190619,16.675415273135314,0.7778430241731262,0.02362631397947368,0.02335153226055898,0.9837755763105147,21999335.0,1.2699611147336953,0
2023-12-05,38.189998626708984,38.63999938964844,36.119998931884766,38.0099983215332,20577000,28.112499904632568,22.651600036621094,16.76515006542206,32.36152163179916,28.01296770795579,4.348553923843365,3.119290841549069,1.2292630822942963,86.90824114016428,28.112499904632568,39.4371067496486,16.787893059616536,0.8056634510223608,-0.009595506571696277,-0.00964184007875365,0.9682895723784261,22454245.0,0.9163968772942488,1
2023-12-06,38.380001068115234,41.88999938964844,38.279998779296875,38.709999084472656,37398600,28.926999950408934,23.021000061035156,16.893000068664552,33.28744154507855,28.780896105004636,4.506545440073914,3.3967417612540385,1.1098036788198757,86.7298600155345,28.926999950408934,40.75964694981576,17.094352951002108,0.8181039872570367,0.004975188484907855,0.0049628531315649895,0.9715107303122354,23807310.0,1.5708872610975368,1
2023-12-07,39.40999984741211,39.83000183105469,37.25,37.779998779296875,19327500,29.80949993133545,23.404000053405763,17.022750067710877,34.229373591591404,29.568237122960745,4.661136468630659,3.6496207027293623,1.0115157659012963,95.14267707883614,29.80949993133545,42.018263555234995,17.600736307435902,0.8191189823393056,0.02683686166315824,0.026483068925556727,0.9572486350716849,23700060.0,0.8155042645461658,1
2023-12-08,42.06999969482422,42.41999816894531,38.61000061035156,39.279998779296875,27539100,30.669999885559083,23.82840003967285,17.16465006828308,35.435623761319526,30.494293609765446,4.94133015155408,3.907962592494306,1.0333675590597742,95.76270604263773,30.669999885559083,43.80107332797366,17.538926443144504,0.8562812840829075,0.0674955558921877,0.06531530301332364,0.8758455168713094,22713840.0,1.2124369987637493,0
2023-12-11,39.91999816894531,42.86000061035156,38.650001525878906,42.150001525878906,29495100,31.544499778747557,24.201399993896484,17.298900060653686,36.12552751633888,31.192493947482472,4.9330335688564055,4.112976787766726,0.8200567810896793,85.51079553470672,31.544499778747557,44.69455721474058,18.394442342754537,0.8337464552126196,-0.05110533733004563,-0.05245748477327074,0.7992821345662535,22797020.0,1.293813840580918,0
2023-12-12,39.52000045776367,40.16999816894531,37.79999923706055,40.099998474121094,21149300,32.376499843597415,24.582799987792967,17.432300062179564,36.64775412271192,31.809346281577376,4.838407841134547,4.258062998440291,0.5803448426942559,85.63698255437748,32.376499843597415,45.32237590446498,19.430623782729853,0.7997081910277996,-0.010019983204628713,-0.010070521112402926,0.8114824627640602,23338805.0,0.90618607079497,1
2023-12-13,44.400001525878906,44.720001220703125,38.709999084472656,39.900001525878906,30974600,33.31849994659424,25.105200004577636,17.586200070381164,37.840407569353,32.741987410784894,5.0984201585681035,4.426134430465853,0.6722857281022501,88.16375639506708,33.31849994659424,46.90202122942429,19.73497866376418,0.8153741197594666,0.12348180697342492,0.11643261934206474,0.8208970139725799,23741275.0,1.3046729798631287,1
2023-12-14,44.84000015258789,46.959999084472656,42.900001525878906,45.0,30051100,34.26149997711182,25.64400001525879,17.74735007286072,38.91726796677375,33.6381365027703,5.279131464003449,4.596733837173373,0.6823976268300758,88.0572538366174,34.26149997711182,48.310576644700916,20.21242330952272,0.8201086745749309,0.009909878639362768,0.009861097802079943,0.8225686660155613,24259100.0,1.238755765877547,0
2023-12-15,43.970001220703125,45.939998626708984,43.16999816894531,45.2400016784668,21329300,35.23299999237061,26.173200035095213,17.902550077438356,39.694611544301345,34.40345981520977,5.291151729091574,4.735617415557013,0.5555343135345607,82.91253139105983,35.23299999237061,49.13801494575303,21.327985038988192,0.7893176826494153,-0.01940229547110195,-0.019592990652000576,0.782559549758404,24605100.0,0.8668649995326172,0
2023-12-18,43.70000076293945,44.619998931884766,40.61000061035156,40.86000061035156,22009500,36.17849998474121,26.688400039672853,18.052900080680846,40.31082527024567,35.09209247800457,5.218732792241106,4.832240490893832,0.38649230134727386,78.71001244827306,36.17849998474121,49.65881164499827,22.698188324484143,0.7452111981393688,-0.006140560615598645,-0.006159491394786979,0.7903406178972547,25141090.0,0.8754393703693834,1
2023-12-19,50.459999084472656,51.560001373291016,46.029998779296875,46.15999984741211,58396000,37.42849998474121,27.32180000305176,18.23935007572174,41.87223662628059,36.23045593033554,5.641780695945052,4.994148531904076,0.6476321640409752,83.40146814361663,37.42849998474121,51.353027883082184,23.503972086400232,0.7440601629249212,0.15469103440533893,0.143832805509173,0.9057362768445542,27512750.0,2.1225068377388667,0
2023-12-20,45.5099983215332,51.880001068115234,45.47999954223633,51.0,46132200,38.452499866485596,27.837999954223633,18.406900067329406,42.43189227170407,36.91782944079463,5.514062830909445,5.0981313917051505,0.41593143920429476,69.05906151644157,38.452499866485596,51.52400831265561,25.38099142031558,0.6798782129409938,-0.09809751987218418,-0.10324887992201046,1.0089277128987337,29403860.0,1.568916461988324,1
2023-12-21,47.939998626708984,48.91999816894531,46.91999816894531,47.439998626708984,29678400,39.57099981307984,28.394199943542482,18.58595005989075,43.279293249397135,37.73428641752902,5.545006831868115,5.187506479737744,0.357500352130371,68.15128798262688,39.57099981307984,51.80243955678645,27.33956006937322,0.6182022087631773,0.053394866947864106,0.052018155212925396,1.0108057016886804,30405005.0,0.9761024541847634,1
2023-12-22,49.060001373291016,50.189998626708984,48.09000015258789,49.0,24488000,40.712499904632566,29.003399963378907,18.77470006465912,44.16863296076542,38.57322826610398,5.59540469466144,5.269086122722483,0.3263185719389572,68.40813188471162,40.712499904632566,51.919987765047324,29.505012044217807,0.5505674123017678,0.023362594465283104,0.023093866462213248,1.0110992918841462,31288445.0,0.7826531487902323,1
2023-12-26,50.040000915527344,50.84000015258789,48.7599983215332,49.349998474121094,13918300,41.74599990844727,29.644199981689454,18.97305006980896,45.0719203384211,39.422618832727935,5.649301505693167,5.34512919931662,0.3041723063765467,70.33985900156556,41.74599990844727,52.34515101222455,31.146848804669983,0.5077924173344596,0.01997553026506549,0.019778637072206284,0.9591716449935979,29713385.0,0.46841852585964205,1
2023-12-27,51.2400016784668,52.47999954223633,49.79999923706055,50.20000076293945,20787900,42.67049999237061,30.291400032043455,19.177600078582763,46.02085592919736,40.29798052500488,5.722875404192479,5.420678440291792,0.30219696390068673,71.33377715788595,42.67049999237061,53.19104197086702,32.1499580138742,0.49310610282876743,0.023980830155562405,0.023697805890875747,0.903202941210833,28537480.0,0.72844203482578,1
2023-12-28,51.38999938964844,51.41999816894531,49.880001068115234,50.38999938964844,12768500,43.53400001525879,30.919800033569334,19.384500074386597,46.84687800003599,41.11961155201552,5.7272664480204725,5.481996041837528,0.2452704061829447,70.47163402162592,43.53400001525879,53.93384335708896,33.13415667342862,0.477780279238526,0.0029273557039064535,0.0029230793417871735,0.9036425744672588,27432670.0,0.4654486785281928,0
2023-12-29,49.13999938964844,51.861000061035156,48.25,51.150001525878906,20315600,44.2704999923706,31.526600036621094,19.5810000705719,47.199665906130214,41.713714354803145,5.485951551327069,5.482787143735436,0.003164407591633278,62.25303304810592,44.2704999923706,54.01541205631417,34.525587928427036,0.4402440480962702,-0.043782837647848294,-0.04477023445491722,0.932727038592537,27375695.0,0.7421035338098265,0
2024-01-02,46.599998474121094,47.904998779296875,45.720001220703125,47.78499984741211,16486200,44.717000007629395,32.09279998779297,19.76420006275177,47.107409378128814,42.075661326604475,5.031748051524339,5.392579325293217,-0.3608312737688779,61.42270997470349,44.717000007629395,53.995707057637446,35.43829295762134,0.41499684900261485,-0.05168907096206454,-0.0530728462849492,0.9209435813727066,26538025.0,0.6212293492074109,0
2024-01-03,43.4900016784668,45.43000030517578,43.349998474121094,44.189998626708984,16484900,44.963500022888184,32.597600021362304,19.93420007228851,46.55088511664235,42.18042727859428,4.370457838048068,5.1881550278441875,-0.8176971897961192,56.2128350546236,44.963500022888184,53.80514870262454,36.121851343151825,0.39328115806089886,-0.06673813084739488,-0.06906944318355493,0.9611112699803384,25965355.0,0.6348805937758216,0
2024-01-04,42.5,44.66999816894531,42.41299819946289,43.4900016784668,13357400,45.17900009155274,33.07760002136231,20.10025007247925,45.9276720217743,42.20409933203174,3.7235726897425607,4.895238560223863,-1.171665870481302,46.614394705645644,45.17900009155274,53.521532518406886,36.83646766469859,0.36931018437541646,-0.022763891475243936,-0.023026989273490957,0.9653855725242009,25604375.0,0.5216842824712573,1
2024-01-05,43.0099983215332,43.90999984741211,41.435001373291016,41.58000183105469,12943700,45.41049995422363,33.54659999847412,20.262800064086914,45.47879914481413,42.26379555347629,3.2150035913378403,4.559191566446659,-1.3441879751088184,46.74724136200843,45.41049995422363,53.19707560684655,37.62392430160071,0.34294163950946294,0.011999960506663632,0.011928531840237103,0.9655059495448213,24381630.0,0.5308791906037456,1
2024-01-08,45.34000015258789,45.97999954223633,42.95000076293945,43.58000183105469,14566500,45.706999969482425,34.12060001373291,20.440700063705446,45.457445453702405,42.49166256081789,2.965782892884512,4.240509831734229,-1.2747269388497173,52.31496945728294,45.706999969482425,52.965198025993345,38.448801912971504,0.3175967821715301,0.05417349272222971,0.05275704067418922,0.9775993951865861,24143580.0,0.6033280897033497,0
2024-01-09,44.06999969482422,45.45500183105469,43.66999816894531,44.61000061035156,10287800,45.80699996948242,34.65360000610352,20.611100063323974,45.24399226002884,42.60857642259614,2.635415837432703,3.919491032873924,-1.284075195441221,50.60477105269557,45.80699996948242,52.90761275671018,38.70638718225466,0.3100230441617367,-0.02801059668040573,-0.028410376515698294,0.9601488147501294,23281015.0,0.44189654102280335,0
2024-01-10,43.560001373291016,44.95000076293945,42.65999984741211,43.790000915527344,12016800,45.989000129699704,35.18620002746582,20.7772500705719,44.984916738992254,42.67905234486983,2.3058643941224233,3.596765705123624,-1.2909013110012006,35.8258059409913,45.989000129699704,52.62571722568293,39.352283033716475,0.28862193469160624,-0.011572460291918274,-0.011639942337916221,0.9400973733888075,22407100.0,0.5362942995746883,0
2024-01-11,42.810001373291016,43.52000045776367,41.15999984741211,42.939998626708984,15402800,46.153500175476076,35.700400047302246,20.94020007610321,44.65031437503822,42.688752272901034,1.9615621021371865,3.2697249845263365,-1.30816288238915,43.296928922376395,46.153500175476076,52.25674239656482,40.050257954387334,0.264475812143571,-0.017217630311184173,-0.017367577355585022,0.9420676313894693,22119775.0,0.6963361969097787,0
2024-01-12,41.790000915527344,44.145999908447266,41.650001525878906,43.0099983215332,10929400,46.023000144958495,36.18400005340576,21.101800079345704,44.210266150498086,42.62217809828076,1.5880880522173229,2.9333975980645337,-1.3453095458472109,33.5824936959733,46.023000144958495,52.39002373715792,39.65597655275907,0.27668876744867693,-0.023826218758312034,-0.02411465386796492,0.8368832216767486,21117515.0,0.517551425913513,0
2024-01-16,40.97999954223633,42.47999954223633,40.310001373291016,41.099998474121094,10842500,45.83000011444092,36.651400032043455,21.254200077056886,43.71330205691936,42.50053524227747,1.2127668146418884,2.5892714413800046,-1.3765046267381162,28.06731098193879,45.83000011444092,52.57103838561372,39.08896184326812,0.294175791156008,-0.0193826598599105,-0.01957296672729586,0.8379330341698038,20157085.0,0.5379001973747692,1
2024-01-17,41.0099983215332,41.060001373291016,39.34700012207031,40.0,7274400,45.68199996948242,37.050799980163575,21.40715006828308,43.297409174552264,42.39012510000012,0.9072840745521447,2.2528739680144327,-1.345589893462288,24.155684216387485,45.68199996948242,52.71848123970626,38.64551869925858,0.30806362571360785,0.000732034642068724,0.0007317668353980002,0.8358165939230564,19454340.0,0.37392170590212775,0
2024-01-18,40.13999938964844,42.20000076293945,39.59000015258789,41.66999816894531,11489900,45.503999900817874,37.40499996185303,21.551500062942505,42.8116538230286,42.22344912145555,0.5882047015730478,1.9199401147261557,-1.3317354131531078,17.61958823069888,45.503999900817874,52.92139191302036,38.08660788861539,0.3260105497701166,-0.021214312789375356,-0.021442570313112537,0.8384678201351539,18928360.0,0.6070203652086076,1
2024-01-19,42.17499923706055,42.2400016784668,39.44499969482422,40.279998779296875,12593300,45.08974990844727,37.814299964904784,21.70592505931854,42.713706963648896,42.21986024112999,0.49384672251890294,1.6347214362847051,-1.1408747137658022,25.78186265123196,45.08974990844727,52.263126880720094,37.91637293617444,0.31818215833257224,0.05069755551458499,0.04945428217955874,0.6359418103251987,16638225.0,0.7568896321572763,1
2024-01-22,44.349998474121094,47.75,43.209999084472656,44.525001525878906,23811300,45.03174991607666,38.25949993133545,21.873625049591066,42.96544411910616,42.3776482583886,0.5877958607175628,1.4253363211712766,-0.8375404604537138,37.36147312157835,45.03174991607666,52.20957681356082,37.8539230185925,0.3187896055943241,0.051570818646258676,0.05028506400801994,0.5740859918982105,15522180.0,1.5340177732766918,0
2024-01-23,41.880001068115234,45.67499923706055,41.849998474121094,45.33000183105469,12769500,44.72875003814697,38.661899948120116,22.03102505683899,42.79845288049217,42.34078550355353,0.45766737693863746,1.2318025323247488,-0.7741351553861113,37.50000252562142,44.72875003814697,51.901287236243896,37.556212840050044,0.3207126151291873,-0.055693291792267785,-0.05730426284368103,0.568394396751672,14676735.0,0.870050457407591,0
2024-01-24,40.4900016784668,43.779998779296875,40.279998779296875,42.93000030517578,10322100,44.30025005340576,38.97449996948242,22.1806250667572,42.44330654171903,42.203690405398966,0.23961613632006618,1.0333652531238124,-0.7937491168037463,41.2587392378162,44.30025005340576,51.40695750950062,37.1935425973109,0.32084276939870243,-0.03319005143738385,-0.03375334000859089,0.5649215779744391,13968440.0,0.7389586811412011,1
2024-01-25,40.709999084472656,41.97999954223633,40.375,41.68000030517578,7911700,43.83374996185303,39.34009994506836,22.328525061607362,42.17664385598882,42.09304660384887,0.08359725213995262,0.8434116529270405,-0.7598144007870878,44.539347726006376,43.83374996185303,50.569246614009806,37.098253309696254,0.3073201201365816,0.0054333760653524354,0.005418668527954455,0.5573531136722096,13668110.0,0.5788437465018939,1
2024-01-26,41.34000015258789,43.18000030517578,40.83000183105469,40.93000030517578,10726600,43.33874988555908,39.70929996490479,22.476725063323975,42.047929440080985,42.03726538523694,0.010664054844042425,0.6768621333104409,-0.6661980784663984,44.94246297824674,43.33874988555908,49.17797422263856,37.4995255484796,0.269468978800663,0.015475339776058306,0.015356817918786007,0.5513255595505936,13165045.0,0.8147788328866328,1
2024-01-29,43.77000045776367,44.439998626708984,41.29999923706055,41.54499816894531,15759900,42.957749938964845,40.07349998474121,22.640875067710876,42.312863442801394,42.165616131350035,0.14724731145135905,0.5709391689386245,-0.42369185748726546,45.2739302881579,42.957749938964845,47.41618271463024,38.49931716329945,0.20757291906582706,0.05878084896484115,0.05711810371652314,0.6021407100508832,13314615.0,1.1836542025435959,0
2024-01-30,42.72999954223633,43.81999969482422,42.22999954223633,43.02000045776367,8073200,42.63724994659424,40.40849998474121,22.797675065994262,42.37703822732985,42.20742230993421,0.16961591739563886,0.49067451863002737,-0.3210586012343885,45.90964380541123,42.63724994659424,46.01507127627434,39.259428616914136,0.1584446151621425,-0.023760587266406397,-0.024047422718193056,0.5901303234492996,12702495.0,0.6355601793191022,0
2024-01-31,40.5099983215332,44.34000015258789,40.29999923706055,42.189998626708984,14748200,42.332749938964845,40.72789993286133,22.945025057792662,42.08980131874575,42.08168719968228,0.008114119063471037,0.3941624387167161,-0.38604831965324504,41.569917995590224,42.332749938964845,45.27655284760579,39.3889470303239,0.13907921941689627,-0.05195415971181494,-0.0533524231617953,0.5904013749049041,12615595.0,1.1690451381801652,0
2024-02-01,39.66999816894531,41.119998931884766,37.560001373291016,41.0,15721700,42.14174976348877,41.02549987792969,23.085825047492982,41.71752391108414,41.90304356777584,-0.1855196566916959,0.27822601963503374,-0.46374567632672964,41.364125933714476,42.14174976348877,45.25994012913387,39.02355939784367,0.14798580425090324,-0.020735625460181373,-0.020953627412130214,0.5491039323565512,12577435.0,1.2499925461749555,1
2024-02-02,41.0099983215332,41.04499816894531,38.0,38.25,11082900,42.06724967956543,41.3364998626709,23.23247503757477,41.608673820384,41.83689206805416,-0.22821824767016352,0.1769371661739943,-0.4051554138441578,47.89188444640381,42.06724967956543,45.220403183339606,38.91409617579125,0.14991013331236874,0.033778679466561545,0.03322071010666098,0.5600795842063298,12463710.0,0.8892135648213895,1
2024-02-05,41.54999923706055,41.709999084472656,39.619998931884766,39.92499923706055,11207900,41.994249725341795,41.666899833679196,23.38277503490448,41.59964696141115,41.81564074723982,-0.21599378582866535,0.09835097577346238,-0.31434476160212776,51.563356633054916,41.994249725341795,45.12301218421416,38.86548726646943,0.1490090895460998,0.01316754298045919,0.013081604463761776,0.5604596429839568,12376920.0,0.9055483916838761,1
2024-02-06,43.43000030517578,43.45000076293945,41.09000015258789,41.619998931884766,11714900,41.89874973297119,42.024099845886234,23.54532503604889,41.881239783528784,41.935222936716556,-0.05398315318777236,0.06788414998121545,-0.1218673031689878,56.02590194897234,41.89874973297119,44.696621586793555,39.100877879148825,0.13355395431385142,0.04524671727161822,0.04425295063407651,0.5495650639688245,12234340.0,0.9575424583590124,1
2024-02-07,44.61000061035156,45.07500076293945,42.810001373291016,43.900001525878906,11097800,41.92574977874756,42.39169986724853,23.713425040245056,42.30104914150152,42.13335461624508,0.16769452525644368,0.0878462250362611,0.07984830022018258,60.96125883891014,41.92574977874756,44.82058684163854,39.03091271585658,0.13809351428025698,0.02717016571227493,0.02680760924854487,0.5492773347512443,12274840.0,0.9041095444013935,1
2024-02-08,49.220001220703125,49.7400016784668,45.02000045776367,45.75,33369500,42.208749771118164,42.78869987487793,23.906875047683716,43.365503307532535,42.658291401760486,0.7072119057720485,0.2117193611834186,0.4954925445886299,65.33856289317004,42.208749771118164,46.53100390059201,37.886495641644316,0.20480370316163218,0.10334007055094796,0.09834200694174872,0.6551560031089207,13342475.0,2.5009977534153145,0
2024-02-09,43.86000061035156,49.9900016784668,42.0369987487793,46.22999954223633,38591500,42.261249732971194,43.01089988708496,24.07642505168915,43.44157981565854,42.74730689869316,0.6942729169653816,0.30823007233981126,0.38604284462557037,49.06310165358,42.261249732971194,46.63939965548153,37.883099810460855,0.2071945316418134,-0.10889883131691225,-0.11529731285822065,0.7706115028931092,14501910.0,2.6611322232726584,1
2024-02-12,45.0,47.439998626708984,43.36000061035156,43.779998779296875,14685000,42.421749687194826,43.22849990844727,24.25222505092621,43.68133676709569,42.914173054345525,0.7671637127501612,0.40001680042188126,0.3671469123282799,56.2852507871078,42.421749687194826,46.95960003394164,37.88389934044801,0.21393980117310357,0.025991777788060055,0.025659732864673393,0.7684653376943704,14689690.0,0.9996807284564889,0
2024-02-13,39.75,42.08000183105469,39.20000076293945,41.59000015258789,17945700,42.36024971008301,43.33529991149902,24.400175051689146,43.07651572600404,42.679789865134744,0.39672586086929584,0.3993586125113642,-0.0026327516420683317,48.7098996301154,42.36024971008301,47.01227508386154,37.70822433630448,0.21964107414934367,-0.1166666666666667,-0.12405264866997888,0.878785936425992,15044850.0,1.1928134876718612,1
2024-02-14,40.9900016784668,41.599998474121094,40.13999938964844,40.86000061035156,8263100,42.359249877929685,43.401699981689454,24.555825061798096,42.75551356484446,42.554620369826004,0.20089319501845893,0.35966552901278315,-0.15877233399432422,50.471384705174714,42.359249877929685,47.01250558559586,37.70599417026351,0.21970434892382965,0.031195010779038856,0.030718334364106314,0.8857643063362957,15094285.0,0.5474323560208384,1
2024-02-15,41.560001373291016,42.20000076293945,40.95000076293945,41.43000030517578,6638700,42.430249977111814,43.461699981689456,24.71367506980896,42.57158861229778,42.48094488860119,0.09064372369659424,0.3058611679495454,-0.21521744425295114,50.37112207929266,42.430249977111814,46.98318197390268,37.877317980320946,0.21460783281959733,0.013905822675866153,0.013810023810154665,0.8825933885282994,14851725.0,0.4469985809729173,0
2024-02-16,38.13999938964844,40.84000015258789,38.119998931884766,40.810001373291016,10456900,42.22849998474121,43.46069999694824,24.859325065612794,41.88980565496711,42.159393370160245,-0.26958771519313274,0.19077139132100976,-0.46035910651414247,40.80966459442606,42.22849998474121,47.170067760035195,37.28693220944723,0.23403946515171328,-0.0822907091105266,-0.0858746151052542,0.9134589709419754,14744905.0,0.7091873430178085,0
2024-02-20,37.9900016784668,38.025001525878906,36.470001220703125,37.220001220703125,9398200,41.9105001449585,43.45290000915527,25.002975072860718,41.289835812428606,41.85054954114592,-0.5607137287173103,0.04047436731334575,-0.601188096030656,42.030939831435056,41.9105001449585,47.0900616273008,36.7309386626162,0.24717249684100281,-0.00393281891929842,-0.00394057278800889,0.8901009835976236,14024250.0,0.6701392231313618,0
2024-02-21,36.66999816894531,37.255001068115234,35.90999984741211,36.95000076293945,7324500,41.65,43.398099975585936,25.14067506313324,40.57909155958502,41.46680499505698,-0.8877134354719658,-0.14516319324371657,-0.7425502422282493,43.342581282195596,41.65,47.33538376644648,35.964616233553514,0.2730076238389669,-0.03474607663072782,-0.03536407923142124,0.8776658359222579,13752000.0,0.5326134380453752,1
2024-02-22,37.33000183105469,38.779998779296875,37.29999923706055,37.79999923706055,7826600,41.49200000762939,43.303300018310544,25.273775072097777,40.079231601349576,41.16037513105681,-1.0811435297072336,-0.33235926053641995,-0.7487842691708136,45.9176632659173,41.49200000762939,47.48066568517785,35.50333433008094,0.2886660405112928,0.017998464550464943,0.017838409827060846,0.8747671879355137,13627225.0,0.5743355672192981,0
2024-02-23,36.97999954223633,38.68000030517578,36.599998474121094,37.5,7101300,41.30550003051758,43.24450004577637,25.398975071907042,39.60242666917831,40.85071768003307,-1.2482910108547642,-0.5155456106000889,-0.7327454002546754,42.717750589781964,41.30550003051758,47.620153527941504,34.99084653309365,0.3057536402057109,-0.009375897981531711,-0.009420128396682116,0.8745484493093757,13586705.0,0.5226653555810625,1
2024-02-26,37.349998474121094,37.54199981689453,36.61399841308594,36.79999923706055,5068500,41.10599994659424,43.201100006103516,25.524225063323975,39.255899254554116,40.59140514626181,-1.3355058917076974,-0.6795376668216107,-0.6559682248860867,42.36363815433648,41.10599994659424,47.66350795207177,34.54849194111671,0.3190535695030983,0.010005379569087758,0.009955657145010849,0.8732041399592178,13303800.0,0.3809813737428404,1
2024-02-27,39.29999923706055,39.5099983215332,37.54999923706055,38.2599983215332,7875200,40.882499885559085,43.09909996032715,25.659475059509276,39.26268386724742,40.495745449283945,-1.2330615820365267,-0.7902424498645939,-0.4428191321719328,42.50997569912912,40.882499885559085,47.36194142570348,34.40305834541469,0.3169787345823793,0.05220885790104002,0.0508916287366904,0.8672696752601148,12909565.0,0.6100283007212094,0
2024-02-28,37.5,39.369998931884766,37.47999954223633,38.58000183105469,5880100,40.62099990844727,42.95229995727539,25.784625058174132,38.991501733824734,40.273838378966616,-1.282336645141882,-0.8886612889200516,-0.3936753562218305,37.38914850953511,40.62099990844727,47.20775581351526,34.03424400337927,0.32430299204418445,-0.04580150819349427,-0.0468835664856326,0.877427638193447,12799910.0,0.4593860425581117,1
2024-02-29,37.52000045776367,39.290000915527344,37.29999923706055,38.790000915527344,8258400,40.47150001525879,42.823299942016604,25.91187506198883,38.76511692212303,40.06985038480343,-1.304733462680403,-0.9718757236721219,-0.3328577390082811,25.211873207921442,40.47150001525879,47.203001768501636,33.739998262015945,0.33265392934311294,0.0005333455403646603,0.0005332033621831,0.8597933549947443,12475420.0,0.6619737050936962,1
2024-03-01,38.0099983215332,38.439998626708984,36.61000061035156,37.599998474121094,6352900,40.38850002288818,42.70949989318848,26.037925052642823,38.64894482972459,39.91726875048712,-1.2683239207625263,-1.031165363090203,-0.2371585576723234,34.38334210122733,40.38850002288818,47.20204853356631,33.57495151221005,0.33740042372541146,0.013059644397422687,0.012975102504050021,0.8585999653633372,12006980.0,0.5291005731666081,0
2024-03-04,37.66999816894531,39.22999954223633,37.02000045776367,38.68000030517578,6787500,40.22150001525879,42.45369987487793,26.164325041770937,38.49833765114316,39.7508042629655,-1.2524666118223422,-1.0754256128366309,-0.17704099898571135,29.559401597023466,40.22150001525879,47.133919316833065,33.309080713684516,0.3437176285793378,-0.00894501887928989,-0.00898526574641949,0.8491830210475555,11792210.0,0.5755918525874285,0
2024-03-05,36.02000045776367,37.459999084472656,35.72999954223633,36.720001220703125,6971100,39.945000076293944,42.26389991760254,26.278625044822693,38.11705500600786,39.474448425543144,-1.3573934195352848,-1.1318191741763617,-0.22557424535892312,36.985352153918846,39.945000076293944,47.07272152335937,32.81727862922852,0.35687677724128963,-0.04380137487083502,-0.044789620639771634,0.8589596836622228,11580370.0,0.6019755845452262,1
2024-03-06,36.869998931884766,38.380001068115234,36.209999084472656,37.0,7366300,39.61700000762939,42.04249992370605,26.3895250415802,37.92520022537354,39.2815262408277,-1.3563260154541652,-1.1767205424319225,-0.17960547302224272,35.22237437224433,39.61700000762939,46.67286261549301,32.56113739976578,0.3562037815334229,0.02359795844860657,0.02332383081988068,0.8452608166855441,11362940.0,0.6482741262384559,0
2024-03-07,36.59000015258789,37.61199951171875,36.23400115966797,37.470001220703125,5280500,39.21599998474121,41.793099899291995,26.50367504119873,37.71978482956035,39.08215393799512,-1.3623691084347698,-1.213850255632492,-0.14851885280227783,31.794869358510525,39.21599998474121,45.982735015781955,32.449264953700464,0.34510072591154917,-0.007594217179505702,-0.007623200074964904,0.8356989174405381,11072075.0,0.4769205410909879,1
2024-03-08,38.7599983215332,39.959999084472656,37.11000061035156,37.29999923706055,11047400,38.692999839782715,41.56749984741211,26.62482503414154,37.879817674479256,39.058290558997946,-1.1784728845186905,-1.2067747814097318,0.028301896891041345,52.49999615453834,38.692999839782715,43.55214537679106,33.83385430277437,0.2511640636357355,0.059305770972833294,0.05761376051714474,0.7695290037792817,9955970.0,1.1096256818773058,0
2024-03-11,37.209999084472656,39.189998626708984,37.130001068115234,38.79999923706055,6046200,38.36049976348877,41.28689979553223,26.738825030326844,37.77676866063209,38.921380079403484,-1.1446114187713974,-1.194342108882065,0.04973069011066755,47.17390348870669,38.36049976348877,42.60174886386046,34.11925066311708,0.22112585219280578,-0.03998966213059507,-0.04081122596427277,0.6874084176448866,8328705.0,0.7259471910699202,1
2024-03-12,37.52000045776367,37.970001220703125,35.93000030517578,37.40999984741211,5585600,37.98649978637695,41.00949981689453,26.85492503166199,37.737265860190796,38.817574181504234,-1.0803083213134386,-1.1715353513683398,0.09122703005490118,53.322918223191756,37.98649978637695,40.861798478737136,35.11120109401677,0.15138529259236183,0.00833113090347748,0.008296618584353446,0.6788809950752761,7873735.0,0.7093964935319769,1
2024-03-13,38.790000915527344,40.31999969482422,37.29999923706055,37.310001373291016,9236900,37.93849983215332,40.80249984741211,26.98032503604889,37.89922509947334,38.8155317173578,-0.9163066178844588,-1.1204896046715636,0.20418298678710478,55.447760259262886,37.93849983215332,40.720376455769575,35.15662320853706,0.14665190431481337,0.03384862586004789,0.03328836871547586,0.5595227159516517,7438295.0,1.241803397149481,0
2024-03-14,33.41999816894531,38.56999969482422,32.869998931884766,38.099998474121094,13614000,37.55999965667725,40.53889984130859,27.077025027275084,37.21011326400749,38.41586256562354,-1.205749301616052,-1.1375415440604613,-0.06820775755559083,40.33658397275783,37.55999965667725,40.63791502993714,34.48208428341736,0.1638932588601722,-0.13843780922501758,-0.1490080366759667,0.7296955915941359,7705840.0,1.7667120002491616,1
2024-03-15,33.709999084472656,33.95000076293945,32.970001220703125,33.220001220703125,7111200,37.16749954223633,40.34329978942871,27.171875023841856,36.671634159463665,38.06728008553829,-1.3956459260746286,-1.189162420463295,-0.20648350561133366,40.07633556030717,37.16749954223633,40.09615248711526,34.238846597357394,0.15759214264876104,0.008677466529511069,0.008640033708987116,0.7277421235538111,7729465.0,0.9200119283805541,1
2024-03-18,34.209999084472656,34.630001068115234,33.400001525878906,33.97999954223633,4871400,36.970999526977536,40.177499771118164,27.268625020980835,36.292921071003505,37.78155556694084,-1.4886344959373332,-1.2490568355581027,-0.23957766037923056,34.93190797475208,36.970999526977536,40.14223857502622,33.79976047892885,0.17155278940915014,0.014832394351215195,0.014723470140488243,0.6786674584045997,7450190.0,0.6538625189424699,0
2024-03-19,33.91999816894531,34.439998626708984,32.45000076293945,33.099998474121094,5276200,36.76749935150146,39.99569976806641,27.36532501220703,35.9278560091484,37.49551427820043,-1.567658269052032,-1.3127771222568887,-0.2548811467951433,38.36150042140259,36.76749935150146,40.176823831526846,33.35817487147608,0.18545316054441746,-0.008477080481974375,-0.008513215285396952,0.6788077676524152,7244090.0,0.7283454512575078,1
2024-03-20,37.790000915527344,37.84000015258789,34.560001373291016,34.94499969482422,8919400,36.823499488830564,39.8446997833252,27.475775017738343,36.21433984089901,37.51732810318761,-1.3029882622886007,-1.3108193502632313,0.007831087974630613,50.70202928806797,36.823499488830564,40.26274286823507,33.384256109426055,0.18679611808474167,0.11409206826329155,0.10803978464597085,0.7883091790612509,7323835.0,1.2178592226613516,0
2024-03-21,37.5099983215332,39.380001068115234,37.40999984741211,38.34000015258789,7067700,36.83249931335449,39.713499755859374,27.585575008392333,36.41367191484273,37.51678515639839,-1.1031132415556613,-1.2692781285217172,0.1661648869660559,48.68559440671643,36.83249931335449,40.27825925385768,33.3867393728513,0.18710432388463227,-0.007409436020391569,-0.007437022241493571,0.7869287876247343,7285890.0,0.9700530751905395,0
2024-03-22,36.040000915527344,37.33000183105469,35.58000183105469,37.040000915527344,4881600,36.78549938201904,39.563099746704104,27.68667501449585,36.35618406879421,37.40739373114868,-1.0512096623544736,-1.2256644352882686,0.17445477293379508,45.95534210921885,36.78549938201904,40.24838865234676,33.32261011169132,0.18827469130515062,-0.03918948205236217,-0.039978061203386706,0.7993776375694253,7174905.0,0.6803713777394962,1
2024-03-25,36.630001068115234,37.439998626708984,36.250999450683594,36.36000061035156,3827800,36.74949951171875,39.43949974060059,27.78882501602173,36.39830976099744,37.3498090894425,-0.9514993284450597,-1.170831413919627,0.21933208547456728,51.597696394921996,36.74949951171875,40.2026357111308,33.2963633123067,0.18792833890490984,0.016370703041067358,0.016238147807071432,0.8007585489844832,7112870.0,0.5381512666476401,1
2024-03-26,37.33000183105469,38.4900016784668,36.41999816894531,37.04999923706055,6000700,36.65099964141846,39.350299758911135,27.881225023269653,36.54164700254471,37.34834188511748,-0.8066948825727707,-1.0980041076502558,0.29130922507748513,51.2143683928871,36.65099964141846,39.90442213927255,33.39757714356437,0.17753526668764966,0.019110039381046384,0.018929736026680848,0.7806458446959007,7019145.0,0.8549046928080272,0
2024-03-27,36.720001220703125,37.970001220703125,35.5099983215332,37.849998474121094,7087700,36.611999702453616,39.26509979248047,27.977875032424926,36.56908611303062,37.301798132197895,-0.7327120191672734,-1.0249456899536593,0.29223367078638596,50.33731451364016,36.611999702453616,39.84118046753996,33.382818937367276,0.17640013063093798,-0.01634076025798925,-0.016475742981140212,0.7652714354003458,7079525.0,1.001154738488811,1
2024-03-28,37.2599983215332,38.2599983215332,36.470001220703125,36.779998779296875,6442000,36.59899959564209,39.19009979248047,28.072875022888184,36.675380298954096,37.29870184992643,-0.6233215509723351,-0.9446208621573945,0.3212993111850594,45.74830101149988,36.59899959564209,39.8148549454841,33.38314424580008,0.1757346039712477,0.014705802910638832,0.01459872113018499,0.7670346163146662,6988705.0,0.921773060960507,0
2024-04-01,34.83000183105469,37.32699966430664,34.81999969482422,37.2599983215332,5872200,36.43999977111817,39.08389984130859,28.153325033187866,36.39147591927726,37.11583518186186,-0.7243592625845992,-0.9005685422428354,0.1762092796582363,43.57452293637696,36.43999977111817,39.676502547440904,33.20349699479543,0.1776346211114932,-0.06521730005216286,-0.06744118317692087,0.8000397661097564,6964670.0,0.8431411682104105,0
2024-04-02,34.09000015258789,34.18000030517578,32.75,33.5,4345200,36.260999870300296,38.92219985961914,28.23857502937317,36.03740272440197,36.89169925376749,-0.85429652936552,-0.8913141396673725,0.037017610301852466,40.9498694548507,36.260999870300296,39.6052737324498,32.91672600815079,0.18445568925906242,-0.021246099327132506,-0.02147504632325986,0.8024143628291318,6842555.0,0.6350259515634146,0
2024-04-03,33.65999984741211,34.619998931884766,33.21099853515625,33.540000915527344,3373200,36.14299983978272,38.70839988708496,28.320475025177004,35.6716484356343,36.652314112555985,-0.9806656769216815,-0.9091844471182343,-0.07148122980344718,35.83655490161095,36.14299983978272,39.683842340395636,32.6021573391698,0.19593517507174382,-0.012613678593461075,-0.01269390639639389,0.7892928561004412,6662660.0,0.5062842768503871,0
2024-04-04,32.11000061035156,34.66899871826172,32.0099983215332,34.119998931884766,4974900,35.90499992370606,38.51299987792969,28.39767502784729,35.123702616360035,36.315846445726024,-1.192143829365989,-0.9657763235677853,-0.22636750579820364,45.416383923494635,35.90499992370606,39.856205271333636,31.953794576078476,0.22009220754900047,-0.04604870006200301,-0.04714265711988049,0.7977928812965785,6543090.0,0.7603288354584761,1
2024-04-05,32.869998931884766,33.459999084472656,31.729999542236328,32.051998138427734,4506500,35.7189998626709,38.36059982299805,28.48177502632141,34.776978972594605,36.060598481737784,-1.283619509143179,-1.029344960682864,-0.25427454846031505,47.15447070423299,35.7189998626709,39.87914150559128,31.558858219750515,0.23293718519078968,0.023668586330957364,0.023392828071419725,0.8044799398764146,6504390.0,0.6928397589935413,1
2024-04-08,34.11000061035156,34.5,32.845001220703125,33.04999923706055,5540800,35.48649997711182,38.228599853515625,28.57482502937317,34.674366916864905,35.916109750523994,-1.2417428336590888,-1.071824535278109,-0.16991829838097972,49.67742427702873,35.48649997711182,39.44595982477511,31.52704012944853,0.22315302158381767,0.03772442101493234,0.03703025914319157,0.7853391375899089,6229060.0,0.889508208301092,1
2024-04-09,35.369998931884766,35.38999938964844,33.84299850463867,34.33000183105469,4217800,35.394499969482425,38.10919982910156,28.67722502231598,34.78138722686796,35.87565709729146,-1.0942698704234957,-1.0763136023071864,-0.017956268116309237,54.40194593598025,35.394499969482425,39.26995917208333,31.519040766881513,0.21898652084037792,0.03693926411572157,0.03627335869487056,0.7875861759353361,6137640.0,0.6872022471177847,0
2024-04-10,33.56999969482422,34.40999984741211,33.0,33.709999084472656,5183000,35.19699993133545,37.90519981384277,28.771025018692015,34.59501991424585,35.70486766007166,-1.1098477458258103,-1.0830204310109113,-0.026827314814898973,35.34721177300847,35.19699993133545,39.01860190384986,31.375397958821036,0.21715498366166652,-0.05089056520829893,-0.05223117111783594,0.805791261315078,6117510.0,0.8472401352838002,1
2024-04-11,33.79999923706055,33.84000015258789,32.65999984741211,33.599998474121094,3542800,34.94749984741211,37.726599807739255,28.865825014114378,34.47270904083273,35.56376629540417,-1.0910572545714388,-1.0846277957230168,-0.006429458848421943,37.073165674401686,34.94749984741211,38.41673294338428,31.478266751439943,0.1985397016163987,0.006851341803014277,0.0068279780155853466,0.7944601535118248,5832805.0,0.6073921552323454,0
2024-04-12,32.619998931884766,33.540000915527344,32.31999969482422,33.290000915527344,4146800,34.90749988555908,37.56879981994629,28.95292500972748,34.1876767163792,35.345709453661996,-1.1580327372827952,-1.0993087840349727,-0.058723953247822536,37.83782537198063,34.90749988555908,38.468132472688076,31.346867298430094,0.20400387302454692,-0.03491125242044235,-0.03553521546811489,0.633670015618321,5359445.0,0.7737368328250407,0
2024-04-15,31.059999465942383,33.08000183105469,31.030000686645508,32.56999969482422,5162000,34.774999904632566,37.39659984588623,29.030825009346007,33.70649560092738,35.02824945457165,-1.3217538536442675,-1.1437977979568317,-0.17795605568743578,31.470378659005107,34.774999904632566,38.70167312918368,30.84832668008145,0.2258331120241368,-0.04782340640782623,-0.04900476392252948,0.6542579788968683,5261985.0,0.9809986155414734,0
2024-04-16,30.920000076293945,31.209999084472656,29.579999923706055,30.309999465942383,5847800,34.610499954223634,37.19479988098144,29.108525009155272,33.27780398175301,34.72393468581034,-1.4461307040573317,-1.2042643791769319,-0.24186632488039983,27.850706846410105,34.610499954223634,38.89608694920679,30.324912959240482,0.24764663906336723,-0.0045073854493122845,-0.0045175743394713355,0.6507436840205535,5310805.0,1.101113672974248,0
2024-04-17,30.8700008392334,31.71500015258789,30.75,31.450000762939453,3518200,34.458000087738036,36.9811999130249,29.18622501373291,32.907372729057684,34.438458104582416,-1.5310853755247322,-1.269628578446492,-0.2614567970782402,28.97194659804046,34.458000087738036,39.05294312531315,29.86305705016292,0.2666981847974536,-0.0016170516473860141,-0.0016183604865651704,0.6506097357138453,5222905.0,0.6736098014419178,1
2024-04-18,31.149999618530273,32.380001068115234,30.420000076293945,31.0,7061300,34.126000022888185,36.73559989929199,29.261375007629393,32.63700763513039,34.194868587097076,-1.5578609519666884,-1.3272750531505313,-0.2305858988161571,27.61903923509267,34.126000022888185,38.66646809381717,29.585531951959197,0.26610022082187845,0.009070254994649085,0.009029367287124333,0.4832280655555162,5130000.0,1.3764717348927875,0
2024-04-19,31.010000228881836,31.920000076293945,30.540000915527344,30.799999237060547,5179800,33.801000118255615,36.4635998916626,29.339325008392333,32.38669880339984,33.95895241241447,-1.5722536090146306,-1.3762707643233514,-0.19598284469127925,33.18660510091743,33.801000118255615,38.251211240642846,29.35078899586838,0.2633183105125764,-0.004494362483560166,-0.004504492493981232,0.4834795483048294,5035605.0,1.028635089527475,1
2024-04-22,31.96500015258789,32.189998626708984,30.440000534057617,31.43000030517578,4202300,33.597250080108644,36.11849987030029,29.43020000934601,32.32182208789031,33.81125224501991,-1.489430157129597,-1.3989026428846008,-0.09052751424499617,40.82072889597817,33.597250080108644,37.98858820858725,29.20591195163004,0.26141056890120373,0.03079651456489163,0.030331818499021123,0.48935115343228747,5001640.0,0.8401844195104006,1
2024-04-23,32.7599983215332,33.290000915527344,30.440000534057617,30.440000534057617,8819400,33.40374994277954,35.89649982452393,29.525750002861024,32.38923381614306,33.73338158402089,-1.3441477678778284,-1.3879516678832462,0.043803900005417784,46.2311465474248,33.40374994277954,37.56757551277869,29.239924372780397,0.24930288228906985,0.024870895202575127,0.02456664875733428,0.4952894726504157,5251220.0,1.679495431537814,0
2024-04-24,32.08000183105469,33.27000045776367,31.764999389648438,32.9900016784668,3911300,33.14124994277954,35.63809986114502,29.612250013351442,32.341659664591006,33.610909009727095,-1.269249345136089,-1.3642112033338147,0.09496185819772585,49.864504014740525,33.14124994277954,36.905670250865334,29.376829634693742,0.22717431084134157,-0.020756914692256045,-0.02097536767354047,0.4896289363220338,5146750.0,0.7599553116044105,0
2024-04-25,31.649999618530273,32.08000183105469,30.270000457763672,30.850000381469727,5192400,32.8877498626709,35.47609985351563,29.689450016021727,32.23525042673551,33.46565646223103,-1.2304060354955197,-1.3374501697661558,0.10704413427063608,44.32029699251392,32.8877498626709,36.304202538941865,29.471297186399937,0.20776445275441566,-0.013404058228829507,-0.013494703538647549,0.48900376748824986,5051985.0,1.0277940255167028,1
2024-04-26,33.33000183105469,33.90999984741211,30.940000534057617,31.899999618530273,6292200,32.691250038146975,35.32289985656738,29.774300022125246,32.40367371970769,33.455607971032784,-1.0519342513250933,-1.2803469860779435,0.22841273475285018,46.511631080999926,32.691250038146975,35.434643780459346,29.947856295834605,0.16783657639956515,0.053080639266131824,0.051719810719352034,0.528884930868291,5044495.0,1.247339922033821,1
2024-04-29,33.41999816894531,33.900001525878906,32.83000183105469,33.29999923706055,3135400,32.6207498550415,35.160099792480466,29.854150009155273,32.56003132728271,33.45297020791519,-0.8929388806324852,-1.2028653649888519,0.3099264843563667,40.25972739180026,32.6207498550415,35.200301138361596,30.041198571721406,0.15815401514575717,0.0027001600043949914,0.0026965211212762927,0.47895768873736894,4907655.0,0.6388794648360572,0
2024-04-30,31.8799991607666,33.2599983215332,31.799999237060547,32.757999420166016,4482900,32.51024980545044,35.03489978790283,29.931600008010864,32.455410993972535,33.336453834052335,-0.8810428400798003,-1.1385008600070416,0.2574580199272414,41.33332211746031,32.51024980545044,35.01299410324201,30.007505507658877,0.15396647597410787,-0.04608016434931217,-0.04717564078080506,0.5000931194816621,4914540.0,0.9121708237190053,1
2024-05-01,32.119998931884766,33.849998474121094,31.270000457763672,31.43000030517578,5370700,32.43324975967407,34.917499732971194,30.006599998474123,32.40380913826672,33.2463460635214,-0.8425369252546773,-1.079308073056569,0.23677114780189168,41.39343285168825,32.43324975967407,34.881213609164035,29.985285910184107,0.15095396653921767,0.00752822388444474,0.007500028227408948,0.5000001606478786,5014415.0,1.0710521566324287,1
2024-05-02,34.439998626708984,34.459999084472656,32.4900016784668,33.08000183105469,5215200,32.54974966049194,34.872899742126464,30.09359998703003,32.71706905956553,33.33476477190567,-0.6176957123401365,-0.9869856009132826,0.36928988857314604,58.34863004997258,32.54974966049194,35.14997676615799,29.94952255482589,0.15976940730958308,0.07222913362307781,0.0697397838599836,0.5363254573492822,5026430.0,1.037555481723609,1
2024-05-03,34.93000030517578,36.70000076293945,34.619998931884766,36.34000015258789,5426300,32.6527497291565,34.824899711608886,30.17999999046326,33.05752002042865,33.45293036696271,-0.3954103465340637,-0.8686705500374389,0.47326020350337517,69.6846585600729,32.6527497291565,35.461250472022826,29.844248986290165,0.1720223115150726,0.014227691579719925,0.014127427870877111,0.532780061025955,5072420.0,1.0697655162624546,1
2024-05-06,36.02000045776367,36.560001373291016,35.209999084472656,35.209999084472656,5168100,32.7482497215271,34.80569972991943,30.27449998855591,33.51328624155711,33.64308370702204,-0.12979746546493232,-0.7208959331229376,0.5910984676580053,73.65493351611808,32.7482497215271,35.877024675182085,29.619474767872124,0.19108043820725334,0.03120527177397081,0.03072828490088508,0.5277167305350723,5053785.0,1.022619680101152,0
2024-05-07,34.900001525878906,36.58000183105469,34.86000061035156,35.44499969482422,8374800,32.724749851226804,34.75669979095459,30.363399991989137,33.72662705452969,33.73618873064107,-0.009561676111374595,-0.5786290817206251,0.5690674056092505,67.00423270697684,32.724749851226804,35.776730309289256,29.67276939316435,0.18652429564396122,-0.031093806708804794,-0.03158747952656795,0.5253640850372321,5261635.0,1.5916725504524734,0
2024-05-08,31.579999923706055,37.880001068115234,31.06999969482422,35.5,20637200,32.6252498626709,34.6022998046875,30.435949993133544,33.39637672671067,33.57647104123847,-0.18009431452779978,-0.49892212828206006,0.3188278137542603,51.44392354924254,32.6252498626709,35.69092665913791,29.559573066203885,0.18793277043831574,-0.09512898157643401,-0.09996286651823759,0.6001734240025758,6034345.0,3.4199569298739134,1
2024-05-09,34.810001373291016,34.88999938964844,32.31999969482422,32.61000061035156,11344800,32.675749969482425,34.54849983215332,30.521999998092653,33.61385744156918,33.66784365842755,-0.05398621685836957,-0.409934945997322,0.3559487291389524,60.567301569149826,32.675749969482425,35.85411020217608,29.49738973678877,0.194539389955064,0.1022799701516246,0.09738073486279417,0.7058867831854916,6424445.0,1.7658801655240257,0
2024-05-10,31.59000015258789,34.650001525878906,31.579999923706055,34.529998779296875,8419500,32.62425003051758,34.429899826049805,30.591300001144408,33.302494781725905,33.51392932466165,-0.21143454293574848,-0.3702348653850073,0.1588003224492588,49.07384534506101,32.62425003051758,35.83957763154221,29.40892242949295,0.19711273656969458,-0.09250218597158011,-0.09706412163014265,0.7727090887969221,6638080.0,1.2683637437331277,1
2024-05-13,32.0099983215332,33.779998779296875,31.84000015258789,32.380001068115234,7697700,32.67174997329712,34.30989982604981,30.669199991226197,33.10364917246549,33.40252702813362,-0.2988778556681311,-0.3559634634416321,0.057085607773501024,48.11273266150886,32.67174997329712,35.81708487994056,29.526415066653673,0.19254156322903734,0.013295288601348876,0.013207681901815932,0.7532438296372099,6764865.0,1.1378941043169375,1
2024-05-14,33.439998626708984,34.310001373291016,32.7599983215332,32.849998474121094,7683900,32.79774990081787,34.22529983520508,30.750049982070923,33.1553952423491,33.40530270210216,-0.24990745975306083,-0.3347522627039179,0.08484480295085706,53.29776094690319,32.79774990081787,35.848079791971976,29.747420009663763,0.1860084853612498,0.04467355139515328,0.043704445603115975,0.7672027817396883,6856670.0,1.1206460278823394,0
2024-05-15,32.29999923706055,34.79999923706055,32.16999816894531,34.5099983215332,5814400,32.86924982070923,34.15089981079102,30.814599981307982,33.02379585692009,33.32342837135834,-0.299632514438251,-0.32772831305078454,0.02809579861253353,51.523674685549025,32.86924982070923,35.79376430568888,29.944735335729572,0.1779483560429218,-0.03409089223879047,-0.03468554054099089,0.7795032718719428,6971480.0,0.8340266342297474,0
2024-05-16,31.31999969482422,32.2400016784668,30.8799991607666,31.93000030517578,7136100,32.877749824523924,34.039899826049805,30.873149976730346,32.7616733704438,33.17502624717063,-0.41335287672682597,-0.34485322578599287,-0.0684996509408331,45.128447882130835,32.877749824523924,35.78214353114844,29.973356117899407,0.176678375018116,-0.030340543819948218,-0.030810345229390704,0.7882190226379389,6975220.0,1.0230645054923,1
2024-05-17,33.83000183105469,33.869998931884766,31.25,31.260000228881836,11932900,33.01874990463257,33.98469985961914,30.9534499835968,32.92603159515317,33.223542957087965,-0.2975113619347951,-0.3353848530157533,0.03787349108095822,50.88937875884165,33.01874990463257,35.81307924493051,30.22442056433463,0.16925712501949652,0.08014055430036482,0.07709117553898777,0.8355830334367935,7312875.0,1.631765892347401,0
2024-05-20,33.029998779296875,33.869998931884766,32.779998779296875,33.790000915527344,4722300,33.071999835968015,33.87009986877442,31.031349973678587,32.942026546559894,33.20920635132566,-0.2671798047657674,-0.3217438433657562,0.05456403859998876,52.577317913024416,33.071999835968015,35.82201763833103,30.321982033605,0.16630489937123114,-0.02364773894346761,-0.023931834472499695,0.83622749089727,7338875.0,0.643463746146378,0
2024-05-21,32.279998779296875,32.939998626708984,31.760000228881836,32.939998626708984,3760300,33.0479998588562,33.7714998626709,31.109299964904785,32.840176120827124,33.14037616080501,-0.3002000399778879,-0.31743508268818255,0.017235042710294635,50.35056922887642,33.0479998588562,35.81778954644396,30.27821017126844,0.1676222282387545,-0.022706631175236303,-0.022968396859626046,0.8367463034323598,7085920.0,0.530672093390837,0
2024-05-22,30.610000610351562,31.969999313354492,29.540000915527344,31.8799991607666,10328300,32.974499797821046,33.633299865722655,31.18404996871948,32.497072196138575,32.95294093484549,-0.45586873870691846,-0.34512181389192975,-0.11074692481498871,41.362207905592385,32.974499797821046,35.92459402694624,30.024405568695855,0.17893185626549724,-0.0517347655544641,-0.05312103268873113,0.8542652850433774,7406770.0,1.3944404916043025,0
2024-05-23,29.68000030517578,30.920000076293945,29.360000610351562,30.739999771118164,5230600,32.87599983215332,33.45109985351562,31.253449969291687,32.06367652060584,32.71050088820329,-0.6468243675974534,-0.40546232463303455,-0.24136204296441888,38.39009515145493,32.87599983215332,36.12836406147385,29.623635602832785,0.1978564451834352,-0.030382237394052103,-0.03085334431555169,0.8596521596185872,7408680.0,0.706009707532246,1
2024-05-24,30.030000686645508,30.469999313354492,29.5,29.8700008392334,3715400,32.71099977493286,33.38329990386963,31.325999970436097,31.750803315381173,32.511945317717526,-0.7611420023363529,-0.4765982601736983,-0.2845437421626546,36.30544468118898,32.71099977493286,36.193104101625,29.228895448240714,0.21290112504360423,0.011792465561689669,0.011723476279174328,0.8368725409186896,7279840.0,0.5103683597441702,0
2024-05-28,29.639999389648438,30.5,29.209999084472656,30.450000762939453,3769100,32.52199983596802,33.301899909973145,31.399249968528746,31.42606424988383,32.299208582305,-0.8731443324211696,-0.5559074746231926,-0.31723685779797706,37.55912869023116,32.52199983596802,36.24413660710481,28.79986306483123,0.22889962424882962,-0.012987055880105403,-0.013072125024828926,0.8370886832630955,7311525.0,0.5155012121274289,0
2024-05-29,28.719999313354492,29.350000381469727,28.389999389648438,28.93000030517578,4326300,32.36399984359741,33.19209991455078,31.46704996585846,31.009746567340855,32.034081969790144,-1.0243354024492888,-0.6495930601884119,-0.3747423422608769,42.36926421554458,32.36399984359741,36.451250839320686,28.27674884787414,0.25258008994409614,-0.031039139515476766,-0.03153105956397453,0.8288814768531069,7303695.0,0.5923440121746595,1
2024-05-30,29.360000610351562,29.795000076293945,28.56100082397461,28.860000610351562,3974100,32.22599992752075,33.10089996337891,31.538199968338013,30.75593949703481,31.836001869090992,-1.080062372056183,-0.7356869225619661,-0.34437544949421695,33.12693820216093,32.22599992752075,36.5286378881549,27.92336196688661,0.26702898096637334,0.022284168255515047,0.02203950426310212,0.833226716325348,7233865.0,0.549374366262019,0
2024-05-31,29.270000457763672,30.079999923706055,28.75,29.600000381469727,3497000,31.967500019073487,32.930499954223635,31.61204997062683,30.527333490993094,31.645927690474156,-1.1185941994810626,-0.8122683779457854,-0.3063258215352772,41.09063389583009,31.967500019073487,36.33086405971994,27.60413597842703,0.27298750531277355,-0.0030654002287778814,-0.0030701081917147133,0.7842788239286013,7147955.0,0.48923083595238076,0
2024-06-03,28.809999465942383,30.0,28.510000228881836,30.0,3276700,31.661499977111816,32.756499977111815,31.684249968528746,30.263128256369907,31.435858933101432,-1.1727306767315255,-0.8843608377029335,-0.28836983902859203,37.748862492067936,31.661499977111816,36.00844502906896,27.31455492515467,0.27458869953094844,-0.015715783554054452,-0.01584058578393462,0.7807537914577208,7040475.0,0.4654089390275514,1
2024-06-04,30.139999389648438,30.219999313354492,28.485000610351562,28.600000381469727,5255500,31.367499923706056,32.63849994659424,31.763849964141844,30.24418535379737,31.3398693372901,-1.09568398349273,-0.9266254668608929,-0.16905851663183724,37.26852805743706,31.367499923706056,35.24307500693393,27.491924840478188,0.2471076810491292,0.04616452441376495,0.04513064238859338,0.7925447483895752,7044845.0,0.7460064770765006,1
2024-06-05,31.0,31.229999542236328,29.420000076293945,30.139999389648438,4618400,31.17249984741211,32.52589992523193,31.846349964141847,30.360464530136237,31.31469383082417,-0.9542293006879312,-0.9321462336263007,-0.022083067061630546,44.87382325086613,31.17249984741211,34.67411988155655,27.670879813267664,0.2246608421708047,0.02853353111370427,0.028134031537346532,0.7974385108990484,6857025.0,0.6735282429333421,1
2024-06-06,31.190000534057617,31.389999389648438,30.15399932861328,30.809999465942383,3531200,31.152999877929688,32.403099899291995,31.929049968719482,30.48808545381645,31.30545729032294,-0.8173718365064921,-0.9091913542023391,0.09181951769584695,49.45332605899879,31.152999877929688,34.64940475594776,27.65659499991162,0.22446665757509238,0.006129049485729565,0.0061103432572848495,0.722654619161482,6001725.0,0.5883641786319767,0
2024-06-07,30.049999237060547,30.799999237060547,29.709999084472656,30.420000076293945,3867700,30.914999771118165,32.26969985961914,32.00819996356964,30.42068757431554,31.21246039748869,-0.7917728231731509,-0.8857076479965015,0.09393482482335058,32.03422201448497,30.914999771118165,33.98533639066176,27.844663151574572,0.19863086801068033,-0.036550217296478005,-0.037234912150214974,0.6242771475145498,5627870.0,0.6872404657534733,1
2024-06-10,30.440000534057617,30.489999771118164,29.510000228881836,29.600000381469727,2661000,30.85749979019165,32.13329990386963,32.08784996509552,30.423658798891246,31.155241148345645,-0.7315823494543992,-0.8548825882880811,0.12330023883368191,37.19091680022187,30.85749979019165,33.917667203958,27.797332376425306,0.19834188995046506,0.012978412875168432,0.01289491494586848,0.538071706752456,5339945.0,0.4983197392482507,1
2024-06-11,33.79999923706055,33.97999954223633,31.209999084472656,32.82899856567383,19250800,30.94699983596802,32.112699851989746,32.18779995918274,30.94309578937883,31.35114915491712,-0.4080533655382901,-0.765516743738123,0.35746337819983287,55.974842201451324,30.94699983596802,34.24458465607394,27.649415015862097,0.21311176124241404,0.11038103298466151,0.1047032293787149,0.6677623157676428,5917600.0,3.2531431661484387,1
2024-06-12,35.75,39.25,35.5,36.0,24332300,31.062499904632567,32.14589984893799,32.2775999546051,31.68261951408978,31.676989958256595,0.005629555833184696,-0.6112874838238614,0.6169170396570461,69.76921681963594,31.062499904632567,34.852758168443565,27.27224164082157,0.244040774274303,0.057692331566722155,0.056089489223216986,0.6798873785768701,6750020.0,3.604774504371839,0
2024-06-13,33.43000030517578,36.88999938964844,33.34000015258789,36.099998474121094,8102000,31.11899995803833,32.14129985809326,32.354999952316284,31.951447328103008,31.806842576546906,0.14460475155610197,-0.4601090367478688,0.6047137883039708,63.02987550679249,31.11899995803833,35.01902917610583,27.218970739970832,0.25065260601731426,-0.06489509635871937,-0.06709655957920951,0.7109743968424272,6864400.0,1.1802925237457025,0
2024-06-14,30.899999618530273,32.939998626708984,30.524999618530273,32.70000076293945,8056600,31.09799995422363,32.117099838256834,32.41374995231629,31.789686142014894,31.73966902410123,0.05001711791366503,-0.3580838058155621,0.4081009237292271,52.62522192918157,31.09799995422363,34.997995171083545,27.19800473736372,0.25081968117568454,-0.07568054632215493,-0.07869753800240606,0.7556893129517669,6910425.0,1.165861723410644,0
2024-06-17,30.809999465942383,31.809999465942383,29.81999969482422,30.420000076293945,10156900,30.94699983596802,32.075899848937986,32.46764994621277,31.638965114926812,31.67080461238576,-0.03183949745894665,-0.29283494414423905,0.2609954466852924,53.59557354608098,30.94699983596802,34.62940214386567,27.264597528070368,0.2379812148134498,-0.002912626333300028,-0.0029168762837298865,0.6944559096023734,6821625.0,1.4889267586535466,0
2024-06-18,30.530000686645508,31.299999237060547,29.899999618530273,30.672000885009766,5348200,30.821999931335448,32.004299850463866,32.51624995231629,31.468355202883536,31.58630061788648,-0.11794541500294287,-0.25785703831597984,0.13991162331303697,55.790149737193545,30.821999931335448,34.37410579350293,27.269894069167965,0.23049158848100593,-0.00908791899222161,-0.009129466037039733,0.690841643455695,6852920.0,0.7804264459529661,0
2024-06-20,30.139999389648438,30.790000915527344,29.360000610351562,30.75,6594600,30.714999961853028,31.89969985961914,32.55764994621277,31.26399277007814,31.47916719357255,-0.2151744234944104,-0.24932051535166597,0.03414609185725556,52.535755954695894,30.714999961853028,34.210660444434325,27.21933947927173,0.22761911033194118,-0.012774362536050132,-0.012856656289831837,0.687985241498604,6994635.0,0.9428083095115042,0
2024-06-21,29.8700008392334,30.34000015258789,29.43000030517578,30.209999084472656,5648100,30.67799997329712,31.825699882507323,32.59734994888306,31.049532473025103,31.359969685843726,-0.31043721281862346,-0.2615438548450575,-0.048893357973565976,51.92802138485495,30.67799997329712,34.193946178663154,27.16205376793108,0.22921612937130206,-0.008958147175934239,-0.008998512623584833,0.6637484581283961,6760625.0,0.8354405103078487,1
2024-06-24,33.70000076293945,34.130001068115234,30.770000457763672,31.0,13615200,30.878999996185303,31.823699913024903,32.6553499507904,31.457296825319617,31.53330532118415,-0.07600849586453506,-0.224436783048953,0.14842828718441795,62.91600825530216,30.878999996185303,34.607902315731,27.150097676639604,0.2415170387646204,0.12822229046192257,0.12064319967325389,0.7946058722119554,7179855.0,1.8963057053380605,0
2024-06-25,32.970001220703125,33.439998626708984,32.527000427246094,33.290000915527344,5853200,31.026000022888184,31.83069995880127,32.707799959182736,31.69002057845554,31.63972723966704,0.05029333878850295,-0.16949075868146182,0.21978409746996477,57.71958960271378,31.026000022888184,34.84469890719309,27.207301138583272,0.24616121198271246,-0.021661706994354768,-0.021899765889167075,0.801070330820126,7286745.0,0.80326675353673,0
2024-06-26,31.40999984741211,32.875,31.219999313354492,32.869998931884766,6123400,31.114500045776367,31.837699966430662,32.752499961853026,31.64694046598732,31.622710395796304,0.02423007019101675,-0.13074659290696614,0.1549766630979829,51.0772459052147,31.114500045776367,34.87961704491124,27.349383046641492,0.24201687275036068,-0.04731578148415205,-0.04847178541568625,0.8208033855427174,7404460.0,0.8269880585484964,0
2024-06-27,30.459999084472656,31.239999771118164,30.399999618530273,30.75,8030000,31.201500034332277,31.82849994659424,32.78694995880127,31.46433409960045,31.536583631994553,-0.07224953239410326,-0.11904718080439357,0.04679764841029031,48.15563075933186,31.201500034332277,34.81084058854004,27.592159480124515,0.23135686106349104,-0.0302451692949538,-0.030711991282308584,0.8203568152000432,7589645.0,1.05802050030008,0
2024-06-28,30.209999084472656,31.451000213623047,29.600000381469727,30.5,11318000,31.24399995803833,31.815299911499025,32.81864995002746,31.27135948188848,31.438318109955894,-0.16695862806741246,-0.12862947025699736,-0.0383291578104151,50.42327998543553,31.24399995803833,34.78134033589679,27.706659580179867,0.2264332596728474,-0.008207485473216591,-0.008241352317166594,0.8185680745033791,7956840.0,1.4224239773578455,0
2024-07-01,29.829999923706055,30.440000534057617,29.459999084472656,30.209999084472656,3579000,31.27199993133545,31.78889991760254,32.851049947738645,31.049611857552723,31.319183429492945,-0.2695715719402223,-0.15681789059364237,-0.11275368134657993,48.38538742704821,31.27199993133545,34.751949495605366,27.792050367065535,0.22256009029872792,-0.012578588953414238,-0.012658369124107699,0.8201442999978361,7960940.0,0.4495700256502373,0
2024-07-02,29.3799991607666,30.1299991607666,29.163000106811523,29.959999084472656,5119100,31.30049991607666,31.756299896240236,32.879849939346315,30.792748365739474,31.175540150328032,-0.38279178458855867,-0.20201266939262563,-0.18077911519593304,36.170213781774265,31.30049991607666,34.70404940226646,27.89695042988686,0.21747572692547698,-0.015085510026496385,-0.015200453788087138,0.8199649688977281,8053060.0,0.635671409377305,0
2024-07-03,28.979999542236328,29.540000915527344,28.709999084472656,29.34000015258789,3632800,31.242499923706056,31.696599884033205,32.90289993286133,30.513863931354376,31.012907512691612,-0.4990435813372365,-0.26141885178154783,-0.23762472955568864,26.541925451881667,31.242499923706056,34.766713573342024,27.718286274070092,0.22560381904406296,-0.013614691285097957,-0.01370822108425705,0.8047767050710937,7971925.0,0.4556992194482512,0
2024-07-05,28.549999237060547,28.8799991607666,28.350000381469727,28.770000457763672,4902700,31.119999885559082,31.61239990234375,32.920599927902224,30.211730901463017,30.83046986264487,-0.618738961181851,-0.3328828736616085,-0.2858560875202425,30.542261914539836,31.119999885559082,34.84434418890903,27.39565558220914,0.2393537478821256,-0.01483782995058669,-0.014949011717592543,0.7985240087590163,7986140.0,0.6139010836273845,0
2024-07-08,28.149999618530273,28.809999465942383,27.600000381469727,28.809999465942383,7794500,30.967999839782713,31.53379985809326,32.94259992599487,29.894541473319517,30.631916511228972,-0.7373750379094552,-0.41378130651117784,-0.3235937313982774,36.791546396210364,30.967999839782713,34.92141111943912,27.014588560126306,0.255322352112499,-0.014010494893850534,-0.014109568344718952,0.7986869337906697,8199305.0,0.9506293521219177,1
2024-07-09,28.360000610351562,29.18000030517578,27.770000457763672,28.020000457763672,5221600,30.883499908447266,31.46799987792969,32.96889992713928,29.65845826363214,30.46362644449731,-0.8051681808651701,-0.4920586813819763,-0.3131094994831938,38.366577892544726,30.883499908447266,34.98885119542935,26.778148621465185,0.26586049503147047,0.007460070858510859,0.007432382151113935,0.7900984901602146,8267000.0,0.6316196927543244,0
2024-07-10,28.170000076293945,28.780000686645508,27.450000762939453,28.59000015258789,4809800,30.76999988555908,31.364799842834472,33.00349992752075,29.429464696349342,30.293728195000767,-0.8642634986514253,-0.5664996448358661,-0.29776385381555914,38.69731772766868,30.76999988555908,35.04882936618617,26.491170404931992,0.2781169643510607,-0.006699595556012294,-0.00672213858886929,0.7883166843698323,8374440.0,0.5743428814344601,1
2024-07-11,29.610000610351562,30.440000534057617,28.8700008392334,30.200000762939453,8051600,30.560499954223634,31.2885998916626,33.05064992904663,29.457239452349683,30.243081707248976,-0.7858422548992934,-0.6103681668485516,-0.17547408805074183,47.693652298197065,30.560499954223634,34.6193229885563,26.50167691989097,0.26562543416582507,0.05111822968255608,0.04985457812989953,0.6984738138455979,7814480.0,1.0303436697003512,0
2024-07-12,29.540000915527344,30.459999084472656,29.389999389648438,29.829999923706055,5904900,30.25,31.241799926757814,33.0972499370575,29.469971985146245,30.191001648602928,-0.7210296634566831,-0.6325004661701779,-0.08852919728650521,48.53853037557526,30.25,33.50847927545001,26.991520724549993,0.21543664631074427,-0.0023640558386124333,-0.0023668546304867377,0.6575077656099239,6893110.0,0.8566380051964934,1
2024-07-15,32.099998474121094,32.36000061035156,29.6200008392334,29.719999313354492,10723300,30.183499908447267,31.24139991760254,33.15819993019104,29.87459144498853,30.332408820863535,-0.45781737587500615,-0.5975638481111436,0.13974647223613745,42.015957007373935,30.183499908447267,33.21511095541133,27.1518888614832,0.20087869572180583,0.08666206767949425,0.08311067450476638,0.7041594366528767,7024175.0,1.5266276822544997,1
2024-07-16,33.459999084472656,33.470001220703125,32.124000549316406,32.400001525878906,8879700,30.311499881744385,31.22179992675781,33.22419992446899,30.426192620293776,30.56408217372347,-0.13788955342969444,-0.5056289891748538,0.3677394357451593,52.300459124718735,30.311499881744385,33.66913239566399,26.95386736782478,0.22154182584292353,0.04236762227412538,0.041494685596031644,0.661797140574323,7065330.0,1.256799045479829,0
2024-07-17,32.27000045776367,34.29999923706055,31.90399932861328,32.31999969482422,8783900,30.384499931335448,31.16859992980957,33.281299924850465,30.709855364519914,30.69044649105978,0.01940887346013298,-0.40062141664785644,0.4200302901079894,54.18288284276617,30.384499931335448,33.849534266823674,26.91946559584722,0.22807907606303876,-0.03556481348683638,-0.03621264794753671,0.6768062429515216,6996680.0,1.2554382935906745,0
2024-07-18,30.860000610351562,32.72999954223633,30.479999542236328,32.04999923706055,6270300,30.40099992752075,31.06539993286133,33.329249925613404,30.732954633109397,30.703006055451766,0.029948577657631148,-0.31450741778675895,0.3444559954443901,51.86220486704321,30.40099992752075,33.8720890762493,26.9299107787922,0.22835361711812122,-0.04369382793339516,-0.044677153536200526,0.6959755713703041,7042785.0,0.890315407896166,0
2024-07-19,29.959999084472656,30.690000534057617,29.899999618530273,30.579999923706055,4199500,30.391999912261962,30.966599884033204,33.37679991722107,30.61403839485759,30.647968502045906,-0.033930107188314906,-0.2583919556670702,0.22446184847875528,48.902546034255245,30.391999912261962,33.86686984181727,26.917129982706655,0.2286700407730217,-0.029164015167809643,-0.029597738622399374,0.7028042155106129,6923030.0,0.6065985558346562,0
2024-07-22,29.6299991607666,30.610000610351562,29.290000915527344,30.360000610351562,3628600,30.379999828338622,30.927599868774415,33.433549909591676,30.462647743458977,30.572563365654847,-0.10991562219587081,-0.22869668897283033,0.11878106677695952,49.11816243276765,30.379999828338622,33.86410529995987,26.895894356717378,0.2293683667747261,-0.011014684038394451,-0.01107579482899534,0.7032126327249882,6822055.0,0.5318925162579311,0
2024-07-23,29.34000015258789,29.94499969482422,29.270000457763672,29.559999465942383,2539000,30.161999797821046,30.81819984436035,33.49074991226196,30.289932729478807,30.481262386909147,-0.19132965743034092,-0.22122328266433247,0.029893625233991555,49.8211135334935,30.161999797821046,33.29984752839454,27.024152067247552,0.20806629212962038,-0.009787344461443692,-0.009835555346186717,0.5166016772608957,6268245.0,0.40505755598257565,0
2024-07-24,26.459999084472656,29.174999237060547,26.360000610351562,29.1200008392334,6810700,29.83649969100952,30.715599822998048,33.53549990653992,29.700712168708627,30.18339103117311,-0.482678862464482,-0.2735143986243624,-0.2091644638401196,40.77598650837069,29.83649969100952,33.09613643881474,26.576862943204308,0.2184999434626995,-0.09815954509670333,-0.10331765382913323,0.6095543555828083,6316120.0,1.078304402069625,0
2024-07-25,26.459999084472656,27.209999084472656,25.889999389648438,26.700000762939453,4919000,29.588999652862547,30.604599838256835,33.57809989929199,29.202140924980014,29.907584220306408,-0.7054432953263934,-0.3599001779647686,-0.3455431173616248,42.10128410845505,29.588999652862547,33.08846063187938,26.089538673845713,0.23653797154837455,0.0,0.0,0.5943288823249663,6255900.0,0.7862977349382183,1
2024-07-26,27.100000381469727,27.700000762939453,26.520000457763672,27.700000762939453,5121900,29.4209997177124,30.47779987335205,33.6196498966217,28.878734687516893,29.699615047059247,-0.8208803595423539,-0.4520962142802857,-0.36878414526206826,46.102453073847094,29.4209997177124,33.064063111451624,25.77793632397318,0.24765055087818647,0.024187502613053358,0.023899617875648534,0.5985428228969252,6110495.0,0.8382135980800246,0
2024-07-29,26.84000015258789,27.799999237060547,26.53499984741211,27.34000015258789,4384100,29.252499771118163,30.368599891662598,33.65534989356995,28.565083220604738,29.487791721542848,-0.9227085009381106,-0.5462186716118507,-0.37648982932625996,44.378696722266625,29.252499771118163,33.05035985683386,25.454639685402473,0.2596605497261078,-0.00959410425173346,-0.00964042417345501,0.5986570145111579,5763800.0,0.7606266699052708,1
2024-07-30,27.459999084472656,29.200000762939453,27.010000228881836,28.549999237060547,7661300,29.133999729156493,30.291399879455568,33.69199989318847,28.39507027658442,29.33758485953765,-0.9425145829532298,-0.6254778538801266,-0.3170367290731032,47.455193368934445,29.133999729156493,33.00321637589608,25.264783082416905,0.2656152044147501,0.023099811041729312,0.022837049210852098,0.6061879491828854,5967915.0,1.2837481767082808,1
2024-07-31,28.290000915527344,29.333999633789062,27.799999237060547,28.110000610351562,7148100,29.079499816894533,30.18059986114502,33.74044989585877,28.378905759498718,29.259986048870218,-0.8810802893715,-0.6765983409784013,-0.20448194839309863,45.05247496354733,29.079499816894533,32.96479981616319,25.19419981762587,0.2672191766525084,0.030225850645567487,0.029778050676274443,0.6158973874748923,6069365.0,1.1777344087890578,0
2024-08-01,26.420000076293945,28.84000015258789,25.969999313354492,28.18000030517578,6952400,28.95149984359741,30.048399887084962,33.78254989624023,28.07753565439029,29.049616717568274,-0.9720810631779848,-0.7356948854183181,-0.23638617775966675,39.696167199628206,28.95149984359741,33.015183681869836,24.887816005324986,0.28072354525502097,-0.06610112331976004,-0.06838711569378644,0.6567860453639023,6235345.0,1.1149984483617186,0
2024-08-02,25.770000457763672,25.81999969482422,23.950000762939453,25.149999618530273,8237900,28.812499904632567,29.918199920654295,33.81699990272522,27.722530239524655,28.80668217980497,-1.0841519402803144,-0.8053862963907173,-0.278765643889597,26.07711107253806,28.812499904632567,33.117052355167765,24.50794745409737,0.29879756805434976,-0.024602559298003257,-0.024910259554207035,0.6598712318972052,6402105.0,1.2867486553250844,0
2024-08-05,24.559999465942383,25.15999984741211,22.25,22.25,6907800,28.632999897003174,29.797199897766113,33.83994990348816,27.23598704358892,28.492113089889223,-1.2561260463003023,-0.8955342463726343,-0.360591799927668,15.978604454066087,28.632999897003174,33.33493710906661,23.931062684939736,0.3284278440245136,-0.04695385992733869,-0.0480919608937822,0.6764658198950692,6357770.0,1.0865130383766635,0
2024-08-06,24.15999984741211,24.959999084472656,23.889999389648438,24.739999771118164,4455100,28.4229998588562,29.68679988861084,33.866749906539916,26.762758244177103,28.1712158126687,-1.4084575684915954,-0.9981189107964266,-0.41033865769516886,17.005705903404703,28.4229998588562,33.533674237203094,23.31232548050931,0.35961541031739336,-0.016286629773138106,-0.01642071478303425,0.6754830322431306,6319445.0,0.7049827951663477,0
2024-08-07,24.1200008392334,26.40999984741211,24.100000381469727,25.770000457763672,7062100,28.220499897003172,29.568599891662597,33.89589990615845,26.35618018187807,27.871125814636454,-1.5149456327583835,-1.101484255188818,-0.41346137756956547,19.139206183440407,28.220499897003172,33.68226906938822,22.758730724618125,0.38707813060143914,-0.0016555880973233572,-0.0016569600978182568,0.675761529392773,6432060.0,1.0979530663582118,1
2024-08-08,25.21500015258789,25.27199935913086,24.149999618530273,24.3700008392334,4250000,28.00074987411499,29.480099906921385,33.930724906921384,26.180614023525735,27.67437576559582,-1.4937617420700846,-1.1799397525650714,-0.31382198950501317,28.654978788364474,28.00074987411499,33.57953293079403,22.42196681743595,0.3984738324337727,0.0453979799027775,0.04439765492708972,0.6695280919851485,6241980.0,0.6808736971281548,1
2024-08-09,25.440000534057617,25.81999969482422,24.68000030517578,25.34000015258789,4959700,27.795749855041503,29.41449993133545,33.965424909591675,26.066673486684486,27.508866489185582,-1.4421930025010958,-1.2323904025522765,-0.20980259994881933,30.971853706907964,27.795749855041503,33.43734425690285,22.154155453180163,0.40593216094424506,0.008923275038990486,0.008883697884590567,0.671793226974195,6194720.0,0.8006334426737609,0
2024-08-12,25.170000076293945,25.43000030517578,24.670000076293945,25.329999923706055,4273900,27.449249935150146,29.330699920654297,33.993474912643435,25.92872373123979,27.335617125267685,-1.4068933940278967,-1.2672910008474005,-0.13960239318049616,31.028213304333775,27.449249935150146,32.82263075785954,22.07586911244075,0.39151385450634935,-0.010613225318223174,-0.010669947286381503,0.5743875573953833,5872250.0,0.7278130188598919,1
2024-08-13,26.25,26.479999542236328,25.350000381469727,25.600000381469727,5571000,27.088749980926515,29.270299911499023,34.04152491569519,25.97815084951059,27.25520104191452,-1.2770501924039301,-1.2692428391587065,-0.007807353245223636,48.857459038713145,27.088749980926515,31.67379874250651,22.50370121934652,0.3385205123756819,0.04290822091507418,0.04201317685926223,0.5750621620968209,5706815.0,0.9762012611237617,1
2024-08-14,26.579999923706055,26.8799991607666,25.969999313354492,26.757999420166016,3875200,26.804249954223632,29.225699920654296,34.08732491493225,26.070743014771434,27.20518614426945,-1.1344431294980168,-1.2422828972265687,0.10783976772855186,50.6302563520003,26.804249954223632,30.688153511672652,22.92034639677461,0.28979759285053386,0.012571425664992475,0.012493061377114839,0.5736419336005468,5461380.0,0.7095642493289241,1
2024-08-15,28.3700008392334,28.56999969482422,27.200000762939453,27.295000076293945,7037200,26.679749965667725,29.190299949645997,34.14452491760254,26.42447498776558,27.29146871426678,-0.8669937265011995,-1.1672250630814949,0.3002313365802953,55.95126626832225,26.679749965667725,30.154313626668653,23.205186304666796,0.2604644845226884,0.06734390220712094,0.0651732279877319,0.6182825226286752,5499725.0,1.2795548868352509,1
2024-08-16,28.450000762939453,28.899999618530273,28.149999618530273,28.40999984741211,4728200,26.604250049591066,29.139299964904787,34.201274919509885,26.73609433779233,27.37728590305735,-0.641191565265018,-1.0620183635181997,0.4208267982531817,57.67397689581151,26.604250049591066,29.835823362697838,23.372676736484294,0.24293662156106852,0.002819877382429281,0.0028159089867124108,0.6110304358483528,5526160.0,0.855603167479769,1
2024-08-19,30.34000015258789,30.3799991607666,28.360000610351562,28.510000228881836,5782400,26.63975009918213,29.12229995727539,34.264924917221066,27.290541386222415,27.59674621783739,-0.30620483161497347,-0.9108556571375545,0.604650825522581,62.244900276176246,26.63975009918213,30.023302575135396,23.256197623228864,0.2540228390548712,0.06643231419910745,0.0643187915604589,0.6558472101971436,5633850.0,1.02636740417299,0
2024-08-20,29.290000915527344,31.459999084472656,29.19499969482422,30.40999984741211,7752000,26.6372501373291,29.107099990844727,34.32332491874695,27.59815054457702,27.72217249174035,-0.12402194716332815,-0.7534889151427092,0.6294669679793811,54.173622863984384,26.6372501373291,30.012465810459847,23.262034464198354,0.2534207289213208,-0.03460775318984255,-0.03522078685267419,0.6675804710146448,5894500.0,1.3151242683857833,1
2024-08-21,29.75,29.84000015258789,28.469999313354492,29.31999969482422,6165800,26.80175018310547,29.093299980163575,34.36687491416931,27.929204306949785,27.872381936796618,0.05682237015316716,-0.591426658083534,0.6482490282367012,65.75213160239153,26.80175018310547,30.450224196091387,23.15327617011955,0.2722564002768551,0.015704987029508732,0.015582939894662076,0.5569798915418519,5862255.0,1.0517795626427031,1
2024-08-22,29.959999084472656,31.440000534057617,29.6200008392334,29.700000762939453,9941800,26.97675018310547,29.016499977111817,34.404524908065795,28.241634272722536,28.02702024403188,0.21461402869065438,-0.4302185207286963,0.6448325494193508,70.68114394253777,26.97675018310547,30.882864547207998,23.07063581900294,0.2895911729611361,0.007058792755383347,0.007033996099056885,0.5564573807663744,6113395.0,1.6262322326628658,1
2024-08-23,31.459999084472656,32.16999816894531,30.020000457763672,30.100000381469727,8112600,27.194750118255616,28.93069995880127,34.453274908065794,28.73676732068409,28.28131497295342,0.4554523477306702,-0.25308434703682303,0.7085366947674933,83.10941503866226,27.194750118255616,31.58632256021355,22.803177676297683,0.3229720753352248,0.050066757204188406,0.04885374043812145,0.5744656558294987,6262930.0,1.2953362084519546,1
2024-08-26,31.8799991607666,32.4900016784668,31.049999237060547,32.459999084472656,9265900,27.44675006866455,28.899699935913088,34.502224903106686,29.220341449927552,28.547884172050694,0.6724572778768589,-0.06797602205408665,0.7404332999309455,86.97318840645904,27.44675006866455,32.306113184583204,22.5873869527459,0.35409388024169014,0.013350288891179174,0.013261959068435119,0.5708507880346908,6507020.0,1.4239851729363058,1
2024-08-27,32.5099983215332,32.66999816894531,31.5,31.5,8411100,27.69925003051758,28.931899909973144,34.555974893569946,29.72644250709765,28.841374109049397,0.8850683980482543,0.12263286196638154,0.7624355360818728,88.03263763218942,27.69925003051758,33.06041407748204,22.33808598355312,0.38709813739056537,0.019761580218041974,0.019568855089313917,0.5698991016935984,6544510.0,1.285214630277897,0
2024-08-28,31.579999923706055,32.5099983215332,30.459999084472656,32.22999954223633,16394900,27.863749980926514,28.94729991912842,34.58957489013672,30.01160518657587,29.044235280505447,0.9673699060704237,0.29158027078719,0.6757896352832338,79.2913121949053,27.863749980926514,33.49626663185816,22.23123332999486,0.40428992183659845,-0.02860653478444375,-0.029023676274964695,0.5791438997220799,7006850.0,2.3398388719610095,1
2024-08-29,41.65999984741211,42.869998931884766,37.52000045776367,39.11000061035156,54415100,28.62574996948242,29.16989990234375,34.6857248878479,31.8036659036276,29.97873635953557,1.8249295440920292,0.5982501254481579,1.2266794186438714,89.14093348718546,28.62574996948242,36.92710211171669,20.32439782724815,0.5799919408982644,0.3191893587098882,0.2770174257585289,1.2113942594830875,9379985.0,5.801192645830457,1
2024-08-30,44.0099983215332,44.88999938964844,40.56999969482422,41.5,30046500,29.5377498626709,29.447299880981447,34.791374883651734,33.68156319869,31.01808909746132,2.6634741012286796,1.0112949206042623,1.6521791806244173,91.31579737694314,29.5377498626709,40.19231687039522,18.88318285494658,0.7214203557996343,0.05640898902372604,0.05487541051456403,1.2011220007956658,10470415.0,2.869657028876124,0
2024-09-03,41.59000015258789,44.9900016784668,40.73500061035156,43.779998779296875,16044500,30.389249897003175,29.681699867248536,34.87152488708496,34.89824580698198,31.801193620063287,3.0970521869186953,1.428446373867149,1.6686058130515464,81.77300204767457,30.389249897003175,42.04390094914564,18.734598844860713,0.7670245953186084,-0.05498746333196869,-0.05655708526101403,1.208218249790102,10927250.0,1.468301722757327,0
2024-09-04,40.22999954223633,42.47999954223633,39.18000030517578,41.0,12894600,31.192749881744383,29.812299842834474,34.94277488708496,35.71851561240573,32.425549614298326,3.2929659981074053,1.8013502987152004,1.491615699392205,77.11562120514613,31.192749881744383,43.24807223408463,19.137427529404135,0.7729566901311031,-0.032700182865157745,-0.03324678284064807,1.217755695542306,11349225.0,1.1361656853221256,0
2024-09-05,39.63999938964844,42.0,39.52000045776367,40.310001373291016,9926200,31.968749809265137,29.94569980621338,35.01827487945557,36.321820808904604,32.959953301361296,3.361867507543309,2.1134537404808222,1.2484137670624866,73.50855748931403,31.968749809265137,44.10490729809216,19.832592320438117,0.759251303928672,-0.014665676343557199,-0.014774280518610575,1.2228566263180758,11492430.0,0.8637163767801935,0
2024-09-06,38.439998626708984,41.310001373291016,37.84000015258789,40.099998474121094,9750300,32.62999973297119,30.086299781799315,35.08652486801147,36.64769431933605,33.36588258472038,3.2818117346156654,2.347125339307791,0.9346863953078746,69.90833168749394,32.62999973297119,44.65741500344327,20.602584462499117,0.7371998387311599,-0.030272471781440546,-0.030740145687903387,1.237649629846019,11767445.0,0.828582585259587,0
2024-09-09,38.16999816894531,39.79999923706055,38.119998931884766,38.75,7940300,33.26649961471558,30.24049976348877,35.15007486343384,36.88189491158363,33.72174299836667,3.160151913216957,2.5097306540896245,0.6504212591273326,66.68086952366494,33.26649961471558,45.036414546401446,21.49658468302971,0.7076136694874501,-0.0070239455621642355,-0.007048729590423536,1.241481355748426,11916475.0,0.6663295983082246,0
2024-09-10,37.27000045776367,38.40999984741211,35.720001220703125,38.16999816894531,9946000,33.871499633789064,30.38169979095459,35.21127486228943,36.94160345714979,33.98457688424793,2.95702657290186,2.5991898378520717,0.3578367350497884,67.10978185551387,33.871499633789064,45.121538013923555,22.62146125365457,0.6642775490762053,-0.023578667916045903,-0.023861093012564824,1.2469791048500445,12200080.0,0.8152405557996341,1
2024-09-11,40.2400016784668,40.290000915527344,37.13999938964844,37.400001525878906,11334000,34.570999717712404,30.589899826049805,35.284624872207644,37.449049337352406,34.4479416838197,3.0011076535327064,2.6795734009881986,0.32153425254450774,70.30585372294156,34.570999717712404,45.562484758519965,23.579514676904843,0.6358789234073603,0.07968878948818059,0.07667284172935432,1.2617652348395818,12488230.0,0.9075745722171997,1
2024-09-12,41.7400016784668,41.880001068115234,39.16999816894531,40.029998779296875,10155600,35.32899980545044,30.83709987640381,35.362174882888795,38.10919585137,34.98809427601578,3.121101575354224,2.767879035861404,0.35322253949282034,71.71829777824789,35.32899980545044,46.08864918250217,24.56935042839871,0.6091114628946708,0.03727634039346173,0.03659837435859871,1.2617934215215054,12802250.0,0.7932668085688063,1
2024-09-13,44.0099983215332,44.630001068115234,42.38999938964844,42.38999938964844,13272700,36.11099967956543,31.137699851989748,35.43537487030029,39.0170116160105,35.65638346457262,3.3606281514378793,2.886428858976699,0.4741992924611802,72.49910890068024,36.11099967956543,47.01352814022198,25.208471218908883,0.6038342088228642,0.054384201048977676,0.05295690082321127,1.2569132837901207,13114025.0,1.0120996414144399,1
2024-09-16,44.060001373291016,45.02000045776367,42.45000076293945,43.939998626708984,9320200,36.89149971008301,31.447899894714354,35.491924877166745,39.792856194053655,36.27887368003324,3.5139825140204124,3.0119395899854418,0.5020429240349706,72.12936871807642,36.89149971008301,47.71954779235349,26.063451627812533,0.587021301240893,0.001136174816288138,0.0011355298581587844,1.2573176753942172,13343625.0,0.6984758639425194,0
2024-09-17,44.0,45.08000183105469,43.31999969482422,44.95000076293945,9613900,37.574499702453615,31.76489990234375,35.541324882507325,40.44010908727617,36.850808962993746,3.589300124282424,3.127411696844838,0.46188842743758585,71.31725970235449,37.574499702453615,48.38580295093181,26.763196453975418,0.5754595980833362,-0.00136181051794948,-0.0013627386245921623,1.2504842688024984,13535200.0,0.7102887286482653,1
2024-09-18,44.279998779296875,45.630001068115234,43.25,43.790000915527344,12468500,38.32399959564209,32.08329986572266,35.59067487716675,41.03086134758705,37.401119319756944,3.6297420278301047,3.227877763041892,0.4018642647882129,74.14448696776718,38.32399959564209,48.789945536658344,27.85805365462584,0.5461823427326389,0.006363608620383543,0.006343446354353355,1.2345396929333274,13771025.0,0.9054155373329146,1
2024-09-19,44.97999954223633,47.97999954223633,44.349998474121094,46.58000183105469,21984200,39.0854995727539,32.4194998550415,35.627224884033204,41.63842106984079,37.96251785475542,3.67590321508537,3.3174828534505876,0.3584203616347823,59.81087486438885,39.0854995727539,49.132623675662934,29.038375469844873,0.5141100516935839,0.015808509083941935,0.015684856081505886,1.2345312342302603,14561945.0,1.5097021723403021,0
2024-09-20,44.93000030517578,46.0,43.91999816894531,45.0,10703200,39.83399963378906,32.725899848937985,35.65907487869263,42.14481787527694,38.47862766589767,3.6661902093792733,3.387224324636325,0.27896588474294814,53.146381842874646,39.83399963378906,49.227902705056245,30.44009656252188,0.4716525158221287,-0.0011115882074119732,-0.0011122064798020676,1.236301942262328,14600015.0,0.7330951372310234,0
2024-09-23,44.66999816894531,46.040000915527344,44.630001068115234,45.2400016784668,7486500,40.494499588012694,33.02849979400635,35.69147487640381,42.53330715122592,38.93724770316046,3.5960594480654606,3.4289913493221524,0.1670680987433082,62.359539725960296,40.494499588012694,49.244880195376524,31.74411898064886,0.4321762558564446,-0.005786826941118872,-0.0058036355009945285,1.2359543609348713,14568710.0,0.5138752847712666,0
2024-09-24,44.619998931884766,44.880001068115234,42.36000061035156,44.599998474121094,10047300,41.1314995765686,33.27889980316162,35.72267486572266,42.85433665594266,39.35819223862152,3.4961444173211405,3.44242196292195,0.05372245439919032,69.68609322366166,41.1314995765686,49.05744977618199,33.20554937695521,0.3853956350343506,-0.0011193024201936463,-0.0011199293069751586,1.2380776891264818,14607780.0,0.6878047177599882,0
2024-09-25,43.2400016784668,45.7599983215332,43.150001525878906,44.720001220703125,6546900,41.66799974441528,33.4744998550415,35.74182487487793,42.91366973633099,39.645733678610064,3.2679360577209238,3.407524781881745,-0.13958872416082135,65.07538820299942,41.66799974441528,48.51608222383139,34.81991726499918,0.3286974427100474,-0.03092777423694293,-0.031416133477885834,1.2509111672444446,14514570.0,0.4510571102003022,0
2024-09-26,41.63999938964844,43.790000915527344,41.380001068115234,43.540000915527344,7830700,42.170999717712405,33.6618998336792,35.73967487335205,42.71772045222598,39.79345706461291,2.924263387613074,3.310872503028011,-0.38660911541493714,62.965967274596686,42.170999717712405,47.11127403329456,37.23072540213025,0.23429723500281044,-0.03700282670467958,-0.03770480249951328,1.2553101704110017,14086360.0,0.5559065649323175,0
2024-09-27,41.15999984741211,42.689998626708984,40.869998931884766,42.189998626708984,5092200,42.1459997177124,33.86789981842041,35.745874881744385,42.478071128408466,39.89468245593137,2.583388672477099,3.165375736917829,-0.5819870644407299,61.91235800890421,42.1459997177124,47.102196771226716,37.18980266419808,0.23519181353913454,-0.01152736669721599,-0.01159432183028945,0.5462459392634589,11620215.0,0.43821908630778345,0
2024-09-30,40.81999969482422,41.95000076293945,40.02000045776367,40.540000915527344,5832700,41.98649978637695,34.08509983062744,35.75237487792969,42.22298321554935,39.963224473627136,2.2597587419222123,2.984252337918706,-0.7244935959964938,64.80399808215248,41.98649978637695,46.8952128680574,37.07778670469651,0.23382340069572266,-0.008260450773769135,-0.008294757353095195,0.5042097640153114,10409525.0,0.5603233576940351,0
2024-10-01,38.47999954223633,41.0099983215332,38.369998931884766,40.90999984741211,6232100,41.830999755859374,34.26209983825684,35.72277486801148,41.64713957350119,39.85335596019078,1.79378361331041,2.7461585929970473,-0.9523749796866374,42.25351214054203,41.830999755859374,46.983580741703335,36.67841877001541,0.24635227538984297,-0.057324844930966345,-0.0590335360042046,0.5074466314513008,9918905.0,0.6283052413547665,1
2024-10-02,39.04999923706055,39.529998779296875,37.900001525878906,38.380001068115234,5892200,41.771999740600585,34.45629981994629,35.69382486343384,41.247579521741095,39.793848054773726,1.453731466967369,2.4876731677911117,-1.0339417008237426,37.10449490556887,41.771999740600585,47.02775995983697,36.5162395213642,0.2516403452970442,0.014812882058342414,0.01470424284683238,0.49901750973133024,9568785.0,0.6157730579169665,0
2024-10-03,38.5,39.189998626708984,37.7400016784668,38.709999084472656,3803100,41.714999771118165,34.69709983825683,35.66647485733032,40.824874979934776,39.698007458123826,1.1268675218109507,2.2155120385950795,-1.0886445167841288,18.369710175077458,41.714999771118165,47.091457231597275,36.338542310639056,0.2577709452225172,-0.014084487779927213,-0.014184615454454225,0.49881101654604393,9262630.0,0.4105853305162789,1
2024-10-04,39.36000061035156,39.63999938964844,37.3129997253418,39.459999084472656,7258400,41.760999870300296,34.95509986877441,35.64477485656738,40.59950969230659,39.6729699138444,0.9265397784621925,1.9577175865685024,-1.0311778081063099,25.31512323034319,41.760999870300296,47.034228558374394,36.4877711822262,0.25254321996367374,0.022337678190949672,0.022091846397213465,0.49277744692746633,9138035.0,0.7943064345890555,0
2024-10-07,38.599998474121094,39.59000015258789,38.13999938964844,39.380001068115234,5238500,41.78249988555908,35.18509983062744,35.58547485351563,40.29189258181651,39.59349054793896,0.6984020338775494,1.705854476030312,-1.0074524421527626,23.581208997608158,41.78249988555908,46.9972635503628,36.567736220755364,0.24961472765328968,-0.01930899706415634,-0.01949785075070926,0.49754694279438444,9002945.0,0.5818651563460623,1
2024-10-08,41.150001525878906,41.70000076293945,39.27399826049805,40.75,12998300,41.97649993896484,35.47129985809326,35.56367486953735,40.42390934244149,39.708787657415996,0.715121685025494,1.5077079178293484,-0.7925862328038544,37.46999248666842,41.97649993896484,46.75485118629428,37.1981486916354,0.22766792154073412,0.06606225783836317,0.06397172726373222,0.5388013063055279,9155560.0,1.4197165438269204,1
2024-10-09,43.25,43.83000183105469,41.529998779296875,42.89500045776367,13616100,42.126999855041504,35.78709987640381,35.54022487640381,40.85869252052741,39.97109968279259,0.8875928377348217,1.3836849018104431,-0.49609206407562145,43.772501284610684,42.126999855041504,46.86449674587279,37.389502964210216,0.22491499072485377,0.05103276783113664,0.04977326917391339,0.49422853955594703,9269665.0,1.46888803424935,0
2024-10-10,42.0099983215332,43.22999954223633,41.630001068115234,42.529998779296875,7460700,42.140499687194826,36.06149982452393,35.50497486114502,41.03581648991292,40.122129211588195,0.9136872783247227,1.2896853771132992,-0.3759980987885765,40.31829943490391,42.140499687194826,46.87489103064242,37.406108343747235,0.22469554839598752,-0.028670559039694732,-0.02908958815058075,0.49088717164847046,9134920.0,0.8167230802240195,1
2024-10-11,47.08000183105469,48.400001525878906,43.209999084472656,43.29999923706055,19657600,42.2939998626709,36.47469985961914,35.49017486572266,41.96569115778088,40.63752718340053,1.3281639743803524,1.2973810965667099,0.03078287781364253,56.058327832167194,42.2939998626709,47.462754203582875,37.12524552175893,0.24442021836170513,0.1206856394212883,0.11394067605717811,0.6250174918262995,9454165.0,2.0792529007056677,1
2024-10-14,49.2599983215332,49.595001220703125,46.209999084472656,47.20000076293945,17770000,42.553999710083005,36.944499816894535,35.48027484893799,43.08789225989662,41.276228749188135,1.8116635107084846,1.4002375793950648,0.41142593131341987,60.535873045790915,42.553999710083005,48.553218547031335,36.554780873134675,0.28195793005689374,0.046304086781928655,0.04526403733427995,0.6425078801672263,9876655.0,1.7991921353940175,0
2024-10-15,47.86000061035156,50.09000015258789,47.22999954223633,49.34000015258789,9262200,42.746999740600586,37.410499839782716,35.462624855041504,43.82206277535123,41.76391555371876,2.058147221632467,1.5318195078425452,0.5263277137899218,60.480939066109,42.746999740600586,49.17511602494807,36.318883456253104,0.30075169360913695,-0.02842057975811285,-0.0288322633856851,0.6538916259581019,9859070.0,0.9394598070609094,1
2024-10-16,47.970001220703125,48.5,46.79999923706055,48.20000076293945,5416800,42.9314998626709,37.88669986724854,35.456774864196774,44.46020715155922,42.22362560312501,2.2365815484342093,1.6727719159608783,0.563809632473331,65.40146202195632,42.9314998626709,49.74514063289402,36.11785909244777,0.31741918134789465,0.002298382970094881,0.0022957457281112927,0.6539378383915507,9506485.0,0.5698005098624781,0
2024-10-17,43.93000030517578,47.709999084472656,43.650001525878906,47.400001525878906,13088300,42.878999900817874,38.28289985656738,35.44342487335205,44.37863686750023,42.350023729202846,2.0286131382973807,1.7439401604281788,0.28467297786920187,55.74450425004031,42.878999900817874,49.64217581109513,36.11582399054062,0.315453995005525,-0.08421932067376603,-0.08797837602663865,0.7242017722031036,9061690.0,1.4443553023773712,1
2024-10-18,44.540000915527344,45.12900161743164,42.52000045776367,44.18000030517578,8920800,42.85949993133545,38.66939987182617,35.448674869537356,44.40346210565824,42.51224426152318,1.8912178441350633,1.773395697169556,0.11782214696550741,57.62920524131164,42.85949993133545,49.599987522701014,36.119012339969885,0.31453878846763944,0.013885741090688963,0.013790217449839657,0.7259091852985888,8972570.0,0.994230192687268,0
2024-10-21,43.650001525878906,46.0,43.41999816894531,45.2400016784668,5793400,42.808500099182126,39.0335998916626,35.45442487716675,44.287545093384495,42.59652257740138,1.6910225159831143,1.7569210609322679,-0.06589854494915359,61.27344320702024,42.808500099182126,49.50661123668982,36.11038896167443,0.3129336987742612,-0.01998202450279185,-0.020184365141648238,0.729290611524432,8887915.0,0.6518289160056099,1
2024-10-22,43.9900016784668,44.005001068115234,42.93000030517578,43.31999969482422,4149000,42.77700023651123,39.40999992370605,35.45932489395142,44.24176918339715,42.69974325155438,1.5420259318427725,1.713942035114369,-0.17191610327159657,60.88106045201633,42.77700023651123,49.44509968930136,36.1089007837211,0.31176096574900747,0.007789235754924739,0.0077590562735274,0.7298224245765886,8593000.0,0.48283486558826955,0
2024-10-23,41.810001373291016,44.40999984741211,41.4900016784668,43.47999954223633,7321200,42.70550022125244,39.721199951171876,35.441674900054934,43.86765105876544,42.63383644575709,1.2338146130083487,1.617916550693165,-0.38410193768481626,56.80230292891228,42.70550022125244,49.383355776916716,36.02764466558817,0.31273983543417344,-0.04955672248230203,-0.050826795301804756,0.7432577071660761,8631715.0,0.8481744357870945,1
2024-10-24,42.029998779296875,43.33000183105469,41.349998474121094,42.4900016784668,5950900,42.72500019073486,40.03019992828369,35.431474895477294,43.58493532346258,42.589107729723,0.995827593739584,1.493498759302449,-0.49767116556286495,55.63528470617334,42.72500019073486,49.39202415563682,36.0579762258329,0.3120900613289049,0.005261836851945034,0.005248041758942864,0.7308841975877728,8537725.0,0.6970123774190431,0
2024-10-25,40.70000076293945,42.470001220703125,40.63199996948242,42.25,5592300,42.70200023651123,40.27679992675781,35.417174892425535,43.141099237228254,42.44917388033162,0.6919253568966326,1.3331840788212856,-0.641258721924653,54.328117135429466,42.70200023651123,49.394880306615995,36.00912016640647,0.3134691599004859,-0.03164401748716095,-0.03215550877942003,0.7390661247841196,8562730.0,0.6530977854025527,1
2024-10-28,42.119998931884766,43.540000915527344,41.5,41.8650016784668,8919100,42.76700019836426,40.55019989013672,35.4137248802185,42.984006882560024,42.424790550817036,0.5592163317429879,1.178390529405626,-0.6191741976626381,52.096838913023724,42.76700019836426,49.40797122493282,36.12602917179569,0.3105652019438374,0.034889389246359315,0.034294550712923054,0.7481369094384407,8717050.0,1.0231787129820296,1
2024-10-29,42.869998931884766,42.97999954223633,41.09000015258789,41.96500015258789,7591100,42.98650016784668,40.80079986572266,35.419124870300294,42.96646719784076,42.45776894941465,0.5086982484261071,1.0444520732097224,-0.5357538247836153,49.12763738299096,42.98650016784668,49.31364280415813,36.65935753153523,0.2943781239043074,0.017806268257814395,0.01764959378775787,0.7151152047152095,8785000.0,0.8640978941377347,1
2024-10-30,45.2400016784668,46.27000045776367,42.400001525878906,42.439998626708984,10627700,43.29600028991699,41.11979988098145,35.440424880981446,43.31624173332169,42.66386026267777,0.6523814706439168,0.9660379526965613,-0.3136564820526445,57.04933198661676,43.29600028991699,49.41451247895441,37.17748810087957,0.2826363704761121,0.05528348042060083,0.053809432654635884,0.7355930374097772,9021775.0,1.1780054368458535,0
2024-10-31,43.849998474121094,45.290000915527344,42.779998779296875,44.38999938964844,7558800,43.563500213623044,41.40179985046387,35.45462488174439,43.398358154983136,42.75172235241432,0.6466358025688166,0.9021575226710125,-0.25552172010219587,41.601653472267955,43.563500213623044,49.25182769343843,37.87517273380766,0.261151076103685,-0.0307250917943116,-0.031207004328810215,0.7446513468144278,9209560.0,0.8207558232966613,0
2024-11-01,43.220001220703125,44.34000015258789,42.04999923706055,44.119998931884766,6690800,43.756500244140625,41.666999893188475,35.47002489089966,43.37091862663237,42.786409675991266,0.5845089506411014,0.8386278082650304,-0.25411885762392894,32.918556844502504,43.756500244140625,49.095526029836485,38.417474458444765,0.24403349243685465,-0.014367098639462283,-0.014471304697816477,0.7463834649643287,9181180.0,0.7287516419458065,1
2024-11-04,43.689998626708984,44.849998474121094,43.04999923706055,43.41999816894531,6609300,44.01100025177002,41.9115998840332,35.4775998878479,43.42000785741339,42.853342190859244,0.5666656665541439,0.7842353799228532,-0.21756971336870934,37.552230049755046,44.01100025177002,48.76869074633348,39.25330975720656,0.2162046064550473,0.010874534769349298,0.010815832208047004,0.7406264915234243,9249720.0,0.7145405482544337,1
2024-11-05,45.599998474121094,46.13999938964844,43.33000183105469,43.619998931884766,7255200,44.23350009918213,42.18599987030029,35.4838498878479,43.75539102921458,43.0567982118416,0.6985928173729761,0.7671068674128778,-0.06851405003990174,43.611850858666976,44.23350009918213,48.84170028441023,39.62529991395403,0.20835792667979736,0.04371709561566495,0.042788471527355564,0.7210732148539468,8962565.0,0.8095004052969211,1
2024-11-06,50.0,50.04999923706055,47.68000030517578,48.849998474121094,12850700,44.57100009918213,42.53579990386963,35.52444988250733,44.71610010164311,43.57110945540889,1.1449906462342199,0.8426836231771462,0.3023070230570737,66.04971170888386,44.57100009918213,49.820076031089954,39.321924167274304,0.23553772274471108,0.0964912647612477,0.09211532237006301,0.7746944753165306,8924295.0,1.4399680871150047,0
2024-11-07,48.790000915527344,51.599998474121094,48.29999923706055,51.41999816894531,19168000,44.910000228881835,42.87999992370605,35.56594987869263,45.34285407300992,43.95769400801026,1.3851600649996598,0.9511789115416489,0.4339811534580109,60.89185339983279,44.910000228881835,50.33544917337931,39.48455128438436,0.24161429155408212,-0.024199981689453143,-0.024497612835748993,0.7720161932691103,9509660.0,2.015634628367365,0
2024-11-08,46.47999954223633,48.099998474121094,42.68000030517578,48.099998474121094,26571700,44.88000011444092,42.97639991760254,35.59479988098145,45.517799529813985,44.144531454989966,1.3732680748240185,1.0355967441981229,0.3376713306258956,56.76062706853498,44.88000011444092,50.261383187251504,39.49861704163033,0.23981207928201553,-0.04734579483387269,-0.04850328989735741,0.6724645640736429,9855365.0,2.6961659968961067,1
2024-11-11,57.584999084472656,57.7599983215332,47.97999954223633,47.9900016784668,31223100,45.29625015258789,43.24789993286133,35.67602487564087,47.374291768992244,45.14012164976646,2.23417011922578,1.2753114192036543,0.9588587000221258,71.44659910577563,45.29625015258789,52.92340290252716,37.66909740264862,0.33676751272990363,0.23891995808100708,0.2142399985271187,1.0748057469786922,10528020.0,2.9657143508465977,1
2024-11-12,57.59000015258789,57.93000030517578,54.86000061035156,55.66999816894531,18858500,45.78275012969971,43.56789993286133,35.74512487411499,48.94593921262234,46.062334872197674,2.883604340424668,1.5969700034478571,1.286634336976811,76.72764324823059,45.78275012969971,55.142841882342914,36.4226583770565,0.40889163390694727,8.684671693570678e-05,8.684294597791415e-05,1.0660751311342909,11007835.0,1.7131888332265155,0
2024-11-13,54.81999969482422,59.27000045776367,53.84000015258789,58.5,12690000,46.125250053405765,43.859699935913085,35.80557487487793,49.849640825268786,46.71105078498483,3.138590040283958,1.9052940108150775,1.2332960294688806,69.94075621645784,46.125250053405765,56.289122575830675,35.961377530980855,0.44070753050256634,-0.04809863605529441,-0.04929385886036606,1.0865095512703342,11371495.0,1.1159482548248933,0
2024-11-14,53.209999084472656,55.18000030517578,52.97999954223633,55.18000030517578,8271700,46.589249992370604,44.13109992980957,35.86907487869263,50.36661901899245,47.19245436272467,3.1741646562677843,2.159068139905619,1.0150965163621652,69.33539016449657,46.589249992370604,57.16990837011871,36.008591614622496,0.45421029011975006,-0.029368854785009613,-0.02980875390541895,1.0407459517569209,11130665.0,0.7431451759620832,1
2024-11-15,56.150001525878906,57.5,51.70000076293945,53.0,17805300,47.16975002288818,44.48529998779297,35.9514748954773,51.25637017389806,47.85597637481016,3.400393799087901,2.4073332717420755,0.9930605273458255,70.71154395646538,47.16975002288818,58.522774363790475,35.816725681985886,0.4813688576001978,0.05525281886847799,0.0537803769571477,1.052305618345626,11574890.0,1.538269478154868,1
2024-11-18,62.060001373291016,62.880001068115234,57.349998474121094,57.40999984741211,17364400,48.09025001525879,44.963100051879884,36.05672491073609,52.91846728149698,48.90812637469763,4.01034090679935,2.7279347987535303,1.2824061080458193,74.58365269078321,48.09025001525879,61.1053632471192,35.07513678339838,0.541278667826879,0.10525377892800702,0.10007497278917535,1.0925001979088964,12153440.0,1.4287642017404125,1
2024-11-19,63.959999084472656,64.01000213623047,59.88999938964844,60.15999984741211,11505100,49.08874988555908,45.49690002441406,36.168774909973145,54.617164481954774,50.02307990875504,4.594084573199737,3.1011647536427716,1.4929198195569655,74.2738546930816,49.08874988555908,63.740600340690946,34.43689943042722,0.5969534970554279,0.030615495796610714,0.030156192503018067,1.09217195946611,12521245.0,0.9188463287796061,0
2024-11-20,63.189998626708984,64.55999755859375,61.880001068115234,64.09500122070312,7736700,50.15774974822998,45.955899963378904,36.26757490158081,55.93606204268619,50.998407221196075,4.9376548214901135,3.46846276721224,1.4691920542778734,75.48761314262796,50.15774974822998,65.66818257252076,34.6473169239392,0.6184660556801844,-0.012038781563250556,-0.012111834599055633,1.0678945709894219,12542020.0,0.616862355505732,1
2024-11-21,65.73999786376953,66.61100006103516,62.529998779296875,63.22999954223633,10112400,51.34324970245361,46.43589988708496,36.3732248878479,57.444359861314396,52.090376898423735,5.353982962890662,3.8455668063479247,1.508416156542737,78.24886640520774,51.34324970245361,67.83160072962252,34.854898675284694,0.6422792138293872,0.04035447527265368,0.03956149668829665,1.067501196063485,12750095.0,0.7931235022170423,1
2024-11-22,66.55000305175781,70.02999877929688,66.05500030517578,67.25,12428400,52.63574981689453,46.88669998168945,36.459874897003175,58.84522804445953,53.16146031718922,5.683767727270315,4.213206990532402,1.4705607367379123,78.43283538892017,52.63574981689453,69.65535236404077,35.616147269748296,0.6466936485697575,0.012321344908876153,0.012246054956802572,1.048014409259702,13091900.0,0.9493198084311674,1
2024-11-25,69.3499984741211,70.19999694824219,67.01000213623047,68.19000244140625,8334800,53.99724979400635,47.392499923706055,36.58732488632202,60.46134657209977,54.36061129177676,6.100735280323008,4.590712648490523,1.5100226318324843,78.8999728728539,53.99724979400635,71.81284960720924,36.18164998080346,0.659870637159021,0.04207355813621305,0.041212534060524844,1.049060890482811,13062685.0,0.6380617767327315,0
2024-11-26,66.2699966430664,69.5199966430664,65.69000244140625,68.0,8839600,55.16724967956543,47.83789985656738,36.693674869537354,61.35498504455618,55.24278798446488,6.112197060091297,4.895009530810679,1.2171875292806185,70.45511050439174,55.16724967956543,72.9794612989383,37.35503806019255,0.6457531134081793,-0.04441242824546032,-0.045428869313529914,1.0792214538413185,13125110.0,0.6734876888650838,1
2024-11-27,68.37000274658203,69.06999969482422,66.29000091552734,67.26000213623047,6758000,56.323749732971194,48.319699935913086,36.836774883270266,62.43421853717554,56.21517426314023,6.219044274035312,5.159816479455605,1.0592277945797068,74.07771322378608,56.323749732971194,74.42328901978598,38.224210446156405,0.6426965311302615,0.03168864055971454,0.031196916653298556,1.07339427452748,12931625.0,0.5225948015040647,1
2024-11-29,70.01000213623047,70.87999725341797,68.5199966430664,69.19999694824219,5068000,57.63174991607666,48.82029998779297,36.98187488555908,63.59972370626092,57.23701336485061,6.362710341410306,5.400395251846546,0.9623150895637602,79.41985135943511,57.63174991607666,75.71675403361466,39.54674579853865,0.6276055869854164,0.02398711896688388,0.023703947404295614,1.0545764218809814,12807085.0,0.39571846364727026,0
2024-12-02,68.38999938964844,72.0999984741211,67.31999969482422,71.88999938964844,12149200,58.89024982452393,49.28949996948242,37.11602487564087,64.33668919601284,58.063160477798604,6.273528718214237,5.575021945120084,0.6985067730941532,67.71020467677566,58.89024982452393,76.2407239091116,41.53977573993626,0.5892477663547738,-0.023139590017862255,-0.023411513316893458,1.059433450934084,13080005.0,0.9288375654290651,1
2024-12-03,70.76000213623047,71.7699966430664,67.33000183105469,67.73600006103516,8161000,60.24375,49.81130004882812,37.279124889373776,65.32489118681556,59.003667267312075,6.321223919503488,5.724262339996765,0.5969615795067229,70.03345953434253,60.24375,76.80711570185801,43.68038429814199,0.5498783094298748,0.034654229678802384,0.03406729329595578,1.0585454093356579,13157590.0,0.6202503649984533,1
2024-12-04,72.0,72.19000244140625,69.8499984741211,71.0,6178200,61.56375007629394,50.35890007019043,37.449174880981445,66.35183100422856,59.96635858084451,6.385472423384044,5.856504356674221,0.5289680667098233,77.4090522464834,61.56375007629394,77.40547444619463,45.722025706393254,0.5146445546370569,0.017523994153960443,0.01737221953466812,1.056924638367808,13103740.0,0.47148371380995047,0
2024-12-05,68.3499984741211,72.81999969482422,68.2699966430664,72.4800033569336,9031500,62.48125,50.86110000610351,37.60757488250732,66.65924138421202,60.58736894330945,6.071872440902574,5.899577973519892,0.17229446738268184,72.67824103437911,62.48125,77.61265913601176,47.34984086398824,0.48435039747161773,-0.05069446563720703,-0.052024578170587206,1.0540633156994554,12912780.0,0.6994233619716281,1
2024-12-06,71.87999725341797,72.27999877929688,68.51000213623047,69.4800033569336,6504300,63.63574981689453,51.46589996337891,37.78032485961914,67.46243459485909,61.42385992924342,6.03857466561567,5.927377311939049,0.11119735367662109,73.15276954585462,63.63574981689453,77.86534520628904,49.40615442750003,0.4472201688622742,0.051645923308007324,0.05035648285923238,1.0484703718466484,12279595.0,0.5296835929849478,0
2024-12-09,68.81999969482422,72.26000213623047,67.12000274658203,71.69000244140625,6484700,64.75274982452393,52.01909996032715,37.93952486038208,67.67129076408449,61.971722134101256,5.699568629983233,5.881815575547886,-0.18224694556465337,60.861177532565584,64.75274982452393,76.62389553664464,52.881604112403224,0.3666607439619414,-0.04257091924761092,-0.0435036277697716,1.0444433718755324,11275245.0,0.5751271923581261,0
2024-12-10,66.31999969482422,70.1500015258789,65.83000183105469,68.62999725341797,5277900,65.1894998550415,52.52909996032715,38.0843748664856,67.46339983035215,62.29381676822888,5.169583062123266,5.739369072862962,-0.5697860107396959,53.720050365534966,65.1894998550415,76.58344180184366,53.795557908239346,0.3495637172286418,-0.036326649390962085,-0.03700288970945418,0.6778519141320931,9977985.0,0.5289544933170375,1
2024-12-11,69.93000030517578,70.86000061035156,67.2699966430664,67.37999725341797,5536900,65.8064998626709,53.15809997558594,38.237524871826174,67.84287682647886,62.859459993187905,4.983416833290953,5.5881786249485605,-0.6047617916576078,59.75115729562318,65.8064998626709,76.79702454499372,54.81597518034809,0.33402550523910324,0.05443306132332948,0.05300323985431876,0.696689129596202,9311905.0,0.594604433786642,0
2024-12-12,68.7699966430664,71.5999984741211,67.63999938964844,69.4000015258789,4675000,66.50399971008301,53.752499923706054,38.3938748550415,67.9855106444154,63.29727752280853,4.688233121606871,5.408189524280223,-0.7199564026733523,54.5673764737813,66.50399971008301,76.26006947798771,56.7479299421783,0.2933979853974268,-0.016588068883842344,-0.016727191561974466,0.6699063000225531,8911155.0,0.5246233512939681,1
2024-12-13,70.69999694824219,72.44000244140625,67.77999877929688,71.02999877929688,8352300,67.37849960327148,54.3964998626709,38.5597748374939,68.4031239219272,63.84562710987769,4.557496812049514,5.238050981834082,-0.6805541697845676,56.051316509658555,67.37849960327148,75.02448515025503,59.73251405628792,0.22695624248101587,0.028064568843778837,0.027677975219815836,0.6534187970842187,8915185.0,0.9368622187873835,1
2024-12-16,72.86000061035156,73.33999633789062,69.43000030517578,71.08999633789062,6832300,68.21399955749511,55.066499862670895,38.73402484893799,69.08879725860787,64.51335848028316,4.57543877832471,5.105528541132208,-0.5300897628074983,55.21545376736593,68.21399955749511,74.15576399371382,62.27223512127641,0.17420953102773593,0.03055167970785999,0.030094270219828693,0.6390131777213444,8366535.0,0.8166224129821963,0
2024-12-17,70.88999938964844,72.0999984741211,66.66999816894531,70.23999786376953,10009200,68.65549945831299,55.71229988098145,38.900124855041504,69.36590527876795,64.98570225134725,4.3802030274207056,4.960463438389908,-0.5802604109692027,57.098955823858134,68.65549945831299,73.94874282033871,63.362256096287275,0.1541972137349238,-0.027038171894048002,-0.027410428700377566,0.5551273011432271,7998775.0,1.2513416116842893,0
2024-12-18,63.34000015258789,73.0199966430664,62.34000015258789,71.5,18295300,68.62449951171875,56.15609985351563,39.03672485351562,68.43884295166333,64.86379839217989,3.5750445594834446,4.6833796626086155,-1.108335103125171,43.37983500710373,68.62449951171875,74.03939338345694,63.20960563998057,0.15781226559804643,-0.10650302302249726,-0.11261232773756337,0.6783052712347182,8338285.0,2.194132246619059,0
2024-12-19,63.0,67.3499984741211,62.5,64.72000122070312,8404300,68.6149995803833,56.55109985351562,39.1673748588562,67.60209788217666,64.72573925201841,2.8763586301582507,4.321975456118542,-1.4456168259602915,40.44698799114084,68.6149995803833,74.0705520241088,63.159447136657796,0.15901923710818536,-0.005367858411253867,-0.005382317127989941,0.6770950974617995,8371665.0,1.003898268743434,1
2024-12-20,65.63999938964844,66.69999694824219,61.900001525878906,62.369998931884766,8708300,68.60999965667725,57.02369987487793,39.312624855041506,67.30023657563386,64.7934622251762,2.506774350457661,3.9589352349863662,-1.452160884528705,46.3537529695152,68.60999965667725,74.07681804235135,63.143181271003144,0.1593592308127074,0.041904752216641805,0.04105053053188749,0.6783195544411196,8301460.0,1.0490082467421393,0
2024-12-23,64.94999694824219,65.56999969482422,62.83000183105469,65.56999969482422,3726600,68.52999935150146,57.38109977722168,39.44357484817505,66.93866124834284,64.80505738984775,2.1336038584950927,3.5938689596881117,-1.460265101193019,41.93726872806391,68.52999935150146,74.16789786501356,62.89210083798936,0.16453811664565776,-0.010511920289796084,-0.010567560793076232,0.6780225238021187,7866370.0,0.4737382045339845,1
2024-12-24,65.9000015258789,66.07499694824219,64.53500366210938,65.61000061035156,1631300,68.35749950408936,57.713899841308596,39.58702486038208,66.77886744488684,64.88616436288709,1.8927030819997555,3.2536357841504406,-1.3609327021506852,41.46614964409336,68.35749950408936,74.09990665359298,62.61509235458575,0.16801103583843313,0.014626707040398479,0.014520768532577104,0.6620672685412996,7531195.0,0.2166057312285766,1
2024-12-26,66.8499984741211,67.3499984741211,65.12000274658203,65.51000213623047,2563700,68.38649959564209,58.093699798583984,39.73367485046387,66.78981068015365,65.03163355631183,1.7581771238418185,2.9545440520887167,-1.1963669282468983,47.730024800144086,68.38649959564209,74.09024647937532,62.68275271190886,0.1668091485149417,0.014415734844393402,0.01431281605961712,0.644431297399919,7217400.0,0.3552110178180508,0
2024-12-27,64.63999938964844,66.5,63.7400016784668,66.06999969482422,3585600,68.1999994277954,58.42709976196289,39.862924842834474,66.45907048161439,65.00262361804047,1.456446863573916,2.6549246143857568,-1.1984777508118407,38.587648417778986,68.1999994277954,74.14484780947325,62.255151046117554,0.1743357311306657,-0.033059074568688174,-0.033617875952018345,0.6448366904410247,7058780.0,0.5079631324393167,0
2024-12-30,62.630001068115234,64.02999877929688,62.150001525878906,63.369998931884766,3968900,67.83099937438965,58.80109977722168,40.00897485733032,65.86998287953759,64.82687379952749,1.0431090800100975,2.332561507510625,-1.2894524275005277,39.90871097725746,67.83099937438965,74.20357808021873,61.458420668560564,0.18789576342981387,-0.031095271356934573,-0.031588991178827935,0.6450376643473018,7003825.0,0.5666760662923473,0
2024-12-31,60.900001525878906,63.22999954223633,60.560001373291016,62.81999969482422,3924500,67.45649948120118,59.12829978942871,40.144924869537356,65.1053703635901,64.53599437184982,0.569375991740273,1.979924404356555,-1.410548412616282,40.936460686686125,67.45649948120118,74.53229370820048,60.38070525420187,0.20978836083752592,-0.02762253732607811,-0.028011213820358063,0.6469259494404381,6592590.0,0.5952895599453326,1
2025-01-02,62.5099983215332,64.0199966430664,60.849998474121094,62.22999954223633,5079700,67.0439992904663,59.5054997253418,40.28642486572266,64.7060823571198,64.38592059034488,0.32016176677491615,1.6479718768402272,-1.327810110065311,36.70250795104445,67.0439992904663,74.26923604873842,59.818762532194185,0.21553716468998146,0.026436728330296422,0.026093317321214195,0.6408783214343597,6438525.0,0.7889539917915982,1
2025-01-03,66.5,66.52999877929688,62.31999969482422,62.31999969482422,4351400,66.76899929046631,59.95569969177246,40.44932487487793,64.98206968679368,64.54251906513414,0.43955062165953507,1.4062876258040888,-0.9667370041445538,46.30654670502301,66.76899929046631,73.6083700172494,59.92962856368323,0.2048666536705052,0.06382981579912061,0.06187543056926049,0.6825588218406116,6347185.0,0.68556375779184,0
2025-01-06,65.08999633789062,68.197998046875,64.58999633789062,67.68000030517578,4803700,66.60599918365479,60.421299591064454,40.58582485198975,64.99867378696244,64.58307293719018,0.41560084977226097,1.2081502705977232,-0.7925494208254622,40.71499608807365,66.60599918365479,73.44210801077232,59.76989035653725,0.20527006308450133,-0.021203062588110888,-0.02143107633975674,0.6630169429354904,6135795.0,0.7828977337085088,0
2025-01-07,61.290000915527344,66.33000183105469,60.560001373291016,65.46499633789062,4526100,66.07649936676026,60.80649963378906,40.704724864959715,64.42810872981858,64.33914167632626,0.08896705349231127,0.9843136271766408,-0.8953465736843296,31.836734302789495,66.07649936676026,72.83264595349642,59.320352780024095,0.20449468877689486,-0.058380636597934465,-0.060154158886781356,0.6608516152905217,6036885.0,0.7497409674028908,0
2025-01-08,58.66999816894531,62.04999923706055,58.58000183105469,60.81999969482422,4486500,65.56899929046631,61.16589958190918,40.817874851226804,63.542245566607306,63.91920512022398,-0.3769595536166719,0.7120589910179783,-1.08901854463465,31.199998121995193,65.56899929046631,72.95311515496113,58.184883425971485,0.22523192192650912,-0.04274763758272804,-0.043688220706888464,0.6609777049908442,5936975.0,0.7556878713486245,0
2025-01-10,55.310001373291016,57.88100051879883,54.77000045776367,57.34000015258789,7679400,65.01849937438965,61.4296996307373,40.91127485275268,62.275746459943264,63.28148632415487,-1.0057398642116055,0.3684992199720616,-1.3742390841836671,35.81773318299122,65.01849937438965,73.69534790768857,56.341650841090726,0.2669039924571583,-0.05726942049629691,-0.05897474289281315,0.677236496529228,6057050.0,1.267844907999769,0
2025-01-13,54.689998626708984,54.709999084472656,52.650001525878906,53.45000076293945,7080900,64.25649929046631,61.66609962463379,40.99807483673096,61.10870833175338,62.64507982804776,-1.536371496294386,-0.012474923281227956,-1.523896573013158,35.466944160651195,64.25649929046631,73.75507293380714,54.757925647125475,0.2956455377502998,-0.011209595573820175,-0.011272896587346906,0.6355770115036894,6134250.0,1.1543220442596895,1
2025-01-14,55.349998474121094,57.08000183105469,54.6510009765625,56.64799880981445,4650900,63.585499382019044,61.86829956054687,41.09122482299804,60.22275296904071,62.10470343146061,-1.8819504624198942,-0.38637003110896123,-1.4955804313109329,30.66516219559118,63.585499382019044,73.62235841966269,53.5486403443754,0.31569647593211814,0.012068017260651098,0.011995779338602434,0.6406171706678397,6133045.0,0.7583345630107068,1
2025-01-15,58.209999084472656,61.27000045776367,57.41999816894531,60.45000076293945,8389600,62.960999488830566,62.155499572753904,41.195974826812744,59.91309852526101,61.8162068131652,-1.903108287904189,-0.6897176824680069,-1.213390605436182,38.290482714304346,62.960999488830566,72.68333392118996,53.238665056471184,0.3088367246801459,0.05167119583009128,0.05038051396881183,0.6642675367947561,6134910.0,1.367518023899291,0
2025-01-16,58.0,60.36000061035156,57.58000183105469,58.939998626708984,6066800,62.21799945831299,62.45109954833984,41.311824817657474,59.61877567522086,61.53352482700482,-1.9147491517839583,-0.9347239763311972,-0.9800251754527611,35.91297536118553,62.21799945831299,70.97877687138805,53.457222045237934,0.2816155289256741,-0.0036076118841353866,-0.003614135009216669,0.6482851192905085,6096635.0,0.9951063168452762,0
2025-01-17,57.9900016784668,59.40999984741211,57.95000076293945,59.099998474121094,4261700,61.57299957275391,62.737099609375,41.431324825286865,59.368195060335616,61.27104163081681,-1.902846570481195,-1.1283484951611968,-0.7744980753199981,33.65313922197896,61.57299957275391,69.50587831693261,53.64012082857521,0.2576739414751203,-0.0001723848540207129,-0.00017239971399744193,0.6462241020674789,5809260.0,0.7336046243411382,0
2025-01-21,56.7599983215332,58.099998474121094,55.91999816894531,56.970001220703125,5036200,61.24399948120117,62.96029960632324,41.54682481765747,58.966934023596785,60.936890274573585,-1.9699562509768,-1.2966700463243175,-0.6732862046524826,34.91577069228725,61.24399948120117,69.41065895863922,53.077340003763126,0.2666925591606668,-0.02121061081793907,-0.021438788111877004,0.5376779763205386,5146305.0,0.9786050379835629,0
2025-01-22,56.439998626708984,56.93000030517578,55.20000076293945,56.58000183105469,3750400,60.91599941253662,63.08909957885742,41.66847480773926,58.578174731767895,60.60378718954658,-2.025612457778685,-1.442458528615191,-0.583153929163494,37.331145386652274,60.91599941253662,69.30949637944467,52.522502445628575,0.2755761063711826,-0.005637767869750232,-0.005653720067806684,0.5376817768968752,4913610.0,0.7632677400119261,1
2025-01-23,56.7599983215332,56.810001373291016,54.83000183105469,55.36000061035156,4214600,60.47199935913086,63.24849952697754,41.7879248046875,58.29845528403948,60.31906208821225,-2.020606804172772,-1.5580881837267073,-0.4625186204460645,41.00781250647314,60.47199935913086,68.7520286900004,52.19197002826132,0.27384671975854924,0.005669732505499958,0.005653720067806824,0.5105096550897581,4688925.0,0.8988414188753285,0
2025-01-24,55.72999954223633,59.439998626708984,55.2599983215332,59.040000915527344,6417900,60.010999488830564,63.43349952697754,41.896024799346925,57.903308246838996,59.97913152925107,-2.075823282412074,-1.6616352034637807,-0.41418807894829324,34.89305249186063,60.010999488830564,68.26790587289591,51.754093104765225,0.2751797655228903,-0.01814656113029023,-0.018313229353054128,0.511972944791385,4823490.0,1.3305511154786265,0
2025-01-27,55.16999816894531,55.2599983215332,52.130001068115234,53.369998931884766,5043400,59.47449932098389,63.38519950866699,41.995024795532224,57.48279900408612,59.622899428487685,-2.1401004244015667,-1.7573282476513379,-0.3827721767502288,20.19989332494275,59.47449932098389,67.51173751646888,51.43726112549889,0.27027510234623475,-0.010048472598077174,-0.010099299272470049,0.5055154507036186,4994095.0,1.0098726596110006,1
2025-01-28,57.63999938964844,57.93000030517578,54.630001068115234,56.36000061035156,4896900,59.01399936676025,63.386199493408206,42.11537479400635,57.50698367878801,59.476017944129225,-1.9690342653412145,-1.7996694511893132,-0.1693648141519013,31.439967460080638,59.01399936676025,66.2914032949322,51.7365954385883,0.24663313811166498,0.04477073233062878,0.043797466447272955,0.5343218214059883,5110755.0,0.9581558889048682,1
2025-01-29,58.95000076293945,59.45000076293945,56.209999084472656,56.75,5083900,58.729499435424806,63.46879951477051,42.24112480163574,57.728986307119,59.437053708485536,-1.7080674013665345,-1.7813490412247575,0.073281639858223,43.34471160095068,58.729499435424806,65.50866726248807,51.95033160836153,0.2308607392275567,0.022727296793245255,0.022472879383231455,0.5347200288970813,5185670.0,0.9803747635310385,1
2025-01-30,62.099998474121094,62.29999923706055,59.32600021362305,59.40999984741211,5658000,58.7029993057251,63.646599502563475,42.388524799346925,58.40144971742701,59.634308876310385,-1.2328591588833717,-1.6716510647564804,0.4387919058731087,59.46990665261275,58.7029993057251,65.4218433271688,51.9841552842814,0.22890973547882876,0.05343507498581701,0.05205632444258888,0.5615462738354333,5270125.0,1.073598823557316,0
2025-01-31,61.06999969482422,63.09000015258789,60.02000045776367,62.724998474121094,4224100,58.71149921417236,63.744999465942385,42.53857480049133,58.811995867795815,59.740656344348444,-0.9286604765526292,-1.5230529471157104,0.5943924705630812,68.25094225182654,58.71149921417236,65.44246513834995,51.98053328999478,0.2292895263881388,-0.016586132119248087,-0.016725222130217727,0.5556376653910448,5285105.0,0.7992461833776244,0
2025-02-03,59.880001068115234,61.189998626708984,56.76599884033203,57.099998474121094,4640000,58.57999935150146,63.70139945983887,42.68337480545044,58.97630436015265,59.75097817573858,-0.7746738155859276,-1.373377120809754,0.5987033052238264,65.87156858033053,58.57999935150146,65.09789362932959,52.06210507367334,0.22252968077784954,-0.019485813536197494,-0.0196781648488729,0.5513414822623374,5263120.0,0.8816063475657024,0
2025-02-04,59.529998779296875,61.529998779296875,59.24100112915039,59.5,4392500,58.23149929046631,63.61279945373535,42.82667479515076,59.06148811694407,59.734609331557714,-0.6731212146136443,-1.2333259395705323,0.560204724956888,63.02992539460948,58.23149929046631,63.61257794226981,52.85042063866281,0.18481676471910768,-0.005845061499251125,-0.005862210729404549,0.49422643949175366,5265175.0,0.8342552716671335,1
2025-02-05,62.79999923706055,63.22999954223633,59.81999969482422,60.0,6706700,58.1169994354248,63.604999465942385,42.98492479324341,59.63664367388507,59.96167525048385,-0.3250315765987821,-1.0516670669761823,0.7266354903774002,63.95136759789336,58.1169994354248,62.953506245676806,53.2804926251728,0.16644034816787,0.054930296066139084,0.05347469466581695,0.533565709215348,5360325.0,1.2511741358966106,0
2025-02-06,61.75,63.36000061035156,60.560001373291016,63.119998931884766,11196300,58.13999938964844,63.525199508666994,43.138624792099,59.96177541636429,60.09414375044801,-0.13236833408372206,-0.8678073203976904,0.7354389863139683,60.84441816492994,58.13999938964844,63.043944436310824,53.23605434298605,0.16869436182125283,-0.01671973327733589,-0.01686108581734898,0.49338608146858776,5693835.0,1.9663899638819882,1
2025-02-07,75.22000122070312,76.87999725341797,68.30000305175781,69.9000015258789,28722500,58.967499542236325,63.6985994720459,43.35489979743957,62.30919477087795,61.21457763713358,1.0946171337443715,-0.47532242956927806,1.5699395633136497,78.01625594270834,58.967499542236325,68.05168649296922,49.88331259150343,0.30810826374709055,0.21813767159033404,0.1973231937625419,0.8941106120472597,6905635.0,4.159284410485061,1
2025-02-10,77.75,79.66999816894531,72.93000030517578,75.58999633789062,12560400,60.08949947357178,63.866599502563474,43.57984980583191,64.68470326766597,62.439423738086646,2.245279529579321,0.06879796226044171,2.1764815673188793,82.74571322640675,60.08949947357178,72.28275907240946,47.89623987473409,0.405836617234612,0.03363465485560946,0.033081381788715024,0.8555722816877523,7149685.0,1.7567766971551892,1
2025-02-11,78.0199966430664,79.04000091552734,75.77999877929688,77.70999908447266,8500300,61.255999374389646,64.10159950256347,43.80954977989197,66.73628686388142,63.59354024956663,3.142746614314788,0.6835876926713111,2.459158921643477,83.71875092014682,61.255999374389646,75.55611113169965,46.95588761707965,0.4668966926785198,0.0034726256342945128,0.003466609992588189,0.85040041863289,7220655.0,1.17722007214027,0
2025-02-12,75.66000366210938,77.0,74.5,76.1500015258789,8508100,62.27149963378906,64.24739952087403,44.029599800109864,68.10916637130111,64.48735235419943,3.621814017101684,1.2712329575573857,2.3505810595442984,77.7614735404604,62.27149963378906,77.64962736624523,46.89337190133289,0.4939058099738411,-0.030248565528062765,-0.03071549344486402,0.8681568756058536,7413515.0,1.1476472361626031,1
2025-02-13,79.27999877929688,79.58999633789062,75.29299926757812,76.62000274658203,7378800,63.32499961853027,64.43279945373536,44.259349784851075,69.82775597253124,65.58310394124369,4.2446520312875435,1.8659167723034173,2.3787352589841264,82.14579355783508,63.32499961853027,80.3321706865697,46.31782855049085,0.5371392394943736,0.04784555831313542,0.04673620701729921,0.8662367403217256,7362975.0,1.0021492671101015,1
2025-02-14,80.69000244140625,80.72000122070312,78.05999755859375,79.78600311279297,6263300,64.45949974060059,64.6787995147705,44.49569980621338,71.49887081389663,66.70213345977426,4.796737354122371,2.4520808886672083,2.3446564654551625,84.04484041675072,64.45949974060059,82.9348276035983,45.98417187760289,0.573238325998388,0.01778511205625266,0.017628807492662407,0.8628590805034643,7372800.0,0.8495144314236112,1
2025-02-18,80.9800033569336,82.5270004272461,79.43000030517578,81.42500305175781,6010100,65.60899982452392,64.88319953918457,44.741199827194215,72.95750658974848,67.75975345215643,5.197753137592045,3.001215338452176,2.196537799139869,83.05950713662024,65.60899982452392,85.21565760362645,46.002342045421386,0.5976819592294343,0.003594012972523153,0.00358756994084472,0.8619149660583602,7460220.0,0.805619673414457,0
2025-02-19,76.37999725341797,80.72000122070312,75.82499694824219,80.05999755859375,6033500,66.58999977111816,64.97079948425294,44.96249981880188,73.4840436149284,68.39829003002765,5.085753584900743,3.4181229877418895,1.6676305971588539,72.58357070165631,66.58999977111816,86.29552787139578,46.88447167084054,0.5918464684790231,-0.05680422218853576,-0.058481406219944916,0.892176947621296,7510085.0,0.8033863797813208,0
2025-02-20,74.61000061035156,77.5199966430664,72.58000183105469,77.0,6970700,67.4984998703003,65.09599952697754,45.163349828720094,73.65726776807043,68.85841673968127,4.7988510283891515,3.6942685958713417,1.1045824325178097,66.81000404331348,67.4984998703003,86.90686849803112,48.09013124256947,0.5750755547167534,-0.02317356253881242,-0.0234462911739467,0.9000388903767248,7671100.0,0.9086962756319172,0
2025-02-21,68.55000305175781,75.63999938964844,68.28900146484375,75.37000274658203,6634700,68.08800010681152,65.02939964294434,45.331449842453004,72.87153473479157,68.83557128131658,4.0359634534749915,3.7626075673920716,0.27335588608291994,58.85417268733924,68.08800010681152,86.82772826078408,49.34827195283896,0.5504561192743226,-0.08122232286582998,-0.08471110413694671,0.9631922484160104,7792105.0,0.8514643989011955,0
2025-02-24,66.51000213623047,69.19999694824219,63.060001373291016,68.91000366210938,8145800,68.62700023651124,64.98319969177246,45.48389985084534,71.89283741193601,68.66330690019909,3.2295305117369253,3.6559921562610427,-0.4264616445241174,57.693202852781425,68.62700023651124,86.46871469535915,50.78528577766332,0.5199619507587245,-0.02975931181194935,-0.03021110611177008,0.9687355240330633,7878500.0,1.0339277781303549,0
2025-02-25,63.959999084472656,66.44000244140625,61.41999816894531,65.7300033569336,7325500,69.06650028228759,64.93599967956543,45.62919983863831,70.67240074617241,68.3149137286638,2.3574870175086176,3.396291128510558,-1.0388041110019404,54.890705411665614,69.06650028228759,85.91804383020192,52.21495673437325,0.4879802358318129,-0.03834014388594842,-0.03909447076357347,0.9818204446226344,7992605.0,0.9165347217834485,1
2025-02-26,64.54000091552734,66.66999816894531,63.58000183105469,64.8499984741211,3942300,69.41150035858155,64.82819969177245,45.79399984359741,69.72895461838087,68.03529055732035,1.6936640610605167,3.0557657150205495,-1.3621016539600328,52.04225574718691,69.41150035858155,85.5453010499995,53.277699667163596,0.46487399373505345,0.00906819636267775,0.009027327157548533,0.9727574463931326,7944875.0,0.4962066741138155,0
2025-02-27,61.709999084472656,66.58000183105469,61.61000061035156,65.93499755859375,4827800,69.5495002746582,64.68699974060058,45.92849983215332,68.49526915162576,67.56675044822052,0.9285187034052456,2.630316312697489,-1.7017976092922433,49.95493362099717,69.5495002746582,85.35031311925998,53.74868743005642,0.454376028072171,-0.04384880370173394,-0.04483922331222959,0.9873699697540986,7932070.0,0.6086431410716244,1
2025-02-28,64.1500015258789,64.30000305175781,60.266998291015625,60.59000015258789,5553700,69.6520004272461,64.55599983215332,46.091299839019776,67.8267664399724,67.31365793545447,0.5131085045179304,2.206874751061577,-1.6937662465436465,33.403298049002444,69.6520004272461,85.27493495278718,54.02906590170501,0.4485997366826463,0.03953982300447323,0.03877813735074313,0.979340885158215,7926855.0,0.7006183410696928,0
2025-03-03,61.86000061035156,67.0,61.2400016784668,65.05500030517578,7066300,69.69150047302246,64.33599983215332,46.240549850463864,66.90880246618458,66.90968331878018,-0.0008808525955998903,1.7653236303301418,-1.7662044829257417,26.004229693851826,69.69150047302246,85.22682331216112,54.1561776338838,0.44583120563324286,-0.03569759721055543,-0.036350337724171226,0.9868087213079624,8068965.0,0.8757380903250913,0
2025-03-04,57.0099983215332,60.20000076293945,54.85100173950195,58.494998931884766,12335700,69.54800033569336,64.05839981079102,46.358399848937985,65.3859095208536,66.1763733189841,-0.7904637981305029,1.254166144638013,-2.044629942768516,22.127892233858617,69.54800033569336,85.51202466086514,53.58397601052158,0.45907931926487716,-0.07840288136057283,-0.0816471155217137,1.0254970875330103,8453750.0,1.4591985805116072,1
2025-03-05,58.650001525878906,59.56999969482422,55.86000061035156,58.119998931884766,6352600,69.50400047302246,63.96459983825684,46.49014986038208,64.3496159831652,65.61886429727261,-1.269248314107415,0.7494832528889275,-2.018731566996342,26.99486806333158,69.50400047302246,85.58867868897605,53.41932225706887,0.46284179634226247,0.028766940056657697,0.0283609395143054,1.0304978442225687,8551755.0,0.7428416740189587,0
2025-03-06,52.63999938964844,58.525001525878906,52.45000076293945,57.04999923706055,6991800,68.99600048065186,63.757399826049806,46.5967498588562,62.54813650723953,64.65746689670786,-2.109330389468326,0.17772052441747682,-2.287050913885803,16.15855756458086,68.99600048065186,86.54709742252544,51.44490353877828,0.5087569372023334,-0.10247232702250819,-0.10811132569393758,1.072127026761396,8566010.0,0.8162259908638911,0
2025-03-07,51.970001220703125,53.2400016784668,47.7400016784668,52.78499984741211,11914900,68.507000541687,63.4839998626709,46.687449855804445,60.92073107854162,63.71765462441122,-2.7969235458695962,-0.4172082896399378,-2.3797152562296584,12.817208919078084,68.507000541687,87.40168081434007,49.612320269033944,0.5516131234254086,-0.012727928888940476,-0.012809622913275804,1.0717278764673346,8601940.0,1.3851410263266193,0
2025-03-10,46.400001525878906,49.779998779296875,44.15999984741211,49.380001068115234,9453900,67.0660005569458,63.11299995422363,46.754299869537356,58.68677268582428,62.434865506001415,-3.748092820177135,-1.0833851957473772,-2.6647076244297576,10.615047141472033,67.0660005569458,88.08187368393182,46.05012742995977,0.6267221230567172,-0.10717720923595664,-0.11336716039143117,0.7370197991992636,7638510.0,1.2376628426224485,1
2025-03-11,46.77000045776367,47.77000045776367,44.7599983215332,46.97999954223633,10154900,65.51700057983399,62.73039993286133,46.826749877929686,56.853423112276495,61.27450513205788,-4.421082019781387,-1.7509245605541794,-2.670157459227208,12.679619838151865,65.51700057983399,87.748839497881,43.28516166178699,0.6786586297080859,0.007974114649078379,0.007942489407813705,0.7162926694391234,7518235.0,1.3507026582701924,1
2025-03-12,48.810001373291016,50.7400016784668,47.119998931884766,49.45500183105469,8214100,64.05650081634522,62.369599990844726,46.917749881744385,55.615973613971036,60.35120855733441,-4.735234943363373,-2.3477866371160183,-2.387448306247355,17.701564512439546,64.05650081634522,86.66459142087587,41.44841021181458,0.705879662997819,0.04361772280437748,0.042693256509155696,0.7501564574814031,7503925.0,1.0946404714865887,0
2025-03-13,46.900001525878906,48.91999816894531,45.529998779296875,48.22999954223633,5719200,62.61850070953369,62.01480003356934,47.0038498878479,54.27505483118763,59.35482285130067,-5.079768020113036,-2.8941829137154222,-2.185585106397614,19.754132800007852,62.61850070953369,85.77105958680407,39.46594183226331,0.7394798219352893,-0.03913132132090591,-0.039917530047534976,0.75209882544493,7364480.0,0.7765925089076214,1
2025-03-14,50.08000183105469,50.41999816894531,48.32500076293945,48.33000183105469,6320900,61.158500862121585,61.763800048828124,47.104099893569945,53.629662061936415,58.667799072023186,-5.038137010086771,-3.3229737329896922,-1.715163277097079,27.75522152608073,61.158500862121585,83.55761321433687,38.7593885099063,0.7324938327939996,0.06780384225405811,0.06560405536747133,0.7796979891147292,7311585.0,0.8645047551249148,0
2025-03-17,47.959999084472656,48.060001373291016,42.189998626708984,46.5099983215332,29973300,59.5220006942749,61.505,47.19569989204407,52.75740621924968,57.874628702575,-5.117222483325321,-3.681823483056818,-1.4353990002685029,28.082200943536236,59.5220006942749,80.65979100621468,38.38421038233512,0.7102513378376042,-0.042332321666717965,-0.043254452284516874,0.7686159547520061,8497085.0,3.527480306481576,0
2025-03-18,43.70000076293945,47.04999923706055,43.400001525878906,46.81999969482422,10605200,57.6580005645752,61.128800048828126,47.270599899291994,51.363959225971186,56.824656262602005,-5.460697036630819,-4.037598193771618,-1.4230988428592006,24.06670724409659,57.6580005645752,77.3542691154075,37.96173201374289,0.6832102521062308,-0.08882398671505409,-0.09301919150980618,0.7933640695349439,8726840.0,1.2152394222880218,1
2025-03-19,47.709999084472656,48.369998931884766,44.33000183105469,44.33000183105469,10959000,56.22450065612793,60.753000030517576,47.362349891662596,50.80181151189449,56.14949647162946,-5.34768495973497,-4.299615546964289,-1.0480694127706807,33.07543857480873,56.22450065612793,74.28918186505997,38.159819447195886,0.6425910767768879,0.09176197371909312,0.08779288077847991,0.8936319156305427,8973115.0,1.221315005992902,1
2025-03-20,47.95000076293945,49.939998626708984,46.810001373291016,46.869998931884766,7514100,54.89150066375733,60.410200119018555,47.455749893188475,50.36307139667064,55.5421264191339,-5.17905502246326,-4.475503442064084,-0.7035515803991759,29.31563116716174,54.89150066375733,71.08105752794444,38.70194379957022,0.5898748137114214,0.005030427228511547,0.00501781690200002,0.8986211689892741,9000285.0,0.8348735623371927,1
2025-03-21,49.900001525878906,50.18000030517578,46.52199935913086,46.79999923706055,5966800,53.95900058746338,60.182400131225585,47.56119990348816,50.29182987808729,55.12419124185575,-4.832361363768456,-4.546875026404958,-0.2854863373634977,34.595573379746455,53.95900058746338,68.93935662106333,38.97864455386343,0.5552495735838526,0.04066737709932644,0.03986221609561488,0.8931968198102375,8966890.0,0.6654258053795686,1
2025-03-24,52.540000915527344,52.68000030517578,51.209999084472656,51.52000045776367,6161900,53.260500526428224,60.059800186157226,47.67319991111756,50.63770234538576,54.93276973620179,-4.29506739081603,-4.496513499287173,0.20144610847114297,43.89511490614919,53.260500526428224,67.03064703965863,39.49035401319781,0.5170866355789342,0.05290579777395976,0.05155376834652508,0.9218662839778576,8867695.0,0.6948705385108531,0
2025-03-25,50.93000030517578,53.470001220703125,50.36000061035156,52.869998931884766,7858100,52.60900058746338,59.97220016479492,47.77284991264343,50.68267126227653,54.63626829686653,-3.953597034590004,-4.38793020634774,0.43433317175773567,39.44778453489687,52.60900058746338,65.44926095298592,39.76874022194084,0.4881393002011276,-0.03064333045863643,-0.031122654794156848,0.9191388849973023,8894325.0,0.8834959370160187,0
2025-03-26,48.31999969482422,50.849998474121094,48.0,50.7599983215332,4970300,51.798000526428225,59.84480018615723,47.858499908447264,50.31918332882233,54.1683965485671,-3.849213219744776,-4.280186809027147,0.4309735892823712,43.490054769302795,51.798000526428225,63.46022652643411,40.13577452642234,0.4502963775235154,-0.05124682102321365,-0.05260659957774089,0.9276940387831307,8945725.0,0.5556061694272962,0
2025-03-27,47.380001068115234,48.14899826049805,45.79999923706055,47.880001068115234,4646400,51.08150062561035,59.68540023803711,47.94514991760254,49.8670014425597,53.665552438904,-3.7985509963443036,-4.183859646490578,0.3853086501462748,43.13901338131907,51.08150062561035,61.9106937160129,40.252307535207805,0.42399667033169325,-0.019453614086211823,-0.01964532603660763,0.9208539998461144,8936655.0,0.5199260797244607,0
2025-03-28,46.20000076293945,47.22999954223633,45.029998779296875,46.91999816894531,4959300,50.18400058746338,59.445200271606446,48.02394991874695,49.302847491848894,53.11254861105478,-3.809701119205883,-4.10902794103364,0.2993268218277567,49.65588308071576,50.18400058746338,59.291226844479176,41.076774330447584,0.3629533775866765,-0.024905029096123688,-0.02522040667269388,0.9016908128233723,8906935.0,0.5567908601555979,0
2025-03-31,45.189998626708984,45.70399856567383,42.400001525878906,44.189998626708984,4968300,49.35050048828125,59.18900024414062,48.08089991569519,48.670101512596595,52.525693056658795,-3.8555915440622,-4.0583406616393525,0.2027491175771523,47.340064667457355,49.35050048828125,56.87154589015649,41.82945508640601,0.3048011804322506,-0.02186151773920897,-0.022104021567614037,0.8987551437836617,8802035.0,0.5644490166194522,1
2025-04-01,45.5099983215332,46.619998931884766,44.099998474121094,44.439998626708984,3881500,48.77550048828125,58.93940017700195,48.12969990730286,48.18393179089453,52.006011965168014,-3.8220801742734807,-4.011088564166178,0.18900838989269708,44.10292591880613,48.77550048828125,55.55252263414544,41.998478342417066,0.2778863190749801,0.007081206119689654,0.0070562521133555435,0.868257354098661,8379325.0,0.4632234696708864,1
2025-04-02,47.75,48.75,44.20000076293945,44.45000076293945,5403200,48.23050041198731,58.75920021057129,48.20129990577698,48.11717305383384,51.69075181960002,-3.573578765766179,-3.9235866044861782,0.3500078387199994,51.501233342199704,48.23050041198731,53.16722673795266,43.293774086021955,0.20471387540231153,0.04921999035554636,0.048047021779463704,0.8832006551373867,8331855.0,0.6484990437303577,0
2025-04-03,38.90999984741211,43.81999969482422,37.733001708984375,43.189998626708984,17030300,47.544000434875485,58.40860023498535,48.241349906921386,46.700684868230496,50.744029451289805,-4.043344583059309,-3.9475382002008046,-0.09580638285850407,33.55902218442088,47.544000434875485,53.592330740388554,41.495670129362416,0.2544308535331566,-0.18513089324791399,-0.20472778385183688,1.035210953697581,8833780.0,1.927861006273645,0
2025-04-04,35.75,36.16999816894531,30.900999069213867,35.599998474121094,18898100,46.73300037384033,57.988400268554685,48.26604990959167,45.015964119271956,49.633360603046114,-4.617396483774158,-4.081509856915475,-0.5358866268586828,32.56212747865415,46.73300037384033,54.41237074103379,39.05363000664688,0.3286487195670033,-0.08121305216664709,-0.08470101393488579,1.063251091422701,9182940.0,2.0579574733146466,1
2025-04-07,37.56999969482422,40.08000183105469,32.31999969482422,32.709999084472656,17242700,46.2915002822876,57.625200271606445,48.30124990463257,43.87043113089538,48.7397783135482,-4.869347182652817,-4.239077322062943,-0.6302698605898733,40.58949891374252,46.2915002822876,54.99808231111831,37.58491825345689,0.37616331187097374,0.050909082372705416,0.04965558232300267,1.0316366354193935,9572380.0,1.8012970650977083,0
2025-04-08,36.45000076293945,41.119998931884766,35.61000061035156,40.244998931884766,11402500,45.77550029754639,57.25080032348633,48.33279991149902,42.72882645890217,47.82942442091052,-5.100597962008351,-4.4113814500520245,-0.6892165119563263,31.031002765269548,45.77550029754639,55.52362012872077,36.027380466372,0.42590991983966997,-0.029810991242543494,-0.030264372077228877,1.0324064539474367,9634760.0,1.1834752500321752,1
2025-04-09,44.29999923706055,45.54999923706055,36.5099983215332,36.880001068115234,15583400,45.55000019073486,56.98400032043457,48.40494990348816,42.970545347849615,47.56798551840311,-4.597440170553497,-4.44859319415232,-0.1488469764011775,45.10592459605027,45.55000019073486,55.21082332000347,35.889177061466256,0.4241854265121902,0.21536346528976158,0.19504318044318977,1.2973266225725466,10003225.0,1.5578375973748466,0
2025-04-10,40.7400016784668,42.72999954223633,39.119998931884766,42.20000076293945,9017800,45.24200019836426,56.619800338745115,48.4401499080658,42.627384783329184,47.062208937667094,-4.43482415433791,-4.445839386189438,0.011015231851527751,38.22622058306818,45.24200019836426,55.112113981832856,35.37188641489566,0.4363252614912218,-0.0803611200881359,-0.08377420783084182,1.321144637123629,10168155.0,0.8868668898143272,0
2025-04-11,40.4900016784668,40.939998626708984,38.33000183105469,40.77000045776367,9164800,44.76250019073486,56.18760040283203,48.47774991035462,42.29855661335035,46.57537877031893,-4.276822156968578,-4.412035940345266,0.1352137833766882,33.497672156898474,44.76250019073486,54.57460623600571,34.95039414546402,0.43840741707728814,-0.006136474955820592,-0.006155380500209441,1.2938170197409131,10310350.0,0.8888931995519066,1
2025-04-14,40.779998779296875,42.68000030517578,40.0099983215332,41.72999954223633,6144800,44.403500175476076,55.78180038452148,48.524599905014036,42.064932331188274,46.14609136357655,-4.081159032388278,-4.345860558753869,0.26470152636559074,35.57828499250827,44.403500175476076,54.24836490208494,34.558635448867214,0.44342741845590594,0.007162190387961953,0.007136663714511937,1.2880334681675751,9118925.0,0.6738513585757093,1
2025-04-15,41.59000015258789,41.970001220703125,40.52000045776367,40.52000045776367,4915100,44.29800014495849,55.41600036621094,48.58024991035462,41.99186584217283,45.80860312572554,-3.816737283552712,-4.240035903713638,0.4232986201609261,39.92213172486147,44.29800014495849,54.21953157260454,34.37646871731245,0.44794489119957276,0.01986271205339607,0.019668022211239443,1.2514503161268413,8834420.0,0.5563579725663937,0
2025-04-16,40.7599983215332,41.08000183105469,39.349998474121094,40.13999938964844,4914000,43.950500106811525,55.040600357055666,48.632999906539915,41.802347762074426,45.43463239948907,-3.6322846374146422,-4.118485650453839,0.4862010130391967,40.05408204717203,43.950500106811525,53.855685643908245,34.045314569714805,0.4507427907770996,-0.01995676431857485,-0.02015859024842109,1.205328790065525,8532170.0,0.5759378915328691,1
2025-04-17,42.099998474121094,42.7599983215332,40.650001525878906,40.720001220703125,4765100,43.657999992370605,54.62660034179687,48.69434989929199,41.848140179312374,45.18762247909144,-3.339482299779064,-3.962684980318884,0.6232026805398201,43.86961355084562,43.657999992370605,53.41022027339528,33.90577971134593,0.44675524681519596,0.03287537310520405,0.03234653726892133,1.2124720493862506,8394720.0,0.5676306059046639,0
2025-04-21,40.650001525878906,41.810001373291016,39.41999816894531,41.29999923706055,5179500,43.19549999237061,54.20460037231445,48.75069991111755,41.66381115570722,44.8515024084831,-3.1876912527758776,-3.807686234810283,0.6199949820344055,43.29988491727184,43.19549999237061,52.57139179361262,33.819608191128594,0.43411428518702305,-0.03444173398565564,-0.03504883091336517,1.2052828354208491,8355355.0,0.6199018473781186,1
2025-04-22,43.81999969482422,44.47999954223633,41.584999084472656,41.95000076293945,6223700,42.75949993133545,53.576600341796876,48.82489991188049,41.995532469417526,44.775094800063926,-2.7795623306463995,-3.6020614539775067,0.8224991233311072,47.699429623181985,42.75949993133545,51.054435353651556,34.46456450901934,0.38798093689759594,0.077982731856165,0.07509145367220155,1.2250734045085363,8358445.0,0.7446002216919535,1
2025-04-23,46.84000015258789,48.90999984741211,46.470001220703125,46.65999984741211,7622000,42.554999923706056,52.958400344848634,48.91634991645813,42.740835189905276,44.92805075210274,-2.1872155621974656,-3.319092275621499,1.1318767134240333,48.786990038359534,42.554999923706056,50.17609641231385,34.93390343509826,0.35817631311343623,0.06891831307156249,0.06664721478414032,1.2494961892669463,8346640.0,0.913181831251857,1
2025-04-24,48.20000076293945,49.16999816894531,47.2400016784668,47.29999923706055,7794100,42.54899997711182,52.362000427246095,49.01659992218018,43.58070681652592,45.170417419572125,-1.589710603046207,-2.9732159411064405,1.3835053380602336,65.46787155073396,42.54899997711182,50.15115164826046,34.94684830596318,0.35733632636433427,0.02903502574554162,0.028621494898016568,1.2393517825082656,8487830.0,0.9182676844376007,1
2025-04-25,49.09000015258789,50.16999816894531,47.7599983215332,48.64799880981445,4719400,42.63449993133545,51.830600357055665,49.12024991989136,44.4282904066893,45.460756881277,-1.0324664745877001,-2.585066047802693,1.5525995732149926,74.0273858527727,42.63449993133545,50.49934883822301,34.76965102444789,0.36894294149358897,0.01846471733528987,0.018296314293116584,1.2376465536232604,8491480.0,0.5557806177486139,1
2025-04-28,49.16999816894531,50.150001525878906,47.91999816894531,49.75,4703200,42.78299980163574,51.22840034484863,49.22524991035461,45.15778390857484,45.735515495178355,-0.5777315866035124,-2.1835991555628564,1.605867568959344,72.29055221358091,42.78299980163574,51.03398604396628,34.5320135593052,0.38571331045445195,0.0016296193951672588,0.0016282930062912104,1.2328161611045783,8478675.0,0.5547093148398777,1
2025-04-29,50.400001525878906,52.9900016784668,49.56999969482422,50.099998474121094,7375600,43.04349994659424,50.622600326538084,49.32919991493225,45.964278926621624,46.08103297893395,-0.11675405231232361,-1.7702301349127498,1.6534760826004262,76.69346396059109,43.04349994659424,51.91974905691944,34.167250836269034,0.41243156905634143,0.025015322406711782,0.024707561168115864,1.2300015545753633,8599040.0,0.8577236528728789,0
2025-04-30,49.7599983215332,50.20000076293945,46.47999954223633,47.65999984741211,6021600,43.25599994659424,49.998200225830075,49.43029990196228,46.54823575660802,46.3535489302376,0.19468682637042178,-1.3772467426561157,1.5719335690265375,64.42917445265542,43.25599994659424,52.57340474635742,33.938595146831055,0.43080288566981967,-0.012698475892249372,-0.012779790653020116,1.23226830331469,8706045.0,0.6916573484285918,0
2025-05-01,49.75,52.150001525878906,49.68000030517578,51.33000183105469,6100500,43.35599994659424,49.46560028076172,49.51854990959168,47.04081487097602,46.60513789836815,0.4356769726078724,-1.0146619996033182,1.4503389722111906,79.3103414042604,43.35599994659424,52.91625377691981,33.79574611626867,0.4410118019236948,-0.00020093090575679096,-0.00020095109507571913,1.2224359708128485,8740910.0,0.6979250444175721,1
2025-05-02,52.34000015258789,52.619998931884766,50.650001525878906,50.7599983215332,7570300,44.027499961853025,49.02020027160645,49.61294991493225,47.85607414507015,47.02994250979183,0.8261316352783226,-0.64650327262699,1.4726349079053125,83.45567218157184,44.027499961853025,54.14335256099267,33.91164736271338,0.4595242795027823,0.05206030457463107,0.05075043641271891,1.0038992506380282,8267910.0,0.915624383913226,0
2025-05-05,52.09000015258789,53.2599983215332,51.380001068115234,51.38999938964844,4896100,44.84449996948242,48.69100021362305,49.712049913406375,48.507447376995955,47.40476159444339,1.1026857825525624,-0.29666546159107954,1.399351244143642,82.00339587896164,44.84449996948242,54.78333262404885,34.90566731491599,0.4432575973120453,-0.004776461583323788,-0.004787905330907826,0.9396045139810357,7567810.0,0.6469639169059477,0
2025-05-06,51.0,51.810001373291016,50.400001525878906,51.04999923706055,5236300,45.515999984741214,48.38080017089844,49.81274991035461,48.89091701130427,47.67107555041055,1.2198414608937185,0.006635922905880082,1.2132055379878384,76.21169762521824,45.515999984741214,55.19680524717303,35.835194722309396,0.42538031750053656,-0.02092532442685624,-0.021147361962086983,0.9434064453787919,6967490.0,0.7515331920103222,1
2025-05-07,51.540000915527344,52.20000076293945,50.02799987792969,50.73500061035156,5366500,46.2704999923706,48.13240020751953,49.920649919509884,49.29846838118474,47.95766261449327,1.3408057666914672,0.2734698916629975,1.0673358750284696,80.5209589103531,46.2704999923706,55.30693262696006,37.23406735778114,0.3905915274777428,0.010588253245634283,0.0105325902633263,0.9276129464519375,6665690.0,0.8050929461166061,1
2025-05-08,54.2599983215332,55.7599983215332,53.29999923706055,53.57500076293945,17051800,46.76849994659424,47.92680015563965,50.04379991531372,50.061780679699886,48.42450229649623,1.6372783832036575,0.5462315899711295,1.091046793232528,81.93277757085892,46.76849994659424,56.424263715827465,37.112736177361015,0.41291740296393126,0.052774492776278104,0.05142905330935527,0.5886759364847938,6739110.0,2.530274769220268,0
2025-05-09,46.40999984741211,51.20000076293945,45.540000915527344,50.5,32087300,47.0519998550415,47.620800170898434,50.12914991378784,49.4999682439633,48.27527989286037,1.2246883511029338,0.6819229421974904,0.5427654089054434,61.32075202921962,47.0519998550415,56.286246335967874,37.81775337411513,0.39251239094514057,-0.1446737692029343,-0.15627232633174631,0.7444780881927946,7892585.0,4.065499452967564,1
2025-05-12,53.7400016784668,54.099998474121094,49.599998474121094,49.974998474121094,19802000,47.7144998550415,47.412600173950196,50.265549926757814,50.152281080040765,48.68007409920159,1.4722069808391751,0.8399797499258274,0.6322272309133478,66.7567588117889,47.7144998550415,56.86735545379947,38.561644256283536,0.38365090807048996,0.15794013908973148,0.1466426844551838,0.9129875867301839,8424445.0,2.3505405994104063,1
2025-05-13,53.939998626708984,55.560001373291016,52.599998474121094,53.84000015258789,11413300,48.37249984741211,47.25420013427734,50.40294992446899,50.73500685645126,49.06969813827621,1.6653087181750479,1.0050455435756716,0.6602631745993763,63.25615906974942,48.37249984741211,57.31607015347973,39.42892954134449,0.3697791238525827,0.0037215657237748,0.0037146578315351998,0.9135024575361057,8687870.0,1.3137052004691598,1
2025-05-14,56.54999923706055,58.13999938964844,54.61000061035156,54.630001068115234,14760400,49.120499801635745,47.24500015258789,50.55019991874695,51.629621068852686,49.62379451596394,2.005826552888749,1.205201745438287,0.8006248074504618,64.89475354577692,49.120499801635745,58.17727397081882,40.06372563245267,0.36875741109138616,0.048387109321489596,0.04725289681873556,0.9208250510928404,9180135.0,1.6078630651945751,0
2025-05-15,51.75,55.85100173950195,51.65999984741211,55.09000015258789,9640400,49.66999988555908,47.10700012207031,50.67474991798401,51.64814090441381,49.78129121848513,1.8668496859286776,1.3375313335363652,0.5293183523923124,54.164057548186236,49.66999988555908,57.88547669998525,41.45452307113291,0.33080236896939125,-0.08488062425852028,-0.08870075692523702,0.9822544457773351,9416455.0,1.0237823044871983,1
2025-05-16,52.56999969482422,52.869998931884766,51.400001525878906,52.150001525878906,6078700,50.19349994659424,47.105600128173826,50.800299921035766,51.78996533370772,49.987862216732466,1.8021031169752533,1.430445690224143,0.37165742675111035,55.20196067033149,50.19349994659424,57.679920113751095,42.70707977943738,0.2983023768066539,0.01584540473090268,0.015721176880746264,0.979734078265581,9482135.0,0.6410687044637099,0
2025-05-19,51.709999084472656,52.040000915527344,49.79999923706055,50.220001220703125,4983200,50.74649982452392,47.100400085449216,50.917399911880494,51.7776628338254,50.11542791063915,1.6622349231862543,1.4768035368165653,0.18543138636968903,52.02723252488349,50.74649982452392,56.75221715484112,44.74078249420673,0.2366948400809647,-0.01635915189925774,-0.01649444032312955,0.9701795317085408,9472320.0,0.5260801999932435,0
2025-05-20,49.7400016784668,51.75,49.619998931884766,51.56999969482422,5538000,51.04249992370605,47.16720008850098,51.03399991989136,51.46417650223177,50.08761856010786,1.3765579421239096,1.456754417878034,-0.08019647575412447,49.97027846616474,51.04249992370605,56.123120615012255,45.96187923239985,0.19907413229760598,-0.03809703037874168,-0.03884169658302828,0.9558672912932308,9438035.0,0.5867746835013856,0
2025-05-21,47.2400016784668,49.41999816894531,47.16999816894531,48.91999816894531,6722200,51.0625,47.17660011291504,51.141349925994874,50.814303452421775,49.8766839762826,0.9376194761391758,1.3529274295302627,-0.41530795339108684,46.52643401971501,51.0625,56.07617277730923,46.04882722269077,0.19637396434993318,-0.05026135737108928,-0.05156844526027954,0.9488638576152956,9393045.0,0.7156571697463389,1
2025-05-22,48.970001220703125,49.34000015258789,46.88999938964844,47.16999816894531,5375000,51.101000022888186,47.17980010986328,51.26339993476868,50.530564647541986,49.809522290684114,0.7210423568578719,1.2265504149957844,-0.5055080581379126,45.222569298094484,51.101000022888186,56.03328569212627,46.1687143536501,0.19304067110345818,0.0366214962059348,0.03596686378200865,0.9520936493346531,9272090.0,0.5796967026851552,1
2025-05-23,49.29999923706055,49.810001373291016,46.70500183105469,47.2599983215332,6817800,51.11149997711182,47.227800064086914,51.38909993171692,50.3412468920833,49.771779842267556,0.5694670498157421,1.095133741959776,-0.5256666921440338,46.05374591498155,51.11149997711182,56.02662438000378,46.19637557421986,0.19232949160533336,0.006738779010238449,0.006716174931402933,0.9503955771043203,9377010.0,0.7270761148809696,1
2025-05-27,51.18000030517578,51.54199981689453,49.79999923706055,50.75,5646700,51.21200008392334,47.249800033569336,51.52439992904663,50.47028587871291,49.87609246914965,0.5941934095632604,0.994945675480473,-0.4007522659172126,50.24903202298699,51.21200008392334,56.04142491837074,46.38257524947595,0.18860520294201377,0.03813389649511345,0.03742477112123751,0.9590403875396097,9424185.0,0.5991711750140728,0
2025-05-28,50.68000030517578,51.66899871826172,49.97999954223633,51.029998779296875,3842500,51.226000022888186,47.3042000579834,51.65172492980957,50.50254963663028,49.935641197744175,0.5669084388861023,0.9093382281615989,-0.3424297892754966,48.80886311848305,51.226000022888186,56.047129989596534,46.40487005617984,0.18822980379316084,-0.009769441129710899,-0.009817475219876583,0.956755094577274,9247530.0,0.41551635950356475,1
2025-05-29,52.04999923706055,53.349998474121094,51.349998474121094,52.28499984741211,6254500,51.340500068664554,47.47120002746582,51.78477492332458,50.74061880592724,50.09226031176761,0.6483584941596305,0.8571422813612053,-0.20878378720157476,46.82014450405741,51.340500068664554,56.12365594709367,46.55734419023544,0.1863307085841375,0.027032338666834077,0.02667341892859943,0.9590464452094868,9259175.0,0.6754921469785375,0
2025-05-30,51.900001525878906,52.154998779296875,50.81999969482422,51.61000061035156,3729700,51.4480001449585,47.55500007629394,51.91842493057251,50.918985378227504,50.22616706836845,0.6928183098590566,0.8242774870607756,-0.13145917720171907,60.147880557772375,51.4480001449585,56.17698093715454,46.71901935276246,0.18383535915377824,-0.0028818004491888427,-0.0028859608309524626,0.9592491999766986,9140635.0,0.40803510915817115,1
2025-06-02,52.900001525878906,53.209999084472656,50.58000183105469,52.0,4393800,51.476000213623045,47.65400009155273,52.051674938201906,51.223757093250796,50.42422888003588,0.7995282132149129,0.8193276322916031,-0.01979941907669025,47.972971604609384,51.476000213623045,56.23376275169502,46.71823767555107,0.18485362181705942,0.01926782216954992,0.019084548136638357,0.944341844746747,8981810.0,0.4891887047265529,1
2025-06-03,54.959999084472656,55.0,52.849998474121094,52.900001525878906,5384600,51.619500160217285,47.75520004272461,52.19357493400574,51.798563553438775,50.76021185814231,1.0383516952964627,0.8631324448925751,0.17521925040388753,52.258637936251276,51.619500160217285,56.6220648343528,46.61693548608177,0.19382460731345663,0.038941351591190276,0.038202263547182064,0.9527581555662368,9006235.0,0.5978746945865836,0
2025-06-04,54.33000183105469,55.25,53.70000076293945,54.7400016784668,4404100,51.78600025177002,47.791000061035156,52.32337493896485,52.188015596148915,51.02464074502471,1.1633748511242032,0.9231809261389008,0.24019392498530245,44.61165338898104,51.78600025177002,56.92164342912277,46.65035707441727,0.19834098607286102,-0.011462832312818527,-0.011529036990135324,0.9500093145826773,8964625.0,0.4912754298144094,1
2025-06-05,55.709999084472656,57.279998779296875,54.43000030517578,54.849998474121094,6298300,51.994500160217285,47.8866000366211,52.45967493057251,52.72985920973718,51.37170432572456,1.3581548840126203,1.0101757177136448,0.3479791662989755,61.525036470580396,51.994500160217285,57.41858394786668,46.57041637256789,0.20864067433807318,0.025400279898926348,0.025083053333026004,0.9526409500918219,9011215.0,0.6989401540191861,1
2025-06-06,58.91999816894531,59.810001373291016,57.369998931884766,57.439998626708984,7235100,52.22750015258789,48.09860000610352,52.6025749206543,53.68218828038459,51.930837203000166,1.7513510773844203,1.1584107896478,0.5929402877366203,66.22382096132007,52.22750015258789,58.40883903437206,46.04616127080373,0.23670820405819773,0.05761980142209944,0.056020912918547786,0.9559713132180693,8520380.0,0.8491522678565979,1
2025-06-09,61.34000015258789,61.7400016784668,59.040000915527344,60.04999923706055,8815300,52.97400016784668,48.37779998779297,52.7628249168396,54.86031318380048,52.62781223630296,2.2325009474975204,1.3732288212177441,0.8592721262797762,72.78752374709316,52.97400016784668,59.77247701363729,46.17552332205607,0.2566722099237294,0.04107267581209939,0.040251600656215594,0.7790263396653548,7356780.0,1.198255214917396,0
2025-06-10,61.0,62.220001220703125,59.95100021362305,61.599998474121094,5182300,53.33700008392334,48.67379997253418,52.9190749168396,55.804880386292716,53.24797429287311,2.556906093419606,1.6099642756581165,0.9469418177614894,78.87180751221926,53.33700008392334,61.024805211363265,45.64919495648342,0.2882728730653584,-0.005542878248159688,-0.00555829700036989,0.569575856320202,6625795.0,0.7821401054514968,1
2025-06-11,63.5,65.48999786376953,61.54999923706055,62.119998931884766,9821400,53.81500015258789,49.04,53.08677492141724,56.98874494224768,54.007383604512135,2.9813613377355423,1.8842436880736018,1.0971176496619406,91.69232785679422,53.81500015258789,62.74854934068587,44.881450964489915,0.33200963161823477,0.040983606557376984,0.04016604172533465,0.5819743285541503,6546200.0,1.5003207967981425,0
2025-06-12,61.04999923706055,62.97999954223633,60.83000183105469,62.20000076293945,5143600,54.04000015258789,49.350800018310544,53.23472492218018,57.613553295295816,54.52905883655276,3.084494458743059,2.1242938422074933,0.9602006165355657,79.87142463922133,54.04000015258789,63.47612248247744,44.603877822698344,0.3492273243244122,-0.038582689180148844,-0.03934671783889307,0.5854582643991193,6065360.0,0.8480288062044132,0
2025-06-13,59.11000061035156,60.755001068115234,58.529998779296875,58.599998474121094,6529300,54.40800018310547,49.57800003051758,53.3708749294281,57.84377595915055,54.86838785683415,2.9753881023164013,2.294512694229275,0.6808754080871262,72.4690922886289,54.40800018310547,64.04012019307531,44.77588017313563,0.35406998888228797,-0.031777209679821006,-0.03229306289778437,0.5023950620307575,5909805.0,1.1048249476928595,1
2025-06-16,60.849998474121094,61.68000030517578,59.47999954223633,59.720001220703125,4354300,54.822000122070314,50.016800003051756,53.51257493019104,58.30627173068447,55.31147012478133,2.9948016059031417,2.4345704765640486,0.5602311293390931,72.29138746724354,54.822000122070314,64.82607742409238,44.81792282004825,0.3649657903668716,0.02943660710206153,0.02901166919549666,0.5078036764120775,5823585.0,0.7477009436627094,0
2025-06-17,59.900001525878906,61.20000076293945,59.40999984741211,60.369998931884766,4469300,55.231500244140626,50.499800033569336,53.654174938201905,58.55146092994515,55.65136133967744,2.9000995902677076,2.5276762993047805,0.37242329096292703,70.82205923501998,55.231500244140626,65.36882225589518,45.09417823238607,0.36708479642756037,-0.015612111291115505,-0.015735263762290362,0.5073384989166724,5797890.0,0.7708493952110165,1
2025-06-18,61.68000030517578,62.599998474121094,60.06999969482422,60.40999984741211,6043200,55.82850017547607,50.98200004577637,53.754274940490724,59.03277467998063,56.09792718897362,2.9348474910070124,2.6091105376452273,0.3257369533617851,71.35256742841686,55.82850017547607,66.01035794865174,45.6466424023004,0.36475483816232923,0.029716172520093398,0.02928320360762599,0.48234893385478994,5823150.0,1.0377888256356096,1
2025-06-20,62.060001373291016,62.880001068115234,61.47999954223633,62.31999969482422,4489500,56.56950016021729,51.4942000579834,53.84452495574951,59.498501863566844,56.539562313737875,2.958939549828969,2.6790763400819757,0.2798632097469933,72.30027545210802,56.56950016021729,66.26509072430036,46.87390959613422,0.3427850886652003,0.006160847377352452,0.0061419469458737575,0.4250931407721804,5711515.0,0.7860436329065056,1
2025-06-23,62.189998626708984,62.779998779296875,59.680999755859375,61.345001220703125,4296100,57.230500030517575,51.852000045776364,53.94752494812012,59.91257828866563,56.95811315173574,2.9544651369298904,2.7341540994515587,0.2203110374783317,71.20037342621863,57.230500030517575,66.53947097420539,47.921529086829764,0.3253150309266527,0.0020947027157804943,0.0020925118849395,0.4184194696261161,5657570.0,0.7593542810782721,1
2025-06-24,65.66000366210938,66.06999969482422,63.66999816894531,64.98999786376953,7331000,58.04850025177002,52.350400085449216,54.074674968719485,60.79679757688774,57.60269763398564,3.194099942902099,2.826143268141667,0.3679566747604319,72.94169858123313,58.04850025177002,67.29827028071924,48.7987302228208,0.3186910941309693,0.05579683408949476,0.054295774813656626,0.44508324110894065,5683230.0,1.2899354768327167,1
2025-06-25,66.25,66.50700378417969,65.09200286865234,66.16500091552734,4418000,58.80200023651123,52.86560005187988,54.20772497177124,61.63575179582809,58.2432385499867,3.3925132458413927,2.9394172636816123,0.4530959821597804,75.60138037036006,58.80200023651123,68.15062500009483,49.453375472927625,0.3179696175634132,0.008985627550780917,0.008945497019061159,0.4367650685868499,5621795.0,0.78586999348073,1
2025-06-26,66.9000015258789,67.5199966430664,65.76000213623047,66.9000015258789,4897900,59.613000297546385,53.388000106811525,54.35002498626709,62.44563636968206,58.88448025190464,3.561156117777422,3.0637650345007743,0.4973910832766477,74.81154038352686,59.613000297546385,68.80786211931657,50.418138475776196,0.3084851215632788,0.009811343786851445,0.0097635250762053,0.4284733373093452,5674565.0,0.8631322400924124,1
2025-06-27,68.05999755859375,69.27999877929688,66.46099853515625,66.87999725341797,12480200,60.413500213623045,53.91740005493164,54.49947498321533,63.30938424489925,59.56414820054828,3.7452360443509676,3.200059236470813,0.5451768078801544,72.29268973473887,60.413500213623045,69.62365278109273,51.20334764615336,0.3049037892160675,0.017339252709375863,0.01719064325884032,0.42603450897060063,5985850.0,2.0849503412213806,1
2025-06-30,69.13999938964844,69.75,68.05000305175781,69.36000061035156,4775900,61.27550010681152,54.48500007629394,54.65882497787476,64.20640195947605,60.27347051085199,3.9329314486240605,3.346633678901463,0.5862977697225977,70.35491233061572,61.27550010681152,70.35687579261841,52.19412442100463,0.2964113118612437,0.01586837892735593,0.01574379246433783,0.4214487046518271,6038160.0,0.7909528730606675,0
2025-07-01,67.0999984741211,69.80999755859375,66.54000091552734,68.12000274658203,5526200,61.985499954223634,54.98500007629394,54.793124961853025,64.65157065403683,60.77913924887193,3.872431405164903,3.4517932241541507,0.42063818101075245,64.62128601790458,61.985499954223634,70.51326124164264,53.45773866680464,0.27515342438850254,-0.02950536496291567,-0.029949404428450354,0.44919999545696826,6094780.0,0.906710332448423,1
2025-07-02,68.37000274658203,68.75900268554688,67.04000091552734,67.41999816894531,4166600,62.6560001373291,55.53940010070801,54.926274967193606,65.22363712981301,61.341425433887494,3.8822116959255197,3.5378769185084247,0.34433477741709506,62.404491665769505,62.6560001373291,70.96383649200149,54.34816378265671,0.2651888513937473,0.018927038768126847,0.018750150860764675,0.43898013560090626,6033880.0,0.690534117350693,1
2025-07-03,69.19000244140625,69.7699966430664,68.4000015258789,68.91999816894531,2297400,63.39900016784668,56.04680015563965,55.05217498779297,65.83384717775044,61.92280150851852,3.9110456692319246,3.6125106686531248,0.2985350005787999,72.61112480399339,63.39900016784668,71.21498440613671,55.583015929556645,0.24656490536435846,0.01199355948344194,0.011922206698226032,0.4306391711395136,5928545.0,0.3875149804884672,1
2025-07-07,71.2300033569336,71.375,67.69000244140625,68.0,5821200,64.17500038146973,56.53460021972656,55.18802499771118,66.66402505147093,62.612223867660376,4.051801183810554,3.7003687716846105,0.3514324121259431,83.48067339317983,64.17500038146973,71.8573244859413,56.49267627699815,0.23941796833054071,0.029484041675745365,0.029057746322092466,0.43250048312728967,5904690.0,0.9858603923321969,0
2025-07-08,67.7300033569336,73.11000061035156,66.87000274658203,71.3499984741211,6666200,64.61550064086914,56.92520027160644,55.30667501449585,66.8280217138498,62.99131864464358,3.836703069206216,3.7276356311889316,0.10906743801728425,67.32126050194192,64.61550064086914,72.03493714451831,57.196064137219985,0.22964881274807883,-0.04913659743158372,-0.050384862328070094,0.4510985657899617,5876245.0,1.1344319374022016,1
2025-07-09,69.06999969482422,69.5,67.73999786376953,68.75,4035000,65.00200061798095,57.32480026245117,55.43062501907349,67.17294140323047,63.441591315027324,3.7313500882031434,3.7283785225917745,0.0029715656113689093,72.64197078751928,65.00200061798095,72.50784668168768,57.496154554274234,0.23094200154911676,0.01978438316072295,0.01959121589224885,0.43608650728317155,5637230.0,0.7157770749109048,0
2025-07-10,68.54499816894531,69.36699676513672,67.19000244140625,69.11000061035156,4054900,65.37925052642822,57.71230026245117,55.548450012207034,67.38402705949429,63.81962145235458,3.5644056071397046,3.6955839395013608,-0.1311783323616562,68.07053664418348,65.37925052642822,72.79608297855168,57.96241807430476,0.2268864323895961,-0.0076010066338286775,-0.007630041507839775,0.4368889865012141,5580860.0,0.72657260708923,0
2025-07-11,64.72000122070312,69.91000366210938,64.50399780273438,67.95999908447266,8046000,65.44025058746338,57.998700256347654,55.647400016784665,66.97417693044949,63.88631625001003,3.087860680439455,3.57403928768898,-0.4861786072495251,55.92691624376054,65.44025058746338,72.81193573603205,58.06856543889471,0.22529513815709296,-0.05580271428142114,-0.05742014556315393,0.4686387126630712,5492090.0,1.4650160503560574,0
2025-07-14,64.05000305175781,65.23699951171875,62.040000915527344,62.2599983215332,7617700,65.59025077819824,58.28450035095215,55.74430004119873,66.52430402603538,63.89844119828764,2.6258628277477385,3.384403995700732,-0.7585411679529934,54.04700709769426,65.59025077819824,72.7033484720695,58.477153084326986,0.21689496867225272,-0.010352258286592697,-0.01040621562229871,0.44692960023614814,5615795.0,1.3564775779742673,1
2025-07-15,66.1500015258789,67.05500030517578,63.400001525878906,64.30000305175781,5442000,65.9422508239746,58.61250038146973,55.851950054168704,66.4667190260113,64.06522344477588,2.401495581235423,3.18782231280767,-0.7863267315722471,51.13372980778227,65.9422508239746,72.36873144107366,59.515770206875544,0.19491238278334855,0.0327868598604768,0.0322608376386828,0.4394133849501585,5561430.0,0.9785253073400186,1
2025-07-16,67.20999908447266,67.69999694824219,65.33000183105469,67.02999877929688,4940400,66.26025085449218,58.90990036010742,55.97180004119873,66.58106980423612,64.29816978845713,2.282900015778992,3.006837853401935,-0.7239378376229428,52.17391154115538,66.26025085449218,72.2396369099063,60.280864799078074,0.18048184177705182,0.016024150176006557,0.015897118732065715,0.432452960477507,5590735.0,0.8836762965871213,1
2025-07-17,69.47000122070312,69.98500061035156,67.4800033569336,68.80000305175781,7515800,66.7387508392334,59.257500381469725,56.110950050354006,67.02552079138489,64.68126841306794,2.344252378316952,2.874320758384939,-0.5300683800679868,55.42423017653244,66.7387508392334,72.07181561983217,61.40568605863464,0.15981913696423689,0.03362598076202916,0.03307298991646544,0.436118813462091,5743060.0,1.3086751662005969,0
2025-07-18,68.9000015258789,70.4000015258789,66.94000244140625,69.38999938964844,4210900,67.09975090026856,59.615500411987306,56.24965005874634,67.3139024428455,64.99376716216504,2.3201352806804607,2.7634836628440436,-0.44334838216358285,51.81819052548037,67.09975090026856,71.94626090808039,62.25324089245673,0.14445687033966118,-0.00820497603006154,-0.008238822110552213,0.4315935477040047,5651445.0,0.7451014740477878,0
2025-07-21,66.75,71.18000030517578,66.7300033569336,70.33999633789062,4640500,67.33425083160401,59.919700393676756,56.379300060272215,67.22714822086927,65.12385848348615,2.103289737383122,2.6314448777518593,-0.5281551403687375,45.055855252982155,67.33425083160401,71.56930697382272,63.09919468938529,0.1257920327296772,-0.031204665867407333,-0.03170190288553684,0.45123198379591,5658995.0,0.8200219296889288,0
2025-07-22,65.43000030517578,66.75,63.67599868774414,66.43000030517578,5163300,67.49625091552734,60.14310043334961,56.514050064086916,66.9506639261472,65.14653565546315,1.8041282706840462,2.465981556338297,-0.6618532856542507,46.43923585015542,67.49625091552734,71.10421101224905,63.888290818805636,0.10690845929315776,-0.01977527632695464,-0.019973423734554765,0.45908918504587426,5702355.0,0.9054680040088701,1
2025-07-23,65.63999938964844,66.08000183105469,64.04199981689453,66.0,4010100,67.4952507019043,60.527700424194336,56.647000064849856,66.74902322822432,65.18308852466207,1.5659347035622488,2.2859721857830873,-0.7200374822208384,43.903518620806686,67.4952507019043,71.10536462417421,63.88513677963439,0.1069738651157587,0.0032095229022341965,0.0032043833776159705,0.4145815162521477,5536310.0,0.7243272143359024,1
2025-07-24,65.81999969482422,66.88999938964844,65.33000183105469,65.62000274658203,3080700,67.4737506866455,60.769300384521486,56.78360006332397,66.60609653077815,65.23026712985927,1.3758294009188745,2.103943628810245,-0.7281142278913704,42.252864531721634,67.4737506866455,71.12003079942087,63.82747057387013,0.10807995926324128,0.0027422350220827063,0.0027384819552531098,0.4134400176299324,5469445.0,0.5632564181557727,1
2025-07-25,67.08999633789062,67.50499725341797,65.6760025024414,65.83499908447266,3058800,67.48325042724609,61.03230033874512,56.92225004196167,66.68054265494929,65.36802484897271,1.312517805976583,1.9456584642435126,-0.6331406582669297,40.13343811332021,67.48325042724609,71.12422276811674,63.84227808637545,0.10790743829970038,0.019294996185882374,0.01911120811109623,0.41777256644776717,5377490.0,0.5688155626509765,1
2025-07-28,67.51000213623047,68.4000015258789,67.0999984741211,68.0,2310700,67.45575065612793,61.25150039672852,57.066800060272215,66.80815180591563,65.52668983321402,1.2814619727016066,1.8128191659351314,-0.5313571932335248,49.38547124100882,67.45575065612793,71.08667577212404,63.824825540131826,0.10765353822850861,0.006260334196838135,0.0062408197071800245,0.4136717544988823,4869015.0,0.4745723724408325,1
2025-07-29,67.95999908447266,69.5999984741211,66.33999633789062,68.06999969482422,3905400,67.39675064086914,61.57570037841797,57.200850048065185,66.98535907953979,65.70693496293688,1.2784241166029062,1.7059401560686864,-0.4275160394657802,46.73721055610724,67.39675064086914,70.94995925268012,63.84354202905818,0.10544154066847006,0.0066656337431914015,0.006643516635219706,0.41024189324300697,4825490.0,0.809327135689847,0
2025-07-30,67.43000030517578,69.41999816894531,66.52999877929688,67.95999908447266,4896900,67.41325073242187,61.872900390625,57.32175004959107,67.05376542194533,65.83456943273237,1.2191959892129631,1.608591322697542,-0.3893953334845788,46.7234839737798,67.41325073242187,70.96372091527336,63.86278054957038,0.10533448971164705,-0.007798687263637194,-0.007829256059862597,0.39693401901552505,4794025.0,1.0214590036555922,1
2025-07-31,68.55999755859375,69.5250015258789,67.2030029296875,67.87000274658203,4453700,67.42275047302246,62.20990036010742,57.45450004577637,67.28549344296816,66.036452997611,1.249040445357167,1.536681147229467,-0.28764070187229995,63.407815871493646,67.42275047302246,70.98499642132867,63.86050452471625,0.10566895961123857,0.016758078723176695,0.016619211407440854,0.3956745554838263,4808380.0,0.9262371110436363,0
2025-08-01,66.41000366210938,67.302001953125,62.619998931884766,65.44999694824219,4964700,67.28375053405762,62.54330039978027,57.55115005493164,67.15080270745142,66.06412341720346,1.0866792902479574,1.4466807758331652,-0.36000148558520784,57.46836213190557,67.28375053405762,70.77182461748981,63.79567645062543,0.10368251043516376,-0.03135930532446296,-0.03186153598318203,0.40859579076770763,4941745.0,1.0046451202965754,1
2025-08-04,74.79000091552734,75.16000366210938,67.6050033569336,68.0,9889600,67.46175041198731,63.09430038452148,57.67880006790161,68.32606397023233,66.71048471337559,1.6155792568567335,1.4804604720378791,0.13511878481885442,69.56522790756817,67.46175041198731,72.00230088107492,62.921199942899705,0.13461110751970032,0.12618576707290896,0.11883649574831738,0.6040233835941915,5145165.0,1.9221152285689576,1
2025-08-05,74.86000061035156,75.12999725341797,71.36000061035156,75.05000305175781,6531600,67.8182502746582,63.61210037231445,57.81380006790161,69.33128499178913,67.31415255759603,2.017132434193101,1.5877948644689237,0.42933756972417747,68.13657093803258,67.8182502746582,73.43868566675542,62.197814882560984,0.1657499380870172,0.0009359499126531112,0.0009355121846399852,0.57187950733411,5138435.0,1.2711263254278784,1
2025-08-06,77.27999877929688,77.73999786376953,74.30000305175781,75.0,6297600,68.22875022888184,64.17170036315918,57.96035005569458,70.55416403602109,68.05236338883313,2.501800647187963,1.7705960210127318,0.7312046261752312,68.37647803917598,68.22875022888184,75.25706514844005,61.20043530932363,0.20602209174228905,0.032326985696159216,0.03181546347889136,0.5777064347804457,5251565.0,1.1991853856897896,1
2025-08-07,78.95999908447266,79.69000244140625,76.69000244140625,78.37000274658203,5277600,68.7495002746582,64.72730033874512,58.135500049591066,71.84736942809056,68.86033640332495,2.9870330247656085,2.0138834217633073,0.9731496030023012,72.4955370059998,68.7495002746582,77.26293025233466,60.236070296981744,0.24766521774456,0.021739134727132736,0.021506209421987107,0.5777735755075402,5312700.0,0.993393189903439,0
2025-08-08,72.33000183105469,79.375,71.25,79.375,9328600,69.13000030517578,65.1603003692627,58.2744500541687,71.92162056700812,69.11734865723085,2.8042719097772704,2.1719611193660997,0.6323107904111707,60.39494367490342,69.13000030517578,77.5650194232754,60.694981187076166,0.24403353336794606,-0.08396653153864775,-0.08770237735392583,0.6255082283105843,5376830.0,1.7349627940626726,1
2025-08-11,72.97000122070312,74.18499755859375,69.80000305175781,71.29000091552734,4722600,69.57600021362305,65.57870040893555,58.42105005264282,72.08290989834582,69.40273032859916,2.680179569746656,2.273604809442211,0.4065747603044447,64.41132732605566,69.57600021362305,77.82120637813455,61.330794049111546,0.23701293949625699,0.008848325362182718,0.008809408329888403,0.6224363828585059,5232075.0,0.9026246756783877,1
2025-08-12,76.88500213623047,77.4800033569336,74.33999633789062,74.96499633789062,5041200,70.11275024414063,66.07840042114258,58.585525054931644,72.82169331955885,69.95697268472,2.8647206348388465,2.3918279745215383,0.47289266031730826,68.82640096483222,70.11275024414063,78.80446798962086,61.42103249866039,0.24793543871021118,0.053652197478880836,0.0522624122460412,0.6380001216181321,5212035.0,0.9672229752870041,1
2025-08-13,77.70999908447266,78.77999877929688,76.86000061035156,78.65499877929688,4084300,70.63775024414062,66.57460037231445,58.76502504348755,73.57374036031482,70.53127093655353,3.0424694237612897,2.521956264369489,0.5205131593918009,69.48542687129095,70.63775024414062,79.84441857279384,61.43108191548739,0.260672750670366,0.010730271513557321,0.010673110687412998,0.6374263174624406,5169230.0,0.7901176771008448,0
2025-08-14,77.0199966430664,77.5199966430664,74.91999816894531,76.19000244140625,5222000,71.01525001525879,67.01580032348633,58.939975032806394,74.1039336345843,71.01191728518411,3.0920163494001827,2.6359682813756278,0.4560480680245549,66.58871578082291,71.01525001525879,80.63039522763515,61.400104802882424,0.2707909979986099,-0.00887919765198042,-0.008918852638275793,0.6326299940365718,5054540.0,1.0331306112920267,1
2025-08-15,78.72000122070312,78.88999938964844,76.0999984741211,76.93000030517578,4580400,71.50625,67.5036003112793,59.13007503509522,74.81409787860258,71.58288646559292,3.2312114130096603,2.7550169077024345,0.47619450530722585,67.9589953443802,71.50625,81.65472282446504,61.35777717553495,0.2838485537827825,0.02207224943822106,0.02183218344935467,0.6328005112130045,5073015.0,0.9028950239650385,0
2025-08-18,78.23999786376953,80.15799713134766,77.87999725341797,78.6449966430664,4134100,72.08074989318848,67.95420028686523,59.31067502975464,75.34115941478211,72.07600582842082,3.2651535863612935,2.8570442434342063,0.4081093429270872,66.45326823435632,72.08074989318848,82.395073830644,61.76642595573297,0.2861880308609331,-0.006097603525028306,-0.006116269827894932,0.6185902276326434,5047695.0,0.8190074875760124,0
2025-08-19,73.86000061035156,77.22000122070312,73.3499984741211,76.7699966430664,5990800,72.50224990844727,68.25300033569336,59.465625038146975,75.1132888294851,72.20815359004531,2.9051352394397867,2.8666624426353224,0.03847279680446425,59.16215784307011,72.50224990844727,82.35068114485779,62.653818672036756,0.27167243082377973,-0.055981561515944356,-0.057609580734957276,0.6530677672706141,5089070.0,1.1771895454375751,0
2025-08-20,72.9800033569336,74.97000122070312,70.73999786376953,73.54000091552734,4958000,72.86925010681152,68.48580039978027,59.60432504653931,74.78509106447717,72.26532764685186,2.519763417625313,2.797282637633321,-0.27751922000800766,56.343293959308866,72.86925010681152,82.17294572680152,63.56555448682152,0.2553531319823566,-0.011914395425751456,-0.011985940681750728,0.6563892385303185,5136465.0,0.9652552874399027,1
2025-08-21,74.48999786376953,74.95999908447266,71.77999877929688,72.43000030517578,3330800,73.3027500152588,68.75560035705567,59.75752504348755,74.73969211052216,72.4301180332902,2.3095740772319573,2.6997409255530482,-0.39016684832109094,61.812860709297446,73.3027500152588,82.01246052356717,64.59303950695042,0.23763666455884266,0.02069052394326154,0.020479382503806286,0.6582568315544151,5148970.0,0.646886658885175,1
2025-08-22,79.48999786376953,80.41000366210938,74.1500015258789,74.29000091552734,8391500,73.92275009155273,69.07540031433105,59.93887502670288,75.47050838025253,72.9530720948072,2.517436285445328,2.6632799975315047,-0.14584371208617686,57.62491589592929,73.92275009155273,82.53517987523054,65.31032030787492,0.2330116174793656,0.06712310569728053,0.0649663412007164,0.6911680436270599,5415605.0,1.5495037027257343,0
2025-08-25,77.38999938964844,79.75,76.33999633789062,78.93000030517578,5661400,74.41674995422363,69.4022003173828,60.10737503051758,75.76581468939035,73.28173337590655,2.4840813134837987,2.6274402607219636,-0.1433589472381649,53.850836353738316,74.41674995422363,82.60331161625288,66.23018829219438,0.22001932809656674,-0.026418398925108555,-0.02677363531514729,0.70277309944419,5583140.0,1.0140172017896738,1
2025-08-26,77.94999694824219,79.5250015258789,77.75,78.32499694824219,19333200,74.9162498474121,69.77900024414062,60.26912502288818,76.10184272921371,73.62753067756104,2.4743120516526744,2.596814618908106,-0.1225025672554314,51.08099125536691,74.9162498474121,82.65063256262107,67.18186713220314,0.20648077635925982,0.007236045522810208,0.007209990957918656,0.7027641745596098,6354530.0,3.042428000182547,0
2025-08-27,77.58999633789062,78.94999694824219,76.43000030517578,77.6500015258789,6791300,75.42424964904785,70.11380020141601,60.407075004577635,76.33078943824093,73.92104665240026,2.4097427858406633,2.5594002522946173,-0.14965746645395406,47.69126527904384,75.42424964904785,82.38416379019638,68.46433550789932,0.1845537522357411,-0.0046183531038570536,-0.004629050645944896,0.7019184260102019,6449250.0,1.0530371748652945,1
2025-08-28,79.98999786376953,81.05000305175781,78.0,78.25,13987400,75.99574966430664,70.51560012817383,60.56307498931885,76.89374458062994,74.37059859398317,2.5231459866467674,2.5521493991650477,-0.029003412518280314,65.05502671938068,75.99574966430664,82.44045826819439,69.5510410604189,0.169607080194767,0.030931842236817886,0.030463094446867647,0.7060674278373337,6925935.0,2.0195684770359525,1
2025-08-29,88.45999908447266,100.0,86.76000213623047,92.0,43192900,77.0982494354248,71.05120010375977,60.77297498703003,78.6731683504519,75.41425788957498,3.258910460876919,2.693501611507422,0.5654088493694971,73.27922967644439,77.0982494354248,84.15364900978616,70.04284986106344,0.18302359978408464,0.10588825411807523,0.10064886193605008,0.7682266240873041,8837345.0,4.887542582076404,0
2025-09-02,82.22000122070312,86.22000122070312,81.5999984741211,85.3499984741211,13888600,77.4697494506836,71.45440010070801,60.896149997711184,79.21883494587517,75.9183870252141,3.300447920661071,2.814890873338152,0.48555704732291893,57.494030123628576,77.4697494506836,84.79084708013295,70.14865182123424,0.18900532611403079,-0.07054033380455726,-0.07315186577403825,0.7073390400132463,9037295.0,1.5368094103379386,1
2025-09-03,85.30999755859375,85.47000122070312,82.37999725341797,82.91500091552734,9253000,77.9922492980957,71.9168000793457,61.03474998474121,80.15593688629342,76.61406187953851,3.541875006754907,2.960287700021503,0.5815873067334039,60.03697818690006,77.9922492980957,85.98950296416884,69.99499563202257,0.20507816451110866,0.037582051715082665,0.036893055986025367,0.7159819771791632,9173365.0,1.008681111020874,1
2025-09-04,89.66000366210938,91.33999633789062,85.13400268554688,85.13400268554688,14074300,78.61124954223632,72.39680007934571,61.20895000457764,81.61810100564972,77.58042793750673,4.037673068142993,3.1757647736458012,0.8619082944971921,65.22158964474986,78.61124954223632,88.14520304372081,69.07729604075183,0.24255952060301697,0.05099057822065811,0.04973312726914964,0.7275303316249506,9562200.0,1.4718683984857042,0
2025-09-05,87.3499984741211,93.19999694824219,86.44200134277344,91.04000091552734,9276400,79.03074951171875,72.81880004882812,61.37965000152588,82.49993138541454,78.3040998291078,4.195831556306743,3.37977813017799,0.8160534261287529,60.242105169752676,79.03074951171875,89.33641256057449,68.72508646286302,0.26080134915910425,-0.025764054133811,-0.026101760460194582,0.7355214571531139,9762140.0,0.9502424673278604,0
2025-09-08,85.87999725341797,88.52999877929688,85.76000213623047,87.45500183105469,6400000,79.70824928283692,73.1983999633789,61.528299980163574,83.01994151895353,78.86527741609375,4.154664102859783,3.5347553247143493,0.619908778145434,58.858998440149584,79.70824928283692,89.94043624888268,69.47606231679116,0.25674097870943935,-0.016828863725036447,-0.016972078082549365,0.6613802155828303,9615710.0,0.6655774768581831,1
2025-09-09,88.41999816894531,88.9000015258789,84.52999877929688,86.01000213623047,7362900,80.48074913024902,73.60559997558593,61.66009996414184,83.85071946510611,79.57303450889756,4.277684956208546,3.6833412510131884,0.5943437051953575,67.63565647910825,80.48074913024902,90.90207644682516,70.05942181367288,0.2589768964429095,0.029576164377744574,0.02914722666053992,0.6652177450324516,9747725.0,0.7553454780474418,0
2025-09-10,84.87000274658203,90.13999938964844,83.96099853515625,90.0,7449200,80.8799991607666,73.92020004272462,61.76464998245239,84.00753227764088,79.96540252650382,4.042129751137054,3.7550989510379615,0.28703080009909243,63.52673517093837,80.8799991607666,91.33307665837624,70.42692166315696,0.2584836203282316,-0.040149236551444534,-0.04097746134568384,0.6677843638435449,9868125.0,0.7548749129140541,0
2025-09-11,81.41000366210938,85.68000030517578,81.18000030517578,85.11000061035156,7781300,81.06499938964843,74.20640014648437,61.855750007629396,83.60791249063604,80.07241001803015,3.5355024726058843,3.7111796553515464,-0.17567718274566202,57.53813242733584,81.06499938964843,91.41228422197771,70.71771455731916,0.2552836590448571,-0.040768221662535575,-0.04162254577439219,0.6874532302612429,10052975.0,0.7740295783089085,1
2025-09-12,83.08000183105469,84.05999755859375,79.4000015258789,81.9000015258789,7056500,81.36799964904785,74.50060012817383,61.94245002746582,83.52669546608506,80.29519459677272,3.2315008693123417,3.6152438981437056,-0.3837430288313639,54.21658913908993,81.36799964904785,91.57044461537062,71.16555468272507,0.25077290852245154,0.020513427021531694,0.020305860478150296,0.6885161145099082,10144700.0,0.6955848866896015,1
2025-09-15,89.43000030517578,89.61000061035156,84.11000061035156,84.11000061035156,10280200,81.90349960327148,74.90540008544922,62.05685001373291,84.43489621056057,80.97184687146924,3.4630493390913273,3.5848049863332303,-0.12175564724190302,62.85775415848446,81.90349960327148,92.63148269241914,71.17551651412383,0.26196641513762975,0.0764323343063229,0.07365217872297583,0.7323744691945951,10429690.0,0.9856668798401487,1
2025-09-16,89.95999908447266,90.30500030517578,86.76000213623047,89.09700012207031,7330800,82.48949966430663,75.28,62.15990001678467,85.28491203731627,81.63763592428431,3.647276113031964,3.5972992116729774,0.04997690135898658,62.833940907495176,82.48949966430663,93.64668963291832,71.33230969569495,0.2705117624428853,0.00592640923055221,0.005908917143521785,0.7306783115529986,10589525.0,0.6922690111218397,1
2025-09-17,90.4000015258789,91.16999816894531,87.62999725341797,89.72000122070312,6574900,83.31649971008301,75.7333999633789,62.28055004119873,86.07184888171054,82.28670004292094,3.7851488387895955,3.634869137096301,0.1502797016932944,63.66546238246428,83.31649971008301,94.22977431388031,72.4032251062857,0.261971509647484,0.004891089883105604,0.004879167363256443,0.6908506031549312,10618730.0,0.6191795064004829,0
2025-09-18,89.91000366210938,91.98999786376953,89.33100128173828,91.63999938964844,5087500,84.16299972534179,76.1502000427246,62.38825004577637,86.66233423254113,82.85138919989787,3.810945032643261,3.6700843162056933,0.14086071643756748,61.032035142729576,84.16299972534179,94.29915506659955,74.02684438408403,0.240869630938445,-0.005420330259942041,-0.005435073549806371,0.6883690139749767,10625205.0,0.4788142911125009,1
2025-09-19,92.18000030517578,92.55999755859375,89.2760009765625,89.91999816894531,9494200,85.04749984741211,76.62290008544922,62.499100036621094,87.51120593602339,83.54239742991845,3.968808506104935,3.7298291541855417,0.23897935191939323,54.79876386469436,85.04749984741211,94.7056716064023,75.38932808842192,0.22712417828433268,0.025247431326966385,0.024933979875497163,0.6893772195162975,10933375.0,0.8683686418877977,0
2025-09-22,90.12000274658203,91.08000183105469,87.66999816894531,91.0199966430664,6957000,85.57900009155273,77.1309001159668,62.60775005340576,87.91255929149395,84.02962745337501,3.8829318381189353,3.7604496909722207,0.12248214714671457,61.42279186024218,85.57900009155273,95.11867839764497,76.03932178546049,0.22294437410782222,-0.022347554260944036,-0.022601044562027522,0.6665653694774613,10861650.0,0.6405104196876166,0
2025-09-23,82.7300033569336,89.83999633789062,82.54000091552734,89.7699966430664,7727700,85.84600028991699,77.50450012207031,62.667600059509276,87.11524299386927,83.93335900178676,3.1818839920825184,3.6447365511942804,-0.46285255911176204,46.682105987760394,85.84600028991699,94.69451741994922,76.99748315988475,0.2061486172949058,-0.08200176613874677,-0.08555981226191424,0.7298520742192313,10964965.0,0.70476285150021,0
2025-09-24,81.52999877929688,85.08000183105469,81.41999816894531,84.12000274658203,5427800,86.02500038146972,77.81210006713867,62.71525005340576,86.25597465316582,83.75533231863936,2.500642334526461,3.415917707860717,-0.9152753733342562,38.622997684063165,86.02500038146972,94.3290563690696,77.72094439386984,0.19306145773382924,-0.01450507106181742,-0.014611298076692935,0.732781632303022,10269695.0,0.5285259201952931,0
2025-09-25,77.94000244140625,80.19000244140625,77.55000305175781,78.80999755859375,6659200,86.04250068664551,78.02670013427735,62.76320007324219,84.97659431289512,83.32456714254803,1.6520271703470826,3.0631396003579905,-1.411112430010908,37.28722052256321,86.04250068664551,94.27285741008649,77.81214396320453,0.19130910091548267,-0.04403282707766021,-0.04503170446763989,0.7515127598808008,10263090.0,0.648849420593603,0
2025-09-26,76.02999877929688,78.75,75.20999908447266,78.0,6138900,85.84450073242188,78.15790008544921,62.783950080871584,83.60019500003384,82.78422874527017,0.8159662547636657,2.6137049312391256,-1.79773867647546,36.84913046268369,85.84450073242188,94.84265832644857,76.84634313839518,0.20963853286476755,-0.02450607649833314,-0.024811348049938668,0.7482596099450719,9870665.0,0.6219337805507532,1
2025-09-29,76.55999755859375,77.56999969482422,74.30000305175781,76.91999816894531,7479100,85.24950065612794,78.31110000610352,62.82265007019043,82.51708770135075,82.32317458329415,0.1939131180565994,2.1297465686026205,-1.935833450546021,33.26748744400122,85.24950065612794,95.05683578591102,75.44216552634485,0.2300854563205728,0.006970916583010522,0.006946732071102246,0.6335815494212238,8084975.0,0.9250616111985503,0
2025-09-30,73.08000183105469,76.5999984741211,70.66000366210938,76.5,12011000,84.79250068664551,78.43770004272461,62.85645008087158,81.06522833668981,81.6384951201653,-0.5732667834754892,1.5891438981869987,-2.1624106816624877,33.333326143250176,84.79250068664551,95.95272150632938,73.63227986696164,0.2632360345386432,-0.04545449109864086,-0.046519958690613476,0.6055559021646348,7991095.0,1.503048080394489,1
2025-10-01,74.41999816894531,76.08000183105469,73.4000015258789,75.98999786376953,8902200,84.24800071716308,78.6175,62.87890007019043,80.04288523395988,81.10379164229715,-1.0609064083372743,1.0591338368821441,-2.1200402452194185,39.48870872036754,84.24800071716308,96.32674596976014,72.16925546456602,0.2867425968515919,0.01833601948982455,0.018169941748851694,0.5912129335192305,7973555.0,1.116465616654052,1
2025-10-02,77.43000030517578,78.05999755859375,73.6500015258789,75.46499633789062,6722900,83.63650054931641,78.85330001831055,62.92220008850098,79.64090293722386,80.83165895065854,-1.1907560134346795,0.6091558668187794,-1.7999118802534588,41.83289481026755,83.63650054931641,95.79962962475645,71.47337147387637,0.2908569582790717,0.04044614633552235,0.039649608025803966,0.5787509340034549,7605985.0,0.883896037133915,0
2025-10-03,74.83000183105469,78.01000213623047,74.37999725341797,77.92500305175781,5874000,83.01050071716308,79.03350006103516,62.94285011291504,78.90076430550552,80.38709175661381,-1.486327451108295,0.19005920323336456,-1.6763866543416595,26.32943609006746,83.01050071716308,95.64837157667202,70.37262985765415,0.30448848640412923,-0.03357869642094391,-0.034155407778150446,0.5828205429969974,7435865.0,0.7899551699768621,1
2025-10-06,75.86000061035156,77.18800354003906,74.45999908447266,76.6500015258789,5298500,82.50950088500977,79.20890014648438,62.95785011291504,78.43295450625106,80.0517516717055,-1.6187971654544384,-0.17171207050419607,-1.4470850949502423,27.504780545280383,82.50950088500977,95.45900263614251,69.55999913387703,0.3138911667682962,0.013764516291504547,0.013670645744721875,0.5861290412129815,7380790.0,0.7178770836184203,1
2025-10-07,76.6500015258789,77.19000244140625,74.1500015258789,76.0,4699900,81.92100105285644,79.39170013427734,62.98665012359619,78.15865404773227,79.79977017942205,-1.6411161316897847,-0.46559288274131383,-1.1755232489484708,28.305450360765292,81.92100105285644,94.80917345736553,69.03282864834735,0.31464880162276054,0.01041393236450272,0.010360080918403208,0.5747414703084649,7247640.0,0.6484731581590697,0
2025-10-08,75.25,77.9000015258789,74.55999755859375,77.19999694824219,4778500,81.44000091552735,79.5375001525879,63.046200122833255,77.71116880961962,79.46275016613153,-1.751581356511906,-0.7227905774954324,-1.0287907790164736,27.51532549206098,81.44000091552735,94.58035350292266,68.29964832813204,0.32270020726117093,-0.01826485972614411,-0.01843372159593385,0.562870569108148,7114105.0,0.6716937689280661,1
2025-10-09,77.45999908447266,79.3499984741211,75.72000122070312,75.9800033569336,8367900,81.24250068664551,79.73810012817383,63.11850011825562,77.67252731344317,79.3143982341568,-1.6418709207136288,-0.9066066461390717,-0.7352642745745571,27.381677538673344,81.24250068664551,94.50294048253453,67.9820608907565,0.3264409559975236,0.029368758597643208,0.02894575863826453,0.5594619134771183,7143435.0,1.171411232831264,0
2025-10-10,71.13999938964844,78.5,71.05000305175781,77.8499984741211,6889100,80.6455005645752,79.78970016479492,63.146000118255614,76.66752301747475,78.70888720863765,-2.0413641911628986,-1.1335581551438372,-0.9078060360190614,24.211948752852976,80.6455005645752,94.61382895864676,66.67717217050364,0.3464130868128648,-0.08159049534627616,-0.08511190432652403,0.619416531418039,7135065.0,0.9655272937247243,1
2025-10-13,73.18000030517578,73.94999694824219,71.62000274658203,72.94000244140625,4902600,79.8330005645752,79.92510009765626,63.187150135040284,76.13098106173643,78.29934003060345,-2.168358968867011,-1.340518317888472,-0.827840650978539,34.8171637862566,79.8330005645752,93.53782548922324,66.12817563992716,0.3433373373849953,0.028675863551162584,0.02827240582054254,0.5538294912456664,6866185.0,0.7140209592371892,0
2025-10-14,72.91999816894531,74.33999633789062,69.76000213623047,71.2249984741211,3554100,78.98100051879882,79.8877000427246,63.222250118255616,75.63698369361472,77.90087026307322,-2.263886569458492,-1.5251919682024762,-0.738694601256016,35.889868632355146,78.98100051879882,92.142915241628,65.81908579596964,0.33329318789007795,-0.0035529124780842025,-0.003559239061265402,0.551370767379367,6677350.0,0.5322620500647712,1
2025-10-15,73.05999755859375,75.05999755859375,72.23999786376953,74.05000305175781,3880000,78.11400032043457,79.85169998168945,63.25330011367798,75.24052428822688,77.54228709977843,-2.301762811551555,-1.680506136872292,-0.6212566746792629,40.98299090337001,78.11400032043457,90.36146537491291,65.86653526595623,0.3135792560677349,0.0019199039106403415,0.001918063250677592,0.5504167408248891,6542605.0,0.5930359543331746,0
2025-10-16,69.06999969482422,73.43000030517578,68.25,73.3499984741211,6830200,77.0720001220703,79.6875,63.27545011520386,74.29121281231878,76.914710254967,-2.6234974426482296,-1.8691043980274795,-0.7543930446207501,38.05765090509413,77.0720001220703,88.61993104131743,65.52406920282318,0.2996660499521735,-0.05461261972489906,-0.05616050926815376,0.5722463163314002,6629740.0,1.0302364798619554,0
2025-10-17,67.9000015258789,69.62000274658203,67.48999786376953,68.37000274658203,5939500,75.85800018310547,79.46630004882813,63.301800117492675,73.30794953748187,76.24695405281233,-2.9390045153304527,-2.083084421488074,-0.8559200938423785,35.460042635467275,75.85800018310547,85.69705059866133,66.01894976754961,0.2594070603444972,-0.016939310469303304,-0.017084421645432918,0.5546960310155258,6452005.0,0.9205665525677676,1
2025-10-20,72.08000183105469,72.52999877929688,68.25,68.80999755859375,4928500,74.9560001373291,79.46130004882812,63.35770011901855,73.11903450572385,75.93829092527471,-2.819256419550868,-2.230318821100633,-0.5889375984502352,48.359579822551474,74.9560001373291,82.27474765607799,67.6372526185802,0.19528116509258764,0.061561122404137913,0.059740581666078034,0.6157101401658196,6350580.0,0.776070847072236,1
2025-10-21,74.48999786376953,75.25,71.55999755859375,72.08999633789062,5331600,74.5439998626709,79.49169998168945,63.41760011672974,73.32995194542318,75.83100995775581,-2.501058012332635,-2.2844666593470335,-0.2165913529856014,50.110934556229125,74.5439998626709,80.88212937986314,68.20587034547866,0.17005069566614878,0.033435016252684635,0.03288822080692914,0.5724382091719892,6230775.0,0.8556880965850957,0
2025-10-22,71.93000030517578,74.30000305175781,69.9000015258789,74.2300033569336,4483800,74.06399993896484,79.39259994506835,63.44475011825561,73.1145747700005,75.54204627978692,-2.4274715097864146,-2.3130676294349097,-0.11440388035150484,41.15755366704135,74.06399993896484,79.57451184044481,68.55348803748487,0.14880405881456882,-0.03436699734205362,-0.03497143138815841,0.5812666797290463,6183575.0,0.7251145170876071,1
2025-10-23,75.54000091552734,77.0,72.0999984741211,72.76000213623047,5571700,73.94399986267089,79.34919998168945,63.4970001411438,73.48771725392771,75.54189477132324,-2.05417751739553,-2.2612896070270336,0.20711208963150352,51.10557340341638,73.94399986267089,79.1976593360454,68.69034038929638,0.14209833071328656,0.050187690741491764,0.04896890128213756,0.5947035880378332,6129200.0,0.9090419630620635,0
2025-10-24,75.38999938964844,78.94999694824219,75.29000091552734,78.17500305175781,4902700,73.91199989318848,79.3166000366211,63.56750013351441,73.78037604403859,75.53064326156955,-1.7502672175309613,-2.1590851291278192,0.408817911596858,49.24751635446324,73.91199989318848,79.11975722515842,68.70424256121854,0.14091777626084437,-0.0019857231143887155,-0.0019876972763912247,0.5881789124124577,6067390.0,0.8080410192850632,1
2025-10-27,76.44999694824219,77.3499984741211,75.44000244140625,76.8499984741211,4153500,73.9064998626709,79.27119995117188,63.65640012741089,74.1910869523776,75.59874353465642,-1.4076565822788183,-2.0087994197580192,0.6011428374792009,49.68253233955804,73.9064998626709,79.10270152086655,68.71029820447525,0.1406155525657676,0.014060187918495837,0.013962260329032585,0.5897915458252307,5901110.0,0.7038506314913635,0
2025-10-28,75.91999816894531,77.19000244140625,74.2699966430664,76.875,3596000,74.04849967956542,79.2247999572754,63.75945011138916,74.45707329338802,75.62254017423338,-1.1654668808453579,-1.8401329119754872,0.6746660311301294,51.09369636942323,74.04849967956542,79.30447828879369,68.79252107033716,0.14196043490341548,-0.006932620019013069,-0.006956762273261351,0.5652434958275497,5480360.0,0.6561612740768855,0
2025-10-29,72.66000366210938,76.25,72.45999908447266,75.4000015258789,3885300,73.96049995422364,79.20080001831055,63.849300136566164,74.18060104242207,75.40309302518715,-1.222491982765078,-1.7166047261334054,0.49411274336832745,42.42424607313578,73.96049995422364,79.24912247805196,68.67187743039531,0.1430120815057121,-0.04293986545654871,-0.04388905298978059,0.5840356610925522,5229515.0,0.7429560867499185,0
2025-10-30,68.9000015258789,72.08999633789062,68.37000274658203,71.93000030517578,5692100,73.53400001525878,79.11919998168945,63.91705015182495,73.36820111680004,74.9213825437569,-1.5531814269568684,-1.6839200662980982,0.13073863934122976,46.15384816921963,73.53400001525878,79.01676586831083,68.05123416220674,0.14912192596388973,-0.051747893569006664,-0.05313487702778337,0.5898677473531594,5177975.0,1.0992907458997,1
2025-10-31,71.87999725341797,72.1500015258789,69.5,70.0,5679900,73.38649978637696,79.06699996948242,63.985400142669675,73.13924667627973,74.69609474447255,-1.5568480681928207,-1.6585056666770428,0.10165759848422207,47.83765166793485,73.38649978637696,78.88117481103487,67.89182476171905,0.14974620783529746,0.04325102556666516,0.04234182353880465,0.6036506460830566,5168270.0,1.098994441079897,1
2025-11-03,72.08000183105469,73.79000091552734,71.30000305175781,71.83000183105469,4609000,73.1974998474121,78.91880004882813,64.05580015182495,72.97628593086048,74.50231008421936,-1.5260241533588754,-1.6320093640134095,0.10598521065453403,48.60000539144154,73.1974998474121,78.59308704571508,67.80191264910913,0.14742545058371245,0.002782478927087162,0.0027786149984711226,0.6012661117164015,5133795.0,0.8977764012781967,0
2025-11-04,71.41000366210938,72.86000061035156,69.16999816894531,69.63999938964844,4926800,72.93549995422363,78.79920013427734,64.12290016174316,72.7353194279757,74.27325034924826,-1.5379309212725616,-1.61319367546524,0.07526275419267847,47.29774846524888,72.93549995422363,78.13035999814912,67.74063991029814,0.14245079685985365,-0.009295201885755944,-0.009338671859289478,0.5999970351957994,5145140.0,0.9575638369412689,1
2025-11-05,71.5199966430664,72.94000244140625,68.51000213623047,70.11000061035156,5195100,72.74899978637696,78.67060012817383,64.19670015335083,72.5483466918358,74.06930563027183,-1.5209589384360243,-1.594746728059397,0.07378778962337273,54.59662084827483,72.74899978637696,77.86115876114611,67.6368408116078,0.14054238518139645,0.0015403021329825073,0.001539117084384591,0.5973609015586688,5165970.0,1.0056388248479957,0
2025-11-06,65.95999908447266,71.55000305175781,65.70500183105469,71.13999938964844,10654800,72.17399978637695,78.43800018310547,64.24430015563965,71.53475475224147,73.46861625650894,-1.933861504267469,-1.6625696833010115,-0.27129182096645743,46.874993855186915,72.17399978637695,77.63046520707479,66.71753436567911,0.1512030769209984,-0.07774046168293225,-0.0809286001169071,0.6423917820806851,5280315.0,2.0178341633027577,1
2025-11-07,73.62000274658203,73.91000366210938,68.22000122070312,69.91000366210938,16362600,72.29799995422363,78.31060028076172,64.3286001777649,71.85556213598618,73.47983007058843,-1.6242679346022584,-1.654909333561261,0.03064139895900264,52.23059349074383,72.29799995422363,77.76822688346243,66.82777302498482,0.15132443311578045,0.11613104560992293,0.10986828144706752,0.7177466859329792,5753990.0,2.8436962872719627,1
2025-11-10,76.08999633789062,78.19999694824219,75.22000122070312,75.79000091552734,6495200,72.44349975585938,78.06320022583007,64.43040016174317,72.50701355166379,73.67317572001824,-1.1661621683544467,-1.5571599005198982,0.3909977321654514,52.31347520015038,72.44349975585938,78.16168820163479,66.72531131008397,0.1578661567993314,0.03355057727735922,0.03300003680134798,0.7202931955378917,5833620.0,1.113408141085638,0
2025-11-11,75.13999938964844,77.94999694824219,73.80000305175781,77.04000091552734,4756700,72.55449981689453,77.92160018920899,64.53025016784667,72.91208829596911,73.78182932517603,-0.8697410292069208,-1.4196761262573028,0.549935097050382,54.868063685238326,72.55449981689453,78.39648244715036,66.7125171866387,0.1610370864660142,-0.012485175370801183,-0.012563770036810328,0.7220527390628129,5893750.0,0.8070752916224815,1
2025-11-12,78.94999694824219,79.37999725341797,75.67500305175781,75.87999725341797,6233300,72.84899978637695,77.79440017700195,64.63680015563965,73.84099731939574,74.16465655651426,-0.3236592371185196,-1.2004727484295463,0.8768135113110267,55.14018476627054,72.84899978637695,79.35444472763412,66.34355484511978,0.1786008033146314,0.050705317933747995,0.049461670024375286,0.7420500019483067,6011415.0,1.0369106108961035,0
2025-11-13,73.18000030517578,78.5999984741211,70.12999725341797,78.19000244140625,7741300,73.05449981689453,77.46480010986328,64.70795015335084,73.73930547105421,74.09171905641512,-0.3524135853609067,-1.0308609158158184,0.6784473304549117,47.15132666795036,73.05449981689453,79.31226098285299,66.79673865093608,0.1713176103222403,-0.07308419083092665,-0.07589253828607172,0.7642652423227712,6056970.0,1.278081284866856,0
2025-11-14,70.51000213623047,73.9489974975586,69.55999755859375,70.04499816894531,6152600,73.18499984741212,77.12800018310547,64.75000017166138,73.24248957338902,73.82640669195699,-0.5839171185679675,-0.9414721563662483,0.3575550377982808,42.64851599671785,73.18499984741212,79.08902150982892,67.2809781849953,0.1613451301421457,-0.03648535334532477,-0.03716758973347546,0.7744441651833117,6067625.0,1.0140046558579345,0
2025-11-17,68.16999816894531,70.38999938964844,66.20999908447266,69.5999984741211,5807100,72.98949966430663,76.77380020141601,64.78550016403199,72.46210628039768,73.4074134680302,-0.9453071876325225,-0.9422391626195031,-0.003068025013019393,40.81970579187231,72.98949966430663,79.29301256612074,66.68598676249253,0.17272382824393162,-0.033186837276846126,-0.03375001551322366,0.7521379055020561,6111555.0,0.9501837093832911,0
2025-11-18,65.69000244140625,67.45999908447266,65.2300033569336,66.62999725341797,5000800,72.54949989318848,76.31920028686524,64.81455017089844,71.42024415132208,72.83575339198397,-1.4155092406618905,-1.0368931782279807,-0.3786160624339099,41.58821503744721,72.54949989318848,79.59666393166539,65.50233585471157,0.19427188468155246,-0.03637957744098663,-0.037057814444618815,0.7496674268418317,6095015.0,0.8204737806223611,0
2025-11-19,65.3499984741211,66.5999984741211,63.060001373291016,65.80999755859375,4762900,72.22049980163574,75.92880020141601,64.84365016937255,70.48636020098347,72.28125302769783,-1.79489282671436,-1.1884931079252565,-0.6063997187891035,45.330169705446195,72.22049980163574,79.96892842900044,64.47207117427104,0.21457698710606837,-0.005175886050368672,-0.005189327349052499,0.7417340004692984,6108970.0,0.7796567997551141,0
2025-11-20,62.540000915527344,68.64900207519531,62.45000076293945,67.6500015258789,6111500,71.57049980163575,75.55140014648437,64.8423501777649,69.26384338783637,71.55967879716668,-2.2958354093303086,-1.409961568206267,-0.8858738411240417,37.658561035791635,71.57049980163575,80.26924944508639,62.87175015818511,0.2430819867839411,-0.04299919853412881,-0.043951050052134115,0.7254156567817459,6135960.0,0.9960136637135836,1
2025-11-21,64.37999725341797,65.12000274658203,60.290000915527344,63.0,5428700,71.01999969482422,75.17740005493164,64.85550016403198,68.5124824440797,71.02785053466678,-2.5153680905870885,-1.631042872682431,-0.8843252179046575,40.24821444410798,71.01999969482422,80.08674527121681,61.95325411843162,0.25532936117580296,0.029421111463939775,0.028996616539859202,0.7375754435988912,6162260.0,0.8809592584538789,1
2025-11-24,66.88999938964844,67.29000091552734,64.27999877929688,65.0,5744600,70.54199981689453,74.7266000366211,64.8138501548767,68.26286966647488,70.7213430424432,-2.4584733759683104,-1.796528973339607,-0.6619444026287034,44.53048546758318,70.54199981689453,79.4092104099316,61.67478922385746,0.2514023026297423,0.03898729797005718,0.03824648679698815,0.7521125881785928,6241815.0,0.9203412789388984,1
2025-11-25,68.83000183105469,69.12999725341797,66.06999969482422,66.5,6118700,70.1875,74.30400009155274,64.76925016403199,68.35012076871793,70.58124369345146,-2.2311229247335262,-1.883447763618391,-0.3476751611151352,46.882971415841034,70.1875,78.70960662128144,61.66539337871856,0.24283830087355834,0.029002877247842784,0.02859025300722856,0.7620224011898963,6367950.0,0.9608586750838182,0
2025-11-26,68.80000305175781,70.12000274658203,68.79000091552734,69.41999816894531,3232600,69.99449996948242,73.87200012207032,64.72315019607544,68.41933342764715,70.44929994221489,-2.0299665145677466,-1.9127515138082622,-0.11721500075948432,53.77459451336433,69.99449996948242,78.4554545528422,61.53354538612264,0.24176055510215097,-0.0004358387113007067,-0.0004359337165975011,0.7478771923983661,6335315.0,0.5102508715036269,1
2025-11-28,70.94999694824219,71.23999786376953,69.00199890136719,69.3499984741211,2148700,70.09699974060058,73.49279998779296,64.6996001625061,68.80866627696946,70.48638860932802,-1.677722332358556,-1.865745677518321,0.18802334515976504,45.842404779221425,70.09699974060058,78.55179280993173,61.642206671269435,0.24123123958568177,0.03124990989995946,0.030771571297013592,0.7320458487254509,6158145.0,0.3489200075672138,0
2025-12-01,69.06500244140625,72.13999938964844,68.81999969482422,70.30000305175781,4402900,69.95625,73.03050003051757,64.64852518081665,68.84810260995974,70.38110074503751,-1.5329981350777757,-1.799196169030212,0.26619803395243635,38.85805129763927,69.95625,78.37973191876665,61.53276808123334,0.24082142535560883,-0.02656792935750285,-0.02692723509193405,0.7223433109648989,6094295.0,0.7224625653992791,0
2025-12-02,67.0199966430664,71.86000061035156,66.61000061035156,69.5,7184000,69.70324974060058,72.56849990844727,64.58017515182495,68.56685553813,70.13213007081742,-1.5652745326874253,-1.7524118417616548,0.18713730907422943,37.55363908459392,69.70324974060058,78.16203596161698,61.24446351958419,0.242708517967114,-0.02960987078911348,-0.03005709328069326,0.7291985528044534,6223045.0,1.1544187773027512,1
2025-12-03,69.63999938964844,70.69999694824219,66.61000061035156,66.83999633789062,5126000,69.61474952697753,72.30669982910156,64.52347513198852,68.73195459220976,70.09567594628639,-1.363721354076631,-1.6746737442246502,0.3109523901480191,35.18931000934073,69.61474952697753,78.03529959631015,61.19419945764491,0.2419185625617869,0.03909285105661198,0.03834807391497782,0.7434336214829576,6233005.0,0.8223962599099471,0
2025-12-04,68.69000244140625,69.3550033569336,66.66000366210938,69.19999694824219,5115500,69.47324981689454,72.04989990234375,64.48502515792846,68.72550041516307,69.99155198296194,-1.2660515677988684,-1.592949308939494,0.32689774114062553,41.56332384795682,69.47324981689454,77.85401286120262,61.092486772586454,0.24126589921722777,-0.013641541593456652,-0.013735442367434167,0.744907650076548,6229025.0,0.8212360682450304,0
2025-12-05,67.98999786376953,68.61000061035156,67.30000305175781,68.44999694824219,3435200,69.57474975585937,71.85089981079102,64.45192514419556,68.61234617648714,69.84328871487361,-1.230942538386472,-1.5205479548288898,0.2896054164424178,44.88635483992824,69.57474975585937,77.82450521786045,61.32499429385829,0.23714797368153842,-0.010190778173779114,-0.010243059649578756,0.68908814155969,5868045.0,0.5854079169467855,1
2025-12-08,68.11000061035156,68.5,66.7229995727539,68.375,4186500,69.29924964904785,71.69249984741211,64.44972513198853,68.53506224323552,69.71489700342754,-1.1798347601920227,-1.4524053159015167,0.27257055570949396,49.866196334759614,69.29924964904785,77.3457084548846,61.252790843211095,0.23222354777537793,0.001765005888402671,0.0017634500958959066,0.5427734246235552,5259240.0,0.796027562917836,1
2025-12-09,68.41999816894531,69.94000244140625,67.08799743652344,67.44999694824219,3303600,68.91574974060059,71.52969985961914,64.4592751121521,68.51736007796009,69.61897857124367,-1.1016184932835813,-1.3822479513779298,0.28062945809434847,56.74073019145448,68.91574974060059,76.30362773120521,61.52787174999596,0.21440318122962182,0.004551424986283692,0.00454109857298898,0.5261502044197759,5099660.0,0.6478078930752246,1
2025-12-10,70.86000061035156,71.12000274658203,67.98999786376953,68.0,4164700,68.70174980163574,71.48529983520508,64.49377511978149,68.87776631371263,69.7109061296961,-0.833139815983472,-1.2724263242990383,0.43928650831556637,62.32662754453979,68.70174980163574,75.55942209342693,61.844077509844546,0.19963602998734442,0.0356621237460617,0.035040955263332986,0.544236647898995,5070060.0,0.8214301211425505,0
2025-12-11,69.02999877929688,70.36000061035156,65.5999984741211,70.05500030517578,6395000,68.20574989318848,71.37749984741211,64.51622510910035,68.90118669303328,69.66046854818505,-0.7592818551517695,-1.1697974304695846,0.41051557531781513,65.18483160889522,68.20574989318848,73.09488475632973,63.31661503004723,0.14336430200672906,-0.025825597167541514,-0.02616493301908813,0.5121058388590422,5078145.0,1.259318117147108,0
2025-12-12,67.25,69.19999694824219,66.4800033569336,68.31999969482422,3926700,67.90924987792968,71.1738998413086,64.54392511367797,68.64715797102816,69.48191532239356,-0.834757351365397,-1.1027894146487471,0.26803206328335016,56.733932538411004,67.90924987792968,72.21235363265387,63.60614612320549,0.1267310053478499,-0.025785872964997347,-0.026124156549774413,0.45443874322426037,4887415.0,0.8034308525058748,0
2025-12-15,65.66000366210938,68.29000091552734,65.30599975585938,67.7699966430664,4784500,67.66674995422363,70.9904998779297,64.55147512435913,68.18759576965604,69.1988107549651,-1.0112149853090528,-1.0844745287808082,0.07325954347175534,46.98382598244828,67.66674995422363,71.89879328573507,63.43470662271219,0.12508487061590526,-0.023643068221421926,-0.023927050634678034,0.4443731205653325,4819010.0,0.9928387780892756,1
2025-12-16,73.38999938964844,73.9800033569336,64.9000015258789,65.0,11011700,67.9277500152588,70.94109985351562,64.60912511825562,68.98796555734718,69.50926917234905,-0.5213036150018695,-0.9718403460250206,0.45053673102315106,58.70893589441708,67.9277500152588,72.87405774625776,62.98144228425983,0.14563437563846482,0.11772761645457885,0.11129771039315144,0.6036000608326024,5079240.0,2.167981824052417,0
2025-12-17,72.04000091552734,75.7300033569336,71.73999786376953,73.36000061035156,6827600,68.24524993896485,70.8488998413086,64.68427513122559,69.45750945860567,69.69673078295486,-0.23922132434918808,-0.8253165416898541,0.586095217340666,55.890906841182876,68.24524993896485,73.39766950421304,63.09283037371665,0.15099716302178576,-0.01839485604780522,-0.01856614522406953,0.590739215155715,5170580.0,1.3204708175871953,1
2025-12-18,76.37000274658203,78.31999969482422,73.68000030517578,74.5999984741211,7668700,68.79625015258789,70.87129989624023,64.7728751373291,70.52096996444818,70.19104722470502,0.3299227397431679,-0.5942686854032497,0.9241914251464176,59.13073743701187,68.79625015258789,74.9119311616114,62.68056914356438,0.1777911149360359,0.06010552159947857,0.05836845184808824,0.6201605301997908,5315870.0,1.4426048793518276,0
2025-12-19,76.22000122070312,78.5,76.12999725341797,77.16000366210938,8519900,69.48025016784668,70.84649993896484,64.89077514648437,71.39774400387202,70.63763640959377,0.7601075942782529,-0.32339342946694916,1.083501023745202,62.801926827723435,69.48025016784668,75.70873629729147,63.25176403840189,0.179287959222897,-0.0019641419468930943,-0.0019660734032041667,0.5913822284586137,5436290.0,1.5672269139431487,1
2025-12-22,78.56999969482422,78.9800033569336,76.47000122070312,76.94000244140625,3633500,70.18975028991699,70.99509994506836,65.02377513885499,72.50116795632621,71.22521887516639,1.2759490811598226,-0.003524927341594819,1.2794740085014173,70.44248327744745,70.18975028991699,77.16058948526197,63.21891109457201,0.1986284084656835,0.030831782163272647,0.030366031842367667,0.5919993428104589,5346530.0,0.6795996655774867,0
2025-12-23,75.63999938964844,78.22000122070312,74.68699645996094,77.47000122070312,3707400,70.62725028991699,71.04429992675782,65.16997512817383,72.98406509991425,71.55223965401692,1.4318254458973314,0.28354514730619046,1.148280298591141,60.50420257860734,70.62725028991699,77.82086704968171,63.433633530152264,0.20370655038206154,-0.037291591148737036,-0.03800470758251141,0.6053345319093402,5244670.0,0.7068890893039982,1
2025-12-24,75.98999786376953,76.44100189208984,74.03500366210938,75.31500244140625,1572500,70.98525009155273,71.1056999206543,65.31607511520386,73.44651629435351,71.88096248436896,1.56555380998455,0.5399468798418624,1.0256069301426876,63.054355617660356,70.98525009155273,78.50741750413437,63.463082678971084,0.21193606848972085,0.0046271612499377834,0.004616488848605883,0.5996505647922914,5017360.0,0.31341183411196327,0
2025-12-26,75.80999755859375,76.19999694824219,74.9000015258789,75.47000122070312,2071800,71.33574981689453,71.1606999206543,65.45107509613037,73.81012879654432,72.17200211949672,1.6381266770475946,0.7595828392830088,0.8785438377645858,64.24927327500998,71.33574981689453,79.07920402525035,63.59229560853872,0.21709883833090157,-0.002368736810579697,-0.0023715467057637,0.599948348327569,4959320.0,0.4177588862989281,0
2025-12-29,75.51000213623047,76.30000305175781,74.4800033569336,74.94000244140625,2070900,71.56375007629394,71.28949996948242,65.59412509918212,74.07164777188065,72.41926137999552,1.6523863918851305,0.9381435498034333,0.7142428420816972,63.39609862087997,71.56375007629394,79.52485340368153,63.602646748906345,0.22248983092418384,-0.003957201319409243,-0.003965051757904881,0.5928940795700975,4955430.0,0.4179052070153347,1
2025-12-30,75.8499984741211,76.48999786376953,75.19999694824219,75.38999938964844,1986200,71.90299987792969,71.44849990844726,65.72297508239745,74.34524018760995,72.67339005363445,1.6718501339754965,1.0848848666378461,0.5869652673376504,63.43581192663968,71.90299987792969,79.9929861042688,63.81301365159058,0.22502499868082118,0.004502666246482434,0.00449255957145228,0.5819746343878657,4834595.0,0.41083069005780215,0
2025-12-31,74.43000030517578,76.2249984741211,74.2300033569336,75.87999725341797,2527500,72.27350006103515,71.49549987792969,65.85532508850098,74.358280205697,72.8035093315264,1.5547708741706003,1.178862068144397,0.37590880602620325,56.702970538140555,72.27350006103515,80.09619335521303,64.45080676685727,0.21647473244194892,-0.018721136420718487,-0.018898595205491225,0.5745453027756316,4601770.0,0.5492451817452849,0
2026-01-02,74.02999877929688,75.45800018310547,72.86000061035156,75.0,4112000,72.49300003051758,71.48629989624024,66.00697507858277,74.30777537086621,72.89436040173162,1.4134149691345925,1.2257726483424363,0.18764232079215626,59.920642129062806,72.49300003051758,80.25064992572884,64.73535013530632,0.21402479941361233,-0.005374197557958205,-0.005388690506287492,0.5619695961431717,4551070.0,0.9035237867138937,1
2026-01-05,80.80000305175781,81.41000366210938,74.01000213623047,74.16999816894531,7656500,73.09850006103515,71.66369995117188,66.17242509841918,75.30657962946492,73.47996356099281,1.8266160684721058,1.3459413323683702,0.48067473610373557,72.44122027908585,73.09850006103515,81.47228470877778,64.72471541329253,0.22910961622333575,0.09144947162087802,0.0875066033306254,0.6378214746133753,4678120.0,1.636661735911007,1
2026-01-06,82.3499984741211,82.5,78.62699890136719,81.62999725341797,3600600,73.81650009155274,71.79989990234375,66.3444250869751,76.3901825286428,74.13700318418749,2.2531793444553045,1.5273889347857572,0.7257904096695473,77.67827929366197,73.81650009155274,82.78726226786229,64.84573791524319,0.24305574404593389,0.019183110938379544,0.019001434798128918,0.6346842758269012,4686390.0,0.7683099357927957,1
2026-01-07,83.05000305175781,83.9000015258789,81.55500030517578,82.37999725341797,3707700,74.56350021362304,71.95309997558594,66.51017509460449,77.41477030142973,74.79722539660011,2.6175449048296144,1.7454201287945286,0.8721247760350859,70.89101579205803,74.56350021362304,84.00905036118772,65.11795006605837,0.25335586769675106,0.008500359327349605,0.008464434710875659,0.6339252230307627,4662450.0,0.7952256860663385,0
2026-01-08,81.61000061035156,82.86000061035156,79.87999725341797,82.33000183105469,3259800,75.22300033569336,72.05630004882812,66.65552509307861,78.06019034895616,75.30187541243356,2.758314936522595,1.9479990903401418,0.8103158461824531,70.61611389986328,75.22300033569336,84.70427524220665,65.74172542918006,0.25208446523541345,-0.01733898119797561,-0.017491061845299905,0.6414545262997664,4660260.0,0.6994888697197152,1
2026-01-09,81.80000305175781,82.98999786376953,79.83000183105469,82.25,2649600,75.77000045776367,72.17390014648437,66.80987510681152,78.63554614938718,75.78321820053165,2.8523279488555318,2.12886486204322,0.7234630868123118,64.23702252771807,75.77000045776367,85.45162973837395,66.08837117715339,0.25555310075541293,0.00232817595864776,0.0023254699562198873,0.6343628737337385,4584505.0,0.5779468012359023,0
2026-01-12,76.38999938964844,84.6500015258789,75.25,84.13999938964844,11495200,76.13800048828125,72.24850006103516,66.95022510528564,78.29007741711969,75.82816495528105,2.4619124618386365,2.1954743820023035,0.26643807983633305,50.3493591371792,76.13800048828125,85.28572999495628,66.99027098160622,0.2402934000895651,-0.06613696161705851,-0.06842549135292571,0.6774851203499198,4839515.0,2.375279341008345,0
2026-01-13,75.97000122070312,76.43000030517578,72.30000305175781,76.0,6560200,76.57400054931641,72.38990005493164,67.09317510604859,77.93314261767098,75.83867134531232,2.0944712723586605,2.175273760073575,-0.0808024877149145,44.19643237274494,76.57400054931641,84.71375726188926,68.43424383674356,0.2125984447509844,-0.005498077919898869,-0.005513247979971679,0.6686647785863725,4971190.0,1.3196437875035958,0
2026-01-14,72.61000061035156,75.59500122070312,70.33000183105469,75.5,8159800,76.92150039672852,72.40450012207032,67.22522510528565,77.11419769346799,75.59951055013003,1.5146871433379516,2.0431564367264503,-0.5284692933884987,43.36399794945418,76.92150039672852,83.55311735359783,70.28988343985921,0.17242557471360379,-0.04422799205426242,-0.04523587978531224,0.6849415891115621,5139955.0,1.5875236261796066,0
2026-01-15,71.80999755859375,74.12000274658203,71.55999755859375,73.66999816894531,4516000,76.84250030517578,72.39910003662109,67.35832509994506,76.29816690348733,75.31880588409031,0.9793610193970181,1.830397353260564,-0.8510363338635458,41.02233858575054,76.84250030517578,83.68552630648726,69.99947430386429,0.1781052405669983,-0.011017808084741398,-0.011078953673955642,0.5441365473099594,4815170.0,0.9378692756434353,1
2026-01-16,74.76000213623047,75.9000015258789,72.05000305175781,72.26000213623047,5618200,76.97850036621094,72.46610000610352,67.50457511901855,76.06152617006319,75.27741301387846,0.7841131561847305,1.6211405138453974,-0.8370273576606668,47.98465452622065,76.97850036621094,83.52117245776375,70.43582827465812,0.16998699793909383,0.04108069458197172,0.04025930303778497,0.559001944823909,4754700.0,1.1816097755904684,0
2026-01-20,71.0999984741211,73.27999877929688,70.80999755859375,71.0,4708200,76.71500015258789,72.45770004272461,67.62132511138915,75.29821421684133,74.96797489982237,0.3302393170189646,1.3629602744801108,-1.0327209574611462,42.50254875052856,76.71500015258789,83.76562937205098,69.6643709331248,0.18381357506196253,-0.048956708902174406,-0.05019569581370343,0.5436125332624514,4606675.0,1.0220386721442254,1
2026-01-21,71.76000213623047,74.13999938964844,70.0,70.54000091552734,6073900,76.49200019836425,72.57370010375976,67.78557512283325,74.75387389674735,74.73034728770445,0.0235266090429036,1.0950735413926693,-1.0715469323497657,43.12143840007145,76.49200019836425,83.88248370454708,69.10151669218142,0.19323546219257773,0.00928275212761931,0.009239932171468656,0.5453646968129309,4484375.0,1.3544585365853659,1
2026-01-22,72.83499908447266,74.22000122070312,70.9000015258789,72.80999755859375,4591700,76.20525016784669,72.55800003051758,67.97100011825562,74.45866238716663,74.5899511245021,-0.13128873733546698,0.849801085647042,-0.981089822982509,47.2860305217063,76.20525016784669,83.70054671830444,68.70995361738893,0.19671339006036742,0.01498044755073158,0.01486934881139094,0.5353430472609094,4532285.0,1.0131092815213518,0
2026-01-23,71.43000030517578,72.97000122070312,70.67500305175781,72.6449966430664,3851200,75.99475021362305,72.46480010986328,68.14030012130738,73.99271437455265,74.35588069344088,-0.3631663188882328,0.6072076047399871,-0.97037392362822,45.72228271116198,75.99475021362305,83.78745641873044,68.20204400851566,0.2050853824297576,-0.01929015990880134,-0.019478642891772573,0.5238500606801303,4539475.0,0.8483800439478133,0
2026-01-26,68.70999908447266,71.33999633789062,68.55000305175781,71.0,4509600,75.6307502746582,72.33620010375977,68.30160011291504,73.17998894530957,73.93766724092471,-0.7576782956151362,0.33423042466896247,-1.0919087202840987,27.050123115860984,75.6307502746582,84.07708164661544,67.18441890270095,0.2233570694799091,-0.038079255342044815,-0.038823217720785924,0.5380500588738683,4686330.0,0.962288187131508,1
2026-01-27,68.79000091552734,71.1500015258789,68.0,71.02999877929688,4967700,75.27975044250488,72.13300018310547,68.42405012130737,72.50460617149693,73.55635862422861,-1.0517524527316766,0.05703384918883467,-1.1087863019205113,22.738271850354806,75.27975044250488,84.26121843147835,66.2982824535314,0.23861577479147195,0.0011643404471062269,0.001163663128469851,0.5383802491088251,4831125.0,1.0282698129317704,0
2026-01-28,65.36000061035156,69.36499786376953,64.8499984741211,69.0,6933000,74.77225036621094,71.97660018920898,68.5471501159668,71.40543608516687,72.94922099357105,-1.5437849084041773,-0.26312990232976774,-1.2806550060744095,17.9529189322173,74.77225036621094,84.7866025797179,64.75789815270399,0.26786280109157634,-0.049861902304489725,-0.05114793895688904,0.5621204648094716,5074230.0,1.3663156774525396,0
2026-01-29,62.79999923706055,65.33999633789062,61.369998931884766,65.25,7745200,74.11975040435792,71.82240013122559,68.65870010375977,70.08152272391973,72.19742678938509,-2.115904065465358,-0.6336847349568858,-1.4822193305084723,17.25280626438729,74.11975040435792,85.45226135228108,62.78723945643475,0.30578923663663243,-0.039167707303931265,-0.03995539856461614,0.5719664377283077,5362180.0,1.4444125337083051,0
2026-01-30,60.29999923706055,62.63999938964844,59.689998626708984,62.63999938964844,5553300,73.41325035095215,71.6650001525879,68.75630010604858,68.57667295671062,71.31613585958327,-2.7394629028726456,-1.0548403685400378,-1.6846225343326078,15.356120778433834,73.41325035095215,86.31717869319787,60.509322008706434,0.3515422156234323,-0.039808917681079525,-0.040622970244691414,0.5816414713776386,5513470.0,1.0072241256413836,1
2026-02-02,61.9900016784668,62.698001861572266,59.0,59.31999969482422,5655900,72.81125049591064,71.5910001373291,68.85830011367798,67.56333891390388,70.62531110542649,-3.0619721915226137,-1.456266733136553,-1.6057054583860606,23.636051004329147,72.81125049591064,86.68125711180694,58.94124388001434,0.38098526042140407,0.028026574838952323,0.027641017709495758,0.5969252319582694,5590665.0,1.0116685582126634,0
2026-02-03,61.65999984741211,64.62000274658203,59.650001525878906,64.33000183105469,8511500,71.85425033569337,71.51720016479493,68.96280012130737,66.65513290367437,69.96121397520321,-3.306081071528837,-1.8262296008150098,-1.479851470713827,23.714197824559093,71.85425033569337,86.04100757236161,57.667493099025116,0.3948759376206593,-0.005323468658161357,-0.005337688806901404,0.46754047726427406,5633415.0,1.5108952562522022,1
2026-02-04,62.15999984741211,62.209999084472656,58.95000076293945,61.150001525878906,8229000,70.84475040435791,71.50960014343262,69.06310012817383,65.96357397194171,69.3833462620335,-3.4197722900917853,-2.144938138670365,-1.27483415142142,28.55091888560193,70.84475040435791,84.75756422967105,56.93193657904477,0.39276908298507635,0.008108984775175632,0.008076283621293258,0.45900214440121306,5864835.0,1.4031085273498742,0
2026-02-05,59.41999816894531,61.88999938964844,58.119998931884766,59.5,12968500,69.66325016021729,71.41040016174317,69.15695011138916,64.95687000224996,68.6453204773603,-3.6884504751103435,-2.453640605958361,-1.2348098691519827,26.444884480023774,69.66325016021729,83.2207554459508,56.10574487448378,0.38922976618382976,-0.044079821190361024,-0.045080864385631615,0.4634075116451904,6327875.0,2.0494241747822137,0
2026-02-06,57.029998779296875,61.099998474121094,55.33000183105469,60.67499923706055,19096200,68.43425006866455,71.21320014953614,69.22300010681153,63.73735135256487,67.78492627750376,-4.0475749249388855,-2.772427469754466,-1.2751474551844195,15.559451596792329,68.43425006866455,81.88782427664131,54.98067586068779,0.39318248375566067,-0.04022213839275279,-0.041053415455131644,0.4712126174058908,7119695.0,2.682165457930431,1
2026-02-09,57.95000076293945,58.869998931884766,55.54999923706055,57.029998779296875,7830600,67.24174995422364,70.99560012817383,69.27855010986327,62.84698972339173,67.05641327642492,-4.20942355303319,-3.0598266864102106,-1.1495968666229794,21.413062677932743,67.24174995422364,79.91230122662407,54.57119868182321,0.37686560153553994,0.016131895552074837,0.01600315918737006,0.48129206689566767,7378745.0,1.0612373784430822,1
2026-02-10,59.650001525878906,62.13999938964844,57.5,57.7400016784668,9328800,66.40475006103516,70.81260009765624,69.33580011367798,62.35514538531284,66.50779018379188,-4.152644798479045,-3.278390308823978,-0.8742544896550672,24.812819663265813,66.40475006103516,78.7379438710542,54.071556251016126,0.37145516845355564,0.02933564694664592,0.02891359117322101,0.4702663993793029,7270425.0,1.2831161864677787,0
2026-02-11,56.540000915527344,60.255001068115234,55.0099983215332,60.255001068115234,8204600,65.43325004577636,70.52440017700195,69.37305011749268,61.460507774576605,65.7694354231797,-4.308927648603095,-3.4844977767798015,-0.8244298718232939,18.753613537041247,65.43325004577636,77.6544949711805,53.21200512037223,0.3735484609691338,-0.052137477465148074,-0.053545805666455455,0.49058523245349145,7352645.0,1.1158705472656438,0
2026-02-12,49.7599983215332,57.099998474121094,49.599998474121094,56.900001525878906,13681200,64.29074993133545,70.13830009460449,69.37600011825562,59.66042939718531,64.58355119342811,-4.923121796242796,-3.772222580672401,-1.1508992155703952,15.548504063287297,64.29074993133545,77.88249178529584,50.69900807737507,0.4228210704798682,-0.1199151482880888,-0.1277369537583266,0.6108474122721388,7628715.0,1.7933819784852363,1
2026-02-13,49.810001373291016,51.08000183105469,48.54999923706055,50.130001068115234,10261000,63.19075012207031,69.79410018920899,69.37305011749268,58.144978931970805,63.48921416971425,-5.344235237743447,-4.086625112086611,-1.2576101256568366,17.164722051494664,63.19075012207031,77.74696690775248,48.634533336388145,0.4607072002646853,0.0010048845145593788,0.0010043799561026078,0.6141486587786295,7915965.0,1.2962412036940538,1
2026-02-17,51.599998474121094,52.275001525878906,49.16999816894531,49.72999954223633,7389200,62.03274993896484,69.43330017089843,69.38225011825561,57.138058861532386,62.60853152559624,-5.4704726640638555,-4.36339462248206,-1.1070780415817953,21.8104377779229,62.03274993896484,76.39736301486685,47.668136863062834,0.463129978601162,0.03593649972854451,0.03530584826043972,0.6078929171246044,8004515.0,0.9231290090655087,1
2026-02-18,51.70000076293945,52.89500045776367,51.0,51.95000076293945,6630900,61.062750053405765,69.0935001373291,69.39200012207031,56.30143453867194,61.80049220984389,-5.499057671171947,-4.590527232220038,-0.9085304389519093,24.85273886262813,61.062750053405765,75.46931091897527,46.65618918783627,0.471860859622911,0.001938028910378975,0.0019361533552127088,0.599914083032161,8100650.0,0.818563942399684,1
2026-02-19,51.81999969482422,51.95000076293945,49.279998779296875,49.45500183105469,6456100,60.065749931335446,68.7701001739502,69.3894001197815,55.61198302423383,61.061196467990584,-5.449213443756754,-4.762264474527381,-0.6869489692293733,27.791274440013694,60.065749931335446,74.1106012304891,46.0208986321818,0.46764924487612697,0.0023210624780258815,0.002318372973380679,0.596661609437931,8119760.0,0.7951097076760889,0
2026-02-20,51.09000015258789,52.88999938964844,50.25,50.59000015258789,4811000,58.97849998474121,68.42970016479492,69.38440011978149,54.91629335167291,60.322589333516305,-5.406295981843392,-4.891070775990584,-0.5152252058528086,29.93465319018226,58.97849998474121,72.20401670373853,45.75298326574389,0.44848603211065036,-0.01408721625888465,-0.01418738291545783,0.5858241597665799,8130725.0,0.5917061516654419,0
2026-02-23,47.130001068115234,50.619998931884766,46.7599983215332,49.90999984741211,7174300,57.76350002288818,68.00390022277833,69.36505012512207,53.71840223112557,59.34536057311623,-5.626958341990658,-5.038248289190599,-0.5887100528000593,20.5392636880577,57.76350002288818,70.63260179911518,44.89439824666118,0.4455790168922503,-0.07751025783216925,-0.0806790227305455,0.6241710674417719,8296880.0,0.8646985372814842,1
2026-02-24,47.869998931884766,48.499000549316406,46.566001892089844,47.130001068115234,4930600,56.72150001525879,67.54410018920899,69.34670011520386,52.81864787739622,58.49533378487686,-5.676685907480646,-5.165935812848608,-0.510750094632038,23.09793544991689,56.72150001525879,69.22838821687877,44.21461181363881,0.4409928580258093,0.015701206174386417,0.015579217492776163,0.6324333307903618,8317930.0,0.5927676717644895,1
2026-02-25,47.97999954223633,48.58000183105469,47.275001525878906,48.16999816894531,8680500,55.68099994659424,67.12310020446778,69.31530012130737,52.074240441217775,57.71642013727386,-5.642179696056083,-5.261184589490104,-0.3809951065659787,21.909672703882222,55.68099994659424,67.3979962205582,43.964003672630284,0.4208615608628499,0.002297902920534556,0.0022952667792439283,0.6328806934502491,8503570.0,1.020806555364394,1
2026-02-26,50.41999816894531,50.84000015258789,48.2599983215332,48.43000030517578,7164900,54.93399982452392,66.78650016784668,69.33535011291504,51.81974163009894,57.175944435916186,-5.356202805817247,-5.280188232755533,-0.07601457306171433,31.956697836849656,54.93399982452392,65.9359413776495,43.93205827139835,0.4005512647274605,0.05085449458083202,0.049603637572903994,0.6638749333544575,8515165.0,0.8414282048556898,0
2026-02-27,46.97999954223633,48.970001220703125,45.86000061035156,48.560001373291016,9316400,54.14299983978272,66.41290008544922,69.30155010223389,51.075165924273925,56.42068925860657,-5.345523334332647,-5.293255253070956,-0.05226808126169136,30.665643347404696,54.14299983978272,65.03801525652749,43.24798442303795,0.40245333465026906,-0.06822686933034738,-0.07066591595676633,0.6872325862789455,8593725.0,1.0840933355442488,0
2026-03-02,46.66999816894531,47.470001220703125,45.150001525878906,45.599998474121094,5475800,53.461499786376955,65.87850006103515,69.26520009994506,50.39744780806952,55.69841584455759,-5.300968036488065,-5.294797809754377,-0.006170226733687834,27.77777360268682,53.461499786376955,64.43975322201459,42.483246350739314,0.4106975479365475,-0.0065985818712559485,-0.006620448759328003,0.6804362433240647,8589850.0,0.6374732969725897,1
2026-03-03,47.83000183105469,48.61000061035156,43.724998474121094,45.279998779296875,6807900,52.753499794006345,65.3943000793457,69.22160011291504,50.00245611929801,55.11557036207589,-5.113114242777883,-5.258461096359079,0.1453468535811968,26.207733882829842,52.753499794006345,63.23087265952405,42.27612692848864,0.3972200102905062,0.024855446917100066,0.024551575247121808,0.6780620735014741,8647450.0,0.7872725485547762,1
2026-03-04,50.720001220703125,51.58000183105469,48.36000061035156,48.7400016784668,7244200,52.206499862670896,64.88130004882812,69.21645011901856,50.112847673360335,54.78997264790013,-4.677124974539794,-5.1421938719952225,0.4650688974554287,38.18034312438856,52.206499862670896,61.83385201570866,42.57914770963313,0.36881814250572226,0.0604223140081932,0.05866723822169942,0.725149656104396,8584085.0,0.8439105623954096,1
2026-03-05,52.5,52.86000061035156,50.68000030517578,51.20000076293945,6170900,51.723499870300294,64.40690002441406,69.21610012054444,50.48010187745875,54.62034504435197,-4.140243166893221,-4.941803730974823,0.8015605640816021,56.98267540171467,51.723499870300294,60.14160405186073,43.30539568873986,0.32550404371975317,0.035094612311844964,0.03449283540111732,0.7396251261282547,8481180.0,0.7275992255794594,0
2026-03-06,51.70000076293945,52.400001525878906,49.823001861572266,51.349998474121094,5597800,51.3375,63.86950004577637,69.21605012893677,50.667778629071165,54.40402324572882,-3.7362446166576575,-4.70069190811139,0.9644472914537321,54.639174871607416,51.3375,58.93792683987919,43.73707316012081,0.29609649242285624,-0.015238080705915147,-0.015355373326145307,0.7276135141053539,8112645.0,0.690009238663839,0
2026-03-09,50.810001373291016,51.380001068115234,49.185001373291016,50.43000030517578,6594400,51.026500129699706,63.37290008544922,69.22140012741089,50.68965905125883,54.13779940332603,-3.448140352067199,-4.450181596902551,1.0020412448353522,47.97124497667783,51.026500129699706,58.13957353112849,43.91342672827092,0.2787991880042213,-0.017214688133746048,-0.017364583637825278,0.7177363856335568,7487555.0,0.8807147326463712,0
2026-03-10,49.77000045776367,51.5,49.20000076293945,51.20000076293945,5075200,50.617500114440915,62.848500137329104,69.23405012130738,50.548173113798036,53.814258740691784,-3.266085626893748,-4.213362402900791,0.9472767760070431,45.27192386004824,50.617500114440915,56.95250599944648,44.28249422943535,0.25030891966939395,-0.020468429195399263,-0.02068081056556237,0.7153663156671228,7349785.0,0.6905236003502143,1
2026-03-11,50.790000915527344,51.38999938964844,49.220001220703125,49.83000183105469,3939700,50.17450008392334,62.34810020446778,69.24315011978149,50.58537739098716,53.59023964253146,-3.0048622515442958,-3.971662372629492,0.9668001210851962,47.58329681534501,50.17450008392334,54.87941615034821,45.46958401749847,0.1875421203422173,0.020494282667915087,0.02028710077084857,0.7101480433309596,7080330.0,0.5564288670160854,0
2026-03-12,46.380001068115234,51.209999084472656,46.11000061035156,50.189998626708984,6609500,49.666500091552734,61.765500183105466,69.22855012893677,49.93839641823764,53.056147896278404,-3.1177514780407662,-3.800880193711747,0.6831287156709807,40.5762315184084,49.666500091552734,53.609901222058106,45.72309896104736,0.1587952089733041,-0.08682811120139,-0.09083114798185685,0.7489912263154826,7000575.0,0.9441367316256165,1
2026-03-13,46.880001068115234,48.380001068115234,46.290000915527344,47.27000045776367,4490800,49.52250022888184,61.18610023498535,69.20705013275146,49.467874056680344,52.59865553863669,-3.1307814819563475,-3.6668604513606673,0.5360789694043198,49.41941473717036,49.52250022888184,53.65722035410032,45.38778010366336,0.16698349663723494,0.010780508591745841,0.010722813195748119,0.62517695256697,6541055.0,0.6865559149097508,1
2026-03-16,47.689998626708984,48.349998474121094,47.08000183105469,47.57500076293945,4506500,49.416500091552734,60.651300201416014,69.19210012435913,49.19435475976167,52.23505132293834,-3.0406965631766667,-3.541627673723867,0.5009311105472003,49.58333259747347,49.416500091552734,53.628169583574206,45.20483059953126,0.1704560008992387,0.017278104525143778,0.017130535461142564,0.6289487565996464,6253330.0,0.7206560344648372,0
2026-03-17,47.560001373291016,48.90999984741211,46.0,48.0,5628100,49.21450023651123,60.1219002532959,69.16965013504029,48.942915777227725,51.888751326668164,-2.9458355494404387,-3.4224692488671815,0.47663369942674283,49.02868116604841,49.21450023651123,53.37241223902579,45.05658823399666,0.16897101393015446,-0.002725880837940786,-0.002729602816430685,0.6132775942408203,6165275.0,0.9128708776169757,0
2026-03-18,44.41999816894531,49.5099983215332,43.83000183105469,47.13999938964844,12867700,48.85050010681152,59.39430015563965,69.13225011825561,48.24708229903043,51.33551035202203,-3.0884280529915955,-3.3556610096920645,0.267232956700469,36.55913960117271,48.85050010681152,53.3526333641791,44.34836684944395,0.18432291368660175,-0.06602193258364963,-0.06830232345261861,0.651753748483205,6477115.0,1.986640657144423,1
2026-03-19,44.43000030517578,45.459999084472656,42.78099822998047,43.209999084472656,5751000,48.481000137329104,58.63590019226074,69.0899001121521,47.65983891536048,50.823991089292676,-3.1641521739321945,-3.317359242540091,0.15320706860789635,43.25040019984244,48.481000137329104,53.166273920551276,43.79572635410693,0.1932828848394418,0.0002251719190178303,0.0002251465716262157,0.651409610272048,6441860.0,0.8927545770941933,0
2026-03-20,43.810001373291016,45.45000076293945,43.2400016784668,44.040000915527344,5383000,48.11700019836426,57.85110015869141,69.03415012359619,47.06755621658056,50.304436295514776,-3.236880078934213,-3.3012634098189153,0.06438333088470216,42.55209197393687,48.11700019836426,53.07221932412621,43.16178107260231,0.20596542200610432,-0.013954511087692745,-0.014052790644178508,0.6513902142082408,6470460.0,0.8319346692507179,1
2026-03-23,46.15999984741211,46.630001068115234,45.029998779296875,45.560001373291016,5351700,48.0685001373291,57.142100143432614,68.99330011367798,46.92793215978541,49.997441003062725,-3.069508843277312,-3.2549124965105944,0.18540365323328256,45.90484956825064,48.0685001373291,53.08302791060656,43.053972364051646,0.20864090865956803,0.05364068478559281,0.052251485721887835,0.6286295395531609,6379330.0,0.8389125503775475,0
2026-03-24,44.790000915527344,45.61000061035156,43.61000061035156,45.470001220703125,4315100,47.91450023651123,56.401900100708005,68.93870012283325,46.59901966066879,49.61170470028233,-3.012685039613544,-3.2064670051311843,0.1937819655176405,34.28722353040115,47.91450023651123,53.13945869572392,42.689541777298544,0.21809508325962781,-0.029679353041886403,-0.030128698234564617,0.6339429693628384,6348555.0,0.679697978516371,1
2026-03-25,45.04999923706055,47.20000076293945,44.439998626708984,46.0,3194500,47.76800022125244,55.77510009765625,68.86935012817383,46.36070882626752,49.27380059189553,-2.9130917656280104,-3.1477919572305497,0.2347001916025393,28.53025055862797,47.76800022125244,53.147253495683245,42.38874694682164,0.22522413538415287,0.005804829565053016,0.00578804645930454,0.6344207517637334,6074255.0,0.5259081154808285,0
2026-03-26,43.849998474121094,46.040000915527344,43.68000030517578,44.560001373291016,4686800,47.43950023651123,55.13270004272461,68.7819001197815,45.974445695168065,48.872037472060384,-2.8975917768923196,-3.097751921162904,0.20016014427058426,27.887312743992922,47.43950023651123,52.937961978934005,41.94103849408845,0.23180942948429092,-0.02663708730881109,-0.026998283098456966,0.6072352400166064,5950350.0,0.78765114657121,0
2026-03-27,42.529998779296875,43.849998474121094,42.095001220703125,42.9900016784668,5375200,47.21700019836426,54.531100006103514,68.68955011367798,45.44453078503403,48.40225682815198,-2.957726043117944,-3.0697467455539122,0.11202070243596829,27.227711242049295,47.21700019836426,53.13768784711902,41.2963125496095,0.25078626866938775,-0.030102616664929638,-0.030565003457121202,0.5695358942347807,5753290.0,0.9342828190478839,1
2026-03-30,43.029998779296875,44.20500183105469,42.40999984741211,42.77000045776367,4054100,47.035000228881835,53.95550003051758,68.58720010757446,45.07306432261293,48.00431178749604,-2.931247464883114,-3.042046889419753,0.11079942453663882,30.89568206004084,47.035000228881835,53.243286126688666,40.826714331075,0.2639857921801235,0.011756407579381234,0.011687837918479554,0.5722921013330236,5682205.0,0.7134730267563384,1
2026-03-31,45.81999969482422,46.189998626708984,43.599998474121094,43.91999816894531,5325700,46.93450012207031,53.376699981689455,68.51105010986328,45.18797745679928,47.84251089174257,-2.654533434943289,-2.9645441985244605,0.3100107635811713,37.197315207261326,46.93450012207031,53.15366504855242,40.7153351955882,0.26501464425132465,0.06483850789393242,0.06282315188317601,0.6145376193798506,5608095.0,0.9496451112186937,0
2026-04-01,45.540000915527344,47.349998474121094,45.16999816894531,46.65999984741211,3668600,46.675500106811526,52.86550003051758,68.44320011138916,45.24213491198822,47.671954597208114,-2.429819685219897,-2.8575992958635483,0.42777961064365133,47.25130749540825,46.675500106811526,52.657816998758435,40.69318321486462,0.2563364882328872,-0.0061108420157519605,-0.006129589625631423,0.569452582038879,5429315.0,0.6757021834246125,1
2026-04-02,46.310001373291016,46.36000061035156,43.060001373291016,43.810001373291016,3590100,46.366000175476074,52.35650001525879,68.37050012588502,45.40642205988095,47.571069173214255,-2.1646471133333023,-2.719008859357499,0.5543617460241967,48.16720301407783,46.366000175476074,51.68303405969087,41.04896629126128,0.22935055273657537,0.016908222272369988,0.016766869407568594,0.5560757338938728,5300275.0,0.6773422133757211,1
2026-04-06,48.45000076293945,49.54999923706055,47.04999923706055,47.34000015258789,4415200,46.20350017547607,51.86880004882813,68.31325012207031,45.874664937274574,47.636175216897605,-1.7615102796230317,-2.5275091434106054,0.7659988637875736,52.25119152811645,46.20350017547607,51.008101160704115,41.39889919024803,0.20797562812257378,0.0462103071947364,0.04517440393675114,0.5841137037971327,5241145.0,0.8424113433228808,0
2026-04-07,47.400001525878906,48.349998474121094,46.52000045776367,47.56999969482422,4267200,46.03300018310547,51.38820007324219,68.24185012817382,46.10933210475216,47.61868086941474,-1.509348764662576,-2.323877067661,0.8145283029984238,49.55056220710678,46.03300018310547,50.36841766989316,41.69758269631778,0.18836128297276736,-0.021671810537177816,-0.021910093191151,0.5858055853794891,5124785.0,0.8326593213178699,1
2026-04-08,49.810001373291016,53.380001068115234,49.64500045776367,51.81999969482422,6045100,46.035000228881835,51.010200119018556,68.18060012817382,46.678665838373526,47.78100090673891,-1.1023350683653845,-2.079568667801877,0.9772335994364925,65.78794524086791,46.035000228881835,50.37770735600262,41.69229310176105,0.18866979930614694,0.050843877000643634,0.04959353376321175,0.6114304419336785,5173280.0,1.1685236445736553,0
2026-04-09,49.0099983215332,49.70000076293945,47.5629997253418,49.400001525878906,3054100,45.94600009918213,50.614600067138674,68.11470012664795,47.037332374244244,47.872037752279226,-0.8347053780349825,-1.8305960098484981,0.9958906318135157,62.82194523537605,45.94600009918213,49.93711948631865,41.95488071204561,0.17373087444047458,-0.016061092746461725,-0.016191469981759802,0.6095418340681166,5129000.0,0.5954572041333593,0
2026-04-10,48.529998779296875,49.900001525878906,48.20000076293945,49.45000076293945,3596700,46.05349998474121,50.278000030517575,68.02905010223388,47.26697335963696,47.92077560613238,-0.6538022464954238,-1.5952372571778834,0.9414350106824596,63.31827905461799,46.05349998474121,50.206380510762585,41.90061945871983,0.18035026772763593,-0.009793910603449918,-0.009842186410473543,0.5206562380536668,4978360.0,0.7224668364682345,1
2026-04-13,51.970001220703125,52.08000183105469,47.970001220703125,48.0,5244500,46.307999992370604,50.06140007019043,67.9576501083374,47.99051610749329,48.22071824424874,-0.23020213675544454,-1.3222302330933957,1.0920280963379512,65.44391533522385,46.307999992370604,51.22728442702353,41.38871555771768,0.2124593778812901,0.07088404137512105,0.06848451424541468,0.5738996260493688,5016045.0,1.0455448465873014,1
2026-04-14,55.81999969482422,56.08000183105469,52.51499938964844,52.86000061035156,6820300,46.71450004577637,49.971800079345705,67.90225009918213,49.19505204400574,48.7836279813284,0.4114240626773409,-0.9754993739392485,1.3869234366165895,75.9041763855736,46.71450004577637,53.20676798384778,40.222232107704954,0.27795515018718064,0.07408116959187949,0.07146557013207416,0.6223652595080458,5131735.0,1.3290436860048307,1
2026-04-15,59.619998931884766,59.93000030517578,56.6349983215332,58.400001525878906,7574200,47.31749992370605,49.92440002441406,67.86005010604859,50.79889002675637,49.58632212581406,1.212567900942311,-0.5378859189629366,1.7504538199052475,79.33950588074794,47.31749992370605,56.00839268994156,38.626607157470545,0.36734370075547346,0.06807594514216553,0.06585884769350497,0.6551251772886665,5229040.0,1.4484876765142358,1
2026-04-16,60.279998779296875,61.709999084472656,58.439998626708984,60.439998626708984,4890900,48.110499954223634,49.89680000305176,67.81575010299683,52.257522142531826,50.37844632236834,1.8790758201634858,-0.054493571137652075,1.933569391301138,83.82050161775196,48.110499954223634,58.42991507735621,37.791084831091055,0.4289880642666917,0.0110701083400917,0.011009283173204543,0.5866769832781035,4830200.0,1.0125667674216388,1
2026-04-17,64.5,66.0,62.33000183105469,63.8650016784668,8918000,49.113999938964845,49.943600006103516,67.80275011062622,54.14098027445,51.424487335526244,2.716492938923757,0.4997037308746298,2.216789208049127,90.40088129460067,49.113999938964845,61.60196003527275,36.626039842656944,0.5085295480647877,0.07000665736828915,0.06766487029398181,0.6134449731057303,4988550.0,1.7876938188451554,1
2026-04-20,67.05999755859375,67.1500015258789,64.18000030517578,64.3499984741211,5793700,50.27649974822998,50.09639999389648,67.79620008468628,56.1285213950875,52.58267327797569,3.5458481171118166,1.1089326081220672,2.4369155089897494,91.07692099025107,50.27649974822998,64.84146682782759,35.71153266863237,0.5793946337766036,0.03968988462936052,0.03892248083005846,0.6041199010760436,5009085.0,1.156638388048915,0
2026-04-21,64.5999984741211,68.73999786376953,64.55999755859375,67.56999969482422,6219500,51.19849967956543,50.247799987792966,67.77325006484985,57.43182556109267,53.4728455147272,3.9589800463654754,1.6789420957707488,2.2800379505947266,82.46887961331736,51.19849967956543,66.95234385865815,35.444655500472706,0.6154025714695099,-0.0366835546381169,-0.03737331746364589,0.6264161238710203,5052475.0,1.2309808559171496,1
2026-04-22,66.58000183105469,67.31999969482422,65.41000366210938,66.05999755859375,3034200,52.2879997253418,50.42040000915527,67.75000005722046,58.839237294932985,54.4437459826033,4.395491312329682,2.2222519390825357,2.1732393732471462,84.35662806704997,52.2879997253418,69.15062532800171,35.42537412268189,0.6449902727675889,0.030650207487648684,0.030189872480311575,0.6020633569362709,4988430.0,0.6082474846795485,0
2026-04-23,62.97999954223633,66.02400207519531,61.28099822998047,65.51000213623047,5710800,53.184499740600586,50.48699996948242,67.72625003814697,59.47627764067196,55.07606106109464,4.400216579577318,2.6578448671814923,1.7423717123958258,74.91778159589578,53.184499740600586,70.33098711444984,36.03801236675134,0.6447926541559541,-0.05407032426873892,-0.05558705124396974,0.6567268132745234,5114245.0,1.1166457610067566,1
2026-04-24,63.720001220703125,64.19999694824219,62.349998474121094,63.5,4095900,54.177999877929686,50.63059997558594,67.69950004577636,60.12915819144598,55.716352924769346,4.412805266676635,3.008836947080521,1.403968319596114,73.82214849655136,54.177999877929686,71.34978006997328,37.006219685886094,0.6339023304933338,0.011749788565345032,0.01168129579466611,0.6361729151012496,5084700.0,0.8055342498082483,1
2026-04-27,65.12999725341797,65.44000244140625,63.209999084472656,63.209999084472656,3523400,55.307999801635745,50.937999954223635,67.68242504119873,60.89851804713398,56.41365991207665,4.48485813505733,3.3040411846758833,1.1808169503814465,77.35265924740892,55.307999801635745,72.22491744078135,38.391082162490136,0.6117349280327902,0.022127997578517355,0.0218867261883955,0.608447372803691,4992110.0,0.7057937425257056,0
2026-04-28,63.15999984741211,65.38999938964844,62.86000061035156,64.37000274658203,3309000,56.314499855041504,51.204999923706055,67.67462503433228,61.24643832409984,56.913388796175575,4.333049527924267,3.50984285332556,0.823206674598707,70.87894583106225,56.314499855041504,72.53669864759907,40.09230106248394,0.57612866435163,-0.0302471593594682,-0.030714043415995707,0.6356906273745415,4954855.0,0.6678298355855015,1
2026-04-29,63.47999954223633,63.63999938964844,61.099998474121094,62.584999084472656,3815700,57.19749984741211,51.44259994506836,67.67177501678466,61.59006312689007,57.39980440699489,4.1902587198951835,3.6459260266394846,0.5443326932556989,72.97555128981355,57.19749984741211,72.92963128084156,41.46536841398265,0.5500985698815034,0.0050664929638584155,0.005053701475513309,0.6149989349852918,4879355.0,0.7820090975139132,1
2026-04-30,64.27999877929688,65.12999725341797,61.70000076293945,63.119998931884766,4958600,58.13449974060059,51.69419990539551,67.66242500305175,62.00389938110651,57.909448434572816,4.094450946533691,3.7356310106183264,0.3588199359153643,74.75636782270831,58.13449974060059,73.15960113169639,43.109398349504794,0.5169082544148018,0.012602382527244105,0.012523633431847933,0.6091767409468022,4943855.0,1.002982490384528,1
2026-05-01,67.54000091552734,68.05000305175781,64.5999984741211,64.76000213623047,6423600,59.195999717712404,52.00859992980957,67.66407501220704,62.85560730947894,58.6228226924213,4.232784617057639,3.835061731906189,0.39772288515145027,74.61271110787357,59.195999717712404,73.69419552412577,44.69780391129903,0.48983701180994754,0.05071565336246464,0.04947150663384849,0.6200433454038724,5085530.0,1.26311318584297,0
2026-05-04,67.08000183105469,68.87799835205078,66.69999694824219,67.13999938964844,4067700,60.12749977111817,52.32839996337891,67.65212501525879,63.50551415895213,59.24928040639414,4.256233752557989,3.9192961360365492,0.33693761652143994,69.9362659135971,60.12749977111817,74.10316385734535,46.151835684890976,0.46486762760557365,-0.006810765150092046,-0.006834064261167609,0.6186092859615935,5068155.0,0.8025997626355152,0
2026-05-05,66.80999755859375,68.197998046875,66.19999694824219,67.55999755859375,3470900,61.097999572753906,52.721999893188475,67.64167499542236,64.01389622043546,59.8093335287793,4.204562691656157,3.9763494471604712,0.22821324449568614,64.54876119611973,61.097999572753906,74.007362184033,48.18863696147481,0.42257889625034156,-0.004025108304870906,-0.004033230856731217,0.6069981249610671,5028340.0,0.6902675634503633,0
2026-05-06,65.58000183105469,68.45999908447266,64.25499725341797,67.79000091552734,6018100,61.88649959564209,53.07619995117187,67.63582500457764,64.25483554514611,60.23679044005896,4.018045105087147,3.9846885787458066,0.03335652634134023,60.48260147879885,61.88649959564209,73.77926696480186,49.99373222648232,0.38434125202961816,-0.018410354325493428,-0.018581934057424653,0.6070669692737307,5026990.0,1.197157742505953,0
