Date,JPM,V,MA,PYPL,XYZ,COIN,HOOD,AFRM
2020-10-15,88.48399353027344,191.7586669921875,328.06036376953125,202.05970764160156,188.60000610351562,,,
2020-10-16,88.30133819580078,192.44093322753906,328.8646545410156,203.36273193359375,186.35000610351562,,,
2020-10-19,86.81385040283203,189.27935791015625,321.3746032714844,198.99607849121094,186.9600067138672,,,
2020-10-20,87.3096694946289,189.98086547851562,321.42303466796875,200.885986328125,185.74000549316406,,,
2020-10-21,86.43978881835938,190.68234252929688,323.0702819824219,211.93690490722656,177.82000732421875,,,
2020-10-22,89.49308013916016,190.25955200195312,323.2446594238281,202.8455047607422,175.92999267578125,,,
2020-10-23,90.30205535888672,190.2787628173828,319.3785705566406,201.96022033691406,176.77000427246094,,,
2020-10-26,88.06645965576172,185.53164672851562,308.18701171875,196.1711883544922,169.88999938964844,,,
2020-10-27,86.40499877929688,182.63914489746094,307.2665100097656,199.36412048339844,171.02000427246094,,,
2020-10-28,83.9780502319336,173.80799865722656,282.33526611328125,191.28729248046875,167.1300048828125,,,
2020-10-29,84.52604675292969,177.65179443359375,284.0793762207031,194.0027618408203,169.86000061035156,,,
2020-10-30,85.28285217285156,174.6151885986328,279.6802978515625,185.14016723632812,154.8800048828125,,,
2020-11-02,87.2052993774414,177.52691650390625,280.9690246582031,186.76148986816406,155.22999572753906,,,
2020-11-03,89.95411682128906,180.986328125,286.22076416015625,178.853759765625,158.2100067138672,,,
2020-11-04,87.2052993774414,186.39651489257812,297.6642150878906,193.2567596435547,171.2899932861328,,,
2020-11-05,90.77178192138672,189.92320251464844,306.70458984375,203.47213745117188,175.22999572753906,,,
2020-11-06,89.56265258789062,190.72084045410156,303.90435791015625,201.65188598632812,198.0800018310547,,,
2020-11-09,101.68878173828125,204.3759765625,333.864501953125,183.73765563964844,184.0800018310547,,,
2020-11-10,101.35820770263672,204.98141479492188,324.3880615234375,182.38490295410156,172.0,,,
2020-11-11,99.8446044921875,204.39520263671875,322.0722351074219,191.31712341308594,183.4199981689453,,,
2020-11-12,98.61808013916016,200.4301300048828,318.0994567871094,188.09437561035156,178.50999450683594,,,
2020-11-13,99.23570251464844,202.566650390625,324.63037109375,187.61691284179688,177.19000244140625,,,
2020-11-16,102.03671264648438,204.70318603515625,325.03729248046875,190.9192657470703,179.16000366210938,,,
2020-11-17,101.00153350830078,202.78797912597656,326.0546875,191.27734375,187.89999389648438,,,
2020-11-18,100.25345611572266,200.01625061035156,325.51202392578125,189.1089324951172,185.5399932861328,,,
2020-11-19,100.52311706542969,199.76605224609375,323.5160827636719,189.88478088378906,191.66000366210938,,,
2020-11-20,99.66193389892578,196.21481323242188,312.9737548828125,191.64537048339844,195.97000122070312,,,
2020-11-23,102.53253173828125,200.33387756347656,321.733154296875,199.75205993652344,207.77999877929688,,,
2020-11-24,107.27337646484375,201.79672241210938,331.7618103027344,204.9044952392578,202.89999389648438,,,
2020-11-25,106.15122985839844,202.96121215820312,330.72503662109375,213.3195037841797,212.9199981689453,,,
2020-11-27,105.4466323852539,203.06712341308594,328.544921875,210.2658233642578,212.52000427246094,,,
2020-11-30,102.54122161865234,202.44155883789062,326.06439208984375,212.98130798339844,210.9600067138672,,,
2020-12-01,104.1592025756836,203.2595672607422,328.3608093261719,215.388427734375,203.0,,,
2020-12-02,106.15995025634766,202.27793884277344,329.6592102050781,211.42959594726562,202.0,,,
2020-12-03,105.46403503417969,200.22802734375,324.73687744140625,213.39907836914062,205.52999877929688,,,
2020-12-04,106.42088317871094,204.68392944335938,333.6610412597656,216.61190795898438,208.14999389648438,,,
2020-12-07,106.0207290649414,204.65504455566406,330.3761901855469,216.7710418701172,212.5800018310547,,,
2020-12-08,106.12513732910156,204.7705535888672,330.21148681640625,215.78631591796875,213.00999450683594,,,
2020-12-09,105.29875946044922,201.70050048828125,326.393798828125,209.67897033691406,207.0399932861328,,,
2020-12-10,104.6202392578125,199.80453491210938,321.229248046875,214.19482421875,217.25,,,
2020-12-11,104.00261688232422,198.48605346679688,317.2565612792969,212.92161560058594,216.58999633789062,,,
2020-12-14,102.90657806396484,199.45806884765625,320.8707580566406,219.61582946777344,215.86000061035156,,,
2020-12-15,104.66373443603516,200.5263214111328,323.2931213378906,220.42153930664062,219.99000549316406,,,
2020-12-16,104.96818542480469,200.43975830078125,321.7912902832031,228.97579956054688,227.0800018310547,,,
2020-12-17,104.09831237792969,203.2403106689453,326.4423522949219,234.25755310058594,230.74000549316406,,,
2020-12-18,103.58509826660156,203.365478515625,329.7657775878906,235.1925506591797,235.4499969482422,,,
2020-12-21,107.47345733642578,201.15188598632812,323.9908447265625,236.455810546875,233.5,,,
2020-12-22,105.83805847167969,198.10107421875,321.9268798828125,242.19512939453125,241.5800018310547,,,
2020-12-23,108.79566955566406,197.5813751220703,319.0102844238281,238.16665649414062,230.67999267578125,,,
2020-12-24,108.31722259521484,200.8535919189453,325.5702209472656,237.37091064453125,228.27999877929688,,,
2020-12-28,109.03053283691406,204.6358184814453,333.7773132324219,234.47637939453125,223.33999633789062,,,
2020-12-29,108.74346160888672,206.31036376953125,335.8993225097656,229.80137634277344,214.0,,,
2020-12-30,109.04792785644531,210.150390625,344.51336669921875,230.27882385253906,221.0399932861328,,,
2020-12-31,110.5354232788086,210.50645446777344,345.8602294921875,232.9545135498047,217.63999938964844,,,
2021-01-04,109.49156188964844,209.5729217529297,340.579345703125,230.6866455078125,221.16000366210938,,,
2021-01-05,110.08734893798828,206.4451446533203,336.6357421875,233.66075134277344,229.75,,,
2021-01-06,115.25658416748047,204.62615966796875,336.7616882324219,225.62371826171875,226.88999938964844,,,
2021-01-07,119.04151153564453,205.77145385742188,339.4296875,233.79005432128906,239.47999572753906,,,
2021-01-08,119.17292785644531,207.3498077392578,343.3006896972656,241.1706085205078,241.4499969482422,,,
2021-01-11,120.9515151977539,204.88607788085938,337.8192138671875,236.23696899414062,225.5,,,
2021-01-12,122.85276794433594,201.007568359375,332.69659423828125,236.376220703125,227.52000427246094,,,
2021-01-13,122.96663665771484,201.47914123535156,336.00494384765625,243.59762573242188,230.9199981689453,,,
2021-01-14,123.68505096435547,194.27073669433594,317.1833190917969,240.77272033691406,232.7899932861328,,,
2021-01-15,121.46844482421875,194.01084899902344,313.62274169921875,238.51478576660156,227.75,,,
2021-01-19,120.94274139404297,194.07826232910156,316.22283935546875,245.9351348876953,227.25999450683594,,,
2021-01-20,119.1291275024414,198.2646942138672,324.9254455566406,242.96102905273438,226.64999389648438,,,
2021-01-21,118.13031768798828,197.42739868164062,324.4694519042969,247.31771850585938,219.6199951171875,,,
2021-01-22,117.21915435791016,194.42466735839844,319.181884765625,250.6598663330078,222.8800048828125,,,
2021-01-25,115.75599670410156,193.42385864257812,319.37591552734375,246.43246459960938,216.63999938964844,,,
2021-01-26,115.28286743164062,194.4151153564453,317.9302978515625,239.71835327148438,209.1699981689453,,,
2021-01-27,112.02363586425781,187.63978576660156,306.0843505859375,228.71717834472656,202.4600067138672,,,
2021-01-28,113.99494171142578,190.76759338378906,314.6122741699219,236.52542114257812,219.91000366210938,,,
2021-01-29,112.7332763671875,185.98443603515625,306.86053466796875,233.06393432617188,215.9600067138672,,,
2021-02-01,113.56561279296875,190.90231323242188,311.9733581542969,240.56385803222656,221.94000244140625,,,
2021-02-02,117.06141662597656,194.99253845214844,324.4014587402344,247.77529907226562,227.6300048828125,,,
2021-02-03,118.40190887451172,193.78952026367188,322.89764404296875,250.56039428710938,227.94000244140625,,,
2021-02-04,121.12673950195312,201.38290405273438,330.66888427734375,268.9918518066406,237.72000122070312,,,
2021-02-05,120.89015197753906,200.92095947265625,328.6510009765625,268.00714111328125,240.3800048828125,,,
2021-02-08,122.78265380859375,199.1116180419922,326.9821472167969,280.66943359375,259.9700012207031,,,
2021-02-09,122.29198455810547,198.75555419921875,323.4991760253906,282.6886291503906,258.1199951171875,,,
2021-02-10,122.36214447021484,198.6785125732422,324.2462463378906,281.6740417480469,257.489990234375,,,
2021-02-11,122.02045440673828,203.05462646484375,332.6481018066406,283.51422119140625,265.92999267578125,,,
2021-02-12,123.75517272949219,202.3798828125,330.83380126953125,296.78326416015625,272.75,,,
2021-02-16,126.73406219482422,200.39425659179688,331.03759765625,303.16912841796875,276.0199890136719,,,
2021-02-17,127.1283187866211,200.0183563232422,327.2733154296875,295.6195068359375,270.94000244140625,,,
2021-02-18,127.55760192871094,201.7919158935547,328.3694763183594,289.26348876953125,270.8500061035156,,,
2021-02-19,129.68666076660156,197.33871459960938,323.2372741699219,285.3941955566406,276.57000732421875,,,
2021-02-22,130.90451049804688,200.79910278320312,330.5039367675781,272.3936462402344,268.0799865722656,,,
2021-02-23,131.95584106445312,204.45225524902344,339.97308349609375,263.5907287597656,256.5899963378906,,,
2021-02-24,134.2776336669922,211.50799560546875,356.3692626953125,264.655029296875,237.32000732421875,,,
2021-02-25,132.45521545410156,206.03306579589844,343.99932861328125,252.58953857421875,227.11000061035156,,,
2021-02-26,128.9419403076172,204.72218322753906,343.3006896972656,258.4681396484375,230.02999877929688,,,
2021-03-01,131.85951232910156,208.8091278076172,352.0809326171875,272.1748352050781,241.0,,,
2021-03-02,131.43016052246094,207.9801483154297,352.00335693359375,267.7584533691406,252.1999969482422,,,
2021-03-03,133.9709930419922,207.09335327148438,349.5099182128906,253.70358276367188,234.1999969482422,,,
2021-03-04,131.91204833984375,203.86431884765625,339.08038330078125,237.7986297607422,218.41000366210938,,,
2021-03-05,132.21871948242188,207.6331329345703,350.12115478515625,237.7787322998047,216.44000244140625,,,
2021-03-08,133.9709930419922,212.31764221191406,360.2596740722656,224.8876495361328,201.8699951171875,,,
2021-03-09,133.0247344970703,212.40443420410156,365.29486083984375,240.47430419921875,225.08999633789062,,,
2021-03-10,135.91603088378906,215.1129913330078,370.32049560546875,240.78268432617188,226.72999572753906,,,
2021-03-11,135.20635986328125,217.9853973388672,372.9205017089844,252.48013305664062,241.72000122070312,,,
2021-03-12,136.8096923828125,216.26002502441406,371.3003234863281,249.01864624023438,242.11000061035156,,,
2021-03-15,136.1262969970703,215.20941162109375,370.3786926269531,248.65060424804688,251.22999572753906,,,
2021-03-16,134.49667358398438,216.5877685546875,370.9801940917969,247.98416137695312,243.36000061035156,,,
2021-03-17,135.88096618652344,214.9683837890625,367.3905334472656,250.1326904296875,246.47000122070312,,,
2021-03-18,138.1239013671875,212.69358825683594,356.0587463378906,237.14215087890625,224.3000030517578,,,
2021-03-19,135.92478942871094,199.43040466308594,345.8814392089844,239.9968719482422,224.83999633789062,,,
2021-03-22,132.27127075195312,200.4906463623047,347.7151184082031,243.08535766601562,226.1300048828125,,,
2021-03-23,130.94833374023438,200.63525390625,344.6784362792969,242.47364807128906,223.1999969482422,,,
2021-03-24,131.96463012695312,200.55816650390625,348.9278869628906,233.024169921875,213.50999450683594,,,
2021-03-25,133.65557861328125,200.46176147460938,347.67633056640625,232.99432373046875,208.47000122070312,,,
2021-03-26,135.88096618652344,205.82101440429688,355.22430419921875,239.74819946289062,213.60000610351562,,,
2021-03-29,133.7694549560547,206.765625,352.0906677246094,234.4167022705078,207.17999267578125,,,
2021-03-30,135.3464813232422,204.24986267089844,347.5211181640625,235.28207397460938,212.8300018310547,,,
2021-03-31,133.375244140625,204.0859832763672,345.4350891113281,241.54856872558594,227.0500030517578,,,
2021-04-01,134.6719207763672,209.0308074951172,352.46893310546875,246.2235870361328,229.50999450683594,,,
2021-04-05,135.38577270507812,211.13209533691406,357.3393249511719,249.68508911132812,229.9499969482422,,,
2021-04-06,134.43397521972656,210.7561492919922,358.5520935058594,251.84353637695312,236.5,,,
2021-04-07,136.540283203125,211.35374450683594,360.01702880859375,254.24072265625,245.1199951171875,,,
2021-04-08,136.7077178955078,212.73214721679688,366.91363525390625,263.0933837890625,258.3699951171875,,,
2021-04-09,137.7300262451172,214.48643493652344,369.1865234375,265.351318359375,261.6499938964844,,,
2021-04-12,137.43917846679688,213.47434997558594,368.953369140625,267.59930419921875,265.20001220703125,,,
2021-04-13,135.8000030517578,213.04061889648438,367.2923583984375,273.9652404785156,273.2300109863281,,,
2021-04-14,133.26185607910156,213.96595764160156,367.4769592285156,265.7889709472656,258.3999938964844,,,
2021-04-15,134.10787963867188,218.11073303222656,375.4127502441406,272.5428771972656,263.0799865722656,,,
2021-04-16,135.10374450683594,218.23602294921875,375.1019592285156,268.434814453125,256.1000061035156,,,
2021-04-19,134.53091430664062,217.63839721679688,371.20684814453125,266.4852600097656,245.3300018310547,,,
2021-04-20,131.5520782470703,215.2190399169922,365.8353576660156,263.02374267578125,245.5,,,
2021-04-21,132.6713409423828,219.23843383789062,372.1199951171875,263.4813537597656,245.25,,,
2021-04-22,129.8776092529297,219.35415649414062,372.37249755859375,260.875244140625,245.11000061035156,,,
2021-04-23,132.3629150390625,221.69639587402344,375.9664001464844,264.615234375,246.42999267578125,,,
2021-04-26,132.68894958496094,222.0240936279297,376.36468505859375,270.2749938964844,255.77000427246094,,,
2021-04-27,133.29708862304688,221.60963439941406,377.9187927246094,267.39044189453125,253.7899932861328,,,
2021-04-28,134.16078186035156,225.0218505859375,384.31024169921875,269.6483459472656,254.1999969482422,,,
2021-04-29,136.76942443847656,228.3087158203125,377.80230712890625,266.4255676269531,247.75999450683594,,,
2021-04-30,135.55320739746094,225.1278839111328,371.1097106933594,260.8951416015625,244.82000732421875,,,
2021-05-03,135.15663146972656,224.21217346191406,368.5260009765625,257.712158203125,243.67999267578125,,,
2021-05-04,137.02499389648438,223.65313720703125,365.135986328125,248.82965087890625,231.19000244140625,,,
2021-05-05,138.82284545898438,220.93495178222656,358.56011962890625,246.08432006835938,231.8699951171875,,,
2021-05-06,141.61656188964844,222.96876525878906,364.7184143066406,250.6797637939453,223.9600067138672,,,
2021-05-07,142.10130310058594,223.73985290527344,364.6405944824219,252.01263427734375,233.35000610351562,,,
2021-05-10,142.0836944580078,217.81190490722656,355.8403625488281,242.33438110351562,216.42999267578125,,,
2021-05-11,139.72178649902344,217.33958435058594,357.0738830566406,247.2779541015625,220.64999389648438,,,
2021-05-12,138.76113891601562,212.66465759277344,346.3988952636719,238.6341552734375,206.6699981689453,,,
2021-05-13,142.3304443359375,215.97567749023438,349.701416015625,239.51943969726562,197.1300048828125,,,
2021-05-14,144.54246520996094,219.06460571289062,353.47998046875,244.980224609375,207.85000610351562,,,
2021-05-17,145.1241912841797,218.58197021484375,352.88739013671875,243.06048583984375,202.9199981689453,,,
2021-05-18,143.07957458496094,217.74217224121094,352.66400146484375,241.91661071777344,203.16000366210938,,,
2021-05-19,141.9867401123047,216.79612731933594,350.6339111328125,243.32907104492188,200.11000061035156,,,
2021-05-20,141.73995971679688,218.58197021484375,357.161376953125,250.20230102539062,204.91000366210938,,,
2021-05-21,143.352783203125,218.90054321289062,357.0641784667969,249.35684204101562,200.00999450683594,,,
2021-05-24,144.12826538085938,221.36203002929688,361.70721435546875,255.80238342285156,210.9499969482422,,,
2021-05-25,142.6388702392578,221.07244873046875,356.6950378417969,257.27447509765625,216.1999969482422,,,
2021-05-26,142.6212615966797,219.1901092529297,352.2560729980469,259.98004150390625,222.33999633789062,,,
2021-05-27,144.84214782714844,218.9873809814453,351.6246337890625,258.0901184082031,220.89999389648438,,,
2021-05-28,144.7451934814453,219.41212463378906,350.245361328125,258.63720703125,222.52000427246094,,,
2021-06-01,146.34036254882812,218.765380859375,349.4780578613281,257.89117431640625,221.9499969482422,,,
2021-06-02,146.34918212890625,221.69020080566406,356.33563232421875,260.7757873535156,220.41000366210938,,,
2021-06-03,146.44615173339844,220.19400024414062,351.44989013671875,256.4190673828125,211.42999267578125,,,
2021-06-04,146.68408203125,222.15354919433594,355.52947998046875,261.6411437988281,213.69000244140625,,,
2021-06-07,145.9966583251953,223.29261779785156,353.6451110839844,259.2141418457031,216.9499969482422,,,
2021-06-08,145.4149932861328,223.9972686767578,354.7912902832031,261.75054931640625,214.1199951171875,,,
2021-06-09,143.59945678710938,224.2482452392578,352.91656494140625,262.19818115234375,210.2100067138672,,,
2021-06-10,141.36099243164062,225.83135986328125,353.8587646484375,268.0369567871094,217.13999938964844,,,
2021-06-11,141.26405334472656,226.80630493164062,355.02435302734375,270.0064392089844,219.33999633789062,,,
2021-06-14,138.86692810058594,225.95684814453125,356.0151062011719,273.4679260253906,230.9499969482422,,,
2021-06-15,136.76060485839844,224.89500427246094,357.56927490234375,270.4441223144531,227.75,,,
2021-06-16,137.72120666503906,221.63229370117188,353.39251708984375,267.39044189453125,225.11000061035156,,,
2021-06-17,133.74652099609375,224.0937957763672,356.7630310058594,276.6310119628906,236.1300048828125,,,
2021-06-18,130.36233520507812,222.41419982910156,356.88934326171875,281.87298583984375,237.0500030517578,,,
2021-06-21,132.57440185546875,226.18850708007812,362.3968505859375,281.594482421875,233.88999938964844,,,
2021-06-22,132.3805389404297,227.7426300048828,367.2049865722656,285.2250671386719,235.97000122070312,,,
2021-06-23,133.1824951171875,226.5360107421875,364.38812255859375,286.5877685546875,238.6999969482422,,,
2021-06-24,134.40748596191406,228.04190063476562,364.0092468261719,291.65069580078125,244.14999389648438,,,
2021-06-25,135.7647247314453,229.0844268798828,368.72998046875,288.0599060058594,239.94000244140625,,,
2021-06-28,136.01148986816406,225.96649169921875,357.141845703125,292.0883483886719,246.60000610351562,,,
2021-06-29,135.84402465820312,227.76194763183594,357.45269775390625,291.2030944824219,248.8699951171875,,,
2021-06-30,137.07785034179688,225.70584106445312,354.6261901855469,289.929931640625,243.8000030517578,,,
2021-07-01,138.43507385253906,226.98971557617188,360.0849609375,287.46307373046875,241.85000610351562,,,
2021-07-02,138.3021240234375,230.3489227294922,364.2812194824219,288.6965026855469,241.0800018310547,,,
2021-07-06,135.9798126220703,231.2852783203125,365.3399963378906,291.083740234375,246.6999969482422,,,
2021-07-07,136.13931274414062,231.67138671875,363.2030334472656,295.54986572265625,244.63999938964844,,,
2021-07-08,133.7904510498047,228.3990478515625,360.0035400390625,293.48089599609375,235.89999389648438,,,
2021-07-09,138.0716552734375,230.19448852539062,362.6778869628906,298.61346435546875,241.88999938964844,,,
2021-07-12,140.0482635498047,229.6152801513672,365.2257995605469,301.35882568359375,243.35000610351562,,,
2021-07-13,137.9652862548828,233.93984985351562,373.1514892578125,299.5882568359375,241.42999267578125,,,
2021-07-14,137.49549865722656,237.45352172851562,380.04644775390625,299.1506042480469,239.0,,,
2021-07-15,137.79689025878906,239.9246826171875,379.49212646484375,294.93316650390625,235.16000366210938,,,
2021-07-16,134.6502227783203,239.50961303710938,376.4676208496094,293.06317138671875,237.52000427246094,,,
2021-07-19,130.27149963378906,232.06716918945312,355.39410400390625,293.281982421875,233.69000244140625,,,
2021-07-20,132.7001953125,234.27769470214844,364.0880432128906,296.48486328125,246.47000122070312,,,
2021-07-21,135.49227905273438,235.20440673828125,369.60198974609375,300.1651611328125,257.25,,,
2021-07-22,133.7815704345703,235.66770935058594,371.6441650390625,302.0749816894531,260.5899963378906,,,
2021-07-23,133.52450561523438,240.37841796875,382.43865966796875,306.88922119140625,264.0,,,
2021-07-26,134.4197540283203,241.5657196044922,381.991455078125,305.1684265136719,261.989990234375,,,
2021-07-27,134.2424774169922,242.2220916748047,379.531005859375,298.8820495605469,251.72999572753906,,,
2021-07-28,134.4640655517578,238.37059020996094,372.88897705078125,300.37408447265625,258.6099853515625,,,
2021-07-29,135.61636352539062,239.3165283203125,378.1112365722656,281.66412353515625,255.27999877929688,,,
2021-07-30,134.5349578857422,237.83969116210938,375.3202209472656,274.0647277832031,247.25999450683594,,,
2021-08-02,133.99427795410156,231.4590301513672,364.93408203125,269.54888916015625,272.3800048828125,,,
2021-08-03,135.51889038085938,228.86239624023438,357.48486328125,272.0455322265625,269.489990234375,,,
2021-08-04,134.0563507080078,228.4569854736328,357.8835754394531,274.034912109375,266.4200134277344,,,
2021-08-05,135.7493133544922,231.8740997314453,361.7054443359375,279.1773986816406,281.80999755859375,,,
2021-08-06,139.60511779785156,233.02279663085938,364.22412109375,278.05340576171875,275.1000061035156,,,
2021-08-09,139.4543914794922,231.67138671875,360.4801330566406,276.6707763671875,279.7300109863281,,,
2021-08-10,141.16514587402344,229.8083953857422,357.7182312011719,272.910888671875,273.0799865722656,,,
2021-08-11,142.8492431640625,226.9028778076172,354.2173156738281,274.9400634765625,271.0899963378906,,,
2021-08-12,143.40765380859375,224.05128479003906,352.0195007324219,273.1297302246094,268.5899963378906,,,
2021-08-13,141.8032989501953,224.88262939453125,352.76837158203125,273.4480285644531,267.8800048828125,,,
2021-08-16,140.87261962890625,227.5021514892578,353.5560607910156,276.80010986328125,263.3999938964844,,,
2021-08-17,139.1707763671875,226.6998291015625,353.235107421875,269.6582946777344,260.8800048828125,,,
2021-08-18,137.9032440185547,223.89666748046875,351.017822265625,267.4103088378906,259.6600036621094,,,
2021-08-19,136.7509765625,223.83865356445312,347.47802734375,269.14105224609375,257.3500061035156,,,
2021-08-20,137.14096069335938,223.6356964111328,345.2217712402344,271.5083923339844,263.04998779296875,,,
2021-08-23,138.89599609375,226.32286071777344,351.0762634277344,275.5070495605469,270.44000244140625,,,
2021-08-24,139.75575256347656,226.4195556640625,351.82501220703125,278.0235900878906,270.1700134277344,,,
2021-08-25,142.63648986816406,224.82461547851562,349.2188415527344,276.2132263183594,267.57000732421875,,,
2021-08-26,143.37220764160156,222.82371520996094,343.1504211425781,272.1648864746094,262.1300048828125,,,
2021-08-27,144.5244903564453,224.9212646484375,345.94146728515625,276.8498229980469,268.010009765625,,,
2021-08-30,142.21104431152344,223.51004028320312,343.335205078125,286.9359436035156,271.9200134277344,,,
2021-08-31,141.77674865722656,221.4511260986328,336.70294189453125,287.1249084472656,268.07000732421875,,,
2021-09-01,141.57286071777344,222.43710327148438,339.9510192871094,285.2250671386719,268.25,,,
2021-09-02,142.22879028320312,216.6953887939453,331.88909912109375,284.0115661621094,265.94000244140625,,,
2021-09-03,141.36900329589844,217.59434509277344,330.8680114746094,287.5924072265625,269.739990234375,,,
2021-09-07,141.12083435058594,218.71563720703125,335.2247009277344,291.7004699707031,265.8299865722656,,,
2021-09-08,140.4915008544922,221.4414520263672,341.3804626464844,283.713134765625,254.72000122070312,,,
2021-09-09,141.1030731201172,219.8948974609375,341.7403564453125,285.3544006347656,251.5399932861328,,,
2021-09-10,139.4810028076172,217.40101623535156,337.8309631347656,282.8079833984375,247.89999389648438,,,
2021-09-13,141.69692993164062,217.13038635253906,338.2491760253906,278.99835205078125,246.67999267578125,,,
2021-09-14,139.2239532470703,215.58380126953125,336.2846984863281,280.739013671875,247.0500030517578,,,
2021-09-15,140.19012451171875,216.33773803710938,335.26361083984375,280.92803955078125,248.8000030517578,,,
2021-09-16,140.12808227539062,216.8404083251953,336.7806701660156,281.46514892578125,255.08999633789062,,,
2021-09-17,139.7646484375,214.34654235839844,333.6005554199219,274.87042236328125,255.7899932861328,,,
2021-09-20,135.58094787597656,212.7033233642578,330.3428039550781,268.474609375,250.22999572753906,,,
2021-09-21,135.5986328125,212.81927490234375,328.09637451171875,268.0568542480469,251.3000030517578,,,
2021-09-22,138.19577026367188,215.31314086914062,333.9604797363281,270.8916931152344,261.07000732421875,,,
2021-09-23,142.8669891357422,220.6875,344.3271179199219,277.6157531738281,266.7200012207031,,,
2021-09-24,144.51565551757812,223.85800170898438,348.30462646484375,276.6310119628906,262.5,,,
2021-09-27,148.0079803466797,221.93443298339844,346.9528503417969,271.9361267089844,258.1099853515625,,,
2021-09-28,147.2102508544922,218.02932739257812,341.51666259765625,260.7956848144531,242.6999969482422,,,
2021-09-29,147.09503173828125,219.11192321777344,343.471435546875,257.6226501464844,236.0399932861328,,,
2021-09-30,145.091796875,215.31314086914062,338.11297607421875,258.826171875,239.83999633789062,,,
2021-10-01,148.1409912109375,222.76573181152344,350.26904296875,263.2425842285156,239.2899932861328,,,
2021-10-04,147.98141479492188,217.22702026367188,334.728759765625,253.6538543701172,226.25,,,
2021-10-05,150.39797973632812,216.7920684814453,333.7659606933594,258.7665100097656,235.97999572753906,,,
2021-10-06,150.71900939941406,218.94760131835938,339.0952453613281,262.6557312011719,239.1199951171875,,,
2021-10-07,151.67315673828125,222.85267639160156,344.6063232421875,262.1385192871094,249.16000366210938,,,
2021-10-08,151.78904724121094,222.5821075439453,345.6287841796875,258.677001953125,238.49000549316406,,,
2021-10-11,148.59666442871094,217.59434509277344,338.0240783691406,253.6936492919922,232.3300018310547,,,
2021-10-12,147.4552764892578,216.5697479248047,336.26165771484375,254.48939514160156,237.41000366210938,,,
2021-10-13,143.56736755371094,215.0328369140625,333.3502197265625,254.99667358398438,242.72999572753906,,,
2021-10-14,145.7698974609375,217.66200256347656,335.52166748046875,265.0330505371094,247.41000366210938,,,
2021-10-15,148.56993103027344,223.27804565429688,346.64154052734375,266.92291259765625,249.0,,,
2021-10-18,148.5164031982422,222.94937133789062,349.017333984375,268.8923645019531,252.1999969482422,,,
2021-10-19,150.31771850585938,225.72357177734375,352.5810546875,270.255126953125,254.41000366210938,,,
2021-10-20,152.34193420410156,223.69366455078125,347.3912048339844,256.98602294921875,255.35000610351562,,,
2021-10-21,151.14698791503906,222.55308532714844,346.8459167480469,241.91661071777344,265.0799865722656,,,
2021-10-22,153.18017578125,223.51004028320312,349.24127197265625,239.12155151367188,253.05999755859375,,,
2021-10-25,152.4311065673828,226.071533203125,351.3736572265625,245.56710815429688,262.0,,,
2021-10-26,152.8412322998047,224.08035278320312,347.9267883300781,241.70773315429688,263.3900146484375,,,
2021-10-27,149.6578369140625,208.57582092285156,326.8946533203125,233.69058227539062,253.02000427246094,,,151.13999938964844
2021-10-28,151.91392517089844,202.8341522216797,324.2752990722656,235.57054138183594,261.3299865722656,,,161.88999938964844
2021-10-29,151.49473571777344,204.69972229003906,326.6998291015625,231.3530731201172,254.5,,,162.5
2021-11-01,151.41453552246094,205.36666870117188,325.2684631347656,230.050048828125,255.0399932861328,,,152.66000366210938
2021-11-02,152.01197814941406,202.15750122070312,319.8448791503906,228.23974609375,249.00999450683594,,,155.88999938964844
2021-11-03,152.06549072265625,201.1522674560547,320.76995849609375,229.15484619140625,252.47999572753906,,,161.0800018310547
2021-11-04,150.0680389404297,201.8095245361328,326.6121826171875,227.00633239746094,247.4600067138672,,,168.52000427246094
2021-11-05,149.85401916503906,209.43614196777344,339.6210021972656,224.5792999267578,237.3800048828125,,,164.22999572753906
2021-11-08,150.75462341308594,213.1286163330078,340.4779052734375,228.199951171875,236.77000427246094,,,163.3699951171875
2021-11-09,149.61325073242188,206.26564025878906,335.5897521972656,204.32757568359375,230.77999877929688,,,157.7899932861328
2021-11-10,149.47056579589844,208.72996520996094,348.53045654296875,203.55172729492188,227.2100067138672,,,133.52999877929688
2021-11-11,149.46165466308594,203.75283813476562,345.0251159667969,200.9556121826172,226.50999450683594,,,151.8300018310547
2021-11-12,148.79286193847656,205.36993408203125,353.9442443847656,207.1922607421875,227.3000030517578,,,148.99000549316406
2021-11-15,148.5253448486328,205.5732879638672,351.86053466796875,211.40969848632812,233.02000427246094,,,147.99000549316406
2021-11-16,147.4552764892578,208.36203002929688,359.8450622558594,214.5230712890625,238.47000122070312,,,151.2899932861328
2021-11-17,146.66165161132812,198.56268310546875,349.7281494140625,205.17306518554688,231.85000610351562,,,151.72000122070312
2021-11-18,145.3953857421875,196.8874969482422,339.0660095214844,199.43374633789062,230.35000610351562,,,139.1300048828125
2021-11-19,143.4960174560547,194.49578857421875,330.7894287109375,192.58038330078125,225.13999938964844,,,136.16000366210938
2021-11-22,146.55465698242188,189.383056640625,312.8536071777344,188.47235107421875,211.30999755859375,,,123.51000213623047
2021-11-23,150.0591278076172,192.20083618164062,320.35125732421875,187.04995727539062,210.5500030517578,,,127.61000061035156
2021-11-24,148.88204956054688,196.81004333496094,331.0621032714844,187.70645141601562,215.64999389648438,,,132.75
2021-11-26,144.39666748046875,191.38746643066406,315.64825439453125,186.79132080078125,212.0800018310547,,,136.97999572753906
2021-11-29,143.77244567871094,190.07054138183594,314.5186767578125,186.2442626953125,212.8699951171875,,,132.14999389648438
2021-11-30,141.63232421875,187.6304168701172,306.6413269042969,183.90675354003906,208.3300018310547,,,126.68000030517578
2021-12-01,140.7941436767578,184.1348114013672,298.2284851074219,178.3663787841797,194.5,,,116.56999969482422
2021-12-02,143.754638671875,192.00717163085938,311.7825927734375,186.1547393798828,192.14999389648438,,,113.75
2021-12-03,141.15081787109375,190.09962463378906,313.642333984375,182.9518585205078,181.30999755859375,,,107.23999786376953
2021-12-06,142.8183135986328,196.25808715820312,324.56744384765625,183.87692260742188,179.72000122070312,,,110.94999694824219
2021-12-07,144.96737670898438,200.7994842529297,330.5849609375,190.00416564941406,189.50999450683594,,,122.7300033569336
2021-12-08,143.30880737304688,202.36814880371094,333.340576171875,196.3004913330078,194.77999877929688,,,127.97000122070312
2021-12-09,143.08587646484375,204.692138671875,335.46319580078125,190.73028564453125,186.75,,,119.12999725341797
2021-12-10,142.51510620117188,206.63841247558594,340.72137451171875,187.5074920654297,181.32000732421875,,,114.68000030517578
2021-12-13,140.8208770751953,204.33387756347656,336.2325134277344,185.3888397216797,175.44000244140625,,,109.95999908447266
2021-12-14,141.8998565673828,203.32679748535156,331.5976257324219,185.80661010742188,170.72000122070312,,,105.7699966430664
2021-12-15,140.8386993408203,205.5829620361328,337.2451171875,189.6460723876953,173.8000030517578,,,110.9800033569336
2021-12-16,143.041259765625,207.5776824951172,343.6424560546875,187.74623107910156,165.8800048828125,,,99.23999786376953
2021-12-17,139.78646850585938,205.16659545898438,340.1273193359375,185.20977783203125,167.05999755859375,,,98.7699966430664
2021-12-20,137.2718048095703,202.12611389160156,328.160400390625,181.70849609375,158.3000030517578,,,97.37000274658203
2021-12-21,139.1890106201172,208.5557098388672,341.5196533203125,188.1341552734375,170.47000122070312,,,103.62999725341797
2021-12-22,139.73297119140625,211.05392456054688,348.0825500488281,190.66064453125,167.3800048828125,,,101.06999969482422
2021-12-23,140.23228454589844,209.7563934326172,351.1011047363281,190.98887634277344,167.7100067138672,,,101.16000366210938
2021-12-27,141.0348663330078,210.7344207763672,350.83807373046875,190.98887634277344,168.47999572753906,,,105.7300033569336
2021-12-28,141.46287536621094,211.14108276367188,351.29583740234375,189.08905029296875,163.6699981689453,,,101.7699966430664
2021-12-29,141.39154052734375,211.25726318359375,351.79241943359375,188.95974731445312,161.85000610351562,,,98.27999877929688
2021-12-30,141.3202362060547,210.96676635742188,351.5003356933594,190.85958862304688,165.33999633789062,,,103.87000274658203
2021-12-31,141.20433044433594,209.84356689453125,349.8742370605469,187.57713317871094,161.50999450683594,,,100.55999755859375
2022-01-03,144.1915740966797,214.4140167236328,361.198486328125,193.90330505371094,164.02999877929688,,,95.20999908447266
2022-01-04,149.6578369140625,215.41139221191406,365.52178955078125,190.12351989746094,156.3300018310547,,,85.41000366210938
2022-01-05,146.92178344726562,213.02932739257812,364.07086181640625,186.16468811035156,143.49000549316406,,,79.52999877929688
2022-01-06,148.48269653320312,212.78720092773438,360.7461853027344,191.2475128173828,144.66000366210938,,,81.0999984741211
2022-01-07,149.95388793945312,210.0856475830078,360.4049987792969,186.60235595703125,141.5399932861328,,,79.62000274658203
2022-01-10,150.09738159179688,205.2537384033203,354.8085021972656,181.97708129882812,144.47999572753906,,,78.23999786376953
2022-01-11,150.24989318847656,207.58740234375,357.12896728515625,190.50149536132812,148.42999267578125,,,81.02999877929688
2022-01-12,151.1020965576172,208.87522888183594,358.1234436035156,186.2044677734375,145.47000122070312,,,78.79000091552734
2022-01-13,150.91372680664062,208.187744140625,360.2781982421875,180.04737854003906,136.9499969482422,,,72.12999725341797
2022-01-14,141.63803100585938,207.8682098388672,362.8326721191406,177.47116088867188,133.2899932861328,,,69.19000244140625
2022-01-18,135.699462890625,208.87522888183594,357.1387939453125,173.5322265625,130.0,,,64.18000030517578
2022-01-19,133.60031127929688,207.87789916992188,351.70806884765625,172.6270751953125,128.13999938964844,,,64.30000305175781
2022-01-20,132.46104431152344,207.55831909179688,354.89630126953125,172.35848999023438,127.58000183105469,,,62.79999923706055
2022-01-21,130.14662170410156,199.4051055908203,346.1993103027344,162.6702880859375,118.0999984741211,,,57.630001068115234
2022-01-24,130.0299835205078,195.45440673828125,340.6809387207031,161.30758666992188,117.30000305175781,,,58.25
2022-01-25,131.44735717773438,195.5996551513672,330.2875061035156,157.3586883544922,115.30000305175781,,,54.52000045776367
2022-01-26,132.69427490234375,199.34703063964844,336.0400390625,156.14517211914062,111.0,178.63999938964844,,55.72999954223633
2022-01-27,130.35293579101562,199.61813354492188,341.76312255859375,157.2691650390625,105.63999938964844,170.1999969482422,,51.0099983215332
2022-01-28,131.5191192626953,220.77586364746094,372.9433898925781,162.65040588378906,110.37999725341797,177.5800018310547,,59.709999084472656
2022-01-31,133.30430603027344,219.00384521484375,376.7165222167969,171.025634765625,122.29000091552734,190.14999389648438,,64.06999969482422
2022-02-01,135.591796875,224.9976806640625,382.2545166015625,174.86509704589844,127.61000061035156,197.72999572753906,,67.4800033569336
2022-02-02,134.50637817382812,227.96072387695312,386.82720947265625,131.86500549316406,114.04000091552734,187.3699951171875,,60.88999938964844
2022-02-03,133.3939666748047,224.20367431640625,380.3142395019531,123.63897705078125,101.5,181.30999755859375,,57.4900016784668
2022-02-04,136.85665893554688,221.1534881591797,372.6411437988281,125.40950775146484,108.87000274658203,194.44000244140625,,62.75
2022-02-07,137.314208984375,219.9624481201172,366.722900390625,120.76434326171875,102.80999755859375,205.74000549316406,,63.02000045776367
2022-02-08,139.8977508544922,220.7177276611328,365.0068664550781,119.6204605102539,102.29000091552734,208.72999572753906,,65.25
2022-02-09,140.48081970214844,223.5548858642578,371.8318786621094,122.28620910644531,112.83999633789062,214.5,,74.68000030517578
2022-02-10,139.8977508544922,218.79757690429688,365.02642822265625,118.38705444335938,108.94000244140625,204.77000427246094,,58.68000030517578
2022-02-11,138.0767059326172,217.92471313476562,360.52191162109375,114.67688751220703,107.87999725341797,194.52999877929688,,46.54999923706055
2022-02-14,136.79388427734375,218.55508422851562,364.80218505859375,113.51311492919922,111.63999938964844,195.25,,43.70000076293945
2022-02-15,138.79434204101562,220.96046447753906,371.9975891113281,114.84598541259766,115.20999908447266,208.9499969482422,,44.79999923706055
2022-02-16,139.04551696777344,221.93032836914062,373.3528747558594,109.9521484375,109.0,207.9600067138672,,42.91999816894531
2022-02-17,135.84298706054688,217.8470916748047,364.3536682128906,104.64054870605469,104.0199966430664,191.9199981689453,,37.66999816894531
2022-02-18,136.4799041748047,215.98489379882812,360.6974792480469,103.09879302978516,97.72000122070312,189.16000366210938,,37.33000183105469
2022-02-22,136.23773193359375,214.6561737060547,359.0789794921875,102.621337890625,93.91000366210938,176.75999450683594,,36.40999984741211
2022-02-23,133.3850555419922,209.4478302001953,352.195556640625,100.18437194824219,88.72000122070312,172.74000549316406,,35.0
2022-02-24,129.671142578125,210.7572021484375,360.14166259765625,104.46150207519531,94.98999786376953,179.55999755859375,,38.709999084472656
2022-02-25,132.73915100097656,212.66787719726562,359.8589172363281,110.35002136230469,119.81999969482422,176.8300018310547,,39.189998626708984
2022-02-28,127.20421600341797,209.6127166748047,351.7957763671875,111.33475494384766,127.5,190.77000427246094,,41.84000015258789
2022-03-01,122.40492248535156,202.67800903320312,335.864501953125,105.94358825683594,126.05999755859375,196.1699981689453,,42.36000061035156
2022-03-02,124.9436264038086,202.2027587890625,335.48419189453125,106.04304504394531,124.26000213623047,194.5,,41.79999923706055
2022-03-03,124.05549621582031,200.99038696289062,332.4617614746094,100.80106353759766,114.22000122070312,178.02999877929688,,39.099998474121094
2022-03-04,120.56590270996094,194.2593231201172,322.4875793457031,99.3786849975586,106.5199966430664,165.75,,35.81999969482422
2022-03-07,115.91015625,184.95809936523438,305.09381103515625,93.1121826171875,97.51000213623047,161.13999938964844,,33.560001373291016
2022-03-08,115.09380340576172,185.9376983642578,306.4684753417969,94.39532470703125,100.62000274658203,161.99000549316406,,34.279998779296875
2022-03-09,119.7047348022461,193.74534606933594,319.92340087890625,99.6870346069336,111.91999816894531,178.97000122070312,,36.79999923706055
2022-03-10,118.28736114501953,192.0092010498047,316.4718933105469,98.02591705322266,108.87000274658203,172.97000122070312,,36.54999923706055
2022-03-11,115.62309265136719,190.78713989257812,316.6668701171875,96.05643463134766,101.93000030517578,160.07000732421875,,30.860000610351562
2022-03-14,116.7713394165039,194.2981719970703,320.3718566894531,96.35485076904297,94.8499984741211,153.19000244140625,,26.219999313354492
2022-03-15,118.84355926513672,199.9331817626953,326.6215515136719,99.92575073242188,103.08999633789062,155.97999572753906,,28.329999923706055
2022-03-16,124.15418243408203,205.49066162109375,336.0594787597656,107.34607696533203,116.05000305175781,172.52999877929688,,33.34000015258789
2022-03-17,125.72406005859375,207.0231170654297,337.7754211425781,111.56353759765625,127.95999908447266,177.22000122070312,,36.75
2022-03-18,125.67919921875,212.51266479492188,341.3341369628906,118.13837432861328,140.63999938964844,185.94000244140625,,40.709999084472656
2022-03-21,125.27552032470703,210.50498962402344,336.9368896484375,114.04029846191406,134.82000732421875,176.80999755859375,,41.959999084472656
2022-03-22,127.9397964477539,211.8919677734375,340.7881774902344,117.2431640625,141.7899932861328,186.0800018310547,,43.5
2022-03-23,125.39217376708984,208.21609497070312,333.6219787597656,114.04029846191406,135.39999389648438,183.11000061035156,,44.11000061035156
2022-03-24,126.20848083496094,210.76686096191406,340.6126708984375,115.43285369873047,135.05999755859375,190.19000244140625,,44.79999923706055
2022-03-25,127.31184387207031,211.85317993164062,340.2908630371094,113.155029296875,130.3300018310547,186.7100067138672,,42.15999984741211
2022-03-28,126.36995697021484,214.12271118164062,341.7240905761719,115.55220794677734,138.1199951171875,201.41000366210938,,43.25
2022-03-29,126.64803314208984,221.2514190673828,358.3575134277344,120.53556823730469,146.83999633789062,204.52999877929688,,48.150001525878906
2022-03-30,126.07392883300781,217.2069549560547,353.1802978515625,117.85987091064453,140.10000610351562,196.6999969482422,,46.75
2022-03-31,122.28829956054688,215.09262084960938,348.44183349609375,115.03497314453125,135.60000610351562,189.86000061035156,,46.279998779296875
2022-04-01,121.38226318359375,219.54441833496094,354.86700439453125,116.04954528808594,133.6199951171875,186.9600067138672,,46.61000061035156
2022-04-04,121.92049407958984,220.88284301757812,357.7335205078125,121.21194458007812,145.19000244140625,191.64999389648438,,47.70000076293945
2022-04-05,120.50167083740234,219.2825164794922,354.23321533203125,117.02433776855469,135.9199981689453,177.1699981689453,,43.84000015258789
2022-04-06,118.82981872558594,212.4156951904297,344.7076110839844,111.89177703857422,128.77000427246094,166.83999633789062,,40.869998931884766
2022-04-07,118.46829223632812,209.64181518554688,341.2806396484375,112.43885040283203,125.93000030517578,166.19000244140625,,38.70000076293945
2022-04-08,120.6372299194336,210.4468231201172,343.9363098144531,110.61858367919922,123.22000122070312,160.94000244140625,,37.58000183105469
2022-04-11,120.19441223144531,208.2839813232422,339.15216064453125,109.22602844238281,123.08000183105469,153.8699951171875,,37.70000076293945
2022-04-12,118.87495422363281,205.0348663330078,337.6192932128906,107.67433166503906,122.88999938964844,149.85000610351562,,37.47999954223633
2022-04-13,115.043212890625,206.8485107421875,346.7383728027344,104.61071014404297,126.05000305175781,154.7899932861328,,38.400001525878906
2022-04-14,113.97684478759766,206.38296508789062,349.3550109863281,101.76591491699219,121.30999755859375,147.2899932861328,,35.189998626708984
2022-04-18,116.09153747558594,206.75155639648438,348.359130859375,100.04511260986328,119.38999938964844,145.16000366210938,,35.209999084472656
2022-04-19,118.49541473388672,209.20538330078125,355.26190185546875,103.1087417602539,125.62000274658203,151.27000427246094,,37.029998779296875
2022-04-20,118.91111755371094,211.23240661621094,356.64825439453125,94.39532470703125,114.5199966430664,147.1300048828125,,34.7599983215332
2022-04-21,117.98933410644531,209.9327850341797,355.8183898925781,88.92457580566406,107.70999908447266,137.32000732421875,,32.900001525878906
2022-04-22,114.60038757324219,201.90208435058594,342.87213134765625,85.57249450683594,102.66999816894531,131.52000427246094,,31.15999984741211
2022-04-25,114.56425476074219,203.6284942626953,346.2112121582031,87.31318664550781,107.37999725341797,135.13999938964844,,32.470001220703125
2022-04-26,111.17529296875,195.0449676513672,335.96929931640625,83.2548828125,100.47000122070312,127.1500015258789,,30.18000030517578
2022-04-27,109.72935485839844,207.66326904296875,353.0163269042969,82.17068481445312,99.93000030517578,122.55000305175781,,29.360000610351562
2022-04-28,111.4645004272461,214.01602172851562,369.8679504394531,91.60026550292969,104.63999938964844,122.69000244140625,,31.209999084472656
2022-04-29,107.86770629882812,206.7127227783203,354.783447265625,87.46238708496094,99.54000091552734,112.70999908447266,,28.700000762939453
2022-05-02,108.85272979736328,205.16091918945312,350.5461120605469,91.04324340820312,105.86000061035156,121.33999633789062,,30.360000610351562
2022-05-03,111.18434143066406,202.28033447265625,349.32568359375,90.22760772705078,102.33000183105469,123.55999755859375,,30.100000381469727
2022-05-04,114.86247253417969,208.06092834472656,359.8018798828125,92.22691345214844,106.79000091552734,130.14999389648438,,31.760000228881836
2022-05-05,111.9886474609375,199.06031799316406,345.01025390625,84.9756851196289,95.55000305175781,114.25,,27.020000457763672
2022-05-06,111.80790710449219,196.7131805419922,338.90814208984375,81.2456283569336,96.19000244140625,103.73999786376953,,24.950000762939453
2022-05-09,110.12699127197266,187.18887329101562,320.23065185546875,79.10706329345703,83.86000061035156,83.51000213623047,,20.59000015258789
2022-05-10,107.44295501708984,187.75140380859375,317.6336364746094,78.33121490478516,84.38999938964844,72.98999786376953,,18.190000534057617
2022-05-11,106.76517486572266,190.79684448242188,318.160888671875,74.77024841308594,71.22000122070312,53.720001220703125,,14.630000114440918
2022-05-12,106.6748046875,188.48898315429688,313.6403503417969,73.89492797851562,75.76000213623047,58.5,8.5600004196167,18.040000915527344
2022-05-13,107.62369537353516,193.600341796875,324.9269104003906,78.41078186035156,84.1500015258789,67.87000274658203,10.6899995803833,23.709999084472656
2022-05-16,106.87361145019531,192.220458984375,321.9295959472656,77.237060546875,79.69999694824219,61.70000076293945,10.109999656677246,22.950000762939453
2022-05-17,110.41619110107422,198.23556518554688,330.8435363769531,79.32588958740234,84.79000091552734,70.0,10.0600004196167,25.239999771118164
2022-05-18,108.52741241455078,194.3388671875,327.95355224609375,76.7695541381836,82.05999755859375,63.029998779296875,9.729999542236328,24.450000762939453
2022-05-19,106.91878509521484,191.79287719726562,324.360595703125,80.8477554321289,87.13999938964844,67.41999816894531,10.210000038146973,25.709999084472656
2022-05-20,106.04218292236328,193.40597534179688,328.2269592285156,80.11168670654297,83.44000244140625,66.1500015258789,10.079999923706055,24.81999969482422
2022-05-23,112.6031723022461,201.6949005126953,340.1871337890625,80.74828338623047,83.4000015258789,66.0999984741211,10.0600004196167,24.520000457763672
2022-05-24,114.19373321533203,196.90423583984375,332.6302490234375,78.23174285888672,75.87999725341797,61.36000061035156,9.109999656677246,20.760000228881836
2022-05-25,114.98897552490234,198.080078125,336.6039733886719,79.69392395019531,77.94999694824219,67.16999816894531,9.229999542236328,23.020000457763672
2022-05-26,116.97718048095703,202.65695190429688,341.6125793457031,79.99232482910156,83.41000366210938,69.87000274658203,9.279999732971191,28.020000457763672
2022-05-27,118.6309814453125,206.86465454101562,349.31597900390625,84.7568588256836,90.5199966430664,75.31999969482422,10.380000114440918,30.350000381469727
2022-05-31,119.49853515625,206.1746826171875,349.4038391113281,84.7568588256836,87.51000213623047,78.0999984741211,10.0600004196167,28.5
2022-06-01,117.40193939208984,203.9979705810547,348.61297607421875,82.04137420654297,81.91000366210938,68.62999725341797,9.369999885559082,24.31999969482422
2022-06-02,119.29069519042969,208.97328186035156,354.4905700683594,87.85031127929688,87.44000244140625,73.81999969482422,9.699999809265137,26.420000076293945
2022-06-03,117.62785339355469,206.64109802246094,349.3550109863281,86.06983947753906,83.0999984741211,66.69000244140625,9.170000076293945,25.100000381469727
2022-06-06,117.23924255371094,206.9228973388672,351.6201171875,86.34834289550781,83.37999725341797,70.66999816894531,9.109999656677246,23.719999313354492
2022-06-07,117.54651641845703,208.4388427734375,355.40838623046875,88.1188735961914,84.5999984741211,69.56999969482422,8.720000267028809,24.350000381469727
2022-06-08,115.67581176757812,207.46710205078125,353.75830078125,87.04462432861328,84.75,69.19999694824219,8.380000114440918,23.329999923706055
2022-06-09,113.24481201171875,200.28590393066406,340.7436828613281,83.66270446777344,76.58000183105469,63.7599983215332,8.029999732971191,21.18000030517578
2022-06-10,108.03941345214844,193.87240600585938,326.83074951171875,78.87828063964844,71.87000274658203,58.709999084472656,7.809999942779541,20.440000534057617
2022-06-13,104.8221435546875,186.82728576660156,312.17584228515625,73.32795715332031,62.7599983215332,52.0099983215332,7.230000019073486,17.920000076293945
2022-06-14,103.07801055908203,188.0517120361328,314.5191345214844,72.07465362548828,60.29999923706055,51.58000183105469,7.230000019073486,17.700000762939453
2022-06-15,104.29801940917969,190.6170654296875,317.69219970703125,75.4267349243164,62.90999984741211,55.0099983215332,7.050000190734863,18.600000381469727
2022-06-16,102.50865173339844,183.70797729492188,301.47515869140625,70.85120391845703,57.5099983215332,51.04999923706055,6.889999866485596,16.719999313354492
2022-06-17,102.14716339111328,184.64085388183594,303.3399658203125,72.51232147216797,58.5099983215332,51.220001220703125,7.190000057220459,18.299999237060547
2022-06-21,104.67757415771484,188.89710998535156,309.8912048339844,71.98513793945312,60.52000045776367,57.4900016784668,7.550000190734863,19.209999084472656
2022-06-22,104.09016418457031,188.34323120117188,308.6707763671875,72.58194732666016,60.650001525878906,51.90999984741211,7.489999771118164,19.270000457763672
2022-06-23,102.95147705078125,191.08352661132812,309.2663879394531,73.41748046875,67.2699966430664,58.880001068115234,7.980000019073486,21.65999984741211
2022-06-24,106.02410888671875,199.70286560058594,322.6812744140625,77.26689910888672,71.0,62.709999084472656,8.0,23.280000686645508
2022-06-27,105.17460632324219,197.80799865722656,321.0508117675781,75.5361557006836,69.43000030517578,55.959999084472656,9.119999885559082,22.700000762939453
2022-06-28,104.66853332519531,192.52169799804688,310.7601623535156,71.43805694580078,65.5999984741211,51.18000030517578,8.864999771118164,20.540000915527344
2022-06-29,104.19860076904297,193.8626708984375,314.95843505859375,71.08992004394531,63.84000015258789,49.75,8.470000267028809,19.020000457763672
2022-06-30,101.76760864257812,191.32644653320312,308.0166931152344,69.46858978271484,61.459999084472656,47.02000045776367,8.220000267028809,18.059999465942383
2022-07-01,103.06895446777344,193.55174255371094,310.7113037109375,71.02029418945312,63.900001525878906,49.040000915527344,8.180000305175781,17.190000534057617
2022-07-05,102.67693328857422,194.87332153320312,311.7072448730469,74.00434875488281,66.7300033569336,55.40999984741211,8.399999618530273,19.829999923706055
2022-07-06,102.0113754272461,195.4369354248047,312.5956726074219,72.85050964355469,64.97000122070312,51.709999084472656,8.630000114440918,20.170000076293945
2022-07-07,104.59152221679688,197.06944274902344,316.888427734375,74.64093780517578,68.62999725341797,57.459999084472656,9.020000457763672,23.610000610351562
2022-07-08,104.26329803466797,197.81768798828125,315.90081787109375,73.03950500488281,67.0199966430664,60.290000915527344,9.0,23.34000015258789
2022-07-11,102.8957290649414,199.2655792236328,317.0057678222656,70.09524536132812,63.22999954223633,53.880001068115234,8.34000015258789,21.3700008392334
2022-07-12,102.99602508544922,199.03236389160156,315.7052001953125,71.05013275146484,65.02999877929688,54.2400016784668,8.399999618530273,22.200000762939453
2022-07-13,102.02960968017578,198.3813018798828,316.203857421875,70.98051452636719,64.1500015258789,53.099998474121094,8.359999656677246,20.790000915527344
2022-07-14,98.46481323242188,200.09158325195312,317.8271484375,69.18013763427734,62.41999816894531,53.41999816894531,8.239999771118164,21.81999969482422
2022-07-15,102.97779846191406,204.10484313964844,325.2000427246094,73.51695251464844,65.9800033569336,53.790000915527344,8.40999984741211,23.059999465942383
2022-07-18,101.92021179199219,201.35484313964844,323.674560546875,73.73577117919922,66.2699966430664,58.66999816894531,8.619999885559082,23.84000015258789
2022-07-19,104.44564056396484,207.62258911132812,332.83697509765625,77.32657623291016,69.25,65.83000183105469,9.029999732971191,26.030000686645508
2022-07-20,104.42740631103516,207.3407745361328,333.7071838378906,79.81327819824219,74.77999877929688,75.2699966430664,9.40999984741211,29.670000076293945
2022-07-21,105.1385269165039,210.0811004638672,339.2320251464844,82.3099365234375,74.76000213623047,73.9800033569336,9.40999984741211,29.75
2022-07-22,104.62799072265625,207.66143798828125,336.2594299316406,80.61898040771484,71.80000305175781,70.81999969482422,9.079999923706055,26.770000457763672
2022-07-25,105.0473861694336,208.21534729003906,336.5821228027344,81.21578979492188,71.43000030517578,67.06999969482422,8.890000343322754,26.170000076293945
2022-07-26,103.40628814697266,206.4856414794922,333.717041015625,76.63030242919922,66.38999938964844,52.93000030517578,8.430000305175781,23.100000381469727
2022-07-27,105.06558990478516,204.52272033691406,335.662841796875,85.96041870117188,72.76000213623047,58.83000183105469,8.899999618530273,26.040000915527344
2022-07-28,104.6735610961914,205.3778839111328,344.6394958496094,85.40339660644531,74.68000030517578,62.25,9.109999656677246,25.829999923706055
2022-07-29,105.17501831054688,206.1163787841797,345.9498291015625,86.06983947753906,76.05999755859375,62.959999084472656,9.050000190734863,26.84000015258789
2022-08-01,104.12653350830078,205.38755798339844,342.77178955078125,88.09400939941406,77.80999755859375,62.70000076293945,9.039999961853027,27.170000076293945
2022-08-02,102.50370025634766,200.4316864013672,341.2757568359375,89.1533432006836,79.08999633789062,67.2300033569336,9.229999542236328,28.149999618530273
2022-08-03,103.57952117919922,202.5889434814453,346.2822570800781,97.39925384521484,88.06999969482422,80.80999755859375,10.3100004196167,31.889999389648438
2022-08-04,102.43988800048828,207.4379425048828,348.17926025390625,96.46426391601562,89.69999694824219,88.9000015258789,10.880000114440918,32.54999923706055
2022-08-05,105.5396957397461,209.77012634277344,349.5873718261719,94.8130874633789,87.7300033569336,93.05000305175781,10.399999618530273,33.400001525878906
2022-08-08,104.25418853759766,207.29220581054688,344.3559265136719,95.74809265136719,85.5,98.0199966430664,10.680000305175781,34.900001525878906
2022-08-09,105.19322967529297,204.31866455078125,338.8604736328125,93.97755432128906,81.12999725341797,87.68000030517578,10.100000381469727,32.58000183105469
2022-08-10,107.93749237060547,206.10667419433594,345.5489196777344,98.38400268554688,88.83999633789062,94.13999938964844,10.579999923706055,36.779998779296875
2022-08-11,109.53299713134766,205.47879028320312,342.8109130859375,98.58293914794922,85.98999786376953,84.0,10.510000228881836,36.970001220703125
2022-08-12,111.34729766845703,205.72213745117188,346.419189453125,100.56234741210938,87.94999694824219,90.48999786376953,10.930000305175781,39.189998626708984
2022-08-15,111.64816284179688,210.6770782470703,351.9732971191406,100.97016906738281,86.72000122070312,91.97000122070312,11.010000228881836,38.41999816894531
2022-08-16,112.7148666381836,211.3779754638672,351.288818359375,101.53713989257812,85.87999725341797,90.38999938964844,10.899999618530273,39.90999984741211
2022-08-17,111.76667785644531,208.8275146484375,347.45562744140625,98.89128112792969,80.33000183105469,85.44000244140625,10.420000076293945,37.38999938964844
2022-08-18,110.90056610107422,209.53811645507812,349.4405822753906,99.32894897460938,79.72000122070312,83.47000122070312,10.170000076293945,35.75
2022-08-19,108.15629577636719,207.17259216308594,346.4289245605469,96.0464859008789,74.36000061035156,74.05999755859375,9.260000228881836,30.920000076293945
2022-08-22,106.36935424804688,203.0742950439453,337.8533020019531,93.08234405517578,73.01000213623047,71.47000122070312,9.039999961853027,29.489999771118164
2022-08-23,105.32088470458984,201.3123779296875,333.335693359375,92.70436096191406,70.94000244140625,71.18000030517578,9.180000305175781,29.31999969482422
2022-08-24,105.57616424560547,201.18582153320312,332.1817321777344,93.26139068603516,72.62000274658203,71.4800033569336,9.319999694824219,30.229999542236328
2022-08-25,108.0833511352539,204.2522430419922,337.03179931640625,96.20564270019531,74.62999725341797,71.37000274658203,9.8100004196167,31.229999542236328
2022-08-26,104.5459213256836,197.50613403320312,324.6035461425781,92.20701599121094,68.87000274658203,66.73999786376953,9.380000114440918,24.56999969482422
2022-08-29,104.29065704345703,196.9609832763672,322.0513610839844,92.167236328125,67.75,66.33999633789062,9.380000114440918,23.989999771118164
2022-08-30,104.30887603759766,196.03616333007812,320.5455322265625,91.31180572509766,69.05000305175781,67.02999877929688,9.470000267028809,23.540000915527344
2022-08-31,103.68892669677734,193.4370574951172,317.18170166015625,92.9430923461914,68.91000366210938,66.80000305175781,9.550000190734863,23.43000030517578
2022-09-01,104.40007019042969,194.81936645507812,318.042236328125,92.167236328125,68.75,65.52999877929688,9.630000114440918,23.15999984741211
2022-09-02,103.67068481445312,192.51223754882812,315.4118347167969,90.64537048339844,66.33000183105469,65.26000213623047,9.449999809265137,22.450000762939453
2022-09-06,103.69805145263672,193.36888122558594,316.8981628417969,91.1277847290039,65.30000305175781,62.779998779296875,9.569999694824219,22.299999237060547
2022-09-07,105.66734313964844,195.10165405273438,321.3375549316406,94.46495056152344,67.81999969482422,68.25,9.850000381469727,23.059999465942383
2022-09-08,108.12895965576172,195.38397216796875,322.7554626464844,95.65856170654297,70.58999633789062,73.08000183105469,10.100000381469727,23.700000762939453
2022-09-09,108.64862823486328,199.75482177734375,328.4073181152344,95.71825408935547,74.29000091552734,80.87000274658203,10.600000381469727,26.25
2022-09-12,109.93415069580078,201.14686584472656,330.92034912109375,97.13069915771484,75.25,82.55000305175781,11.010000228881836,26.790000915527344
2022-09-13,106.11408233642578,194.3715362548828,318.22808837890625,94.5047378540039,69.58000183105469,75.25,10.40999984741211,24.190000534057617
2022-09-14,105.86792755126953,194.11843872070312,318.62890625,97.1406478881836,68.55999755859375,78.69999694824219,10.779999732971191,24.329999923706055
2022-09-15,107.46339416503906,190.18563842773438,309.9360046386719,95.88734436035156,69.18000030517578,77.2300033569336,11.25,23.989999771118164
2022-09-16,106.74315643310547,188.17059326171875,308.1465148925781,93.50010681152344,64.88999938964844,74.0,10.25,22.299999237060547
2022-09-19,107.72779846191406,188.0050811767578,307.0709228515625,94.52462768554688,63.709999084472656,69.93000030517578,10.260000228881836,22.700000762939453
2022-09-20,105.603515625,186.9732208251953,306.3277282714844,91.14270782470703,61.470001220703125,67.94000244140625,9.9399995803833,22.139999389648438
2022-09-21,102.55839538574219,182.0572509765625,297.7521057128906,90.69510650634766,59.45000076293945,67.63999938964844,9.920000076293945,21.329999923706055
2022-09-22,101.39141845703125,180.85984802246094,291.7481384277344,87.1938247680664,55.93000030517578,62.939998626708984,9.649999618530273,20.0
2022-09-23,99.50415802001953,179.0784454345703,287.0740661621094,86.50749969482422,56.27000045776367,61.880001068115234,9.4399995803833,19.280000686645508
2022-09-26,97.36164093017578,175.7978515625,283.680908203125,83.8119125366211,54.13999938964844,62.279998779296875,9.239999771118164,19.040000915527344
2022-09-27,96.50464630126953,173.15003967285156,280.1314392089844,85.29397583007812,55.08000183105469,63.04999923706055,9.609999656677246,19.389999389648438
2022-09-28,98.45569610595703,174.42529296875,283.7494201660156,90.63542938232422,59.06999969482422,67.30999755859375,10.010000228881836,20.65999984741211
2022-09-29,96.78726196289062,175.2819366455078,280.41497802734375,88.2282943725586,55.900001525878906,61.939998626708984,9.770000457763672,19.059999465942383
2022-09-30,95.2738265991211,172.93589782714844,278.03887939453125,85.6122817993164,54.9900016784668,64.48999786376953,10.100000381469727,18.760000228881836
2022-10-03,98.21865844726562,176.82972717285156,284.0427551269531,86.71637725830078,55.779998779296875,65.94999694824219,10.100000381469727,19.010000228881836
2022-10-04,102.81367492675781,180.7235870361328,294.5936584472656,92.29653930664062,62.40999984741211,74.5,10.819999694824219,21.610000610351562
2022-10-05,101.54425048828125,182.6899871826172,297.4587097167969,93.33101654052734,62.150001525878906,72.97000122070312,10.760000228881836,20.920000076293945
2022-10-06,99.47454833984375,180.66517639160156,293.0709533691406,93.9178695678711,61.93000030517578,73.91000366210938,11.170000076293945,20.950000762939453
2022-10-07,97.48765563964844,178.95188903808594,288.8985900878906,89.69047546386719,57.40999984741211,67.0,10.800000190734863,18.899999618530273
2022-10-10,96.57696533203125,177.3456573486328,285.7742919921875,84.07051849365234,56.619998931884766,67.04000091552734,10.520000457763672,18.59000015258789
2022-10-11,93.7897720336914,174.38633728027344,280.1622009277344,82.64812469482422,53.45000076293945,70.16000366210938,10.4399995803833,19.350000381469727
2022-10-12,95.30756378173828,173.51022338867188,277.54718017578125,83.36429595947266,56.13999938964844,69.94999694824219,10.65999984741211,19.809999465942383
2022-10-13,100.60601043701172,179.75982666015625,287.90936279296875,83.59307098388672,56.22999954223633,69.26000213623047,10.630000114440918,18.760000228881836
2022-10-14,102.28015899658203,177.7740020751953,282.7479248046875,80.04206848144531,51.5099983215332,63.59000015258789,9.890000343322754,17.270000457763672
2022-10-17,106.57595825195312,180.33419799804688,288.9671936035156,84.20978546142578,55.91999816894531,69.16999816894531,10.210000038146973,18.43000030517578
2022-10-18,109.31715393066406,182.20326232910156,294.19732666015625,84.83642578125,57.27000045776367,66.20999908447266,10.4399995803833,19.530000686645508
2022-10-19,107.17385864257812,181.4634246826172,291.63128662109375,84.02079010009766,53.939998626708984,63.189998626708984,10.109999656677246,17.90999984741211
2022-10-20,106.82430267333984,182.25189208984375,290.1817626953125,84.32913970947266,55.18000030517578,63.59000015258789,9.829999923706055,18.030000686645508
2022-10-21,112.43551635742188,185.3183135986328,296.1462707519531,83.49361419677734,55.9900016784668,66.37999725341797,10.140000343322754,18.299999237060547
2022-10-24,112.573486328125,185.6493377685547,299.309814453125,82.87690734863281,56.9900016784668,66.38999938964844,10.210000038146973,18.049999237060547
2022-10-25,112.86783599853516,189.221923828125,305.000244140625,88.76541900634766,59.65999984741211,75.05000305175781,10.829999923706055,20.6200008392334
2022-10-26,114.16485595703125,197.9344482421875,312.93353271484375,88.07909393310547,59.470001220703125,73.80999755859375,11.079999923706055,20.559999465942383
2022-10-27,114.61558532714844,198.86895751953125,312.7963562011719,86.8854751586914,60.2599983215332,72.47000122070312,11.15999984741211,20.6200008392334
2022-10-28,115.97698974609375,203.7849578857422,322.68853759765625,85.79132080078125,61.290000915527344,72.06999969482422,11.5,20.31999969482422
2022-10-31,115.79302215576172,201.6627960205078,321.4250793457031,83.1355209350586,60.06999969482422,66.25,11.680000305175781,20.06999969482422
2022-11-01,117.88111114501953,201.4389190673828,326.3319396972656,82.66801452636719,59.0,63.290000915527344,11.920000076293945,19.459999084472656
2022-11-02,116.79568481445312,195.6175994873047,313.2372131347656,79.02748107910156,54.63999938964844,60.709999084472656,11.399999618530273,17.600000381469727
2022-11-03,117.00726318359375,189.58212280273438,302.8063659667969,76.14291381835938,53.90999984741211,55.79999923706055,12.329999923706055,16.670000076293945
2022-11-04,120.20838928222656,191.7529296875,311.8169860839844,74.78019714355469,60.11000061035156,58.81999969482422,12.279999732971191,16.1200008392334
2022-11-07,120.84309387207031,194.79014587402344,318.43780517578125,77.24700927734375,62.66999816894531,56.970001220703125,12.029999732971191,15.630000114440918
2022-11-08,120.91669464111328,196.42555236816406,319.0450744628906,80.69854736328125,62.5099983215332,50.83000183105469,9.739999771118164,15.640000343322754
2022-11-09,119.3437271118164,189.20582580566406,309.14324951171875,78.26158142089844,57.209999084472656,45.97999954223633,8.399999618530273,12.100000381469727
2022-11-10,124.25579071044922,200.5623016357422,330.3279724121094,86.3384017944336,67.4000015258789,50.91999816894531,9.270000457763672,14.989999771118164
2022-11-11,124.45819091796875,200.0061798095703,332.306396484375,90.5458984375,71.66000366210938,57.459999084472656,10.470000267028809,17.010000228881836
2022-11-14,123.17955017089844,201.8208465576172,332.3847351074219,89.03398895263672,70.2699966430664,53.220001220703125,9.5600004196167,16.280000686645508
2022-11-15,122.28730773925781,204.8745880126953,336.43951416015625,89.38212585449219,73.37999725341797,55.529998779296875,10.149999618530273,17.309999465942383
2022-11-16,122.45285034179688,205.0209503173828,335.7049865722656,86.57711791992188,69.55000305175781,48.83000183105469,9.319999694824219,15.119999885559082
2022-11-17,121.91934967041016,205.8502655029297,334.24560546875,85.1845703125,67.98999786376953,48.790000915527344,9.470000267028809,14.59000015258789
2022-11-18,123.11516571044922,205.66488647460938,336.6158142089844,84.46839141845703,65.81999969482422,45.2599983215332,9.1899995803833,13.510000228881836
2022-11-21,122.38848114013672,201.2940216064453,331.287841796875,80.20120239257812,61.849998474121094,41.22999954223633,8.850000381469727,12.960000038146973
2022-11-22,124.2190170288086,205.2063446044922,337.8596496582031,79.48504638671875,62.720001220703125,43.38999938964844,9.09000015258789,12.670000076293945
2022-11-23,125.54361724853516,206.57220458984375,341.4639587402344,80.32057189941406,63.91999816894531,45.56999969482422,9.460000038146973,13.3100004196167
2022-11-25,125.78279876708984,208.58203125,344.0593566894531,79.65413665771484,63.380001068115234,44.279998779296875,9.390000343322754,13.079999923706055
2022-11-28,123.58430480957031,206.11361694335938,337.49725341796875,79.50493621826172,61.369998931884766,42.5099983215332,9.1899995803833,12.579999923706055
2022-11-29,125.6172103881836,203.96726989746094,336.06732177734375,77.22711181640625,62.11000061035156,43.11000061035156,9.180000305175781,12.8100004196167
2022-11-30,127.10740661621094,211.7138214111328,349.0641784667969,77.9930191040039,67.7699966430664,45.72999954223633,9.59000015258789,13.920000076293945
2022-12-01,125.32288360595703,211.7138214111328,353.3736267089844,78.11237335205078,69.16999816894531,45.27000045776367,9.869999885559082,14.40999984741211
2022-12-02,124.32943725585938,212.35777282714844,352.6488342285156,74.2629623413086,68.18000030517578,47.66999816894531,9.989999771118164,14.619999885559082
2022-12-05,120.84309387207031,208.47471618652344,348.76068115234375,73.2284927368164,63.13999938964844,46.0,9.670000076293945,13.0
2022-12-06,121.04547119140625,203.9867706298828,340.376708984375,71.84588623046875,61.29999923706055,42.40999984741211,9.390000343322754,11.96500015258789
2022-12-07,120.96268463134766,202.7477264404297,340.26904296875,74.02423095703125,61.06999969482422,41.2599983215332,9.260000228881836,11.34000015258789
2022-12-08,122.23210144042969,204.00628662109375,343.9418640136719,73.82530212402344,63.369998931884766,42.810001373291016,9.520000457763672,11.619999885559082
2022-12-09,121.56979370117188,203.61602783203125,341.6500244140625,73.17874908447266,64.5999984741211,40.2400016784668,9.3100004196167,11.34000015258789
2022-12-12,123.45552062988281,209.36253356933594,350.7977294921875,73.40753173828125,66.19999694824219,42.599998474121094,9.579999923706055,12.270000457763672
2022-12-13,123.33595275878906,207.8502960205078,349.79876708984375,73.30805969238281,71.02999877929688,38.689998626708984,9.350000381469727,11.779999732971191
2022-12-14,122.71965026855469,208.12350463867188,350.1513977050781,72.2437515258789,71.25,40.189998626708984,9.09000015258789,11.300000190734863
2022-12-15,119.67487335205078,202.84527587890625,339.1231384277344,69.39895629882812,65.88999938964844,37.97999954223633,8.670000076293945,10.369999885559082
2022-12-16,118.92977142333984,201.85009765625,338.7215881347656,68.89167785644531,62.5099983215332,36.599998474121094,8.609999656677246,10.119999885559082
2022-12-19,119.63806915283203,199.83055114746094,334.2358703613281,68.58332061767578,60.439998626708984,35.16999816894531,8.199999809265137,9.479999542236328
2022-12-20,120.21760559082031,200.35739135742188,335.89105224609375,68.39434051513672,61.40999984741211,34.970001220703125,8.100000381469727,9.4399995803833
2022-12-21,121.56979370117188,201.77207946777344,338.57464599609375,68.84193420410156,62.58000183105469,35.150001525878906,8.170000076293945,9.510000228881836
2022-12-22,120.19001007080078,200.06468200683594,334.490478515625,68.2053451538086,60.59000015258789,34.59000015258789,7.989999771118164,9.149999618530273
2022-12-23,120.76030731201172,200.8159637451172,336.52764892578125,68.66289520263672,60.88999938964844,35.4900016784668,7.949999809265137,9.1899995803833
2022-12-27,121.18346405029297,201.26470947265625,339.0350036621094,67.96662902832031,59.86000061035156,32.650001525878906,7.699999809265137,8.90999984741211
2022-12-28,121.84577178955078,199.9964141845703,334.91168212890625,67.1907730102539,59.08000183105469,32.529998779296875,7.699999809265137,9.029999732971191
2022-12-29,122.54486083984375,202.99163818359375,341.042724609375,70.18475341796875,62.91999816894531,34.779998779296875,8.050000190734863,9.65999984741211
2022-12-30,123.35433959960938,202.6989288330078,340.5726623535156,70.84125518798828,62.84000015258789,35.38999938964844,8.140000343322754,9.670000076293945
2023-01-03,124.29259490966797,202.3379364013672,339.66180419921875,74.18338775634766,64.63999938964844,33.599998474121094,8.079999923706055,9.100000381469727
2023-01-04,125.45166015625,207.4307861328125,347.8399658203125,77.27684783935547,66.30000305175781,37.70000076293945,8.359999656677246,9.890000343322754
2023-01-05,125.42386627197266,205.96731567382812,344.529541015625,75.86438751220703,64.70999908447266,33.529998779296875,8.109999656677246,9.1899995803833
2023-01-06,127.82391357421875,212.44554138183594,360.68670654296875,76.07328796386719,68.98999786376953,33.2599983215332,8.25,9.0600004196167
2023-01-09,127.2956771850586,213.2748565673828,363.9239807128906,76.67008972167969,69.05999755859375,38.27000045776367,8.550000190734863,9.430000305175781
2023-01-10,128.4355010986328,215.7041778564453,363.9632263183594,77.505615234375,70.02999877929688,43.22999954223633,8.720000267028809,10.0600004196167
2023-01-11,129.38998413085938,216.68960571289062,370.6830749511719,78.12232208251953,71.66999816894531,43.790000915527344,8.760000228881836,11.319999694824219
2023-01-12,129.26022338867188,218.1725616455078,372.59613037109375,79.35572814941406,71.80000305175781,47.54999923706055,9.039999961853027,12.199999809265137
2023-01-13,132.52206420898438,217.62620544433594,368.3875732421875,79.05732727050781,71.6500015258789,49.97999954223633,9.319999694824219,12.880000114440918
2023-01-17,130.47413635253906,217.5677032470703,367.8774719238281,79.75360107421875,75.0999984741211,54.13999938964844,9.520000457763672,13.449999809265137
2023-01-18,126.55436706542969,214.11392211914062,361.9129333496094,76.89886474609375,72.11000061035156,50.209999084472656,9.3100004196167,12.979999542236328
2023-01-19,124.86783599853516,215.04078674316406,360.9515075683594,76.34184265136719,70.94000244140625,49.41999816894531,9.050000190734863,12.25
2023-01-20,125.17361450195312,218.84576416015625,369.1331481933594,78.66939544677734,76.16000366210938,55.15999984741211,9.520000457763672,14.300000190734863
2023-01-23,127.2030258178711,218.71893310546875,371.379638671875,79.07721710205078,81.66000366210938,55.959999084472656,9.710000038146973,15.449999809265137
2023-01-24,128.2965087890625,218.43600463867188,372.79229736328125,79.15679931640625,80.79000091552734,53.560001373291016,9.710000038146973,14.319999694824219
2023-01-25,128.91734313964844,219.42138671875,375.12713623046875,78.6793441772461,80.7699966430664,52.7599983215332,9.6899995803833,14.140000343322754
2023-01-26,129.7143096923828,219.2360382080078,370.0749206542969,80.3802490234375,81.19000244140625,53.02000045776367,9.640000343322754,14.359999656677246
2023-01-27,130.0293731689453,225.80209350585938,366.9258728027344,81.39482879638672,83.83000183105469,61.369998931884766,10.390000343322754,16.239999771118164
2023-01-30,128.9266357421875,223.51907348632812,364.0711364746094,79.21646881103516,79.79000091552734,56.15999984741211,10.149999618530273,15.100000381469727
2023-01-31,129.69580078125,224.60206604003906,363.5610046386719,81.05663299560547,81.72000122070312,58.47999954223633,10.40999984741211,16.190000534057617
2023-02-01,129.35289001464844,225.27523803710938,366.9748840332031,82.46908569335938,83.9000015258789,65.69999694824219,10.779999732971191,17.719999313354492
2023-02-02,128.7505645751953,223.96786499023438,367.818603515625,86.49755096435547,88.41000366210938,81.45999908447266,11.140000343322754,21.139999389648438
2023-02-03,130.74288940429688,224.52403259277344,366.8081970214844,85.06520080566406,84.70999908447266,74.62999725341797,10.739999771118164,18.149999618530273
2023-02-06,131.51202392578125,223.85081481933594,365.88604736328125,81.89216613769531,82.55000305175781,74.58999633789062,10.600000381469727,17.010000228881836
2023-02-07,133.11514282226562,225.6850128173828,367.9362487792969,82.78738403320312,83.18000030517578,71.41999816894531,10.550000190734863,17.209999084472656
2023-02-08,132.17921447753906,224.59228515625,363.3158264160156,79.29605102539062,81.12999725341797,69.44000244140625,10.470000267028809,16.020000457763672
2023-02-09,130.1219940185547,224.20127868652344,363.3843688964844,78.00296020507812,76.18000030517578,59.630001068115234,10.079999923706055,13.289999961853027
2023-02-10,130.69654846191406,222.0995330810547,359.8626403808594,80.37030792236328,75.2300033569336,57.09000015258789,9.979999542236328,12.520000457763672
2023-02-13,132.11434936523438,223.74180603027344,363.78662109375,79.02748107910156,76.81999969482422,56.400001525878906,9.920000076293945,12.699999809265137
2023-02-14,132.69813537597656,224.24038696289062,362.9332275390625,76.84913635253906,78.80000305175781,59.029998779296875,10.0600004196167,13.100000381469727
2023-02-15,133.25416564941406,223.78091430664062,362.6192626953125,77.49567413330078,82.69000244140625,69.33999633789062,10.630000114440918,14.699999809265137
2023-02-16,131.41934204101562,220.76028442382812,360.5690002441406,76.32195281982422,78.62999725341797,65.58999633789062,10.34000015258789,13.579999923706055
2023-02-17,131.80853271484375,218.541259765625,354.2708740234375,74.2629623413086,75.0199966430664,65.19999694824219,10.350000381469727,12.979999542236328
2023-02-21,129.38998413085938,215.667236328125,349.1990966796875,74.83987426757812,71.94999694824219,62.06999969482422,9.899999618530273,12.8100004196167
2023-02-22,128.3984375,215.08070373535156,348.22784423828125,75.07859802246094,72.94000244140625,61.18000030517578,9.949999809265137,13.460000038146973
2023-02-23,129.42701721191406,216.1658172607422,348.77728271484375,74.79014587402344,74.1500015258789,62.36000061035156,10.09000015258789,13.6899995803833
2023-02-24,130.5946044921875,214.6212921142578,346.4130554199219,73.15885925292969,77.36000061035156,58.439998626708984,9.59000015258789,13.069999694824219
2023-02-27,131.73443603515625,215.40330505371094,348.7281494140625,73.377685546875,75.13999938964844,58.959999084472656,9.720000267028809,12.84000015258789
2023-02-28,132.837158203125,215.0025177001953,348.5418395996094,73.20858764648438,76.7300033569336,64.83000183105469,10.069999694824219,13.619999885559082
2023-03-01,132.0958251953125,213.45799255371094,346.7857971191406,73.42742919921875,76.62999725341797,64.66999816894531,9.729999542236328,12.609999656677246
2023-03-02,130.724365234375,214.14224243164062,348.8164978027344,73.7059326171875,78.04000091552734,63.70000076293945,9.619999885559082,12.930000305175781
2023-03-03,133.1243896484375,218.74652099609375,354.6338195800781,75.88429260253906,80.87999725341797,64.51000213623047,9.899999618530273,13.630000114440918
2023-03-06,132.34600830078125,221.65963745117188,359.9607238769531,76.3716812133789,80.80999755859375,62.77000045776367,9.720000267028809,13.170000076293945
2023-03-07,128.45404052734375,218.1599884033203,353.103515625,74.51162719726562,78.04000091552734,61.88999938964844,9.420000076293945,12.0
2023-03-08,127.69416046142578,217.20199584960938,352.2108154296875,75.43667602539062,77.94999694824219,63.0099983215332,9.649999618530273,12.130000114440918
2023-03-09,120.78125,215.07093811035156,347.7079162597656,75.52620697021484,73.80000305175781,58.09000015258789,9.4399995803833,11.3100004196167
2023-03-10,123.84850311279297,211.28782653808594,340.51715087890625,73.03950500488281,71.01000213623047,53.439998626708984,9.010000228881836,10.369999885559082
2023-03-13,121.62450408935547,209.65528869628906,338.162841796875,72.22386169433594,69.45999908447266,59.16999816894531,8.989999771118164,10.329999923706055
2023-03-14,124.74737548828125,213.7512664794922,346.1187438964844,72.85050964355469,73.62999725341797,62.650001525878906,9.109999656677246,10.010000228881836
2023-03-15,118.85379791259766,211.51266479492188,341.46875,73.51695251464844,74.06999969482422,64.47000122070312,9.199999809265137,9.84000015258789
2023-03-16,121.16119384765625,212.56838989257812,341.3902282714844,73.95460510253906,75.08999633789062,67.77999877929688,9.3100004196167,9.960000038146973
2023-03-17,116.58345794677734,212.509765625,343.0186767578125,72.60183715820312,73.9800033569336,74.9800033569336,9.1899995803833,9.489999771118164
2023-03-20,117.81592559814453,213.25267028808594,342.6852111816406,72.82066345214844,74.5,75.13999938964844,8.800000190734863,9.289999961853027
2023-03-21,120.9758529663086,216.96737670898438,347.8355407714844,76.31200408935547,77.45999908447266,83.98999786376953,9.34000015258789,10.5
2023-03-22,117.85299682617188,215.10028076171875,344.3627014160156,73.94465637207031,72.6500015258789,77.13999938964844,8.930000305175781,9.760000228881836
2023-03-23,117.53792572021484,217.59300231933594,347.6392822265625,72.17412567138672,61.880001068115234,66.30000305175781,8.569999694824219,9.989999771118164
2023-03-24,115.7494888305664,216.0778045654297,344.9513244628906,73.48710632324219,60.68000030517578,67.83000183105469,8.680000305175781,10.329999923706055
2023-03-27,119.06693267822266,216.83053588867188,347.8845520019531,72.91019439697266,64.4000015258789,62.540000915527344,8.609999656677246,10.220000267028809
2023-03-28,119.42833709716797,215.3837432861328,347.60003662109375,72.3133773803711,63.7599983215332,63.040000915527344,8.670000076293945,9.470000267028809
2023-03-29,119.66926574707031,218.28709411621094,352.7012634277344,73.78550720214844,66.48999786376953,65.30000305175781,9.100000381469727,10.5
2023-03-30,119.30786895751953,217.36819458007812,352.4364318847656,73.99440002441406,68.48999786376953,64.16000366210938,9.460000038146973,10.420000076293945
2023-03-31,120.75347137451172,220.39859008789062,356.507568359375,75.5361557006836,68.6500015258789,67.56999969482422,9.710000038146973,11.270000457763672
2023-04-03,120.61445617675781,223.85911560058594,359.509521484375,74.88960266113281,67.83000183105469,63.61000061035156,9.760000228881836,11.289999961853027
2023-04-04,119.00204467773438,222.5491943359375,356.98828125,74.85977172851562,68.83999633789062,62.540000915527344,9.760000228881836,10.8100004196167
2023-04-05,119.17950439453125,223.04776000976562,357.4402770996094,73.21853637695312,67.66000366210938,60.779998779296875,9.75,10.399999618530273
2023-04-06,119.04878234863281,220.9166717529297,355.1607666015625,74.56136322021484,68.0999984741211,61.439998626708984,10.010000228881836,10.569999694824219
2023-04-10,119.44100952148438,221.3468017578125,353.8539123535156,74.12369537353516,66.36000061035156,66.12999725341797,9.979999542236328,11.130000114440918
2023-04-11,120.0293960571289,223.3214569091797,357.7743225097656,73.1886978149414,66.41999816894531,70.19000244140625,9.960000038146973,11.699999809265137
2023-04-12,120.01070404052734,222.69580078125,355.4653015136719,73.109130859375,62.7400016784668,67.83999633789062,10.010000228881836,10.9399995803833
2023-04-13,120.46834564208984,227.4662628173828,363.19793701171875,75.1183853149414,64.55999755859375,68.94999694824219,10.069999694824219,11.369999885559082
2023-04-14,129.5648651123047,228.7664337158203,365.9294738769531,76.12301635742188,64.04000091552734,69.91000366210938,10.0,11.039999961853027
2023-04-17,130.59217834472656,228.23854064941406,366.2536926269531,76.91876220703125,64.19000244140625,67.72000122070312,9.880000114440918,11.510000228881836
2023-04-18,132.05848693847656,228.35586547851562,365.82135009765625,76.01359558105469,63.900001525878906,67.26000213623047,9.84000015258789,11.680000305175781
2023-04-19,131.890380859375,227.34901428222656,366.2929992675781,74.91944122314453,62.869998931884766,64.44000244140625,9.819999694824219,11.489999771118164
2023-04-20,131.50747680664062,229.3334503173828,368.45458984375,73.1886978149414,62.36000061035156,60.5,9.729999542236328,10.920000076293945
2023-04-21,131.2552947998047,228.7957305908203,368.69036865234375,73.78550720214844,63.47999954223633,59.040000915527344,9.640000343322754,10.989999771118164
2023-04-24,131.43275451660156,227.53469848632812,368.1893310546875,73.89492797851562,64.5,54.75,9.399999618530273,10.529999732971191
2023-04-25,128.5749053955078,224.43585205078125,362.09747314453125,71.39827728271484,61.0,55.54999923706055,9.09000015258789,9.949999809265137
2023-04-26,126.29609680175781,223.02818298339844,360.3583984375,71.6767807006836,60.56999969482422,53.88999938964844,8.819999694824219,9.84000015258789
2023-04-27,127.99585723876953,223.86888122558594,367.1478576660156,73.87503051757812,60.58000183105469,54.16999816894531,8.819999694824219,10.15999984741211
2023-04-28,129.10723876953125,227.50537109375,373.39678955078125,75.59583282470703,60.790000915527344,53.790000915527344,8.850000381469727,9.859999656677246
2023-05-01,131.8717041015625,227.29031372070312,373.2297058105469,74.71056365966797,60.220001220703125,50.13999938964844,8.819999694824219,9.989999771118164
2023-05-02,129.74232482910156,221.88446044921875,369.46661376953125,71.8956069946289,57.7599983215332,51.31999969482422,8.460000038146973,9.010000228881836
2023-05-03,126.99652862548828,220.90692138671875,368.3563232421875,71.05013275146484,59.31999969482422,48.4900016784668,8.380000114440918,9.260000228881836
2023-05-04,125.2594223022461,220.5354461669922,369.5550231933594,71.42811584472656,60.43000030517578,49.220001220703125,8.479999542236328,9.130000114440918
2023-05-05,127.70633697509766,226.57669067382812,377.9459533691406,74.5713119506836,59.25,58.2400016784668,8.850000381469727,10.710000038146973
2023-05-08,128.01455688476562,227.0166015625,378.7811584472656,75.1183853149414,58.79999923706055,58.099998474121094,8.90999984741211,11.9399995803833
2023-05-09,127.39813232421875,228.02349853515625,376.2560119628906,65.55451965332031,59.31999969482422,60.209999084472656,9.109999656677246,12.300000190734863
2023-05-10,127.46353149414062,226.0782012939453,375.8630065917969,63.042945861816406,57.529998779296875,62.63999938964844,9.069999694824219,12.25
2023-05-11,127.06192016601562,226.2642364501953,376.6981506347656,63.83869171142578,57.310001373291016,60.349998474121094,9.649999618530273,12.470000267028809
2023-05-12,125.24076080322266,226.62664794921875,375.25384521484375,61.36193084716797,55.560001373291016,57.34000015258789,8.739999771118164,12.069999694824219
2023-05-15,126.29609680175781,228.0272674560547,376.7178039550781,61.91895294189453,56.869998931884766,60.77000045776367,8.649999618530273,12.800000190734863
2023-05-16,125.44622802734375,225.7353515625,373.60308837890625,60.47666549682617,55.540000915527344,57.880001068115234,8.350000381469727,12.390000343322754
2023-05-17,129.30337524414062,227.87059020996094,380.2451171875,61.133155822753906,57.7599983215332,61.040000915527344,8.460000038146973,13.15999984741211
2023-05-18,130.2840118408203,228.8010711669922,385.177490234375,60.94416809082031,59.52000045776367,60.2599983215332,8.619999885559082,14.6899995803833
2023-05-19,129.9851531982422,228.5170135498047,378.840087890625,60.59602355957031,58.650001525878906,56.779998779296875,8.470000267028809,13.760000228881836
2023-05-22,128.9111328125,226.52870178222656,377.81829833984375,62.69480514526367,60.619998931884766,61.06999969482422,8.760000228881836,14.529999732971191
2023-05-23,127.56624603271484,219.9663543701172,367.22637939453125,61.670284271240234,61.560001373291016,59.099998474121094,8.680000305175781,14.40999984741211
2023-05-24,126.39885711669922,217.68423461914062,362.06805419921875,61.47134780883789,61.86000061035156,58.36000061035156,8.600000381469727,14.300000190734863
2023-05-25,126.70704650878906,218.791015625,363.5812072753906,59.05426788330078,59.29999923706055,56.869998931884766,8.600000381469727,13.710000038146973
2023-05-26,127.89312744140625,220.38754272460938,367.8355712890625,59.899749755859375,59.0,56.91999816894531,8.819999694824219,14.079999923706055
2023-05-30,128.37876892089844,217.0867462158203,361.0854797363281,61.72001647949219,58.84000015258789,61.16999816894531,8.920000076293945,14.739999771118164
2023-05-31,126.74440002441406,216.48928833007812,358.6487731933594,61.66033935546875,60.38999938964844,62.20000076293945,8.920000076293945,14.859999656677246
2023-06-01,128.4908905029297,221.84689331054688,364.4065246582031,62.714698791503906,61.5,63.56999969482422,9.020000457763672,14.579999923706055
2023-06-02,131.18995666503906,224.08982849121094,367.2067565917969,63.61985778808594,63.459999084472656,64.55000305175781,9.34000015258789,15.699999809265137
2023-06-05,129.9010772705078,222.1113739013672,364.05279541015625,64.16693878173828,63.540000915527344,58.709999084472656,9.029999732971191,15.550000190734863
2023-06-06,130.13455200195312,223.53155517578125,373.3279724121094,64.6742172241211,65.9800033569336,51.61000061035156,9.119999885559082,15.819999694824219
2023-06-07,131.39541625976562,220.6421661376953,364.90765380859375,63.69943618774414,66.23999786376953,53.2599983215332,9.399999618530273,16.200000762939453
2023-06-08,131.43275451660156,218.46775817871094,361.1739196777344,63.89836883544922,65.08999633789062,54.900001525878906,9.5,18.850000381469727
2023-06-09,131.69427490234375,218.96730041503906,362.77545166015625,63.15235900878906,64.94000244140625,53.279998779296875,9.40999984741211,17.389999389648438
2023-06-12,131.68490600585938,221.52366638183594,368.7591552734375,63.391082763671875,64.19999694824219,50.560001373291016,9.359999656677246,18.260000228881836
2023-06-13,132.6375274658203,218.8105926513672,364.897705078125,63.221988677978516,65.5199966430664,52.400001525878906,9.600000381469727,18.739999771118164
2023-06-14,132.14251708984375,218.84979248046875,368.2187805175781,63.261775970458984,63.689998626708984,53.900001525878906,9.949999809265137,17.040000915527344
2023-06-15,133.63682556152344,221.52366638183594,372.4240417480469,65.49980926513672,66.19000244140625,54.25,9.979999542236328,17.280000686645508
2023-06-16,133.79559326171875,224.20741271972656,369.95782470703125,66.07672882080078,66.51000213623047,55.59000015258789,10.029999732971191,16.670000076293945
2023-06-20,133.1138153076172,221.81752014160156,368.0811767578125,68.52364349365234,66.80000305175781,57.09000015258789,10.0,16.049999237060547
2023-06-21,132.917724609375,222.58152770996094,369.5746765136719,67.8273696899414,65.45999908447266,58.099998474121094,9.760000228881836,15.5
2023-06-22,130.35870361328125,223.6980743408203,371.2056579589844,68.2053451538086,64.11000061035156,57.4900016784668,9.449999809265137,14.890000343322754
2023-06-23,129.6769561767578,224.83425903320312,373.18060302734375,66.58401489257812,62.86000061035156,61.470001220703125,9.489999771118164,14.8100004196167
2023-06-26,129.99447631835938,221.6510467529297,370.8323669433594,66.08667755126953,61.75,61.939998626708984,9.630000114440918,14.84000015258789
2023-06-27,130.00379943847656,222.66964721679688,375.1260986328125,65.87779235839844,63.93000030517578,69.88999938964844,9.9399995803833,15.199999809265137
2023-06-28,129.4341278076172,223.27691650390625,373.5932922363281,65.6788558959961,64.7699966430664,70.75,10.180000305175781,15.479999542236328
2023-06-29,133.95437622070312,229.5062713623047,380.9034729003906,65.50975799560547,64.38999938964844,72.43000030517578,9.970000267028809,15.380000114440918
2023-06-30,135.83157348632812,232.60133361816406,386.4351501464844,66.37512969970703,66.56999969482422,71.55000305175781,9.979999542236328,15.329999923706055
2023-07-03,136.92428588867188,233.08126831054688,387.08367919921875,67.73783874511719,66.19999694824219,79.93000030517578,10.65999984741211,16.1200008392334
2023-07-05,136.0121307373047,234.53086853027344,387.8402099609375,68.48384857177734,68.97000122070312,78.3499984741211,10.720000267028809,15.420000076293945
2023-07-06,134.66746520996094,233.9725799560547,386.83660888671875,65.78826904296875,64.61000061035156,78.0999984741211,10.40999984741211,13.789999961853027
2023-07-07,135.7300262451172,231.59249877929688,382.4480895996094,66.434814453125,67.2699966430664,78.72000122070312,10.789999961853027,13.649999618530273
2023-07-10,136.49169921875,233.26739501953125,385.8722839355469,68.91156768798828,69.05999755859375,81.20999908447266,11.210000038146973,14.779999732971191
2023-07-11,138.62632751464844,235.6082763671875,391.42181396484375,70.24444580078125,71.0999984741211,89.1500015258789,11.829999923706055,16.209999084472656
2023-07-12,139.31275939941406,237.2341766357422,394.2655029296875,70.214599609375,71.22000122070312,85.94999694824219,11.9399995803833,16.360000610351562
2023-07-13,139.9898223876953,238.31158447265625,394.13763427734375,72.0050277709961,76.19999694824219,107.0,12.449999809265137,17.450000762939453
2023-07-14,140.83615112304688,238.1646728515625,396.05633544921875,71.7165756225586,75.45999908447266,105.30999755859375,12.380000114440918,16.389999389648438
2023-07-17,144.23080444335938,238.97760009765625,395.7513427734375,73.09918212890625,78.05999755859375,105.55000305175781,12.489999771118164,17.1200008392334
2023-07-18,144.4940948486328,235.8237762451172,391.77606201171875,73.97450256347656,79.02999877929688,104.58999633789062,12.59000015258789,17.040000915527344
2023-07-19,145.04888916015625,236.4603729248047,391.8843078613281,73.82530212402344,78.19000244140625,110.1500015258789,13.119999885559082,17.649999618530273
2023-07-20,146.8355712890625,234.69737243652344,391.6777038574219,72.63167572021484,76.16999816894531,101.26000213623047,12.8100004196167,17.1200008392334
2023-07-21,145.7071533203125,234.3349609375,391.1167907714844,72.60183715820312,76.12000274658203,100.81999969482422,12.760000228881836,17.1200008392334
2023-07-24,148.57522583007812,235.79437255859375,398.2998046875,73.2981185913086,77.13999938964844,98.8499984741211,12.739999771118164,17.06999969482422
2023-07-25,147.46559143066406,233.78646850585938,394.8460693359375,72.5719985961914,76.87000274658203,97.68000030517578,12.539999961853027,17.600000381469727
2023-07-26,148.34950256347656,232.22918701171875,395.95794677734375,73.03950500488281,77.41000366210938,99.75,12.739999771118164,17.729999542236328
2023-07-27,146.7133331298828,229.62380981445312,388.1748046875,71.64694213867188,75.7699966430664,92.69000244140625,12.229999542236328,16.43000030517578
2023-07-28,147.5502471923828,230.9068603515625,386.6594543457031,73.5865707397461,78.36000061035156,94.76000213623047,12.729999542236328,17.270000457763672
2023-07-31,148.53759765625,232.84620666503906,387.958251953125,75.41678619384766,80.52999877929688,98.61000061035156,12.859999656677246,19.389999389648438
2023-08-01,147.80410766601562,234.85409545898438,390.70355224609375,75.12833404541016,78.76000213623047,94.1500015258789,12.869999885559082,19.610000610351562
2023-08-02,146.13026428222656,232.67971801757812,383.7665710449219,72.81071472167969,74.48999786376953,90.43000030517578,12.4399995803833,17.770000457763672
2023-08-03,147.02366638183594,233.8550567626953,386.7085876464844,63.83869171142578,73.55000305175781,90.75,11.539999961853027,17.450000762939453
2023-08-04,146.7133331298828,234.080322265625,385.0752258300781,62.416297912597656,63.52000045776367,87.30999755859375,11.279999732971191,16.690000534057617
2023-08-07,147.40916442871094,236.5485382080078,390.5067443847656,64.0774154663086,64.01000213623047,85.95999908447266,11.34000015258789,15.65999984741211
2023-08-08,146.58168029785156,234.37413024902344,386.8857727050781,62.85395431518555,62.380001068115234,88.04000091552734,11.100000381469727,15.800000190734863
2023-08-09,144.6163330078125,234.83450317382812,387.35809326171875,61.69017791748047,62.709999084472656,84.33999633789062,10.800000190734863,15.520000457763672
2023-08-10,144.4000701904297,235.6686248779297,390.77252197265625,62.456085205078125,62.2400016784668,83.38999938964844,10.729999542236328,14.989999771118164
2023-08-11,145.2369384765625,235.5508575439453,388.6470642089844,61.212730407714844,60.56999969482422,81.01000213623047,10.720000267028809,15.15999984741211
2023-08-14,145.53787231445312,238.3573760986328,392.1893310546875,62.933528900146484,60.150001525878906,80.80999755859375,10.649999618530273,15.130000114440918
2023-08-15,141.83290100097656,235.3448028564453,388.12554931640625,59.15373992919922,58.36000061035156,79.18000030517578,10.40999984741211,14.5
2023-08-16,141.23109436035156,234.8148651123047,388.0467834472656,59.36262130737305,57.4900016784668,79.0,10.1899995803833,14.369999885559082
2023-08-17,139.76414489746094,232.93077087402344,386.32489013671875,58.28836441040039,56.099998474121094,75.55999755859375,10.069999694824219,14.220000267028809
2023-08-18,140.08384704589844,233.71583557128906,385.8821105957031,59.10400390625,56.880001068115234,73.19000244140625,10.25,14.5
2023-08-21,140.56344604492188,234.98171997070312,386.89556884765625,59.19352722167969,57.560001373291016,75.27999877929688,10.390000343322754,14.649999618530273
2023-08-22,137.64834594726562,236.07095336914062,391.4612121582031,60.65570831298828,56.06999969482422,74.9000015258789,10.380000114440918,14.220000267028809
2023-08-23,138.57931518554688,237.7686004638672,394.62957763671875,61.431556701660156,57.220001220703125,77.77999877929688,10.5,14.510000228881836
2023-08-24,138.44766235351562,234.9915313720703,391.2939453125,60.387142181396484,55.630001068115234,73.66000366210938,10.369999885559082,13.8100004196167
2023-08-25,138.2783966064453,238.03355407714844,396.4302673339844,60.86458969116211,55.86000061035156,74.26000213623047,10.539999961853027,17.790000915527344
2023-08-28,138.7579803466797,239.26998901367188,400.9072570800781,61.342037200927734,55.869998931884766,73.70999908447266,10.550000190734863,17.950000762939453
2023-08-29,139.88636779785156,240.75173950195312,405.0497741699219,62.167625427246094,57.7599983215332,84.69999694824219,11.020000457763672,19.149999618530273
2023-08-30,139.32217407226562,241.62509155273438,407.2735595703125,63.082733154296875,57.720001220703125,83.83000183105469,11.0600004196167,20.030000686645508
2023-08-31,137.60134887695312,241.0853729248047,406.02392578125,62.17757034301758,57.650001525878906,79.5999984741211,10.890000343322754,20.809999465942383
2023-09-01,138.0620880126953,243.46994018554688,408.9069519042969,63.23193359375,58.16999816894531,77.98999786376953,11.109999656677246,21.860000610351562
2023-09-05,136.53875732421875,240.75173950195312,404.9022216796875,63.401031494140625,58.7400016784668,77.5,10.819999694824219,21.93000030517578
2023-09-06,136.31304931640625,241.55638122558594,406.5552673339844,62.46603012084961,57.63999938964844,78.04000091552734,10.789999961853027,22.100000381469727
2023-09-07,135.1470184326172,242.51806640625,407.9721984863281,61.322147369384766,56.040000915527344,81.79000091552734,10.739999771118164,22.479999542236328
2023-09-08,135.25045776367188,242.665283203125,408.1885986328125,60.65570831298828,53.08000183105469,82.08999633789062,10.739999771118164,22.469999313354492
2023-09-11,135.84291076660156,242.59657287597656,410.0090026855469,61.60065841674805,53.939998626708984,80.62000274658203,10.84000015258789,23.56999969482422
2023-09-12,137.6107177734375,242.67510986328125,409.595703125,62.475975036621094,54.33000183105469,81.31999969482422,10.800000190734863,23.8700008392334
2023-09-13,137.6765594482422,243.19515991210938,409.62518310546875,62.50581741333008,54.150001525878906,79.86000061035156,10.619999885559082,23.350000381469727
2023-09-14,140.34713745117188,236.9835662841797,406.71270751953125,64.09730529785156,53.849998474121094,83.44999694824219,10.569999694824219,23.6200008392334
2023-09-15,139.93338012695312,236.56161499023438,407.6671447753906,63.8685302734375,52.83000183105469,82.1500015258789,10.670000076293945,24.3700008392334
2023-09-18,140.22491455078125,240.08445739746094,410.44195556640625,62.60528564453125,51.25,81.61000061035156,10.600000381469727,25.010000228881836
2023-09-19,140.04624938964844,239.00502014160156,406.8996276855469,61.85927200317383,49.79999923706055,78.12999725341797,10.470000267028809,23.75
2023-09-20,139.45382690429688,237.33682250976562,403.9378967285156,60.536346435546875,47.56999969482422,76.66999816894531,10.220000267028809,23.100000381469727
2023-09-21,138.36300659179688,232.18499755859375,396.8926696777344,58.308258056640625,45.619998931884766,74.41999816894531,9.829999923706055,21.25
2023-09-22,137.037109375,230.68360900878906,395.7710266113281,57.57219314575195,44.709999084472656,70.95999908447266,9.699999809265137,20.18000030517578
2023-09-25,137.7141571044922,228.9957733154297,396.0366516113281,58.5469856262207,45.59000015258789,71.75,9.680000305175781,20.219999313354492
2023-09-26,136.28482055664062,225.35516357421875,389.0406799316406,58.616607666015625,44.810001373291016,70.5199966430664,9.529999732971191,19.90999984741211
2023-09-27,137.08413696289062,225.2079620361328,389.1390686035156,57.03506851196289,44.13999938964844,71.5199966430664,9.569999694824219,20.260000228881836
2023-09-28,138.7861785888672,227.32757568359375,393.0354919433594,57.870601654052734,44.349998474121094,75.16000366210938,9.680000305175781,20.850000381469727
2023-09-29,136.36947631835938,225.70840454101562,389.5621643066406,58.14910888671875,44.2599983215332,75.08000183105469,9.8100004196167,21.270000457763672
2023-10-02,135.1940460205078,226.94488525390625,389.503173828125,58.24858093261719,43.189998626708984,75.30999755859375,9.729999542236328,20.450000762939453
2023-10-03,134.19729614257812,224.5308837890625,384.7899169921875,56.995277404785156,41.900001525878906,72.4800033569336,9.529999732971191,18.280000686645508
2023-10-04,134.79908752441406,226.89581298828125,387.4466247558594,58.25852584838867,41.900001525878906,73.47000122070312,9.680000305175781,17.899999618530273
2023-10-05,135.36746215820312,229.11354064941406,388.44189453125,57.174320220947266,42.63999938964844,74.62000274658203,9.729999542236328,17.510000228881836
2023-10-06,137.4514923095703,230.64434814453125,392.15679931640625,57.4627799987793,43.83000183105469,78.45999908447266,9.930000305175781,17.940000534057617
2023-10-09,137.13890075683594,230.05560302734375,388.9739685058594,57.65176773071289,43.709999084472656,79.0999984741211,9.869999885559082,18.790000915527344
2023-10-10,137.9724884033203,232.17518615722656,394.5217590332031,57.413047790527344,46.0,79.62000274658203,10.039999961853027,19.700000762939453
2023-10-11,138.44613647460938,231.27239990234375,393.96990966796875,57.76118087768555,46.689998626708984,77.3499984741211,9.720000267028809,20.1299991607666
2023-10-12,138.1240997314453,232.35183715820312,394.0586242675781,56.055301666259766,45.45000076293945,75.19000244140625,9.289999961853027,18.600000381469727
2023-10-13,140.1986541748047,233.2251739501953,392.2159118652344,55.453521728515625,43.16999816894531,73.43000030517578,9.140000343322754,18.0
2023-10-16,140.0565185546875,235.58030700683594,395.30023193359375,56.69687271118164,44.7599983215332,75.20999908447266,9.319999694824219,18.8799991607666
2023-10-17,139.75340270996094,236.68917846679688,395.90130615234375,56.85602569580078,45.900001525878906,77.45999908447266,9.600000381469727,19.969999313354492
2023-10-18,138.2187957763672,233.02890014648438,387.46630859375,55.50325393676758,44.58000183105469,73.93000030517578,9.210000038146973,18.799999237060547
2023-10-19,137.6314697265625,229.43736267089844,382.2043151855469,54.51852035522461,44.16999816894531,73.0999984741211,8.970000267028809,18.290000915527344
2023-10-20,135.41482543945312,229.01539611816406,378.79486083984375,53.10607147216797,43.97999954223633,74.66000366210938,9.130000114440918,18.25
2023-10-23,133.567626953125,227.1999969482422,378.0657043457031,53.16575622558594,43.900001525878906,77.20999908447266,9.170000076293945,18.5
2023-10-24,133.7286834716797,230.2616424560547,381.25836181640625,53.95155334472656,45.349998474121094,82.06999969482422,9.319999694824219,19.559999465942383
2023-10-25,132.999267578125,232.4205322265625,380.6670837402344,51.21617889404297,41.720001220703125,77.79000091552734,9.029999732971191,16.639999389648438
2023-10-26,133.34027099609375,226.95468139648438,359.26434326171875,51.47479248046875,41.68000030517578,74.61000061035156,9.100000381469727,17.420000076293945
2023-10-27,128.5375213623047,224.98228454589844,358.7618408203125,50.12202835083008,40.02000045776367,70.77999877929688,8.899999618530273,16.93000030517578
2023-10-30,130.1763153076172,228.7210235595703,366.98004150390625,50.77851486206055,39.220001220703125,73.5999984741211,9.079999923706055,17.100000381469727
2023-10-31,131.7298583984375,230.70326232910156,370.8526306152344,51.5245246887207,40.25,77.12000274658203,9.140000343322754,17.610000610351562
2023-11-01,131.6162109375,234.1181640625,372.3011169433594,51.38527297973633,40.959999084472656,77.80999755859375,9.079999923706055,17.610000610351562
2023-11-02,133.9654998779297,238.7008056640625,377.1000061035156,54.76719284057617,43.97999954223633,84.5999984741211,9.479999542236328,21.040000915527344
2023-11-03,135.4622039794922,239.04428100585938,380.4109191894531,55.801658630371094,48.68000030517578,85.80000305175781,9.6899995803833,22.43000030517578
2023-11-06,136.4852752685547,238.9363555908203,380.519287109375,54.32952880859375,49.52000045776367,86.37000274658203,9.59000015258789,21.709999084472656
2023-11-07,136.4189453125,240.19239807128906,383.189697265625,54.3394775390625,51.04999923706055,89.06999969482422,9.760000228881836,22.09000015258789
2023-11-08,137.09153747558594,239.85806274414062,384.0075988769531,54.787086486816406,52.27000045776367,88.31999969482422,8.364999771118164,21.760000228881836
2023-11-09,136.6842041015625,237.62574768066406,382.2929992675781,53.991336822509766,51.04999923706055,92.86000061035156,7.929999828338623,24.860000610351562
2023-11-10,138.7113800048828,241.17576599121094,388.6192626953125,54.478736877441406,51.5,92.91999816894531,8.229999542236328,22.43000030517578
2023-11-13,138.0956268310547,240.6053924560547,388.5896911621094,54.10075378417969,52.02000045776367,92.63999938964844,8.3100004196167,22.8799991607666
2023-11-14,140.61546325683594,242.8377227783203,391.8414611816406,56.378578186035156,55.099998474121094,92.08999633789062,8.5,25.559999465942383
2023-11-15,141.84690856933594,243.98828125,391.0334167480469,57.94022750854492,56.29999923706055,98.1500015258789,8.329999923706055,25.979999542236328
2023-11-16,143.466796875,244.44064331054688,391.29949951171875,56.51782989501953,56.279998779296875,96.91999816894531,7.940000057220459,24.540000915527344
2023-11-17,144.7645721435547,245.4141845703125,394.4527282714844,56.23931884765625,58.189998626708984,99.05000305175781,8.100000381469727,24.790000915527344
2023-11-20,145.2097930908203,245.81736755371094,398.4928894042969,56.686927795410156,59.27000045776367,106.0999984741211,8.130000114440918,25.459999084472656
2023-11-21,144.9066619873047,248.03981018066406,402.9764404296875,55.105384826660156,58.66999816894531,105.48999786376953,7.980000019073486,25.030000686645508
2023-11-22,145.24766540527344,249.50509643554688,404.33624267578125,56.040382385253906,59.02000045776367,109.25,8.220000267028809,25.56999969482422
2023-11-24,145.4466094970703,250.07542419433594,406.47454833984375,55.46346664428711,59.650001525878906,115.54000091552734,8.289999961853027,26.229999542236328
2023-11-27,145.11505126953125,249.91810607910156,402.9961242675781,56.090118408203125,60.310001373291016,119.7699966430664,8.390000343322754,29.3700008392334
2023-11-28,145.4466094970703,248.73800659179688,403.0355529785156,58.1590576171875,63.34000015258789,128.27000427246094,8.640000343322754,32.75
2023-11-29,146.18551635742188,250.006591796875,403.83367919921875,57.66171646118164,63.72999954223633,127.81999969482422,8.920000076293945,34.119998931884766
2023-11-30,147.8527069091797,252.4158935546875,407.7850646972656,57.30363082885742,63.43000030517578,124.72000122070312,8.800000190734863,34.40999984741211
2023-12-01,148.57264709472656,252.1897430419922,408.307373046875,59.33278274536133,65.04000091552734,133.75999450683594,9.319999694824219,37.66999816894531
2023-12-04,149.6620635986328,250.21311950683594,402.26690673828125,59.531715393066406,65.0,141.08999633789062,9.550000190734863,38.560001373291016
2023-12-05,149.6431121826172,250.3802947998047,402.72021484375,57.61198043823242,64.88999938964844,140.1999969482422,10.529999732971191,38.189998626708984
2023-12-06,148.0706024169922,250.0655975341797,404.385498046875,59.21342086791992,68.0,134.6300048828125,11.270000457763672,38.380001068115234
2023-12-07,148.52529907226562,251.5701904296875,407.114990234375,58.169002532958984,68.47000122070312,136.19000244140625,11.479999542236328,39.40999984741211
2023-12-08,150.16412353515625,251.49151611328125,406.1395263671875,58.626556396484375,69.16999816894531,146.6199951171875,11.729999542236328,42.06999969482422
2023-12-11,150.71356201171875,252.258544921875,409.6376647949219,58.72602844238281,68.55999755859375,138.02000427246094,11.710000038146973,39.91999816894531
2023-12-12,152.05868530273438,255.24807739257812,414.60400390625,58.57682418823242,69.56999969482422,139.6199951171875,11.630000114440918,39.52000045776367
2023-12-13,152.57022094726562,258.0212097167969,418.47662353515625,61.40171813964844,70.05999755859375,150.4600067138672,11.989999771118164,44.400001525878906
2023-12-14,155.34580993652344,254.4318389892578,412.446044921875,61.54097366333008,74.76000213623047,153.6300048828125,12.09000015258789,44.84000015258789
2023-12-15,156.52041625976562,253.74349975585938,412.4558410644531,60.93421936035156,74.20999908447266,147.89999389648438,11.6899995803833,43.970001220703125
2023-12-18,157.4676971435547,254.0778045654297,418.2302551269531,61.143104553222656,73.87999725341797,153.42999267578125,11.930000305175781,43.70000076293945
2023-12-19,159.57069396972656,255.67091369628906,419.25506591796875,62.67491149902344,77.30999755859375,161.16000366210938,13.170000076293945,50.459999084472656
2023-12-20,157.7708282470703,252.83872985839844,413.3230895996094,61.41166687011719,76.11000061035156,161.86000061035156,12.619999885559082,45.5099983215332
2023-12-21,158.67074584960938,255.2283935546875,417.2547912597656,61.72996520996094,76.9000015258789,168.02999877929688,12.890000343322754,47.939998626708984
2023-12-22,158.57601928710938,254.13685607910156,417.9051513671875,61.51113510131836,77.13999938964844,175.47999572753906,12.949999809265137,49.060001373291016
2023-12-26,159.5138397216797,254.85470581054688,417.4814147949219,62.22731018066406,78.18000030517578,172.0500030517578,12.9399995803833,50.040000915527344
2023-12-27,160.4706268310547,254.6284637451172,418.1612854003906,62.3466682434082,79.5999984741211,185.24000549316406,13.260000228881836,51.2400016784668
2023-12-28,161.32315063476562,256.0740661621094,420.0926513671875,62.74454116821289,79.51000213623047,186.36000061035156,13.180000305175781,51.38999938964844
2023-12-29,161.1337127685547,256.0249328613281,420.2799072265625,61.08342361450195,77.3499984741211,173.9199981689453,12.739999771118164,49.13999938964844
2024-01-02,163.0093231201172,254.56954956054688,415.7273864746094,61.133155822753906,72.22000122070312,156.8800048828125,12.369999885559082,46.599998474121094
2024-01-03,162.29888916015625,253.6943359375,412.65301513671875,58.318206787109375,68.62999725341797,152.24000549316406,11.789999961853027,43.4900016784668
2024-01-04,163.37591552734375,255.2971954345703,413.6383056640625,58.139163970947266,68.1500015258789,155.60000610351562,11.979999542236328,42.5
2024-01-05,164.1956024169922,255.3759002685547,413.2934875488281,59.8002815246582,66.95999908447266,153.97999572753906,11.890000343322754,43.0099983215332
2024-01-08,163.9573211669922,258.1785888671875,416.4714660644531,61.41166687011719,69.30999755859375,159.4199981689453,12.420000076293945,45.34000015258789
2024-01-09,162.66107177734375,258.9554138183594,417.0833740234375,60.725337982177734,69.52999877929688,151.99000549316406,12.199999809265137,44.06999969482422
2024-01-10,163.0041961669922,260.16497802734375,422.6793212890625,60.63581466674805,67.9000015258789,151.2899932861328,12.140000343322754,43.560001373291016
2024-01-11,162.3179168701172,259.6437683105469,421.14959716796875,61.023738861083984,67.87000274658203,141.16000366210938,11.710000038146973,42.810001373291016
2024-01-12,161.12652587890625,259.7815246582031,423.49847412109375,60.675601959228516,66.4800033569336,130.77999877929688,11.020000457763672,41.790000915527344
2024-01-16,160.1162109375,260.8336486816406,422.75830078125,58.139163970947266,65.16000366210938,133.8800048828125,10.930000305175781,40.97999954223633
2024-01-17,159.25840759277344,262.2005615234375,421.8404541015625,59.57150650024414,63.900001525878906,133.86000061035156,10.649999618530273,41.0099983215332
2024-01-18,159.5729217529297,263.6855163574219,425.09735107421875,61.75980758666992,64.47000122070312,124.33999633789062,10.670000076293945,40.13999938964844
2024-01-19,162.32745361328125,266.3996276855469,431.0782775878906,65.46996307373047,65.8499984741211,124.75,10.710000038146973,42.17499923706055
2024-01-22,162.13685607910156,266.6947021484375,434.00946044921875,63.401031494140625,66.69000244140625,128.2100067138672,10.989999771118164,44.349998474121094
2024-01-23,161.06935119628906,266.753662109375,433.03240966796875,64.43550109863281,66.19999694824219,124.19000244140625,10.949999809265137,41.880001068115234
2024-01-24,162.50856018066406,267.1371765136719,432.97320556640625,62.68486022949219,62.56999969482422,121.33999633789062,10.8100004196167,40.4900016784668
2024-01-25,164.83421325683594,268.08123779296875,431.0979919433594,60.387142181396484,62.709999084472656,121.01000213623047,10.699999809265137,40.709999084472656
2024-01-26,164.2051239013672,263.4888610839844,432.8053894042969,61.45145034790039,64.97000122070312,125.19999694824219,10.789999961853027,41.34000015258789
2024-01-29,164.634033203125,269.11383056640625,434.8285827636719,63.420921325683594,68.9800033569336,132.82000732421875,11.3100004196167,43.77000045776367
2024-01-30,168.0081329345703,272.54583740234375,439.37847900390625,63.341346740722656,68.22000122070312,130.82000732421875,11.010000228881836,42.72999954223633
2024-01-31,166.18765258789062,268.7204895019531,443.3657531738281,61.023738861083984,65.01000213623047,128.1999969482422,10.739999771118164,40.5099983215332
2024-02-01,165.58717346191406,272.44744873046875,454.9031066894531,61.69017791748047,66.66999816894531,128.9499969482422,10.90999984741211,39.66999816894531
2024-02-02,166.540283203125,272.5753479003906,454.5675048828125,62.08804702758789,67.87999725341797,129.22000122070312,10.920000076293945,41.0099983215332
2024-02-05,166.32107543945312,271.0019226074219,450.7974548339844,61.212730407714844,65.8499984741211,117.30000305175781,10.5600004196167,41.54999923706055
2024-02-06,166.8929443359375,272.162353515625,454.4886169433594,63.37118911743164,67.0,119.79000091552734,10.779999732971191,43.43000030517578
2024-02-07,167.2074737548828,274.7486572265625,455.88018798828125,62.90369415283203,68.30999755859375,122.06999969482422,11.0,44.61000061035156
2024-02-08,166.60702514648438,271.7043151855469,452.27783203125,55.83150100708008,68.83000183105469,132.5500030517578,11.220000267028809,49.220001220703125
2024-02-09,166.8071746826172,272.3446960449219,451.90277099609375,58.59671401977539,66.87999725341797,141.99000549316406,11.550000190734863,43.86000061035156
2024-02-12,167.55059814453125,271.0047912597656,452.7219543457031,59.770442962646484,68.83999633789062,147.30999755859375,12.010000228881836,45.0
2024-02-13,166.09231567382812,271.7338562011719,454.4491271972656,57.95016860961914,64.9800033569336,140.38999938964844,11.84000015258789,39.75
2024-02-14,167.77935791015625,273.4579772949219,459.1174011230469,58.55693054199219,67.41000366210938,160.3800048828125,13.380000114440918,40.9900016784668
2024-02-15,171.43939208984375,276.82745361328125,465.1278991699219,59.38251876831055,69.4800033569336,165.6699981689453,13.420000076293945,41.560001373291016
2024-02-16,170.63877868652344,274.4432373046875,462.01898193359375,58.82549285888672,65.63999938964844,180.30999755859375,14.0,38.13999938964844
2024-02-20,171.30596923828125,271.0835876464844,445.8528137207031,58.318206787109375,65.7300033569336,173.3000030517578,14.09000015258789,37.9900016784668
2024-02-21,172.42108154296875,272.6698303222656,453.0575256347656,57.174320220947266,64.47000122070312,162.41000366210938,13.59000015258789,36.66999816894531
2024-02-22,174.48941040039062,279.55645751953125,465.4042053222656,58.03969192504883,67.95999908447266,170.91000366210938,13.970000267028809,37.33000183105469
2024-02-23,175.3662872314453,279.40875244140625,467.2399597167969,58.84538650512695,78.91999816894531,165.97999572753906,14.479999542236328,36.97999954223633
2024-02-26,174.76580810546875,279.9505615234375,468.31573486328125,59.014488220214844,74.66000366210938,193.94000244140625,15.59000015258789,37.349998474121094
2024-02-27,174.85159301757812,278.985107421875,468.5526123046875,59.84006881713867,77.70999908447266,199.22000122070312,16.25,39.29999923706055
2024-02-28,175.7379913330078,281.40875244140625,472.5989990234375,59.929588317871094,78.41999816894531,200.8000030517578,16.1299991607666,37.5
2024-02-29,177.33924865722656,278.46295166015625,468.56243896484375,60.01911163330078,79.47000122070312,203.55999755859375,16.309999465942383,37.52000045776367
2024-03-01,176.6053466796875,278.9752197265625,470.4080505371094,60.218048095703125,79.25,205.77000427246094,16.579999923706055,38.0099983215332
2024-03-04,177.93019104003906,276.3840637207031,462.3742980957031,59.66102600097656,77.0,229.14999389648438,16.6299991607666,37.66999816894531
2024-03-05,179.71255493164062,275.25115966796875,461.4169006347656,57.96011734008789,74.43000030517578,216.77000427246094,15.930000305175781,36.02000045776367
2024-03-06,180.64657592773438,276.28558349609375,465.44366455078125,57.810916900634766,75.52999877929688,238.5500030517578,16.399999618530273,36.869998931884766
2024-03-07,179.06439208984375,274.1476745605469,461.4366760253906,58.18889617919922,77.22000122070312,242.6199951171875,16.360000610351562,36.59000015258789
2024-03-08,179.39801025390625,275.9013366699219,463.1343078613281,58.69618225097656,80.73999786376953,256.6199951171875,17.0,38.7599983215332
2024-03-11,179.4647216796875,276.41363525390625,463.0355529785156,59.760498046875,81.52999877929688,254.1699981689453,16.860000610351562,37.209999084472656
2024-03-12,180.9420928955078,279.7240295410156,466.6971130371094,59.710758209228516,81.70999908447266,256.1400146484375,16.389999389648438,37.52000045776367
2024-03-13,182.409912109375,280.9259948730469,469.4013366699219,62.117889404296875,85.72000122070312,251.72999572753906,17.15999984741211,38.790000915527344
2024-03-14,179.1597442626953,282.1772155761719,473.2208251953125,62.66496658325195,81.23999786376953,233.6699981689453,18.049999237060547,33.41999816894531
2024-03-15,181.3805389404297,278.8570556640625,469.61846923828125,62.51576232910156,80.16999816894531,242.36000061035156,18.149999618530273,33.709999084472656
2024-03-18,183.6299285888672,280.8373107910156,472.6385498046875,63.888427734375,80.86000061035156,239.6199951171875,18.209999084472656,34.209999084472656
2024-03-19,184.70693969726562,283.1033020019531,477.6817932128906,62.67491149902344,79.31999969482422,230.1199951171875,17.239999771118164,33.91999816894531
2024-03-20,187.12789916992188,285.0047607421875,481.6690979003906,64.70406341552734,81.45999908447266,256.8800048828125,18.559999465942383,37.790000915527344
2024-03-21,189.72991943359375,286.0787048339844,482.26129150390625,65.78826904296875,84.05000305175781,262.0,19.09000015258789,37.5099983215332
2024-03-22,187.40428161621094,279.07373046875,475.3822326660156,64.42555236816406,80.7699966430664,255.50999450683594,18.299999237060547,36.040000915527344
2024-03-25,185.6886749267578,277.0540466308594,469.8258056640625,65.64900970458984,82.62000274658203,279.7099914550781,19.079999923706055,36.630001068115234
2024-03-26,186.5560302734375,276.4530334472656,470.5758056640625,66.31544494628906,83.80000305175781,266.80999755859375,19.280000686645508,37.33000183105469
2024-03-27,190.16839599609375,274.89642333984375,471.7108154296875,66.21598052978516,83.18000030517578,256.70001220703125,20.010000228881836,36.720001220703125
2024-03-28,190.91183471679688,274.95550537109375,475.2835388183594,66.63375091552734,84.58000183105469,265.1199951171875,20.1299991607666,37.2599983215332
2024-04-01,189.61557006835938,274.1673583984375,472.1549377441406,64.68416595458984,81.45999908447266,252.11000061035156,19.40999984741211,34.83000183105469
2024-04-02,189.53932189941406,274.3249816894531,473.1714782714844,64.3161392211914,79.20999908447266,245.83999633789062,19.200000762939453,34.09000015258789
2024-04-03,189.0055694580078,272.86688232421875,471.187744140625,64.99251556396484,79.6500015258789,251.5800018310547,19.209999084472656,33.65999984741211
2024-04-04,187.56753540039062,269.95062255859375,463.6376037597656,64.19677734375,74.7300033569336,249.61000061035156,18.450000762939453,32.11000061035156
2024-04-05,189.2931671142578,273.044189453125,470.92120361328125,64.80353546142578,77.16999816894531,240.89999389648438,18.399999618530273,32.869998931884766
2024-04-08,190.28062438964844,273.65509033203125,473.25360107421875,65.98719787597656,78.3499984741211,256.989990234375,18.559999465942383,34.11000061035156
2024-04-09,189.00555419921875,272.6304016113281,466.6418762207031,66.6436996459961,79.9800033569336,242.9499969482422,18.299999237060547,35.369998931884766
2024-04-10,187.3949432373047,270.42352294921875,463.6867980957031,65.52964782714844,78.51000213623047,250.99000549316406,18.34000015258789,33.56999969482422
2024-04-11,187.35662841796875,271.60577392578125,462.8368225097656,65.4500732421875,80.05999755859375,263.010009765625,19.0,33.79999923706055
2024-04-12,175.23876953125,271.8816223144531,459.9410705566406,64.24650573730469,76.98999786376953,245.75,17.969999313354492,32.619998931884766
2024-04-15,175.33465576171875,267.2707824707031,454.4164123535156,63.1722526550293,73.5,223.41000366210938,17.190000534057617,31.059999465942383
2024-04-16,173.33099365234375,267.33978271484375,454.44610595703125,63.092681884765625,73.13999938964844,218.8300018310547,17.309999465942383,30.920000076293945
2024-04-17,172.6407470703125,268.659912109375,454.7821044921875,62.923580169677734,73.51000213623047,213.77999877929688,17.079999923706055,30.8700008392334
2024-04-18,173.76242065429688,267.35943603515625,449.3858947753906,61.769752502441406,72.05999755859375,218.0800018310547,17.079999923706055,31.149999618530273
2024-04-19,178.1244354248047,265.79296875,450.0678405761719,61.9786376953125,70.41999816894531,211.00999450683594,16.6299991607666,31.010000228881836
2024-04-22,181.5853271484375,268.3052978515625,451.41192626953125,62.85395431518555,71.5999984741211,225.86000061035156,17.190000534057617,31.96500015258789
2024-04-23,184.2025146484375,270.0589599609375,457.4110412597656,64.08736419677734,75.20999908447266,236.42999267578125,17.6200008392334,32.7599983215332
2024-04-24,185.1036834716797,270.9555358886719,457.0947570800781,64.49517822265625,74.02999877929688,224.3699951171875,17.309999465942383,32.08000183105469
2024-04-25,185.38169860839844,271.0934753417969,456.70928955078125,63.759117126464844,72.79000091552734,223.61000061035156,17.1200008392334,31.649999618530273
2024-04-26,185.4967498779297,270.462890625,457.01568603515625,65.60922241210938,74.4800033569336,236.32000732421875,17.8799991607666,33.33000183105469
2024-04-29,185.29544067382812,267.8225402832031,451.75787353515625,66.63375091552734,75.30999755859375,218.16000366210938,17.34000015258789,33.41999816894531
2024-04-30,183.81906127929688,264.6402587890625,445.9267883300781,67.55879974365234,73.0,203.92999267578125,16.489999771118164,31.8799991607666
2024-05-01,183.93408203125,263.3692626953125,436.9035339355469,65.78826904296875,66.83999633789062,210.08999633789062,16.649999618530273,32.119998931884766
2024-05-02,183.7423553466797,263.655029296875,435.9448547363281,66.62380981445312,70.30000305175781,228.85000610351562,17.610000610351562,34.439998626708984
2024-05-03,182.63986206054688,264.5220642089844,438.3958435058594,65.3506088256836,69.47000122070312,223.25,17.950000762939453,34.93000030517578
2024-05-06,184.06829833984375,268.6402893066406,444.1181945800781,65.2610855102539,73.52999877929688,226.92999267578125,17.780000686645508,36.02000045776367
2024-05-07,183.8286590576172,272.37420654296875,447.7650451660156,65.5694351196289,71.5999984741211,214.33999633789062,17.989999771118164,34.900001525878906
2024-05-08,187.56753540039062,273.0934143066406,449.4550476074219,63.47066116333008,71.13999938964844,211.1999969482422,17.850000381469727,31.579999923706055
2024-05-09,189.3411102294922,274.42352294921875,450.1666259765625,64.10724639892578,73.19999694824219,210.4499969482422,17.299999237060547,34.810001373291016
2024-05-10,190.5586395263672,276.5909729003906,451.6392822265625,62.595340728759766,71.30999755859375,200.9199981689453,16.229999542236328,31.59000015258789
2024-05-13,190.52027893066406,275.26092529296875,452.4101867675781,63.60991287231445,69.73999786376953,199.50999450683594,16.889999389648438,32.0099983215332
2024-05-14,193.1854248046875,273.6353454589844,448.8917541503906,64.23656463623047,71.19999694824219,203.0500030517578,18.020000457763672,33.439998626708984
2024-05-15,193.76063537597656,277.3397521972656,452.6473388671875,63.5601806640625,71.5199966430664,219.91000366210938,18.520000457763672,32.29999923706055
2024-05-16,194.10577392578125,276.2145080566406,453.50714111328125,63.759117126464844,71.75,199.1699981689453,17.899999618530273,31.31999969482422
2024-05-17,196.32992553710938,276.47119140625,454.8907775878906,64.13709259033203,72.26000213623047,207.60000610351562,20.09000015258789,33.83000183105469
2024-05-20,187.50042724609375,274.931396484375,454.2879333496094,64.42555236816406,73.54000091552734,225.19000244140625,20.84000015258789,33.029998779296875
2024-05-21,191.27767944335938,272.37493896484375,453.7344970703125,63.759117126464844,71.51000213623047,225.77999877929688,20.959999084472656,32.279998779296875
2024-05-22,190.11764526367188,272.00970458984375,451.1846008300781,61.85927200317383,67.33999633789062,231.50999450683594,19.65999984741211,30.610000610351562
2024-05-23,188.78506469726562,270.6772155761719,445.9366760253906,61.25251770019531,66.62000274658203,218.86000061035156,19.239999771118164,29.68000030517578
2024-05-24,192.41851806640625,270.9338684082031,445.9070129394531,61.312198638916016,66.33999633789062,237.64999389648438,20.510000228881836,30.030000686645508
2024-05-28,191.2584686279297,267.4693603515625,439.87835693359375,61.839378356933594,66.08000183105469,245.0,20.469999313354492,29.639999389648438
2024-05-29,189.9259033203125,265.3768005371094,437.298828125,60.725337982177734,65.55999755859375,236.64999389648438,21.084999084472656,28.719999313354492
2024-05-30,191.0955047607422,267.78515625,436.93316650390625,62.17757034301758,65.0199966430664,234.75999450683594,21.84000015258789,29.360000610351562
2024-05-31,194.25917053222656,268.93011474609375,441.8450927734375,62.65502166748047,64.08000183105469,225.9199981689453,20.899999618530273,29.270000457763672
2024-06-03,193.48265075683594,266.8770751953125,438.01043701171875,63.12251663208008,64.30000305175781,231.38999938964844,21.280000686645508,28.809999465942383
2024-06-04,190.9325408935547,268.89068603515625,439.5719299316406,62.99321365356445,64.25,244.1999969482422,20.780000686645508,30.139999389648438
2024-06-05,189.11102294921875,270.9436950683594,441.4399108886719,63.19214630126953,64.80000305175781,251.39999389648438,21.56999969482422,31.0
2024-06-06,188.77545166015625,273.4508056640625,443.43621826171875,66.66358947753906,66.4000015258789,257.0799865722656,22.969999313354492,31.190000534057617
2024-06-07,191.6898956298828,275.0596923828125,444.5333251953125,66.94210052490234,65.0999984741211,244.16000366210938,22.18000030517578,30.049999237060547
2024-06-10,191.3639373779297,271.4767150878906,443.9996032714844,66.73320770263672,64.33999633789062,249.80999755859375,23.420000076293945,30.440000534057617
2024-06-11,186.33082580566406,271.1115417480469,443.7920227050781,64.42555236816406,64.16000366210938,244.1999969482422,23.219999313354492,33.79999923706055
2024-06-12,183.6177215576172,266.81787109375,437.8226318359375,63.092681884765625,64.62999725341797,254.9600067138672,23.700000762939453,35.75
2024-06-13,185.6597442626953,267.6766052246094,439.79925537109375,61.212730407714844,62.36000061035156,247.63999938964844,23.309999465942383,33.43000030517578
2024-06-14,185.7747802734375,267.1534729003906,439.4335632324219,60.31254196166992,62.150001525878906,244.5,22.420000076293945,30.899999618530273
2024-06-17,186.92518615722656,267.6568603515625,442.8729248046875,59.81023025512695,62.5,245.10000610351562,22.25,30.809999465942383
2024-06-18,188.86175537109375,270.0751037597656,444.8495178222656,58.80559539794922,61.900001525878906,235.9499969482422,21.860000610351562,30.530000686645508
2024-06-20,190.46278381347656,273.2336730957031,447.22149658203125,59.48198318481445,62.7400016784668,235.02999877929688,21.729999542236328,30.139999389648438
2024-06-21,188.19068908691406,271.6544189453125,449.5341491699219,60.28767776489258,62.970001220703125,225.86000061035156,22.290000915527344,29.8700008392334
2024-06-24,190.6641082763672,272.7203674316406,451.6195068359375,59.17363357543945,64.4000015258789,212.30999755859375,21.3700008392334,33.70000076293945
2024-06-25,189.8875732421875,269.98626708984375,450.3248291015625,59.014488220214844,64.0199966430664,221.7100067138672,22.139999389648438,32.970001220703125
2024-06-26,189.27398681640625,270.055419921875,447.093017578125,57.95016860961914,63.290000915527344,214.5800018310547,22.309999465942383,31.40999984741211
2024-06-27,190.94210815429688,263.1361999511719,437.5755310058594,58.05958938598633,63.38999938964844,224.0,22.59000015258789,30.459999084472656
2024-06-28,193.90444946289062,259.069580078125,436.0041198730469,57.721397399902344,64.48999786376953,222.22999572753906,22.709999084472656,30.209999084472656
2024-07-01,196.9626922607422,259.82958984375,432.49560546875,57.50257110595703,63.84000015258789,233.3699951171875,22.790000915527344,29.829999923706055
2024-07-02,200.2030487060547,264.75494384765625,439.4533386230469,58.65639877319336,64.58000183105469,227.50999450683594,22.459999084472656,29.3799991607666
2024-07-03,200.0688018798828,265.5050964355469,442.94207763671875,59.32283401489258,64.44000244140625,224.94000244140625,22.889999389648438,28.979999542236328
2024-07-05,197.41783142089844,266.85736083984375,444.23675537109375,59.442195892333984,65.77999877929688,223.67999267578125,22.68000030517578,28.549999237060547
2024-07-08,197.7841339111328,262.9486389160156,441.0247497558594,58.775760650634766,64.2300033569336,220.55999755859375,22.09000015258789,28.149999618530273
2024-07-09,200.15560913085938,262.0010986328125,440.1537780761719,58.68623733520508,64.51000213623047,219.97000122070312,22.600000381469727,28.360000610351562
2024-07-10,200.31947326660156,259.5926818847656,429.2068786621094,58.58677291870117,64.33999633789062,219.55999755859375,22.31999969482422,28.170000076293945
2024-07-11,199.98207092285156,259.1485290527344,431.9584045410156,59.67097473144531,66.48999786376953,214.6300048828125,22.040000915527344,29.610000610351562
2024-07-12,197.56243896484375,262.2972106933594,435.6106872558594,59.949485778808594,68.73999786376953,218.02000427246094,22.280000686645508,29.540000915527344
2024-07-15,202.4884796142578,264.9720764160156,439.4609375,60.14842224121094,72.05999755859375,242.85000610351562,23.940000534057617,32.099998474121094
2024-07-16,205.92996215820312,265.7617492675781,438.9957275390625,61.48129653930664,72.06999969482422,251.49000549316406,24.6299991607666,33.459999084472656
2024-07-17,209.06295776367188,269.1670837402344,446.5477294921875,60.914329528808594,71.8499984741211,249.10000610351562,24.18000030517578,32.27000045776367
2024-07-18,202.42098999023438,265.66302490234375,444.13262939453125,59.6809196472168,68.0,233.24000549316406,22.829999923706055,30.860000610351562
2024-07-19,202.2281951904297,262.0208435058594,439.15411376953125,59.014488220214844,68.0999984741211,257.7900085449219,23.40999984741211,29.959999084472656
2024-07-22,202.71018981933594,264.2416687011719,443.3606872558594,60.44682693481445,68.25,265.1499938964844,23.420000076293945,29.6299991607666
2024-07-23,202.75839233398438,261.35955810546875,437.2042541503906,59.39246368408203,66.88999938964844,257.6300048828125,22.8700008392334,29.34000015258789
2024-07-24,201.08102416992188,250.87709045410156,428.02899169921875,57.76118087768555,61.709999084472656,245.05999755859375,21.40999984741211,26.459999084472656
2024-07-25,201.15814208984375,250.4526824951172,425.2081604003906,56.91570281982422,61.58000183105469,231.52000427246094,21.18000030517578,26.459999084472656
2024-07-26,204.5996551513672,256.09857177734375,433.700439453125,57.98001480102539,60.18000030517578,242.92999267578125,21.200000762939453,27.100000381469727
2024-07-29,203.25967407226562,258.2108459472656,436.78851318359375,58.626556396484375,60.7400016784668,234.1999969482422,21.18000030517578,26.84000015258789
2024-07-30,207.4434356689453,259.69146728515625,442.8757019042969,63.65964889526367,60.09000015258789,224.4600067138672,20.399999618530273,27.459999084472656
2024-07-31,205.13949584960938,262.2281188964844,458.9693908691406,65.43017578125,61.880001068115234,224.36000061035156,20.56999969482422,28.290000915527344
2024-08-01,200.47372436523438,262.4847412109375,457.6827392578125,64.96267700195312,59.900001525878906,212.63999938964844,20.239999771118164,26.420000076293945
2024-08-02,191.9712371826172,263.1263122558594,457.2967224121094,61.650390625,60.380001068115234,204.44000244140625,17.8799991607666,25.770000457763672
2024-08-05,187.88385009765625,253.11770629882812,437.48138427734375,60.13847351074219,57.209999084472656,189.47000122070312,16.420000076293945,24.559999465942383
2024-08-06,193.12802124023438,254.91412353515625,443.71697998046875,62.416297912597656,57.25,194.1699981689453,17.209999084472656,24.15999984741211
2024-08-07,193.18585205078125,253.1966552734375,445.2412414550781,62.40635299682617,58.04999923706055,178.91000366210938,17.1200008392334,24.1200008392334
2024-08-08,196.714111328125,256.4637451171875,450.92254638671875,63.93815994262695,61.209999084472656,192.32000732421875,17.729999542236328,25.21500015258789
2024-08-09,198.39149475097656,256.9088439941406,452.11029052734375,64.37582397460938,62.13999938964844,196.2899932861328,17.920000076293945,25.440000534057617
2024-08-12,198.76744079589844,257.03741455078125,451.03143310546875,63.12251663208008,61.09000015258789,191.74000549316406,18.540000915527344,25.170000076293945
2024-08-13,200.4544219970703,257.2747802734375,454.6638488769531,64.76374816894531,63.369998931884766,197.94000244140625,18.40999984741211,26.25
2024-08-14,202.67166137695312,258.2737121582031,455.45574951171875,65.78826904296875,62.20000076293945,195.9600067138672,18.649999618530273,26.579999923706055
2024-08-15,203.9344940185547,263.87152099609375,463.9183044433594,67.57869720458984,64.25,197.1199951171875,19.549999237060547,28.3700008392334
2024-08-16,206.2673797607422,264.4452209472656,464.0865783691406,67.59858703613281,65.87000274658203,205.30999755859375,19.979999542236328,28.450000762939453
2024-08-19,207.69407653808594,263.5451965332031,462.2060546875,69.0607681274414,66.87999725341797,204.4600067138672,20.280000686645508,30.34000015258789
2024-08-20,206.7975616455078,265.09796142578125,464.3241271972656,71.50768280029297,64.87999725341797,197.25,19.829999923706055,29.290000915527344
2024-08-21,206.87469482421875,265.2562255859375,463.215576171875,71.07997131347656,65.6500015258789,206.22999572753906,20.18000030517578,29.75
2024-08-22,208.8315887451172,264.9990539550781,464.0272216796875,71.1396484375,63.84000015258789,198.42999267578125,19.889999389648438,29.959999084472656
2024-08-23,210.4511260986328,264.50457763671875,461.6715087890625,71.31869506835938,65.36000061035156,211.39999389648438,21.1200008392334,31.459999084472656
2024-08-26,211.28016662597656,265.26605224609375,463.8490295410156,71.65689086914062,65.55999755859375,204.0,20.959999084472656,31.8799991607666
2024-08-27,212.25379943847656,267.74853515625,470.13409423828125,71.20928192138672,66.63999938964844,198.3000030517578,21.360000610351562,32.5099983215332
2024-08-28,213.3238525390625,266.2353210449219,466.97674560546875,70.05545806884766,64.68000030517578,190.1999969482422,20.31999969482422,31.579999923706055
2024-08-29,214.21072387695312,271.3089904785156,475.8846740722656,72.77093505859375,66.41999816894531,188.27999877929688,20.170000076293945,41.65999984741211
2024-08-30,216.70750427246094,273.33648681640625,478.39874267578125,72.04481506347656,66.08000183105469,183.36000061035156,20.1200008392334,44.0099983215332
2024-09-03,212.36949157714844,275.4826965332031,477.19122314453125,71.61710357666016,64.16999816894531,169.1300048828125,19.3700008392334,41.59000015258789
2024-09-04,211.43441772460938,277.4112854003906,478.20086669921875,72.22386169433594,64.08000183105469,163.22000122070312,19.110000610351562,40.22999954223633
2024-09-05,209.79559326171875,275.56182861328125,472.4798889160156,71.64694213867188,64.58000183105469,159.6999969482422,19.670000076293945,39.63999938964844
2024-09-06,204.81173706054688,276.3035583496094,471.2525634765625,68.52364349365234,61.2400016784668,147.35000610351562,18.940000534057617,38.439998626708984
2024-09-09,209.00511169433594,282.47509765625,482.11041259765625,68.98119354248047,61.310001373291016,155.0500030517578,19.65999984741211,38.16999816894531
2024-09-10,198.16009521484375,282.2080383300781,483.0309143066406,68.48384857177734,61.369998931884766,158.4600067138672,19.700000762939453,37.27000045776367
2024-09-11,199.7699737548828,280.8431396484375,483.1892395019531,68.98119354248047,63.380001068115234,157.14999389648438,20.639999389648438,40.2400016784668
2024-09-12,199.16265869140625,282.23773193359375,487.0790710449219,69.98582458496094,63.66999816894531,162.88999938964844,21.639999389648438,41.7400016784668
2024-09-13,196.96475219726562,284.1960144042969,488.3162536621094,69.72720336914062,63.9900016784668,163.0500030517578,22.06999969482422,44.0099983215332
2024-09-16,200.3773193359375,287.2916564941406,492.6218566894531,70.69204711914062,65.77999877929688,161.5,22.209999084472656,44.060001373291016
2024-09-17,201.71725463867188,288.3597717285156,495.8683166503906,71.3883285522461,67.33000183105469,162.4499969482422,22.639999389648438,44.0
2024-09-18,200.05917358398438,285.3136291503906,489.70196533203125,72.73114776611328,66.73999786376953,162.63999938964844,22.950000762939453,44.279998779296875
2024-09-19,202.90298461914062,282.1091613769531,487.96990966796875,77.15747833251953,68.63999938964844,168.24000549316406,22.809999465942383,44.97999954223633
2024-09-20,203.4910430908203,281.6443176269531,487.7026062011719,76.35179138183594,67.45999908447266,170.08999633789062,22.729999542236328,44.93000030517578
2024-09-23,203.82843017578125,285.4619445800781,492.05767822265625,77.25695037841797,67.83000183105469,170.22000122070312,22.700000762939453,44.66999816894531
2024-09-24,203.97303771972656,269.7859191894531,482.4271545410156,77.92337799072266,67.54000091552734,171.67999267578125,22.770000457763672,44.619998931884766
2024-09-25,202.62344360351562,266.6705017089844,484.4462890625,76.94860076904297,65.23999786376953,167.0800018310547,22.389999389648438,43.2400016784668
2024-09-26,202.2281951904297,268.7078857421875,486.2476501464844,79.65413665771484,66.5199966430664,179.92999267578125,22.43000030517578,41.63999938964844
2024-09-27,202.92227172851562,272.14971923828125,488.5934753417969,77.46583557128906,66.97000122070312,191.22999572753906,23.889999389648438,41.15999984741211
2024-09-30,203.26930236816406,271.9320983886719,488.7518005371094,77.61503601074219,67.12999725341797,178.1699981689453,23.420000076293945,40.81999969482422
2024-10-01,199.58682250976562,274.55303955078125,491.30548095703125,77.05801391601562,65.94000244140625,165.00999450683594,22.329999923706055,38.47999954223633
2024-10-02,199.82781982421875,273.9596252441406,490.5037536621094,77.02818298339844,65.05999755859375,164.47000122070312,22.6299991607666,39.04999923706055
2024-10-03,197.8419952392578,273.82110595703125,489.9098205566406,76.89886474609375,65.63999938964844,163.10000610351562,22.43000030517578,38.5
2024-10-04,204.86412048339844,274.8793640136719,492.6119384765625,78.9379653930664,67.0199966430664,170.91000366210938,22.889999389648438,39.36000061035156
2024-10-07,204.5828399658203,270.7848205566406,486.2773742675781,79.83317565917969,65.70999908447266,168.9199981689453,23.31999969482422,38.599998474121094
2024-10-08,204.4082794189453,271.9419860839844,491.9784851074219,80.7283935546875,68.25,167.69000244140625,25.610000610351562,41.150001525878906
2024-10-09,206.99790954589844,273.8903503417969,495.4968566894531,81.21578979492188,68.2699966430664,166.97000122070312,25.649999618530273,43.25
2024-10-10,206.4353790283203,274.4244689941406,493.58404541015625,78.55998992919922,70.0199966430664,164.27000427246094,25.5,42.0099983215332
2024-10-11,215.6009979248047,274.7903747558594,497.7862854003906,80.08184814453125,69.69999694824219,176.3800048828125,26.270000457763672,47.08000183105469
2024-10-14,214.81539916992188,277.59918212890625,502.1470947265625,80.24099731445312,71.6500015258789,196.35000610351562,27.0,49.2599983215332
2024-10-15,215.697998046875,276.2245178222656,502.7120666503906,79.12696075439453,71.79000091552734,196.33999633789062,26.799999237060547,47.86000061035156
2024-10-16,216.910400390625,284.3641357421875,509.4911193847656,80.39019775390625,73.52999877929688,210.47999572753906,26.93000030517578,47.970001220703125
2024-10-17,217.6669158935547,287.2026672363281,509.18389892578125,79.39551544189453,73.68000030517578,204.1999969482422,26.31999969482422,43.93000030517578
2024-10-18,218.58831787109375,287.4300842285156,511.7409362792969,80.50955963134766,74.66000366210938,220.2100067138672,26.829999923706055,44.540000915527344
2024-10-21,216.28964233398438,283.7015380859375,510.4226989746094,80.13157653808594,73.91000366210938,213.72000122070312,26.969999313354492,43.650001525878906
2024-10-22,217.37596130371094,281.66412353515625,508.4504699707031,80.47972869873047,72.81999969482422,210.72000122070312,27.40999984741211,43.9900016784668
2024-10-23,216.68731689453125,280.6454162597656,509.1541442871094,80.400146484375,71.38999938964844,198.92999267578125,26.700000762939453,41.810001373291016
2024-10-24,218.21006774902344,280.111328125,506.07183837890625,80.95716094970703,72.55000305175781,209.16000366210938,27.219999313354492,42.029998779296875
2024-10-25,215.6204071044922,278.6376647949219,502.8408508300781,81.26551818847656,72.61000061035156,205.0399932861328,27.059999465942383,40.70000076293945
2024-10-28,218.7144012451172,281.0707092285156,503.6833190917969,83.14546203613281,74.4800033569336,216.10000610351562,27.8799991607666,42.119998931884766
2024-10-29,216.19265747070312,278.7860412597656,501.7705383300781,79.85307312011719,73.22000122070312,219.66000366210938,28.030000686645508,42.869998931884766
2024-10-30,217.65721130371094,286.9751892089844,509.1145324707031,77.80403137207031,73.29000091552734,211.74000549316406,28.209999084472656,45.2400016784668
2024-10-31,215.24215698242188,286.6685791015625,495.1400451660156,78.87828063964844,72.31999969482422,179.25,23.489999771118164,43.849998474121094
2024-11-01,216.2314453125,287.54876708984375,503.5544128417969,76.83918762207031,72.1500015258789,182.8800048828125,23.969999313354492,43.220001220703125
2024-11-04,213.16653442382812,288.6466064453125,501.0767517089844,77.7145004272461,72.69000244140625,186.27000427246094,24.31999969482422,43.689998626708984
2024-11-05,214.82508850097656,290.0707702636719,501.05694580078125,78.82854461669922,72.37999725341797,193.9600067138672,24.959999084472656,45.599998474121094
2024-11-06,239.6256561279297,304.0259094238281,516.4881591796875,80.97706604003906,77.63999938964844,254.30999755859375,29.860000610351562,50.0
2024-11-07,229.2670440673828,302.4434814453125,513.2672119140625,80.9173812866211,75.2699966430664,255.5800018310547,29.360000610351562,48.790000915527344
2024-11-08,229.84898376464844,304.49078369140625,520.0859375,82.56855773925781,74.55999755859375,270.739990234375,30.540000915527344,46.47999954223633
2024-11-11,232.08944702148438,307.50726318359375,525.3981323242188,86.4776611328125,83.4000015258789,324.239990234375,32.79999923706055,57.584999084472656
2024-11-12,232.35133361816406,307.0316467285156,524.4566040039062,85.9405288696289,87.25,319.1300048828125,33.0,57.59000015258789
2024-11-13,233.90318298339844,306.6650390625,517.2315673828125,86.84568786621094,85.81999969482422,284.7200012207031,31.90999984741211,54.81999969482422
2024-11-14,234.59182739257812,305.4461975097656,515.7647094726562,85.33377075195312,83.41999816894531,278.8399963378906,32.220001220703125,53.209999084472656
2024-11-15,237.92831420898438,306.8236083984375,517.241455078125,85.3735580444336,84.30000305175781,305.8500061035156,32.31999969482422,56.150001525878906
2024-11-18,237.65673828125,309.3206481933594,516.9837646484375,84.2197265625,90.79000091552734,325.4100036621094,35.0,62.060001373291016
2024-11-19,235.77511596679688,309.0134582519531,514.8331298828125,83.64280700683594,92.41999816894531,324.57000732421875,35.2400016784668,63.959999084472656
2024-11-20,233.5346221923828,304.59405517578125,507.9747009277344,84.28935241699219,89.69999694824219,320.010009765625,36.08000183105469,63.189998626708984
2024-11-21,237.3948516845703,307.08123779296875,510.51190185546875,84.36892700195312,92.69999694824219,295.2300109863281,35.09000015258789,65.73999786376953
2024-11-22,241.07081604003906,307.10101318359375,516.2205810546875,86.30855560302734,92.26000213623047,304.6400146484375,36.650001525878906,66.55000305175781
2024-11-25,242.75845336914062,310.3412780761719,521.909423828125,87.30323791503906,90.75,312.2200012207031,37.849998474121094,69.3499984741211
2024-11-26,242.44808959960938,308.9837646484375,523.7727661132812,86.4776611328125,89.01000213623047,293.2900085449219,36.41999816894531,66.2699966430664
2024-11-27,242.2734832763672,311.8375549316406,527.6380004882812,86.109619140625,88.77999877929688,310.9800109863281,37.650001525878906,68.37000274658203
2024-11-29,242.2056121826172,312.21405029296875,528.1929931640625,86.30855560302734,88.55000305175781,296.20001220703125,37.540000915527344,70.01000213623047
2024-12-02,238.84002685546875,313.76983642578125,526.6270141601562,86.06983947753906,92.77999877929688,302.3999938964844,37.619998931884766,68.38999938964844
2024-12-03,237.4530792236328,310.16290283203125,521.4932861328125,84.68722534179688,93.19999694824219,309.3500061035156,38.63999938964844,70.76000213623047
2024-12-04,236.07579040527344,307.08123779296875,516.4981689453125,88.85494232177734,98.91999816894531,330.94000244140625,40.0,72.0
2024-12-05,238.09320068359375,306.2686462402344,520.0958251953125,88.57145690917969,95.87000274658203,320.57000732421875,38.91999816894531,68.3499984741211
2024-12-06,239.9166259765625,308.18109130859375,523.8618774414062,89.40201568603516,98.25,343.6199951171875,41.66999816894531,71.87999725341797
2024-12-09,236.47344970703125,305.49578857421875,518.1632690429688,89.5213851928711,95.41999816894531,310.5199890136719,39.540000915527344,68.81999969482422
2024-12-10,235.55203247070312,309.5386657714844,524.2980346679688,88.28797149658203,94.04000091552734,302.4200134277344,37.36000061035156,66.31999969482422
2024-12-11,236.20187377929688,310.9358215332031,529.6895751953125,90.26739501953125,98.19000244140625,313.80999755859375,37.84000015258789,69.93000030517578
2024-12-12,234.2620391845703,311.3718566894531,527.6676635742188,88.92457580566406,94.11000061035156,312.9599914550781,39.33000183105469,68.7699966430664
2024-12-13,232.71990966796875,311.8771667480469,524.2880859375,90.53594970703125,91.9800033569336,310.5799865722656,40.20000076293945,70.69999694824219
2024-12-16,232.37074279785156,313.0167541503906,525.5864868164062,90.8144760131836,93.77999877929688,315.30999755859375,43.20000076293945,72.86000061035156
2024-12-17,231.1874542236328,315.40478515625,526.2802124023438,90.3768081665039,94.55000305175781,311.6400146484375,41.630001068115234,70.88999938964844
2024-12-18,223.4378662109375,306.9622802734375,515.3287353515625,84.99557495117188,87.30000305175781,279.8599853515625,37.08000183105469,63.34000015258789
2024-12-19,225.94993591308594,312.0158996582031,518.619140625,86.3185043334961,87.63999938964844,273.9200134277344,36.939998626708984,63.0
2024-12-20,230.4503173828125,314.82012939453125,523.3267822265625,86.66664123535156,89.6500015258789,278.7099914550781,38.33000183105469,65.63999938964844
2024-12-23,231.21653747558594,314.3346252441406,524.2484741210938,86.4378662109375,89.29000091552734,268.1499938964844,37.5,64.94999694824219
2024-12-24,235.01858520507812,317.7333984375,530.9383544921875,87.78069305419922,91.08000183105469,279.6199951171875,39.58000183105469,65.9000015258789
2024-12-26,235.8236083984375,317.9910583496094,531.3744506835938,87.67127227783203,91.4800033569336,274.4100036621094,40.380001068115234,66.8499984741211
2024-12-27,233.91290283203125,315.761474609375,527.4595947265625,86.39807891845703,88.97000122070312,265.7099914550781,39.02000045776367,64.63999938964844
2024-12-30,232.11856079101562,312.4420166015625,520.868896484375,84.9756851196289,87.4800033569336,255.55999755859375,38.279998779296875,62.630001068115234
2024-12-31,232.496826171875,313.1653747558594,521.8797607421875,84.89610290527344,84.98999786376953,248.3000030517578,37.2599983215332,60.900001525878906
2025-01-02,232.77809143066406,311.540283203125,517.7468872070312,85.72169494628906,86.75,257.2099914550781,39.439998626708984,62.5099983215332
2025-01-03,235.95941162109375,312.045654296875,516.716064453125,87.13414001464844,92.16000366210938,270.6499938964844,41.349998474121094,66.5
2025-01-06,234.80899047851562,310.1926574707031,507.3700866699219,89.05387878417969,91.94000244140625,287.760009765625,42.709999084472656,65.08999633789062
2025-01-07,237.07080078125,308.8351135253906,506.8448791503906,87.5021743774414,87.68000030517578,264.3299865722656,40.560001373291016,61.290000915527344
2025-01-08,237.03179931640625,309.75665283203125,511.80035400390625,87.47233581542969,86.75,260.010009765625,40.810001373291016,58.66999816894531
2025-01-10,233.8535614013672,304.9111022949219,500.9120178222656,82.91669464111328,82.54000091552734,258.7799987792969,40.08000183105469,55.310001373291016
2025-01-13,238.084716796875,304.12835693359375,501.15020751953125,83.5433349609375,82.01000213623047,251.1999969482422,39.59000015258789,54.689998626708984
2025-01-14,241.26295471191406,306.278564453125,505.2296142578125,86.71637725830078,82.41999816894531,255.3699951171875,41.7599983215332,55.349998474121094
2025-01-15,246.0205535888672,313.4031982421875,518.4603271484375,89.16329193115234,84.79000091552734,274.92999267578125,45.560001373291016,58.209999084472656
2025-01-16,247.8924102783203,314.36431884765625,519.2445068359375,88.4471206665039,86.37999725341797,281.6300048828125,46.08000183105469,58.0
2025-01-17,252.6597442626953,316.7127685546875,520.7928466796875,91.32174682617188,86.95999908447266,295.4800109863281,48.150001525878906,57.9900016784668
2025-01-21,256.43267822265625,320.68634033203125,524.1278686523438,89.2926025390625,89.5,294.19000244140625,50.0,56.7599983215332
2025-01-22,256.2474060058594,320.6169738769531,523.2543334960938,89.37217712402344,87.4800033569336,295.8500061035156,50.15999984741211,56.439998626708984
2025-01-23,259.27947998046875,325.2246398925781,530.241943359375,89.25281524658203,87.80000305175781,296.010009765625,50.36000061035156,56.7599983215332
2025-01-24,258.1972961425781,327.1965637207031,529.5173950195312,88.63611602783203,88.66999816894531,298.0,51.119998931884766,55.72999954223633
2025-01-27,259.18194580078125,331.4970703125,543.5620727539062,89.76010131835938,85.01000213623047,277.989990234375,47.7400016784668,55.16999816894531
2025-01-28,260.4395751953125,331.4376220703125,543.2841186523438,87.72100830078125,88.63999938964844,281.82000732421875,49.400001525878906,57.63999938964844
2025-01-29,259.89361572265625,332.8249206542969,544.71337890625,88.28797149658203,90.02999877929688,291.0,51.150001525878906,58.95000076293945
2025-01-30,261.5022277832031,339.9296569824219,561.7952270507812,89.09367370605469,92.94999694824219,301.29998779296875,53.0,62.099998474121094
2025-01-31,260.5955810546875,338.6910705566406,551.2940063476562,88.10893249511719,90.81999969482422,291.3299865722656,51.95000076293945,61.06999969482422
2025-02-03,260.11785888671875,342.67449951171875,559.7506713867188,89.03398895263672,90.19999694824219,284.4100036621094,51.900001525878906,59.880001068115234
2025-02-04,261.2195129394531,342.0105895996094,554.9466552734375,77.31165313720703,86.16999816894531,280.3900146484375,52.58000183105469,59.529998779296875
2025-02-05,263.6470642089844,346.26153564453125,562.0731201171875,78.77880859375,86.0,275.1400146484375,54.20000076293945,62.79999923706055
2025-02-06,269.9548034667969,344.31939697265625,562.9366455078125,78.15216827392578,86.08000183105469,270.3699951171875,53.16999816894531,61.75
2025-02-07,268.8823547363281,344.8544616699219,558.5594482421875,76.89886474609375,85.31999969482422,274.489990234375,55.86000061035156,75.22000122070312
2025-02-10,264.2417907714844,348.0353088378906,561.2791137695312,77.82392120361328,84.8499984741211,280.2200012207031,56.27000045776367,77.75
2025-02-11,268.0926818847656,348.1146545410156,560.4949951171875,75.8047103881836,82.58999633789062,266.8999938964844,53.34000015258789,78.0199966430664
2025-02-12,268.5411682128906,348.8789367675781,560.395751953125,75.86438751220703,82.98999786376953,274.8999938964844,55.90999984741211,75.66000366210938
2025-02-13,269.38934326171875,352.9881896972656,562.093017578125,76.18268585205078,84.29000091552734,298.1099853515625,63.79999923706055,79.27999877929688
2025-02-14,269.6525573730469,351.1817321777344,560.5545654296875,77.55535125732422,84.0,274.30999755859375,65.27999877929688,80.69000244140625
2025-02-18,272.9283142089844,354.0800476074219,564.3759155273438,78.201904296875,84.18000030517578,264.6300048828125,60.439998626708984,80.9800033569336
2025-02-19,272.245849609375,352.5911865234375,564.2667236328125,77.94327545166016,83.88999938964844,258.6700134277344,59.22999954223633,76.37999725341797
2025-02-20,260.1081237792969,347.8863830566406,559.0855712890625,77.2171630859375,83.04000091552734,256.5899963378906,56.060001373291016,74.61000061035156
2025-02-21,257.6123046875,345.9409484863281,553.3585205078125,74.5514144897461,68.3499984741211,235.3800048828125,51.599998474121094,68.55000305175781
2025-02-24,254.7850341796875,347.26104736328125,554.8374633789062,74.84982299804688,65.91999816894531,227.07000732421875,49.93000030517578,66.51000213623047
2025-02-25,250.94387817382812,349.4744873046875,559.830078125,73.67609405517578,62.84000015258789,212.49000549316406,45.91999816894531,63.959999084472656
2025-02-26,252.29905700683594,348.02532958984375,557.090576171875,71.66683959960938,65.29000091552734,212.9600067138672,48.849998474121094,64.54000091552734
2025-02-27,252.55250549316406,353.0973815917969,560.6141967773438,70.3538589477539,64.27999877929688,208.3699951171875,48.779998779296875,61.709999084472656
2025-02-28,258.01202392578125,360.015625,572.0184936523438,70.67215728759766,65.30000305175781,215.6199951171875,50.099998474121094,64.1500015258789
2025-03-03,254.08311462402344,359.13226318359375,570.6388549804688,69.37906646728516,62.790000915527344,205.75,46.88999938964844,61.86000061035156
2025-03-04,243.9732208251953,349.6134948730469,550.9367065429688,67.12113952636719,59.43000030517578,212.5500030517578,46.220001220703125,57.0099983215332
2025-03-05,245.22109985351562,350.06011962890625,554.1427001953125,69.13040161132812,61.119998931884766,222.4499969482422,48.119998931884766,58.650001525878906
2025-03-06,240.35626220703125,341.6034240722656,545.725830078125,67.71794891357422,59.79999923706055,214.1699981689453,44.84000015258789,52.63999938964844
2025-03-07,236.20310974121094,342.7547912597656,542.6985473632812,70.10519409179688,60.0,217.4499969482422,44.41999816894531,51.970001220703125
2025-03-10,226.39544677734375,338.9433288574219,533.120361328125,67.79753112792969,54.7400016784668,179.22999572753906,35.630001068115234,46.400001525878906
2025-03-11,223.39271545410156,329.6726989746094,521.8846435546875,67.61848449707031,55.290000915527344,191.69000244140625,36.36000061035156,46.77000045776367
2025-03-12,222.18380737304688,330.36749267578125,520.7333374023438,68.25508117675781,55.900001525878906,191.72999572753906,38.91999816894531,48.810001373291016
2025-03-13,219.54177856445312,326.109375,515.9591674804688,66.5541763305664,54.040000915527344,177.49000549316406,36.02000045776367,46.900001525878906
2025-03-14,226.6099395751953,329.335205078125,523.7109985351562,68.58332061767578,57.220001220703125,183.1199951171875,39.2400016784668,50.08000183105469
2025-03-17,228.0625457763672,332.0647888183594,528.028564453125,69.27960205078125,58.650001525878906,188.9600067138672,42.02000045776367,47.959999084472656
2025-03-18,229.0764617919922,332.28314208984375,526.2420043945312,68.5136947631836,59.650001525878906,181.13999938964844,40.099998474121094,43.70000076293945
2025-03-19,233.1126251220703,337.34527587890625,532.0980834960938,69.62773895263672,61.369998931884766,189.75,42.79999923706055,47.709999084472656
2025-03-20,233.01515197753906,336.9780578613281,532.3858032226562,69.29949188232422,61.0,190.3800048828125,43.65999984741211,47.95000076293945
2025-03-21,235.56942749023438,333.16656494140625,531.7009887695312,69.81672668457031,61.11000061035156,189.86000061035156,44.36000061035156,49.900001525878906
2025-03-24,241.83816528320312,341.3155822753906,539.62158203125,70.59258270263672,62.58000183105469,203.0399932861328,48.36000061035156,52.540000915527344
2025-03-25,244.83116149902344,342.05999755859375,541.1005249023438,70.48316955566406,61.33000183105469,204.22999572753906,48.150001525878906,50.93000030517578
2025-03-26,244.73365783691406,341.6232604980469,544.9815063476562,69.597900390625,59.04999923706055,193.9499969482422,44.72999954223633,48.31999969482422
2025-03-27,241.89663696289062,347.26104736328125,553.4181518554688,68.4937973022461,56.9900016784668,188.5800018310547,43.9900016784668,47.380001068115234
2025-03-28,236.7588348388672,340.30316162109375,536.5843505859375,64.80353546142578,55.33000183105469,173.92999267578125,41.91999816894531,46.20000076293945
2025-03-31,239.1473846435547,347.85662841796875,544.0384521484375,64.90299987792969,54.33000183105469,172.22999572753906,41.619998931884766,45.189998626708984
2025-04-01,237.5485076904297,343.77716064453125,544.425537109375,65.74848175048828,55.40999984741211,174.52000427246094,42.15999984741211,45.5099983215332
2025-04-02,239.65432739257812,343.75726318359375,543.303955078125,66.79289245605469,57.86000061035156,182.9499969482422,42.68000030517578,47.75
2025-04-03,222.95399475097656,336.86883544921875,526.5993041992188,61.38182830810547,53.970001220703125,170.75999450683594,38.2599983215332,38.90999984741211
2025-04-04,206.26849365234375,310.8039245605469,486.12298583984375,58.05958938598633,50.2599983215332,160.5500030517578,34.5099983215332,35.75
2025-04-07,210.34913635253906,309.9999694824219,481.90460205078125,58.21873474121094,50.470001220703125,157.27999877929688,35.40999984741211,37.56999969482422
2025-04-08,212.73275756835938,305.9800109863281,476.3463134765625,57.10469055175781,49.08000183105469,151.47000122070312,34.16999816894531,36.45000076293945
2025-04-09,229.86949157714844,329.9605407714844,512.4033203125,63.60991287231445,55.9900016784668,177.08999633789062,42.209999084472656,44.29999923706055
2025-04-10,222.7774200439453,322.1986389160156,496.4078063964844,60.237945556640625,52.90999984741211,169.6199951171875,40.5099983215332,40.7400016784668
2025-04-11,231.6940155029297,330.92333984375,506.7566833496094,62.257144927978516,53.939998626708984,175.5,43.68000030517578,40.4900016784668
2025-04-14,230.24224853515625,332.69012451171875,509.4507751464844,61.93885040283203,54.65999984741211,176.5800018310547,44.13999938964844,40.779998779296875
2025-04-15,228.6825714111328,333.3154602050781,514.3418579101562,61.670284271240234,55.08000183105469,175.57000732421875,44.08000183105469,41.59000015258789
2025-04-16,225.22972106933594,328.86871337890625,510.4150390625,59.91964340209961,53.75,172.2100067138672,40.65999984741211,40.7599983215332
2025-04-17,227.53489685058594,327.1614990234375,514.292236328125,60.675601959228516,53.900001525878906,175.02999877929688,41.18000030517578,42.099998474121094
2025-04-21,224.62156677246094,317.7221374511719,506.3291931152344,59.96440505981445,52.38999938964844,175.0,39.849998474121094,40.650001525878906
2025-04-22,231.09564208984375,328.9382019042969,524.2334594726562,61.09336853027344,54.33000183105469,190.0,42.09000015258789,43.81999969482422
2025-04-23,236.28472900390625,331.8861389160156,526.8977661132812,62.127838134765625,55.65999984741211,194.8000030517578,44.65999984741211,46.84000015258789
2025-04-24,239.97300720214844,333.2161560058594,532.315673828125,64.42555236816406,57.5,203.8699951171875,48.150001525878906,48.20000076293945
2025-04-25,238.90380859375,332.68017578125,530.3473510742188,64.99251556396484,58.09000015258789,209.63999938964844,49.45000076293945,49.09000015258789
2025-04-28,238.58009338378906,335.0028076171875,531.3513793945312,64.58470153808594,58.31999969482422,205.27000427246094,48.93000030517578,49.16999816894531
2025-04-29,239.95338439941406,338.9830322265625,536.5108642578125,65.9673080444336,59.560001373291016,206.1300048828125,49.369998931884766,50.400001525878906
2025-04-30,239.95338439941406,342.9334411621094,544.8417358398438,65.48986053466797,58.470001220703125,202.88999938964844,49.11000061035156,49.7599983215332
2025-05-01,242.18008422851562,339.9061279296875,543.420166015625,65.06214904785156,58.47999954223633,201.3000030517578,46.619998931884766,49.75
2025-05-02,247.69285583496094,345.0178527832031,556.1051635742188,66.88241577148438,46.529998779296875,204.92999267578125,48.59000015258789,52.34000015258789
2025-05-05,247.74192810058594,346.0501708984375,557.824951171875,68.17550659179688,46.63999938964844,199.39999389648438,48.04999923706055,52.09000015258789
2025-05-06,244.49505615234375,345.1171569824219,555.70751953125,67.6881103515625,47.290000915527344,196.88999938964844,48.689998626708984,51.0
2025-05-07,244.63238525390625,347.2511291503906,563.00439453125,68.32471466064453,47.95000076293945,196.55999755859375,49.9900016784668,51.540000915527344
2025-05-08,248.63453674316406,348.66058349609375,563.789794921875,70.10519409179688,50.11000061035156,206.5,54.06999969482422,54.2599983215332
2025-05-09,248.2519989013672,349.9211730957031,565.3009033203125,69.88636016845703,50.36000061035156,199.32000732421875,54.650001525878906,46.40999984741211
2025-05-12,255.08901977539062,353.2065734863281,574.8743286132812,71.92545318603516,55.02000045776367,207.22000122070312,57.43000030517578,53.7400016784668
2025-05-13,257.9925537109375,354.0815124511719,573.2041625976562,71.90556335449219,58.16999816894531,256.8999938964844,62.56999969482422,53.939998626708984
2025-05-14,260.5724182128906,354.3996276855469,569.9136962890625,72.29348754882812,58.5,263.4100036621094,61.38999938964844,56.54999923706055
2025-05-15,262.3870849609375,360.2059020996094,578.7811889648438,71.18939208984375,57.0099983215332,244.44000244140625,60.68000030517578,51.75
2025-05-16,262.4557189941406,363.00958251953125,579.8549194335938,71.79615020751953,57.65999984741211,266.4599914550781,61.7599983215332,52.56999969482422
2025-05-19,259.8268737792969,365.77349853515625,582.9664916992188,71.9354019165039,58.33000183105469,263.989990234375,64.2699966430664,51.709999084472656
2025-05-20,260.61163330078125,364.7196350097656,577.6976318359375,72.22386169433594,57.34000015258789,261.3800048828125,64.91000366210938,49.7400016784668
2025-05-21,256.0601501464844,356.22900390625,566.195556640625,71.26896667480469,55.439998626708984,258.989990234375,63.86000061035156,47.2400016784668
2025-05-22,255.69720458984375,355.9009094238281,566.7921142578125,71.07002258300781,58.349998474121094,271.95001220703125,64.7699966430664,48.970001220703125
2025-05-23,255.7364044189453,351.49652099609375,560.2705688476562,69.4785385131836,58.7400016784668,263.1600036621094,63.16999816894531,49.29999923706055
2025-05-27,260.22906494140625,357.22320556640625,571.1760864257812,71.09986877441406,62.150001525878906,266.3999938964844,66.0199966430664,51.18000030517578
2025-05-28,258.4633483886719,357.6507568359375,572.5381469726562,71.0600814819336,61.810001373291016,254.2899932861328,65.13999938964844,50.68000030517578
2025-05-29,259.3266296386719,360.3052978515625,574.3872680664062,70.55279541015625,62.15999984741211,248.83999633789062,63.95000076293945,52.04999923706055
2025-05-30,258.96368408203125,363.0791931152344,582.1612548828125,69.90625,61.75,246.6199951171875,66.1500015258789,51.900001525878906
2025-06-02,259.6110534667969,363.2084655761719,577.8070068359375,70.55279541015625,61.7599983215332,246.72000122070312,67.9800033569336,52.900001525878906
2025-06-03,261.19036865234375,363.74530029296875,578.552490234375,70.95066833496094,63.5099983215332,258.9100036621094,71.72000122070312,54.959999084472656
2025-06-04,259.1794738769531,365.8729553222656,580.699951171875,72.41284942626953,63.86000061035156,256.0,72.2699966430664,54.33000183105469
2025-06-05,256.9527893066406,364.6500244140625,582.0022583007812,72.08460235595703,63.599998474121094,244.1999969482422,72.51000213623047,55.709999084472656
2025-06-06,260.6606750488281,368.0801086425781,586.6547241210938,73.03950500488281,64.98999786376953,251.27000427246094,74.87999725341797,58.91999816894531
2025-06-09,261.6513977050781,364.54071044921875,580.8987426757812,73.15885925292969,65.83999633789062,256.6300048828125,73.4000015258789,61.34000015258789
2025-06-10,263.4759216308594,368.557373046875,586.078125,74.36243438720703,64.4800033569336,254.94000244140625,72.51000213623047,61.0
2025-06-11,263.03448486328125,371.1522521972656,587.2710571289062,74.21322631835938,64.05999755859375,250.67999267578125,74.87999725341797,63.5
2025-06-12,263.1227722167969,369.2532653808594,585.8197021484375,74.41216278076172,63.849998474121094,241.0500030517578,73.83999633789062,61.04999923706055
2025-06-13,259.89556884765625,350.8105163574219,558.729736328125,70.45333099365234,61.56999969482422,242.7100067138672,72.5999984741211,59.11000061035156
2025-06-16,265.20233154296875,353.4253234863281,565.3306884765625,71.87571716308594,64.81999969482422,261.57000732421875,76.75,60.849998474121094
2025-06-17,264.37835693359375,355.7716369628906,566.1061401367188,70.29417419433594,63.31999969482422,253.85000610351562,74.94999694824219,59.900001525878906
2025-06-18,268.733642578125,338.41259765625,535.5665283203125,68.2053451538086,63.09000015258789,295.2900085449219,78.3499984741211,61.68000030517578
2025-06-20,269.7538146972656,336.6130676269531,529.8402709960938,69.67748260498047,63.59000015258789,308.3800048828125,78.5,62.060001373291016
2025-06-23,272.9614562988281,341.76312255859375,539.1652221679688,71.6270523071289,63.619998931884766,307.5899963378906,76.3499984741211,62.189998626708984
2025-06-24,275.8944091796875,349.5975646972656,554.2562255859375,73.1886978149414,65.33999633789062,344.82000732421875,82.01000213623047,65.66000366210938
2025-06-25,278.6409912109375,343.264404296875,546.4721069335938,72.6814193725586,64.80999755859375,355.3699951171875,82.75,66.25
2025-06-26,283.24151611328125,344.02996826171875,542.60498046875,72.78087615966797,65.11000061035156,375.07000732421875,84.5199966430664,66.9000015258789
2025-06-27,281.63275146484375,346.5950012207031,547.0884399414062,73.24838256835938,66.62999725341797,353.42999267578125,83.02999877929688,68.05999755859375
2025-06-30,284.37939453125,352.9977722167969,558.6401977539062,73.92476654052734,67.93000030517578,350.489990234375,93.62999725341797,69.13999938964844
2025-07-01,284.8698425292969,353.41534423828125,561.2944946289062,74.88960266113281,68.2699966430664,335.3299865722656,92.33000183105469,67.0999984741211
2025-07-02,286.4295349121094,352.1725769042969,558.2227172851562,75.90418243408203,69.22000122070312,354.45001220703125,97.9800033569336,68.37000274658203
2025-07-03,291.75201416015625,356.7857666015625,565.8973999023438,76.18268585205078,69.2300033569336,355.79998779296875,94.4000015258789,69.19000244140625
2025-07-07,287.7798767089844,354.57861328125,561.801513671875,75.77487182617188,69.41000366210938,357.1000061035156,93.45999908447266,71.2300033569336
2025-07-08,278.72174072265625,352.50067138671875,559.1372680664062,74.63098907470703,67.83999633789062,354.82000732421875,91.2699966430664,67.7300033569336
2025-07-09,279.0963134765625,355.6921691894531,562.5516967773438,74.43206024169922,69.01000213623047,373.8500061035156,94.54000091552734,69.06999969482422
2025-07-10,284.0540771484375,353.822998046875,560.9689331054688,75.29742431640625,68.76000213623047,388.9599914550781,98.69999694824219,68.54499816894531
2025-07-11,282.7431640625,345.9189758300781,547.6892700195312,70.98051452636719,65.13999938964844,387.05999755859375,98.33999633789062,64.72000122070312
2025-07-14,284.5567932128906,348.4740905761719,550.5165405273438,73.49705505371094,68.68000030517578,394.010009765625,99.95999908447266,64.05000305175781
2025-07-15,282.4376220703125,345.01422119140625,547.8684692382812,72.5719985961914,66.01000213623047,388.0199890136719,99.54000091552734,66.1500015258789
2025-07-16,281.7181396484375,347.8775634765625,553.0051879882812,72.58194732666016,69.02999877929688,398.20001220703125,103.25,67.20999908447266
2025-07-17,285.73956298828125,347.7881164550781,553.0947265625,73.46721649169922,70.7300033569336,410.75,105.44999694824219,69.47000122070312
2025-07-18,287.0898742675781,347.032470703125,550.1580810546875,73.77555847167969,72.81999969482422,419.7799987792969,109.73999786376953,68.9000015258789
2025-07-21,286.794189453125,348.9115905761719,552.1390991210938,74.42211151123047,78.08000183105469,413.6300048828125,104.33999633789062,66.75
2025-07-22,287.24761962890625,349.82623291015625,556.23046875,75.59583282470703,79.2699966430664,404.44000244140625,101.8499984741211,65.43000030517578
2025-07-23,292.5011291503906,353.2364196777344,559.5454711914062,76.25232696533203,79.69999694824219,397.80999755859375,102.08000183105469,65.63999938964844
2025-07-24,292.2940979003906,351.9240417480469,560.9490356445312,77.40615844726562,79.7699966430664,396.70001220703125,101.93000030517578,65.81999969482422
2025-07-25,294.33441162109375,354.9762878417969,565.6476440429688,77.56529998779297,80.73999786376953,391.6600036621094,104.8499984741211,67.08999633789062
2025-07-28,293.9992980957031,353.41534423828125,565.7074584960938,77.80403137207031,80.56999969482422,379.489990234375,106.7699966430664,67.51000213623047
2025-07-29,292.7771301269531,349.2595520019531,560.7698364257812,71.07002258300781,78.18000030517578,371.44000244140625,103.31999969482422,67.95999908447266
2025-07-30,295.3299560546875,348.8817443847656,556.578857421875,69.33927917480469,77.58999633789062,377.4800109863281,106.0999984741211,67.43000030517578
2025-07-31,291.9885559082031,343.4731750488281,563.9055786132812,68.39434051513672,77.26000213623047,377.760009765625,103.05000305175781,68.55999755859375
2025-08-01,285.2171630859375,337.3885498046875,557.3554077148438,66.75310516357422,74.02999877929688,314.69000244140625,99.9000015258789,66.41000366210938
2025-08-04,290.0370178222656,340.17236328125,567.23046875,67.64832305908203,76.12000274658203,318.1700134277344,106.37000274658203,74.79000091552734
2025-08-05,287.1884765625,335.4796447753906,563.4775390625,67.46928405761719,75.29000091552734,297.989990234375,105.45999908447266,74.86000061035156
2025-08-06,287.16876220703125,337.7762756347656,566.5535278320312,69.05081939697266,76.12999725341797,303.5799865722656,105.6500015258789,77.27999877929688
2025-08-07,282.8220520019531,330.1705017089844,558.6793212890625,67.85720825195312,76.8499984741211,310.7900085449219,111.2300033569336,78.95999908447266
2025-08-08,284.6159362792969,334.8333740234375,571.7200317382812,67.29023742675781,73.38999938964844,310.5400085449219,114.62999725341797,72.33000183105469
2025-08-11,285.4044494628906,333.95849609375,570.9933471679688,66.7232666015625,73.02999877929688,319.6199951171875,113.62000274658203,72.97000122070312
2025-08-12,288.6472473144531,335.3827209472656,571.5806884765625,67.60853576660156,74.54000091552734,322.6199951171875,114.08999633789062,76.88500213623047
2025-08-13,286.36053466796875,341.1692810058594,575.2838134765625,70.25438690185547,76.94999694824219,327.010009765625,108.62000274658203,77.70999908447266
2025-08-14,289.93841552734375,344.0974426269531,581.1173095703125,69.01103210449219,76.04000091552734,324.8900146484375,110.70999908447266,77.0199966430664
2025-08-15,286.32110595703125,343.0815734863281,579.066650390625,68.86183166503906,75.80000305175781,317.54998779296875,114.16999816894531,78.72000122070312
2025-08-18,287.3461608886719,341.3585205078125,581.4956665039062,69.16024017333984,76.7300033569336,320.7300109863281,115.0199966430664,78.23999786376953
2025-08-19,286.4886779785156,341.0697326660156,582.859375,68.68279266357422,74.30000305175781,302.07000732421875,107.5,73.86000061035156
2025-08-20,288.04595947265625,342.5437316894531,589.9968872070312,67.71794891357422,74.18000030517578,304.3900146484375,105.33999633789062,72.9800033569336
2025-08-21,287.2870178222656,342.3046875,589.2404174804688,67.1907730102539,74.08999633789062,300.2799987792969,106.30000305175781,74.48999786376953
2025-08-22,291.9885559082031,348.6291198730469,596.24853515625,69.52827453613281,79.12000274658203,319.8500061035156,109.31999969482422,79.48999786376953
2025-08-25,290.6678161621094,347.4140319824219,590.5245361328125,69.11051177978516,79.08000183105469,306.0,107.94000244140625,77.38999938964844
2025-08-26,294.2851257324219,349.7644958496094,588.9317016601562,69.80677795410156,78.77999877929688,308.4800109863281,108.80000305175781,77.94999694824219
2025-08-27,294.9849548339844,348.9378662109375,587.986083984375,69.27960205078125,79.38999938964844,308.9700012207031,102.91999816894531,77.58999633789062
2025-08-28,296.749267578125,348.4498291015625,587.806884765625,69.68742370605469,80.77999877929688,308.4700012207031,103.69000244140625,79.98999786376953
2025-08-29,297.0942687988281,350.36212158203125,592.5950927734375,69.81672668457031,79.63999938964844,304.5400085449219,104.02999877929688,88.45999908447266
2025-09-02,295.39892578125,348.65899658203125,589.1906127929688,68.88172912597656,76.2300033569336,303.55999755859375,100.83999633789062,82.22000122070312
2025-09-03,295.211669921875,349.45574951171875,590.5941772460938,69.26966094970703,75.79000091552734,302.30999755859375,100.81999969482422,85.30999755859375
2025-09-04,299.4598083496094,349.5752868652344,592.9435424804688,68.0959243774414,75.75,306.79998779296875,102.91000366210938,89.66000366210938
2025-09-05,290.1552734375,341.83660888671875,581.5751953125,67.8969955444336,74.94000244140625,299.07000732421875,101.25,87.3499984741211
2025-09-08,288.70635986328125,340.9202880859375,583.9444580078125,68.03624725341797,75.81999969482422,302.20001220703125,117.27999877929688,85.87999725341797
2025-09-09,293.57550048828125,342.6034851074219,581.356201171875,67.32007598876953,75.51000213623047,318.7799987792969,118.5,88.41999816894531
2025-09-10,296.22686767578125,336.7571716308594,576.7571411132812,65.29093170166016,73.75,315.3399963378906,117.45999908447266,84.87000274658203
2025-09-11,301.1748046875,342.1054992675781,586.0648193359375,66.9122543334961,74.2300033569336,323.95001220703125,117.75,81.41000366210938
2025-09-12,302.5054626464844,338.0618896484375,577.7824096679688,66.5342788696289,72.87000274658203,323.0400085449219,115.02999877929688,83.08000183105469
2025-09-15,304.46685791015625,337.6833801269531,580.3209838867188,66.75310516357422,74.62999725341797,327.0199890136719,114.83000183105469,89.43000030517578
2025-09-16,304.75274658203125,338.6594543457031,583.7652587890625,66.49449157714844,75.77999877929688,327.9100036621094,117.37999725341797,89.95999908447266
2025-09-17,307.2759704589844,344.8045959472656,595.9199829101562,68.25508117675781,75.70999908447266,320.55999755859375,118.63999938964844,90.4000015258789
2025-09-18,308.73480224609375,336.8169250488281,583.3969116210938,68.15560913085938,77.37000274658203,343.1300048828125,120.91000366210938,89.91000366210938
2025-09-19,310.26251220703125,340.23309326171875,581.5154418945312,67.85720825195312,77.02999877929688,342.4599914550781,124.77999877929688,92.18000030517578
2025-09-22,307.9560852050781,342.97198486328125,581.843994140625,67.32007598876953,77.41000366210938,331.95001220703125,124.88999938964844,90.12000274658203
2025-09-23,308.2517395019531,337.3348388671875,567.3897094726562,66.95204162597656,76.54000091552734,320.07000732421875,126.19999694824219,82.7300033569336
2025-09-24,308.92205810546875,337.31488037109375,566.2349243164062,67.4991226196289,76.48999786376953,321.7699890136719,126.80000305175781,81.52999877929688
2025-09-25,308.95159912109375,333.58001708984375,564.7318725585938,66.38507080078125,73.68000030517578,306.69000244140625,122.6500015258789,77.94000244140625
2025-09-26,311.52410888671875,336.01019287109375,562.5716552734375,66.94210052490234,73.66999816894531,312.5899963378906,121.77999877929688,76.02999877929688
2025-09-29,311.159423828125,338.7889404296875,565.5680541992188,69.30944061279297,75.38999938964844,333.989990234375,136.72000122070312,76.55999755859375
2025-09-30,310.9031677246094,340.0040283203125,566.2349243164062,66.703369140625,72.2699966430664,337.489990234375,143.17999267578125,73.08000183105469
2025-10-01,306.25091552734375,346.4280090332031,571.1725463867188,66.30550384521484,73.4000015258789,346.1700134277344,139.13999938964844,74.41999816894531
2025-10-02,303.13623046875,344.55560302734375,574.7163696289062,68.56343078613281,76.80999755859375,372.07000732421875,145.6999969482422,77.43000030517578
2025-10-03,305.5806579589844,348.429931640625,577.822265625,68.88172912597656,76.94999694824219,380.0199890136719,148.6699981689453,74.83000183105469
2025-10-06,306.22442626953125,347.8721618652344,576.1897583007812,70.91088104248047,77.77999877929688,386.07000732421875,144.25999450683594,75.86000061035156
2025-10-07,304.74871826171875,350.9995422363281,577.2150268554688,74.21322631835938,79.0199966430664,375.7799987792969,145.0,76.6500015258789
2025-10-08,301.1236572265625,349.94378662109375,573.8304443359375,75.72514343261719,81.11000061035156,387.2699890136719,150.8699951171875,75.25
2025-10-09,302.6093444824219,345.6412353515625,562.7362060546875,75.34716033935547,80.8499984741211,387.0,152.4600067138672,77.45999908447266
2025-10-10,298.0137023925781,342.2648620605469,555.6889038085938,69.46858978271484,74.66999816894531,357.010009765625,138.9600067138672,71.13999938964844
2025-10-13,305.0260314941406,341.9162902832031,557.4432983398438,68.4937973022461,75.0199966430664,356.989990234375,140.67999267578125,73.18000030517578
2025-10-14,299.19232177734375,346.9757995605469,566.0953369140625,68.78226470947266,76.18000030517578,341.54998779296875,134.9499969482422,72.91999816894531
2025-10-15,302.767822265625,344.2966613769531,561.0018310546875,67.61848449707031,76.12999725341797,336.29998779296875,134.14999389648438,73.05999755859375
2025-10-16,295.6861572265625,334.048095703125,548.1133422851562,65.6987533569336,74.54000091552734,330.25,131.44000244140625,69.06999969482422
2025-10-17,294.7155456542969,340.5119934082031,559.1676635742188,67.05152130126953,75.19999694824219,336.0199890136719,129.91000366210938,67.9000015258789
2025-10-20,299.4696350097656,343.0218200683594,564.5404052734375,68.83199310302734,76.5,343.7799987792969,135.8000030517578,72.08000183105469
2025-10-21,294.25,345.8105163574219,570.1921997070312,69.67748260498047,77.7300033569336,338.6199951171875,131.83999633789062,74.48999786376953
2025-10-22,291.29852294921875,343.9679870605469,569.5243530273438,67.70800018310547,75.91999816894531,320.3299865722656,127.22000122070312,71.93000030517578
2025-10-23,291.72442626953125,344.5655517578125,571.9266357421875,69.28955078125,78.55999755859375,322.760009765625,134.3300018310547,75.54000091552734
2025-10-24,297.5679931640625,345.9798583984375,571.826904296875,69.39895629882812,79.54000091552734,354.4599914550781,139.7899932861328,75.38999938964844
2025-10-27,301.2425231933594,346.4180908203125,570.5211181640625,69.87641143798828,80.1500015258789,361.42999267578125,145.86000061035156,76.44999694824219
2025-10-28,302.44097900390625,345.50177001953125,564.1117553710938,72.63167572021484,80.18000030517578,355.2200012207031,146.25,75.91999816894531
2025-10-29,302.5895690917969,339.9044189453125,552.7982788085938,69.30944061279297,76.51000213623047,348.6099853515625,144.8000030517578,72.66000366210938
2025-10-30,306.4819641113281,343.6393127441406,551.901123046875,67.5687484741211,73.91999816894531,328.510009765625,138.07000732421875,68.9000015258789
2025-10-31,308.1459045410156,339.3665771484375,550.216552734375,68.90161895751953,75.94000244140625,343.7799987792969,146.77999877929688,71.87999725341797
2025-11-03,306.3928527832031,335.54205322265625,542.322021484375,67.9765625,74.30000305175781,330.4200134277344,147.0800018310547,72.08000183105469
2025-11-04,306.2937927246094,338.9283752441406,550.97412109375,65.72859191894531,72.58000183105469,307.32000732421875,136.8000030517578,71.41000366210938
2025-11-05,308.7005615234375,338.66943359375,551.5322875976562,67.69805145263672,73.6500015258789,319.29998779296875,142.47999572753906,71.5199966430664
2025-11-06,310.4239501953125,335.6018371582031,551.50244140625,65.90763092041016,70.93000030517578,295.2200012207031,127.08000183105469,65.95999908447266
2025-11-07,311.20635986328125,334.6656188964844,550.1965942382812,65.86784362792969,65.44999694824219,309.1400146484375,130.36000061035156,73.62000274658203
2025-11-10,313.86077880859375,333.5003662109375,551.1834716796875,65.8976821899414,66.80000305175781,317.92999267578125,135.8800048828125,76.08999633789062
2025-11-11,312.6029052734375,337.553955078125,556.55615234375,67.04157257080078,65.91000366210938,304.010009765625,131.92999267578125,75.13999938964844
2025-11-12,317.34710693359375,338.1826477050781,559.4268798828125,66.8426284790039,65.7699966430664,304.0,132.97999572753906,78.94999694824219
2025-11-13,306.5216064453125,335.3883972167969,553.7850952148438,64.98257446289062,62.29999923706055,283.1400146484375,121.52999877929688,73.18000030517578
2025-11-14,300.70770263671875,329.3408508300781,543.9766845703125,62.475975036621094,60.47999954223633,284.0,122.5,70.51000213623047
2025-11-17,297.4986572265625,325.07965087890625,535.1251831054688,61.56087112426758,58.88999938964844,263.95001220703125,115.97000122070312,68.16999816894531
2025-11-18,296.5478515625,320.51904296875,525.885009765625,60.377197265625,57.63999938964844,261.7900085449219,114.30000305175781,65.69000244140625
2025-11-19,300.3709411621094,323.4530029296875,528.656005859375,59.92855453491211,62.0,257.2900085449219,118.16000366210938,65.3499984741211
2025-11-20,295.5277099609375,323.1037292480469,526.1840209960938,57.92960739135742,61.95000076293945,238.16000366210938,106.20999908447266,62.540000915527344
2025-11-21,295.1711120605469,327.3050842285156,538.6638793945312,60.38716506958008,61.95000076293945,240.41000366210938,107.30000305175781,64.37999725341797
2025-11-24,295.1513366699219,328.6223449707031,536.1219482421875,60.377197265625,61.86000061035156,255.97000122070312,114.97000122070312,66.88999938964844
2025-11-25,300.103515625,333.8415832519531,544.7142333984375,61.03520584106445,63.689998626708984,254.1199951171875,115.56999969482422,68.83000183105469
2025-11-26,304.6991882324219,333.1031188964844,543.17919921875,61.64336395263672,65.02999877929688,264.9700012207031,128.1999969482422,68.80000305175781
2025-11-28,310.0871887207031,333.75177001953125,548.7612915039062,62.50076675415039,66.80000305175781,272.82000732421875,128.49000549316406,70.94999694824219
2025-12-01,305.96697998046875,329.7101135253906,542.2222900390625,62.3911018371582,64.3499984741211,259.8399963378906,123.23999786376953,69.06500244140625
2025-12-02,304.9368896484375,328.9416809082031,544.1560668945312,62.71013259887695,60.11000061035156,263.260009765625,125.94999694824219,67.0199966430664
2025-12-03,309.1462707519531,328.93170166015625,551.950927734375,61.055145263671875,61.11000061035156,276.9200134277344,133.63999938964844,69.63999938964844
2025-12-04,313.07830810546875,326.4268798828125,540.5676879882812,61.543663024902344,62.189998626708984,274.04998779296875,137.0800018310547,68.69000244140625
2025-12-05,312.0284729003906,330.558349609375,543.7673950195312,62.092002868652344,61.11000061035156,269.7300109863281,131.9499969482422,67.98999786376953
2025-12-08,312.1968078613281,326.16741943359375,538.7036743164062,60.93550491333008,61.040000915527344,274.20001220703125,136.42999267578125,68.11000061035156
2025-12-09,297.6373596191406,325.828125,535.822998046875,60.59653091430664,61.56999969482422,277.3599853515625,135.7100067138672,68.41999816894531
2025-12-10,307.1455383300781,325.0596923828125,537.1287231445312,60.97538375854492,63.290000915527344,275.0899963378906,135.66000366210938,70.86000061035156
2025-12-11,314.3460693359375,344.91876220703125,561.5599975585938,61.5037841796875,63.61000061035156,269.0199890136719,123.37999725341797,69.02999877929688
2025-12-12,315.47515869140625,347.11419677734375,570.092529296875,61.473876953125,64.75,267.4599914550781,119.5,67.25
2025-12-15,316.9608459472656,346.1761779785156,567.301513671875,60.55665588378906,64.0199966430664,250.4199981689453,115.26000213623047,65.66000366210938
2025-12-16,312.5335388183594,344.3998107910156,564.2014770507812,61.144874572753906,64.55000305175781,252.61000061035156,119.4000015258789,73.38999938964844
2025-12-17,311.9690246582031,343.7012634277344,563.6532592773438,59.99834442138672,63.77000045776367,244.19000244140625,115.80000305175781,72.04000091552734
2025-12-18,310.0079345703125,345.2979736328125,564.390869140625,59.26057434082031,64.38999938964844,239.1999969482422,117.16000366210938,76.37000274658203
2025-12-19,314.17767333984375,348.5312805175781,570.3914794921875,59.62946319580078,65.33000183105469,245.1199951171875,121.3499984741211,76.22000122070312
2025-12-22,320.00146484375,351.3654479980469,573.8504028320312,59.6793098449707,65.1500015258789,247.89999389648438,122.37000274658203,78.56999969482422
2025-12-23,322.8143310546875,352.6528015136719,574.498291015625,59.23066711425781,64.94000244140625,242.3000030517578,120.23999786376953,75.63999938964844
2025-12-24,326.02337646484375,354.4091796875,577.58837890625,59.858768463134766,66.05000305175781,239.72999572753906,120.44000244140625,75.98999786376953
2025-12-26,324.7754211425781,354.26947021484375,577.73779296875,59.788978576660156,66.2699966430664,236.89999389648438,118.12999725341797,75.80999755859375
2025-12-29,320.6551818847656,353.8802490234375,576.0433349609375,59.310428619384766,65.91999816894531,233.77000427246094,117.43000030517578,75.51000213623047
2025-12-30,320.3283386230469,352.8923034667969,575.5648803710938,58.921600341796875,65.54000091552734,231.60000610351562,115.44999694824219,75.8499984741211
2025-12-31,319.1398010253906,349.98828125,569.0458984375,58.20377731323242,65.08999633789062,226.13999938964844,113.0999984741211,74.43000030517578
2026-01-02,322.36865234375,345.7669982910156,561.32080078125,57.964500427246094,65.1500015258789,236.52999877929688,115.20999908447266,74.02999877929688
2026-01-05,330.8468322753906,353.0719299316406,566.7432861328125,59.11103057861328,68.44999694824219,254.9199981689453,123.23999786376953,80.80000305175781
2026-01-06,332.90625,356.8241882324219,578.4755249023438,59.62946319580078,70.0,250.55999755859375,121.69999694824219,82.3499984741211
2026-01-07,325.3250732421875,355.14764404296875,578.0567626953125,58.33338165283203,71.47000122070312,245.92999267578125,116.97000122070312,83.05000305175781
2026-01-08,328.11083984375,351.50518798828125,578.2063598632812,58.09410858154297,70.16000366210938,245.58999633789062,115.38999938964844,81.61000061035156
2026-01-09,327.5138854980469,349.0502014160156,574.5526123046875,57.4859504699707,69.55000305175781,240.77999877929688,115.2699966430664,81.80000305175781
2026-01-12,322.8377990722656,342.4937438964844,565.3085327148438,57.117069244384766,70.26000213623047,242.97999572753906,117.5199966430664,76.38999938964844
2026-01-13,309.3169860839844,327.2052917480469,544.0550537109375,56.3892707824707,67.26000213623047,252.69000244140625,120.23999786376953,75.97000122070312
2026-01-14,306.30242919921875,328.4926452636719,545.8818969726562,57.4859504699707,65.61000061035156,255.86000061035156,119.66999816894531,72.61000061035156
2026-01-15,307.68536376953125,327.0755310058594,541.7191162109375,56.568729400634766,64.91999816894531,239.27999877929688,110.3499984741211,71.80999755859375
2026-01-16,310.8789978027344,327.6243896484375,538.564453125,56.7182731628418,65.94999694824219,241.14999389648438,108.73999786376953,74.76000213623047
2026-01-20,301.19854736328125,325.1495056152344,530.8277587890625,54.91373825073242,62.630001068115234,227.72999572753906,105.77999877929688,71.0999984741211
2026-01-21,300.50213623046875,324.6106262207031,526.6649169921875,55.721290588378906,64.0,226.92999267578125,105.91999816894531,71.76000213623047
2026-01-22,302.0840148925781,325.6883850097656,531.9458618164062,56.97748947143555,65.05000305175781,223.13999938964844,106.25,72.83499908447266
2026-01-23,296.2041015625,325.5087585449219,523.8397827148438,56.44908905029297,66.83000183105469,216.9499969482422,106.98999786376953,71.43000030517578
2026-01-26,299.5072021484375,327.8139953613281,526.4552612304688,56.42914962768555,65.9000015258789,213.47999572753906,107.0,68.70999908447266
2026-01-27,298.7809143066406,324.5906677246094,519.5172119140625,55.342437744140625,64.58999633789062,210.8300018310547,105.23999786376953,68.79000091552734
2026-01-28,299.2385559082031,326.30712890625,520.4755859375,53.9167594909668,64.22000122070312,209.42999267578125,103.4000015258789,65.36000061035156
2026-01-29,304.8598327636719,331.1171875,542.7971801757812,52.949684143066406,62.209999084472656,199.17999267578125,101.23999786376953,62.79999923706055
2026-01-30,304.33251953125,321.1676940917969,537.8656616210938,52.53095245361328,60.43000030517578,194.74000549316406,99.4800033569336,60.29999923706055
2026-02-02,306.5710754394531,333.15301513671875,554.417236328125,52.17203903198242,60.400001525878906,187.86000061035156,89.91000366210938,61.9900016784668
2026-02-03,313.24688720703125,328.25311279296875,549.7752075195312,41.574127197265625,56.790000915527344,179.66000366210938,87.06999969482422,61.65999984741211
2026-02-04,315.654541015625,329.2710266113281,552.5704345703125,40.90614700317383,57.43000030517578,168.6199951171875,80.62000274658203,62.15999984741211
2026-02-05,308.5807800292969,328.45269775390625,550.9432373046875,39.77956008911133,53.380001068115234,146.1199951171875,72.68000030517578,59.41999816894531
2026-02-06,320.7584533691406,330.89764404296875,547.798583984375,40.29798889160156,55.970001220703125,165.1199951171875,82.81999969482422,57.029998779296875
2026-02-09,320.4599914550781,324.9100036621094,534.41162109375,41.025787353515625,56.779998779296875,167.25,86.55999755859375,57.95000076293945
2026-02-10,316.659423828125,328.1700134277344,539.4629516601562,41.36476135253906,57.29999923706055,162.50999450683594,85.5999984741211,59.650001525878906
2026-02-11,309.2374267578125,329.239990234375,536.5379638671875,40.337867736816406,53.810001373291016,153.1999969482422,77.97000122070312,56.540000915527344
2026-02-12,301.09906005859375,324.17999267578125,526.5551147460938,38.9620361328125,49.09000015258789,141.08999633789062,71.12000274658203,49.7599983215332
2026-02-13,301.0094909667969,314.0799865722656,517.470703125,40.16838455200195,49.79999923706055,164.32000732421875,75.97000122070312,49.810001373291016
2026-02-17,305.5661926269531,319.5,521.0346069335938,40.68681335449219,50.810001373291016,166.02000427246094,75.44000244140625,51.599998474121094
2026-02-18,307.2077941894531,320.29998779296875,527.07421875,41.32488250732422,53.599998474121094,164.0500030517578,75.20999908447266,51.70000076293945
2026-02-19,306.48150634765625,318.92999267578125,519.3674926757812,41.604034423828125,52.88999938964844,165.94000244140625,75.6500015258789,51.81999969482422
2026-02-20,309.20758056640625,320.95001220703125,525.5068969726562,41.52427673339844,53.220001220703125,171.35000610351562,76.11000061035156,51.09000015258789
2026-02-23,296.1543884277344,306.5199890136719,495.1790466308594,43.917030334472656,50.75,160.24000549316406,71.77999877929688,47.130001068115234
2026-02-24,295.7862243652344,307.2200012207031,497.1456604003906,46.87806701660156,51.0,162.02999877929688,73.38999938964844,47.869998931884766
2026-02-25,301.75567626953125,312.989990234375,508.5161437988281,47.177162170410156,51.939998626708984,183.94000244140625,77.52999877929688,47.97999954223633
2026-02-26,304.5712890625,316.70001220703125,513.8869018554688,45.39256286621094,54.529998779296875,181.05999755859375,79.44999694824219,50.41999816894531
2026-02-27,298.7709655761719,320.1400146484375,516.32275390625,46.07051086425781,63.70000076293945,175.85000610351562,75.8499984741211,46.97999954223633
2026-03-02,296.044921875,320.510009765625,520.106201171875,45.49226379394531,64.44999694824219,185.24000549316406,78.77999877929688,46.66999816894531
2026-03-03,298.7311706542969,320.8299865722656,523.4205322265625,46.2400016784668,62.900001525878906,182.36000061035156,76.06999969482422,47.83000183105469
2026-03-04,297.8656311035156,320.4700012207031,522.0228881835938,46.75,65.23999786376953,208.92999267578125,82.20999908447266,50.720001220703125
2026-03-05,292.0553283691406,319.79998779296875,523.7598876953125,47.63999938964844,67.37999725341797,205.7100067138672,80.55999755859375,52.5
2026-03-06,288.0060729980469,317.3599853515625,521.4439086914062,46.970001220703125,66.33000183105469,197.22000122070312,77.08999633789062,51.70000076293945
2026-03-09,288.44384765625,315.9700012207031,516.831787109375,46.15999984741211,65.54000091552734,199.7899932861328,79.3499984741211,50.810001373291016
2026-03-10,287.2598876953125,314.42999267578125,513.8369750976562,45.02000045776367,65.5999984741211,196.52000427246094,78.52999877929688,49.77000045776367
2026-03-11,286.0560302734375,308.9599914550781,503.1353759765625,45.56999969482422,64.62999725341797,198.6300048828125,78.69000244140625,50.790000915527344
2026-03-12,281.44964599609375,306.5,496.45684814453125,44.36000061035156,59.900001525878906,193.22999572753906,76.12000274658203,46.380001068115234
2026-03-13,281.996826171875,307.1400146484375,497.13568115234375,44.900001525878906,59.790000915527344,195.52999877929688,73.38999938964844,46.880001068115234
2026-03-16,284.7029724121094,310.1099853515625,507.6276550292969,45.41999816894531,59.849998474121094,203.32000732421875,75.30999755859375,47.689998626708984
2026-03-17,285.42926025390625,308.4599914550781,505.7109375,46.130001068115234,59.790000915527344,210.22999572753906,77.3499984741211,47.560001373291016
2026-03-18,286.27490234375,299.0199890136719,487.63201904296875,44.59000015258789,57.84000015258789,202.2899932861328,74.9000015258789,44.41999816894531
2026-03-19,286.5037536621094,299.7099914550781,490.2974548339844,44.189998626708984,58.9900016784668,202.91000366210938,74.16000366210938,44.43000030517578
2026-03-20,285.1009216308594,301.6199951171875,495.4685363769531,44.0099983215332,59.369998931884766,197.5,70.88999938964844,43.810001373291016
2026-03-23,288.4338684082031,304.44000244140625,499.5215759277344,45.4900016784668,61.16999816894531,200.6199951171875,72.48999786376953,46.15999984741211
2026-03-24,290.91119384765625,303.760009765625,498.0740661621094,44.209999084472656,59.88999938964844,181.0399932861328,69.08000183105469,44.790000915527344
2026-03-25,293.91583251953125,304.9100036621094,501.8974914550781,44.849998474121094,60.0099983215332,181.10000610351562,72.54000091552734,45.04999923706055
2026-03-26,290.1749572753906,305.5299987792969,499.89093017578125,45.20000076293945,59.369998931884766,173.3800048828125,70.3499984741211,43.849998474121094
2026-03-27,281.3998718261719,295.5199890136719,483.4092712402344,43.59000015258789,55.97999954223633,161.13999938964844,66.0199966430664,42.529998779296875
2026-03-30,282.32513427734375,299.5400085449219,493.15252685546875,44.66999816894531,57.029998779296875,160.7899932861328,65.16000366210938,43.029998779296875
2026-03-31,292.6622314453125,302.239990234375,498.8028259277344,45.22999954223633,60.18000030517578,174.61000061035156,69.30000305175781,45.81999969482422
2026-04-01,293.87603759765625,298.510009765625,490.8065490722656,44.630001068115234,59.540000915527344,172.99000549316406,70.11000061035156,45.540000915527344
2026-04-02,293.1000061035156,300.79998779296875,492.5934753417969,45.34000015258789,59.779998779296875,171.4600067138672,68.9000015258789,46.310001373291016
2026-04-06,295.45001220703125,303.3299865722656,500.6396484375,45.47999954223633,60.68000030517578,174.7899932861328,69.77999877929688,48.45000076293945
2026-04-07,297.3999938964844,302.54998779296875,497.4251708984375,44.869998931884766,59.970001220703125,175.17999267578125,69.6500015258789,47.400001525878906
2026-04-08,307.9700012207031,308.9599914550781,506.25,45.849998474121094,62.83000183105469,175.08999633789062,71.83000183105469,49.810001373291016
2026-04-09,310.3299865722656,308.2900085449219,503.57000732421875,45.97999954223633,62.689998626708984,169.02000427246094,70.12000274658203,49.0099983215332
2026-04-10,309.8699951171875,304.3599853515625,498.6600036621094,45.2400016784668,62.20000076293945,167.85000610351562,69.19000244140625,48.529998779296875
2026-04-13,313.67999267578125,309.3900146484375,508.5799865722656,47.5099983215332,64.22000122070312,174.52999877929688,71.66999816894531,51.970001220703125
2026-04-14,311.1199951171875,311.3699951171875,513.1599731445312,47.970001220703125,66.1500015258789,184.41000366210938,79.08999633789062,55.81999969482422
2026-04-15,305.92999267578125,315.9100036621094,519.9600219726562,49.56999969482422,67.97000122070312,195.89999389648438,87.31999969482422,59.619998931884766
2026-04-16,309.95001220703125,315.1000061035156,518.5399780273438,49.810001373291016,68.66999816894531,199.8300018310547,86.8499984741211,60.279998779296875
2026-04-17,310.2900085449219,317.0199890136719,521.2999877929688,50.810001373291016,71.26000213623047,206.3300018310547,90.75,64.5
2026-04-20,316.989990234375,313.94000244140625,516.6500244140625,51.459999084472656,73.88999938964844,211.6300048828125,91.2750015258789,67.05999755859375
2026-04-21,313.0,309.94000244140625,511.3500061035156,50.880001068115234,71.75,195.9499969482422,86.43000030517578,64.5999984741211
2026-04-22,313.0199890136719,311.2900085449219,510.1600036621094,51.220001220703125,72.5,206.24000549316406,88.43000030517578,66.58000183105469
2026-04-23,311.69000244140625,308.8800048828125,502.3800048828125,49.75,69.93000030517578,197.92999267578125,83.54000091552734,62.97999954223633
2026-04-24,308.2799987792969,309.4200134277344,504.1700134277344,50.47999954223633,71.62999725341797,199.77000427246094,84.70999908447266,63.720001220703125
2026-04-27,311.6300048828125,309.6499938964844,506.42999267578125,49.77000045776367,71.27999877929688,196.67999267578125,83.94999694824219,65.12999725341797
2026-04-28,311.45001220703125,309.29998779296875,507.6199951171875,49.63999938964844,69.54000091552734,194.10000610351562,82.06999969482422,63.15999984741211
2026-04-29,309.25,334.8599853515625,525.22998046875,50.939998626708984,69.45999908447266,181.72999572753906,71.19999694824219,63.47999954223633
2026-04-30,313.2300109863281,329.8399963378906,502.9200134277344,50.13999938964844,70.51000213623047,187.77000427246094,72.88999938964844,64.27999877929688
2026-05-01,312.4700012207031,328.0299987792969,495.4599914550781,50.439998626708984,71.80999755859375,191.25,73.66000366210938,67.54000091552734
2026-05-04,307.6499938964844,326.8500061035156,504.739990234375,50.38999938964844,71.9000015258789,202.99000549316406,76.55000305175781,67.08000183105469
2026-05-05,309.3999938964844,322.0299987792969,497.0799865722656,46.4900016784668,71.25,197.75,77.02999877929688,66.80999755859375
2026-05-06,314.8999938964844,318.79998779296875,491.8900146484375,46.27000045776367,70.83000183105469,197.9600067138672,79.05000305175781,65.58000183105469
