Date,Close,High,Low,Open,Volume,SMA_20,SMA_50,SMA_200,EMA_12,EMA_26,MACD,MACD_Signal,MACD_Hist,RSI,BB_Mid,BB_Upper,BB_Lower,BB_Width,Daily_Return,Log_Return,Volatility_20d,Volume_MA20,Volume_Ratio,Target
2020-10-15,88.48399353027344,88.53618408790942,86.15272016398842,86.2049107216244,17171200,84.58353195190429,85.7767091369629,89.17189891815185,86.73124491856774,85.82511177498648,0.9061331435812576,0.37156506257204597,0.5345680810092117,74.81488277501902,84.58353195190429,90.68188705001407,78.48517685379451,0.14419722036619165,0.01496716301085832,0.014856260256982607,0.24272056243795562,17468520.0,0.9829796685695182,0
2020-10-16,88.30133819580078,89.01463805639928,87.61413361941476,88.21435170287785,13275000,84.76030197143555,85.8665510559082,89.02125408172607,86.97279773044974,86.00853595430605,0.9642617761436867,0.4901044052863741,0.4741573708573126,69.60492811057468,84.76030197143555,91.08179495570494,78.43880898716617,0.14916164377044677,-0.002064275437683172,-0.002066408990891115,0.24270514015746547,17126190.0,0.7751286187996279,0
2020-10-19,86.81385040283203,88.61449808164201,86.60507484830026,88.37962724195484,11725700,84.99370307922364,85.8897541809082,88.87098598480225,86.94834429543164,86.06818887641909,0.8801554190125529,0.56811460803161,0.31204081098094294,65.84681716230588,84.99370307922364,91.25314842417663,78.73425773427064,0.14729197853912757,-0.01684558607334319,-0.016989086810636565,0.22149936561781497,16293535.0,0.71965353129324,1
2020-10-20,87.3096694946289,88.52749355611834,87.09219996412817,87.25747229439122,11257100,85.29671440124511,85.90115447998046,88.72366146087647,87.00393278761584,86.16015040369389,0.8437823839219476,0.6232481632096776,0.22053422071227002,65.13835798570716,85.29671440124511,91.37715787888165,79.21627092360858,0.14257157547788915,0.005711290185796303,0.005695042601760786,0.21557166852065737,15893540.0,0.7082814778834671,0
2020-10-21,86.43978881835938,87.84898708691107,86.40499289811025,87.30096627543465,10730500,85.62216377258301,85.84034133911133,88.58191383361816,86.91714140773023,86.18086436033579,0.736277047394438,0.6458539400466297,0.09042310734780834,59.81284805330703,85.62216377258301,91.16645940972964,80.07786813543638,0.12950608564092295,-0.009963165377954386,-0.01001312985671816,0.20893708482509254,15432430.0,0.6953214756198473,1
2020-10-22,89.49308013916016,89.80623686867463,86.38761476867904,86.39631541023361,14837200,86.10372543334961,85.85576339721679,88.45095539093018,87.31343967410407,86.42621367728573,0.8872259968183442,0.6941283514009726,0.19309764541737162,65.20393350460989,86.10372543334961,91.19605150074027,81.01139936595895,0.11828352470840486,0.03532275312722977,0.034713216875999105,0.2355454588145149,15255965.0,0.972550736711837,1
2020-10-23,90.30205535888672,90.85877688545324,89.53656491901879,90.03239523601222,15087600,86.59082908630371,85.89719024658203,88.32192977905274,87.77322670253217,86.71331306110802,1.0599136414241457,0.7672854094056072,0.2926282320185385,63.06845596815089,86.59082908630371,91.2996889225449,81.88196925006253,0.108761167572329,0.009039528178811373,0.008998916202553733,0.2355969224880413,15345690.0,0.9831815969174407,0
2020-10-26,88.06645965576172,89.33648092386936,87.20528216891242,89.29299099953676,12410700,86.85023002624511,85.89321563720704,88.1875129699707,87.81833946456749,86.81354614219349,1.0047933223739989,0.8147869919992856,0.19000633037471326,58.131291699187344,86.85023002624511,91.26010761868854,82.44035243380169,0.10155131635485154,-0.024756863996506895,-0.025068468811892123,0.2429519363660739,14921520.0,0.8317316198349766,0
2020-10-27,86.40499877929688,87.78810186096393,86.25712108565517,87.43145526826079,10391700,87.06146469116212,85.90255340576172,88.0400159072876,87.60090243606432,86.78328337457152,0.8176190614927918,0.8153534058979869,0.0022656555948049606,49.00006227136105,87.06146469116212,90.89678477628539,83.22614460603884,0.08810603172663156,-0.018865989196786614,-0.019046222423210926,0.25220192613537684,14798695.0,0.702203809187229,0
2020-10-28,83.9780502319336,85.50903786817776,83.56920637708618,84.8131325871637,16389500,87.1117057800293,85.88731246948242,87.87362575531006,87.04354055850575,86.57548832696871,0.4680522315370439,0.7458931710257983,-0.27784093948875443,37.36743083398422,87.1117057800293,90.74240142452494,83.48101013553365,0.08335723912154173,-0.028088057191718807,-0.028490072444206573,0.2729878409985763,14798140.0,1.1075378392149284,1
2020-10-29,84.52604675292969,85.23065247156903,82.84718188617504,83.61267880157158,14208800,87.15918083190918,85.87906677246093,87.71876136779785,86.65623381918635,86.42367784000285,0.2325559791835019,0.6432257326573391,-0.41066975347383716,40.30779550330007,87.15918083190918,90.61590471167345,83.70245695214491,0.07931978815704413,0.006525473257388281,0.006504274527958066,0.27276402527340293,14719645.0,0.9652950190035153,1
2020-10-30,85.28285217285156,85.61340347116557,83.7083748903006,85.16977040579127,15194500,87.20485000610351,85.90629791259765,87.56544216156006,86.44494433513485,86.33917223502868,0.10577210010616511,0.5357350061471043,-0.42996290604093923,39.226206813018884,87.20485000610351,90.52793883036921,83.88176118183782,0.07621339464566733,0.008953517276562462,0.008913672199860367,0.27254253417705343,14721890.0,1.0321025357477878,1
2020-11-02,87.2052993774414,87.75332031600779,85.12629077608285,86.4572035102046,15011600,87.25747833251953,85.97283996582031,87.41772258758544,86.56192203395125,86.40332980113332,0.15859223281792367,0.46030645148126825,-0.3017142186633446,48.73630762924887,87.25747833251953,90.54354210200675,83.9714145630323,0.07531878830980525,0.02254201349520324,0.022291697083554017,0.27398382801276344,14778875.0,1.0157471390752002,1
2020-11-03,89.95411682128906,91.11104989885371,89.32780339294585,89.61485818373262,17482600,87.49191169738769,86.0471270751953,87.2894917678833,87.08379815508015,86.6663510618856,0.4174470931945393,0.45173457982392246,-0.034287486629383135,56.76717385399107,87.49191169738769,90.84784978178538,84.13597361299,0.07671424750678738,0.03152122019500503,0.031034625489164882,0.29128703115618637,14691985.0,1.189941318344662,0
2020-11-04,87.2052993774414,88.78847761438901,86.05706028950847,87.8577081009634,18886500,87.51453018188477,86.05885299682618,87.14819259643555,87.10249065082803,86.70627315933419,0.396217491493843,0.4406311621579066,-0.0444136706640636,47.086858717314705,87.51453018188477,90.85556192669418,84.17349843707535,0.07635376063530526,-0.03055799490876776,-0.031034625489164726,0.30868172912779557,14818385.0,1.2745316038151255,1
2020-11-05,90.77178192138672,91.42419052164102,87.85769150091285,87.90988206520728,17837400,87.62630882263184,86.16621368408204,87.02531723022462,87.66699700014475,87.00742195652327,0.6595750436214729,0.4844199384506199,0.17515510517085298,54.876358442750686,87.62630882263184,91.24898053512068,84.003637110143,0.08268456725300714,0.040897543720466834,0.04008336377136241,0.33369551038993467,14927305.0,1.1949511315002943,0
2020-11-06,89.56265258789062,91.42419127842744,89.06682231305874,91.36330007403207,12552800,87.7028579711914,86.19319732666015,86.91071537017822,87.95863632133641,87.19669829958752,0.7619380217488896,0.5399235551102739,0.22201446663861568,55.486090745222505,87.7028579711914,91.42493233508563,83.98078360729718,0.08487920348312589,-0.013320541999971569,-0.013410056226957057,0.33694407579333446,14870490.0,0.8441416523598079,1
2020-11-09,101.68878173828125,103.42853846045323,95.99107581850993,98.4354385260803,47792400,88.33178062438965,86.45546356201172,86.86147480010986,90.07096638548178,88.27018596171298,1.8007804237687992,0.792094928841979,1.0086854949268202,69.59926873172999,88.33178062438965,95.60856337537282,81.05499787340648,0.1647602414339636,0.13539269773738427,0.1269785802888398,0.5840382657028292,16457210.0,2.9040402352525123,0
2020-11-10,101.35820770263672,102.16719471612143,99.7663355971587,102.08020822108264,20539300,89.0163745880127,86.75559188842773,86.80044399261475,91.80746504965947,89.23966905363326,2.567795996026206,1.1472351422788245,1.4205608537473813,70.63777851001299,89.0163745880127,98.32275657622864,79.70999259979675,0.20909370958518414,-0.003250840751493511,-0.0032561362138736486,0.5789314439900448,16399310.0,1.2524490359655376,0
2020-11-11,99.8446044921875,101.74093896315793,99.13130473539915,101.68004776330928,14443400,89.64964637756347,87.02630996704102,86.73268993377685,93.04394804081764,90.0252198268595,3.0187282139581413,1.521533756614688,1.4971944573434532,64.95721501979789,89.64964637756347,100.08487130211599,79.21442145301096,0.23280013577753783,-0.014933208121534758,-0.015045831095305117,0.5827618456568172,16361275.0,0.8827796122245974,0
2020-11-12,98.61808013916016,99.13130501983666,97.47853534351854,97.88737910223672,22063000,90.1563507080078,87.24646835327148,86.65179164886474,93.90150682517803,90.66172799814103,3.239778827037,1.8651827706991506,1.3745960563378494,61.8727991711246,90.1563507080078,101.31251670033257,79.00018471568305,0.2474848616811606,-0.012284332831658529,-0.012360408919544418,0.5860944567340817,16605865.0,1.3286269640274686,1
2020-11-13,99.23570251464844,99.91420642051902,98.7920627928701,99.77502272872827,11847900,90.7030689239502,87.4844953918457,86.5888918685913,94.72215231586578,91.29683722158603,3.4253150942797532,2.1772092354152712,1.248105858864482,66.71874232711966,90.7030689239502,102.5281157580391,78.87802208986129,0.2607419346307586,0.006262770220397229,0.006243240572365371,0.5853104627783156,16534510.0,0.7165558580205884,1
2020-11-16,102.03671264648438,103.17625093272676,100.67100417633915,102.46295109424283,19858600,91.4642120361328,87.74079254150391,86.53573097229004,95.84746928980711,92.09238354935628,3.7550857404508236,2.492784536422382,1.2623012040284416,72.62651713664258,91.4642120361328,104.1626529894629,78.76577108280271,0.2776701547117378,0.028225830632100157,0.027834822510152867,0.5833649088682693,16941155.0,1.1722105133917964,0
2020-11-17,101.00153350830078,101.28859483654006,99.67062125128169,100.37522029637594,14553200,92.1488052368164,88.03844085693359,86.46928413391113,96.64040224649844,92.75232058335217,3.8880816631462665,2.771843961767159,1.1162377013791076,75.67556371579951,92.1488052368164,105.36973228999211,78.92787818364069,0.28694733521935084,-0.010145163552750525,-0.010196976455972217,0.5871520652655183,17105960.0,0.8507678025670585,0
2020-11-18,100.25345611572266,103.17624721106912,100.20995955385668,102.0714982514514,12571200,92.83948860168456,88.30475234985352,86.38938213348389,97.19625668791755,93.30796025241665,3.888296435500905,2.9951344565139086,0.8931619789869965,73.57846242323131,92.83948860168456,106.24661914662614,79.43235805674298,0.28882387757354167,-0.007406594401030975,-0.0074341594142653235,0.5861883081500829,17197995.0,0.7309689298083876,1
2020-11-19,100.52311706542969,100.74928724308398,98.78336076239826,99.32268760552971,10202500,93.39099044799805,88.59438430786133,86.31074367523193,97.70808136138096,93.84241631263983,3.8656650487411355,3.169240574959354,0.6964244737817813,73.18681573791196,93.39099044799805,107.12205067404896,79.65993022194714,0.29405535073956923,0.0026897920546076204,0.002686181037766032,0.5774336488709486,16966260.0,0.6013405429363926,0
2020-11-20,99.66193389892578,100.6014038420522,99.24438948976629,99.54015149555494,12718900,93.858984375,88.84541793823242,86.22965785980224,98.0086740594648,94.27349168940175,3.7351823700630433,3.2824289339800923,0.45275343608295104,69.58417237261357,93.858984375,107.78342269034748,79.93454605965253,0.29670975896594814,-0.008567016141604267,-0.008603923968871378,0.5797525633720746,16847825.0,0.7549283067695681,1
2020-11-23,102.53253173828125,102.79349118044682,100.53180949846319,100.9493538972284,13209200,94.58228797912598,89.12973083496094,86.16051746368409,98.7046521638981,94.88527243376319,3.819379730134912,3.389819093211057,0.4295606369238554,69.70019739892267,94.58228797912598,108.7407233339195,80.42385262433245,0.29938872609887063,0.02880335276522672,0.028396333404565044,0.5737697739061741,16887750.0,0.7821764296605528,1
2020-11-24,107.27337646484375,107.42995480208583,104.13311571662051,104.44627239110466,20121600,95.62570686340332,89.56384857177734,86.11398307800293,100.02291744096667,95.80290976939878,4.220007671567885,3.5558568088824227,0.664150862685462,79.58443097420121,95.62570686340332,110.31270322064479,80.93871050616185,0.3071767381175259,0.04623746869592282,0.045200365398251785,0.579517513405496,17374245.0,1.1581280222536288,0
2020-11-25,106.15122985839844,106.45568588436065,104.79422206459914,105.57711372896166,11715600,96.73436584472657,89.96828353881835,86.06183795928955,100.96573473595616,96.56945199821357,4.396282737742595,3.7239419946544574,0.6723407430881378,74.43332157614236,96.73436584472657,111.06246542903543,82.40626626041771,0.29623597486146025,-0.01046062539863346,-0.010515722309418657,0.5667948714669532,17140550.0,0.6835019879758818,0
2020-11-27,105.4466323852539,106.42959232402316,105.3248499728982,106.12513629313389,5983600,97.78039512634277,90.37827758789062,86.0066767501831,101.65510360507889,97.22702091577212,4.428082689306777,3.864770133584922,0.563312555721855,75.64600191426224,97.78039512634277,111.39250712559573,84.16828312708981,0.27842211072402906,-0.006637676022071881,-0.006659803363997328,0.570504642570314,16729290.0,0.3576720829156527,0
2020-11-30,102.54122161865234,105.01167871903029,102.44553450271191,104.38536546438115,14411800,98.64331359863282,90.73378326416015,85.93876243591309,101.79142945332096,97.62066541228177,4.170764041039192,3.925968915075776,0.24479512596341557,51.95989934139691,98.64331359863282,111.05476747971093,86.2318597175547,0.2516430851376051,-0.02755337653635548,-0.027940090894387787,0.5873040820540478,16690155.0,0.8634910820181119,1
2020-12-01,104.1592025756836,105.75978174210854,104.06351545307238,104.6811281120627,12668900,99.49100875854492,91.17405075073242,85.88662567138672,102.15570224137674,98.10500149845969,4.0507007429170585,3.950915280644033,0.09978546227302543,56.0800153684622,99.49100875854492,110.88754572609338,88.09447179099647,0.22909682210996077,0.015778834418888277,0.015655642801406782,0.5858579393166622,16573020.0,0.7644291746465037,1
2020-12-02,106.15995025634766,106.39481448104682,103.75038360960643,104.12443155016055,10811300,100.30130043029786,91.67226089477539,85.83667831420898,102.77174039752612,98.70166436941435,4.070076028111771,3.974747430137581,0.09532859797419002,63.42457608949144,100.30130043029786,111.13328067946642,89.46932018112929,0.21598882971005962,0.019208554128573363,0.019026398783835077,0.5813421252667216,16239455.0,0.6657427850873074,0
2020-12-03,105.46403503417969,106.02945721254851,104.69854457888673,105.99466128685643,12904400,101.21423721313477,92.18292556762695,85.7832513809204,103.1859395723959,99.20258071495252,3.9833588574433776,3.9764697155987405,0.00688914184463707,64.88835307301576,101.21423721313477,110.34262607411317,92.08584835215636,0.18037756569277974,-0.006555346159144992,-0.00657692680488196,0.5657586146934919,15940350.0,0.8095430777868742,1
2020-12-04,106.42088317871094,107.24727135267074,105.855467725096,106.54267221797673,13583700,101.99669227600097,92.71410629272461,85.74170490264892,103.68362320413667,99.73726978634204,3.946353417794626,3.9704464560379176,-0.024093038243291787,65.39888342986903,101.99669227600097,109.96538253844896,94.02800201355298,0.156253895780951,0.009072743558703689,0.009031833479120033,0.5539506492846463,15727665.0,0.8636819260837512,0
2020-12-07,106.0207290649414,106.27299448327564,104.56803438658036,105.38572183658496,9724300,102.81959609985351,93.22332122802734,85.71357501983643,104.04317795195277,100.20271121438644,3.840466737566331,3.9444505123436002,-0.10398377477726939,59.51777653594221,102.81959609985351,108.43291168666613,97.2062805130409,0.10918766071326,-0.003760108935551343,-0.0037671959159449367,0.5499746923618423,15586240.0,0.6239028784363644,1
2020-12-08,106.12513732910156,106.41219871958954,105.04649025057424,105.29005507766327,9592100,103.04141387939453,93.6882551574707,85.71088829040528,104.36347939459105,100.64140944510608,3.7220699494849754,3.8999743997718754,-0.17790445028690005,62.809923345819726,103.04141387939453,108.81491105123595,97.2679167075531,0.11206168383130016,0.0009847910411575622,0.000984306452579755,0.28192995171863944,13676225.0,0.7013704439638863,0
2020-12-09,105.29875946044922,107.25598542338216,104.76813322401144,107.14289700918273,13073900,103.23844146728516,94.15062423706054,85.70246452331543,104.5073686354923,100.9863983351315,3.5209703003608013,3.824173579889661,-0.3032032795288595,62.564962553904294,103.23844146728516,109.03896883349158,97.43791410107873,0.11237146326050518,-0.007786824963907368,-0.007817300594103745,0.2835663811878679,13302955.0,0.9827816451307247,0
2020-12-10,104.6202392578125,105.06387896017965,104.00262658496274,104.37667444447946,13668400,103.4772232055664,94.583564453125,85.71290828704834,104.52473334661849,101.25557173681158,3.2691616098069147,3.7131711858731116,-0.44400957606619684,59.999940412035876,103.4772232055664,109.0792897518679,97.8751566592649,0.10827632154706188,-0.006443762548708598,-0.00646461320598757,0.27837297607931155,13264205.0,1.0304726140767577,0
2020-12-11,104.00261688232422,104.40275998641874,102.96746652223028,103.46329674215642,9981600,103.7464500427246,94.99208587646484,85.742481880188,104.44440773672707,101.45905656240511,2.9853511743219627,3.567607183562882,-0.5822560092409192,60.721880368553684,103.7464500427246,108.86165062895473,98.63124945649447,0.09860965043379512,-0.005903469346560164,-0.0059209637073170335,0.27478167607982257,12660135.0,0.7884276115539053,0
2020-12-14,102.90657806396484,105.62059338774783,102.74129910737545,105.55100154953725,12112400,103.92999382019043,95.36282806396484,85.74372379302979,104.2078185563021,101.56628037733546,2.6415381789666412,3.3823933826436337,-0.7408552036769924,51.01270890077489,103.92999382019043,108.60849653256902,99.25149110781184,0.09003180969052839,-0.01053856961695021,-0.010594493594564918,0.2784231776298049,12673360.0,0.9557370736726488,1
2020-12-15,104.66373443603516,105.16826533507017,103.18494429653897,103.7677610402639,12590200,104.06134490966797,95.73304809570313,85.77301261901856,104.27795946087642,101.79572141872063,2.4822380421557853,3.202362314546064,-0.7201242723902785,41.57306028206822,104.06134490966797,108.66291536826319,99.45977445107275,0.08843957307278091,0.01707525801682075,0.01693111434509632,0.26705378016187475,12309940.0,1.0227669671826183,1
2020-12-16,104.96818542480469,105.324838620149,104.26358630974488,104.64633478540354,11169400,104.25967750549316,96.1271028137207,85.79161647796631,104.38414807071153,102.03071875250464,2.353429318206892,3.0325757152782296,-0.6791463970713374,45.966773689456346,104.25967750549316,108.64270309573386,99.87665191525245,0.08407901683773722,0.002908848899860317,0.0029046263853551523,0.26356300100445534,12140750.0,0.9199925869489117,0
2020-12-17,104.09831237792969,105.64669436000332,104.02002653320709,105.48142203115228,11618000,104.45192031860351,96.4740104675293,85.83070762634277,104.3401733487451,102.18387383586946,2.156299512875634,2.8573204747977106,-0.7010209619220764,45.45454077813986,104.45192031860351,108.41195543777356,100.49188519943347,0.07582503236112813,-0.008287016140696712,-0.008321544348484332,0.26400046528060045,12093090.0,0.9607139283673569,0
2020-12-18,103.58509826660156,104.28099684876568,102.88049240748121,103.63728883518677,28954800,104.6050193786621,96.77498825073242,85.89211162567139,104.22400795149224,102.28766823814591,1.936339713346328,2.673124322507434,-0.7367846091611061,54.19587903915802,104.6050193786621,108.13939255208804,101.07064620523617,0.06757559425770526,-0.0049300905999791755,-0.004942283588173386,0.2651246791380206,13030705.0,2.222044010665578,1
2020-12-21,107.47345733642578,108.73477810781881,105.33355106301704,107.14289936352574,28323600,104.9955955505371,97.16382400512695,86.03479560852051,104.72392324148201,102.67180076394442,2.052122477537594,2.5489239535134662,-0.4968014759758721,61.26555216003087,104.9955955505371,107.90035996891254,102.09083113216167,0.05533116704837961,0.03753782286151419,0.036850428228355034,0.2908619743098879,13810940.0,2.0508089963463747,0
2020-12-22,105.83805847167969,107.44733150219841,105.78586791352922,107.33424974732483,11788200,105.16087188720704,97.49837860107422,86.13863693237305,104.89532866151242,102.9063383719248,1.988990289587619,2.436937220728297,-0.44794693114067785,48.87798308743866,105.16087188720704,107.84319619864527,102.4785475757688,0.05101373283240237,-0.015216769845104894,-0.015333732937939892,0.28280912839960154,13739890.0,0.8579544668843783,1
2020-12-23,108.79566955566406,110.05699032981136,106.4295997170082,106.80364761998166,14973200,105.23698654174805,97.92096542358398,86.2772876739502,105.49538110676652,103.34258512627585,2.152795980490666,2.3801089726807705,-0.2273129921901047,60.03139779452776,105.23698654174805,108.23904942261045,102.23492366088566,0.057053379795732995,0.027944683856571118,0.027561356107147807,0.2502072114559648,13482470.0,1.110568019064756,0
2020-12-24,108.31722259521484,109.21320265024592,107.49084102051494,108.81305286736348,4164900,105.34528617858886,98.34372650146484,86.44695743560791,105.9295105665278,103.7110767906417,2.2184337758860977,2.347773933321836,-0.12934015743573823,55.87916254510069,105.34528617858886,108.6292584008682,102.06131395630953,0.06234682806237968,-0.004397665480650681,-0.004407363654818745,0.24749196567457607,13104935.0,0.31781157251066106,1
2020-12-28,109.03053283691406,110.17007781727645,108.55210379821779,109.44807730236062,8072600,105.52448120117188,98.75465728759765,86.55320232391358,106.40659091581799,104.10511057184706,2.3014803439709226,2.3385152154516535,-0.037034871480730924,59.153465523426085,105.52448120117188,109.19956957536334,101.84939282698042,0.06965375867966167,0.0065853815728351695,0.006563792676519861,0.24643970878805282,13209385.0,0.6111261046596794,0
2020-12-29,108.74346160888672,109.84820386021639,108.63907384916423,109.7786120204014,8389200,105.8345932006836,99.16349975585938,86.7236939239502,106.7661094839824,104.4486921301463,2.317417353836106,2.334295643128544,-0.016878289292438176,57.87539315121744,105.8345932006836,109.49644238079065,102.17274402057654,0.06919947569814824,-0.002632943456827297,-0.002636415748688654,0.22172649410817682,12908255.0,0.6499096895746171,1
2020-12-30,109.04792785644531,109.47416630122832,108.6477846948836,109.16100962928545,7398000,106.07902946472169,99.60818130493163,86.87289863586426,107.11715846436132,104.7893762580203,2.327782206341027,2.332992955771041,-0.005210749430013983,61.642266784366065,106.07902946472169,109.91835551179747,102.2397034176459,0.07238614580938671,0.0027998579689660907,0.0027959456675338153,0.21655644703228946,12644710.0,0.5850667986849837,1
2020-12-31,110.5354232788086,110.76159347044037,108.57819731694019,108.81306151224103,8580200,106.29780311584473,100.07269638061524,87.07123100280762,107.64304535889167,105.21500937067128,2.428035988220387,2.3520015622609103,0.07603442595947651,67.48966273327935,106.29780311584473,110.6242864525449,101.97131977914457,0.08140306214955556,0.013640749087148851,0.013548551552087597,0.21166557966435673,12533155.0,0.6846001665183268,0
2021-01-04,109.49156188964844,111.22261749866333,108.54339128315176,110.90946084299868,16819900,106.49917945861816,100.53373184204102,87.25838821411133,107.92743251746964,105.53179103874368,2.3956414787259632,2.360729545553921,0.03491193317204244,65.83037129191067,106.49917945861816,111.03225214861328,101.96610676862304,0.0851287815181058,-0.009443682017910016,-0.00948855632552742,0.21347354065091764,12728930.0,1.3213915073772893,1
2021-01-05,110.08734893798828,110.65684311960928,108.44019612441132,109.50909145634377,13731200,106.68250274658203,100.94561721801757,87.4561275100708,108.25972735139558,105.86923977202105,2.390487579374536,2.366681152318044,0.02380642705649194,71.32500813397172,106.68250274658203,111.49046181479692,101.87454367836715,0.09013585066776895,0.00544139692646195,0.005426646012397829,0.21225457658745953,12736305.0,1.0781148849685995,1
2021-01-06,115.25658416748047,116.32547941731998,112.0411351186114,113.79342734457371,24909100,107.14429550170898,101.44470779418945,87.69859382629394,109.33616686156249,106.56459861612915,2.7715682454333432,2.447658570941104,0.3239096744922394,76.15701753791038,107.14429550170898,113.27643879046073,101.01215221295723,0.11446513806521673,0.046955760851358,0.045886677749629845,0.26459177710801224,13495545.0,1.8457276086293661,1
2021-01-07,119.04151153564453,121.07416913904376,118.20917859432471,118.88381225721398,21940400,107.79011421203613,102.06420883178711,87.92027996063233,110.82929681142127,107.4888143879451,3.3404824234761747,2.626223341448118,0.7142590820280565,79.65420396982202,107.79011421203613,115.8788138158777,99.70141460819455,0.1500824015814684,0.03283914229719098,0.03231145903546105,0.28280794397386366,14112960.0,1.5546278030972949,1
2021-01-08,119.17292785644531,119.46205653729727,117.50824878810455,119.12911804985393,12035100,108.48382263183593,102.71956741333008,88.12868419647216,112.11293235680958,108.35430427450066,3.758628082308917,2.852704289620278,0.9059237926886388,82.78430118031847,108.48382263183593,117.9374825927267,99.03016267094517,0.174286999324754,0.0011039537309758263,0.0011033448221526674,0.2788308989905057,14061020.0,0.8559194140965591,1
2021-01-11,120.9515151977539,121.08293126909871,117.49951045573107,117.9112986377822,15937900,109.30038642883301,103.45903671264648,88.3189905166626,113.47271433233948,109.28743100955646,4.185283322783022,3.119220096252827,1.0660632265301948,85.79822657904512,109.30038642883301,120.07751683837786,98.52325601928816,0.19720205502771926,0.014924424307600104,0.01481415091130963,0.27612853803485155,14174495.0,1.124406901268793,1
2021-01-12,122.85276794433594,124.11441595626906,121.63492975454398,122.1693774993523,18033500,110.24289398193359,104.22557113647461,88.54832836151122,114.91579950341585,110.2922707825031,4.623528720912759,3.4200818211848136,1.2034468997279455,84.53096708435757,110.24289398193359,122.29130804814247,98.19447991572471,0.2185794227822675,0.015719131285569343,0.015596865353096203,0.2729392172157678,14577090.0,1.2371124826697235,1
2021-01-13,122.96663665771484,123.352128226408,120.99531552876671,121.42461690743413,14816800,111.24589691162109,104.97924682617187,88.76822490692139,116.15438983484647,111.23111269918545,4.923277135661024,3.720720884080056,1.2025562515809685,91.2789793317999,111.24589691162109,124.0396629599203,98.45213086332187,0.2300087716217198,0.0009268713703747267,0.0009264420903438852,0.26525723783483085,14712310.0,1.007102215763534,1
2021-01-14,123.68505096435547,125.06935789594515,122.65996571231048,123.08928040509868,18565600,112.19696273803712,105.70884185791016,89.00637050628661,117.31295308554016,112.1536266447536,5.1593264407865576,4.008441995421356,1.1508844453652012,90.22387164510971,112.19696273803712,125.73676218176313,98.6571632943111,0.241357682299108,0.005842351439117488,0.005825351086500741,0.2637562449521203,15011080.0,1.236793088838378,0
2021-01-15,121.46844482421875,124.10563000370816,120.04032769321203,120.40830608787016,27881000,113.02197570800782,106.33912841796875,89.25738269805908,117.95225950687532,112.84361317656584,5.108646330309483,4.228482862398982,0.880163467910501,82.47808833099762,113.02197570800782,126.71708842255883,99.3268629934568,0.24234424551084346,-0.017921374675873514,-0.018083907311310283,0.27951941588989826,15846660.0,1.7594243834347427,0
2021-01-19,120.94274139404297,123.27328435739169,120.75000228511718,122.53732764334819,19843800,113.86419715881348,107.01387725830078,89.49246101379394,118.41233364336264,113.44354860008266,4.968785043279979,4.376543298575182,0.592241744704797,79.69338181065774,113.86419715881348,127.3183028177272,100.41009149989976,0.23631845645296984,-0.004327901216950147,-0.004337293691018348,0.27690002233496036,16257950.0,1.2205597876731076,0
2021-01-20,119.1291275024414,121.05663882552155,118.66477292725455,120.74999689280257,16028800,114.64139862060547,107.58102416992188,89.72939682006836,118.52260962168245,113.86470259284997,4.657907028832483,4.432816044626643,0.22509098420584017,74.05733735799973,114.64139862060547,127.37172156585311,101.91107567535784,0.22208945631198024,-0.014995640670097177,-0.015109212104204238,0.2851566678117676,15611650.0,1.0267204299353367,0
2021-01-21,118.13031768798828,119.29558904224491,117.68348973950877,118.88380091822654,13411700,115.17424163818359,108.15237747192383,89.93824977874756,118.46225701649874,114.18067408137873,4.281582935120014,4.402569422725318,-0.12098648760530395,70.38276792676191,115.17424163818359,127.52784815404583,102.82063512232135,0.21452030141723394,-0.008384261980200036,-0.008419607608002016,0.266249460229313,14866055.0,0.902169405400424,0
2021-01-22,117.21915435791016,117.75360206918477,115.82609033584154,116.25540517567849,12933200,115.74329643249511,108.4629849243164,90.13751094818116,118.27101045363895,114.40574669445513,3.8652637591838186,4.295108290017017,-0.42984453083319885,65.3979979526753,115.74329643249511,127.30954457085274,104.17704829413749,0.19986035467900118,-0.007713204771739757,-0.00774310538795156,0.26000010571580684,14923305.0,0.8666444865932847,0
2021-01-25,115.75599670410156,116.6759494310962,113.9511444529981,115.77352330554446,14212800,116.091312789917,108.75094070434571,90.3138360595703,117.88408526140243,114.5057652136882,3.378320047714226,4.111750641556459,-0.7334305938422334,64.1584869325428,116.091312789917,127.18663461459286,104.99599096524113,0.19114818427033134,-0.01248224031152001,-0.012560797873915923,0.2526864480940947,14885285.0,0.9548221616180006,0
2021-01-26,115.28286743164062,116.67593122923192,115.07258835376963,116.30795286961599,11307800,116.43959503173828,109.05970596313476,90.45168975830079,117.48389790297755,114.56332834094394,2.920569562033606,3.873514425651889,-0.9529448636182831,61.8080580003461,116.43959503173828,126.92813901287316,105.9510510506034,0.18015425042101854,-0.004087298161065123,-0.004095673995004984,0.252564657694764,15242430.0,0.7418633380635502,0
2021-01-27,112.02363586425781,113.76716511241922,111.57680109711914,113.53935939392646,17603900,116.58925018310546,109.32781707763672,90.59275131225586,116.64385758932835,114.37520297230051,2.2686546170278348,3.5525424639270784,-1.2838878468992436,41.95378967431902,116.58925018310546,126.71169990725737,106.46680045895356,0.17364293377398723,-0.028271603925149047,-0.02867894147548149,0.27568887052976443,15718995.0,1.1199125643846823,1
2021-01-28,113.99494171142578,115.79979376365834,113.01366604082438,113.81094583874884,13761800,116.85182418823243,109.62300186157226,90.7551496887207,116.23633206965104,114.34703547149499,1.8892965981560508,3.2198932907728732,-1.3305966926168225,36.193647605140626,116.85182418823243,126.37187594524497,107.33177243121989,0.1629422873480696,0.017597231441020655,0.017444192924921977,0.2809714289967644,15987625.0,0.8607782581840643,0
2021-01-29,112.7332763671875,115.40551419921977,112.31273162655043,114.94115965106553,14808100,117.03609161376953,109.83693313598633,90.93134113311767,115.69740042311818,114.22749776006481,1.4699026630533751,2.8698951652289737,-1.3999925021755986,33.40852711654513,117.03609161376953,126.0493173279673,108.02286589957176,0.1540247216036963,-0.011067730947502463,-0.011129433979102146,0.2850627226576929,16358130.0,0.9052440590703216,1
2021-02-01,113.56561279296875,113.95988770410122,112.56681064711164,113.3728603289545,11080700,117.18760108947754,110.08821472167969,91.12646099090576,115.36943309540288,114.17846924398361,1.1909638514192693,2.534108902467033,-1.3431450510477636,29.99512734008563,117.18760108947754,125.83518135889989,108.54002082005519,0.14758524261998618,0.007383236366432122,0.007356113697045608,0.282473278951184,16483155.0,0.6722438756415261,1
2021-02-02,117.06141662597656,117.74480680376203,114.96743628760817,115.59826004692944,12253600,117.56609382629395,110.42437393188476,91.30555744171143,115.62973825395268,114.392020901909,1.2377173520436742,2.2748305923823615,-1.0371132403386873,35.561190950094044,117.56609382629395,125.42176331189887,109.71042434068903,0.13363835149974135,0.03078223898092025,0.030317969322561526,0.297489598125097,16254840.0,0.7538431630209833,1
2021-02-03,118.40190887451172,118.94511300133887,116.97379217722425,117.0964516048586,10600800,117.98182182312011,110.78194976806641,91.5061657333374,116.05622604173101,114.68904964062033,1.367176401110683,2.093299754128026,-0.7261233530173428,39.27532802753281,117.98182182312011,125.00719232711073,110.9564513191295,0.11909242280600044,0.011451187651505768,0.011386119072711687,0.2987683504866191,16098320.0,0.6585034960169757,1
2021-02-04,121.12673950195312,121.48596125077894,118.69106363970619,118.69106363970619,12419500,118.27532958984375,111.21124588012695,91.73175052642823,116.83630503561133,115.16591555627461,1.6703894793367198,2.0087176991697646,-0.33832821983304484,44.50719683133025,118.27532958984375,125.31178872714015,111.23887045254735,0.11898439280106005,0.02301340116339956,0.02275258675015766,0.262841553365179,15473840.0,0.8026126675731428,0
2021-02-05,120.89015197753906,122.213135857133,120.36447443985199,122.1255162497476,10051300,118.36776161193848,111.57839828491211,91.95491470336914,117.45997379590791,115.58993306896086,1.8700407269470531,1.9809823047252224,-0.11094157777816926,48.64300394577601,118.36776161193848,125.49458617134191,111.24093705253505,0.12041833793847168,-0.0019532229249037414,-0.001955132952345768,0.2375822010815903,14879385.0,0.6755185110137281,1
2021-02-08,122.78265380859375,122.92283986780915,121.06540800540124,121.08293460502277,10136400,118.54824790954589,111.88858383178712,92.1873279953003,118.27884764401342,116.12272719782256,2.1561204461908687,2.016009933018352,0.14011051317251688,54.057205075758525,118.54824790954589,125.93887794866356,111.15761787042823,0.12468560555625975,0.01565472290419745,0.015533451736483354,0.24331182408235175,14784450.0,0.6856122480038148,0
2021-02-09,122.29198455810547,122.64243624724794,121.38078877613502,122.16055514802079,8614800,118.61527137756347,112.21139892578125,92.41165447235107,118.89625332310452,116.57970922451017,2.316544098594349,2.0761167661335516,0.2404273324607975,57.40657498299155,118.61527137756347,126.12108296889456,111.10945978623239,0.12655725530381975,-0.003996242427315444,-0.004004248741317387,0.23880145537582936,14418295.0,0.5974908961149706,1
2021-02-10,122.36214447021484,123.42227009925465,121.81892667550659,122.66002990573988,10323200,118.59074020385742,112.54970916748047,92.61964458465576,119.42946734573687,117.00803776122903,2.421429584507834,2.1451793298084083,0.27625025469942566,60.36042598719109,118.59074020385742,126.04124186921376,111.14023853850108,0.12565064780857144,0.0005737081817986933,0.000573543674176334,0.23208989975889777,14032780.0,0.7356489590800968,0
2021-02-11,122.02045440673828,123.14191651558062,121.10050146946904,122.36214968413738,9201000,118.54343109130859,112.93929382324218,92.8230668258667,119.82808073973709,117.3793278831186,2.4487528566184835,2.2058940351704237,0.24285882144805981,62.09178532698292,118.54343109130859,125.88820493336407,111.19865724925312,0.12391701124962598,-0.002792449126778229,-0.00279635528637039,0.23224734709936481,13751990.0,0.6690668041497995,1
2021-02-12,123.75517272949219,124.07058467792957,121.78385139397815,121.82766120854305,8324600,118.54693717956543,113.33121322631835,93.02419429779053,120.43224873816095,117.8516126865537,2.5806360516072573,2.2808424384577903,0.29979361314946695,69.87360871015679,118.54693717956543,125.90210490656126,111.1917694525696,0.124088701099967,0.01421661910036387,0.014116510657820911,0.23703061726151373,13239940.0,0.6287490728809949,1
2021-02-16,126.73406219482422,127.32108968880823,124.76274071559611,125.77031304852922,12130600,118.8102180480957,113.74269546508789,93.24917861938476,121.40175850072454,118.50957190938854,2.8921865913359994,2.4031112690334324,0.489075322302567,75.2999300469444,118.8102180480957,126.94170734227173,110.67872875391969,0.136881985872365,0.0240708279066717,0.023785692102937774,0.2414329182755926,12452420.0,0.9741560275030877,1
2021-02-17,127.1283187866211,127.37363768790993,125.39354651037902,126.12074659951288,10810100,119.1194969177246,114.17598114013671,93.48684654235839,122.28276777547786,119.14799760399836,3.134770171479502,2.5494430495226466,0.5853271219568557,88.20892889607168,119.1194969177246,128.02609278066666,110.21290105478253,0.14954052180213312,0.0031108968257547165,0.003106067998288581,0.24019231700421875,12000735.0,0.9007864934939401,1
2021-02-18,127.55760192871094,127.73282778043516,125.63884743547312,126.16453835952134,10587800,119.54092063903809,114.59871551513672,93.73139808654786,123.0942807221291,119.77093125768077,3.3233494644483272,2.704224332507783,0.6191251319405442,87.21122177840873,119.54092063903809,129.21405164287924,109.86778963519696,0.16183798739596153,0.0033767703859151066,0.0033710818990078818,0.23101398285321853,11728685.0,0.902726946797531,1
2021-02-19,129.68666076660156,130.4050909094959,127.79418911346629,127.79418911346629,11969800,120.11873779296874,115.07203414916992,93.98719242095947,124.10849303666332,120.50542973982306,3.6030632968402614,2.8839921253742786,0.7190711714659828,94.40086287511009,120.11873779296874,130.768410286238,109.46906529969948,0.17731908757856849,0.01669096005019366,0.016553196797064487,0.23101735038452953,11656590.0,1.0268697792407557,1
2021-02-22,130.90451049804688,131.5879008727894,128.60900706882103,128.67910010326634,11488400,120.80300559997559,115.56762161254883,94.25645935058594,125.15403418456847,121.27573201821001,3.8783021663584663,3.0828541335711166,0.7954480327873497,94.51168923349559,120.80300559997559,132.38597495048623,109.22003624946495,0.19176624444041115,0.009390709300759026,0.00934689070171678,0.22668879845778975,11584350.0,0.9917172737356865,1
2021-02-23,131.95584106445312,133.44528085067728,131.06217184516845,132.744364078079,16234400,121.61299781799316,116.10076324462891,94.52697109222412,126.20046601224303,122.0668512068206,4.133614805422425,3.2930062679413785,0.8406085374810468,93.72400849287334,121.61299781799316,133.95101175326715,109.27498388271918,0.2029061721468151,0.008031278390685737,0.007999199317241561,0.21640824245622267,11685430.0,1.3892856317653695,1
2021-02-24,134.2776336669922,134.7157050439979,131.51778933940724,131.51778933940724,15061400,122.56273612976074,116.6939111328125,94.80273292541504,127.44310718989675,122.97135361127776,4.471753578618987,3.5287557300769,0.9429978485420869,94.06589608742775,122.56273612976074,135.74453127650574,109.38094098301572,0.2151028210203966,0.017595224158398537,0.01744222035213988,0.2158136032200824,11873110.0,1.2685303176674014,0
2021-02-25,132.45521545410156,135.71446659214376,131.93829459262204,135.16250591330694,18127700,123.58431510925293,117.26296310424804,95.08103370666504,128.21420076900517,123.67386189593138,4.540338873073793,3.7310723586762786,0.8092665143975144,83.10250579632603,123.58431510925293,136.49106345576118,110.67756676274469,0.20887356676449143,-0.013572016151328747,-0.01366495785814566,0.18776343926861314,11899300.0,1.52342574773306,0
2021-02-26,128.9419403076172,132.1836661455895,128.3636828240177,131.68427167802906,19829200,124.3316650390625,117.7836703491211,95.35431545257569,128.32616069802242,124.06408992642663,4.262070771595788,3.8372720412601806,0.4247987303356071,69.7464938206372,124.3316650390625,136.61646226277645,112.04686781534856,0.1976133307609821,-0.02652424922974661,-0.026882363807034827,0.22160881917904923,12202670.0,1.624988629537634,1
2021-03-01,131.85951232910156,132.6305223935194,130.0896998489062,131.00089599210554,14845500,125.2879768371582,118.32758590698242,95.65498851776123,128.86975325664997,124.64152862292107,4.2282246337289,3.9154625597539248,0.3127620739749748,71.19477382207907,125.2879768371582,136.7193038160456,113.8566498582708,0.18248082964489326,0.022627021235479328,0.02237482736655895,0.2189010745255932,12204540.0,1.2163916050912202,0
2021-03-02,131.43016052246094,132.98093683186465,131.28121786896335,131.49149692801222,14221700,126.18120422363282,118.85682540893555,95.93862022399902,129.26366206677474,125.14439024510921,4.119271821665535,3.956224412136247,0.16304740952928798,71.39923025881127,126.18120422363282,136.4928008811234,115.86960756614225,0.1634410880913005,-0.0032561307034795206,-0.0032614434328207677,0.22249887365577223,12361590.0,1.1504749793513618,1
2021-03-03,133.9709930419922,135.784601608816,132.1398578766301,132.49906624896064,14324100,127.0266830444336,119.4542790222168,96.24186996459962,129.98786683219282,125.79821267450795,4.1896541576848705,4.002910361245972,0.1867437964388987,74.36548800472963,127.0266830444336,136.9556567763905,117.0977093124767,0.1563289459189259,0.01933218760009825,0.019147694835609474,0.2099125587751536,12465115.0,1.149135005974674,0
2021-03-04,131.91204833984375,135.25892001214697,130.21232929109308,133.7081436244167,20093900,127.70219001770019,120.02081802368164,96.51540649414062,130.2838947564468,126.25108939045874,4.032805365988068,4.008889362194392,0.02391600379367631,69.3652291560058,127.70219001770019,136.9772878401469,118.4270921952535,0.14526137447072943,-0.015368585806504242,-0.015487906628214542,0.22328123351342163,12939770.0,1.5528792242829663,1
2021-03-05,132.21871948242188,134.47916961883655,129.64285738816145,134.24260730823255,18465100,128.25678901672364,120.51572326660157,96.79807292938233,130.5815600989045,126.69313606393749,3.8884240349670165,3.984796296748917,-0.09637226178190073,67.55083145959335,128.25678901672364,137.19683759897822,119.31674043446907,0.1394085825911152,0.002324815257117807,0.002322117055199429,0.2136408036939946,13242050.0,1.3944291102963664,1
2021-03-08,133.9709930419922,136.20515976046934,132.0785214661849,133.5854880874154,17133300,128.91083106994628,121.07838195800781,97.07814842224121,131.103011320918,127.23223658083043,3.870774740087569,3.961991985416648,-0.09121724532907916,65.81157772228096,128.91083106994628,137.48828735254793,120.33337478734465,0.13307580459158716,0.013252840191084081,0.013165789573015138,0.21438811561323337,13596150.0,1.2601582065511192,0
2021-03-09,133.0247344970703,135.1449980156439,131.26369265825153,132.7356058306,16238800,129.4229351043701,121.56296325683594,97.35844329833985,131.39866104032606,127.6613105005519,3.7373505397741553,3.91706369628815,-0.17971315651399467,62.57933548464594,129.4229351043701,137.67674094230944,121.16912926643079,0.1275478079875601,-0.00706315989331574,-0.007088222089076752,0.21491201150051084,13901270.0,1.1681522623472531,1
2021-03-10,135.91603088378906,136.8184568587185,132.7443849959897,133.09485012195302,14342200,130.1041374206543,122.11493942260742,97.65618209838867,132.09364101624345,128.2727712696806,3.820869746562863,3.8978249063430925,-0.07695515978022938,66.13663251069927,130.1041374206543,138.12548173038746,122.08279311092112,0.12330652151051068,0.021735028433997217,0.021502190488731622,0.22136566211345968,14187640.0,1.0108939894161397,0
2021-03-11,135.20635986328125,136.80968938175963,134.36525691443552,135.0223639976695,11771500,130.74634819030763,122.63845596313476,97.92327198028565,132.57252083886465,128.7863704247621,3.7861504141025364,3.875490007894981,-0.08933959379244483,61.274108001603196,130.74634819030763,138.19398797325883,123.29870840735641,0.11392501413669782,-0.005221393060797941,-0.0052350721703270445,0.22397747948686456,14260055.0,0.8254876997318734,1
2021-03-12,136.8096923828125,138.10639334776394,135.86346992681177,137.43175965089253,12849500,131.48581008911134,123.19978057861329,98.17469203948974,133.2243933840874,129.38069056980288,3.843702814284512,3.869132569172888,-0.025429754888375733,61.87447608364006,131.48581008911134,138.18469765705618,124.7869225211665,0.10189521688165175,0.01185841051524883,0.011788650518824148,0.22316817690408033,14442480.0,0.8897017686713086,0
2021-03-15,136.1262969970703,137.48432095536938,134.89094585988298,136.98492653158675,12101100,132.10436630249023,123.74134796142579,98.42913955688476,133.6708400937771,129.88036511997083,3.790474973806255,3.8534010500995617,-0.06292607629330682,58.51214712966717,132.10436630249023,138.03867029755315,126.17006230742732,0.08984266245181714,-0.004995226389589047,-0.0050077442366497525,0.22401083241944525,14631305.0,0.8270690823545815,0
2021-03-16,134.49667358398438,135.45167937622847,133.34017206414595,135.00483800155266,12805600,132.49249687194825,124.2205729675293,98.68632186889648,133.79789139996282,130.22231389508295,3.575577504879874,3.7978363410556244,-0.22225883617575048,50.46007285528489,132.49249687194825,137.94363658269657,127.04135716119991,0.08228601376599859,-0.011971407795813405,-0.012043642175086194,0.21952521188048282,14665055.0,0.8732050442361109,1
2021-03-17,135.88096618652344,137.44926908361168,134.0936409864517,136.10000185838342,13952400,132.93012924194335,124.7483610534668,98.9449201965332,134.11836444404906,130.64147332407853,3.4768911199705315,3.733647296838606,-0.2567561768680746,57.33038346156307,132.93012924194335,137.95685289255786,127.90340559132882,0.07562956087202001,0.01029239285739414,0.010239786835351037,0.22101895573847807,14822170.0,0.9413196583226343,1
2021-03-18,138.1239013671875,141.66352561955372,137.65079015703594,138.08010492409906,21898500,133.45844421386718,125.30909210205078,99.2133247756958,134.73460089376266,131.1957272531977,3.538873640564958,3.694692565583877,-0.1558189250189188,70.77700428074328,133.45844421386718,138.32620389741516,128.5906845303192,0.07294794589014371,0.016506617840685633,0.01637186448384742,0.22584090387985828,15387705.0,1.4231167025882028,0
2021-03-19,135.92478942871094,136.6257063217128,132.4640281450565,136.24895797706222,54418800,133.77035064697264,125.72245620727539,99.44794380187989,134.91770682221625,131.54602815508755,3.371678667128691,3.6300897858928396,-0.25841111876414846,59.508089774080176,133.77035064697264,138.41481416446246,129.12588712948283,0.06943935625536046,-0.015921299041723902,-0.016049404479510605,0.23129690846977016,17510155.0,3.1078422778096484,0
2021-03-22,132.27127075195312,134.8996989764171,131.95585883026234,133.87461357314143,19944800,133.83868865966798,125.98705139160157,99.6550340270996,134.51056281140654,131.59974982892945,2.910812982477097,3.4862344252096915,-0.5754214427325945,51.70942370871417,133.83868865966798,138.34373251313804,129.33364480619792,0.0673205019951401,-0.02687897249731619,-0.02724681860882558,0.25179023080175333,17932975.0,1.1121857918164721,0
2021-03-23,130.94833374023438,133.27886387228492,130.51026225670057,131.71057384354137,17076300,133.78831329345704,126.22255950927735,99.83506664276123,133.96252756968775,131.5514967853224,2.4110307843653516,3.2711936970408235,-0.860162912675472,43.53697950618299,133.78831329345704,138.40319832985574,129.17342825705833,0.06898786482607366,-0.010001695789251475,-0.01005204877340432,0.25290252580055866,17975070.0,0.9499990820619892,1
2021-03-24,131.96463012695312,134.2075536556844,131.29876638213565,131.42142584483568,13079800,133.67266311645508,126.44282180786132,100.01070617675781,133.65515873234395,131.58209925507282,2.07305947727113,3.0315668530868853,-0.9585073758157554,50.11767678837302,133.67266311645508,138.35140372784346,128.9939225050667,0.07000295351806192,0.007761048634149059,0.007731086620777147,0.2460077360364897,17875990.0,0.7316965382057161,1
2021-03-25,133.65557861328125,134.0235569624384,130.83439790086572,131.42141193658384,15608300,133.73268127441406,126.65887802124024,100.20721977233887,133.65522332941123,131.73569031864383,1.9195330107673954,2.8091600846229876,-0.8896270738555923,53.02804038844941,133.73268127441406,138.37632967218548,129.08903287664265,0.06944672541550014,0.012813649268757832,0.01273224908311499,0.24560249399620737,17750020.0,0.879339854264953,1
2021-03-26,135.88096618652344,136.19637808875686,133.65556964273173,135.18881934575157,16754400,134.0796325683594,126.9171646118164,100.43398014068603,133.99764530742848,132.0427477903386,1.9548975170898757,2.638307571116365,-0.6834100540264894,53.94638774303143,134.0796325683594,138.2264870426082,129.93277809411057,0.06185659066651414,0.01665016601874214,0.016513071674000793,0.2297456687788698,17596280.0,0.9521557965660924,0
2021-03-29,133.7694549560547,134.68940742313467,132.3325815279337,133.27881720531232,17570300,134.17512969970704,127.11885269165039,100.68795318603516,133.96253909952483,132.1706520248361,1.7918870746887308,2.4690234718308384,-0.6771363971421076,51.468050956762795,134.17512969970704,138.1926647354915,130.1575946639226,0.05988494357748655,-0.015539418726021492,-0.015661421040277654,0.22580278853368912,17732520.0,0.990851836061654,1
2021-03-30,135.3464813232422,136.56431878850327,134.82080387693304,135.3289680999095,13184300,134.3709457397461,127.39641342163085,100.93845893859863,134.17545328778905,132.40589863953284,1.7695546482562179,2.3291297071159143,-0.5595750588596964,48.81590467851841,134.3709457397461,138.2026176927695,130.5392737867227,0.057031256748682944,0.011789136523772115,0.01172018603586106,0.22850398085285395,17680650.0,0.7456909106848447,0
2021-03-31,133.375244140625,135.35533586177257,133.27886787659673,134.29519695746177,16736700,134.34115829467774,127.6450634765625,101.17321899414063,134.05234418822536,132.4777020099841,1.5746421782412483,2.178232201340981,-0.6035900230997329,46.382846098848695,134.34115829467774,138.1951196460643,130.48719694329117,0.057375735036211274,-0.014564377022180275,-0.014671478746502027,0.22520718292337163,17801280.0,0.9401964353125168,1
2021-04-01,134.6719207763672,134.74200043841145,132.7794490480837,133.0860910183831,16561500,134.4791519165039,127.95591934204101,101.41100551605224,134.1476636633241,132.6402367334199,1.5074269299041987,2.044071147053625,-0.5366442171494263,45.725294299639785,134.4791519165039,138.16067962625007,130.79762420675772,0.05475239332312243,0.009722018835632174,0.009675064095138339,0.2202414527494443,17624660.0,0.9396777015840305,1
2021-04-05,135.38577270507812,136.5490992071353,134.4868532599804,136.0731880207964,13508000,134.63750457763672,128.3010284423828,101.66337223052979,134.3381419774401,132.84360976835754,1.4945322090825641,1.934163359459413,-0.43963115037684886,48.52104293427813,134.63750457763672,138.17945512495132,131.09555403032212,0.05261461965484046,0.005300673849423676,0.005286674725863075,0.22070885204185994,17376805.0,0.777358093159243,0
2021-04-06,134.43397521972656,135.9674475263067,133.8346955386655,134.65430100499057,13071600,134.66065368652343,128.64532485961914,101.91328453063964,134.3528855531765,132.9614146166071,1.391470936569391,1.8256248748814088,-0.4341539383120179,49.87129571914966,134.66065368652343,138.19029311721363,131.13101425583324,0.052422728303500504,-0.007030262237561313,-0.007055090967880975,0.217835385747434,17173720.0,0.7611396948360635,1
2021-04-07,136.540283203125,136.80467682337473,134.53091320541608,134.92751035959975,16903500,134.83643112182617,129.06101058959962,102.17855113983154,134.68940826855317,133.22651599338622,1.4628922751669506,1.7530783549385172,-0.2901860797715665,51.31445175962954,134.83643112182617,138.37318566491464,131.2996765787377,0.05245992516507622,0.01566797366481021,0.01554649817232078,0.2225888533631346,17206955.0,0.9823643985818525,1
2021-04-08,136.7077178955078,137.0514255297119,134.2312586019326,135.72066283268921,12335500,134.87601547241212,129.48950759887694,102.44917865753173,134.9999174419308,133.48438280095078,1.5155346409800075,1.7055696121468154,-0.1900349711668079,46.9218814361701,134.87601547241212,138.48071548746177,131.27131545736248,0.053452053760988494,0.0012262658935144888,0.0012255146435857483,0.20924158669912035,17106620.0,0.7210951082095703,1
2021-04-09,137.7300262451172,138.39981165713579,136.5755215129988,137.3158127759061,12122400,135.0021987915039,130.00363540649414,102.71988166809082,135.41993418088254,133.79887490792606,1.6210592729564723,1.6886675443087469,-0.06760827135227454,54.135284207288514,135.0021987915039,138.82563485751538,131.17876272549242,0.0566425747171179,0.007478058776394514,0.007450236712124593,0.20959357428484887,17124165.0,0.7079118894264333,0
2021-04-12,137.43917846679688,138.58487487548112,137.10429252403523,137.11310071150297,12273400,135.03367309570314,130.47252014160156,103.00308631896972,135.73058714794627,134.06852702339796,1.6620601245483044,1.6833460603566586,-0.02128593580835414,63.9941194650994,135.03367309570314,138.92943800634893,131.13790818505734,0.05770064342224815,-0.0021117238284895645,-0.0021139566612246572,0.20583417285091712,17095360.0,0.717937498830092,0
2021-04-13,135.8000030517578,136.7782501142255,134.33703655336126,136.38166637487248,16113600,135.0173583984375,130.93385467529296,103.26401123046875,135.74126651776342,134.19678450698018,1.5444820107832413,1.6555732504419751,-0.1110912396587338,62.91656206152164,135.0173583984375,138.89655490667178,131.1381618902032,0.05746218936955857,-0.011926551317643863,-0.011998243225791934,0.20963879758604906,17295985.0,0.9316381807685425,0
2021-04-14,133.26185607910156,135.57086604360262,133.01507882371695,133.4909900584214,19939600,134.95561752319335,131.32777954101562,103.53516357421876,135.3598187579693,134.12753054935953,1.2322882086097593,1.570916242075532,-0.33862803346577275,53.194719496751354,134.95561752319335,138.908317422963,131.0029176234237,0.05857777500948167,-0.01869033074829074,-0.018867202305843697,0.21597293403846538,17652685.0,1.1295505471264002,1
2021-04-15,134.10787963867188,134.13431765360033,131.5961740871507,133.29708246975994,17694100,134.8669631958008,131.66870880126953,103.80879611968994,135.16721273961585,134.12607492634564,1.0411378132702112,1.4649605563144679,-0.4238227430442567,51.162265464851295,134.8669631958008,138.81180448913574,130.92212190246585,0.05849974226242194,0.006348580039798657,0.006328512693525108,0.21383298104135304,17839770.0,0.9918345359833675,1
2021-04-16,135.10374450683594,136.17011354237428,134.56614917109334,135.6060801940227,13773400,134.7159553527832,132.002745513916,104.08288414001464,135.15744839611125,134.19849489527084,0.9589535008404084,1.363759145219656,-0.4048056443792476,47.868080133667725,134.7159553527832,138.3552373150611,131.0766733905053,0.054028967136782506,0.007425849031744036,0.007398413154227027,0.20651909008582392,17433515.0,0.7900529526030752,0
2021-04-19,134.53091430664062,135.61492681377607,134.1519604243546,135.2095214663922,11900200,134.6462615966797,132.27082901000978,104.357522315979,135.0610585361927,134.2231185553723,0.83793998082038,1.2585953123398008,-0.4206553315194208,52.281248714303345,134.6462615966797,138.24118751429432,131.05133567906506,0.0533980799018824,-0.004239928377161473,-0.004248942361605034,0.19938241251879088,15307585.0,0.7774054496512677,0
2021-04-20,131.5520782470703,133.73770551754404,131.0056613437413,133.7288973303149,13716700,134.61030197143555,132.48406753540038,104.61597347259521,134.52121541478925,134.0252637177203,0.4959516970689606,1.1060665892856327,-0.6101148922166721,39.51320559295702,134.61030197143555,138.3178793013716,130.9027246414995,0.05508608591819065,-0.022142390653649757,-0.022391213262501854,0.19160931353466953,14996180.0,0.9146796050727586,1
2021-04-21,132.6713409423828,132.7330386040948,129.3664548607932,130.24775781588374,12236700,134.69645233154296,132.68184127807618,104.86993701934814,134.23661934211134,133.92497314176939,0.3116462003419542,0.947182511496897,-0.6355363111549428,47.958442165376326,134.69645233154296,138.11452309327052,131.2783815698154,0.0507522017478871,0.008508133890597902,0.008472143714853062,0.19031554546005627,14754200.0,0.8293706198912852,0
2021-04-22,129.8776092529297,132.45983384574114,129.78066539215624,132.39813618542368,15256100,134.59210128784179,132.83355377197265,105.1214810180664,133.56600240531418,133.62516840926273,-0.05916600394854754,0.7459128084078082,-0.8050788123563557,37.20590271273954,134.59210128784179,138.45925990694565,130.72494266873792,0.05746486728568813,-0.02105753714109515,-0.021282409517948242,0.20323308804563178,14863015.0,1.0264471912327344,1
2021-04-23,132.3629150390625,133.19134210654929,129.27835418210762,129.7101840956057,14041900,134.52746810913087,133.0335691833496,105.38122844696045,133.38091204127545,133.53166815961828,-0.15075611834282654,0.5665790230576813,-0.7173351414005078,42.63000705355044,134.52746810913087,138.50224377671512,130.5526924415466,0.059092402814863824,0.019135752501363124,0.01895496666414421,0.20994447878722078,14784695.0,0.9497591935444052,1
2021-04-26,132.68894958496094,134.3634330008957,132.53032153322292,132.8828372799388,10799100,134.36786727905275,133.24693908691407,105.65131095886231,133.2744562787655,133.46924456149551,-0.19478828273000204,0.4143055619001446,-0.6090938446301466,45.611568433929854,134.36786727905275,138.37005727047054,130.36567728763495,0.05957064099419124,0.0024631865035777967,0.0024601578321376298,0.20048763538379658,14486930.0,0.7454374391261641,1
2021-04-27,133.29708862304688,133.57911205879174,132.29240366653653,132.63611132408963,12821200,134.34424896240233,133.43777740478515,105.90293025970459,133.27793817788572,133.45649226975857,-0.17855409187285431,0.29573363114554485,-0.47428772301839917,41.179273080402716,134.34424896240233,138.36683141595879,130.32166650884588,0.05988469896738513,0.004583192797803726,0.004572721950777093,0.1938972539346922,14249475.0,0.8997664826247984,1
2021-04-28,134.16078186035156,134.74244519756778,133.4292985934196,134.3370398101572,8943700,134.28496398925782,133.5863117980957,106.15292110443116,133.41376028288047,133.50866186906177,-0.09490158618129385,0.2176065876801771,-0.31250817386147095,43.32570935030869,134.28496398925782,138.28020989805842,130.28971808045722,0.05950399493900448,0.006479460626084288,0.006458559159319362,0.19046267037260475,14037445.0,0.6371316147632279,1
2021-04-29,136.76942443847656,136.8487384866835,135.01562650273507,135.31526631659517,12976900,134.45467300415038,133.77913391113282,106.41354179382324,133.93001630681835,133.75019983716658,0.17981646965176878,0.21004856407449546,-0.030232094422726674,47.67594849978071,134.45467300415038,138.57365045561653,130.33569555268423,0.06126938334585076,0.01944415157657886,0.01925752932254332,0.19505120451118618,13849455.0,0.936997159816036,0
2021-04-30,135.55320739746094,136.15250040864257,134.84816233332447,135.80879278892326,11705100,134.49873733520508,133.93904602050782,106.6615311050415,134.17973801307105,133.88375595274394,0.2959820603271055,0.22723526332501748,0.06874679700208802,45.63268923223045,134.49873733520508,138.64625733814756,130.3512173322626,0.06167373887839274,-0.008892462960993996,-0.008932236877366913,0.1956188143722287,13606635.0,0.8602494297818675,0
2021-05-03,135.15663146972656,137.02498956591185,134.95393554078228,136.46977780857608,11801100,134.4872802734375,134.0484454345703,106.90633079528808,134.33002931409496,133.978043028076,0.3519862860189562,0.25218546786380525,0.09980081815515096,48.41918039129822,134.4872802734375,138.62573912693364,130.34882141994137,0.061544241880449664,-0.002925610801458589,-0.00292989876605859,0.1950632398028696,13521290.0,0.8727791505100475,1
2021-05-04,137.02499389648438,137.16600561134427,134.08144494877445,134.724792407349,12977700,134.6168312072754,134.17085510253906,107.16844486236572,134.74463924984718,134.20374309240253,0.5408961574446494,0.3099276057799741,0.23096855166467528,59.561050990256,134.6168312072754,138.90767772183253,130.32598469271827,0.06374903459063493,0.013823682984998698,0.013729007391857182,0.19911640154054736,13516595.0,0.9601308613596842,1
2021-05-05,138.82284545898438,139.49263086471402,136.27588045286507,137.4832611999092,10506700,134.73095932006837,134.3081951904297,107.44325424194336,135.37205558971442,134.54589882326044,0.8261567664539768,0.4131734379147747,0.41298332853920217,61.4267034293423,134.73095932006837,139.3463651444378,130.11555349569892,0.06851292156845758,0.013120610418404288,0.013035280783702185,0.19682473521454297,13196755.0,0.7961578433486111,1
2021-05-06,141.61656188964844,141.73113556724536,138.50556380013776,139.30755264808684,13542400,134.97640151977538,134.45497375488281,107.72293933868409,136.33274886662736,135.06965164299288,1.2630972236344746,0.5831581950587148,0.6799390285757598,64.51861325786437,134.97640151977538,140.47249530392702,129.48030773562374,0.0814378472424516,0.020124327674074793,0.019924509744756215,0.20833192765773775,13257100.0,1.0215205437086543,1
2021-05-07,142.10130310058594,142.33043704353875,138.38220329831384,138.55846121194037,14257800,135.19496536254883,134.6478955078125,108.0081509399414,137.22021874877484,135.5905147139257,1.6297040348491407,0.7924673630168,0.8372366718323407,66.94273184318241,135.19496536254883,141.44770948502932,128.94222124006833,0.09249965937285715,0.003422913284077733,0.0034170684501781245,0.20737336471423565,13363870.0,1.0668915516238935,0
2021-05-10,142.0836944580078,144.2957605161909,141.9955587642461,142.33045826339801,14014300,135.42719116210938,134.91073059082032,108.2920246887207,137.96844578096452,136.0714909912651,1.8969547896994072,1.0133648483533215,0.8835899413460857,77.17151675485009,135.42719116210938,142.34093586598854,128.51344645823022,0.10210275565123778,-0.00012391612317352863,-0.00012392380141063128,0.2070155267749388,13450915.0,1.0418845112023978,0
2021-05-11,139.72178649902344,143.11480878737748,139.28113495236022,141.9603038867387,15451700,135.62328033447267,135.06797607421876,108.56710552215576,138.23819050681973,136.34188325109906,1.8963072557206715,1.1899533298267917,0.7063539258938798,67.09403796323838,135.62328033447267,142.7990422243628,128.44751844458253,0.10581902859440287,-0.016623356874229,-0.01676307542956714,0.2117465245009801,13417820.0,1.1515805100977654,0
2021-05-12,138.76113891601562,141.69587918674083,138.390993311728,140.66475640745062,14381700,135.89824447631835,135.21459564208985,108.84333011627197,138.31864410823448,136.5210873744262,1.7975567338082783,1.311474010623089,0.4860827231851892,73.63968214652607,135.89824447631835,143.11434679506993,128.68214215756677,0.10619860979895233,-0.00687543157784154,-0.0068991762567302585,0.20066089310129884,13139925.0,1.0945039640637217,1
2021-05-13,142.3304443359375,143.16767955427244,138.9638601884292,139.40451171888103,15395000,136.30937271118165,135.38178466796876,109.13559135437012,138.9358441432657,136.95141011231593,1.9844340309497852,1.4460660146884283,0.5383680162613569,75.07750920205831,136.30937271118165,144.01623760011026,128.60250782225305,0.11307901629418035,0.0257226587199042,0.02539739706890125,0.2172043488333922,13024970.0,1.1819604958783014,1
2021-05-14,144.54246520996094,144.93024058773898,142.7622432630539,143.11475899869941,10584000,136.78130874633788,135.6343930053711,109.42874244689942,139.7984012304496,137.51371048991928,2.2846907405303227,1.6137909598568072,0.6708997806735155,77.23765204841987,136.78130874633788,145.29143510791707,128.2711823847587,0.12443405373991975,0.015541445713486812,0.01542191431574751,0.22123653168861845,12865500.0,0.8226652675760755,1
2021-05-17,145.1241912841797,145.2828328474258,143.6788546243402,143.97849447449275,9886800,137.31097259521485,135.89250244140624,109.73626518249512,140.61775354640807,138.07744980801263,2.540303738395437,1.7990935155645333,0.7412102228309037,77.20998809937548,137.31097259521485,146.5211983633783,128.1007468270514,0.13415134412185217,0.004024603242886116,0.004016526191287529,0.21935134159758402,12764830.0,0.7745344042968062,0
2021-05-18,143.07957458496094,145.85567418280658,142.98263069865672,145.13299913078987,11098100,137.88734741210936,136.07467407226562,110.03520244598388,140.99649524464698,138.44797756926806,2.5485176753789176,1.9489783475274103,0.5995393278515073,69.46149932609171,137.88734741210936,147.02261135885735,128.75208346536138,0.13250329516376957,-0.014088737936289508,-0.014188926336543596,0.2082579277858261,12633900.0,0.8784381703195371,0
2021-05-19,141.9867401123047,142.0484243352979,139.80992042344351,141.88979623535718,13278900,138.35311737060547,136.2539141845703,110.33100261688233,141.14884060890202,138.7101081280115,2.4387324808905078,2.04692917420003,0.3918033066904778,62.191053861095824,138.35311737060547,147.31692106244844,129.3893136787625,0.12957862984513308,-0.0076379488534704665,-0.007667267369107246,0.21177741855873747,12686010.0,1.0467357348764506,0
2021-05-20,141.73995971679688,142.6477007092968,140.58545496600274,141.73995971679688,10426000,138.94623489379882,136.37039276123048,110.62793895721435,141.2397820101166,138.93454157903264,2.3052404310839734,2.098591425576819,0.20664900550715437,65.14230868342527,138.94623489379882,147.0801422771158,130.81232751048182,0.11707992504487809,-0.0017380524076587855,-0.001739564573147261,0.19229170412135393,12444505.0,0.8377994946363877,1
2021-05-21,143.352783203125,143.84631084854502,141.83694060783802,142.1894565123895,10249000,139.49572830200196,136.53332122802735,110.92578590393066,141.5648591167333,139.26181873637282,2.3030403803604713,2.1394812165335493,0.16355916382692204,68.93317908838983,139.49572830200196,147.23218800982673,131.7592685941772,0.11092038160588943,0.011378749433474056,0.011314498402348203,0.18631222369554093,12254860.0,0.8363212635640065,1
2021-05-24,144.12826538085938,144.73636651251616,142.8768169197114,143.9696373191826,9440300,140.06769409179688,136.67969268798828,111.22738101959229,141.95922931121422,139.62229626559406,2.3369330456201567,2.178971582350871,0.15796146326928584,67.28116415472567,140.06769409179688,147.364212480606,132.77117570298776,0.10418560020024549,0.005409606708755232,0.005395027341843028,0.18627059701116197,12186920.0,0.774625582181552,0
2021-05-25,142.6388702392578,146.03187810959457,142.3832848846244,144.401475921806,12609100,140.53478317260743,136.80994415283203,111.51230690002441,142.06378945399015,139.84574618956916,2.2180432644209986,2.1867859187648966,0.031257345656102054,59.42525919867941,140.53478317260743,147.17267300885328,133.8968933363616,0.0944661483284614,-0.010333817157001324,-0.010387581761986694,0.19326713677192636,12176315.0,1.035543183631501,0
2021-05-26,142.6212615966797,144.30455350091327,142.1629802858294,144.15473360936176,13058300,140.95780715942382,136.97243591308595,111.79171493530274,142.1495543990193,140.0513399234292,2.0982144755901118,2.1690716301299395,-0.07085715453982777,52.87591177112907,140.95780715942382,146.93035886021005,134.9852554586376,0.08474240371845806,-0.00012344911698047856,-0.00012345673744988678,0.19332130798189553,12382045.0,1.0546157763115867,1
2021-05-27,144.84214782714844,145.19466363446793,143.2734296236293,144.48961857221286,15707500,141.36144332885743,137.15165954589844,112.0685234451294,142.5637995418084,140.40621458296394,2.157584958844467,2.166774295872845,-0.009189337028378208,57.136262147108134,141.36144332885743,147.23244494874604,135.49044170896883,0.08306369094195716,0.015571915474631215,0.015451917329590975,0.18943754867146428,12518575.0,1.2547354631018306,0
2021-05-28,144.7451934814453,145.36210282338973,143.88150695510802,145.13295546237103,10291300,141.82104263305663,137.2840853881836,112.3486395263672,142.89939860944486,140.7276204272959,2.1717781821489552,2.1677750731280674,0.004003109020887852,56.90115768399895,141.82104263305663,147.1957527138635,136.44633255224977,0.07579566446586099,-0.0006693793702839956,-0.0006696035046808855,0.1848183855411858,12447885.0,0.8267508898097949,1
2021-06-01,146.34036254882812,147.09828364968973,145.8380133952683,146.1817210196348,9445400,142.3802291870117,137.49239685058595,112.6391877746582,143.4287776770423,141.14337910296496,2.285398574077334,2.1912997733179207,0.09409880075941324,67.87234410757152,142.3802291870117,147.1257921995893,137.6346661744341,0.06666042103843597,0.011020532212610457,0.010960248647751594,0.18516710891975782,12330100.0,0.7660440710132116,1
2021-06-02,146.34918212890625,147.56538463946117,145.88209258886187,147.40674309791964,10498600,142.8464385986328,137.773955078125,112.92960773468018,143.87807066963674,141.5289941419236,2.3490765277131516,2.222855124196967,0.1262214035161846,71.60060533297657,142.8464385986328,147.19200542819763,138.50087176906797,0.06084249453043659,6.026758390165199e-05,6.0265767883781625e-05,0.18194622226714705,12206145.0,0.8601077571993451,1
2021-06-03,146.44615173339844,147.39796080703266,145.11538873706098,145.7763661397831,13354400,143.22760391235352,138.0839114379883,113.23214794158936,144.2731600640616,141.89322803758841,2.379932026473199,2.2542705046522133,0.12566152182098556,64.60290253037499,143.22760391235352,147.4218772150722,139.03333060963485,0.05856794623591285,0.0006625906826509542,0.0006623712663613626,0.17842130078354942,12348530.0,1.0814566592136878,1
2021-06-04,146.68408203125,146.8867779677455,145.44144150130873,146.48138609475447,8510800,143.4809799194336,138.37830047607423,113.54186786651611,144.64407113593674,142.24810611119298,2.3959650247437594,2.2826094086705226,0.11335561607323674,58.83651382269427,143.4809799194336,147.87306507638843,139.08889476247876,0.06122184500581257,0.0016246947771267894,0.001623376388360437,0.16617325662644952,12096950.0,0.7035492417510198,0
2021-06-07,145.9966583251953,147.26573679783766,145.538376999493,147.17760111871993,7267200,143.67574768066407,138.6251220703125,113.84715950012207,144.85216147274576,142.52577664556352,2.3263848271822383,2.2913644923728658,0.0350203348093725,53.568753651266015,143.67574768066407,148.154842918807,139.19665244252116,0.062350052955328604,-0.004686423342842638,-0.004697439054383043,0.1676170261235942,11747420.0,0.6186209397467699,0
2021-06-08,145.4149932861328,146.08477871709673,143.79339901267298,144.96553360257215,10370700,143.84231262207032,138.81580261230468,114.15462799072266,144.93875098249762,142.7397926930131,2.1989582894845228,2.2728832517951973,-0.07392496231067458,60.85156888102369,143.84231262207032,148.3198909487987,139.36473429534195,0.062256762215617545,-0.003984098305639949,-0.003992055968400564,0.1686412179598962,11565240.0,0.8967129086815319,0
2021-06-09,143.59945678710938,144.7275231099345,143.017793807262,144.6570172838065,12377400,144.03619613647462,139.0124026489258,114.45323429107665,144.73270572166865,142.80347151479802,1.9292342068706319,2.2041534428102842,-0.2749192359396524,57.02192062228682,144.03619613647462,148.077034729082,139.99535754386724,0.05610865464370732,-0.0124852084231164,-0.012563803507007379,0.16339446822625314,11411525.0,1.0846403088106102,0
2021-06-10,141.36099243164062,145.62650906955795,141.28167839097026,144.85095814491547,12119400,144.16618881225585,139.13269287109375,114.72884044647216,144.2139806001259,142.6966212123419,1.5173593877839835,2.066794631805024,-0.5494352440210406,48.59382678863013,144.16618881225585,147.61665980353118,140.71571782098053,0.04786796432232511,-0.015588250857991315,-0.015711025203255066,0.171963447517696,11298410.0,1.072664206733514,0
2021-06-11,141.26405334472656,142.06604231005542,140.1800544093801,141.38743522803742,13683800,144.1128692626953,139.29046905517578,115.00206569671631,143.76014563775675,142.59050507400002,1.1696405637567295,1.8873638181953654,-0.7177232544386358,41.26729959770899,144.1128692626953,147.712515028747,140.51322349664363,0.049955923915304,-0.0006857555627373113,-0.000685990800633169,0.1450134730455952,11212850.0,1.2203677031263238,0
2021-06-14,138.86692810058594,141.29931967844612,138.06493909732725,141.14067813661973,19917900,143.82909240722657,139.37436920166016,115.26938159942627,143.00734293973048,142.31468455745085,0.6926583822796317,1.6484227310122188,-0.9557643487325871,30.629625509950714,143.82909240722657,148.11548816269632,139.5426966517568,0.05960401590150601,-0.01696910988594469,-0.017114735001079406,0.14371339192502244,11679545.0,1.7053660908879584,0
2021-06-15,136.76060485839844,138.2940770515518,135.83524738683082,138.10018929905132,24485500,143.4109130859375,139.40186584472656,115.51211727142334,142.04630631183323,141.90327124640993,0.14303506542330524,1.3473451978944362,-1.204310132471131,29.298696999789342,143.4109130859375,148.6837112435364,138.13811492833858,0.07353412713353612,-0.01516792566090197,-0.015284135248379408,0.14915440409402617,12409480.0,1.9731286081286243,1
2021-06-16,137.72120666503906,138.91095750038386,134.9362862995615,136.36399268102122,25321200,143.14299468994142,139.46761047363282,115.75784595489502,141.38090636617258,141.5934886848269,-0.21258231865431299,1.0353596945846864,-1.2479420132389993,33.81838374310166,143.14299468994142,148.99896367473704,137.2870257051458,0.0818198473139408,0.007023965765837525,0.006999412624865523,0.14700104930133204,13120635.0,1.929876107368279,0
2021-06-17,133.74652099609375,138.7699581990475,133.2970613658527,138.45268862252004,29722400,142.73098373413086,139.4117352294922,115.9948196029663,140.2063855400066,141.01223181899482,-0.8058462789882128,0.6671184998701065,-1.4729647788583193,17.162223797761015,142.73098373413086,149.9340606094877,135.52790685877403,0.10093221088946193,-0.028860374993753934,-0.029285025965256,0.17473882266193236,13942810.0,2.1317367159130765,0
2021-06-18,130.36233520507812,131.93105343387572,130.04506559433165,131.57853762087572,43595700,142.16210250854493,139.2848275756836,116.21508777618408,138.69191625770992,140.2233505883343,-1.5314343306243927,0.22740793377120672,-1.7588422643955994,14.366829296322422,142.16210250854493,151.24626251199396,133.0779425050959,0.12780002325729542,-0.025302981833183247,-0.025628606875398634,0.1918002222177269,15601295.0,2.794364185793551,1
2021-06-21,132.57440185546875,133.25300892066804,131.33177486421295,131.38465089180474,18664800,141.6231834411621,139.18171508789064,116.43990898132324,137.75076019582667,139.65676179330723,-1.9060015974805538,-0.19927397247914538,-1.7067276250014083,16.906738191694316,141.6231834411621,151.64081980669295,131.60554707563125,0.1414688770880894,0.016968602525497367,0.01682624395022421,0.19868811297734895,16022085.0,1.1649420159735764,0
2021-06-22,132.3805389404297,133.05032442681446,131.01451650397595,132.7242465969139,14251200,141.03579711914062,139.08054229736328,116.66513992309571,136.924572310381,139.1177823227237,-2.1932100123427176,-0.5980611804518599,-1.5951488318908578,16.715617371525312,141.03579711914062,151.78585239624104,130.2857418420402,0.15244435096175274,-0.0014622952268750211,-0.0014633654239635879,0.195929838703993,16262630.0,0.8763158234553697,1
2021-06-23,133.1824951171875,133.99329220296272,132.27475417074268,132.37169803141228,12733300,140.5629783630371,139.02819213867187,116.88494312286377,136.34886812681276,138.6781314186099,-2.329263291797133,-0.9443016027209146,-1.3849616890762186,19.42275018555715,140.5629783630371,151.83530944004872,129.2906472860255,0.16038833565262337,0.006057961262105893,0.006039685586528066,0.19772100645530655,16268840.0,0.7826802648498602,1
2021-06-24,134.40748596191406,134.94508121091863,133.27061126030827,133.88752053434294,13733200,140.15228958129882,139.0511047363281,117.12638496398925,136.05019394759756,138.3617873107065,-2.3115933631089263,-1.217759954798517,-1.0938334083104093,22.930213184593327,140.15228958129882,151.7039231307866,128.60065603181104,0.16484402194210268,0.009197836725079345,0.009155794228246398,0.20245022684329414,16302585.0,0.8423940129740161,1
2021-06-25,135.7647247314453,136.16130837700075,133.66721936712557,134.47801648290576,15484900,139.69841842651368,139.08424163818358,117.37051918029785,136.00627560665106,138.1694123048353,-2.163136698184246,-1.4068353034756629,-0.7563013947085833,28.0859880521314,139.69841842651368,151.18733393884838,128.20950291417898,0.16448168335389246,0.010097940303085862,0.01004729674893837,0.1966820110525751,16291455.0,0.9504921445015193,1
2021-06-28,136.01148986816406,136.14367993548683,134.06380437470588,135.456264690176,14125800,139.2617332458496,139.10239654541016,117.62036903381347,136.00707780072997,138.0095661984152,-2.0024883976852266,-1.5259659223175757,-0.4765224753676509,29.567144463777964,139.2617332458496,150.6059803678563,127.9174861238429,0.1629198037048671,0.001817593908924886,0.0018159440839547077,0.19729642242111903,16483180.0,0.856982693873391,0
2021-06-29,135.84402465820312,137.75645028385327,135.37693521011235,136.60194566885102,14528700,138.73691635131837,139.1286587524414,117.86403789520264,135.98199270187968,137.84915571395504,-1.8671630120753662,-1.5942053402691339,-0.2729576718062323,31.84816831711457,138.73691635131837,149.6658909924886,127.80794171014813,0.15754962599132885,-0.001231257815962894,-0.0012320164366366026,0.19039402744807393,16737345.0,0.8680408989597812,1
2021-06-30,137.07785034179688,137.553761449546,135.46507783113424,135.50032403100457,12531000,138.2733497619629,139.23917419433593,118.10784271240234,136.15058618494385,137.79202198268408,-1.641435797740229,-1.603651431763353,-0.037784365976875955,39.480461465584966,138.2733497619629,148.61345911657,127.9332404073558,0.14956040874698653,0.009082664377017435,0.009041665049349775,0.19535225396780914,16838965.0,0.7441668772397828,1
2021-07-01,138.43507385253906,138.4879498797741,136.97210767682716,137.7123989533502,10479400,137.87279586791993,139.35444885253906,118.37218063354493,136.50204582611235,137.83965545452517,-1.337609628412821,-1.5504430710932469,0.21283344268042592,43.45698479225398,137.87279586791993,147.47413827555803,128.27145346028183,0.13927827236978702,0.00990111463929444,0.009852419762305383,0.20045735019313496,16695215.0,0.6276888318000098,0
2021-07-02,138.3021240234375,138.5591822690405,137.49551349774717,138.23121187034394,11424000,137.4536979675293,139.52293914794922,118.63404384613037,136.77898093339314,137.8739123855557,-1.0949314521625695,-1.4593407473071116,0.3644092951445421,48.54087021924593,137.4536979675293,146.12203276721274,128.78536316784587,0.1261273421938951,-0.0009603767701470423,-0.0009608382273895627,0.19992138967682843,16840875.0,0.6783495513148812,0
2021-07-06,135.9798126220703,138.0805328114798,135.04025023398185,138.0805328114798,15083400,136.95285568237304,139.59527709960938,118.88920825958252,136.6560319624204,137.73360869937162,-1.0775767369512153,-1.3829879452359324,0.30541120828471713,48.00514288743969,136.95285568237304,144.645482916756,129.26022844799007,0.11233978577597593,-0.01679158160270655,-0.016934158523992344,0.20591452423363252,17231685.0,0.8753293714456828,1
2021-07-07,136.13931274414062,136.75091805962074,134.3311006821662,134.7388285424153,12271800,136.48907165527345,139.66428436279296,119.14607513427734,136.57653669806967,137.61551270268785,-1.0389760046181777,-1.3141855571123817,0.275209552494204,45.785892734180074,136.48907165527345,143.07199385402842,129.90614945651848,0.09646079526984065,0.001172969126774781,0.0011722817359615567,0.20655547713228053,17326740.0,0.7082578719366713,0
2021-07-08,133.7904510498047,135.1997946550329,132.99269943402788,134.38432514398679,17834600,135.9986213684082,139.6741516113281,119.40429824829101,136.14790813679815,137.3321748024743,-1.184266665676148,-1.288201778825135,0.10393511314898696,50.12812673287067,135.9986213684082,141.76156568126362,130.2356770555528,0.08475004018230604,-0.01725336823721424,-0.0174039420452005,0.21005921303481484,17599600.0,1.0133525761949136,1
2021-07-09,138.0716552734375,138.40847105912547,135.24409601728655,135.66069642007983,13694500,135.83415451049805,139.75236907958984,119.68840930938721,136.44386923474266,137.38695113365677,-0.9430818989141017,-1.2191778028429285,0.2760959039288269,71.36703194833052,135.83415451049805,141.12080528951708,130.54750373147903,0.07783978629042733,0.03199932573692488,0.031498013703464604,0.23944344784567825,17678355.0,0.7746478674062152,1
2021-07-12,140.0482635498047,141.0764692370821,136.44955716944077,136.81297679556405,19940400,135.77336502075195,139.8179458618164,119.98899662017823,136.9983914370599,137.58408538670474,-0.585693949644849,-1.0924810322033127,0.5067870825584637,70.98837642787909,135.77336502075195,140.81961885973982,130.7271111817641,0.07433348710502363,0.0143158150197642,0.014214311331658718,0.2456032734823204,17991185.0,1.1083427800892494,0
2021-07-13,137.9652862548828,139.50759505901357,136.05957128535965,138.31984699870512,22671700,135.7282829284668,139.86618743896486,120.2795138168335,137.14714448595572,137.61232248805126,-0.4651780020955414,-0.9670204261817585,0.5018424240862172,64.17889169710332,135.7282829284668,140.67326353834736,130.78330231858624,0.07286588326600617,-0.014873281839593244,-0.014984998205891314,0.24382496042965085,18128875.0,1.2505850473347078,0
2021-07-14,137.49549865722656,139.41008600877203,135.57205235941692,138.23119695041603,14622800,135.7650276184082,139.91296478271485,120.56419139862061,137.200737435382,137.60366887095313,-0.40293143557113353,-0.8542026280596335,0.4512711924885,61.137971879336966,135.7650276184082,140.7530409825196,130.7770142542968,0.07348009206216341,-0.003405114506763285,-0.0034109251034130754,0.23775579347070366,17635740.0,0.8291571547323787,1
2021-07-15,137.79689025878906,138.7453115430436,136.23684997798162,136.4141235939525,11539300,135.7688117980957,139.92840270996095,120.83878364562989,137.2924532543677,137.6179815663484,-0.32552831198069043,-0.748467764843845,0.4229394528631546,59.19130060577974,135.7688117980957,140.76318463579403,130.77443896039736,0.07357172492789522,0.00219201068039232,0.0021896117300244347,0.23657925548730707,16946645.0,0.6809194386263476,0
2021-07-16,134.6502227783203,138.5237057740701,133.86134374994975,138.24007071476723,14002700,135.81399688720703,139.84495025634766,121.1011332321167,136.88595625805272,137.39814758205,-0.5121913239972855,-0.7012124766745331,0.18902115267724762,47.245087626128516,135.81399688720703,140.7473123659527,130.88068140846136,0.07264811568490644,-0.02283554784552222,-0.02310031750696781,0.22758176860866358,16160660.0,0.8664683249322738,0
2021-07-19,130.27149963378906,132.79769250299162,129.15466373141084,131.67198412889726,22172900,135.80945510864257,139.61804901123048,121.3376245880127,135.86834754662755,136.87024773403067,-1.0019001874031233,-0.7613500188202511,-0.24055016858287215,38.21816760459628,135.80945510864257,140.7640246276486,130.85488558963652,0.07296354315010792,-0.03251924173746157,-0.03305974237670655,0.23953344055400674,15089520.0,1.469423812023179,1
2021-07-20,132.7001953125,133.94998308965623,129.70422117589024,129.87263584394012,15385200,135.81574478149415,139.43002685546875,121.58324283599853,135.38093951060793,136.56135496206542,-1.1804154514574918,-0.8451631053476993,-0.3352523461097925,44.09514758548586,135.81574478149415,140.7533127219834,130.8781768410049,0.07270980177494175,0.01864333860850853,0.018471681793289445,0.2411683286715277,14925540.0,1.0307968756909298,1
2021-07-21,135.49227905273438,136.19251449920242,134.16270677897018,134.77431218891908,12356700,135.97133178710936,139.29819854736328,121.83885688781739,135.3980686709351,136.48216415396683,-1.0840954830317457,-0.8929495808845086,-0.19114590214723715,47.18660687114252,135.97133178710936,140.64202059292967,131.30064298128906,0.06870108197709225,0.021040539794679347,0.02082224436359092,0.2521423027252074,14830815.0,0.833177407984659,0
2021-07-22,133.7815704345703,136.0063969405435,132.93065165966516,135.51002540099716,9913300,136.00128555297852,139.1793942260742,122.07700107574463,135.14937663457127,136.2821201747523,-1.1327435401810249,-0.9409083727438119,-0.19183516743721296,41.8452498096159,136.00128555297852,140.60385546145926,131.39871564449777,0.06768421180383388,-0.012625875290637412,-0.012706258980425518,0.2561394591740677,14689815.0,0.6748417185648696,0
2021-07-23,133.52450561523438,135.47454216634478,133.1788173790153,134.26906281245886,9666100,135.95713653564454,139.0746615600586,122.31829635620117,134.8993964777502,136.0778524296028,-1.1784559518526123,-0.988417888565572,-0.19003806328704032,41.66401318823154,135.95713653564454,140.64031124339078,131.2739618278983,0.0688919291341273,-0.0019215263993456189,-0.0019233748995381534,0.25407687924201644,14486460.0,0.6672506602717296,1
2021-07-26,134.4197540283203,134.69454366455776,133.10791314691176,133.12564456459683,8208000,135.88988800048827,138.91644775390625,122.55663047790527,134.82560533168407,135.9550303258041,-1.1294249941200292,-1.0166193096764635,-0.11280568444356565,47.135354499880634,135.88988800048827,140.62305586683587,131.15672013414067,0.06966181127959416,0.006704749880637628,0.006682373010349993,0.2525322466530133,14122615.0,0.58119547973233,0
2021-07-27,134.2424774169922,135.16432176442302,132.7799533308235,133.31177412347188,11218700,135.8014373779297,138.71044799804687,122.78516181945801,134.7358933448084,135.82817455478101,-1.0922812099726116,-1.0317516897356933,-0.060529520236918266,46.51922321985082,135.8014373779297,140.59081982589439,131.012054929965,0.07053507739591958,-0.0013188285651138942,-0.0013196989848797747,0.2524160634191197,13977260.0,0.8026394300456599,1
2021-07-28,134.4640655517578,135.4125002114744,133.73723978342588,134.98702737014526,9217300,135.73243942260743,138.49724548339844,123.0173237991333,134.6940736843391,135.72712944344596,-1.0330557591068725,-1.0320125036099292,-0.001043255496943285,51.34079182829507,135.73243942260743,140.55885599621277,130.90602284900208,0.07111662612322373,0.0016506558805327032,0.001649295045422577,0.2525177771249458,13711690.0,0.6722220236892753,1
2021-07-29,135.61636352539062,136.38751106838288,134.65021097898068,135.74045638891934,9063500,135.65936508178712,138.34798126220704,123.24985397338867,134.83596442911625,135.71892456062704,-0.8829601315107993,-1.0022020291901033,0.11924189767930393,44.4175380409517,135.65936508178712,140.44408761922102,130.8746425443532,0.07054024666191333,0.008569560714265956,0.008533050465100058,0.25226893171393344,13538315.0,0.6694703144372103,0
2021-07-30,134.5349578857422,136.21021806715888,134.02085508865324,135.24406565845476,9805200,135.46435928344727,138.19894561767578,123.48419712066651,134.78965573013562,135.63122332545038,-0.841567595314757,-0.9700751424150341,0.12850754710027712,36.93276587619038,135.46435928344727,140.08795195117014,130.8407666157244,0.06826286548254974,-0.007974005581162569,-0.008005967989337002,0.2505468363695838,13504605.0,0.7260634428033993,0
2021-08-02,133.99427795410156,136.90160793654317,133.90564792695702,134.75656651810192,10203200,135.24896697998048,138.04403198242187,123.71827266693116,134.6672899184381,135.5099681127579,-0.8426781943198023,-0.9445957527959878,0.10191755847618555,39.84584842672376,135.24896697998048,139.71460177315032,130.78333218681064,0.06603576933538935,-0.004018880595330621,-0.004026977998228717,0.25072546629772025,13443565.0,0.758965348849059,1
2021-08-03,135.51889038085938,135.900041524692,132.53178853840174,134.6856894630543,10394800,135.2259208679199,137.88735412597657,123.95344715118408,134.7983053741952,135.51062902150616,-0.7123236473109671,-0.8981413316989838,0.1858176843880167,45.20437288750513,135.2259208679199,139.68041824821492,130.7714234876249,0.065882300548663,0.011378190546913247,0.011313945803516615,0.24780484807758482,13209135.0,0.7869402500617944,0
2021-08-04,134.0563507080078,135.9443342154893,133.76384317302131,134.06520965448289,10155000,135.12177276611328,137.68591583251953,124.18222221374512,134.68415850247408,135.40290470198775,-0.7187461995136744,-0.862262305261922,0.1435161057482477,41.4087974138777,135.12177276611328,139.58374709722736,130.6597984349992,0.06604375060764568,-0.010792146163101535,-0.010850803781984152,0.2506425826664861,13103295.0,0.7749959075179182,1
2021-08-05,135.7493133544922,136.22796691048418,134.73883904475167,134.97816582274766,9151500,135.21971588134767,137.54812469482422,124.42689952850341,134.84802847970764,135.42856460217325,-0.5805361224656167,-0.8059170687026611,0.2253809462370444,52.70500262125758,135.21971588134767,139.64448595627897,130.79494580641637,0.06544563484830779,0.01262873886647764,0.0125496614135006,0.24680684548230702,12669140.0,0.7223457945843207,1
2021-08-06,139.60511779785156,139.88876643400226,137.4866660751299,137.55757823416758,13328800,135.29638900756837,137.48780181884766,124.68837677001953,135.5798883748067,135.73793891296424,-0.15805053815753922,-0.6763437625936368,0.5182932244360976,73.57811574896388,135.29638900756837,139.97509597769474,130.617682037442,0.0691623332218371,0.028403859644508422,0.028007949460225237,0.24104954524148356,12650855.0,1.0535888681041716,0
2021-08-09,139.4543914794922,140.53577790202644,138.18685900631206,139.62280611457481,9516900,135.26669540405274,137.38004669189453,124.9534497833252,136.17596577552754,136.01323169567002,0.16273407985752897,-0.5085281941034037,0.6712622739609326,69.28117728335175,135.26669540405274,139.82439469722215,130.70899611088333,0.067388343886944,-0.0010796618400310543,-0.0010802450947251477,0.23561703796836772,12129680.0,0.7845961311427837,1
2021-08-10,141.16514587402344,141.80334178546227,138.55032254179824,138.93147370909907,8667000,135.42668838500975,137.3084457397461,125.21181011199951,136.9435319445269,136.39485496814063,0.5486769763862753,-0.29708716000546787,0.8457641363917432,67.25989023182052,135.42668838500975,140.57025521645735,130.28312155356215,0.07596090390728238,0.012267483127505807,0.012192847331987916,0.23273667530811848,11429445.0,0.7583045370969457,1
2021-08-11,142.8492431640625,143.150609622505,141.00556805488972,141.82103739690896,9156500,135.69437561035156,137.23862335205078,125.47454605102538,137.85210290137854,136.8729577974682,0.9791451039103549,-0.04184070722230332,1.0209858111326582,77.63344998804934,135.69437561035156,141.76498718630253,129.62376403440058,0.08947477076548596,0.011929979454999184,0.011859378209658704,0.23502351878425506,11156130.0,0.8207595286178989,1
2021-08-12,143.40765380859375,143.92175669040265,142.30854942861646,143.4874384209373,8844200,135.97491378784179,137.17979278564454,125.75125202178955,138.70680304095012,137.35700935384787,1.349793687102249,0.23648617164260713,1.1133075154596417,79.57537977099585,135.97491378784179,142.91144716501188,129.0383804106717,0.10202666335928685,0.003909090676034621,0.0039014700344744266,0.23511957157424748,11021375.0,0.8024588583547878,0
2021-08-13,141.8032989501953,143.73561752198822,141.43989283896403,143.40764719219374,8980900,136.33256759643555,137.08693572998047,126.02824352264405,139.18318702698784,137.68636413876249,1.4968228882253527,0.4885535149591563,1.0082693732661965,71.19575215905049,136.33256759643555,143.70542742911815,128.95970776375296,0.10815992044552909,-0.0111873726108076,-0.011250421942379246,0.22200335752686967,10770285.0,0.8338590854373863,0
2021-08-16,140.87261962890625,140.96126319796414,138.96690462014902,140.88149210087786,8755800,136.8626235961914,136.9707064819336,126.3127163696289,139.44309973497528,137.9223830639583,1.5207166710169702,0.6949861461707192,0.825730524846251,68.24383276133246,136.8626235961914,143.9182206336467,129.8070265587361,0.10310480468754717,-0.0065631711545437454,-0.00658480346533401,0.18312819725375679,10099430.0,0.8669598185244117,0
2021-08-17,139.1707763671875,140.8105878105227,137.62848097032506,139.66716144646568,9347200,137.18615264892577,136.83418884277344,126.5859400177002,139.4012038322387,138.01485664197529,1.3863471902634217,0.8332583549892597,0.553088835274162,61.97565106117984,137.18615264892577,144.0282856562042,130.34401964164735,0.09974961576170417,-0.012080724176222635,-0.012154289204078773,0.1829786627557195,9797530.0,0.9540363744739746,0
2021-08-18,137.9032440185547,140.0571447062244,137.69050757620948,138.55029876699618,8065500,137.30670089721679,136.68395385742187,126.84904197692872,139.17074847628732,138.00658904024044,1.164159436046873,0.8994385712007824,0.2647208648460906,55.7847663791646,137.30670089721679,144.10801035462543,130.50539143980814,0.09906740767881216,-0.009107747917483477,-0.009149477018882335,0.17338719296153335,9582970.0,0.8416493007908822,0
2021-08-19,136.7509765625,137.88554413089918,135.6252679426417,135.75823332142878,9517700,137.45517120361328,136.5469842529297,127.096770362854,138.7984758741662,137.91358070855597,0.8848951656102315,0.8965298900826723,-0.011634724472440738,55.58549445984978,137.45517120361328,144.0592531185825,130.85108928864406,0.09609070153041449,-0.008355622554460318,-0.008390726448623697,0.16957704730786444,9563190.0,0.9952432190513835,1
2021-08-20,137.14096069335938,137.30050288751434,135.75820757691088,136.81300383307882,6974100,137.63599395751953,136.46258361816408,127.33270458221436,138.54347353865745,137.85634959631918,0.6871239423382747,0.8546487005337928,-0.16752475819551815,57.99195305457614,137.63599395751953,143.9798376226088,131.29215029243025,0.09218291644040828,0.00285178315111434,0.002847724531914124,0.16927574586945582,9428590.0,0.7396758157900598,1
2021-08-23,138.89599609375,139.24168438191933,137.60188651244337,137.6816576116109,7934600,137.85980606079102,136.41522247314452,127.5911580657959,138.59770777790246,137.93336044798073,0.6643473299217248,0.8165884264113793,-0.15224109648965445,58.47795109095366,137.85980606079102,144.03960750664598,131.68000461493605,0.08965341853346148,0.012797310092604652,0.012716116492522484,0.1731496060355648,9414920.0,0.8427687117893726,1
2021-08-24,139.75575256347656,140.5357725170838,139.04664474429788,139.1618786533826,7670900,138.13546981811524,136.43299896240234,127.83607791900634,138.77586851414463,138.06835245653596,0.7075160576086716,0.7947739526508377,-0.08725789504216608,64.75442732363388,138.13546981811524,144.12479329375284,132.14614634247764,0.08671666275901221,0.006189929831715624,0.006170850907046502,0.17346704111571143,9237530.0,0.8304059634989007,1
2021-08-25,142.63648986816406,143.39877839501477,139.8709842940575,140.50030749901063,11335000,138.54409103393556,136.55051666259766,128.10144710540771,139.36981026091686,138.40673300554545,0.9630772553714166,0.8284346131949536,0.13464264217646305,66.7963662290919,138.54409103393556,144.59358036947293,132.49460169839818,0.08732944567163946,0.02061265637977283,0.020403090491647506,0.1854989968386531,9343415.0,1.213153862907727,1
2021-08-26,143.37220764160156,145.21588278482804,142.84037333149664,143.8242573376149,11027500,138.9318832397461,136.6635366821289,128.3098642349243,139.98556370409912,138.7745459415496,1.2110177625495169,0.9049512430658664,0.3060665194836505,60.83624488649332,138.9318832397461,145.1821715112267,132.6815949682655,0.08997629810710715,0.005157991297440878,0.005144734426670774,0.1845378492476106,9441615.0,1.1679675563979255,1
2021-08-27,144.5244903564453,144.62199285170692,142.93786007219813,143.37219182838285,8780200,139.43135986328124,136.87909606933593,128.52569564819336,140.6838601121524,139.2004677500604,1.4833923620919904,1.0206394668710912,0.46275289522089924,63.78984344003625,139.43135986328124,145.7976982367776,133.0650214897849,0.0913186012061968,0.008037001967104995,0.008004877276143092,0.1807978085062234,9390365.0,0.9350222275704938,0
2021-08-30,142.21104431152344,144.91451048294923,141.7146728554796,144.6663247549273,7937600,139.84219818115236,137.11607025146483,128.73752784729004,140.91881152744023,139.42347342127988,1.4953381061603466,1.1155791947289422,0.3797589114314044,52.754372824035826,139.84219818115236,145.77706888579365,133.90732747651106,0.08487953967876326,-0.016007294260067306,-0.016136794823281113,0.1921904666752653,9277085.0,0.8556135898291327,0
2021-08-31,141.77674865722656,143.03540903442826,141.24492775811794,142.21108055450983,12340800,140.15509109497071,137.3001171875,128.95332118988037,141.05080185509965,139.59779010542408,1.453011749675568,1.1830657057182674,0.2699460439573005,46.97656252016356,140.15509109497071,145.78211675656036,134.52806543338107,0.08029712824026783,-0.0030538813381154606,-0.0030585539492206074,0.19071732450349005,9374385.0,1.3164383583563082,0
2021-09-01,141.57286071777344,142.49469156876154,140.90807456245898,142.01605148798308,8729900,140.530916595459,137.48396362304686,129.165006980896,141.1311186032033,139.7440916322648,1.387026970938507,1.2238579587623155,0.1631690121761915,44.722091762609345,140.530916595459,145.3952178065125,135.66661538440547,0.06922748856831545,-0.0014380915163040298,-0.0014391265623549718,0.18498679853540284,9303130.0,0.9383831033211403,1
2021-09-02,142.22879028320312,143.24812366153026,141.3158048383445,141.83878023493943,8813300,140.85489044189453,137.66488952636718,129.36596736907958,141.29999116935713,139.92814338418617,1.3718477851709565,1.2534559240440437,0.1183918611269128,51.294593487895305,140.85489044189453,145.2152776587256,136.49450322506345,0.061913181759632535,0.004633158940944737,0.004622458897331478,0.18149403533657382,9286220.0,0.9490729274128763,0
2021-09-03,141.36900329589844,142.6099320998969,141.06762327911918,142.1667413091675,7959700,140.94308471679688,137.8041198730469,129.56780471801758,141.31060841959425,140.0348737480167,1.2757346715775384,1.2579116735507427,0.017822998026795656,51.516832924100996,140.94308471679688,145.26824866247412,136.61792077111963,0.06137461734100667,-0.006045098081708278,-0.006063443658355824,0.15532757427574684,9017765.0,0.882668820932903,0
2021-09-07,141.12083435058594,143.04428098852978,140.89923892881666,141.81221098449714,9285600,141.02640686035156,137.9112420654297,129.7721416091919,141.2814124089776,140.11531527413294,1.166097134844648,1.239548765809524,-0.07345163096487584,56.53994360661778,141.02640686035156,145.29464921476568,136.75816450593743,0.06053110831421331,-0.0017554693003887234,-0.001757011942259011,0.1554472138038291,9006200.0,1.0310230729941596,0
2021-09-08,140.4915008544922,141.4487947230756,140.083759317367,140.83718917994358,7852700,140.992724609375,138.00084228515624,129.9719835281372,141.15988755444135,140.14318087267807,1.0167066817632815,1.1949803490002755,-0.178273667236994,59.06847440229246,140.992724609375,145.26698482413775,136.71846439461223,0.06063093293082663,-0.004459536389434193,-0.004469509784028096,0.1500995155240393,8965485.0,0.8758812267267192,1
2021-09-09,141.1030731201172,142.55673823881511,140.11918911431437,140.28760376329723,7904300,140.90541610717773,138.10602325439453,130.17918922424317,141.15114687223763,140.214284002118,0.9368628701196258,1.1433568532241456,-0.20649398310451983,65.84893393568606,140.90541610717773,145.09040776234008,136.72042445201538,0.05940143070127402,0.004353090841120677,0.004343643547879713,0.1442771834745725,8902875.0,0.8878367942939781,0
2021-09-10,139.4810028076172,142.45924538990155,139.3569099302349,142.31742109429058,8311600,140.7090835571289,138.15408630371093,130.36393157958983,140.8942016315268,140.15996687659944,0.7342347549273711,1.0615324335647907,-0.32729767863741954,57.81994001331904,140.7090835571289,144.7662816390271,136.6518854752307,0.057667891501133335,-0.011495641282873947,-0.011562226955667412,0.14823419221532674,8876245.0,0.9363869519149145,1
2021-09-13,141.69692993164062,141.86534456021556,140.11031319027396,140.51804105672275,10052800,140.70376510620116,138.21932342529297,130.53604934692382,141.0176982930828,140.27381599178767,0.7438823012951161,0.9980024071108559,-0.25412010581573974,59.08043088539667,140.70376510620116,144.75519850360664,136.65233170879569,0.05758813055709649,0.015886945744717718,0.015762069091584077,0.15537502434293762,8929840.0,1.125753652920993,0
2021-09-14,139.2239532470703,143.00879263768573,138.50597284751478,142.2199136179085,11685600,140.62133178710937,138.23776000976562,130.7014129638672,140.74173751677318,140.19604838106787,0.5456891357053166,0.9075397528297481,-0.36185061712443145,48.43920177701347,140.62133178710937,144.7250518188884,136.51761175533034,0.058365540698928554,-0.01745257773589981,-0.01760666946806087,0.16593246261330347,9076330.0,1.2874807328512736,1
2021-09-15,140.19012451171875,140.65990570254004,138.69213736452565,138.913732776238,11691500,140.67229919433595,138.3219662475586,130.8751304244995,140.65687397753405,140.19560957593092,0.4612644016031311,0.8182846825844248,-0.3570202809812937,41.91100567402651,140.67229919433595,144.72516916192586,136.61942922674604,0.05762143635671946,0.006939691354215682,0.006915722523136931,0.1620724141578187,9193545.0,1.2717074860676703,0
2021-09-16,140.12808227539062,142.57450446830256,139.35693451029184,141.29811263288966,10880900,140.78354110717774,138.40174163818358,131.0630647277832,140.57552140797353,140.19060755366866,0.3849138543048696,0.7316105169285138,-0.3466966626236442,38.77301429888568,140.78354110717774,144.63344462893008,136.9336375854254,0.05469252288264902,-0.00044255782312929703,-0.0004426557807450424,0.15819234925344644,9334315.0,1.1656881088756914,0
2021-09-17,139.7646484375,140.9435376242899,139.1619154232611,139.49874476951828,25581600,140.93422470092773,138.5212255859375,131.2410919570923,140.45077172020837,140.15905502654505,0.291716693663318,0.6436317522754746,-0.35191505861215666,32.57622388871698,140.93422470092773,144.32851715209142,137.53993224976404,0.04816846239253267,-0.00259358318467795,-0.002596952348277392,0.15503698509364292,10137510.0,2.523459902875558,0
2021-09-20,135.58094787597656,136.9991504505012,133.39158404191113,136.4052763472482,15819900,140.8562240600586,138.47141143798828,131.38819694519043,139.70156805186502,139.81993597835478,-0.11836792648975347,0.491231816522429,-0.6095997430121824,28.652940667840525,140.8562240600586,144.66405089831116,137.04839722180603,0.05406685950390061,-0.029933896792179948,-0.030391062169725376,0.18996801732523094,10579800.0,1.4952929166902966,1
2021-09-21,135.5986328125,136.99025820546208,135.24408563632394,136.08614532357296,8999900,140.69135589599608,138.38241882324218,131.53886993408204,139.07034724580888,139.50724685495814,-0.43689960914926473,0.30560553138809027,-0.7425051405373551,29.559835424186588,140.69135589599608,145.09539666398783,136.28731512800434,0.0626057050903307,0.00013043821274671963,0.00013042970642273912,0.18341311571225166,10633065.0,0.8464069391092784,1
2021-09-22,138.19577026367188,139.38351846273306,137.4778032705843,137.56643332306157,11236200,140.61335678100585,138.38702850341798,131.69774436950684,138.93579694086472,139.41010044078877,-0.47430349992404786,0.14962372512566263,-0.6239272250497105,40.35444172203729,140.61335678100585,145.1406982449462,136.0860153170655,0.0643941879716496,0.019153124167284874,0.01897201200655962,0.19564548218151678,10811330.0,1.0392985876853265,1
2021-09-23,142.8669891357422,143.33678385755564,139.75579438539032,140.04830195552591,12336100,140.62488174438477,138.4944583129883,131.88197566986085,139.54059574007664,139.66616627004458,-0.12557052996794482,0.09458487410694114,-0.22015540407488596,51.482719625074886,140.62488174438477,145.17502421246388,136.07473927630565,0.0647131917429798,0.03380146051617805,0.0332427465435341,0.21874909248440771,10861385.0,1.1357759622736878,1
2021-09-24,144.51565551757812,145.0031681208322,142.54790073508872,143.0974530196058,10102400,140.6820541381836,138.62883361816407,132.07392826080323,140.30598955199994,140.0253876957878,0.28060185621214373,0.13178827052798164,0.1488135856841621,57.052078666862734,140.6820541381836,145.40307054515023,135.96103773121695,0.06711611421780163,0.011539869299474814,0.011473792864171262,0.22183015849697368,10815130.0,0.9340988041752619,1
2021-09-27,148.0079803466797,148.38025895684527,145.90726050177815,146.25294874872534,13220900,140.85622863769532,138.89598876953124,132.28747436523437,141.4909112127199,140.61669085511312,0.874220357606788,0.28027468794374294,0.593945669663045,63.47553387901529,140.85622863769532,146.36538129373477,135.34707598165588,0.07822377056835543,0.024165719738764135,0.023878349205721544,0.23604080779501574,11037165.0,1.1978528906653112,0
2021-09-28,147.2102508544922,150.06440055478947,146.83797222294592,148.64618465118625,13387900,141.10618896484374,139.23476379394532,132.50042442321777,142.37080961914643,141.10510270691896,1.265706912227472,0.47736113280048875,0.7883457794269833,63.05998481397115,141.10618896484374,147.28688205678026,134.92549587290722,0.08760343025742724,-0.005389773513015839,-0.0054043507445211,0.22860935308114694,11309680.0,1.183755862234829,0
2021-09-29,147.09503173828125,147.937091598617,146.28842119280665,147.32549962276576,7777100,141.3721031188965,139.52266052246094,132.71588649749756,143.09761302209023,141.54880115368655,1.548811868403675,0.6916512799211261,0.8571605884825488,61.87641049556898,141.3721031188965,148.10703912729446,134.63716711049852,0.09527956166477573,-0.0007826840559141957,-0.0007829905129963688,0.22810779282300453,11081495.0,0.7018096385009424,0
2021-09-30,145.091796875,148.01685867065802,144.29404537157927,147.95480547062252,13161200,141.5480499267578,139.71465087890624,132.92681259155273,143.4044105379225,141.81124528119128,1.5931652567312256,0.8719540752831461,0.7212111814480795,60.95538642042032,141.5480499267578,148.48587374556033,134.6102261079553,0.09802782620307944,-0.01361864394472212,-0.013712228308927614,0.23450861286967778,11303060.0,1.1643926511935705,1
2021-10-01,148.1409912109375,149.17805627046448,145.012064609726,145.3666119116606,11285000,141.84365997314453,140.00183929443358,133.14419887542724,144.1331152568479,142.28011535006135,1.8529999067865504,1.068163241583827,0.7848366652027234,62.185858888978665,141.84365997314453,149.3814861043002,134.30583384198886,0.10628358197444732,0.021015621845006605,0.0207978395992734,0.2445621473812292,11426645.0,0.9876039729946979,0
2021-10-04,147.98141479492188,151.07489164404444,146.90002809236836,147.99914621507656,14120000,142.1742805480957,140.29097747802734,133.35926502227784,144.72516133962853,142.70243382745844,2.0227275121700927,1.2590760957010803,0.7636514164690125,68.14842313697936,142.1742805480957,150.18939711120592,134.1591639849855,0.1127505837513108,-0.001077192846566044,-0.0010777734357555202,0.24298467523850165,11734660.0,1.2032730390143387,1
2021-10-05,150.39797973632812,151.7177257496521,148.62344635948992,149.1049843200802,12292900,142.6381378173828,140.6105419921875,133.59076335906983,145.59790263142847,143.27247426515248,2.325428366275986,1.4723465498160615,0.8530818164599245,69.95457750638026,142.6381378173828,151.43246795665863,133.843807678107,0.12330966000881259,0.016330192171464253,0.016198288652481713,0.24732510052054194,11885025.0,1.0343183964695069,1
2021-10-06,150.71900939941406,150.79034886469572,148.02600241313112,149.8005358946567,8692600,143.1495132446289,140.94007263183593,133.82643291473389,146.38576521111855,143.82406946028297,2.5616957508355824,1.6902163900199656,0.8714793608156168,70.49588509568962,143.1495132446289,152.58437012934093,133.7146563599169,0.1318182181812766,0.0021345344109591213,0.0021322595290173543,0.24568209672979183,11927020.0,0.7288157477727043,1
2021-10-07,151.67315673828125,152.93940172319301,151.18270638334047,152.6629697794844,10195400,143.67801742553712,141.2842544555664,134.04743141174316,147.19921006145128,144.40548333272727,2.7937267287240104,1.9109184577607747,0.8828082709632357,72.5305840591057,143.67801742553712,153.79009190587118,133.56594294520306,0.14076021734604968,0.00633063700902281,0.006310682697940782,0.2458591676089915,12041575.0,0.8466832619487069,1
2021-10-08,151.78904724121094,152.78777236477782,150.96866394590825,151.61070541294677,8190100,144.2934196472168,141.6077081298828,134.27718635559083,147.9053388583374,144.95241399261496,2.952924865722423,2.1193197393531045,0.8336051263693185,86.24413113501119,144.2934196472168,154.81963968135722,133.7671996130764,0.1459002088920753,0.0007640805098403369,0.0007637887489373318,0.23955872728359165,12035500.0,0.6804952016949857,0
2021-10-11,148.59666442871094,152.74316938047684,148.43616088009924,152.30623398262847,12154700,144.6384063720703,141.8889422607422,134.47619132995607,148.01169663839485,145.2223584693628,2.7893381690320496,2.253323425288894,0.5360147437431557,75.4520839695067,144.6384063720703,155.25817001285142,134.0186427312892,0.1468456948213693,-0.021031707297213154,-0.021256024409423632,0.2515131759888389,12140595.0,1.0011618046726705,0
2021-10-12,147.4552764892578,148.64126939567723,146.92916332519033,147.8030478222222,13032600,145.0499725341797,142.15816223144532,134.67188159942626,147.9260935385276,145.38775980416983,2.5383337343577637,2.310325487102668,0.2280082472550955,69.22769330797655,145.0499725341797,155.42131741456177,134.6786276537976,0.1430037482832087,-0.007681114134299505,-0.0077107658277570535,0.24349628632154988,12207945.0,1.067550681134294,0
2021-10-13,143.56736755371094,147.4998682783772,143.21068388442018,146.30496301898236,22753500,145.2188346862793,142.31913177490233,134.84456577301026,147.25552031009425,145.25291593376545,2.0026043763288044,2.2487812649478953,-0.24617688861909093,51.50326394956893,145.2188346862793,155.3645361943398,135.07313317821882,0.13972982953593524,-0.026366699301059726,-0.02672053421776571,0.26415196453669043,12761045.0,1.7830436300475392,1
2021-10-14,145.7698974609375,146.25142168777654,142.72912006780592,144.23613346936529,15176800,145.50092544555665,142.55340270996095,135.0296979522705,147.0269629486855,145.29121086170412,1.7357520869813925,2.146175429354595,-0.41042334237320244,52.62953493847635,145.50092544555665,155.3603466608089,135.6415042303044,0.1355238282514076,0.015341438272193475,0.015224948312914856,0.26865663349621355,12975840.0,1.1696198473470696,1
2021-10-15,148.56993103027344,149.06929360366405,146.3673747031609,147.4463652401446,14267400,145.94118957519532,142.80981506347655,135.22730796813966,147.26434265354519,145.5340790223389,1.7302636312062987,2.0629930697249357,-0.332729438518637,51.21335840791351,145.94118957519532,155.50401406559973,136.37836508479091,0.13105038431219887,0.019208585710134507,0.019026429770192605,0.27467153682371526,12410130.0,1.149657578123678,0
2021-10-18,148.5164031982422,150.3533495950815,147.9457012729464,148.4539760844626,12672900,146.58796234130858,142.98804077148438,135.41721286773682,147.45696735272935,145.75499192425764,1.7019754284717123,1.990789541474291,-0.28881411300257875,52.91387590428871,146.58796234130858,154.86356980867535,138.3123548739418,0.11290978242944982,-0.00036028711637714483,-0.00036035203537371213,0.2459069263125124,12252780.0,1.03428772898885,1
2021-10-19,150.31771850585938,150.38904435584257,148.54318524045345,149.27439085896674,8053900,147.32391662597655,143.2053073120117,135.62134365081786,147.89708291474935,146.09297167104293,1.8041112437064157,1.9534538819207161,-0.14934263821430038,56.68642605047444,147.32391662597655,153.93523257752244,140.71260067443066,0.08975210682635579,0.012128729681210704,0.012055766017930455,0.2466495239948295,12205480.0,0.6598593418693898,1
2021-10-20,152.34193420410156,152.36868480208688,149.32792010932766,150.0769640661393,8185600,148.03122482299804,143.42884307861328,135.83261657714843,148.5809061900343,146.55585778460284,2.025048405431477,1.9677727866228683,0.05727561880860854,65.02948993141685,148.03122482299804,153.44994219102745,142.61250745496864,0.07321046454230995,0.013466248146676518,0.013376384082741877,0.2432092441726871,12052950.0,0.6791366428965523,0
2021-10-21,151.14698791503906,152.77884198372888,150.41576881696275,152.27055354629422,8415200,148.4452247619629,143.5947979736328,136.01206859588623,148.9756879938812,146.8959414979685,2.079746495912701,1.990167528480835,0.08957896743186633,56.750359274912306,148.4452247619629,153.4522218768898,143.43822764703597,0.06745918735959089,-0.00784384349132361,-0.007874768250477518,0.22177007467227236,11856905.0,0.7097299000034157,1
2021-10-22,153.18017578125,153.45660773406516,151.3253903093067,151.61966053196537,8817900,148.8784507751465,143.79024841308595,136.18276191711425,149.622532268861,147.36144033376712,2.261091935093873,2.0443524098034427,0.21673952529043028,60.768354553603146,148.8784507751465,153.9527855079151,143.80411604237787,0.06816748436524865,0.013451725993731456,0.013362054787594679,0.2228575648477493,11792680.0,0.747743515468918,0
2021-10-25,152.4311065673828,154.2323905390945,152.02090806836713,154.00945982599293,10159200,149.09960708618163,144.0028045654297,136.34905281066895,150.05462062247975,147.73697116588679,2.31764945659296,2.0990118191613463,0.2186376374316139,54.523775087475556,149.09960708618163,154.39493946556962,143.80427470679365,0.07103080260066964,-0.0048901185159684335,-0.004902114268598132,0.209753981237207,11639595.0,0.8728138736785945,1
2021-10-26,152.8412322998047,153.8132201737262,152.07435039930647,152.48454873954742,8015100,149.38115615844725,144.24217681884767,136.5085013961792,150.48333011129898,148.11506458321404,2.3682655280849474,2.1528625609460663,0.21540296713888107,54.70336873772435,149.38115615844725,154.84948186114153,143.91283045575298,0.07321305904064725,0.0026905645550803214,0.0026869514656503537,0.2081598848173296,11370955.0,0.7048748324129328,0
2021-10-27,149.6578369140625,152.21707695759522,149.22088785023087,151.87823155116794,9847000,149.50929641723633,144.45191802978516,136.64252674102784,150.35633115787797,148.22934401512873,2.1269871427492433,2.1476874773067016,-0.020700334557458344,45.935202556640526,149.50929641723633,154.87113177295362,144.14746106151904,0.07172577872019395,-0.020828119073901585,-0.02104808401088939,0.22327584326389388,11474450.0,0.8581674938668085,1
2021-10-28,151.91392517089844,152.04767817327567,149.77379549318707,150.0769780363172,7212900,149.85040283203125,144.73213165283204,136.78726318359375,150.59596100603497,148.50227595259315,2.093685053441817,2.136886992533725,-0.04320193909190806,50.23185554696832,149.85040283203125,154.8871088948766,144.8136967691859,0.06722312343051952,0.01507497571364369,0.014962477463837706,0.22165513117648156,11177035.0,0.6453321475686531,0
2021-10-29,151.49473571777344,153.59028904561072,151.04887446560429,152.6450517614634,8140100,150.01809005737306,145.0270068359375,136.92631160736084,150.7342340386101,148.7239396389028,2.0102943997073055,2.1115684739684415,-0.101274074261136,55.998428447624605,150.01809005737306,155.0384549060267,144.99772520871943,0.06693012618323077,-0.0027593879405948263,-0.0027632020695549497,0.21097037580506894,11019790.0,0.7386801381877514,0
2021-11-01,151.41453552246094,153.67059313821292,150.71006688442648,153.41198590418654,7435500,150.18974609375,145.31247833251953,137.07604206085205,150.8388958053564,148.92324303768487,1.9156527676715314,2.0723853327090596,-0.1567325650375282,58.5714078073364,150.18974609375,155.15132475127584,145.22816743622414,0.06607080425355775,-0.0005293926216809464,-0.0005295327994297853,0.21090075839738961,10685565.0,0.6958452828652486,1
2021-11-02,152.01197814941406,153.0998809920009,150.62980516678888,151.41452554022447,7173800,150.27044601440429,145.57479797363283,137.2313882446289,151.01937001213452,149.1520382311463,1.8673317809882235,2.0313746223648925,-0.16404284137666902,71.3191027752824,150.27044601440429,155.29834537803504,145.24254665077353,0.06691800679354873,0.003945741568942784,0.003937977547192619,0.20359650716973351,10429610.0,0.6878301297939232,1
2021-11-03,152.06549072265625,152.60052985489583,150.8349088824714,151.70880703890342,8402700,150.3377700805664,145.8209927368164,137.39607006072998,151.1803116599071,149.3678495268137,1.8124621330933905,1.9875921245105923,-0.17512999141720176,67.82822870575222,150.3377700805664,155.4266484152106,145.2488917459222,0.0676992658853068,0.00035202866177819203,0.00035196671422661806,0.2035180512051256,10415115.0,0.8067793778561254,0
2021-11-04,150.0680389404297,151.77123292329742,148.46294862618703,151.59289106689397,9574200,150.25751419067382,145.96962371826172,137.55575866699218,151.00919277998747,149.4197154093038,1.5894773706836816,1.9079691737452102,-0.3184918030615287,54.444456516031366,150.25751419067382,155.30820294105774,145.2068254402899,0.06722710378363776,-0.013135470597136378,-0.013222503879951868,0.20783492743045215,10384055.0,0.922009754378227,0
2021-11-05,149.85401916503906,151.6731276889618,149.28331711767015,150.611975380586,7975600,150.16076278686523,146.09925994873046,137.71893299102783,150.8314737623031,149.45188605787678,1.3795877044263136,1.802292879881431,-0.42270517545511743,53.930890371645866,150.16076278686523,155.16181358425837,145.1597119894721,0.06660928866606133,-0.001426151610307791,-0.001427169532438214,0.2078106307483995,10373330.0,0.7688562881928946,1
2021-11-08,150.75462341308594,152.4132280245315,150.46927925115722,150.74571108529693,6413700,150.26866073608397,146.2238626098633,137.89392612457274,150.8196506316543,149.5483851212256,1.271265510428691,1.696087405990883,-0.4248218955621921,51.35571504463495,150.26866073608397,155.2204992153282,145.31682225683974,0.06590646985190235,0.006009877166224031,0.005991889886032625,0.1942010865837727,10086280.0,0.6358835963308573,0
2021-11-09,149.61325073242188,150.2285416432765,148.56102435652167,149.2298164584749,7990300,150.37655944824218,146.37190673828124,138.06557804107666,150.634050647157,149.55318998131423,1.0808606658427777,1.573042057961262,-0.49218139211848433,41.042104767505585,150.37655944824218,155.16151249211651,145.59160640436784,0.0636396132672694,-0.007571062530775996,-0.007599868511390304,0.19413778101604376,9834165.0,0.8125041627835206,0
2021-11-10,149.47056579589844,150.65655870836895,148.9979538180896,149.3189745583569,6999200,150.67171936035157,146.5257830810547,138.25281269073486,150.4550529777326,149.54706967128342,0.9079833064491822,1.4400303076588463,-0.5320470012096641,44.08808943684406,150.67171936035157,154.26903640210128,147.07440231860187,0.04775039479235303,-0.0009536918409628337,-0.0009541468943700795,0.1658757164509351,9046450.0,0.773695759109927,0
2021-11-11,149.46165466308594,150.41579095562895,148.82852550677035,149.38140287902908,5815300,150.85630722045897,146.68355895996095,138.43014625549316,150.30222246778698,149.54074263363918,0.7614798341477922,1.3043202129566356,-0.5428403788088434,34.70256575717896,150.85630722045897,153.6930296470266,148.01958479389134,0.03760827079536148,-5.961797739273411e-05,-5.9619754614984926e-05,0.15836979202333398,8578375.0,0.6779022833578621,0
2021-11-12,148.79286193847656,149.57758233014954,147.77629852499552,149.4973169398305,8113400,150.86745376586913,146.81484039306642,138.6104441833496,150.07001315558537,149.48534406362714,0.5846690919582329,1.160389988756955,-0.5757208967987222,34.93329693605706,150.86745376586913,153.66786830416078,148.06703922757748,0.03712417050051901,-0.004474677643017899,-0.004484718978712379,0.14455686244939625,8270675.0,0.9809840188376402,0
2021-11-15,148.5253448486328,149.6221600640078,148.02598226623803,149.10497282267738,6492500,150.86790084838867,146.9579672241211,138.78524284362794,149.83237187759266,149.4142330106646,0.418138866928075,1.0119397643911792,-0.5938008974631042,31.913413358365673,150.86790084838867,153.6667374091501,148.06906428762724,0.03710314182171936,-0.0017979161524184217,-0.0017995343435361635,0.14470946825629494,7961655.0,0.8154711551806754,0
2021-11-16,147.4552764892578,148.9801283993998,147.2412581279684,148.97120246354845,9706100,150.7247787475586,147.08465606689452,138.93721214294433,149.46666489477192,149.26912512019004,0.19753977458188388,0.8490597664293202,-0.6515199918474364,38.78288466529795,150.7247787475586,153.90837765899903,147.54117983611815,0.04224386909563811,-0.0072046179085835105,-0.0072306965012112045,0.13947084435280838,8044265.0,1.2065863071393097,0
2021-11-17,146.66165161132812,147.6336262083905,145.69858934398377,147.3215313889373,9909600,150.4407646179199,147.20805908203124,139.0785108566284,149.03512438962673,149.0759789343484,-0.04085454472166816,0.6710769041991227,-0.7119314489207909,18.569557999850247,150.4407646179199,154.0073703897472,146.87415884609263,0.0474154167041829,-0.0053821395668232075,-0.005396675459577292,0.12935814568906298,8130465.0,1.218823277635412,0
2021-11-18,145.3953857421875,147.00048928802653,144.95843673046767,146.59029086818666,8122500,150.15318450927734,147.29390533447267,139.19985408782958,148.475164597713,148.80334240159576,-0.32817780388276674,0.4712259625827448,-0.7994037664655116,16.86025206725995,150.15318450927734,154.35158683075773,145.95478218779695,0.055921588812137185,-0.008633926150623084,-0.008671414427659034,0.12987173235163532,8115830.0,1.0008218506301882,0
2021-11-19,143.4960174560547,144.5571696624169,142.18518397838477,143.83487644137608,12193600,149.6689765930176,147.3742056274414,139.31288341522216,147.7091419605348,148.41020722044456,-0.7010652599097682,0.2367677180842422,-0.9378329779940104,14.077395703253714,149.6689765930176,154.57208657583996,144.76586661019522,0.0655193894477543,-0.01306347018123899,-0.01314954777772167,0.12216077776086808,8284615.0,1.4718366514315995,1
2021-11-22,146.55465698242188,148.00815598675536,145.34191335270506,146.38522746254358,14549900,149.37515411376953,147.47136016845704,139.43174343109132,147.53152888697898,148.2727590546651,-0.7412301676861262,0.041168140930168545,-0.7823983086162947,29.76196538974729,149.37515411376953,154.28562214372508,144.46468608381397,0.06574678445138958,0.021315152717070296,0.021091162187310598,0.14974362879928269,8504150.0,1.710917610813544,1
2021-11-23,150.0591278076172,150.30880912989716,147.4642109154094,147.58013924597208,12354400,149.23604888916014,147.68806365966796,139.57057914733886,147.92039025938485,148.40508266599488,-0.4846924066100371,-0.06400396857787259,-0.4206884380321645,44.07586055887104,149.23604888916014,153.8836838066473,144.588413971673,0.06228568703181121,0.02391238120543404,0.023630957727334676,0.17519730679222728,8721115.0,1.4166078534682778,0
2021-11-24,148.88204956054688,151.09351836726648,148.4183498794795,150.21963380444038,9629800,149.19725952148437,147.86190216064452,139.70317867279053,148.068337844179,148.4404135470728,-0.3720757028937953,-0.12561831544105714,-0.24645738745273818,46.31987037989259,149.19725952148437,153.843021418899,144.55149762406973,0.06227677254012371,-0.007844096285694713,-0.007875023043436923,0.1610622343239432,8710255.0,1.1055703880081582,0
2021-11-26,144.39666748046875,145.0387089894779,141.62342261546195,144.583935256684,13619300,148.8213966369629,147.94727386474608,139.8150597381592,147.50346548053128,148.14087680139843,-0.6374113208671588,-0.22797691652627747,-0.4094344043408813,36.61415171523807,148.8213966369629,153.74950496774892,143.89328830617688,0.06622849189902064,-0.03012708444918355,-0.03059023096397525,0.18263846034615844,9030575.0,1.5081320956860444,0
2021-11-29,143.77244567871094,146.93806395349284,142.51512702526043,145.62723050902432,12104400,148.43528213500977,148.02742980957032,139.91514610290528,146.9294624340974,147.81728931082898,-0.8878268767315944,-0.3599469085673409,-0.5278799681642535,32.638652809479865,148.43528213500977,153.68129659082177,143.18926767919777,0.07068419826278867,-0.004322965430225367,-0.0043323364621305335,0.18275545661248008,9228790.0,1.3115912270189267,0
2021-11-30,141.63232421875,143.23742786971184,141.15078632015687,141.92659435531044,18922600,147.94617156982423,148.1484573364258,139.9896374130249,146.1145180932747,147.35914374845277,-1.244625655178055,-0.5368826578894837,-0.7077429972885713,31.09425581842551,147.94617156982423,153.81029755036826,142.0820455892802,0.07927377800075638,-0.01488547718485278,-0.01499737775110239,0.18768877167565118,9803145.0,1.9302580957437638,0
2021-12-01,140.7941436767578,145.59161776239026,140.7138918724869,143.56740274611818,12253400,147.3852798461914,148.25236755371094,140.05796653747558,145.2959989522721,146.87284744684573,-1.5768484945736247,-0.744875825226312,-0.8319726693473127,30.102361466289864,147.3852798461914,153.73759568626605,141.03296400611674,0.08620013948073803,-0.00591800315793467,-0.00593558393500159,0.1859184589883028,10057125.0,1.2183800042258597,1
2021-12-02,143.754638671875,145.5737471981936,141.60558345683899,142.5240568529297,12969900,146.96973724365233,148.363544921875,140.1389517211914,145.05886660144176,146.64186901907013,-1.5830024176283644,-0.9125011437067225,-0.6705012739216418,38.47264335110858,146.96973724365233,153.11697062949798,140.82250385780668,0.08365304995618958,0.021027117448251476,0.0208090985244896,0.2054437545217146,10285485.0,1.2609906095823387,0
2021-12-03,141.15081787109375,144.30752469136095,140.1699308032473,144.01325448902335,12681800,146.52387619018555,148.32922149658202,140.19627250671385,144.45762833523438,146.2351244895904,-1.7774961543560153,-1.0855001458365812,-0.6919960085194341,35.68329438965141,146.52387619018555,153.0091596049295,140.0385927754416,0.08852186528734958,-0.018112951518208464,-0.01827899915583456,0.2095080120864763,10440865.0,1.2146311632225875,1
2021-12-06,142.8183135986328,145.00303153362952,142.1941104181493,143.5762697440025,11186500,146.17209091186524,148.2952746582031,140.2558415222168,144.20542606806492,145.9820273865565,-1.776601318491572,-1.2237203803675794,-0.5528809381239927,39.84124776734301,146.17209091186524,152.6600727382313,139.6841090854992,0.0887718275888657,0.011813574676286409,0.011744339148900712,0.21597790821212734,10601410.0,1.0551898285228096,1
2021-12-07,144.96737670898438,145.69858230221814,143.71004434239103,144.3520858229234,9851600,145.88272857666016,148.23446258544922,140.32089920043944,144.322649243591,145.9068680771067,-1.5842188335157061,-1.2958200709972048,-0.2883987625185014,45.73525726772092,145.88272857666016,152.01672675448904,139.74873039883127,0.08409491977119857,0.015047531763966449,0.014935440721396962,0.2228700705274477,10773305.0,0.9144454742532584,0
2021-12-08,143.30880737304688,145.5916160450244,142.82726933987516,145.04766447813813,11705700,145.5675064086914,148.1564337158203,140.36605506896973,144.1666735711996,145.71441913606523,-1.547745564865636,-1.346205169770891,-0.20154039509474497,44.41809847712744,145.5675064086914,151.54014858731395,139.59486423006885,0.08206010154290781,-0.011440983299759955,-0.011506934865583168,0.22460154211432534,10959075.0,1.0681284688716886,0
2021-12-09,143.08587646484375,143.50497375060272,141.47184642900032,142.36356941590006,11189600,145.24827194213867,148.07625061035156,140.41920837402344,144.0003970932987,145.51971227153032,-1.5193151782316363,-1.38082717146304,-0.1384880067685963,46.01669159809209,145.24827194213867,151.02172408879593,139.4748197954814,0.0794977051287355,-0.0015555980981881712,-0.0015568092971652312,0.22457254736967877,11168595.0,1.0018807200010387,0
2021-12-10,142.51510620117188,144.19153536301812,141.89981545715014,143.85269004239953,10405400,144.90094451904298,148.024716796875,140.4870742034912,143.77189080220225,145.29714885891119,-1.5252580567089353,-1.4097133485122193,-0.11554470819671603,48.22692101255126,144.90094451904298,150.43810007352462,139.36378896456134,0.07642676965095899,-0.003989004909314864,-0.003996982210795025,0.22453557321999126,11398100.0,0.9129065370544214,0
2021-12-13,140.8208770751953,142.48839452442272,140.2501749701873,142.22980087338019,12069000,144.5023452758789,147.87831451416017,140.5318810272217,143.31788869035503,144.96557317122853,-1.6476844808734938,-1.4573075749844742,-0.19037690588901968,39.09796337333011,144.5023452758789,150.00751485169124,138.99717570006655,0.07619488203187381,-0.011888066964529487,-0.011959295105362273,0.22702404404746054,11595880.0,1.0408006981790083,1
2021-12-14,141.8998565673828,143.4692838307284,140.2680021755229,140.40175515575305,12563600,144.17107086181642,147.75668334960938,140.58422950744628,143.09972990220547,144.73848305242515,-1.638753150219685,-1.4935966900315163,-0.14515646018816875,32.90989956738292,144.17107086181642,149.44965329602232,138.89248842761052,0.073226652235458,0.007662070529580234,0.007632865950678387,0.22996078458857153,11899435.0,1.055814834906027,0
2021-12-15,140.8386993408203,142.54189313181374,140.31258616138567,142.54189313181374,14014200,143.84024200439453,147.56549774169923,140.61856803894042,142.75187904660774,144.4496101848989,-1.6977311382911466,-1.5344235796834425,-0.16330755860770418,33.07049237716264,143.84024200439453,149.0813958174484,138.59908819134066,0.07287465232287005,-0.0074782121154477466,-0.007506314133228677,0.230042115552418,12114840.0,1.1567796190457322,1
2021-12-16,143.041259765625,144.29859219812784,141.51640776777535,143.02342149950582,19542800,143.6592224121094,147.41194274902344,140.67421409606933,142.79639915722578,144.34528793161934,-1.5488887743935607,-1.5373166186254663,-0.011572155768094339,46.843866097036155,143.6592224121094,148.73763289134968,138.5808119328691,0.07070079308479145,0.01563888643613942,0.015517859241153748,0.2381363598522839,12596500.0,1.551446830468781,0
2021-12-17,139.78646850585938,142.12279161596578,138.37754477572813,142.0692904222385,28082000,143.37877655029297,147.174208984375,140.71205284118653,142.3333329031694,144.00759760378526,-1.6742647006158506,-1.5647062350235432,-0.10955846559230742,41.731423597372796,143.37877655029297,148.6685813185706,138.08897178201534,0.07378783520895967,-0.02275421277118672,-0.0230170851612264,0.24905271834898673,13594475.0,2.065692128603716,0
2021-12-20,137.2718048095703,137.94950921352105,135.3991815578562,137.78007971088095,15148000,143.06756591796875,146.8838641357422,140.72855690002442,141.55463627338494,143.50864998939898,-1.9540137160140318,-1.6425677312216411,-0.3114459847923907,41.09287600885442,143.06756591796875,149.01928360138024,137.11584823455726,0.08320149497509519,-0.01798932130675912,-0.018153096253761863,0.2525835042036695,13742195.0,1.1022984319462794,1
2021-12-21,139.1890106201172,140.16098522073239,138.29728780708814,138.5826456384304,11291300,142.69928359985352,146.6957110595703,140.75937828063965,141.1906938651899,143.1886767027855,-1.9979828375956004,-1.713650752496433,-0.2843320850991673,46.859666866879294,142.69928359985352,148.65402042923887,136.74454677046816,0.08345853853174448,0.013966493798245772,0.013869861031566327,0.24477654841809612,13579265.0,0.8315103947084028,1
2021-12-22,139.73297119140625,140.0539919692928,138.4310634191967,138.88583718511464,7273000,142.18297576904297,146.54126495361328,140.77846298217773,140.96642883845394,142.93269851675743,-1.9662696783034903,-1.7641745376578446,-0.2020951406456457,41.31021367397376,142.18297576904297,147.16145488320518,137.20449665488076,0.0700291872108385,0.003908071254085321,0.0039004545815052726,0.2257486824963359,13325195.0,0.5458081476481207,1
2021-12-23,140.23228454589844,141.89088904772566,140.18770930329208,140.54439288378134,8055200,141.75048751831054,146.47456329345704,140.8035926055908,140.85348356267616,142.73266785224936,-1.8791842895732032,-1.7871764880409164,-0.09200780153228671,47.816726449755,141.75048751831054,145.66850642484494,137.83246861177614,0.05528049991402381,0.003573339564992395,0.0035669703555581684,0.22644610301007848,13246465.0,0.6081018596282103,1
2021-12-27,141.0348663330078,141.07052925431128,139.41192447822218,140.53550379510722,6188100,141.5823974609375,146.37986267089843,140.8247184753418,140.88138860426565,142.60690477675,-1.7255161724843617,-1.7748444249296056,0.04932825244524386,45.57913083473029,141.5823974609375,145.30604600172697,137.85874892014803,0.05260044479493747,0.005723231206767432,0.0057069157409003115,0.20389033815756025,12874905.0,0.4806326726294291,1
2021-12-28,141.46287536621094,142.80937161902253,140.96351287792604,141.07051523781357,6342300,141.4669189453125,146.2377215576172,140.8514013671875,140.9708481061034,142.5221618574508,-1.5513137513474078,-1.7301382902131661,0.17882453886575833,40.5025634324439,141.4669189453125,145.04500050262848,137.88883738799652,0.050585417198478436,0.0030347746222734173,0.0030301789892288474,0.20401985348493842,12586800.0,0.5038850224044237,0
2021-12-29,141.39154052734375,142.34569028942937,141.02593097701518,141.65014771430114,6398900,141.4548797607422,146.0952243041992,140.8858757019043,141.03557001706346,142.43841212929473,-1.4028421122312693,-1.664679054616787,0.2618369423855176,44.31499411817935,141.4548797607422,145.03223825133225,137.87752127015213,0.05057949922464079,-0.0005042654384235234,-0.0005043926229980383,0.19705406125925196,11960615.0,0.5349975732853202,0
2021-12-30,141.3202362060547,142.8896771608027,141.22214614638295,141.88202596659391,6948200,141.48118438720704,145.91527465820312,140.91307205200195,141.07936481536981,142.3555842831288,-1.2762194677589775,-1.586987137245225,0.31076766948624757,44.7170877759749,141.48118438720704,145.0458003613591,137.91656841305496,0.050389965133404616,-0.000504304012977852,-0.00050443121701474,0.19583518325120036,11695355.0,0.5940991102878023,0
2021-12-31,141.20433044433594,142.04253856326048,140.85655904827416,141.29349457276007,5805900,141.3536689758301,145.69252258300781,140.9284741973877,141.09859029674922,142.270306220996,-1.1717159242467687,-1.503932894645534,0.3322169703987652,45.96833162341497,141.3536689758301,144.75455627718762,137.95278167447256,0.048118840154606,-0.0008201639399311178,-0.0008205004583880832,0.1798045869356789,11337155.0,0.5121126067342292,1
2022-01-03,144.1915740966797,145.02979570607448,142.23869898683654,142.5508074096061,13120900,141.50570678710938,145.55341430664063,140.96980812072755,141.57443395827698,142.4126223599355,-0.8381884016585275,-1.3707839960481327,0.5325955943896052,59.60366648928955,141.50570678710938,145.13276621827168,137.87864735594707,0.051263790182244716,0.02115546770374266,0.020934797623672376,0.18373860068401254,11359110.0,1.1550992991528386,1
2022-01-04,149.6578369140625,150.32662900404017,146.44762943952574,146.51896889524988,20195800,141.84768295288086,145.48296752929687,141.05674095153807,142.8180344130132,142.94930491950046,-0.13127050648725458,-1.122881298135957,0.9916107916487025,67.68297815064791,141.84768295288086,146.97519893222676,136.72016697353496,0.07229608369491895,0.037909724279157286,0.037208810132186784,0.22301603569954123,11809575.0,1.7101208129843792,0
2022-01-05,146.92178344726562,151.03035618035662,146.87692731344697,150.5459455243577,17539400,141.9454032897949,145.37278106689453,141.13660820007325,143.4493804182828,143.24356258822382,0.20581783005897591,-0.8571414724969705,1.0629593025559463,62.88178169205685,141.9454032897949,147.38806647252255,136.50274010706727,0.0766867127301887,-0.01828205941776362,-0.01845124143563631,0.22930749403357958,12193965.0,1.4383672579017572,1
2022-01-06,148.48269653320312,150.14226409057565,147.00252614681173,149.72962048334253,14047500,142.20409774780273,145.2856103515625,141.21919853210449,144.22373674365514,143.63164658414823,0.5920901595069097,-0.5672951460961946,1.1593853056031043,61.84489534534573,142.20409774780273,148.36417537508095,136.04402012052452,0.08663713247142901,0.010624109300291451,0.010568070013327201,0.22709097157715347,12311055.0,1.1410476193957382,1
2022-01-07,149.95388793945312,150.28579871431185,148.0700396921458,148.6172517115506,13913300,142.5474983215332,145.29153137207032,141.30069007873536,145.1052984660856,144.09996075861525,1.0053377074703462,-0.25276857538288644,1.2581062828532326,73.99567284769547,142.5474983215332,149.61364262868287,135.48135401438353,0.09914090938602267,0.009908167352826958,0.009859403306341373,0.2284381957504399,12447240.0,1.1177819339869721,1
2022-01-10,150.09738159179688,151.88253764306427,148.49162266364252,151.66725014479462,12922500,142.92661209106444,145.2552005004883,141.37177215576173,145.87331125465658,144.54421415366573,1.3290971009908503,0.0636045598918609,1.2654925410989895,84.08379256231524,142.92661209106444,150.75765048621642,135.09557369591246,0.10958124985377111,0.0009569185188562646,0.0009564609642021493,0.22726228046072572,12573095.0,1.027789895805289,1
2022-01-11,150.24989318847656,151.17387194242036,149.19134604944753,150.94062555020676,11854100,143.3980628967285,145.23030364990234,141.45417434692382,146.54663155216736,144.9668570451332,1.5797745070341591,0.36683854932032056,1.2129359577138386,82.43645482256035,143.3980628967285,151.80915244348097,134.98697334997604,0.11731106232320458,0.0010160843251381113,0.0010155684608717066,0.22080647128876968,12562350.0,0.9436212173677696,1
2022-01-12,151.1020965576172,152.1337190123111,149.97178241305858,151.12004174560784,12568000,143.85817489624023,145.22405487060547,141.5329524230957,147.24747232223655,145.4213192312431,1.8261530909934436,0.6587014576549453,1.1674516333384983,82.74834189672072,143.85817489624023,152.9068035376421,134.80954625483835,0.12579929709143509,0.005671906655345227,0.0056558819579630645,0.22040210529515425,12562570.0,1.0004322363974887,0
2022-01-13,150.91372680664062,152.3310957107685,150.6087270102025,151.0124048217435,13623400,144.36192626953124,145.20208984375,141.62064483642578,147.81151147368334,145.82816423682812,1.9833472368552236,0.923630613495001,1.0597166233602227,81.32869442552342,144.36192626953124,153.81549426859323,134.90835827046925,0.13097037762452246,-0.001246638896931107,-0.0012474165976092458,0.21747419334859147,12543030.0,1.0861330954322839,0
2022-01-14,141.63803100585938,144.4548232829424,140.74992897736615,144.21261115005007,40158400,144.29176483154296,144.99354064941406,141.65547538757323,146.86174524786426,145.5177839974971,1.3439612503671583,1.0076967408694326,0.3362645094977257,51.18172615905067,144.29176483154296,153.80722864944454,134.7763010136414,0.13189198744655514,-0.06146356595292224,-0.06343360213524052,0.31220701932736394,13573810.0,2.9585208574453303,0
2022-01-18,135.699462890625,139.7452341270361,135.04459347863929,139.7452341270361,32324800,144.08741455078126,144.70616912841797,141.65704383850098,145.14447103905823,144.79050095254362,0.3539700865146074,0.8769514099984675,-0.5229813234838602,40.71347541933203,144.08741455078126,154.1689664608506,134.0058626407119,0.13993660642049027,-0.041927779375785734,-0.04283211697984899,0.33693123094512556,13785950.0,2.3447640532571206,0
2022-01-19,133.60031127929688,136.5606379872775,133.25943479672728,135.9685835962169,22380000,143.9038398742676,144.38109497070312,141.65287551879882,143.3684464606334,143.9615980137846,-0.5931515531511877,0.5829308173685366,-1.1760823705197243,38.21612834437856,143.9038398742676,154.62157557379513,133.18610417474005,0.1489569105159653,-0.015469122475599284,-0.01559001773363764,0.3353872396495692,14147550.0,1.581899339461603,0
2022-01-20,132.46104431152344,135.10739177724707,132.19192121422608,133.6541462152785,14860800,143.56744155883788,144.01522338867187,141.6324793243408,141.69038459153956,143.10970514695046,-1.4193205554109056,0.18248054281264814,-1.6018010982235538,37.02019551663823,143.56744155883788,155.28406498887264,131.85081812880313,0.16322117748727819,-0.008527427495223061,-0.00856399403246122,0.33143182599579407,14326025.0,1.0373289171280937,0
2022-01-21,130.14662170410156,132.32649028369337,129.41999884423763,132.3175245318056,20705400,143.08812408447267,143.62589080810548,141.59967384338378,139.91442107039524,142.14947674377646,-2.2350556733812255,-0.30102670042612656,-1.9340289729550988,34.77962445045782,143.08812408447267,156.17002676763585,130.0062214013095,0.18285099153917517,-0.017472477432525668,-0.017626922839749187,0.33482362593417814,14997645.0,1.3805767505498363,0
2022-01-24,130.0299835205078,130.5054283910756,125.20376774347633,127.6348139777881,28471400,142.57800903320313,143.23707916259767,141.56117362976073,138.39373837041256,141.25173650501583,-2.857998134603264,-0.8124209872615541,-2.0455771473417097,28.834703921112535,142.57800903320313,156.86861480146453,128.28740326494173,0.20046016724687812,-0.0008962060026339591,-0.0008966078353347289,0.33397581259899717,16018455.0,1.7774123659241794,1
2022-01-25,131.44735717773438,131.73442547362257,126.29818254764014,128.86379726741953,18915900,142.09863357543946,142.87679321289062,141.53121452331544,137.32506434076976,140.52548618447645,-3.2004218437066925,-1.2900211585505819,-1.9104006851561106,19.035961024148705,142.09863357543946,157.2259237808768,126.97134337000213,0.21291253581838743,0.01090036020040741,0.010841379494368317,0.3363804862124093,16654845.0,1.135759594280223,1
2022-01-26,132.69427490234375,135.07151292084316,130.93602957942716,133.41193192091282,20709100,141.6602035522461,142.55482147216796,141.51568588256836,136.61263519639652,139.94539645987405,-3.332761263477522,-1.69856917953597,-1.634192083941552,24.5179415703315,141.6602035522461,157.3624271521034,125.95797995238878,0.22168856469369863,0.009486061579186966,0.009441351423514358,0.33876208717408335,17373185.0,1.1920151659007834,0
2022-01-27,130.35293579101562,134.90107666430532,129.29440222770756,134.0398854480491,17536800,141.1082733154297,142.19137329101562,141.50114128112793,135.64960451864562,139.2348438177364,-3.585239299090773,-2.0759032034469307,-1.5093360956438424,18.41190708120824,141.1082733154297,157.6061121409216,124.6104344899378,0.2338323393499836,-0.01764461287460395,-0.017802134748478707,0.3425470645106451,17930080.0,0.9780659093545595,1
2022-01-28,131.5191192626953,131.65367396618265,127.53613578143928,129.34821668802778,14117000,140.61821746826172,141.87265014648438,141.48819747924804,135.0141452484994,138.66330866551112,-3.649163417011721,-2.390555246159889,-1.258608170851832,17.535431424721892,140.61821746826172,157.66275732924302,123.57367760728042,0.24242292596019213,0.008946353717336653,0.00890657218530681,0.34539528426067945,18288520.0,0.7719049983268192,1
2022-01-31,133.30430603027344,133.47473744678217,129.77882178469122,130.64897881203532,13985700,140.22321624755858,141.60550323486328,141.47920028686522,134.75109306108,138.26634550734536,-3.5152524462653503,-2.6154946861809814,-0.8997577600843689,22.04306565523393,140.22321624755858,157.57397454076857,122.87245795434858,0.24747340358500858,0.013573591258715823,0.013482295283945631,0.35053906597265444,18697510.0,0.7479979954550098,1
2022-02-01,135.591796875,135.8788651505945,133.0351617753094,133.3850176810847,14584900,139.7932273864746,141.40943145751953,141.48450469970703,134.8804321093754,138.0682307938383,-3.187798684462905,-2.7299554858373662,-0.4578431986255387,27.216910988679984,139.7932273864746,157.15614150268235,122.43031327026685,0.24840851650425033,0.017159917131312152,0.01701434868847465,0.34721300750768613,18770710.0,0.7770031075009949,0
2022-02-02,134.50637817382812,135.4034461742531,132.82886539324826,135.00873406395868,12441100,139.0356544494629,141.229638671875,141.4992761993408,134.82288535006043,137.80438985902273,-2.9815045089623027,-2.7802652904623537,-0.20123921849994897,24.390922717646674,139.0356544494629,155.90136650396133,122.16994239496448,0.24260988479942494,-0.008005046958500794,-0.00803725936998547,0.31223400003692897,18382975.0,0.6767729380037779,0
2022-02-03,133.3939666748047,136.04031370022906,133.02616562596538,134.5601574436161,12474900,138.35926361083983,140.96642486572264,141.50288932800294,134.6030517077134,137.47769184537697,-2.8746401376635617,-2.7991402599025954,-0.07549987776096634,23.714628327007958,138.35926361083983,154.9765385397249,121.74198868195475,0.24020473216197707,-0.008270325274730261,-0.008304714150853354,0.30864444512995187,18129750.0,0.6880900177884417,1
2022-02-04,136.85665893554688,137.69990484260524,133.45677805701527,133.75281206831244,16654400,137.77796173095703,140.70237548828126,141.53778457641602,134.94976051199546,137.43168940761177,-2.4819288956163064,-2.735697987045338,0.2537690914290316,41.310723333643914,137.77796173095703,153.70312462666683,121.85279883524724,0.23117141080671985,0.025958387377322145,0.025627187814303547,0.32315719194166626,18260095.0,0.9120653534387417,1
2022-02-07,137.314208984375,137.80758544696707,135.32271687632593,137.493619851515,12572300,137.14597778320314,140.4710186767578,141.56254104614257,135.31352181543846,137.42298715403868,-2.1094653386002165,-2.6104514573563136,0.5009861187560971,53.664540007147345,137.14597778320314,152.00407978235413,122.28787578405215,0.21667572376986946,0.003343279401871291,0.0033377030686618484,0.3202728769457384,18193045.0,0.6910497940284323,1
2022-02-08,139.8977508544922,142.1673317830876,138.86612813719293,139.0455389982661,20411400,136.6359962463379,140.38104034423827,141.59858505249022,136.01878782144672,137.6063029837019,-1.5875151622551869,-2.4058641983360882,0.8183490360809014,63.984096359741585,136.6359962463379,150.2723018688514,122.99969062382439,0.19960048592069285,0.0188148181402783,0.018640008717311574,0.33020242919148607,18567490.0,1.0993085225843666,1
2022-02-09,140.48081970214844,141.22537391331863,139.78110792940515,140.47184026392864,9131100,136.14754257202148,140.31520782470704,141.63450370788576,136.7052542646316,137.8192301480313,-1.1139758833996893,-2.1474865353488086,1.0335106519491193,68.25976628455251,136.14754257202148,148.35564760201933,123.93943754202364,0.17933639931164838,0.004167821455991039,0.00415916014566987,0.3309378592740595,18431340.0,0.49541161955668983,0
2022-02-10,139.8977508544922,142.6607219171673,139.242895051898,140.53467515269898,16455600,135.58732528686522,140.28051635742187,141.66318855285644,137.1964075861486,137.97319464480617,-0.7767870586575611,-1.8733466400105592,1.096559581352998,74.1019974051836,135.58732528686522,145.76550829225764,125.4091422814728,0.15013472658831795,-0.00415052281793693,-0.004159160145669939,0.3292996154396437,18625720.0,0.8834879940211707,0
2022-02-11,138.0767059326172,141.9071901534685,137.22449406398565,139.59275305387123,16830000,134.94547424316406,140.22616760253905,141.66972496032716,137.33183810098993,137.98086214760698,-0.6490240466170576,-1.6284821213318588,0.9794580747148012,68.34362955851456,134.94547424316406,142.27439563061816,127.61655285570995,0.1086204843631555,-0.01301697068574803,-0.013102433906961928,0.33081382370938683,18786050.0,0.8958775261430689,0
2022-02-14,136.79388427734375,137.86138354343666,134.84724864411163,137.00917180548444,17026500,134.7032669067383,140.08695251464843,141.67592834472657,137.24907597427512,137.89293786092082,-0.6438618866457091,-1.431558074394629,0.7876961877489199,62.26338756350614,134.7032669067383,141.39324664233385,128.01328717114274,0.09932913862033294,-0.009290644983227403,-0.009334072212596384,0.2540060730653091,17629455.0,0.9657984322260671,1
2022-02-15,138.79434204101562,139.88876593825424,138.01389737377,138.60595176538595,9500000,134.8580108642578,140.03982299804687,141.694116897583,137.48680921531212,137.95970854092783,-0.4728993256157139,-1.2398263246388461,0.7669269990231322,63.524282368033255,134.8580108642578,141.78402228674398,127.93199944177164,0.10271560996784375,0.014623883035706609,0.014517985234441642,0.21057795221927508,16488215.0,0.5761691001724565,1
2022-02-16,139.04551696777344,140.03229707958658,137.91521640274402,137.91521640274402,9076500,135.13027114868163,139.96436706542968,141.70421951293946,137.72661040799846,138.04013879476824,-0.3135283867697751,-1.054566737065032,0.7410383502952569,71.24067397213284,135.13027114868163,142.27282926977114,127.98771302759212,0.10571366519690717,0.0018096913971001882,0.0018080558785158085,0.20114527243904357,15823040.0,0.5736255485671528,0
2022-02-17,135.84298706054688,137.9062459914781,135.16122037658988,137.25139024977136,11367500,135.29936828613282,139.78187927246094,141.68932022094725,137.43682220069823,137.87738681445555,-0.44056461375731715,-0.9317663124034891,0.4912016986461719,59.60925329222447,135.29936828613282,142.33518587842983,128.2635506938358,0.10400370203381248,-0.0230322413628683,-0.023301627855289296,0.2172323715205145,15648375.0,0.7264332558492496,1
2022-02-18,136.4799041748047,138.27403990140297,135.5738705606135,136.47093842391266,11733300,135.61603240966798,139.6453012084961,141.66363693237304,137.28960404286846,137.77386958188882,-0.4842655390203561,-0.8422661577268625,0.35800061870650646,57.43693208862741,135.61603240966798,142.2330011538253,128.99906366551065,0.09758387156127439,0.0046886271278319125,0.004677669752343196,0.20570113424890757,15199770.0,0.7719393122395931,0
2022-02-22,136.23773193359375,137.46672457433567,134.92802013483595,135.09846526890644,11333500,135.92641983032226,139.5083383178711,141.63431907653808,137.1277775645185,137.66008160794104,-0.5323040434225277,-0.7802737348659956,0.24796969144346792,51.672984688151104,135.92641983032226,142.00019554067512,129.8526441199694,0.08936858217754565,-0.0017744168467525023,-0.001775992989090493,0.2059145945578911,14342875.0,0.7901832791542839,0
2022-02-23,133.3850555419922,137.5205399549585,132.7391654267396,137.35906058205904,11799000,136.02330474853517,139.3257373046875,141.590825881958,136.55197417643754,137.34341301046334,-0.7914388340257972,-0.7825067546979559,-0.008932079327841236,47.33932278673959,136.02330474853517,141.85317096540035,130.19343853166998,0.08571863810606273,-0.02093895979560234,-0.021161288850439466,0.21910477534064599,13987030.0,0.8435672190593715,0
2022-02-24,129.671142578125,130.06585456781542,125.39212569086091,128.2268629912127,25655100,135.8721481323242,139.1027426147461,141.54057266235353,135.49338469977405,136.775096682142,-1.2817119823679377,-0.8823478002319523,-0.39936418213598546,42.1371920269421,135.8721481323242,142.20087002168182,129.5434262429666,0.09315701527283053,-0.02784354625618446,-0.02823852683268664,0.23871767275581965,14234330.0,1.802339836156672,1
2022-02-25,132.73915100097656,134.67682113615314,129.994125153562,130.29912498368114,18367700,135.99145889282227,138.91952850341798,141.51046272277833,135.0696564384206,136.4761377427964,-1.4064813043758022,-0.9871745010607224,-0.41930680331507986,41.15615468970096,135.99145889282227,141.96190696877156,130.02101081687297,0.08780622142828438,0.023659916631050937,0.02338435879070201,0.24554838294244968,14275875.0,1.286625163081072,0
2022-02-28,127.20421600341797,130.1286520858781,126.37891527502128,128.77408464386312,31315300,135.7757137298584,138.64683883666993,141.43483158111573,133.85958867918941,135.78932872506468,-1.9297400458752634,-1.1756876100236306,-0.7540524358516327,32.17330544853918,135.7757137298584,142.667395747517,128.88403171219983,0.10151568094674701,-0.041697833350748725,-0.04259213670494276,0.28629391519757014,15135790.0,2.0689570878031476,0
2022-03-01,122.40492248535156,126.02010533055902,119.83034177659619,125.62539323134126,36840400,135.2307445526123,138.23411209106445,141.32414386749267,132.0973323416759,134.79789122582667,-2.70055888415078,-1.4806618648490608,-1.2198970193017193,21.390845949134857,135.2307445526123,144.3190013978999,126.14248770732469,0.13441110415171562,-0.0377290444362115,-0.038459209384547985,0.30756901942312537,16278525.0,2.263128876848486,1
2022-03-02,124.9436264038086,125.62539313674434,122.54845655427278,123.15845620666198,19405600,134.69833602905274,137.93725524902345,141.2232410430908,130.99676219738862,134.06794568345495,-3.0711834860663316,-1.798766189092515,-1.2724172969738166,26.116994290804712,134.69833602905274,144.87941469816775,124.51725735993772,0.15116858855508186,0.020740210989152352,0.020528061153588902,0.31109009586803693,16519560.0,1.1747044110133684,0
2022-03-03,124.05549621582031,126.46861071355515,122.95210668851387,125.44595400060012,16640800,134.17579193115233,137.67292907714844,141.12812065124513,129.9288751233012,133.32628275992647,-3.3974076366252746,-2.118494478599067,-1.2789131580262074,25.874331758320878,134.17579193115233,145.416042615787,122.93554124651766,0.16754513646399374,-0.007108247243584165,-0.007133631194815497,0.3109492873238224,16729545.0,0.9946953129926726,0
2022-03-04,120.56590270996094,121.48091566726798,118.77176717149028,121.05032697072203,21016000,133.53438873291014,137.30046691894532,141.0210164642334,128.48841782894115,132.38106942289198,-3.8926515939508306,-2.47332590166942,-1.4193256922814106,24.62300078856157,133.53438873291014,146.32023815640312,120.74853930941717,0.19149897707723354,-0.028129293842721004,-0.028532501726133055,0.3224685684012529,17156600.0,1.2249513306832356,0
2022-03-07,115.91015625,119.03194889429288,115.67690982175037,118.5654697259643,27560100,132.4870635986328,136.82401062011718,140.89186744689943,126.55330066295022,131.16100178045554,-4.607701117505314,-2.900200944836599,-1.7075001726687153,22.430177827323092,132.4870635986328,147.3843154370772,117.58981176018841,0.22488613505051858,-0.0386157807084232,-0.03938113795741222,0.3221206866721031,17701885.0,1.5569019909461619,0
2022-03-08,115.09380340576172,118.22456131978252,114.16981780725179,116.29587099273915,19207800,131.37604331970215,136.32124099731445,140.7505725479126,124.79030108492121,129.97083893788562,-5.180537852964406,-3.3562683264621604,-1.8242695265022455,17.701766939048895,131.37604331970215,147.97468232518798,114.7774043142163,0.25268897716904504,-0.0070429794131028345,-0.007067898263505779,0.31933587153085763,18033660.0,1.065108247577031,1
2022-03-09,119.7047348022461,121.3194596524537,118.80766696192731,119.22031050309934,17536200,130.36639251708985,135.8946383666992,140.62845489501953,124.00790627220196,129.2103867796901,-5.202480507488147,-3.725510762667358,-1.476969744820789,26.442353888389036,130.36639251708985,147.23684272354564,113.49594231063406,0.2588159399170952,0.04006237746986763,0.03928068969106398,0.35087250490316996,17889900.0,0.9802290677980313,0
2022-03-10,118.28736114501953,119.71369566776154,116.90588275009681,118.28736114501953,15604200,129.2567195892334,135.4311280822754,140.50669734954835,123.12782240648158,128.40127376971452,-5.273451363232937,-4.035098882780474,-1.2383524804524626,27.64454506928871,129.2567195892334,146.24514481143837,112.26829436702843,0.26286332000676954,-0.011840581406976747,-0.011911239399324994,0.3483858684286211,18213555.0,0.8567355466848728,0
2022-03-11,115.62309265136719,120.27887770827775,115.20146960113092,118.85254288973613,20061800,128.04298667907716,134.91575912475585,140.3717065048218,121.97324859800246,127.45474183502212,-5.481493237019663,-4.324377753628312,-1.157115483391351,24.744791341400727,128.04298667907716,145.2968960473358,110.78907731081854,0.2695018261562935,-0.022523695413121714,-0.022781228248267997,0.3515516096052759,18393865.0,1.0906788758099508,1
2022-03-14,116.7713394165039,119.23827640592145,115.92809331001376,116.13442880461204,15786900,126.97771835327148,134.42478118896486,140.23135246276854,121.1729548777719,126.66337869290966,-5.49042381513776,-4.557586965930202,-0.9328368492075576,26.934555583900845,126.97771835327148,144.25405552081824,109.70138118572471,0.2721160435326353,0.009930946654393535,0.009881958866741777,0.3576740452020626,18341710.0,0.860710369970957,1
2022-03-15,118.84355926513672,119.80342855069624,117.63252573451514,118.23355962390583,15096600,126.08020210266113,133.97756576538086,140.101844291687,120.81458632198186,126.08413280937093,-5.269546487389064,-4.699978870221975,-0.5695676171670891,32.44531889108687,126.08020210266113,143.0720756734817,109.08832853184057,0.26954070960300147,0.01774596282775809,0.017590341630870903,0.3691733868134947,18245215.0,0.8274279036996823,1
2022-03-16,124.15418243408203,124.23492894194467,120.59282204712015,120.98753408318174,20354900,125.34819412231445,133.5768179321289,139.99091339111328,121.32837033922804,125.9411735223125,-4.612803183084452,-4.68254373279447,0.06974054971001831,43.58708170132354,125.34819412231445,141.26099187888977,109.43539636573914,0.2538975191145977,0.04468583069863685,0.04371619973559213,0.40585798275993507,18787960.0,1.0834012846525114,1
2022-03-17,125.72406005859375,125.759950439783,121.92946669393392,122.77271270567384,17050500,124.68212127685547,133.09814239501952,139.88778778076173,122.00463029605353,125.92509104351852,-3.920460747464986,-4.5301271357285735,0.6096663882635873,41.551400831810504,124.68212127685547,139.23824091925354,110.1260016344574,0.23349169060215694,0.012644581066330263,0.012565305919056495,0.4101563437243798,19186660.0,0.8886643115581346,0
2022-03-18,125.67919921875,126.35200004178792,124.20800863323379,125.75993203235427,23656500,124.17393188476562,132.6732907104492,139.78395301818847,122.569948591853,125.9068768342764,-3.3369282424233973,-4.291487357067538,0.954559114644141,47.8834628080429,124.17393188476562,137.7672510694864,110.58061270004485,0.21893998165952389,-0.00035681984675683953,-0.0003568835221058953,0.4045783276025364,19801110.0,1.1947057513442427,0
2022-03-21,125.27552032470703,126.27126619008537,124.45021954168062,125.90347877298659,12676100,123.61371269226075,132.2091471862793,139.67691020965577,122.98619039690746,125.8601096854194,-2.8739192885119422,-4.007973743356419,1.1340544548444766,54.537690004575616,123.61371269226075,135.93568009232223,111.29174529219927,0.1993624676695426,-0.003211978565684115,-0.0032171480413019106,0.40340905869182797,19848250.0,0.6386507626616956,1
2022-03-22,127.9397964477539,129.11495299474316,127.13244095860372,127.6258309522699,13548600,123.19881591796874,131.7688653564453,139.58662590026856,123.74828363549922,126.01416055670344,-2.2658769212042245,-3.65955437892598,1.3936774577217554,54.717459817131974,123.19881591796874,134.22131000077843,112.17632183515906,0.17893831203944288,0.02126733232591027,0.02104433872581621,0.4132417277100448,19959005.0,0.6788214141937436,0
2022-03-23,125.39217376708984,127.0158647841684,124.87187264375336,126.46865271377766,12093200,122.79917182922364,131.27476119995117,139.48651180267333,124.00118980959009,125.96808746117651,-1.9668976515864216,-3.321023033458068,1.3541253818716465,52.000075801526954,122.79917182922364,132.79875148459308,112.79959217385421,0.16286070185026683,-0.0199126679219348,-0.020113596922595973,0.41266038936936617,19973715.0,0.6054557201802468,1
2022-03-24,126.20848083496094,126.22642602505044,124.79111195761716,125.85862491314737,10017600,122.62603874206543,130.79393295288085,139.3995569229126,124.34077304426253,125.98589437775314,-1.6451213334906072,-2.985842693464576,1.3407213599739687,59.17719618430829,122.62603874206543,132.2369971005976,113.01508038353326,0.1567523253156385,0.006510032032679636,0.006488933293619804,0.4028699160642554,19191840.0,0.5219718380311632,1
2022-03-25,127.31184387207031,128.4421442244069,126.30713244777115,126.56727605293199,8383500,122.35467338562012,130.31812789916992,139.32931118011476,124.79786086392527,126.08411285881367,-1.2862519948884028,-2.6459245537493414,1.3596725588609386,70.96669105977584,122.35467338562012,131.02366130355648,113.68568546768375,0.14170260404544868,0.008742384266174685,0.008704390899346295,0.39412147807341097,18692630.0,0.44849226673828135,0
2022-03-28,126.36995697021484,126.45966923993925,123.70566407981248,125.5895122386606,10818100,122.31296043395996,129.8272525024414,139.2548406982422,125.03972180335444,126.10528649669524,-1.0655646933408036,-2.329852581667634,1.2642878883268303,70.64054931678947,122.31296043395996,130.89125076764174,113.7346701002782,0.14026788826378575,-0.007398266125199893,-0.00742576902919382,0.3658512492034212,17667770.0,0.6123070427111061,1
2022-03-29,126.64803314208984,128.81894939581042,125.80480085682807,128.59468243216045,11316500,122.52511596679688,129.52745254516603,139.1937462234497,125.28715431700604,126.14548995190965,-0.8583356349036109,-2.0355491923148294,1.1772135574112186,65.10550108784199,122.52511596679688,131.32012361702624,113.7301083165675,0.1435625272554361,0.002200492732149506,0.002198075193884727,0.3377213819567925,16391575.0,0.6903851521284562,0
2022-03-30,126.07392883300781,127.49129789463039,125.50878530932087,127.2939418424949,8771000,122.58163108825684,129.33494186401367,139.14031284332276,125.40819655023708,126.14018912828729,-0.7319925780502103,-1.7748378694619056,1.0428452914116952,67.58530830430307,122.58163108825684,131.45624015353783,113.70702202297585,0.14479508857067522,-0.004533069285315494,-0.004543374799421124,0.33088713696111577,15859845.0,0.5530318865033044,0
2022-03-31,122.28829956054688,125.90348200973193,122.23446398986555,125.43700288101368,17353900,122.49327125549317,129.10870162963866,139.0631483078003,124.92821239797705,125.85486397512133,-0.926651577144284,-1.6052006109983814,0.6785490338540974,64.32713993143614,122.49327125549317,131.34124306665063,113.64529944433572,0.14446461785974504,-0.03002705878608114,-0.03048710352955334,0.34759877137065803,15895500.0,1.0917492372054984,0
2022-04-01,121.38226318359375,123.26611137030076,120.02769549501501,123.25713193029321,15721300,122.53408927917481,128.88712600708007,139.00132701873778,124.38268174961038,125.52356021278595,-1.140878463175568,-1.512336181433819,0.371457718258251,60.01566410536779,122.53408927917481,131.35210483068607,113.71607372766354,0.14392754870721391,-0.0074090193437069685,-0.007436602454511644,0.3332312522697402,15630765.0,1.005792102945697,1
2022-04-04,121.92049407958984,122.84447286473839,119.21134535543628,120.31473497192229,17416400,122.8346061706543,128.72260345458983,138.95911781311034,124.00388364653031,125.2566664251418,-1.2527827786114898,-1.4604255008693532,0.2076427222578634,57.16080036192848,122.8346061706543,131.09410079033415,114.57511155097444,0.1344815582052655,0.004434180759852913,0.004424378745600928,0.2994556485207499,15123580.0,1.1516056383475342,0
2022-04-05,120.50167083740234,122.3633264137418,120.20344245046942,121.16139444620825,12110300,123.10499954223633,128.53203720092773,138.89875415802,123.46508167589525,124.90444452975369,-1.4393628538584409,-1.4562129714671708,0.016850117608729898,39.619284276991394,123.10499954223633,130.61782019602168,115.59217888845099,0.12205549216882551,-0.011637282582379394,-0.011705525715060752,0.3018721959085748,14768705.0,0.8199974202206626,0
2022-04-06,118.82981872558594,119.79678927742331,118.35084955502109,118.91114999085892,12914700,123.06125373840332,128.27968643188476,138.8310005569458,122.75196429892459,124.45447224796348,-1.702507949038889,-1.5054719669815146,-0.19703598205737438,30.51896143899458,123.06125373840332,130.66705276064124,115.45545471616542,0.12360997131405616,-0.013874099007907592,-0.013971243898047473,0.2720209181334537,14537630.0,0.8883635090451469,0
2022-04-07,118.46829223632812,119.2183792164561,116.33551895235917,118.34177237158552,12994200,123.07030029296875,127.99516677856445,138.7574295425415,122.0929378277559,124.01105150636086,-1.9181136786049535,-1.5880003093062025,-0.330113369298751,29.982395738379324,123.07030029296875,130.65258514795315,115.48801543798436,0.12321875930967538,-0.003042388628839765,-0.0030470261015088903,0.26881326096302566,14407130.0,0.9019284201641826,1
2022-04-08,120.6372299194336,121.00774354023187,118.8297952808065,118.9924577792596,13126900,123.32100715637208,127.80085266113281,138.6885782623291,121.86898276493709,123.7611387962181,-1.8921560312810186,-1.648831453701166,-0.2433245775798527,38.27332950642088,123.32100715637208,130.16181825576348,116.48019605698066,0.11094315976056218,0.018308170415580305,0.018142593747287144,0.26199731970460266,14060385.0,0.9336088592168706,0
2022-04-11,120.19441223144531,121.91146974746992,119.80582037483363,120.19441223144531,10466400,123.49216079711914,127.57435852050781,138.61072669982912,121.61135652901527,123.49693682845715,-1.8855802994418838,-1.6961812228493096,-0.18939907659257416,27.939932125074478,123.49216079711914,129.79296918820316,117.19135240603512,0.10204386011894943,-0.003670655305033188,-0.003677408691518421,0.2611581235325897,13794360.0,0.7587448783415831,0
2022-04-12,118.87495422363281,121.62226222927445,118.11583508640162,119.4171900585866,12989900,123.49373054504395,127.285771484375,138.52504402160645,121.19037155895643,123.15456774661831,-1.9641961876618836,-1.7497842158118246,-0.214411971850059,30.041649162927996,123.49373054504395,129.78967638122188,117.19778470886601,0.10196381319748875,-0.010977698408073722,-0.011038397975720543,0.2574425807410879,13689025.0,0.948928064635721,0
2022-04-13,115.043212890625,116.80545883465285,113.87741676810822,114.71787411714051,30838000,123.03818206787109,126.8747998046875,138.42103996276856,120.2446548407516,122.55372664617437,-2.309071805422775,-1.861641733734015,-0.44743007168876003,21.13796702347453,123.03818206787109,130.3667060090956,115.7096581266466,0.11912601142272876,-0.0322333779897771,-0.03276431373778669,0.22344778947994487,14213180.0,2.1696763145193403,0
2022-04-14,113.97684478759766,115.94694906137566,112.98275009844885,114.32025492896564,18835200,122.4508213043213,126.4642091369629,138.30553493499755,119.2803763710356,121.91840206405757,-2.638025693021973,-2.0169185255916067,-0.6211071674303663,15.463191918776772,122.4508213043213,130.6983541333862,114.2032884752564,0.13470767678344425,-0.009269283047937615,-0.009312510182441832,0.2155771223031444,14302415.0,1.3169244494723444,1
2022-04-18,116.09153747558594,116.79643590922333,113.45267755927001,113.57015833327083,11834400,121.97143821716308,126.11816055297851,138.1938172531128,118.78978577173564,121.48678246491153,-2.6969966931758904,-2.1529341591084634,-0.544062534067427,24.904112355171932,121.97143821716308,130.53728771092995,113.40558872339624,0.1404566449157688,0.018553704411884198,0.018383684221341984,0.23067391886258767,13711310.0,0.8631122773826863,1
2022-04-19,118.49541473388672,118.67616923591996,115.88367213924273,116.08249105977335,15015400,121.63243293762207,125.75093566894532,138.09478370666503,118.74449791975889,121.26519967002079,-2.5207017502619067,-2.2264876773391524,-0.29421407292275426,31.966501550579125,121.63243293762207,130.18435155834686,113.08051431689728,0.14061905059665383,0.02070673978976556,0.020495269510997338,0.24663640762949984,13828275.0,1.085847656341807,1
2022-04-20,118.91111755371094,120.65528522929962,118.69422044918124,119.7606139760803,13430200,121.18099899291992,125.38287384033202,138.00944023132325,118.77013170959766,121.0908232169608,-2.3206915073631365,-2.2453284433439493,-0.07536306401918713,34.044130493453096,121.18099899291992,129.2717943255615,113.09020366027835,0.13353240854392173,0.003508176419803277,0.0035020371232075726,0.23136581077096222,13822355.0,0.9716289300918693,0
2022-04-21,117.98933410644531,120.02269812837983,117.4471119743755,119.4895082054732,12174200,120.8108570098877,124.94470550537109,137.91869033813475,118.65000900142037,120.86108328284854,-2.211074281428168,-2.238477610960793,0.027403329532625254,39.02308550660943,120.8108570098877,128.76668550307346,112.85502851670194,0.13170717748545765,-0.007751869347702223,-0.0077820712690384874,0.2238650025560001,13826405.0,0.8805036450183543,0
2022-04-22,114.60038757324219,117.95318479344604,114.4919459109022,117.73628767913453,14318800,120.23045234680175,124.42709686279296,137.82274002075195,118.02699032016218,120.39732804509991,-2.370337724937727,-2.26484963375618,-0.105488091181547,34.63188330027745,120.23045234680175,128.22190079623226,112.23900389737123,0.13293551331536838,-0.02872248206897876,-0.029143045211525314,0.23858246255958088,14041465.0,1.0197511442004092,0
2022-04-25,114.56425476074219,114.88056137486855,111.25665257553551,113.87743448304614,17149000,119.59307289123535,123.92042694091796,137.70520301818848,117.4942617725591,119.9652485425549,-2.470986769995804,-2.3060770610041046,-0.16490970899169932,32.94218049925324,119.59307289123535,127.23210103639545,111.95404474607525,0.12775034473957297,-0.00031529398167962075,-0.00031534369727735624,0.23393255872590574,14479740.0,1.1843444702736374,0
2022-04-26,111.17529296875,114.23890078693036,111.03974089721517,112.63931739466504,17209500,118.83333969116211,123.38239868164062,137.5608381652832,116.52211272581923,119.31414072227307,-2.7920279964538395,-2.4032672480940516,-0.3887607483597879,30.18429945167614,118.83333969116211,126.65468750285768,111.01199187946654,0.1316355802508387,-0.029581319226225977,-0.030027670946311147,0.24948603607192302,14799310.0,1.1628582683922426,0
2022-04-27,109.72935485839844,111.66330936313132,109.54861415311751,110.55174092550332,17215200,117.98740577697754,122.84110809326172,137.41965850830078,115.47707305390834,118.60415658420828,-3.1270835302999416,-2.54803050453523,-0.5790530257647117,30.476876342114906,117.98740577697754,125.90906243411627,110.06574911983881,0.1342796988368813,-0.013005930290266865,-0.013091247966165816,0.24847825597579254,15094245.0,1.1405141495980753,1
2022-04-28,111.4645004272461,111.74465750876819,109.47632491193721,110.98553131004637,13015600,117.25693435668946,122.29451126098633,137.28950351715088,114.859754188268,118.07529316517405,-3.2155389769060463,-2.681532199009393,-0.5340067778966531,35.81108422055178,117.25693435668946,124.71996223195548,109.79390648142343,0.12729358679229805,0.01581295698937435,0.015689234756871055,0.26134906324175144,15306475.0,0.8503329473311131,0
2022-04-29,107.86770629882812,111.7085051378511,107.45199713421772,111.2024256148152,14874800,116.53590469360351,121.67095504760742,137.13985759735107,113.78405451296956,117.3191756195188,-3.5351211065492407,-2.852249980517363,-0.6828711260318778,25.545144393387062,116.53590469360351,124.70523142325675,108.36657796395028,0.1402027426848755,-0.03226851701332145,-0.03280062379508666,0.26418677610440755,15182520.0,0.9797319549060367,1
2022-05-02,108.85272979736328,109.08769819087843,106.83744437993491,108.33761128895898,18545000,115.909428024292,121.13114990234375,137.01087013244629,113.02538917210705,116.69203148454432,-3.6666423124372614,-3.0151284469013424,-0.651513865535919,28.721498089256585,115.909428024292,124.4281324823043,107.39072356627969,0.14698898274654554,0.0091317738397656,0.009090331297918731,0.26958705706406894,15323705.0,1.210216458748064,1
2022-05-03,111.18434143066406,112.21457862994093,109.15097744869927,109.82876544268754,15720900,115.3726203918457,120.62523864746093,136.91543434143065,112.7421510580389,116.28405444351614,-3.541903385477241,-3.1204834346165224,-0.4214199508607184,36.09931910349363,115.3726203918457,123.64597427569441,107.09926650799699,0.14341971007938478,0.02141987286530367,0.021193691538414522,0.2840703896352119,15238930.0,1.0316275486533504,1
2022-05-04,114.86247253417969,115.13359049410413,110.92226438022381,110.97649210909837,17128500,115.09066047668458,120.19773345947266,136.82624572753906,113.06835436206055,116.1787520798616,-3.1103977178010496,-3.1184662912534282,0.008068573452378658,49.671489990498316,115.09066047668458,123.0045774761507,107.17674347721845,0.1375249210785327,0.03308137689343016,0.03254596427910341,0.31202856732710105,15489840.0,1.1057893432081933,0
2022-05-05,111.9886474609375,113.95875147359433,110.39810995874578,113.19059313864258,15055400,114.74860191345215,119.76980529785156,136.70872756958008,112.90224560804162,115.8683739599413,-2.9661283518996697,-3.087998703382677,0.12187035148300707,46.60908904717948,114.74860191345215,122.57290938143805,106.92429444546624,0.13637303352745508,-0.025019704084700223,-0.02533801750614214,0.3199620504614063,15596875.0,0.9652831095972751,0
2022-05-06,111.80790710449219,112.32302569727985,109.51246430133546,111.88020614431191,14417900,114.41558265686035,119.4125405883789,136.59885925292969,112.73388583826478,115.56759863731543,-2.8337127990506445,-3.037141522516271,0.20342872346562624,42.17819315961075,114.41558265686035,122.13960592382126,106.69155938989944,0.13501698086222666,-0.0016139167723081549,-0.0016152205389515192,0.3199859080149822,15668060.0,0.9202096494396881,0
2022-05-09,110.12699127197266,111.45545681268602,108.89793518633415,110.35292059808538,14312300,113.8900707244873,118.96029739379883,136.4818716812134,112.3328251357583,115.16459068432708,-2.8317655485687823,-2.9960663277267736,0.16430077915799135,34.30507787750112,113.8900707244873,121.25352827720835,106.52661317176626,0.12930815664403378,-0.015033962051973604,-0.015148117645053189,0.31276496787741737,15727330.0,0.9100273218658221,0
2022-05-10,107.44295501708984,111.86213229989619,106.24100928876732,111.25664333112601,16382400,113.25249786376953,118.56507217407227,136.34698768615723,111.58053742519391,114.59261767193914,-3.012080246745228,-2.9992691115304644,-0.012811135214763514,30.178083467114178,113.25249786376953,120.52520104505567,105.9797946824834,0.1284334265198178,-0.024372192719351093,-0.024674110298874823,0.3206895709038225,16023130.0,1.0224219612522647,0
2022-05-11,106.76517486572266,111.05783258734287,106.58443414063375,107.81349037672508,14630300,112.64700889587402,118.25227722167969,136.20960117340087,110.83971241604448,114.01280709370089,-3.173094677656408,-3.0340342247556533,-0.13906045290075486,30.43479648596538,112.64700889587402,119.96503295018103,105.32898484156702,0.12992842199780846,-0.006308279135280537,-0.0063282604040425326,0.32003961204091236,16105150.0,0.908423702976998,0
2022-05-12,106.6748046875,106.92784446098837,104.26188083982865,105.73493774681695,16318800,112.22858848571778,117.88690078735351,136.0706548690796,110.1989573808838,113.46925135990823,-3.27029397902443,-3.0812861756094088,-0.18900780341502132,34.38948990718045,112.22858848571778,119.91730787825472,104.53986909318084,0.13701890928647661,-0.0008464387225171066,-0.0008467971540470856,0.3038104034859386,15379190.0,1.0610961955733689,1
2022-05-13,107.62369537353516,108.67201080389951,106.60249725518328,107.91289154313871,10443200,111.91093101501465,117.55826477050782,135.93069152832032,109.80276322590709,113.03624721276948,-3.233483986862396,-3.1117257378600063,-0.12175824900238963,36.804099156559424,111.91093101501465,119.81740328864845,104.00445874138086,0.14129937445651336,0.008895171533849,0.008855842548853068,0.30614358404954317,14959590.0,0.6980939985654687,0
2022-05-16,106.87361145019531,107.958069468724,105.94278372024193,107.12665119486428,10269000,111.45003471374511,117.2844189453125,135.79238479614258,109.3521244911822,112.57975567480104,-3.22763118361884,-3.1349068270117733,-0.09272435660706657,40.90910556678824,111.45003471374511,119.40493460229077,103.49513482519946,0.1427527574841496,-0.0069695053745969515,-0.006993905815943439,0.2958911329765783,14881320.0,0.6900597527638678,1
2022-05-17,110.41619110107422,111.1301286672963,109.17809579334987,109.38595382698577,11160200,111.04607353210449,117.17453964233398,135.67449436187744,109.5158270465502,112.41949163230275,-2.9036645857525514,-3.0886583787599293,0.18499379300737795,51.3333556484959,111.04607353210449,118.28267368449531,103.80947337971367,0.13033509285312372,0.03314737476172769,0.0326098467202582,0.3124782635340928,14688560.0,0.7597885701525541,0
2022-05-18,108.52741241455078,110.2264054321231,108.02133290879706,109.62091646705117,12664900,110.52688827514649,117.04321182250976,135.5395369720459,109.36376325701184,112.13118946802483,-2.767426211012989,-3.0244119452105416,0.2569857341975528,44.332038287194,110.52688827514649,116.81544903641739,104.23832751387559,0.11379241484870377,-0.017105993855506818,-0.01725399156173831,0.31504270548983165,14650295.0,0.8644808858797723,0
2022-05-19,106.91878509521484,108.1297697893354,106.3042570925601,106.81034343845045,12765800,109.97336082458496,116.78749282836914,135.40384914398194,108.98761277058153,111.74508544040927,-2.7574726698277345,-2.97102409013398,0.21355142030624563,48.01658467352911,109.97336082458496,115.38379793369732,104.56292371547259,0.09839541264438363,-0.014822313400335574,-0.014933261591847408,0.31704230358370666,14679875.0,0.8696123093691193,0
2022-05-20,106.04218292236328,108.14784585136711,103.94555909675869,107.95806604887714,13150100,109.54545059204102,116.54258926391601,135.25531349182128,108.5344697170095,111.32264821685031,-2.788178499840811,-2.934454972075346,0.14627647223453533,44.0987064648563,109.54545059204102,114.76542399294506,104.32547719113698,0.09530242237706024,-0.008198766681373315,-0.008232561412423319,0.30456277397272363,14621440.0,0.8993710605795325,1
2022-05-23,112.6031723022461,114.3834964563956,108.85274419152519,108.8617832949212,24376700,109.44739646911621,116.4821908569336,135.12030376434325,109.16042396089206,111.41750185280554,-2.2570778919134824,-2.7989795560429735,0.5419016641294911,52.529800164165145,109.44739646911621,114.33341423212391,104.56137870610851,0.08928522597404011,0.061871504330369254,0.06003292146017752,0.38349232791502263,14982825.0,1.6269762211065002,1
2022-05-24,114.19373321533203,115.21493141308116,111.25665161389823,112.38629838368045,19324900,109.59831848144532,116.43063873291015,134.99400047302245,109.9347792308059,111.6231486204001,-1.6883693895942002,-2.576857522753219,0.8884881331590186,48.711722264763246,109.59831848144532,114.87954825501633,104.3170887078743,0.09637428469242637,0.014125365036933513,0.014026531685630245,0.37084117722643456,15088595.0,1.2807620590253765,1
2022-05-25,114.98897552490234,115.54928267555495,113.11828118160675,114.12140783328273,12780400,109.86129951477051,116.35354705810546,134.86311962127687,110.71234789143612,111.87246913184471,-1.1601212404085857,-2.2935102662842923,1.1333890258757067,56.28309433356947,109.86129951477051,115.66770115391014,104.05489787563087,0.10570422277517269,0.006963975055187532,0.006939838573351312,0.36716886327410453,14866855.0,0.8596572711578878,1
2022-05-26,116.97718048095703,117.65496851947651,115.86561195888231,116.01019626031209,15990900,110.13693351745606,116.21000701904296,134.73375930786133,111.67616828982395,112.25059589844562,-0.5744276086216757,-1.949693734751769,1.3752661261300934,60.06334940288004,110.13693351745606,116.7334070835959,103.54045995131621,0.1197867664455057,0.017290396292156895,0.01714261838389334,0.3679110259793337,15015620.0,1.0649510309930592,1
2022-05-27,118.6309814453125,118.6309814453125,116.7060590600973,117.62785462635095,11177800,110.67509727478027,116.06814544677735,134.60987594604492,112.74613954451449,112.7232170500654,0.02292249444909089,-1.5551704889115971,1.578092983360688,66.57274845332313,110.67509727478027,118.18503462266852,103.16515992689202,0.13571142077684997,0.01413780839609724,0.014038801650718477,0.3456679167103621,14830770.0,0.753689794933102,1
2022-05-31,119.49853515625,120.32995342054403,117.22117748043095,117.64591192652784,17015000,111.2073875427246,115.94453216552735,134.4983521270752,113.78496963862766,113.22509246533834,0.5598771732893226,-1.1321609564714132,1.6920381297607359,75.28428537826045,111.2073875427246,119.62743103982667,102.78734404562253,0.15142957105915625,0.007313045044118116,0.0072864343880698025,0.34543900522282445,14754270.0,1.1532254730325526,0
2022-06-01,117.40193939208984,120.07693537095258,116.28132476927026,120.07693537095258,10768000,111.5182674407959,115.787060546875,134.38099872589112,114.34142652377568,113.5344885339866,0.8069379897890769,-0.7443411672193152,1.5512791570083921,71.05549467610184,111.5182674407959,120.38215508274104,102.65437979885075,0.15896745610132265,-0.017544949495981288,-0.017700686408425727,0.34839774159098613,14506625.0,0.7422815437774121,1
2022-06-02,119.29069519042969,119.29972740003987,116.2813146342788,117.39288316018329,8374800,111.7396785736084,115.61407852172852,134.28159832000733,115.10285247249168,113.96087421224165,1.1419782602500277,-0.3670772817254466,1.5090555419754743,73.31331331331332,111.7396785736084,121.15910823826133,102.32024890895548,0.1685959685027711,0.016087943760723755,0.01595990422990168,0.33382170653958215,14068940.0,0.5952687267128867,0
2022-06-03,117.62785339355469,119.08283887626558,117.47422309906129,118.57675936743264,8596000,112.02163887023926,115.45879211425782,134.18022136688234,115.49131415265522,114.23250229974632,1.2588118529089058,-0.0418994547985761,1.300711307707482,68.0117383680185,112.02163887023926,121.80309767071589,102.24018006976263,0.17463516690390546,-0.01393940905634361,-0.014037475006238248,0.32405696106295107,13745970.0,0.6253469198608755,0
2022-06-06,117.23924255371094,119.6431339034861,116.99524880898599,118.46829864467907,11323500,112.2932056427002,115.27940734863282,134.08266269683838,115.7602262143561,114.45522380003999,1.3050024143161068,0.2274809190243605,1.0775214952917462,68.90866073789543,112.2932056427002,122.34746040010982,102.23895088529058,0.17907147097395587,-0.003303731460129189,-0.003309200830452361,0.3244074496993858,13591250.0,0.8331463257610595,1
2022-06-07,117.54651641845703,117.77244574458803,116.2361152951919,116.42590199657988,6722200,112.66418190002442,115.08410079956055,133.98469047546388,116.03504009191009,114.68420843844125,1.3508316534688447,0.4521510659132574,0.8986805875555873,64.74765447870853,112.66418190002442,122.927253213074,102.40111058697484,0.18218871588055893,0.0026209130838192873,0.002617484480530363,0.3176847222310181,13211745.0,0.508804855074027,0
2022-06-08,115.67581176757812,116.98619906483145,114.68172413916363,116.57952904701233,8422100,113.07582473754883,114.8702178955078,133.868589553833,115.97977419585902,114.75766053689583,1.2221136589631953,0.606143584523245,0.6159700744399503,64.79609932717942,113.07582473754883,123.1151182068375,103.03653126826016,0.17756745958015446,-0.015914590307545384,-0.016042587228711,0.3091642307944324,12813730.0,0.6572715360788779,0
2022-06-09,113.24481201171875,115.76619098655297,113.20866249254672,115.10647432759116,13560100,113.39980659484863,114.6021534729004,133.7360348510742,115.55901078291436,114.645597683179,0.9134130997353509,0.6675974875656663,0.24581561216968462,62.66282388005179,113.39980659484863,122.98977046601433,103.80984272368292,0.1691354537389722,-0.02101562737025664,-0.021239599163561884,0.3198136795786577,12760220.0,1.0626854395927343,0
2022-06-10,108.03941345214844,111.51872391904678,107.83155542504012,110.78670816689691,12945200,113.46803703308106,114.2414631652832,133.56304946899414,114.40214965510421,114.15625070310266,0.24589895200155354,0.5832577804528438,-0.3373588284512903,53.40736716356055,113.46803703308106,122.87419671283838,104.06187735332374,0.1657939967184768,-0.04596588989022865,-0.04705585334099386,0.36428304787168125,12591540.0,1.0280871124580473,0
2022-06-13,104.8221435546875,106.59342822736204,103.98168638346196,105.60837990674177,16805600,113.32795944213868,113.89214004516602,133.37029914855958,112.92830256273241,113.46483535877562,-0.536532796043204,0.35929966515363426,-0.8958324611968382,35.01562826445897,113.32795944213868,123.17374881309344,103.48217007118392,0.17375746319656765,-0.029778668678962172,-0.030231056893407496,0.37858776993305,12909660.0,1.3017848649770791,0
2022-06-14,103.07801055908203,106.02413138858994,102.31889120751269,104.42455452931627,13357900,113.138179397583,113.52605499267578,133.16306674957275,111.41287302370928,112.69544092916868,-1.282567905459402,0.030926151031027027,-1.313494056490429,28.71968750237346,113.138179397583,123.63274404991779,102.64361474524821,0.18551765121578376,-0.016638974709532905,-0.016778957400564128,0.38213229893873096,13064105.0,1.0224887200462642,1
2022-06-15,104.29801940917969,105.68973801718992,102.2736876442601,104.4877992193629,14083500,112.83227081298828,113.17360549926758,132.97350162506103,110.3182801599355,112.0734097054658,-1.755129545530309,-0.32628498828124025,-1.428844557249069,29.860419847119786,112.83227081298828,123.99624550125584,101.66829612472073,0.19788620060250453,0.011835781884812047,0.011766286833122318,0.3635135090866402,13210270.0,1.0661023582409745,0
2022-06-16,102.50865173339844,103.2587387333875,101.09885497761422,102.89725044105892,16724900,112.53133277893066,112.8137451171875,132.7771611404419,109.11679886354517,111.36490911494231,-2.2481102513971365,-0.7106500409044195,-1.5374602104927169,22.538519394440172,112.53133277893066,124.480762208642,100.58190334921932,0.21237515160664028,-0.017156295833013258,-0.017305170289453154,0.36354017671457406,13413270.0,1.2468920703154414,0
2022-06-17,102.14716339111328,103.59310966490476,101.36093376761,102.60806113597721,30919900,112.29275169372559,112.48009201049804,132.5800326538086,108.0445472524018,110.68211313539942,-2.6375658829976203,-1.0960332093230598,-1.5415326736745605,17.09948423702255,112.29275169372559,124.88714448319126,99.69835890425992,0.22431354828344438,-0.003526417879588406,-0.003532650347624219,0.3607040291246956,14320975.0,2.1590638905521446,1
2022-06-21,104.67757415771484,105.76203213537997,103.96363667940597,104.7137236762791,11680500,112.22452125549316,112.20427764892578,132.39227657318116,107.52655139168073,110.23733247038574,-2.7107810787050113,-1.4189827831994501,-1.2917982955055611,22.25979090311155,112.22452125549316,124.97530804094532,99.473734470041,0.22723708941334492,0.024772207887093556,0.02447035168453261,0.37204226737514473,14247495.0,0.8198283277165564,0
2022-06-22,104.09016418457031,105.01195284374018,103.3762266538764,103.81904622285296,9842700,111.79887084960937,111.87333633422851,132.2058823776245,106.99787643674067,109.78198667143644,-2.784110234695774,-1.6920082734987152,-1.0921019611970588,23.592645295609955,111.79887084960937,125.05479703424784,98.5429446649709,0.23713882052476534,-0.005611612399992194,-0.005627416649469504,0.2904231111028896,13520795.0,0.72796754924544,0
2022-06-23,102.95147705078125,104.09016282234957,100.74641144394799,103.93653253030116,11851500,111.23675804138183,111.52847763061523,132.0150355911255,106.37535345428537,109.27602299583235,-2.900669541546975,-1.9337405271083672,-0.9669290144386078,16.592758150995508,111.23675804138183,125.0085032994863,97.46501278327736,0.24761141012364216,-0.010939430662920024,-0.010999706224509433,0.2834929900873592,13147125.0,0.9014518383296728,1
2022-06-24,106.02410888671875,106.47596751765342,101.96642031147374,102.3279085951846,14841100,110.78851470947265,111.27146072387696,131.84269863128662,106.32131582850589,109.03514046923134,-2.7138246407254485,-2.0897573498317836,-0.6240672908936649,27.568111600313614,110.78851470947265,124.6294435563158,96.9475858626295,0.24986216094942787,0.029845437131726715,0.029408729944101937,0.30697936044276164,13250160.0,1.1200694935004558,0
2022-06-27,105.17460632324219,107.09048928885558,104.50585751899082,106.69285151047174,11280500,110.19838600158691,111.0740885925293,131.66305629730223,106.14489898154224,108.74917497693583,-2.604275995393593,-2.1926610789441456,-0.41161491644944714,27.08546103936,110.19838600158691,123.93435548919558,96.46241651397824,0.24929529344306126,-0.008012352778972276,-0.00804462417295355,0.29681563189163207,13014640.0,0.8667546701253358,0
2022-06-28,104.66853332519531,107.80443333697768,104.4697144237843,106.34040888598204,11590900,109.50026359558106,110.88792236328125,131.48899394989013,105.91776580364271,108.44690522495505,-2.529139421312337,-2.259956747417784,-0.26918267389455286,25.72398329960751,109.50026359558106,122.84538437720127,96.15514281396085,0.24374591153328984,-0.004811741310364548,-0.004823355007297149,0.28798509934199273,13035295.0,0.8891935318686689,0
2022-06-29,104.19860076904297,105.57224794327648,103.68348221685349,104.83120008056852,9338400,108.7352668762207,110.6500636291504,131.30150230407716,105.65327887524275,108.1322160059986,-2.4789371307558525,-2.3037528240853975,-0.17518430667045504,27.158246235988685,108.7352668762207,121.40413444596707,96.06639930647434,0.23302223710303727,-0.004489721420785631,-0.004499830489286016,0.2837185165350135,12651465.0,0.7381279559323762,0
2022-06-30,101.76760864257812,103.09607421510097,100.24936325895432,102.27368813884739,15172600,107.95355033874512,110.31550750732421,131.1142205810547,105.05548345483281,107.6607636087082,-2.605280153875384,-2.364058290043395,-0.24122186383198896,27.158254483349637,107.95355033874512,120.2959582756803,95.61114240180993,0.2286614548239722,-0.023330372082952966,-0.023606833646753762,0.2873781455065354,12871695.0,1.1787569546978856,1
2022-07-01,103.06895446777344,103.40332543547426,100.45721218339673,101.80374894682188,10573600,107.1424633026123,109.99866424560547,130.92861473083497,104.74986361066982,107.32062959826858,-2.5707659875987616,-2.4053998295544683,-0.16536615804429333,38.28785617977528,107.1424633026123,118.43533566874284,95.84959093648176,0.21080105903921664,0.01278742659430887,0.012706357830624166,0.28408674296661457,12981635.0,0.8145044903819897,0
2022-07-05,102.67693328857422,102.7589839701268,99.65005192762612,100.99026175029019,12514200,106.39491729736328,109.69241622924805,130.7413589859009,104.43095125342434,106.97665209384677,-2.545700840422427,-2.4334600317280604,-0.11224080869436648,44.16872430202506,106.39491729736328,116.70162070791275,96.0882138868138,0.1937442816322373,-0.0038034845819823193,-0.003810736222974767,0.2831405376446401,13177545.0,0.9496609573330996,0
2022-07-06,102.0113754272461,103.01425645258415,101.00849440190805,101.86550523822852,10656200,105.63352394104004,109.44063598632812,130.55259262084962,104.05870881862768,106.60885382224672,-2.5501450036190363,-2.4567970261062557,-0.09334797751278057,46.919986534882405,105.63352394104004,114.74806171397171,96.51898616810837,0.17256903742071505,-0.00648205823850978,-0.0065031580073911036,0.2828711674713029,13144180.0,0.8107162257364096,1
2022-07-07,104.59152221679688,104.7556305302339,103.3880635701938,103.47923330970208,10347400,104.98577423095703,109.24118133544921,130.39764549255372,104.1406801106537,106.45942185147265,-2.3187417408189503,-2.4291859690487945,0.11044422822984412,50.78579353913075,104.98577423095703,112.17319128337378,97.79835717854029,0.1369217325883644,0.025292736018356354,0.024978167931033763,0.3035569414891404,13325440.0,0.7765146967004467,0
2022-07-08,104.26329803466797,105.43940636977449,103.57951460419706,104.99266980949216,8807800,104.41514854431152,109.10294143676758,130.24096881866456,104.1595444066559,106.29674601319083,-2.13720160653493,-2.3707890965460217,0.2335874900110917,55.09644205255529,104.41514854431152,109.54735591367381,99.28294117494923,0.09830388484644628,-0.0031381528365995726,-0.0031430871640324085,0.3012040198162674,13344725.0,0.6600210944774059,0
2022-07-11,102.8957290649414,104.14477594309285,102.31223443936231,103.52481203393948,7939500,103.89769439697265,108.96626892089844,130.0644686126709,103.96511127716136,106.04481883183901,-2.079707554677654,-2.312572788172348,0.23286523349469412,52.05418478702352,103.89769439697265,106.94481130885762,100.85057748508768,0.05865610261268235,-0.013116494447277471,-0.013203275336567993,0.29691071719366185,13063695.0,0.607753013217164,1
2022-07-12,102.99602508544922,105.01090619267762,102.34871090712919,102.64045824039744,11250900,103.6455249786377,108.7968994140625,129.86511379241944,103.81602109382104,105.81898225803236,-2.002961164211328,-2.2506504633801443,0.2476892991688162,44.67540361350896,103.6455249786377,106.00709267869446,101.28395727858093,0.045570085163705976,0.0009747345338746438,0.0009742597886442147,0.2538278097220503,12978980.0,0.8668554847915629,0
2022-07-13,102.02960968017578,102.54928481624609,100.63468561996145,101.8837325408835,12979900,103.5058982849121,108.68013748168946,129.65268356323242,103.54118856864486,105.53828799300595,-1.997099424361096,-2.199940255576335,0.202840831215239,43.62822651231153,103.5058982849121,105.90447673301315,101.10731983681106,0.04634670077445597,-0.009383035942131412,-0.009427333941450948,0.23406238135110102,12787695.0,1.0150304648335764,0
2022-07-14,98.46481323242188,98.67450987671165,96.69609121331531,98.45569417246023,26204800,103.27523841857911,108.47237915039062,129.40496772766113,102.76020774768747,105.01432689962935,-2.254119151941879,-2.210776034849444,-0.04334311709243499,37.93616017395943,103.27523841857911,106.56774887773484,99.98272795942337,0.06376185636698402,-0.034938842351040944,-0.03556380384928231,0.25783065447097403,13430040.0,1.951207889179779,1
2022-07-15,102.97779846191406,103.8256903307363,98.1639634476224,99.52241842352208,18863900,103.20922737121582,108.30824829101563,129.18380546569824,102.79368324218386,104.86347294128008,-2.0697896990962192,-2.182578767698799,0.11278906860257987,42.3978538844083,103.20922737121582,106.46816519439632,99.95028954803531,0.06315206316696821,0.045833481843300605,0.04481415779134483,0.3060450502591569,13669060.0,1.3800436899099133,0
2022-07-18,101.92021179199219,105.61263855488106,101.46435612083512,104.63710769683716,13977900,103.1798053741455,108.04940307617187,128.9579313659668,102.65930301907744,104.64545359688839,-1.986150577810946,-2.1432931297212288,0.1571425519102827,41.96205341495899,103.1798053741455,106.47578862665434,99.88382212163667,0.06388814633943342,-0.010270045443950937,-0.010323146238578784,0.3020124517496189,13531710.0,1.0329736596483372,1
2022-07-19,104.44564056396484,104.79209529728033,102.72250682510133,103.14189317339459,11862300,103.29472923278809,107.89854293823242,128.7547005844116,102.93412417982935,104.63065263148665,-1.6965284516573007,-2.053940194108443,0.35741174245114227,49.499416571427595,103.29472923278809,106.59938276191139,99.99007570366479,0.06398494005779974,0.024778488266162357,0.024476480226832742,0.31423979525787954,12578830.0,0.9430368325193996,0
2022-07-20,104.42740631103516,104.60974577679487,103.46099462206014,104.0262511393981,11667500,103.2822208404541,107.75093292236328,128.5361326599121,103.16385989232256,104.61559734849025,-1.4517374561676917,-1.933499646520293,0.48176219035260126,50.52450426564156,103.2822208404541,106.56666773230069,99.99777394860752,0.06360139944938357,-0.0001745812733899843,-0.0001745965144743913,0.30175171139276774,12578180.0,0.9275984283894808,1
2022-07-21,105.1385269165039,105.32998541853043,103.36069300068347,104.33622362861128,11595900,103.33463897705079,107.65116363525391,128.32191822052002,103.46765481911969,104.65433287204682,-1.1866780529271352,-1.7841353278016614,0.5974572748745262,58.38882110741636,103.33463897705079,106.70569864678315,99.96357930731843,0.06524549179449937,0.00680971241735806,0.006786631051482428,0.30188162207691205,12665840.0,0.9155255395615293,0
2022-07-22,104.62799072265625,105.9864386118624,103.63422178876073,105.06560825135108,7645500,103.41846466064453,107.59486434936524,128.09306827545166,103.64616803504839,104.6523816017216,-1.0062135666732104,-1.6285509755759713,0.6223374089027609,54.038761804246164,103.41846466064453,106.83251046034893,100.00441886094013,0.06602391189827048,-0.004855843132109849,-0.004867671043561036,0.2995415006853692,12455540.0,0.6138232465232338,1
2022-07-25,105.0473861694336,106.17790633142492,104.6371118755246,105.61264277252636,9394000,103.36962852478027,107.56050857543946,127.86471015930175,103.86174005572303,104.68164119932989,-0.819901143606856,-1.4668210091821483,0.6469198655752924,56.13208031268675,103.36962852478027,106.65214747144861,100.08710957811192,0.0635103171698338,0.004008444049059978,0.004000431641600432,0.279910910180889,12183185.0,0.7710627393411493,0
2022-07-26,103.40628814697266,105.3755877827379,103.05072131648251,104.46387653413653,10675100,103.2812126159668,107.4951382446289,127.62337581634522,103.7916705312999,104.58717060285898,-0.7955000715590756,-1.3325568216575339,0.5370567500984582,53.435097006535244,103.2812126159668,106.45239775500288,100.11002747693071,0.06140875109256479,-0.015622454611235792,-0.015745771179721858,0.28396031327562127,12152915.0,0.8783983101996516,1
2022-07-27,105.06558990478516,105.5214454751271,103.29687502180514,103.94418909699422,9337400,103.30106544494629,107.4439761352539,127.38975852966308,103.9876581272207,104.62260906966831,-0.6349509424476167,-1.1930356458155504,0.5580847033679337,51.22289630621826,103.30106544494629,106.51352254671788,100.0886083431747,0.06219601100791456,0.01604642993716321,0.015919046869184165,0.28954858562070623,12040240.0,0.7755161026690498,0
2022-07-28,104.6735610961914,105.74026849118914,103.50657186810258,105.07471625177361,10384800,103.3248134613037,107.39997512817382,127.17014301300048,104.0931816609085,104.62638329385521,-0.5332016329467137,-1.0610688432417832,0.5278672102950694,51.054834773807045,103.3248134613037,106.57204153540987,100.07758538719754,0.0628547580261983,-0.0037312768999728796,-0.0037382554783724087,0.2893930483154311,12092560.0,0.858775974648875,1
2022-07-29,105.17501831054688,106.21436865768555,104.65534313697755,105.38470801865441,12944500,103.49518394470215,107.29515167236327,126.95874172210694,104.25961806854517,104.66702292472125,-0.4074048561760861,-0.9303360458286438,0.5229311896525577,56.13349226638505,103.49518394470215,106.75592901259319,100.23443887681111,0.06301249862280094,0.004790676930296112,0.004779238156004622,0.2757217246496692,11981155.0,1.0804050193825219,0
2022-08-01,104.12653350830078,104.9470749652063,103.08718331482189,104.39093058640391,14740400,103.54806289672851,107.20713409423828,126.76153755187988,104.23914352081526,104.62698667165307,-0.38784315083780996,-0.8218374668304771,0.43399431599266713,52.89445432412076,103.54806289672851,106.8140014471718,100.28212434628522,0.0630806305609118,-0.009968952885277993,-0.010018975623297179,0.27551601247747787,12189495.0,1.2092707696258131,0
2022-08-02,102.50370025634766,104.2997726043284,102.35782311166867,103.86214812609651,14942900,103.53940124511719,107.11883239746093,126.54520656585693,103.97215224935871,104.46970619644526,-0.4975539470865442,-0.7569807628816906,0.25942681579514637,51.17434685224396,103.53940124511719,106.81596910505804,100.26283338517634,0.06329122673182107,-0.015585203859914909,-0.015707929960473307,0.28115950377759724,12310930.0,1.2137913220203511,1
2022-08-03,103.57952117919922,104.02625776783941,101.84726832088568,103.43364403265252,14394500,103.61780853271485,107.06957916259766,126.32025451660157,103.91174746933419,104.40376656553813,-0.492019096203947,-0.7039884295461419,0.21196933334219492,64.45133867732187,103.61780853271485,106.81449441929209,100.4211226461376,0.06170147645166545,0.010495434995625441,0.010440740281443693,0.2823733114479827,12497845.0,1.1517585631762917,0
2022-08-04,102.43988800048828,103.31513006314175,101.21819117258478,102.88662461505184,18033900,103.51022682189941,106.8663134765625,126.0898719406128,103.6853075510502,104.25829407923814,-0.5729865281879398,-0.6777880492745015,0.10480152108656171,48.12220914816131,103.51022682189941,106.71375136361353,100.30670228018529,0.06189773977070167,-0.011002495143217494,-0.011063470257670632,0.26992631785612275,12882170.0,1.3999116608459599,1
2022-08-05,105.5396957397461,105.93173185359173,102.15724785321973,102.59486535586312,14174600,103.57404670715331,106.69323272705078,125.86598182678223,103.9705980416188,104.35321272075726,-0.3826146791384559,-0.6187533752472925,0.23613869610883653,61.058490445530275,103.57404670715331,106.88963583020953,100.2584575840971,0.06402355085016144,0.03025977282641157,0.02981097707038341,0.291434225507033,13150510.0,1.0778745463103712,0
2022-08-08,104.25418853759766,106.39670875843993,104.0991992818673,105.98644144484655,10332500,103.64196968078613,106.4785369873047,125.62554309844971,104.01422734869247,104.34587759607876,-0.33165024738629256,-0.5613327496750925,0.22968250228879994,49.367111593555194,103.64196968078613,106.95470684878843,100.32923251278383,0.06392655751729578,-0.012180319387298688,-0.012255107392469457,0.29086108063070776,13270160.0,0.7786266329870929,1
2022-08-09,105.19322967529297,105.74937403163095,104.27240642466467,104.61885415656208,10233800,103.75182991027832,106.24285797119141,125.39577430725097,104.19561232201562,104.40864441676129,-0.21303209474567097,-0.4916726186892082,0.2786405239435372,52.38632743594255,103.75182991027832,107.11964533793389,100.38401448262275,0.06492059813437438,0.00900722696006273,0.008966903843405812,0.29231376319693786,13219305.0,0.7741556761115657,1
2022-08-10,107.93749237060547,108.83097243993163,107.12606992930743,107.54545626199369,12847300,104.0472240447998,106.02898818969726,125.16956089019776,104.77128617564483,104.67004056149048,0.10124561415435096,-0.37308897212049635,0.4743345862748473,57.74084073869952,104.0472240447998,107.7940523849946,100.30039570460501,0.07202168774020376,0.02608782622021777,0.025753343689555862,0.30220495808550596,13212675.0,0.9723466292783256,1
2022-08-11,109.53299713134766,110.49940890206962,108.77627506840615,109.31418836276644,11684900,104.60063323974609,105.82967742919922,124.95507034301758,105.50385709190681,105.03025956666508,0.47359752524172904,-0.20375167264805127,0.6773491978897803,62.79733124937547,104.60063323974609,108.13956241289364,101.06170406659854,0.06766554013179397,0.01478174752535466,0.01467356230349986,0.26917110692811347,12486680.0,0.9357891769469546,1
2022-08-12,111.34729766845703,111.45670552766606,108.89479902114954,110.01620001587027,9906700,105.01910820007325,105.70858459472656,124.74760066986084,106.40284794983761,105.49818831494596,0.9046596348916438,0.01793058885988774,0.8867290460317561,65.32148052487827,105.01910820007325,109.5814380732092,100.4567783269373,0.08688570968331207,0.016563963231406298,0.016428277075982448,0.2278443503810018,12038820.0,0.8228962639195536,1
2022-08-15,111.64816284179688,111.88520972291803,109.95237929955525,110.44470422689686,8456200,105.50550575256348,105.55573394775391,124.5575522994995,107.20981947167749,105.95374198360157,1.256077488075917,0.2655599687030936,0.9905175193728233,71.44216497231301,105.50550575256348,110.70631764874179,100.30469385638517,0.09858844539119123,0.002702042884199063,0.002698398928931395,0.2216277568532597,11762735.0,0.7188974332925123,1
2022-08-16,112.7148666381836,113.27101109319032,111.11025974237243,111.49317682279519,9555000,105.91896705627441,105.45747421264649,124.36155700683594,108.05674980498613,106.45456603208913,1.6021837728969928,0.5328847295418735,1.0692990433551193,70.5335916571775,105.91896705627441,112.0045440685755,99.83339004397332,0.11491005211687609,0.009554154490640565,0.009508802196349347,0.20955846211748966,11647370.0,0.8203568702634156,0
2022-08-17,111.76667785644531,112.28635994213667,110.94614330300683,111.50228771728254,8149300,106.28593063354492,105.34802291870118,124.1629167175293,108.62750796674908,106.84805579685626,1.7794521698928207,0.782198217612063,0.9972539522807577,68.48859532979063,106.28593063354492,112.85844755550528,99.71341371158456,0.123676141946223,-0.00841227790103305,-0.008447860806827313,0.21368198591922138,11471460.0,0.7103978046386423,0
2022-08-18,110.90056610107422,111.65728817761779,109.90680408589245,111.44759151026271,9531800,106.57403259277343,105.21510391235351,123.96034687042237,108.97720921818372,107.14824174531685,1.8289674728668643,0.9915520686630233,0.8374154042038411,64.645542886561,106.57403259277343,113.43365770459512,99.71440748095175,0.1287297654961181,-0.007749284240903487,-0.007779465969666899,0.21690479138020857,11368255.0,0.8384576172860303,0
2022-08-19,108.15629577636719,110.30793473746677,107.68220901895063,109.9706060494718,13464500,106.75044784545898,105.0647135925293,123.74106845855712,108.85091484251963,107.22291241428354,1.628002428236087,1.118842140577636,0.5091602876584509,59.48498442900175,106.75044784545898,113.5807626289779,99.92013306194006,0.1279678899971841,-0.024745322960803673,-0.025056634873267654,0.2367486940080713,11659205.0,1.1548386017743062,0
2022-08-22,106.36935424804688,106.81609778712179,105.30265371101682,106.44229282044341,8967600,106.81654624938965,104.92720443725585,123.51258777618408,108.46913628952382,107.1596858834512,1.3094504060726138,1.1569637936766317,0.15248661239598205,59.02896552314038,106.81654624938965,113.60291235670395,100.03018014207534,0.12706582164658006,-0.016521844757101722,-0.01665985264230129,0.24523252784875418,11637885.0,0.770552381296086,0
2022-08-23,105.32088470458984,106.93461757615913,105.19324568100646,106.38759219568678,7607000,106.9122760772705,104.87283386230469,123.28885200500488,107.98478989184166,107.02347838872072,0.9613115031209389,1.1178333355654932,-0.1565218324445543,54.072486999815865,106.9122760772705,113.54844479771482,100.27610735682619,0.12414231487594647,-0.009856876079289423,-0.009905776685802056,0.2409473067960958,11484480.0,0.6623721753183427,1
2022-08-24,105.57616424560547,106.13230865779181,104.34534850846225,105.11118956614703,9771300,106.93780479431152,104.88791427612304,123.06746273040771,107.61423210011301,106.91626993367514,0.6979621664378755,1.0338591017399699,-0.3358969353020944,57.65122541556325,106.93780479431152,113.54793901237171,100.32767057625132,0.1236257697785062,0.002423826401873219,0.002420893672655052,0.2344491152782348,11506175.0,0.8492222654357334,1
2022-08-25,108.0833511352539,108.25657151021731,105.46673783594814,105.90436221416856,10758900,107.10829429626465,104.98802108764649,122.85410636901855,107.68640425936546,107.00272039305135,0.6836838663141123,0.9638240546547985,-0.2801401883406862,56.39024824067976,107.10829429626465,113.6480520062125,100.5685365863168,0.12211486986915673,0.02374766035083331,0.02347007081093927,0.24800971824240894,11524880.0,0.9335368350906907,0
2022-08-26,104.5459213256836,109.39622461711923,104.48210182010435,108.91301879547576,11276200,107.07683944702148,104.99297912597656,122.62876972198487,107.20325303879902,106.82073527695003,0.38251776184898745,0.8475627960936363,-0.4650450342446488,50.65840359082898,107.07683944702148,113.66164584789213,100.49203304615084,0.12299216963960947,-0.03272872068098287,-0.03327628583061779,0.2760242744452245,11441465.0,0.9855556084819558,0
2022-08-29,104.29065704345703,104.71916247557431,103.44276524002221,103.93509018612681,8117300,107.0850456237793,105.02861923217773,122.40287017822266,106.75516134720795,106.63332207446908,0.12183927273886752,0.7024180914226825,-0.580578818683815,47.898137244520505,107.0850456237793,113.65476272539735,100.51532852216124,0.12270092548121739,-0.0024416474501320895,-0.00244463313224636,0.27375906870997113,11110310.0,0.7306096769577086,1
2022-08-30,104.30887603759766,105.37557641398398,103.35157654752538,104.84678227745255,10745400,107.1753044128418,105.07185348510743,122.17710628509522,106.37880976111406,106.46114088655267,-0.0823311254386141,0.5454682480504233,-0.6277993734890374,40.32097227818683,107.1753044128418,113.52595423443086,100.82465459125274,0.11850957375639833,0.00017469440367068323,0.00017467914638022927,0.2673315439758705,10900435.0,0.9857771731128161,0
2022-08-31,103.68892669677734,104.87414718457181,103.33335289905345,104.37271015520666,10738300,107.1807746887207,105.05208053588868,121.95158660888671,105.96498159736996,106.25579168731005,-0.29081008994009494,0.37821258045231965,-0.6690226703924146,33.55559925497265,107.1807746887207,113.51855865359103,100.84299072385038,0.118263447587066,-0.005943399683425388,-0.005961131978310436,0.26595864758440263,10717625.0,1.0019290654412707,1
2022-09-01,104.40007019042969,104.50947110234287,102.02962203629967,103.28778121394107,9979800,107.27878379821777,105.05827865600585,121.7309602355957,105.72422599630222,106.11833083568928,-0.39410483938705454,0.22374909648444483,-0.6178539358714994,29.15751294720087,107.27878379821777,113.3634469465426,101.19412064989295,0.11343646773195254,0.00685843239299766,0.006835020331289697,0.2635386284577912,10314920.0,0.9675111392041819,0
2022-09-02,103.67068481445312,107.08048292247653,103.19659802769777,105.6399844420633,10666600,107.18533325195312,105.0726628112793,121.51203727722168,105.40829658371005,105.93702372300513,-0.5287271392950714,0.07325384932854158,-0.601980988623613,26.666595257732695,107.18533325195312,113.43756043652033,100.93310606738592,0.1166619908690404,-0.006986445264319574,-0.007010964742434503,0.24104290122764657,10139520.0,1.0519827368553936,1
2022-09-06,103.69805145263672,104.61888190328915,102.175495102174,104.23596478924568,9751900,107.15752639770508,105.02614166259765,121.29721927642822,105.14518194816031,105.77117392520006,-0.625991977039746,-0.06659531594511592,-0.55939666109463,21.919341870415536,107.15752639770508,113.46930649916835,100.84574629624181,0.11780376635492111,0.0002639766317023007,0.000263941796001664,0.23725667041085788,10110490.0,0.9645328762503104,1
2022-09-07,105.66734313964844,105.85880168171782,102.80457015780182,103.14189889372177,10647900,107.18123207092285,105.03599639892577,121.09857906341553,105.22551443915849,105.76348275589993,-0.5379683167414413,-0.160869916104381,-0.3770984006370603,32.140945552415175,107.18123207092285,113.46545029193014,100.89701384991555,0.11726340702724831,0.01899063347310026,0.01881256231718442,0.24489693836180063,10131195.0,1.0510013872993265,1
2022-09-08,108.12895965576172,108.30218703000823,104.50946465281362,105.10207839372593,11435000,107.19080543518066,105.10520492553711,120.92174377441407,105.6721983186359,105.9387032670008,-0.26650494836489713,-0.18199692255648425,-0.08450802580841288,42.57810073908452,107.19080543518066,113.48045555568171,100.90115531467961,0.11735428416580869,0.023295906218253615,0.023028698534070063,0.24117570629319138,10060580.0,1.1366143900252272,1
2022-09-09,108.64862823486328,109.45093858836361,108.19277260884894,108.6212780102312,9299700,107.14658699035644,105.19420547485352,120.73221363067627,106.13011061344011,106.13943844980544,-0.009327836365329745,-0.14746310531825335,0.1381352689529236,51.49670488813968,107.14658699035644,113.37907991877842,100.91409406193446,0.11633581812518064,0.004806007389287492,0.004794495405492838,0.23571299869754442,9941320.0,0.9354592750258517,1
2022-09-12,109.93415069580078,110.81851177352989,109.2138979310091,109.97061998265413,8614600,107.07592964172363,105.35753631591797,120.53158874511719,106.7153475491879,106.42052824580509,0.29481930338280904,-0.05900662357804087,0.3538259269608499,61.17785867973304,107.07592964172363,113.13760459664678,101.01425468680048,0.11322199069773255,0.011831925371009966,0.011762475422989856,0.23178849555501976,9876715.0,0.8722130789437581,0
2022-09-13,106.11408233642578,108.42071091435533,105.55793786240258,107.64575766629521,12904600,106.79922561645508,105.41843887329101,120.31774890899658,106.62284520876295,106.39782854881403,0.2250166599489205,-0.002201966872648599,0.2272186268215691,52.11887861621326,106.79922561645508,112.47506679096573,101.12338444194442,0.10628993125650804,-0.03474869578922324,-0.03536679267498825,0.2611140429970117,10099135.0,1.2777926030298634,0
2022-09-14,105.86792755126953,107.43606527609116,104.73740043614393,106.39671486326708,9345700,106.45687866210938,105.48225875854492,120.12510520935058,106.50670403068705,106.35857662307,0.14812740761705356,0.027863908025291834,0.12026349959176173,50.779771056183804,106.45687866210938,111.41035804696808,101.50339927725067,0.09306076689663033,-0.002319718360997869,-0.002322413075761169,0.25727194199410186,10088670.0,0.9263560013361524,1
2022-09-15,107.46339416503906,108.84007297299692,105.53968311052941,105.8678996761389,10821400,106.24171447753906,105.59129913330078,119.94355995178222,106.65388712827968,106.44041495951215,0.21347216876752384,0.06498556017373824,0.1484866085937856,48.258209942515506,106.24171447753906,110.55677364098234,101.92665531409578,0.081230977580949,0.015070348977946013,0.014957919429847318,0.2641353324506581,10222275.0,1.0586097517431297,0
2022-09-16,106.74315643310547,107.03490375928382,105.18413100673314,107.02578469902062,14844100,106.03384399414062,105.63433181762696,119.769114112854,106.66762086748363,106.4628402538524,0.2047806136312289,0.09294457086523639,0.11183604276599252,57.33421141361758,106.03384399414062,109.7649673427313,102.30272064554995,0.0703760838623723,-0.006702168096677452,-0.006724728484116443,0.2638500417258131,10487890.0,1.415356186992808,1
2022-09-19,107.72779846191406,108.24747356638485,105.31176239678322,105.758498936043,8201300,106.01241912841797,105.70362182617187,119.60378238677978,106.83072511278063,106.55654086185697,0.2741842509236534,0.1291925068769198,0.1449917440467336,60.94022511200962,106.01241912841797,109.69685542822889,102.32798282860706,0.06950952218810846,0.009224404277623721,0.009182119297408054,0.2519118232142735,10224730.0,0.8021043098448566,0
2022-09-20,105.603515625,107.29929910434645,104.51857701299748,107.04402106759404,9619000,105.97412719726563,105.75777755737305,119.4130267715454,106.64192365312208,106.48594639986757,0.1559772532545054,0.1345494561524369,0.02142779710206849,53.633607577833345,105.97412719726563,109.65886272246418,102.28939167206708,0.06954028540078643,-0.019718984953220553,-0.01991599837472255,0.2549174931284478,10257300.0,0.9377711483528803,0
2022-09-21,102.55839538574219,106.3055291366251,102.49457587720812,106.25082868811154,12606300,105.83600273132325,105.7490249633789,119.22006465911865,106.01368853506364,106.19501669511754,-0.1813281600539085,0.07137393291116784,-0.25270209296507634,47.20718099071466,105.83600273132325,109.81888693284071,101.85311852980578,0.07526520463227376,-0.028835405916514123,-0.02925931518627938,0.27269711906144717,10507265.0,1.1997698735113276,0
2022-09-22,101.39141845703125,103.57040802831817,101.2637794244224,103.36983041827409,11684500,105.62676544189453,105.73626113891602,119.01293018341065,105.30257006152019,105.83919460340745,-0.5366245418872637,-0.050225762048518474,-0.48639877983874524,42.73125073728914,105.62676544189453,110.07913795290209,101.17439293088698,0.08430386923959744,-0.01137865822024331,-0.011443890460686083,0.27466733791547426,10602925.0,1.1020072291372427,0
2022-09-23,99.50415802001953,100.59820865799999,97.69897377177135,100.3338185358681,18138600,105.19780578613282,105.75704803466797,118.78561408996582,104.41050667052008,105.36993263426761,-0.9594259637475346,-0.23206580238832172,-0.7273601613592129,40.46721745004635,105.19780578613282,110.26438524657931,100.13122632568633,0.09632481252977555,-0.01861361114906901,-0.01878902453711167,0.26316997108740214,10971910.0,1.6531852703859218,0
2022-09-26,97.36164093017578,99.93266626360436,96.6960886864614,98.46481065934786,15753600,104.83859176635742,105.64472488403321,118.55587825775146,103.32606578739019,104.77672584137193,-1.4506600539817356,-0.47578465270700454,-0.974875401274731,36.78197579482321,104.83859176635742,111.00016047207771,98.67702306063714,0.11754390443267142,-0.021531935272621427,-0.021767129646024518,0.24960749233694463,11195780.0,1.407101604354498,0
2022-09-27,96.50464630126953,98.61981638341935,95.41059544891144,98.23689928067458,12793600,104.44929122924805,105.53641357421876,118.32297210693359,102.27661663567933,104.16397920877175,-1.8873625730924175,-0.7581002367840872,-1.1292623363083303,29.95606256786469,104.44929122924805,111.6524590811595,97.24612337733659,0.13792660088236994,-0.008802179387268683,-0.008841147405768359,0.2502918574716759,11429595.0,1.1193397491337183,1
2022-09-28,98.45569610595703,99.1303674402746,96.31317605600384,96.59580431812306,12762600,104.15663223266601,105.41661468505859,118.10267505645751,101.68878270802975,103.74114342337806,-2.052360715348314,-1.0169523324969325,-1.0354083828513816,28.35567937779325,104.15663223266601,111.84321944401063,96.4700450213214,0.14759669253080782,0.02021715927124057,0.020015505882239864,0.26418883020844175,11530455.0,1.106860050188826,0
2022-09-29,96.78726196289062,97.80837403019432,95.18264834252217,97.50750767216194,12713900,103.81154899597168,105.2638117980957,117.882506980896,100.93470259339296,103.2260410929716,-2.291338499578643,-1.2718295659132748,-1.0195089336653682,24.757387641699097,103.81154899597168,112.17631759249322,95.44678039945013,0.1611529483457786,-0.016946039782917754,-0.017091266936591642,0.2687987481053715,11629235.0,1.0932705375719038,0
2022-09-30,95.2738265991211,98.11836823229466,95.1826568643499,96.69609393780543,15973400,103.35523681640625,105.06651779174804,117.64937683105468,100.0637985942742,102.63698816750119,-2.5731895732269834,-1.5321015673760163,-1.041088005850967,19.100564936865098,103.35523681640625,112.54030892022185,94.17016471259065,0.17773791414423218,-0.015636720505119772,-0.015760263583906215,0.26938141657340225,11928915.0,1.3390488573353068,1
2022-10-03,98.21865844726562,98.7930340448525,95.23735869093113,96.29494710582061,12248100,103.08263549804687,104.93833114624023,117.43627662658692,99.7799308793498,102.30970448452078,-2.5297736051709734,-1.7316359749350076,-0.7981376302359657,32.72139862521726,103.08263549804687,112.54764096918058,93.61763002691316,0.18363918278579602,0.030909137937068065,0.030441071119201687,0.29679465734533195,12007990.0,1.0199958527613697,1
2022-10-04,102.81367492675781,103.01425251532025,100.16059879789464,100.84438223755487,16013600,103.03841667175293,104.89365692138672,117.23513870239258,100.2466607327972,102.34703562839019,-2.100374895592992,-1.8053837590666046,-0.29499113652638753,44.38479421230976,103.03841667175293,112.49957891926805,93.57725442423781,0.1836433934666392,0.04678353942249469,0.0457221668869554,0.34467899931371243,12321075.0,1.2996917882571124,0
2022-10-05,101.54425048828125,102.05937443680084,100.1092583356696,100.95553539910532,10943500,102.83226203918457,104.85641616821289,117.04392761230469,100.44628992594859,102.28757006245618,-1.8412801365075921,-1.8125630345548023,-0.02871710195278987,38.98568229841899,102.83226203918457,112.23171153213741,93.43281254623173,0.182811294948878,-0.012346844321836303,-0.012423699875112465,0.3394412504728543,12335855.0,0.8871294288073263,0
2022-10-06,99.47454833984375,101.36028099029566,99.29057750381615,100.68877410452357,11521400,102.39954147338867,104.74459533691406,116.85494132995605,100.296791220394,102.07919808300342,-1.7824068626094203,-1.806531800165726,0.024124937556305737,37.12138846780763,102.39954147338867,111.56624477844868,93.23283816832866,0.1790379756230106,-0.020382268208049448,-0.020592853014505724,0.3319850551223643,12340175.0,0.9336496443526935,0
2022-10-07,97.48765563964844,99.07902403370649,96.83454290299183,98.9042467927951,11681100,101.84149284362793,104.6008772277832,116.64643455505372,99.86461651566393,101.73908382794009,-1.8744673122761668,-1.8201189025878142,-0.05434840968835264,32.47867331492165,101.84149284362793,110.76198736227713,92.92099832497874,0.1751838915469577,-0.019973880086465057,-0.020176054699708783,0.334950083089283,12459245.0,0.9375447709712748,0
2022-10-10,96.57696533203125,98.71105938533421,96.14462613285576,98.1775411355368,8931700,101.17363357543945,104.4289161682129,116.43065452575684,99.35882402587427,101.35670468009499,-1.9978806542207224,-1.855671252914396,-0.14220940130632642,33.88596364587278,101.17363357543945,109.52494264947532,92.82232450140359,0.16508864570547957,-0.009341596139960995,-0.00938550250010011,0.3290548310469173,12475100.0,0.7159621966958181,0
2022-10-11,93.7897720336914,96.16303395752341,93.68858595816101,96.00665802917217,12739700,100.55741806030274,104.2221809387207,116.1984419631958,98.50204679630767,100.79619115073177,-2.2941443544241054,-1.943365873216338,-0.35077848120776745,34.20091754797443,100.55741806030274,109.18789858023861,91.92693754036686,0.17165278676428042,-0.0288598144366774,-0.029284448749683365,0.3228975450320817,12466855.0,1.0218856319416565,1
2022-10-12,95.30756378173828,96.33781889781561,93.16426876372219,93.64260425327333,13181000,100.02939987182617,104.07825820922852,115.96980545043945,98.0105878709893,100.38962616043595,-2.3790382894466546,-2.0305003564624013,-0.3485379329842533,39.17511134761497,100.02939987182617,108.58372246359204,91.4750772800603,0.17103616742131908,0.016182913287193568,0.01605336571532287,0.33220884041008897,12658620.0,1.0412667415563466,1
2022-10-13,100.60601043701172,101.09353957098361,93.60581128181309,93.80818345471592,22398700,99.6865306854248,104.01878799438477,115.76552112579346,98.40988365037737,100.40565462536749,-1.9957709749901227,-2.0235544801679457,0.02778350517782302,51.74828273124417,99.6865306854248,107.50425803430335,91.86880333654625,0.15684621172239432,0.0555931391490323,0.054102826146024206,0.3907222071618006,13237485.0,1.692066128875689,1
2022-10-14,102.28015899658203,106.00562141801723,101.84781977069312,102.98845450292639,33387100,99.46338081359863,104.01559341430664,115.56996421813965,99.00531062671654,100.54450680101301,-1.5391961742964781,-1.9266828189936525,0.3874866446971743,57.92183643867815,99.46338081359863,106.66338246344276,92.26337916375451,0.14477693380114304,0.016640641570997206,0.01650370316880768,0.39653749679798067,14164635.0,2.3570745028022255,1
2022-10-17,106.57595825195312,107.63380836386486,105.15936000910324,106.16202026026733,22276300,99.40578880310059,104.03631866455078,115.39624282836914,100.1700256459837,100.99128098256413,-0.8212553365804354,-1.705597322511009,0.8843419859305737,64.60336077077051,99.40578880310059,106.3410068554034,92.47057075079778,0.13953348463518248,0.042000318512553925,0.04114224900536447,0.424732939519163,14868385.0,1.4982326594314044,1
2022-10-18,109.31715393066406,110.51298562116061,107.58780391825927,110.07145273282006,21539700,99.59147071838379,104.1375779724121,115.23680694580078,101.57727615131914,101.60801231205302,-0.030736160733880524,-1.3706250901555834,1.339888929421703,65.39627621205014,99.59147071838379,107.37263177728165,91.81030965948592,0.1562615955517067,0.025720582049382656,0.02539537247423514,0.4276556470595258,15464420.0,1.3928553414871039,0
2022-10-19,107.17385864257812,109.30795283865571,106.40116561366753,108.5352598097451,17072000,99.82224388122559,104.17719055175782,115.05171836853027,102.43828884228206,102.02029722542525,0.41799161685680986,-1.012901748753105,1.4308933656099148,64.52757673388618,99.82224388122559,108.22300274248451,91.42148501996667,0.16831436631007096,-0.01960621193491141,-0.019800963471173508,0.41999578619948713,15687705.0,1.0882407592442618,0
2022-10-20,106.82430267333984,109.19756456102361,106.38276982142175,107.77177291324199,12207400,100.09388809204101,104.1549267578125,114.83755069732666,103.11306020090633,102.37614948082634,0.7369107200799903,-0.662939254986486,1.3998499750664761,66.69916911390976,100.09388809204101,109.04182248228265,91.14595370179937,0.1787908245109551,-0.003261578650480823,-0.003266909191936742,0.4174105638538518,15713850.0,0.7768560855550994,1
2022-10-21,112.43551635742188,112.58269165038902,107.00829145475528,107.12787181891852,20593300,100.74045600891114,104.21297714233398,114.66511936187744,104.54728422498565,103.12128776798157,1.425996457004075,-0.24515211258837377,1.6711485695924488,69.08284314528683,100.74045600891114,111.2427692584348,90.23814275938747,0.20850239646710889,0.05252750117396676,0.051194415614474194,0.44422072334081225,15836585.0,1.3003624203071558,1
2022-10-24,112.573486328125,113.23579266407968,111.60762876988987,112.28832938493728,12624200,101.5010482788086,104.23750091552735,114.48557331085205,105.78208454854554,103.82145062428849,1.9606339242570527,0.19600509478071154,1.7646288294763413,64.88079201802765,101.5010482788086,113.11730254632819,89.884794011289,0.228889345765404,0.001227103100274185,0.0012263508246151394,0.43236409484684585,15680115.0,0.8051088911018829,1
2022-10-25,112.86783599853516,113.39216064136113,111.2028766449723,112.08594935825614,11289100,102.31920776367187,104.2618943786621,114.30014305114746,106.87220015623626,104.49155324460305,2.3806469116332067,0.6329334581512106,1.747713453481996,67.7941705045533,102.31920776367187,114.7314649206935,89.90695060665024,0.24261832022175925,0.0026147335399402394,0.002611321071367483,0.42849028669952877,15604890.0,0.7234334878361847,1
2022-10-26,114.16485595703125,115.16750904136775,113.03341485332959,113.14380157648334,11667000,103.10466575622559,104.29089416503906,114.12048042297363,107.99414720251241,105.2080941862644,2.7860530162480046,1.0635573697705696,1.722495646477435,73.65927095323804,103.10466575622559,116.4412666042866,89.76806490816458,0.2587002392227964,0.011491493099176076,0.011425967406586066,0.42635956836226674,15550110.0,0.7502840815917058,1
2022-10-27,114.61558532714844,116.08737315924878,114.25683726238766,115.16750488693133,10727600,103.99608192443847,104.34787231445313,113.942308883667,109.01282999091795,105.90494538188544,3.10788460903251,1.4724228176229577,1.6354617914095524,79.02114246238743,103.99608192443847,117.92490552941847,90.06725831945847,0.267872084163717,0.003948057099873559,0.0039402839748854685,0.416636827649406,15450795.0,0.6943073155782599,1
2022-10-28,115.97698974609375,116.16096058745379,114.10965833594217,115.25029299205744,11859500,105.0312400817871,104.44940078735351,113.76668334960938,110.08423918402192,106.65102274219716,3.4332164418247686,1.86458154246332,1.5686348993614485,82.37642006533343,105.0312400817871,119.30370875325056,90.75877141032365,0.2717756861739342,0.011878004331256076,0.011808014518863002,0.4065480431380385,15245100.0,0.7779220864408892,0
2022-10-31,115.79302215576172,117.2188208658806,115.52625949950549,115.6274455766385,13295200,105.90995826721192,104.6021353149414,113.59107982635499,110.96251348736652,107.32820788394268,3.63430560342384,2.2185263546554244,1.4157792487684158,90.2151923657216,105.90995826721192,120.57500975051624,91.2449067839076,0.2769343265399888,-0.0015862421566104068,-0.001587501570700124,0.40090443682859195,15297455.0,0.869111888219315,1
2022-11-01,117.88111114501953,118.00069850959324,116.2069582213661,116.70368792073003,13386900,106.663330078125,104.83237045288087,113.47229522705078,112.02691312700544,108.10990442180024,3.9170087052052054,2.5582228247653807,1.3587858804398247,90.41500658931416,106.663330078125,122.18189546405614,91.14476469219386,0.2909822030601266,0.018032943180712246,0.017872278293057663,0.3768159964492508,15166120.0,0.8826845626963258,0
2022-11-02,116.79568481445312,119.91403794060878,116.49212657646382,117.42119556938326,16546100,107.4259017944336,105.06186645507813,113.37777633666992,112.7605703096897,108.75329556199674,4.007274747692961,2.848033209350897,1.1592415383420636,84.1350297577779,107.4259017944336,123.37814773089966,91.47365585796754,0.2969906823215077,-0.009207805389882084,-0.00925045926421471,0.37482407812732965,15446250.0,1.0712049850287286,1
2022-11-03,117.00726318359375,117.90873032794926,115.82063906758039,116.18858083047856,12474400,108.30253753662109,105.2904884338379,113.29481109619141,113.4139076749057,109.36470057100391,4.049207103901793,3.088267988261076,0.9609391156407168,83.09224459903291,108.30253753662109,124.34170587247863,92.26336920076355,0.2961919212730192,0.001811525566862704,0.0018098867333170923,0.3611273507977862,15493900.0,0.8051168524387017,1
2022-11-04,120.20838928222656,120.34637795642053,118.16629445771177,119.11375773565304,14953200,109.43857421875,105.53298919677735,113.23354782104492,114.45921253757044,110.16793677183522,4.291275765735222,3.3288695437559053,0.9624062219793164,82.21742611103899,109.43857421875,125.47102107395366,93.40612736354635,0.2929944394772065,0.02735835375971485,0.026990802663659476,0.3507520357324964,15657505.0,0.9550180568360029,1
2022-11-07,120.84309387207031,121.68937102228881,120.02441164791836,120.50274709319883,12011200,110.65188064575196,105.85893264770507,113.18703018188477,115.4413481274935,110.95868914963042,4.482658977863082,3.5596274305773408,0.9230315472857411,80.25112756299815,110.65188064575196,126.25307330215448,95.05068798934944,0.28198694076152536,0.00528003572490765,0.005266145209770066,0.3434019552464273,15811480.0,0.7596505829941284,1
2022-11-08,120.91669464111328,121.47781490923938,119.71166932007465,120.72353014327824,9884100,112.00822677612305,106.1914533996582,113.1414637374878,116.28370912958884,111.69631918603655,4.587389943552296,3.765179933172332,0.8222100103799637,90.46596147996652,112.00822677612305,126.07856857006675,97.93788498217936,0.2512376492142288,0.0006090606147579614,0.0006088752126186777,0.3119711659510359,15668700.0,0.6308181278600011,0
2022-11-09,119.3437271118164,120.89829286335986,118.86539163037673,120.79712081751882,9494000,113.21003494262695,106.49215042114258,113.0809455871582,116.75448112685461,112.26279384720542,4.491687279649199,3.9104814024677057,0.581205877181493,84.38618740397325,113.21003494262695,125.23097741188575,101.18909247336815,0.2123653168263895,-0.013008687790925122,-0.013094041807177525,0.32491469173607257,15484350.0,0.6131351977964848,1
2022-11-10,124.25579071044922,124.41216661076975,121.91012413349348,122.00211656242271,16351600,114.39252395629883,106.90348770141601,113.03875316619873,117.90852875509994,113.15116398522348,4.75736476987646,4.079858075949457,0.6775066939270031,83.76257128723444,114.39252395629883,125.8318026065321,102.95324530606557,0.20000045902655997,0.04115895923068136,0.04033447656413982,0.30218088556048467,15181995.0,1.0770389530493192,1
2022-11-11,124.45819091796875,125.2584718932116,123.05998709187051,124.35700483773643,10704700,115.50142555236816,107.3046501159668,113.0092794418335,118.91616908784898,113.9887215357972,4.927447552051788,4.249375971169924,0.6780715808818645,83.82211684600887,115.50142555236816,126.27748300590918,104.72536809882715,0.18659609441192856,0.0016288995978559484,0.0016275743798089208,0.3030174204476825,14047875.0,0.7620156073427475,0
2022-11-14,123.17955017089844,124.85370294368091,123.17955017089844,123.99823228180252,11085600,116.33160514831543,107.6948274230957,112.96758159637452,119.5720738698566,114.66952365691581,4.902550212940781,4.380010819524095,0.522539393416686,77.78880722800903,116.33160514831543,126.76527418603274,105.89793611059812,0.17937806367263723,-0.010273656861307545,-0.010326795136875571,0.28621654050855055,13488340.0,0.8218654037487193,0
2022-11-15,122.28730773925781,124.83534714564182,121.05468744790996,123.88786977737047,14038300,116.98011283874511,108.06661254882812,112.91249660491944,119.98980215745678,115.23380395931152,4.755998198145264,4.45520829524833,0.3007899028969341,72.37720582238742,116.98011283874511,127.18793758276507,106.77228809472516,0.17452239523980034,-0.007243429858306283,-0.007269790869589795,0.2821464625527295,13113270.0,1.0705415201547746,1
2022-11-16,122.45285034179688,122.85759459573194,121.45019737205082,122.34247064929635,7893400,117.74406242370605,108.4023226928711,112.84680187225342,120.36873264735526,115.76854813579192,4.6001845115633415,4.484203538511332,0.11598097305200916,71.93622039105882,117.74406242370605,127.11438920082215,108.37373564658996,0.15916431935899492,0.0013537185959808795,0.001352803145044498,0.266521501220952,12654340.0,0.6237701847745517,0
2022-11-17,121.91934967041016,122.24130921985102,120.76032055736282,121.42262691798348,8820200,118.49881477355957,108.67813049316406,112.78386672973633,120.60728911244063,116.22416306428215,4.3831260481584735,4.463988040440761,-0.08086199228228708,67.44074918839567,118.49881477355957,126.49701472850735,110.5006148186118,0.13499206671782515,-0.00435678442680254,-0.004366302868667098,0.2670985270057305,12484980.0,0.7064648882096728,1
2022-11-18,123.11516571044922,123.87865805777638,121.6801734570925,123.78667965255467,9468500,119.03279724121094,108.96746124267578,112.73247272491454,120.99311628136502,116.73460770473896,4.258508576626056,4.422892147677819,-0.16438357105176316,70.28553214730795,119.03279724121094,126.74754831665092,111.31804616577097,0.1296239566614001,0.00980825474604119,0.009760466043888024,0.20609527461053648,11928740.0,0.7937552499258095,0
2022-11-21,122.38848114013672,123.77747723170171,122.11251784062623,123.02319251818793,7800500,119.52354698181152,109.2165478515625,112.6601318359375,121.20778779809913,117.15341314439806,4.054374653701075,4.34918864888247,-0.2948139951813955,63.50620408887361,119.52354698181152,126.74090596139203,112.30618800223101,0.12076882190718136,-0.005902478107543407,-0.005919966582297484,0.20918551421831505,11687555.0,0.6674193190962524,1
2022-11-22,124.2190170288086,124.43059685736328,122.97720316575173,123.2623601112816,9185700,120.09110603332519,109.57864654541015,112.59465587615966,121.67105383359291,117.67679120990995,3.994262623682957,4.278203443842568,-0.28394082015961075,71.29298410473882,120.09110603332519,126.87708647710346,113.30512558954692,0.11301387201638674,0.014956766123895848,0.014846016634733183,0.2124524680331737,11582385.0,0.7930750013922003,1
2022-11-23,125.54361724853516,125.56201854399083,124.05343514637053,124.12702629211735,7316200,120.6600440979004,109.97216033935547,112.52288520812988,122.26683282050709,118.25951906462294,4.007313755884155,4.224025506250885,-0.21671175036672974,73.01595660428978,120.6600440979004,127.25942043892316,114.06066775687763,0.10938793186032984,0.010663425386946646,0.010606972035909788,0.21213112943875784,11364845.0,0.6437571299916541,1
2022-11-25,125.78279876708984,126.15074047959821,125.15728101253367,125.54362402149044,3220500,121.21840476989746,110.33854843139649,112.44939510345459,122.8077506584429,118.81679904258345,3.9909516158594442,4.177410728172597,-0.1864591123131527,67.88678371368965,121.21840476989746,127.54866125756499,114.88814828222993,0.10444381774671792,0.001905166696616556,0.0019033541682928854,0.21236956174155433,10989490.0,0.293052725831681,0
2022-11-28,123.58430480957031,125.75519443763432,123.43712252114125,125.16647931999368,9906900,121.5987705230713,110.67537139892578,112.36782787322998,122.92722052784711,119.16994761791582,3.757272909931288,4.093383164524335,-0.3361102545930468,57.99360682318559,121.5987705230713,127.50281353783032,115.69472750831227,0.09710695246937277,-0.01747849450854122,-0.0176330469373464,0.224507521813658,10891860.0,0.9095691644953203,1
2022-11-29,125.6172103881836,125.69080153509853,123.63949919562073,123.86946626620134,7925300,122.08997993469238,111.03315963745118,112.30553039550782,123.34106512174503,119.64752263793565,3.693542483809381,4.013415028381345,-0.3198725445719637,62.301424084120875,122.08997993469238,127.58044247381758,116.59951739556718,0.0899412473007552,0.01644954496241069,0.01631571681147337,0.22842136189949672,10623365.0,0.7460253883774115,1
2022-11-30,127.10740661621094,127.10740661621094,122.51727236124805,125.18488506151688,14761200,122.55129470825196,111.4632374572754,112.25709800720215,123.92050227473979,120.20010663632641,3.720395638413379,3.9548111503877514,-0.2344155119743725,70.40624347014888,122.55129470825196,128.10284010435947,116.99974931214443,0.09059953890040313,0.011862994118579273,0.011793180394645943,0.22447332863689173,10692080.0,1.3805732841505114,0
2022-12-01,125.32288360595703,127.54896358705759,124.57777836565158,127.10741662182204,8858500,122.97765464782715,111.91852722167968,112.18974071502686,124.13625324877322,120.57957159703979,3.5566816517334274,3.8751852506568865,-0.31850359892345903,53.356637919117766,122.97765464782715,127.94729661652075,118.00801267913356,0.08082186935383062,-0.0140394887895251,-0.014138974663780543,0.22881959363850543,10307700.0,0.8594060750700933,0
2022-12-02,124.32943725585938,124.50421452707293,122.65526974852972,123.71312700837171,8931900,123.34376335144043,112.37728759765625,112.11616031646729,124.165973865248,120.85733942361901,3.308634441628996,3.761875088851309,-0.4532406472223127,49.614193720657596,123.34376335144043,127.4684873035873,119.21903939929356,0.06688175940269292,-0.007927094569745718,-0.007958681020497738,0.23242727489702553,10130575.0,0.8816774960947429,0
2022-12-05,120.84309387207031,123.78668365587976,120.13480538826083,123.48312543307155,10154500,123.37549858093261,112.80406631469727,112.0411608505249,123.65476155860529,120.85628419757838,2.7984773610269116,3.5691955432864297,-0.7707181822595182,43.81693987747106,123.37549858093261,127.40737254204883,119.3436246198164,0.06535939481486862,-0.028041174003019642,-0.028441835504322888,0.23896359008327864,9890640.0,1.026677747850493,1
2022-12-06,121.04547119140625,124.28341167026855,119.46329652764835,122.70123700651065,13966700,123.38561744689942,113.27774291992188,111.96398868560792,123.2533322713439,120.87029804897303,2.383034222370867,3.3319632791033174,-0.9489290567324504,46.5891383849653,123.38561744689942,127.39166399469003,119.3795708991088,0.06493538924039784,0.0016747115027540005,0.0016733107371460583,0.23832294729791725,9988415.0,1.398289918871012,0
2022-12-07,120.96268463134766,122.41607826790143,119.88644037637134,120.78790740397876,11739400,123.38791694641114,113.76690368652343,111.88761344909668,122.9009249421137,120.8771414995193,2.0237834425944072,3.0703273118015355,-1.0465438692071283,45.88837941282591,123.38791694641114,127.38804484787539,119.38778904494689,0.06483824349189,-0.0006839294295255538,-0.0006841634159507236,0.2383369872588279,10081180.0,1.1644866969938044,1
2022-12-08,122.23210144042969,122.32407984671067,120.89828120663294,121.7261710796181,8907300,123.5323356628418,114.24243179321289,111.83184867858887,122.7980290187777,120.9775089025497,1.8205201162279963,2.820365872686828,-0.9998457564588317,50.82925881945975,123.5323356628418,127.1032168186076,119.961454507076,0.057812897920295946,0.010494284356789674,0.01043960159298353,0.23574614076227446,10051845.0,0.8861358287956091,0
2022-12-09,121.56979370117188,123.04157450873353,121.42261140959295,121.60658225602866,7957800,123.39803581237793,114.73808242797851,111.7913419342041,122.60906973914602,121.02138185059579,1.587687888550235,2.5738302758595095,-0.9861423873092745,45.78315610743392,123.39803581237793,127.05534623728333,119.74072538747252,0.059276639224083064,-0.005418443530405881,-0.0054331765396381645,0.18348074181205054,9632155.0,0.8261702599262574,1
2022-12-12,123.45552062988281,123.86025085850345,121.05466400164177,121.79054735264307,8841600,123.34790229797363,115.30171630859375,111.74492378234864,122.73929295310552,121.20168842683927,1.53760452626625,2.3665851259408575,-0.8289805996746074,52.73840828146324,123.34790229797363,126.97135590223401,119.72444869371326,0.058751766941396985,0.015511475929178564,0.01539240274173477,0.19254109911552314,9539000.0,0.9268896110703428,0
2022-12-13,123.33595275878906,126.10475150005928,122.41608438860365,125.92078063323768,10025400,123.35572242736816,115.80406219482421,111.72558246612549,122.83108676936452,121.35978208105777,1.4713046883067449,2.187529038414035,-0.7162243501072902,47.51555661448574,123.35572242736816,126.97832118545394,119.73312366928239,0.05873418252191353,-0.0009685097149458866,-0.0009689790235242729,0.18897008886748176,9485990.0,1.056863859228188,0
2022-12-14,122.71965026855469,124.8353504587983,122.12172736909545,123.05999709514892,9966100,123.37733955383301,116.20218170166015,111.7271561050415,122.81394269231686,121.4605130579094,1.353429634407462,2.0207091576127207,-0.6672795232052589,41.725160592821915,123.37733955383301,126.9781884365628,119.77649067110322,0.05837131673857565,-0.004996941090159579,-0.005009467547023221,0.1879729537718955,9282380.0,1.073657833443578,0
2022-12-15,119.67487335205078,121.49620868498153,118.7090088144396,120.64072385358537,12087800,123.2384407043457,116.56479415893554,111.70081233978271,122.33100894766054,121.32824345006802,1.0027654975925202,1.8171204256086808,-0.8143549280161606,34.629642144582874,123.2384407043457,127.18697149244257,119.28990991624885,0.0640795317683312,-0.024810834367934076,-0.025123810770078213,0.20781948260050156,9492100.0,1.273458981679502,0
2022-12-16,118.92977142333984,119.49089167180837,118.13868409002481,118.80099041726888,21133700,123.08896179199219,116.95389862060547,111.67518371582031,121.80774163622658,121.15057885549557,0.6571627807310136,1.5851288966331474,-0.9279661159021337,37.362648744113514,123.08896179199219,127.45231405201844,118.72560953196594,0.07089753941380816,-0.00622605153313216,-0.006245514217817391,0.2083175273657561,10107775.0,2.0908360148499545,1
2022-12-19,119.63806915283203,120.80630582686874,118.74579577670399,119.26091978022608,9017200,122.91510696411133,117.39690689086915,111.67054454803467,121.4739458695505,121.03854109974272,0.4354047698077892,1.3551840712680758,-0.9197793014602866,32.50809981724633,122.91510696411133,127.54312159646838,118.28709233175428,0.07530424447677266,0.005955596492075443,0.0059379320275381045,0.2060642191323041,10085210.0,0.8941013622919106,1
2022-12-20,120.21760559082031,121.46862719862709,119.76686501377469,120.47516762453834,8549900,122.8065631866455,117.86971969604492,111.69208179473877,121.28066274974586,120.97773106204475,0.3029316877011041,1.1447335945546817,-0.8418019068535776,28.70956973083895,122.8065631866455,127.58593797938775,118.02718839390326,0.07783582031325789,0.004844080501231973,0.00483238569512928,0.20644644793364933,10122680.0,0.844628102439275,1
2022-12-21,121.56979370117188,122.3240783823811,121.21104563799565,121.58818096056233,8051700,122.67410202026367,118.42532012939454,111.72446174621582,121.32514443458062,121.02158755383195,0.3035568807486726,0.9764982517934799,-0.6729413710448073,38.08404932792996,122.67410202026367,127.43546327822996,117.91274076229739,0.07762618481902218,0.011247837649952519,0.011185051094040927,0.20308102785925675,10065980.0,0.7998923105350895,0
2022-12-22,120.19001007080078,120.77872529298976,118.12030614396916,120.59475441782034,8648200,122.40642166137695,118.92296905517578,111.72688812255859,121.15050837861449,120.95998922175556,0.19051915685892595,0.8193024328065692,-0.6287832759476433,37.17213539166902,122.40642166137695,127.08984606226643,117.72299726048747,0.07652252777792368,-0.011349724206678458,-0.01141462385582536,0.20133933656518171,10132580.0,0.8535042407757946,1
2022-12-23,120.76030731201172,120.90748960624573,119.25172388630338,120.11640231983306,5091900,122.15529708862304,119.32605499267578,111.73925285339355,121.09047744529099,120.94519796918195,0.1452794761090388,0.6844978414670632,-0.5392183653580244,49.68685266000643,122.15529708862304,126.60944249392354,117.70115168332255,0.07292594773141986,0.004744963752602915,0.00473374189629604,0.20233840032453865,10226150.0,0.4979293282418114,1
2022-12-27,121.18346405029297,121.62499693754901,120.08881844482123,121.02708811180806,5411000,122.03525505065917,119.70412109375,111.76705471038818,121.10478307682976,120.96284730852351,0.14193576830625432,0.5759854268349014,-0.4340496585286471,50.513395049358245,122.03525505065917,126.45652893722647,117.61398116409188,0.07245896089178387,0.0035041045166266382,0.0034979794468143373,0.1945495347824571,10001355.0,0.5410266908833853,1
2022-12-28,121.84577178955078,122.7196439433272,120.51195140970101,121.28465151631285,8827700,121.84668312072753,120.00951736450196,111.79242687225342,121.21878134032531,121.02824912193293,0.19053221839237722,0.49889478514639657,-0.30836256675401935,53.14966029340375,121.84668312072753,125.93377990570067,117.75958633575439,0.06708589319454161,0.005465330971088145,0.005450450243887321,0.18523521448684957,10046475.0,0.8786863053956736,1
2022-12-29,122.54486083984375,122.59085706385727,121.70777728545919,122.27809116221148,6585200,121.61855583190918,120.27407150268554,111.81093338012695,121.42279357102045,121.14059073066707,0.28220284035337784,0.45555639618779287,-0.17335355583441503,51.16280916813505,121.61855583190918,124.89902787270866,118.3380837911097,0.05394690009859137,0.005737491256573302,0.005721094541059676,0.18061117463856674,9637675.0,0.6832768276581229,1
2022-12-30,123.35433959960938,123.56590536985559,121.82735491540012,122.16770168093653,9292500,121.5201286315918,120.59768112182617,111.80693416595459,121.71995449849567,121.30457212836649,0.4153823701291799,0.44752159097607025,-0.03213922084689036,56.5629482313171,121.5201286315918,124.42979501163937,118.61046225154423,0.04788780941581619,0.006605570843346564,0.006583849661663611,0.17682843747922725,9659375.0,0.9620187641539955,1
2023-01-03,124.29259490966797,125.78279103671846,123.16116087896775,124.40298864549719,11054800,121.51828651428222,120.94704696655273,111.79977684020996,122.11574533098371,121.52590714920363,0.5898381817800811,0.4759849091368724,0.11385327264320866,53.30908055593591,121.51828651428222,124.42050124223205,118.6160717863324,0.047765892874217314,0.007606179994186224,0.00757739885800344,0.1770416053926397,9765520.0,1.1320236915187312,1
2023-01-04,125.45166015625,126.64747787858346,124.706568978585,125.09291203233433,11687600,121.74871482849122,121.2073698425293,111.79863914489746,122.62896299640929,121.8167036682441,0.8122593281651831,0.5432397929425345,0.26901953522264854,57.728533955829946,121.74871482849122,125.11924150910019,118.37818814788224,0.055368579214278756,0.009325296067914657,0.009282083930785853,0.14525097923168337,9842175.0,1.187501746311156,0
2023-01-05,125.42386627197266,125.75746558024332,123.894863550833,125.71112959358614,8381300,121.96763458251954,121.46437744140626,111.79938087463378,123.05894811572674,122.08390089814992,0.9750472175768152,0.6296012778693907,0.34544593970742454,60.32212164859468,121.96763458251954,125.69564540650032,118.23962375853876,0.06113114904197842,-0.00022155054977135435,-0.0002215750957199189,0.1454480888367264,9562905.0,0.8764386972368752,1
2023-01-06,127.82391357421875,128.23164761109936,124.62692862468788,126.14665558230656,10029100,122.31069602966309,121.76349899291992,111.79880146026612,123.79201972472552,122.50908702230316,1.2829327024223574,0.7602675627799841,0.5226651396423733,82.71550939921822,122.31069602966309,126.82845195691623,117.79294010240996,0.07387343991824684,0.019135491303080787,0.018954710370205772,0.15744531384466015,9477390.0,1.0582132844591179,0
2023-01-09,127.2956771850586,128.6949472040122,126.84162141658003,128.435482724952,8482300,122.56387481689453,122.02611541748047,111.80831897735595,124.33104394939214,122.86364925658134,1.4673946928107995,0.9016929887861472,0.5657017040246523,84.18133937822866,122.56387481689453,127.60078977664207,117.52695985714698,0.08219248889238359,-0.004132531811846363,-0.004141094319466193,0.15653425059545756,9456140.0,0.8970150611137314,1
2023-01-10,128.4355010986328,128.54669613706488,127.24009787646544,127.68489216994938,9048700,122.90716018676758,122.30251373291016,111.81945407867431,124.96249889542916,123.27637902265923,1.686119872769936,1.058578365582905,0.627541507187031,84.72014544499774,122.90716018676758,128.55732710568248,117.25699326785269,0.09194203023369828,0.008954144702943756,0.008914294058226947,0.1557169209028101,9510685.0,0.951424634503193,1
2023-01-11,129.38998413085938,129.5011791875501,127.97219059902068,128.71350982996952,8703700,123.20388336181641,122.57077362060546,111.82984477996825,125.64365047011074,123.72923866030368,1.9144118098070635,1.2297450544277369,0.6846667553793266,85.15936091861515,123.20388336181641,129.55511612681897,116.85265059681385,0.10310117817229372,0.007431613720987995,0.00740413533492769,0.14948300066315462,9503790.0,0.9158135859483427,0
2023-01-12,129.26022338867188,130.5297471388715,129.01002042645388,129.73281641530158,11001700,123.50009689331054,122.84011764526367,111.84429611206055,126.20004630373553,124.1389412327754,2.0611050709601386,1.3960170577342172,0.6650880132259214,82.52708331450978,123.50009689331054,130.40567376753822,116.59452001908286,0.1118311167025768,-0.0010028654308842366,-0.0010033686368805315,0.14949329557256935,9552605.0,1.1516963173919574,1
2023-01-13,132.52206420898438,132.96687260835924,124.91416926068361,125.65550245322048,20200000,123.99021759033204,123.13293670654296,111.87366626739502,127.17266444300458,124.75991330508717,2.412751137917411,1.599363873770856,0.8133872641465549,94.99555441237794,123.99021759033204,131.9703988730097,116.01003630765436,0.12872275632331692,0.025234683453273066,0.02492154584976088,0.16715113934817152,10064300.0,2.0070943831165606,0
2023-01-17,130.47413635253906,131.15985783440507,129.01926884362786,130.81699709347208,14292900,124.53018074035644,123.40650573730468,111.89566730499267,127.68058319831758,125.1831890863799,2.4973941119376803,1.778969921404221,0.7184241905334594,81.99281449403695,124.53018074035644,132.73907765642127,116.3212838242916,0.13183787042243622,-0.015453485943410672,-0.015574135643623508,0.14803940403625335,10174555.0,1.4047690537817132,0
2023-01-18,126.55436706542969,130.40927422767282,126.4060975984864,128.73201653467143,13392600,124.91141052246094,123.5974478149414,111.91699764251709,127.50731917787328,125.28475782556878,2.22256135230451,1.8676882075842787,0.3548731447202311,64.37771097895674,124.91141052246094,132.72380915100373,117.09901189391815,0.125087029213204,-0.03004250035055389,-0.030503023238990144,0.18909537935744014,9787500.0,1.368337164750958,0
2023-01-19,124.86783599853516,125.93349276488416,123.79290355298434,125.39604068186362,13303400,125.17289886474609,123.69063674926758,111.9344255065918,127.1012448425905,125.25387472726999,1.8473701153205155,1.8636245891315262,-0.01625447381101064,57.66939514264671,125.17289886474609,132.58179415918704,117.76400357030512,0.11837858452805416,-0.013326533931638851,-0.01341612907038432,0.1975393982986424,10001810.0,1.3300992520353816,1
2023-01-20,125.17361450195312,125.55354964890002,123.75582152895853,125.24774922377831,13092500,125.42069931030274,123.77724716186523,111.95069110870361,126.8046863286463,125.24792952539467,1.5567568032516306,1.8022510319555471,-0.24549422870391657,56.80714165483266,125.42069931030274,132.4537443633904,118.38765425721508,0.1121512651701493,0.0024488171911745127,0.002445823724329357,0.19729947437810494,10228940.0,1.279946895768281,1
2023-01-23,127.2030258178711,127.84242550925875,124.93270444130596,125.21069201168811,10487100,125.70236091613769,123.90297378540039,111.98419788360596,126.86596932698856,125.39275147298551,1.4732178540030532,1.7364443963650484,-0.2632265423619953,59.373904809121356,125.70236091613769,132.53437890389955,118.87034292837585,0.10870150628785455,0.016212772348171756,0.016082748833178683,0.20110455093561544,10350710.0,1.0131768738569624,1
2023-01-24,128.2965087890625,130.00156557157928,125.0995237869042,126.4153837477437,6945000,126.10768585205078,124.08202941894531,112.03153133392334,127.08605232115377,125.60784460750973,1.4782077136440392,1.6847970598208468,-0.20658934617680758,59.678793045003715,126.10768585205078,132.5111562392753,119.70421546482626,0.10155559265019028,0.008596359749783344,0.008559621442972617,0.1954755208590431,10265550.0,0.6765346230840042,1
2023-01-25,128.91734313964844,128.91734313964844,127.1844879739416,127.92582115073874,8967000,126.51553764343262,124.1752604675293,112.08377658843995,127.36778937015295,125.85299264692742,1.5147967232255297,1.6507969925017836,-0.13600026927625386,58.601536049444434,126.51553764343262,132.51104318638392,120.52003210048133,0.09477896003333337,0.004839058805619301,0.0048273881952603055,0.19548476841511947,10459305.0,0.8573227379830687,1
2023-01-26,129.7143096923828,129.788444444534,128.21311984565625,129.19538056708268,7487600,126.94207992553712,124.28038284301758,112.12916198730468,127.72879249664985,126.13901613177597,1.5897763648738703,1.638592866976201,-0.048816502102330794,60.2569092606326,126.94207992553712,132.5410700478048,121.34308980326944,0.08821330366655387,0.006181996412003787,0.0061629662614614425,0.195744452195483,10563135.0,0.7088425926583348,1
2023-01-27,130.0293731689453,130.90042460682147,129.50116841409078,130.2980992468447,7489900,127.35125999450683,124.41737930297852,112.1783367919922,128.08272798469528,126.42719072712185,1.6555372575734282,1.6419817450956466,0.013555512477781528,55.85626687044229,127.35125999450683,132.5649411008993,122.13757888811439,0.08187875183358746,0.0024289030046853455,0.0024259579875921793,0.19563264935639596,10496245.0,0.7135789989658207,0
2023-01-30,128.9266357421875,129.81622435931374,128.72276873831353,129.01929356410358,6729300,127.67034873962402,124.55016586303711,112.22859519958496,128.2125599473864,126.6123348023119,1.6002251450745035,1.6336304250914182,-0.033405280016914674,54.20254582985207,127.67034873962402,132.4045628208619,122.93613465838612,0.07416309468838436,-0.008480679402530389,-0.008516844981712254,0.19977619973057303,10503450.0,0.6406752067177928,1
2023-01-31,129.69580078125,129.79773430912655,128.11120032785246,129.621666020998,9188700,127.98742179870605,124.69502487182618,112.30185813903809,128.4407508449039,126.84073968964066,1.600011155263246,1.626906571125784,-0.026895415862537853,53.31069684366472,127.98742179870605,132.33845394905566,123.63638964835644,0.06799155868914611,0.005965912587687416,0.005948186995801535,0.19961966054574487,10498260.0,0.8752593286887541,0
2023-02-01,129.35289001464844,130.54829325131965,127.99069421830544,128.07410463789716,8841800,128.24043655395508,124.84369567871094,112.37873836517333,128.58107994794153,127.02682489890049,1.5542550490410463,1.6123762667088366,-0.058121217667790326,49.89932213273079,128.24043655395508,132.26292497086567,124.2179481370445,0.06273354216504382,-0.002643961982854992,-0.0026474634234840734,0.1995159052165858,10387610.0,0.8511871354430903,0
2023-02-02,128.7505645751953,130.1590963500424,127.87949905837876,129.7328251316886,11822100,128.40538177490234,124.95640365600586,112.44203350067139,128.6071545059806,127.15450931936677,1.4526451866138217,1.5804300506898339,-0.1277848640760122,48.65132126180866,128.40538177490234,132.21107779225224,124.59968575755242,0.05927626965077498,-0.004656451350912305,-0.004667326393039631,0.19894680379797816,10394335.0,1.1373599176859317,1
2023-02-03,130.74288940429688,131.89195670361985,127.99997463008327,128.04629647186732,11501200,128.67133293151855,125.12349182128906,112.50327087402344,128.93572910572158,127.42031525158382,1.515413854137762,1.5674268113794194,-0.05201295724165744,44.95276113400982,128.67133293151855,132.34071369692833,125.00195216610875,0.057034938269625426,0.015474299749093312,0.015355793740790893,0.20498750149376704,10550330.0,1.0901270386803066,1
2023-02-06,131.51202392578125,131.80856290141585,129.76063125273973,129.94596104263303,8406200,128.8557384490967,125.26935195922852,112.56627540588379,129.33208215496154,127.72340478300586,1.6086773719556788,1.5756769234946715,0.03300044846100736,53.17466021955045,128.8557384490967,132.7117517998844,124.99972509830897,0.05985008346851395,0.005882801925127801,0.005865565810612649,0.19561338758624897,10469185.0,0.8029469342647017,1
2023-02-07,133.11514282226562,133.75454259559032,130.82628393444696,131.01162785812542,10447900,129.14671173095704,125.42078247070313,112.64190444946288,129.91409148839293,128.122792785914,1.7912987024789402,1.6188012792915254,0.1724974231874148,73.38159737931994,129.14671173095704,133.36802134362196,124.92540211829211,0.06537231271453361,0.01218990361968042,0.012116205058980615,0.19795118210440663,10567465.0,0.9886855551449661,0
2023-02-08,132.17921447753906,133.4765370679939,131.84561522002844,132.18847601755812,6958000,129.33389739990236,125.5487107849121,112.72979858398438,130.26257194826158,128.4232684667751,1.8393034814864677,1.662901719730514,0.17640176175595368,77.5294752342535,129.33389739990236,133.749942150098,124.9178526497067,0.06828905397540408,-0.007030968264641446,-0.007055801993911562,0.19896662352975125,10462930.0,0.6650144844704112,0
2023-02-09,130.1219940185547,132.82784780881434,129.61232662969095,132.62398085326885,6443100,129.3704978942871,125.67946456909179,112.80758728027344,130.2409445744605,128.54909998912916,1.6918445853313528,1.6686902928506817,0.023154292480671135,66.46099120143506,129.3704978942871,133.80061140132477,124.94038438724944,0.06848722976482102,-0.01556387263395298,-0.015686261254419347,0.20649435296306362,10349900.0,0.622527753891342,1
2023-02-10,130.69654846191406,130.91895268101243,128.4262268501719,129.52895812609816,6582900,129.44231414794922,125.78105133056641,112.90519355773925,130.3110374802226,128.70817024637248,1.6028672338501337,1.6555256810505723,-0.05265844720043855,62.866759244533135,129.44231414794922,133.91129849412886,124.9733298017696,0.06904982154555268,0.004415505984925572,0.004405786239600003,0.20691438987073,10128960.0,0.6499087764192968,1
2023-02-13,132.11434936523438,132.26260469752583,130.41855439555908,130.9374834079669,7134600,129.42192840576172,125.88119018554687,113.01711853027344,130.58847007791672,128.9604798107326,1.627990267184117,1.6500185982772815,-0.022028331093164377,63.733155059080794,129.42192840576172,133.83513228681227,125.00872452471117,0.0681987038118353,0.010848036310105558,0.010789618463763475,0.18982382883930515,9475690.0,0.7529372531182426,1
2023-02-14,132.69813537597656,133.26340035710024,131.21548309777444,132.04947412052846,9249400,129.5331283569336,126.02869522094727,113.1232867050171,130.91303396992595,129.23734318593586,1.6756907839900919,1.6551530354198438,0.020537748570248038,63.63623355581776,129.5331283569336,134.16464129197192,124.90161542189527,0.07151086357269175,0.004418793367617413,0.004409059165289199,0.18140554884841828,9223515.0,1.002806413823797,1
2023-02-15,133.25416564941406,133.33756194053097,130.9375077422259,131.224771060356,6728300,129.8681182861328,126.20718978881835,113.25021900177002,131.27320807446256,129.53488559063794,1.7383224838246178,1.6717869251007988,0.066535558723819,62.99306179416582,129.8681182861328,134.5612390516173,125.17499752064832,0.07227517927293498,0.004190189047209136,0.0041814346516115845,0.139887718124572,8890300.0,0.7568136058400728,0
2023-02-16,131.41934204101562,132.87419547207415,131.28959565811144,132.4294012298099,8165300,130.19569358825683,126.41871475219726,113.36305206298829,131.29569022316304,129.6744749573326,1.6212152658304433,1.6616725932467278,-0.040457327416284494,54.58982180448779,130.19569358825683,134.2964747096909,126.09491246682275,0.06299411306802163,-0.013769352721218375,-0.013865029545597334,0.14056440739994083,8633395.0,0.9457808892098647,1
2023-02-17,131.80853271484375,132.35526041873317,129.79767596852335,130.64092844038112,7948800,130.52743949890137,126.63397598266602,113.46617301940918,131.37458906803698,129.83255330974083,1.5420357582961515,1.6377452262566128,-0.09570946796046131,59.986949725775034,130.52743949890137,133.9319811186437,127.12289787915904,0.05216591442860545,0.002961441350898486,0.0029570649216910647,0.1405689980873427,8376210.0,0.948973342358895,0
2023-02-21,129.38998413085938,130.97457024773416,128.5745160091061,130.37224483764874,9996300,130.63678741455078,126.80252197265625,113.53881057739258,131.06926523154812,129.79977040760147,1.2694948239466441,1.564095145794619,-0.2946003218479749,49.04894141228546,130.63678741455078,133.71676456248989,127.55681026661166,0.04715328980290053,-0.018348953092564124,-0.018519383160653487,0.1495041745750839,8351670.0,1.196922292188269,0
2023-02-22,128.3984375,129.20462987621065,127.36057934765923,128.73203678321767,11107500,130.64188385009766,126.92584869384766,113.6208595275879,130.6583686574638,129.69596797000136,0.9624006874624342,1.4437562541281823,-0.4813555666657481,47.146856757622174,130.64188385009766,133.70585163105804,127.57791606913727,0.04690636250279534,-0.007663240995968934,-0.007692754503346943,0.14953575925710316,8559795.0,1.297636216755191,1
2023-02-23,129.42701721191406,129.89034870367567,127.82389420955033,128.55595174504145,8068000,130.66736755371093,127.0829931640625,113.708955078125,130.46892997353308,129.67604569162452,0.792884281908556,1.313581859684257,-0.520697577775701,51.97186757191454,130.66736755371093,133.67897282863285,127.655762278789,0.04609575185149427,0.008010842903863669,0.007978926440393488,0.15128761805572932,8514845.0,0.9475216518914907,1
2023-02-24,130.5946044921875,130.99307691865604,128.74127856755442,128.90808525344383,9126900,130.71138229370118,127.22577484130859,113.81129314422607,130.4882645148645,129.7440870842588,0.7441774306057027,1.1997009738685462,-0.4555235432628435,49.545914161983134,130.71138229370118,133.68988842954772,127.73287615785463,0.045573783760529854,0.009021202106216597,0.008980754140014919,0.15309142583613647,8596810.0,1.0616612441126418,1
2023-02-27,131.73443603515625,132.80009299558597,131.3267019891547,131.6881000499729,10014700,130.79663543701173,127.39374450683594,113.93275054931641,130.679983210294,129.89152033988083,0.7884628704131842,1.117453353177474,-0.32899048276428977,50.66596244732062,130.79663543701173,133.7905155052361,127.80275536878737,0.04577916027000769,0.008728014050817468,0.008690145123676479,0.15581679179596072,8723050.0,1.1480732083388265,1
2023-02-28,132.837158203125,133.21707931979367,131.49348542502423,132.45722294669986,11019800,130.9921615600586,127.59609466552735,114.06311046600342,131.01185628611415,130.10971573715818,0.9021405489559697,1.074390792333173,-0.1722502433772033,49.14192482398579,130.9921615600586,133.982601937885,128.00172118223222,0.04565831027156997,0.008370796590152496,0.008335955767642032,0.1541240382787613,8937575.0,1.232974268747395,0
2023-03-01,132.0958251953125,132.93909199365447,131.40082788366382,131.6788296362746,7139200,131.1121627807617,127.84451370239258,114.19021556854248,131.17862073368315,130.25683495628073,0.9217857774024196,1.0438697893470223,-0.12208401194460272,49.73946638520456,131.1121627807617,134.0760684950403,128.14825706648313,0.045211758412294,-0.005580765335847615,-0.0055963959878411705,0.1551725550695522,8835100.0,0.8080497108125545,0
2023-03-02,130.724365234375,131.98461342733398,129.3065577377837,131.80855932255736,11106800,131.18073654174805,128.0804055786133,114.30571891784668,131.10873527225112,130.29146682873215,0.8172684435189694,0.9985495201814119,-0.18128107666244242,51.96624652468903,131.18073654174805,134.03468303194694,128.32679005154915,0.0435116704698579,-0.010382311166228786,-0.010436583332636671,0.15991678289346242,8948350.0,1.2412120670291171,1
2023-03-03,133.1243896484375,133.19852437388943,130.73359777668708,131.13205601876894,9513100,131.39942779541016,128.3501319885254,114.4369728088379,131.41883594551058,130.50131296352515,0.917522981985428,0.9823442125422152,-0.06482123055678712,57.08103508586107,131.39942779541016,134.13724615568876,128.66160943513157,0.04167169379978424,0.01835942679667646,0.018192927322758304,0.17045104415189474,8832900.0,1.077007551313838,0
2023-03-06,132.34600830078125,133.4765240826197,132.19773883636643,132.9205348006957,9261300,131.47958374023438,128.5927000427246,114.54662189483642,131.56147784632145,130.63795706258117,0.9235207837402868,0.9705795267818296,-0.04705874304154278,50.701833216838814,131.47958374023438,134.2303083150272,128.72885916544155,0.041842611552945934,-0.0058470228461654505,-0.005864183609861227,0.16433540836155952,8720905.0,1.0619654726201009,0
2023-03-07,128.45404052734375,131.87342979188446,127.70344564288506,131.59542802066633,11747600,131.3266845703125,128.73038497924804,114.64625503540039,131.08341056647873,130.4761854673784,0.607225099100333,0.8979086412455303,-0.2906835421451973,39.28909481739463,131.3266845703125,134.39180595554262,128.26156318508237,0.0466793385557382,-0.029407519149291406,-0.029848588949427005,0.19444680692128075,8887975.0,1.3217408914854059,0
2023-03-08,127.69416046142578,128.42621798834037,126.8508937627579,127.87949022800817,10002500,131.0556354522705,128.88046798706054,114.75013191223144,130.56198747339366,130.27010954101155,0.291877932382107,0.7767024994728456,-0.4848245670907386,36.11101264293291,131.0556354522705,134.40080948595457,127.71046141858646,0.05104967859092699,-0.005915579321587927,-0.005933145671961449,0.1885610379202826,8865705.0,1.1282238693933533,0
2023-03-09,120.78125,127.27716657045536,119.74339198213478,126.73042466341457,25888100,130.48573722839356,128.88088684082032,114.82382724761963,129.0572586313331,129.56723105649218,-0.5099724251590771,0.5193675145464611,-1.0293399397055383,28.80348397563357,130.48573722839356,136.1231738637429,124.84830059304424,0.08640694002413352,-0.05413646510103376,-0.0556569751996644,0.2641752236906022,9812210.0,2.6383556813398816,1
2023-03-10,123.84850311279297,125.34043109415272,118.44606324743009,119.50246556164122,37599700,130.17206268310548,128.9341876220703,114.88005390167237,128.25591162848076,129.14362157918112,-0.887709950700355,0.23795202149709793,-1.1256619721974528,35.66897930983329,130.17206268310548,136.5448835789321,123.79924178727887,0.09791380369136164,0.025395109860122833,0.025078011348994497,0.280640017681851,11370040.0,3.3069100900260686,0
2023-03-13,121.62450408935547,124.06163201030522,119.91944776842459,121.58744379531504,42901100,129.71846046447754,128.9297622680664,114.91720775604249,127.23569508399996,128.5866499132681,-1.3509548292681473,-0.0798293486559511,-1.271125480612196,35.920611624686856,129.71846046447754,137.13936397643377,122.29755695252132,0.11441553477252972,-0.017957415451457126,-0.01812060644719507,0.2847286655561454,13185950.0,3.2535463883906734,1
2023-03-14,124.74737548828125,125.5906422588234,121.661585829519,125.35897649591112,29648100,129.3501117706299,128.97381256103515,114.96599975585937,126.85287668465861,128.30225921512093,-1.4493825304623158,-0.35373998501722403,-1.0956425454450918,43.85525188546869,129.3501117706299,136.99815079615774,121.70207274510204,0.11825330370165799,0.02567633407681935,0.025352233116637073,0.2990970844765257,14311625.0,2.0716096180552523,0
2023-03-15,118.85379791259766,121.38359822418991,117.43601164465217,121.37432254422968,34280600,128.65789489746095,128.88380172729492,114.97538284301758,125.62224918126462,127.6023731927118,-1.9801240114471739,-0.679016790303214,-1.3011072211439598,34.70920239550345,128.65789489746095,137.4504687736643,119.8653210212576,0.13668145096281809,-0.047244100748534246,-0.04839654743262582,0.3366627943474451,15563185.0,2.202672524936252,1
2023-03-16,121.16119384765625,122.27318668025714,116.77807450823371,118.62213199908345,24558500,128.05324630737306,128.82117370605468,114.9880339050293,124.93593297609411,127.12524879678176,-2.1893158206876535,-0.981076596380102,-1.2082392243075515,36.79297440277339,128.05324630737306,137.17213660753472,118.93435600721139,0.14242341468287506,0.01941373330581664,0.019227690783045277,0.34653288014661665,16454695.0,1.492491960501243,0
2023-03-17,116.58345794677734,119.0576462091389,116.24985873501208,118.964988402387,38396000,127.31145210266114,128.64380966186525,114.97345851898193,123.65093681773769,126.34437540048515,-2.6934385827474614,-1.323548993653574,-1.3698895890938874,30.65083919124136,127.31145210266114,137.61426248226897,117.00864172305329,0.16185205980212813,-0.0377821954002433,-0.038514445835023066,0.3650269417565959,17966230.0,2.137120586789772,1
2023-03-20,117.81592559814453,119.97505194460439,116.76879902134797,117.67692474320197,22875500,126.61182174682617,128.49165084838867,114.9755284500122,122.75324278395414,125.71263837808955,-2.9593955941354153,-1.6507183137499424,-1.308677280385473,30.879898568038797,126.61182174682617,137.51188616025848,115.71175733339385,0.17218083213790508,0.01057154825455453,0.010516060159108184,0.36841032456174855,18712565.0,1.2224673635068202,1
2023-03-21,120.9758529663086,122.06930847844701,120.64225373315954,121.01291326343416,17807800,126.19111518859863,128.35468963623046,114.9839542388916,122.47979819662406,125.36176538462429,-2.8819671880002318,-1.8969680886000004,-0.9849990994002313,36.66665263975243,126.19111518859863,137.28744220281772,115.09478817437954,0.1758654244022663,0.02682088480077116,0.026467509504893853,0.3818927315087357,19103140.0,0.932192299276454,0
2023-03-22,117.85299682617188,121.07778707303171,117.7603319431326,120.98511512011504,17250200,125.66384315490723,128.16583602905274,114.98507995605469,121.76798260116988,124.8055603062204,-3.0375777050505235,-2.125090011890105,-0.9124876931604184,35.188724201710826,125.66384315490723,137.30724542328025,114.0204408865342,0.18531030049781416,-0.02581387990714501,-0.026152905203641476,0.3901294652369886,19410275.0,0.8887148688001587,0
2023-03-23,117.53792572021484,120.03065132943779,116.77806238054636,118.5201932592087,16677600,125.06938858032227,127.94788452148437,114.9865733718872,121.11720461948448,124.26721700355333,-3.1500123840688445,-2.330074486325853,-0.8199378977429914,31.16043027220954,125.06938858032227,137.11101295201237,113.02776420863216,0.1925590987271312,-0.002673424642919753,-0.0026770046245446913,0.3876074700423962,19840755.0,0.8405728511843426,0
2023-03-24,115.7494888305664,116.46301629212412,114.08149245696909,116.41668031012709,22311100,124.3271327972412,127.67507461547852,114.97758823394776,120.29140219042016,123.63627417592467,-3.3448719855045113,-2.533033986161585,-0.8118379993429263,30.41771021755369,124.3271327972412,136.75856203030847,111.89570356417396,0.19997934406387446,-0.01521582824173362,-0.015332776785466655,0.385922068815774,20499965.0,1.0883481996188773,1
2023-03-27,119.06693267822266,119.89166217375193,117.028269858248,117.49160135325894,18853900,123.69375762939453,127.47120880126953,114.99454383850097,120.10302226546669,123.29780443535415,-3.1947821698874606,-2.6653836229067602,-0.5293985469807003,38.771892713498275,123.69375762939453,135.82328087822313,111.56423438056592,0.19612183316753165,0.028660548579288347,0.028257517665368482,0.4019787641666079,20941925.0,0.9002945049225417,1
2023-03-28,119.42833709716797,119.85459417722348,118.37193472748154,119.27080607716869,10820500,123.02331657409668,127.2093342590332,115.02546146392822,119.99922454726689,123.01117722511813,-3.011952677851241,-2.7346974338956564,-0.27725524395558443,40.01792946882336,123.02331657409668,134.48903253402983,111.55760061416353,0.18639907099281253,0.0030353046880111645,0.0030307074510639684,0.40011351550978497,20931960.0,0.5169367799288743,1
2023-03-29,119.66926574707031,120.67006353813926,118.39973482303591,120.55886849682805,14595300,122.40198860168456,126.99323684692382,115.08361072540283,119.94846165492895,122.76362822674423,-2.8151665718152827,-2.7507912614795815,-0.06437531033570121,48.39916438028166,122.40198860168456,133.12005821414215,111.68391898922697,0.17512901113618154,0.002017349112935607,0.0020153169967467802,0.4008758223860554,21304765.0,0.6850720953739692,0
2023-03-30,119.30786895751953,120.57739282481155,118.28854100564449,120.41986180140537,12134700,121.8311637878418,126.84830688476562,115.156039352417,119.84990893225057,122.50764605865352,-2.6577371264029495,-2.7321804344642553,0.07444330806130584,42.910911062576,121.8311637878418,131.87800808136728,111.78431949431632,0.1649306135008473,-0.0030199632904460705,-0.0030245325812965347,0.4003239817660346,21356160.0,0.5682060819922683,1
2023-03-31,120.75347137451172,120.7812701374997,119.4005511099055,120.15114599009569,13105200,121.21261787414551,126.76601959228516,115.24441665649414,119.98891853875229,122.37770719316153,-2.3887886544092396,-2.663502078453252,0.27471342404401256,48.606219030955494,121.21261787414551,129.74038207646788,112.68485367182315,0.14070753279459244,0.01211657227325813,0.012043754224754023,0.3962394612871924,21535765.0,0.6085319003063044,0
2023-04-03,120.61445617675781,121.80058365315669,119.91945894575434,120.38279043309,11775400,120.62604026794433,126.67483642578125,115.32599884033203,120.08515509844545,122.24709600676125,-2.161940908315799,-2.5631898444257617,0.4012489361099627,42.688530396094286,120.62604026794433,127.35315852391835,113.89892201197031,0.11153675012511725,-0.0011512314815592672,-0.0011518946575495785,0.39638856248912485,21661470.0,0.5436103828595197,0
2023-04-04,119.00204467773438,121.01290141915644,118.06612026455508,120.92950515397035,11579900,120.15344047546387,126.51081680297851,115.40846580505371,119.91852272602836,122.00672183424075,-2.088199108212393,-2.468191697183088,0.379992588970695,50.309078027766915,120.15344047546387,125.80749970626412,114.49938124466361,0.09411397973168906,-0.013368310483948043,-0.013458470775312427,0.3869057106123003,21653085.0,0.5347921554826945,1
2023-04-05,119.17950439453125,119.68382327165587,118.1054771924964,118.42301895348227,9614700,119.72770767211914,126.32847671508789,115.4936275100708,119.80482759810572,121.79729832018819,-1.992470722082473,-2.373047502162965,0.3805767800804922,45.46568926955673,119.72770767211914,124.13609579303056,115.31931955120771,0.07364023260153008,0.0014912325017393258,0.0014901217187055916,0.3871928243607621,21633695.0,0.44443170711244656,0
2023-04-06,119.04878234863281,119.61848368383984,118.47908101342578,118.60983143868341,8760200,119.64108428955078,126.13110549926758,115.5654835510254,119.68851294434064,121.59370454451742,-1.905191600176778,-2.2794763217657277,0.37428472158894976,57.0821719113481,119.64108428955078,124.03035047008228,115.25181810901927,0.0733738950394126,-0.0010968500545672777,-0.0010974520348166848,0.3371067814265321,20777300.0,0.421623598831417,1
2023-04-10,119.44100952148438,119.75854416864264,117.88133895967496,118.18019803214959,9477300,119.42070960998535,125.92563949584961,115.64223777770997,119.65043549467045,121.43424565392237,-1.783810159251928,-2.180343089262968,0.39653293001103984,54.90520197402813,119.42070960998535,123.33769637850686,115.50372284146384,0.06559979054410162,0.0032946760572731826,0.003289260503848016,0.3234357877310363,19371180.0,0.4892474283962051,1
2023-04-11,120.0293960571289,120.4216472622933,119.11413611971616,119.82392910432019,10516300,119.34095420837403,125.72563995361328,115.7276273727417,119.70873711966405,121.33018272082657,-1.6214456011625202,-2.0685635916428784,0.44711799048035816,46.61819339657103,119.34095420837403,123.1319352226285,115.54997319411956,0.06353193737055708,0.004926168474310266,0.004914074607745819,0.3182552468194557,17751940.0,0.5924028585044789,0
2023-04-12,120.01070404052734,121.8131925993878,119.59977016680972,120.64577329938268,11821000,119.10412063598633,125.54732131958008,115.79756034851074,119.75519356902764,121.23244355932292,-1.4772499902952774,-1.9503008713733583,0.4730508810780809,59.90755772037366,119.10412063598633,121.94599444151882,116.26224683045385,0.04772083098985305,-0.00015572865660895552,-0.00015574078357522724,0.30295229558043174,16860585.0,0.701102601125643,1
2023-04-13,120.46834564208984,120.51503101665217,118.45104153577316,119.9733609656406,12450200,119.18484802246094,125.36277221679687,115.87402904510498,119.86490927257566,121.17584371360195,-1.3109344410262906,-1.8224275853039447,0.511493144277654,63.281731947583474,119.18484802246094,122.08785126353857,116.28184478138331,0.048714300336743184,0.0038133398618172,0.00380608751263413,0.2510431289224882,15769065.0,0.7895331777756005,1
2023-04-14,129.5648651123047,129.92909937936918,125.98789051486388,126.22137438479558,43931300,119.60503158569335,125.36701171875,115.99851070404053,121.3572101709955,121.79725270609845,-0.4400425351029469,-1.5459505752637452,1.1059080401607984,87.66490795356265,119.60503158569335,125.04054849933071,114.169514672056,0.0908911078668622,0.07550962389108018,0.07279461798043312,0.3610787740856897,16737705.0,2.624690780486333,1
2023-04-17,130.59217834472656,130.80697947950446,128.56554039739228,130.70424602361553,16050500,120.30546760559082,125.40384399414063,116.13047859191894,122.77797450541567,122.44872867933016,0.32924582608551134,-1.170911294993894,1.5001571210794054,85.90481677488236,120.30546760559082,127.44488058237836,113.16605462880328,0.11868808822876406,0.00792894919105902,0.007897680251225711,0.3263878135045081,15620430.0,1.0275325327151685,1
2023-04-18,132.05848693847656,132.41338702348074,129.84506414684276,131.00314941057005,13760100,121.01759567260743,125.43015594482422,116.28193298339843,124.2057456489635,123.16056262445211,1.0451830245113882,-0.7276924310928377,1.7728754556042259,86.81266680631587,121.01759567260743,129.77041657378012,112.26477477143473,0.14465369027578384,0.011228150202681864,0.011165582435436796,0.32652116553064003,15164660.0,0.9073793939329995,0
2023-04-19,131.890380859375,132.1518816759903,131.1245468601976,131.89971508470921,9158100,121.56332206726074,125.4377230834961,116.42604011535644,125.38799721979603,123.807215827039,1.5807813927570322,-0.2659976663228637,1.8467790590798958,85.77232322708988,121.56332206726074,131.5755858053568,111.55105832916469,0.16472507608102868,-0.0012729668724728027,-0.0012737777830499283,0.3177781622247166,14732175.0,0.6216393709686452,0
2023-04-20,131.50747680664062,132.08651235033372,130.60155808463406,130.6669404205876,10586200,122.24604606628418,125.40556976318359,116.57019283294677,126.32945561777213,124.37760552923172,1.9518500885404109,0.17757188464979123,1.7742782038906197,85.66446527624439,122.24604606628418,133.0257856239709,111.46630650859744,0.17636136144381712,-0.002903199234390197,-0.002907421691690929,0.298607010517559,14398975.0,0.735205110085961,0
2023-04-21,131.2552947998047,131.78764489908252,129.61157337617786,130.5081577667996,11842500,122.93191452026367,125.3870913696289,116.71641242980957,127.08727703039253,124.8870639937186,2.2002130366739294,0.5821001150546189,1.6181129216193106,83.00407463335733,122.93191452026367,134.1854995233309,111.67832951719646,0.1830864677733822,-0.0019176248602711388,-0.0019194658567604163,0.2983392474734159,14157220.0,0.8364989736685592,1
2023-04-24,131.43275451660156,131.77832038308873,130.78833666503863,131.1806021622107,7567500,123.71607780456543,125.41330657958984,116.85061859130859,127.75581202827084,125.3719299583766,2.3838820698942413,0.9424565060225434,1.441425563871698,83.91670413991714,123.71607780456543,135.04776494589257,112.38439066323829,0.18318859347008767,0.0013520194904712568,0.0013511063350965258,0.28857322799517643,13420040.0,0.563895487643852,0
2023-04-25,128.5749053955078,130.71362578436776,128.53755424384534,130.37740841650321,10629300,124.19147644042968,125.37087371826172,116.97217662811279,127.88182639246114,125.6091873981641,2.27263899429704,1.2084930036774428,1.0641459906195971,77.83816451916071,124.19147644042968,135.49967059911918,112.88328228174018,0.18210902201671866,-0.02174381212358123,-0.021983692456554346,0.2927270169252321,13008810.0,0.8170847295025448,0
2023-04-26,126.29609680175781,128.70565216150288,125.14736009851921,128.52820213199345,14416100,124.53486442565918,125.2545086669922,117.08917846679688,127.6378679938914,125.66006957620807,1.9777984176833314,1.3623540864786206,0.6154443312047109,68.44143057669876,124.53486442565918,135.64949287236408,113.42023597895428,0.17849826228123855,-0.017723587559642207,-0.017882531171969616,0.30274141658137155,13188590.0,1.0930736341034182,1
2023-04-27,127.99585723876953,128.79904230186102,126.6976875234998,127.0152221587228,9041100,124.95119400024414,125.16046310424805,117.21417762756347,127.6929432623342,125.83309088454597,1.8598523777882292,1.4618537447405424,0.3979986330476868,71.441254949799,124.95119400024414,135.92128636297264,113.98110163751565,0.17559003658191627,0.013458534982912163,0.01336877337727457,0.3049815292592843,12910880.0,0.7002698499250245,1
2023-04-28,129.10723876953125,129.1819553139001,126.7070178778751,127.53821983923324,9887300,125.44116249084473,125.0775245666504,117.34956577301026,127.91052718651835,126.07562035750784,1.8349068290105066,1.5364643615945353,0.29844246741597136,72.39283017694085,125.44116249084473,136.22373233171703,114.65859264997243,0.17191438004505513,0.008682949235524928,0.008645469233518109,0.30447247933871235,12798510.0,0.7725352404303314,1
2023-05-01,131.8717041015625,133.8983426470363,131.52615248918775,132.86167355918573,20415800,125.99707412719727,125.08657180786133,117.51660022735595,128.51993901960208,126.50495989410449,2.0149791254975895,1.6321673143751463,0.3828118111224432,74.92131985481944,125.99707412719727,136.90771375560354,115.086434498791,0.17318877765989554,0.02141216370498089,0.02118614401597038,0.3094562317295002,13164040.0,1.5508764786494116,0
2023-05-02,129.74232482910156,133.0017650271843,129.28469127957604,132.0584810017057,14113400,126.45346755981446,125.04524765014648,117.65042285919189,128.7079983749097,126.74476470410427,1.9632336708054225,1.6983805856612015,0.264853085144221,68.80864139094615,126.45346755981446,137.17813856438698,115.72879655524194,0.16962241070217524,-0.016147355393397955,-0.01627914455980131,0.3176158115001763,13280940.0,1.0626808042201832,0
2023-05-03,126.99652862548828,129.5088170707474,126.79106170240756,129.29401592415317,12930900,126.85319175720215,124.99737854003907,117.77580444335938,128.44469533653717,126.76341388346604,1.6812814530711222,1.6949607591431857,-0.013679306072063468,61.59196110498771,126.85319175720215,136.98821516398775,116.71816835041658,0.15979138193359907,-0.021163457701486976,-0.021390614335975344,0.32435070833992347,13348490.0,0.968716311732638,0
2023-05-04,125.2594223022461,126.75372477393438,123.10203361865545,126.04393893778094,17089200,127.1571876525879,124.93459823608399,117.87987335205078,127.95465333126162,126.65200709967198,1.302646231589648,1.6164978536324783,-0.31385162204283024,39.649790931730294,127.1571876525879,136.66862315953918,117.64575214563659,0.14960122479175825,-0.013678376425271477,-0.013772787329909898,0.32998562682127874,13722215.0,1.2453674570759896,1
2023-05-05,127.70633697509766,128.77102280482822,126.93116885115082,127.42615349343724,11261400,127.59006538391114,124.90018463134766,117.99626800537109,127.91645081492871,126.73010560896277,1.1863452059659352,1.5304673240991697,-0.34412211813323457,43.50574631731951,127.59006538391114,136.3021603215728,118.87797044624945,0.13656384470761876,0.019534775331689236,0.019346420633752172,0.3349347844036914,13847275.0,0.8132574820677715,1
2023-05-08,128.01455688476562,128.85509320709122,127.46352406161003,128.40680811856598,7484900,128.01874275207518,124.84858367919922,118.1106481552124,127.93154405644208,126.82525014791113,1.1062939085309438,1.4456326409855247,-0.3393387324545809,40.3991783858978,128.01874275207518,135.8407849854628,120.19670051868758,0.12220151620354529,0.0024135052102236543,0.002410597384286003,0.33496429067369543,13747655.0,0.5444492169755496,0
2023-05-09,127.39813232421875,127.90245117381971,126.277412685654,126.94983306821415,7343600,128.38717956542968,124.76185760498046,118.22449886322022,127.8494807130231,126.86768586467466,0.9817948483484429,1.3528650824581083,-0.37107023410966544,39.55711266601447,128.38717956542968,135.26148290332574,121.5128762275336,0.10708706836873438,-0.004815269259587085,-0.00482690002045928,0.3362650023444019,13589020.0,0.5404068873252081,1
2023-05-10,127.46353149414062,128.9391515077541,125.959894551531,128.83641801785927,8133400,128.75982093811035,124.65438507080079,118.33657958984375,127.7901039101181,126.91182257796842,0.8782813321496832,1.2579483323964233,-0.37966700024674016,40.458408549067784,128.75982093811035,134.42368184926568,123.09596002695504,0.08797559471409497,0.0005133448091330095,0.0005132130927618268,0.336185069456281,13404640.0,0.6067600472672149,0
2023-05-11,127.06192016601562,127.77170597408696,125.9878858536316,126.08128509843854,7057300,129.08949966430663,124.55370697021485,118.45485774993897,127.67807564179465,126.92294091782377,0.7551347239708832,1.1573856107113154,-0.4022508867404322,40.175113830067154,129.08949966430663,133.30319450991541,124.87580481869784,0.06528330896883747,-0.003150793983324296,-0.0031557681858933543,0.33693120320821995,13134995.0,0.5372898885762804,0
2023-05-12,125.24076080322266,127.93983392631426,124.33484219523142,127.7810665956295,9988600,128.87329444885253,124.44403488159179,118.55573360443115,127.30310412816819,126.79833498340886,0.5047691447593223,1.0268623175209168,-0.5220931727615945,36.52993515557186,128.87329444885253,133.41524487163807,124.331344026067,0.07048706936855953,-0.01433284937307333,-0.014436556799993547,0.2052454034630446,11437860.0,0.8732927313326094,1
2023-05-15,126.29609680175781,126.70703071204808,125.11000894791336,125.39952667996555,7639500,128.6584903717041,124.3074690246582,118.66384628295899,127.14817992410505,126.76113215513841,0.38704776896663873,0.8988994078100612,-0.5118516388434224,44.62082399248506,128.6584903717041,133.26406616490704,124.05291457850116,0.0715938105584339,0.008426457902098505,0.008391153494469715,0.20555963357943607,11017310.0,0.6934088266555085,0
2023-05-16,125.44622802734375,126.95919903532884,125.11001066437758,126.5109139682824,6477200,128.32787742614747,124.16947341918946,118.76520233154297,126.88634117075715,126.66373184937585,0.22260932138129874,0.7636413905243087,-0.5410320691430099,47.84874096287352,128.32787742614747,132.8544391318199,123.80131572047503,0.07054681798625502,-0.0067291768782693495,-0.006751919874180152,0.20052769694299608,10653165.0,0.6080071039921,1
2023-05-17,129.30337524414062,129.4341256523218,126.51091704425899,126.92183671945286,12711500,128.19852714538575,124.18646011352538,118.89108654022216,127.2581925666623,126.8592609897288,0.39893157693350645,0.6906994278061483,-0.2917678508726419,52.983809890261035,128.19852714538575,132.43500779839985,123.96204649237164,0.06609250117530058,0.03074741486811483,0.03028418459116684,0.23273005026048016,10830835.0,1.1736398901839056,1
2023-05-18,130.2840118408203,130.4988130314299,128.65895882093156,129.13527508145933,10999600,128.13735389709473,124.23825714111328,119.02998809814453,127.72370322422506,127.1129462379578,0.6107569862672619,0.674710939498371,-0.06395395323110908,52.70156564067822,128.13735389709473,132.20460836389265,124.07009943029679,0.06348272916677022,0.007583998444187001,0.007555384508948496,0.2344962676326379,10851505.0,1.0136474157271274,0
2023-05-19,129.9851531982422,131.2086208352598,129.00453219445134,130.55485449843033,13492200,128.0738468170166,124.42233520507813,119.16201625823975,128.07161860484308,127.32570230908998,0.7459162957531049,0.6889520107493179,0.05696428500378703,45.116069248897695,128.0738468170166,131.97227561156134,124.17541802247185,0.0608778277756358,-0.0022939011345710636,-0.002296536156202643,0.23453313623899016,10933990.0,1.233968569570669,0
2023-05-22,128.9111328125,132.28264097920177,128.56558119246412,131.68492275092876,11402500,127.94776573181153,124.52358779907226,119.2943724822998,128.2007746367903,127.44314160563887,0.7576330311514283,0.70268821482974,0.05494481632168835,47.723821629648945,127.94776573181153,131.53986691040984,124.35566455321322,0.056149494413644335,-0.008262638919263265,-0.008296963726643344,0.23606808109628422,11125740.0,1.024875648720894,0
2023-05-23,127.56624603271484,129.8450509240399,127.44484410867604,128.4534819041472,9514900,127.89733276367187,124.64242263793945,119.40450523376465,128.1031548515479,127.45226045208894,0.6508943994589771,0.6923294517555875,-0.041435052296610375,51.689794972569175,127.89733276367187,131.48067257906095,124.31399294828279,0.05603462930709213,-0.01043266590280667,-0.010487467647145256,0.22599820205243654,11070020.0,0.8595196756645426,0
2023-05-24,126.39885711669922,127.34214131579863,126.15603895939236,126.45489097986786,8578000,127.90247077941895,124.67545227050782,119.51522857666015,127.84095520003274,127.3742305753934,0.4667246246393404,0.6472084863323381,-0.18048386169299768,53.497801285690464,127.90247077941895,131.47642582815556,124.32851573068234,0.05588562952627026,-0.009151236728532797,-0.009193366518791112,0.21917712306903733,10778115.0,0.795872005448077,1
2023-05-25,126.70704650878906,127.2674135928148,125.68906008184496,125.91320976560064,8472500,127.83803024291993,124.83251724243163,119.62279766082764,127.66650770907216,127.3248095334227,0.34169817564946925,0.5861064241957643,-0.24440824854629506,46.46872541528785,127.83803024291993,131.45115693321222,124.22490355262765,0.056526632699620924,0.0024382292618778667,0.0024352616038194,0.21371187427866264,10749685.0,0.7881626298817128,1
2023-05-26,127.89312744140625,128.50952828093497,126.66967423765121,127.1179592797064,8579900,127.77732467651367,124.96715591430664,119.72257583618165,127.70137228327741,127.3669071562363,0.3344651270411134,0.5357781647648342,-0.20131303772372078,49.595962673002916,127.77732467651367,131.34112493619773,124.2135244168296,0.055781419257389026,0.009360812719558798,0.009317271820070075,0.21410801345215041,10684315.0,0.8030369752295772,1
2023-05-30,128.37876892089844,128.62158699949254,127.03389963789574,127.7623681244016,7399900,127.60267791748046,125.20306213378906,119.81680469512939,127.80558715060371,127.4418598795446,0.36372727105911906,0.5013679860236911,-0.1376407149645721,53.29156077558876,127.60267791748046,130.62247072584586,124.58288510911507,0.04733118234898281,0.003797244536964506,0.00379005320301441,0.1989127622960012,10033520.0,0.7375178401996507,0
2023-05-31,126.74440002441406,127.7997375076155,125.5209324807601,127.69700402687282,14219900,127.4527816772461,125.38163162231446,119.89379020690917,127.64232759272838,127.39019618657197,0.2521314061564084,0.4515206700502346,-0.19938926389382622,47.816207209402975,127.4527816772461,130.3191063091893,124.5864570453029,0.044978612380571055,-0.012730834780721456,-0.012812566272196362,0.1958693397646419,10038845.0,1.4164876537091668,1
2023-06-01,128.4908905029297,129.09794307938847,126.50160266657505,127.50092082403775,12248100,127.52749977111816,125.53193237304687,119.97800384521484,127.77287573275936,127.47172909889477,0.3011466338645903,0.4214458628131058,-0.12029922894851552,54.011691216851254,127.52749977111816,130.4215218301105,124.63347771212582,0.045386635261985414,0.013779626383328969,0.013685550566280796,0.18748103203599972,10004705.0,1.2242339979039862,1
2023-06-02,131.18995666503906,132.13322664747147,130.13460470149394,130.34007170768376,12922500,127.82402648925782,125.79867156982422,120.07037929534913,128.2985804915716,127.7471533630536,0.5514271285180143,0.44744211595408756,0.10398501256392678,65.91717150356138,127.82402648925782,130.94589605980957,124.70215691870608,0.048846365684061796,0.021005895060302704,0.02078831297614681,0.19267419036958647,9796370.0,1.3191110584839079,0
2023-06-05,129.9010772705078,130.8536954120118,129.00450722615906,130.8536954120118,8511900,127.93376350402832,126.04593460083008,120.16105129241943,128.54511845756178,127.90670328212428,0.6384151754375011,0.4856367278507703,0.15277844758673087,59.52613663580479,127.93376350402832,131.18963352444356,124.67789348361306,0.050899308067533434,-0.009824527938690375,-0.009873107053079767,0.18608621619476798,9658895.0,0.8812498738209702,1
2023-06-06,130.13455200195312,130.8443520088864,129.07921471650812,129.5181512330025,9329500,128.0397632598877,126.33363586425781,120.25722122192383,128.78964669516046,128.07172911322272,0.7179175819377406,0.5320928986681643,0.18582468326957624,62.806038453042355,128.0397632598877,131.44148106213558,124.63804545763985,0.05313533414371059,0.001797327138089333,0.0017957138784163564,0.18603334551022843,9751125.0,0.9567613993257188,1
2023-06-07,131.39541625976562,131.93710067728205,129.65829528315362,130.33073012898586,9281400,128.23962745666503,126.58020553588867,120.37341682434082,129.19053432048432,128.3179281611148,0.8726061593695249,0.6001955508084365,0.27241060856108845,56.658798731416866,128.23962745666503,131.93928041006293,124.53997450326713,0.057699059592918656,0.009688927640013612,0.00964229097812689,0.18725768956600858,9848015.0,0.9424640397074944,1
2023-06-08,131.43275451660156,131.5821876345027,130.26533500311115,131.37672066007025,7368100,128.43808860778807,126.82029388427735,120.49873382568359,129.53549127373313,128.548656039299,0.9868352344341247,0.677523487533574,0.30931174690055063,53.88994238768182,128.43808860778807,132.38033751957445,124.49583969600168,0.06138753627554904,0.00028416711860113075,0.00028412675077277565,0.18727728167418475,9809750.0,0.7510996712454446,1
2023-06-09,131.69427490234375,132.4320921248322,130.94713770335153,131.07788813824803,7249100,128.6697063446045,127.06079406738282,120.63060077667237,129.86761183198092,128.781664843969,1.0859469880119264,0.7592081876292446,0.32673880038268177,55.802204246043416,128.6697063446045,132.81082937754715,124.52858331166183,0.06436826741256192,0.001989765692000045,0.00198778873027155,0.1864347361480261,9819340.0,0.7382471734352818,0
2023-06-12,131.68490600585938,131.98377220735534,130.52682085114972,131.75028833145842,7596600,128.99191360473634,127.30833480834961,120.76114448547364,130.14719555103915,128.99671974484977,1.1504758061893767,0.837461711341271,0.3130140948481057,60.15025880697523,128.99191360473634,133.0106771217816,124.97315008769107,0.06231031705382361,-7.114125873219912e-05,-7.11437893915697e-05,0.1766235396631332,9699740.0,0.7831756315117725,1
2023-06-13,132.6375274658203,133.4313641129227,130.8817241157406,131.19925877458158,7701600,129.30898513793946,127.54601593017578,120.88391536712646,130.53032353792855,129.2664092056624,1.263914332266154,0.9227522355262476,0.3411620967399063,69.10620611154387,129.30898513793946,133.43150534372415,125.18646493215476,0.06376231630597094,0.007234097580770094,0.007208057008143542,0.17614925750140323,9702845.0,0.793746576390739,0
2023-06-14,132.14251708984375,134.12245546094564,131.40470018691414,133.552754330486,9068700,129.64379959106446,127.7765771484375,121.02189834594726,130.7783533151463,129.47945423412028,1.2988990810260077,0.9979816046261998,0.3009174763998079,72.79426413906072,129.64379959106446,133.52609591344944,125.76150326867949,0.05989173928303404,-0.0037320537063246784,-0.0037390351943633175,0.1743764874406569,9832420.0,0.9223263448876269,1
2023-06-15,133.63682556152344,133.92634328269568,130.7789852482786,131.30198684145745,9343100,129.8604721069336,128.06927276611327,121.1686291885376,131.21811827612737,129.78740766577977,1.430710610347603,1.0845274057704803,0.3461832045771227,75.13515368335297,129.8604721069336,134.12741963100103,125.59352458286617,0.06571587881728654,0.011308309426735885,0.011244848471620569,0.14382432596047737,9664000.0,0.9667942880794702,1
2023-06-16,133.79559326171875,134.45869373040634,133.0858074190779,133.59947478908592,13813500,130.03605117797852,128.36159454345704,121.3160627746582,131.6146528892953,130.084310302516,1.530342586779284,1.1736904419722411,0.35665214480704277,73.13291631283712,130.03605117797852,134.65116885259886,125.42093350335817,0.07098212584606552,0.0011880535139037196,0.0011873483367979343,0.14212895043735432,9804695.0,1.4088658545727328,0
2023-06-20,133.1138153076172,133.5527660984883,131.72224639073605,133.18853185188502,8428600,130.19248428344727,128.6428952026367,121.4631872177124,131.8452932613448,130.30871808067164,1.536575180673168,1.2462673897124266,0.29030779096074144,68.2765883262029,130.19248428344727,135.00808050425744,125.37688806263711,0.07397656243083797,-0.005095668231523409,-0.0051086954225588585,0.1434285599816975,9551515.0,0.8824359277036156,0
2023-06-21,132.917724609375,134.50541231717898,132.3293406070789,133.45939472968294,9926500,130.392813873291,128.91242950439454,121.60577548980713,132.0102826995033,130.50197782353857,1.5083048759647397,1.2986748869628892,0.20962998900185048,76.80422957922842,130.392813873291,135.31611566267802,125.469512083904,0.07551492514259599,-0.0014731055359583634,-0.0014741916226629962,0.13943888235689383,9477715.0,1.0473516032081573,0
2023-06-22,130.35870361328125,133.17919248489687,129.7703197565961,132.90834324104497,10075200,130.53243675231934,129.1190156555176,121.73921558380127,131.7561936093153,130.49136491907507,1.264828690240222,1.2919056476183557,-0.02707695737813376,57.57542376552569,130.53243675231934,135.27322425530164,125.79164924933704,0.0726376925296779,-0.019252669300609315,-0.019440415589382403,0.15241752964775251,9505730.0,1.0599080764970181,0
2023-06-23,129.6769561767578,129.98514236609586,128.52820519541405,129.3874241870796,9919500,130.69634170532225,129.3123406982422,121.86911010742188,131.43631092738337,130.43103834557007,1.0052725818133013,1.2345790344573448,-0.2293064526440436,42.663024175407855,130.69634170532225,135.04592447887242,126.34675893177209,0.06656013040299265,-0.005229780732906697,-0.00524350390318861,0.14951821635162474,9572805.0,1.0362166575000744,1
2023-06-26,129.99447631835938,130.76029596963508,128.5935731568006,129.69561013687937,8429700,130.86071319580077,129.50286331176758,121.99074577331542,131.21449021830276,130.39870041762853,0.8157898006742244,1.1508211877007208,-0.3350313870264965,50.50002532394223,130.86071319580077,134.80512731579435,126.91629907580719,0.06028416051946376,0.002448547151035596,0.002445554343817697,0.14951924143426462,9570665.0,0.8807851909976997,1
2023-06-27,130.00379943847656,130.6015174996597,129.3873986798657,129.81701521636734,8154000,130.96624679565429,129.51164199829103,122.10011997222901,131.0282300983295,130.36944849324692,0.6587816050825666,1.05241327117709,-0.3936316660945234,49.28278362647499,130.96624679565429,134.68270810706807,127.24978548424049,0.05675449060111735,7.171935593897061e-05,7.171678422892265e-05,0.14650195356563295,9549370.0,0.8538783186744257,0
2023-06-28,129.4341278076172,130.0131775541122,128.84575808636748,129.9664779252572,7558600,131.01901473999024,129.48848098754883,122.20404747009277,130.78298359206605,130.30016547949657,0.4828181125694755,0.9384942394555671,-0.4556761268860916,38.359045140115306,131.01901473999024,134.60859204829865,127.42943743168182,0.05479475350096318,-0.004381961398974066,-0.004391590331193765,0.14720157399160175,9557305.0,0.7908714852147127,1
2023-06-29,133.95437622070312,134.075792408893,130.61089931451409,130.8163662865002,15423200,131.3795135498047,129.52639877319336,122.32414859771728,131.2708901503179,130.57084775662298,0.7000423936949289,0.8908038703034395,-0.19076147660851062,59.768428593890576,131.3795135498047,134.5896582642608,128.1693688353486,0.04886826914972815,0.03492315735927498,0.03432717986378412,0.18335673061078334,9617470.0,1.6036649971354213,1
2023-06-30,135.83157348632812,136.35457505574118,134.1691695332407,135.04707113220857,14212800,131.7465476989746,129.6052226257324,122.4727360534668,131.97253374047332,130.96053114400854,1.0120025964647823,0.9150436155357081,0.09695898092907418,64.24427217843191,131.7465476989746,135.2328004423304,128.26029495561883,0.052923629563659695,0.014013706148219729,0.013916421989098095,0.18354386959109978,9715705.0,1.4628686235327235,1
2023-07-03,136.92428588867188,137.73680522331213,136.35458465672096,136.53203468399295,8021600,132.03326416015625,129.71355880737303,122.6280178451538,132.7343417632731,131.40229075472436,1.3320510085487456,0.9984450941383156,0.33360591441042997,66.78640848843713,132.03326416015625,136.20298847276175,127.86353984755077,0.06316172426893296,0.008044612708942411,0.008012427309615992,0.17193304887245373,9470660.0,0.846994824014377,0
2023-07-05,136.0121307373047,136.7550004176732,135.74883406462274,136.29423841477606,8934900,132.33881683349608,129.80869552612305,122.77076152801514,133.2386169900472,131.74376038306363,1.494856606983575,1.0977273967073675,0.3971292102762074,60.83997317920526,132.33881683349608,136.73987564360178,127.93775802339037,0.06651198666288449,-0.006661748465197959,-0.00668403695352155,0.16934721799751257,9491810.0,0.9413273127043209,0
2023-07-06,134.66746520996094,134.83672124143538,133.0030424908184,134.48879649989652,9709500,132.5654624938965,129.87338973999024,122.91038307189942,133.45843979311087,131.96033111098194,1.4981086821289296,1.1778036537916798,0.3203050283372497,57.690881187446955,132.5654624938965,136.95542037149355,128.17550461629943,0.06623079337575087,-0.009886364694490779,-0.009935559303703644,0.1748463248358268,9510810.0,1.0208909651228444,1
2023-07-07,135.7300262451172,137.1405503169834,134.46996151791234,135.32568289850678,8981500,132.78219299316407,130.01649215698242,123.05039421081543,133.80791463188106,132.23956778758455,1.5683468442965136,1.2559122918926466,0.31243455240386697,56.54802136913695,132.78219299316407,137.35319384298137,128.21119214334678,0.06884960621267372,0.007890257929037414,0.007859292620142828,0.17387983692957135,9495815.0,0.9458377190372812,1
2023-07-10,136.49169921875,137.28160355919408,135.88047789499134,135.88047789499134,9100100,133.03514022827147,130.22040420532227,123.20483512878418,134.22080456832242,132.5545404861894,1.6662640821330115,1.3379826499407197,0.3282814321922918,58.127476991805,133.03514022827147,137.84536044018125,128.2249200163617,0.07231503200817543,0.005611676315874892,0.005595989519126207,0.174340108094907,9582415.0,0.9496666550133761,1
2023-07-11,138.62632751464844,139.0024759399404,137.01833783588555,137.61074828925305,11260900,133.38174285888672,130.43301361083985,123.38517478942872,134.89857732929565,133.0043024882975,1.8942748409981505,1.4492410881522058,0.4450337528459447,65.27924629806009,133.38174285888672,138.75158703170456,128.0118986860689,0.08051842865029804,0.01563925358184126,0.015518220733452225,0.1809902083615222,9783005.0,1.151067591195139,1
2023-07-12,139.31275939941406,140.93016153305126,138.23136331698382,138.654517681909,11323200,133.76313552856445,130.6371240234375,123.57478149414062,135.57768226316003,133.47159559282466,2.1060866703353724,1.5806102045888393,0.5254764657465332,67.25630850337586,133.76313552856445,139.68109784003946,127.84517321708944,0.08848420438247363,0.00495167041551392,0.004939451215927248,0.18087431878227964,9969335.0,1.135802939714635,1
2023-07-13,139.9898223876953,140.4599971273314,138.9366355624607,139.82996469805036,11234900,134.1307502746582,130.79948638916017,123.777209815979,136.25647305155007,133.95442720725953,2.3020458442905465,1.7248973325291808,0.5771485117613657,78.9264511918696,134.1307502746582,140.63835948590642,127.62314106340997,0.09703381510835743,0.00486002137349173,0.004848249594939427,0.18031187207396962,10146000.0,1.1073230829883698,1
2023-07-14,140.83615112304688,143.7700370233772,139.5572752064884,142.5099721147579,27028400,134.56543197631837,131.02136291503905,123.99458236694336,136.96103890870342,134.4641845343549,2.4968543743485156,1.8792887408930479,0.6175656334554678,83.18782940325993,134.56543197631837,141.64970677150637,127.48115718113036,0.1052911537702304,0.00604564475414282,0.006027443167274505,0.17897671856973252,11043985.0,2.447341245030666,1
2023-07-17,144.23080444335938,144.57872915123014,141.38154673382755,141.38154673382755,17262400,135.09513092041016,131.36604843139648,124.23321315765381,138.07946437557356,135.18763786094783,2.891826514625734,2.0817962956395855,0.8100302189861486,85.78888900822884,135.09513092041016,143.37107583578288,126.81918600503744,0.12252025456414714,0.02410356498131394,0.02381765918031039,0.1919123192871277,11439950.0,1.5089576440456471,1
2023-07-18,144.4940948486328,145.18994423405886,143.70420478207672,144.2307981597808,13491700,135.63005599975585,131.7507418823242,124.46340515136718,139.06633060219806,135.87700504522078,3.1893255569772805,2.3033021479071243,0.8860234090701562,85.96806326745498,135.63005599975585,144.87824026693147,126.38187173258024,0.13637367026070188,0.001825479697555421,0.001823815534448514,0.19180657660736852,11423860.0,1.1810106216287664,1
2023-07-19,145.04888916015625,145.95163086150293,143.13998110224063,143.63836511645943,12510000,136.2268096923828,132.09759292602538,124.70471328735351,139.98672422649932,136.55640386854932,3.430320357949995,2.5287057899156986,0.9016145680342964,88.78787993647353,136.2268096923828,146.29523856294725,126.15838082181837,0.1478186106435321,0.0038395639081625355,0.003832211596431268,0.18883398677339344,11627930.0,1.0758578698014178,1
2023-07-20,146.8355712890625,147.24932737217384,145.1993723131521,145.3122096636025,9935900,136.92270202636718,132.47401321411132,124.96252201080323,141.0403930053552,137.3178236774762,3.7225693278790004,2.7674784975083595,0.9550908303706409,87.02591606227435,136.92270202636718,147.91009614629354,125.9353079064408,0.16049046589528349,0.012317792568087071,0.01224254584673616,0.1895189327743063,11628400.0,0.8544511712703381,0
2023-07-21,145.7071533203125,146.82617153003497,145.46266761385175,146.50645614114134,10636400,137.69012451171875,132.8401936340332,125.19996448516845,141.75835613073326,137.9392555028715,3.819100627861758,2.977802923579039,0.8412977042827188,79.66342046500372,137.69012451171875,148.88913954636456,126.49110947707292,0.16266983669831273,-0.007684908764570286,-0.007714589837941873,0.17361890215549777,11656460.0,0.9124897267266391,1
2023-07-24,148.57522583007812,149.31809564584665,145.50027884750722,145.72596790033828,14381400,138.63503799438476,133.26242752075194,125.42877223968506,142.80710531524784,138.72710515673867,4.080000158509165,3.1982423705650644,0.8817577879441005,81.62335392531554,138.63503799438476,150.17127416291603,127.09880182585349,0.16642598199451622,0.019683814036642655,0.019492593001928706,0.17544980593518605,11879555.0,1.2106009021381694,0
2023-07-25,147.46559143066406,148.31190010322183,146.65689041859213,147.91695509945538,9944700,139.50859375,133.6705009460449,125.65837894439697,143.52379548685033,139.3744004362887,4.149395050561623,3.3884729065643766,0.760922143997246,80.7576249295202,139.50859375,150.9353390452046,128.08184845479536,0.16381421370616642,-0.007468502189477588,-0.007496531095120624,0.1821765567719789,11955305.0,0.8318231948076606,1
2023-07-26,148.34950256347656,148.81027889268154,146.95778959680948,147.36214726296728,8728600,140.42587890625,134.13267578125,125.90275371551513,144.26621196017743,140.03922281608038,4.226989144097047,3.556176154070911,0.6708129900261359,87.67466210424769,140.42587890625,151.58220565302042,129.2695521594796,0.15889274589078434,0.005994016124284185,0.005976123473260694,0.1806602544111625,11984035.0,0.7283523454329031,0
2023-07-27,146.7133331298828,149.30869258655179,146.27136771662688,148.35894475625432,10778400,141.2898391723633,134.5410205078125,126.14888210296631,144.6426921401321,140.53360135784354,4.109090782288575,3.6667590797144443,0.4423317025741311,79.31735315297115,141.2898391723633,151.49806255874603,131.08161578598055,0.14450046013470869,-0.011029153487681298,-0.011090425536754815,0.18747240380151278,12145025.0,0.8874745008758731,1
2023-07-28,147.5502471923828,148.19909065944483,147.10828176840127,147.89817192456593,9103800,141.96963272094726,134.98310089111328,126.40374851226807,145.09000830201683,141.05335290114274,4.036655400874082,3.740738343946372,0.29591705692770987,79.40009817165435,141.96963272094726,151.92879643391356,132.01046900798096,0.14029991515920648,0.005704417210391499,0.005688208633646131,0.15413440997070285,11829055.0,0.7696134644737048,1
2023-07-31,148.53759765625,149.87289208348741,147.77590258882222,147.80411192295733,8892700,142.60493392944335,135.36778533935546,126.67748764038086,145.62040666420654,141.60774140152105,4.012665262685488,3.795123727694196,0.21754153499129192,78.06180860191455,142.60493392944335,152.53647553401922,132.67339232486748,0.1392874893022944,0.006691621889184818,0.006669332367546553,0.15053507989596931,11563050.0,0.7690617959794345,0
2023-08-01,147.80410766601562,148.57520103974898,146.83554895902367,148.03919500943294,6853900,143.14892501831054,135.71818725585936,126.93997035980225,145.95636066448486,142.06673149518733,3.8896291692975353,3.814024816014864,0.07560435328267134,73.97768587705775,143.14892501831054,152.9615037645274,133.33634627209366,0.13709608709896662,-0.004938076297233751,-0.004950308882901895,0.1535316871025765,11504665.0,0.5957496372123829,0
2023-08-02,146.13026428222656,146.40297359353946,144.75736244464684,146.28072360235848,8299400,143.65483169555665,136.04108947753906,127.16759162902832,145.98311506721436,142.36773392385692,3.615381143357439,3.7742960814833793,-0.15891493812594026,66.41517561407002,143.65483169555665,152.94769882681595,134.36196456429735,0.12937771770814355,-0.011324741986003195,-0.011389355158031841,0.15858498497000587,11472890.0,0.7233922751808829,1
2023-08-03,147.02366638183594,147.5596581950537,145.14296717310685,145.7541886765053,6084000,144.27264175415038,136.4033401489258,127.3913091659546,146.14319988484846,142.71261780963314,3.4305820752153124,3.7055532802297657,-0.27497120501445327,66.49949017000571,144.27264175415038,152.6472909457784,135.89799256252238,0.11609476460407422,0.006113737657272189,0.0060951245882897315,0.150443856912967,11291615.0,0.538806893433756,0
2023-08-04,146.7133331298828,148.38715409339025,146.41241440230658,147.07065618313624,6209400,144.82180709838866,136.78628189086913,127.59199604034424,146.2309126917768,143.00896709261463,3.221945599162183,3.6088317440162494,-0.3868861448540666,57.92314652573714,144.82180709838866,152.22150981352135,137.42210438325597,0.10219044857112575,-0.0021107707322925995,-0.0021130015485486525,0.15158711352642437,11153010.0,0.5567465643803781,1
2023-08-07,147.40916442871094,148.29309514639542,147.25871943203992,147.25871943203992,7251800,145.36768035888673,137.20648803710938,127.78245609283448,146.41218218976667,143.33490763602916,3.07727455373751,3.502520305960502,-0.42524575222299177,59.0536598126731,145.36768035888673,151.71604557955902,139.01931513821444,0.08734218232002212,0.004742795245556319,0.004731583627815043,0.15149147289840653,11060595.0,0.6556428474236693,0
2023-08-08,146.58168029785156,146.67570663590206,143.48792249952785,145.11473741719715,8623400,145.76544799804688,137.60398071289063,127.97949520111084,146.43825882177973,143.57540931468267,2.862849507097053,3.3745861461878124,-0.5117366390907594,54.68126849500198,145.76544799804688,151.27709777336682,140.25379822272694,0.07562354249264598,-0.005613518902073178,-0.0056293339123140735,0.1483965568059865,10928720.0,0.789058553975214,0
2023-08-09,144.6163330078125,146.2431478581163,144.31542865047933,146.05508084120885,6277800,146.0306266784668,137.93844482421875,128.1684553527832,146.15796254270785,143.652514773433,2.505447769274838,3.2007584708052175,-0.6953107015303797,43.29543422020699,146.0306266784668,150.67761157251874,141.38364178441486,0.06364397660613709,-0.013407864380088341,-0.013498561408358449,0.15886446800247606,10676450.0,0.5880044396779829,0
2023-08-10,144.4000701904297,146.1679318819675,143.95810476754525,145.1711636851966,5995100,146.25113906860352,138.25887084960937,128.32827812194824,145.88751756543428,143.7078892487661,2.179628316668186,2.9965324399778117,-0.8169041233096257,45.82082343355889,146.25113906860352,150.02831734076577,142.47396079644128,0.05165331765915951,-0.001495424568476178,-0.001496543831784579,0.15890482132177014,10414460.0,0.5756515460235097,1
2023-08-11,145.2369384765625,145.30276981124277,143.525510306556,143.90164426630068,5180700,146.4711784362793,138.62872161865235,128.49159538269043,145.78742847483863,143.8211521545288,1.966276320309845,2.7904812160442187,-0.8242048957343737,37.73305612186539,146.4711784362793,149.31840317912813,143.62395369343048,0.038877610916300195,0.005795483928984213,0.005778754716798658,0.1588144409520073,9322075.0,0.555745367849969,1
2023-08-14,145.53787231445312,145.67891897693212,143.79822028471983,144.44706362930785,5044300,146.536531829834,138.96966125488282,128.65494556427,145.74903521939473,143.9483166108195,1.800718608575238,2.5925286945504227,-0.7918100859751847,42.46875368857297,146.536531829834,149.22268089750392,143.85038276216406,0.036661834890281554,0.002072019976785633,0.0020698763040379715,0.13482905291051583,8711170.0,0.5790611364489501,0
2023-08-15,141.83290100097656,144.12735582105773,141.26868562441484,143.73241079690175,10300300,146.40347213745116,139.18252014160157,128.79328578948974,145.14655303194579,143.79161915823852,1.3549338737072674,2.3450097303817916,-0.9900758566745242,29.139133662882713,146.40347213745116,149.70806643160537,143.09887784329695,0.0451436601319358,-0.02545709411960828,-0.025786732393807025,0.16305738544379225,8551600.0,1.2044880490200665,0
2023-08-16,141.23109436035156,141.95516749633964,140.7515069300112,141.61664110081486,6978200,146.21258239746095,139.40912048339842,128.92636333465578,144.54417477477745,143.60195065469134,0.9422241200861095,2.0644526083226555,-1.122228488236546,31.205693050661623,146.21258239746095,150.21419918525083,142.21096560967106,0.05473696890069257,-0.0042430679791345405,-0.004252095336917146,0.16247842856061248,8275010.0,0.843285989986719,0
2023-08-17,139.76414489746094,142.2372542213868,139.5478541905709,141.87993118346174,9953900,145.85901107788087,139.6017123413086,129.0452991104126,143.8087855628826,143.31766874674832,0.49111681613428004,1.7497854498849805,-1.2586686337507005,24.41286021168925,145.85901107788087,150.7741954525194,140.94382670324234,0.06739637597041,-0.01038687315661313,-0.010441193194556986,0.15717275783003087,8275910.0,1.2027559507051189,1
2023-08-18,140.08384704589844,140.5822310649973,138.64511365512735,138.84257898796662,8517500,145.57784576416014,139.77548095703125,129.16675323486328,143.23571809873118,143.07812639853722,0.15759170019396151,1.431346699946777,-1.2737549997528155,20.943770866833034,145.57784576416014,151.1314848360567,140.0242066922636,0.07629786033368832,0.0022874403780173136,0.002284828169032281,0.15672616682592944,8169965.0,1.042538125928324,1
2023-08-21,140.56344604492188,141.14647252018165,139.19054374369367,140.72330374582677,8327000,145.17725677490233,139.95809478759764,129.28016490936278,142.82459932122205,142.8918537797509,-0.06725445852885059,1.1316264682516515,-1.198880926780502,24.671195907456593,145.17725677490233,150.97116091246835,139.38335263733632,0.07981834436435838,0.0034236566823175885,0.003417809312236022,0.13629548444476705,7867245.0,1.0584391359364047,0
2023-08-22,137.64834594726562,140.71387974078053,137.14996192697072,140.35654238713786,9673300,144.68639450073243,140.0771762084961,129.38442821502684,142.02825264830568,142.5034457921594,-0.4751931438537156,0.8102625458305781,-1.2854556896842937,22.69989931979471,144.68639450073243,151.2731979231645,138.09959107830036,0.09104938228865363,-0.020738678366811203,-0.0209567449679895,0.1498746314835729,7853675.0,1.2316908963001398,1
2023-08-23,138.57931518554688,138.78619324427777,136.7832583645231,137.62016892989945,7858000,144.19788513183593,140.21506439208986,129.49228847503662,141.49764688480434,142.21276945092885,-0.7151225661245064,0.5051855234395612,-1.2203080895640677,22.886382365362564,144.19788513183593,151.08324153525515,137.3125287284167,0.09549871549259051,0.006763388487340816,0.00674061938197353,0.15053737350585703,7810145.0,1.006127287009396,0
2023-08-24,138.44766235351562,140.49763186524416,138.22198764115348,138.7015607535187,6534000,143.78460159301758,140.33126708984375,129.58348484039306,141.0284184953753,141.93387262889823,-0.9054541335229374,0.22305759204706155,-1.1285117255699988,23.15203696966873,143.78460159301758,151.01771475417874,136.55148843185643,0.10061040029355144,-0.0009500179146864074,-0.0009504694677171517,0.14795411487816712,7597925.0,0.8599716369929948,0
2023-08-25,138.2783966064453,139.75473785763214,137.14998007810868,138.49467297346612,6695500,143.3210090637207,140.45398468017578,129.67066135406495,140.60533820477067,141.66309662723506,-1.0577584224643886,-0.03310561085522848,-1.02465281160916,19.291648106675638,143.3210090637207,150.72442213750324,135.91759598993818,0.10331232137070656,-0.001222597364180178,-0.00122334534605356,0.1446461078780256,7477510.0,0.8954183946260186,1
2023-08-28,138.7579803466797,139.74535026556242,138.3536369186339,138.76739302548728,5094100,142.8320281982422,140.5564077758789,129.75986778259278,140.3211293035259,141.4479028286754,-1.1267735251495026,-0.2518391937140833,-0.8749343314354192,23.05705199481251,142.8320281982422,150.07483055227118,135.58922584421322,0.10141706234089753,0.003468247766853505,0.003462247265714631,0.1421535885969999,7287580.0,0.6990111943882605,1
2023-08-29,139.88636779785156,139.97101014649476,138.40061406417527,138.89901243341095,6337000,142.43614120483397,140.67822326660155,129.86258098602295,140.25424291803756,141.3322335671329,-1.0779906490953408,-0.41706948479033484,-0.6609211643050059,32.714709027989215,142.43614120483397,149.39462249622196,135.477659913446,0.0977066807978343,0.008132054447266057,0.008099167464685643,0.14769338947068342,7261735.0,0.8726564657068868,0
2023-08-30,139.32217407226562,140.25311081871706,138.41003398330267,139.7547267719963,6277300,142.09573669433593,140.80239044189454,129.93791290283204,140.11084771099573,141.18334027121682,-1.072492560221093,-0.5481540998764866,-0.5243384603446065,31.903413818192888,142.09573669433593,148.95875636606056,135.2327170226113,0.09659712291703394,-0.004033228787534537,-0.004041384190551067,0.14427933906763898,7160630.0,0.8766407425045003,0
2023-08-31,137.60134887695312,139.50085895109873,137.25342414131575,139.4162165882018,10933900,141.6246208190918,140.8960629272461,130.00362869262696,139.72477096729685,140.91800757534546,-1.1932366080486076,-0.6771706015109108,-0.5160660065376969,24.4011663597299,141.6246208190918,148.3556325176441,134.8936091205395,0.09505425906347656,-0.012351409291244009,-0.012428321922772842,0.1448116797000608,7403125.0,1.4769303503588012,1
2023-09-01,138.0620880126953,139.24692293859306,137.00888706330605,137.37562270812614,7903500,141.19205856323242,141.05013061523437,130.07804138183593,139.46897358966584,140.7064579781121,-1.237484388446262,-0.7892333588979811,-0.448251029548281,25.202632322170956,141.19205856323242,147.65263386301066,134.73148326345418,0.0915147121661222,0.00334836205823974,0.0033427687760814112,0.14667398707911883,7487830.0,1.0555127453481181,0
2023-09-05,136.53875732421875,139.36921876753888,136.36008860670202,138.38184883030152,7854700,140.6485382080078,141.1873666381836,130.14929862976075,139.01817108728937,140.39773941115703,-1.3795683238676588,-0.9073003518919167,-0.4722679719757421,29.467497221554822,140.6485382080078,146.72442544695772,134.5726509690579,0.08639815694300601,-0.011033663987006226,-0.01109498634825559,0.1463279221299176,7517975.0,1.0447893215925832,0
2023-09-06,136.31304931640625,136.8584393175543,135.51374662227437,136.06854930010627,8629200,140.13510665893554,141.31373809814454,130.21859962463378,138.6019985071535,140.09516977450883,-1.4931712673553363,-1.0244745349846007,-0.4686967323707356,30.35297818101577,140.13510665893554,145.82304360851452,134.44716970935656,0.08117790160066644,-0.00165306915220087,-0.0016544369786274673,0.14634581019237958,7518265.0,1.1477648100991387,0
2023-09-07,135.1470184326172,136.60456288869358,134.8367014053034,135.53256513460647,8373700,139.6616409301758,141.41660247802736,130.28473796844483,138.07046311107098,139.7286400454798,-1.6581769344088286,-1.1512150148694462,-0.5069619195393824,31.100723522475164,139.6616409301758,145.3554273063618,133.96785455398978,0.08153686779367908,-0.00855406646419088,-0.008590862478025948,0.14300036136612404,7623060.0,1.0984696434240317,1
2023-09-08,135.25045776367188,135.52315278000043,134.14083799530906,134.81789072040658,7107900,139.20416030883788,141.53292907714842,130.34541442871094,137.63661613454804,139.39692283941997,-1.7603067048719367,-1.2730333528699442,-0.4872733520019925,29.858905964863197,139.20416030883788,144.763623939911,133.64469667776476,0.07987496377606706,0.0007653837447125778,0.0007650909879455658,0.14361132128697335,7678700.0,0.9256645005013869,1
2023-09-11,135.84291076660156,136.39771359199148,135.11883755039997,136.11560583970288,6854200,138.73445892333984,141.57069976806642,130.41268657684327,137.36066146255627,139.13366268587785,-1.773001223321586,-1.3730269269602726,-0.3999742963613133,30.512465496106472,138.73445892333984,143.70389113899057,133.76502670768912,0.07163947953834128,0.004380414031314395,0.004370847943215507,0.14251567211247793,7762375.0,0.8830029469073576,1
2023-09-12,137.6107177734375,138.53227044959777,135.45732411697276,135.8804784465689,8363200,138.33810119628907,141.6062826538086,130.4796450805664,137.3991316642303,139.020851951623,-1.6217202873926908,-1.4227655990467563,-0.19895468834593455,49.82840729122887,138.33810119628907,142.15321904751409,134.52298334506406,0.055156429331232604,0.013013612538627761,0.012929663022880955,0.15289897137189526,7928320.0,1.0548514691637068,1
2023-09-13,137.6765594482422,138.8896038639501,137.1217567444918,138.55107750514435,8325900,138.13028411865236,141.621328125,130.54030979156494,137.4418128617706,138.92127472915033,-1.4794618673797402,-1.434104852713353,-0.045357014666387085,45.53058403148678,138.13028411865236,141.5790701169089,134.68149812039582,0.04993526249890388,0.0004784632757537377,0.00047834884869858935,0.12740892519065558,7829600.0,1.063387657096148,1
2023-09-14,140.34713745117188,140.95835877601152,138.7203371284726,139.02124145269468,10034900,138.08608627319336,141.70802825927734,130.61313148498536,137.88878587552463,139.02689419004082,-1.138108314516188,-1.3749055450739203,0.23679723055773216,57.514826333887115,138.08608627319336,141.3870411157685,134.7851314306182,0.0478101006649497,0.019397477781493144,0.019211744702078645,0.1467196426218718,7982435.0,1.2571226699622358,0
2023-09-15,139.93338012695312,140.79849978022395,139.46320546657168,140.03681912618072,19863400,138.09454803466798,141.8133465576172,130.69487686157225,138.20333883728287,139.09404129647876,-0.890702459195893,-1.278064927898315,0.38736246870242197,56.42329135274002,138.09454803466798,141.41442819905362,134.77466787028234,0.048081263332020854,-0.0029480994891164514,-0.002952453694274388,0.14222597133084325,8477910.0,2.3429595265814336,1
2023-09-18,140.22491455078125,140.24372555861612,138.9366403116919,139.32218705503516,6512400,138.10160140991212,141.90324432373046,130.76791538238524,138.51435048551338,139.17780968568636,-0.66345920017298,-1.155143782353248,0.491684582180268,55.77777644223545,138.10160140991212,141.4398258477575,134.76337697206674,0.04834447108164794,0.002083380131056911,0.00208121290425449,0.14218615939921075,8377655.0,0.7773535673168686,0
2023-09-19,140.04624938964844,140.78913355766784,138.4288613898162,140.58225551203677,7943400,138.07574157714845,141.97433532714842,130.83260959625244,138.7500272399957,139.24213855264654,-0.49211131265084873,-1.0225372884127681,0.5304259757619194,50.68064242043149,138.07574157714845,141.34088052081697,134.81060263347993,0.04729489635721643,-0.001274132786639126,-0.0012749451839594813,0.14170166913331825,8358475.0,0.950340821740808,0
2023-09-20,139.45382690429688,141.28750546996196,139.30336754798745,140.72329005809854,7332000,138.166015625,141.9908853149414,130.90326431274414,138.85830411142663,139.2578191712873,-0.3995150598606756,-0.8979328427023496,0.49841778284167404,50.55912406488638,138.166015625,141.48085761050407,134.85117363949593,0.0479834635240691,-0.004230191725472565,-0.004239164299234725,0.12039807222333292,8241410.0,0.8896535908297245,0
2023-09-21,138.36300659179688,139.97101033791805,137.88343357559577,138.7767626129552,8052400,138.1552001953125,141.97189025878907,130.97343215942382,138.78210449302205,139.1915367579917,-0.40943226496966645,-0.8002327271558131,0.3908004621861466,53.41761197136425,138.1552001953125,141.46577311570755,134.84462727491743,0.047925418887089934,-0.007822089480904681,-0.007852842496360537,0.12174618541470017,8251130.0,0.9759148140921304,0
2023-09-22,137.037109375,138.7109301020789,136.52932702968312,138.50405209324057,7071700,138.0846725463867,141.91283599853514,131.05440223693847,138.51364370563402,139.03194954443677,-0.5183058388027462,-0.7438473494851997,0.22554151068245354,45.7322024206614,138.0846725463867,141.42894029014352,134.7404048026299,0.04843792844036856,-0.009582743606523225,-0.009628953542976893,0.12636128891358955,8278015.0,0.854274847291289,1
2023-09-25,137.7141571044922,137.77998844520116,135.12819643580607,136.67978144617302,7044700,138.05646057128905,141.85039611816407,131.13774566650392,138.3906457669968,138.93433528962606,-0.5436895226292506,-0.70381578411401,0.1601262614847594,55.265183257166996,138.05646057128905,141.40336602007028,134.70955512250782,0.04848603875445535,0.004940615958553662,0.004928451166785001,0.12776812335390753,8295475.0,0.8492220156169478,0
2023-09-26,136.28482055664062,137.14054188461932,135.6265788999616,135.97451790667134,7468400,137.93280258178712,141.69147644042968,131.21435634613036,138.06667265771125,138.73807493903453,-0.6714022813232816,-0.6973330835558644,0.025930802232582817,49.88585799006409,137.93280258178712,141.35253445103996,134.51307071253427,0.04958547648192845,-0.01037900952163573,-0.010433247055281576,0.13192019870959693,8414190.0,0.887595835130892,1
2023-09-27,137.08413696289062,137.37564298659942,135.88988918481877,136.52933425011622,6717800,137.79269104003907,141.54327728271485,131.2886165237427,137.91551332004653,138.61556101487574,-0.7000476948292089,-0.6978760058105333,-0.0021716890186755933,58.07205596411826,137.79269104003907,141.1032921993193,134.48208988075885,0.04805191239524087,0.005865043538856973,0.00584791112659116,0.13010221608195652,8433230.0,0.7965868356489744,1
2023-09-28,138.7861785888672,139.9898247951475,137.30042466423484,137.55432304561114,8868100,137.76589126586913,141.41802307128907,131.37469844818116,138.04946182294202,138.62819935368992,-0.578737530747901,-0.6740483107980069,0.09531078005010585,63.00134548723134,137.76589126586913,141.03274923729825,134.49903329444,0.04742622344923583,0.012416036338597669,0.012339589486927373,0.13785278917673482,8562770.0,1.0356578537085546,0
2023-09-29,136.36947631835938,139.88637395090447,136.2190169681453,139.7359289492838,11917800,137.70429763793945,141.208701171875,131.43926822662354,137.7910025145447,138.46088653625802,-0.6698840217133295,-0.6732154529810714,0.0033314312677419355,51.70721523408474,137.70429763793945,141.03013713730846,134.37845813857044,0.048304077017458244,-0.01741313360653096,-0.017566525514946,0.1447879440844443,8611965.0,1.3838653547709494,0
2023-10-02,135.1940460205078,136.93368391413614,134.12204820895175,136.1908141533554,9170600,137.56089553833007,140.9984390258789,131.49855869293214,137.39147074623133,138.21889834990614,-0.8274276036748063,-0.7040578831198184,-0.12336972055498785,41.851750099551474,137.56089553833007,141.06436166477735,134.0574294118828,0.050936948509048785,-0.008619453044664271,-0.008656815380249542,0.14688454448012936,8675320.0,1.0570906894500722,0
2023-10-03,134.19729614257812,135.02479402374803,133.85876971663714,134.65805825802832,9431100,137.44382247924804,140.7108804321289,131.55594692230224,136.90005926874622,137.92100189010407,-1.0209426213578467,-0.7674348307674241,-0.2535077905904226,38.96193798427097,137.44382247924804,141.23571738435746,133.65192757413863,0.05517737846212674,-0.007372735022506016,-0.007400047963553489,0.14411933465338583,8754140.0,1.0773302688784963,1
2023-10-04,134.79908752441406,134.9119248569258,133.46377879625967,134.64862818200334,8128700,137.36812438964844,140.4575503540039,131.63156799316405,136.57683284654127,137.689748974127,-1.1129161275857484,-0.8365310901310891,-0.27638503745465937,29.73909128294514,137.36812438964844,141.31244980416918,133.4237989751277,0.05742708407858211,0.004484377846156962,0.004474352982833649,0.14529369334492187,8729115.0,0.9312169675849156,1
2023-10-05,135.36746215820312,135.55693133960906,133.40658332997998,134.55279382335263,8576200,137.37914657592773,140.19790954589843,131.71375644683837,136.39077581756615,137.51772772850302,-1.1269519109368673,-0.8946152542922448,-0.23233665664462255,33.51193493641313,137.37914657592773,141.29849123259854,133.45980191925693,0.057058800470923425,0.0042164575756948874,0.004207593227148485,0.1429792675646701,8739240.0,0.9813439154892187,1
2023-10-06,137.4514923095703,138.19037578099838,134.6475135159572,135.37692931115018,10270600,137.48919830322265,140.01267272949218,131.80282356262208,136.55396297018217,137.51282140117468,-0.9588584309925068,-0.9074638896322972,-0.0513945413602096,41.13278166598855,137.48919830322265,141.27831532983754,133.70008127660776,0.05511875948622903,0.015395355118142051,0.01527804908514367,0.15293917643763075,8897375.0,1.1543404655867602,0
2023-10-09,137.13890075683594,137.73568242415,135.9358408359839,136.08741039936837,6964900,137.5539978027344,139.80444580078125,131.88743003845215,136.64395339889813,137.4851235756681,-0.841170176769964,-0.8942051470598307,0.0530349702898667,40.783518918029934,137.5539978027344,141.26815715259087,133.8398384528779,0.054002928438080695,-0.0022741954087363014,-0.0022767853185005228,0.15272666060883688,8902910.0,0.7823172423398641,1
2023-10-10,137.9724884033203,139.03346076917467,137.62199647640875,137.7546162153321,11288800,137.57208633422852,139.59314361572265,131.96944351196288,136.84834339957845,137.5212246740127,-0.6728812744342463,-0.8499403725347139,0.1770590981004676,45.37478262940995,137.57208633422852,141.2909295836351,133.85324308482194,0.054063921664627854,0.0060784186097744275,0.006060019543881933,0.14708104953936998,9049190.0,1.247492869527549,1
2023-10-11,138.44613647460938,139.46920925695193,137.3757108554797,138.78716073539022,8698200,137.61056518554688,139.40598419189453,132.06072414398193,137.094157718814,137.58973665924208,-0.49557894042808925,-0.779068086113389,0.2834891456852997,50.26996277605775,137.61056518554688,141.34982949163543,133.87130087945832,0.05434559913400151,0.003432916784863016,0.0034270377769583366,0.14753588152217365,9067805.0,0.9592398601425594,0
2023-10-12,138.1240997314453,139.2134899098604,137.47995064881113,138.5882761853236,10484400,137.49941329956056,139.2458609008789,132.1475431060791,137.25261033614188,137.6293191090349,-0.37670877289301075,-0.6985962234693134,0.32188745057630264,53.77619033988205,137.49941329956056,141.02205460809802,133.9767719910231,0.05123863766404474,-0.002326079667980596,-0.0023287891938222785,0.12930373516277088,9090280.0,1.153363812775844,1
2023-10-13,140.1986541748047,145.03929747482982,140.04708459311027,140.67229827674657,29427000,137.51267700195314,139.1093606567383,132.24261905670167,137.70584784978232,137.81964022501785,-0.11379237523553343,-0.5816354538225574,0.467843078587024,57.86721632429026,137.51267700195314,141.07567239364067,133.9496816102656,0.05182060984293005,0.015019496578750013,0.01490782076124116,0.14052534289975968,9568460.0,3.075416524707215,0
2023-10-16,140.0565185546875,141.63848757653133,138.9860786270374,141.5721704869227,12663500,137.50425720214844,138.97622436523437,132.33367279052734,138.0674894966908,137.9853349161045,0.0821545805862911,-0.44887744694078774,0.5310320275270788,63.00317317363656,137.50425720214844,141.0409647471372,133.96754965715968,0.05144142613401934,-0.001013815866876766,-0.0010143301257880082,0.14038487197833519,9876015.0,1.2822479512232414,0
2023-10-17,139.75340270996094,141.4395742566608,139.0524043601375,139.7913023258802,11482700,137.48961486816407,138.82310913085936,132.41971549987792,138.32686076027082,138.11630290083463,0.21055785943619298,-0.3169903856653916,0.5275482451015846,59.528470535944805,137.48961486816407,140.98418417388518,133.99504556244295,0.05083393838977561,-0.002164239464571671,-0.0021665848153464883,0.14052557520726233,10052980.0,1.1422185262479385,0
2023-10-18,138.2187957763672,139.70603042248965,137.70725216102403,138.86294467928195,9620300,137.42786331176757,138.6558514404297,132.49403778076172,138.3102353781318,138.1238949656889,0.18634041244291666,-0.21632422604372997,0.40266463848664663,47.95011113855273,137.42786331176757,140.81838819844094,134.0373384250942,0.04934261226170217,-0.010980819814302656,-0.011041554033121454,0.14514493147059665,10167395.0,0.9461912318740444,0
2023-10-19,137.6314697265625,139.2702884043397,137.24309262471562,137.8114567626337,11143600,137.39128646850585,138.51615417480468,132.5607321548462,138.205809893275,138.0874190220499,0.1183908712251025,-0.14938120658996348,0.26777207781506596,55.2539366727397,137.39128646850585,140.7550120218852,134.02756091512651,0.04896563151623745,-0.004249248783464776,-0.004258302497835761,0.1432652824378593,10321955.0,1.0796016839833151,0
2023-10-20,135.41482543945312,137.48938860591738,134.62857461422652,136.94944192742966,13332900,137.3101722717285,138.33644927978514,132.61054798126221,137.7764276696101,137.88944912704272,-0.11302145743263736,-0.14210925675849828,0.02908779932586092,50.84582081856796,137.3101722717285,140.78622424033324,133.83412030312377,0.05063065483197909,-0.016105650048737097,-0.016236755629941476,0.15059872626766005,10635015.0,1.2536794729485572,0
2023-10-23,133.567626953125,136.10635221522327,133.31185510958022,135.40536824661368,10133400,137.10284576416015,138.1030630493164,132.65126678466797,137.1289198670739,137.56931415119695,-0.4403942841230446,-0.20176626223140753,-0.23862802189163707,47.73527042186117,137.10284576416015,140.9520482303446,133.2536432979757,0.056150584544477064,-0.013641035834396464,-0.013734929613752975,0.15595804795149706,10789450.0,0.9391952323797784,1
2023-10-24,133.7286834716797,134.25916259068111,132.96138228494746,133.7476332843503,8881400,136.97503890991212,137.86687927246095,132.68079063415527,136.6058065754748,137.2848229897512,-0.6790164142764183,-0.2972162926404097,-0.3818001216360086,46.02402700601015,136.97503890991212,141.09857398804937,132.85150383177486,0.060208562245407105,0.0012058050459429204,0.0012050786469102845,0.15257695217380218,10860100.0,0.8178009410594745,0
2023-10-25,132.999267578125,133.73815127376676,132.15618159440697,133.1603193042653,8242600,136.77079544067382,137.69020660400392,132.7093085861206,136.05095442203634,136.96737444074185,-0.9164200187055087,-0.4210570378534295,-0.4953629808520792,41.30743070677743,136.77079544067382,141.26001925638727,132.28157162496038,0.06564594146358833,-0.005454446081563091,-0.00546937588655081,0.15120243199209618,10936340.0,0.7536890769672486,1
2023-10-26,133.34027099609375,134.2023066571367,132.08037605790858,132.39298287304953,9109400,136.49850006103514,137.53239013671876,132.73383243560792,135.63392620266058,136.69870011150866,-1.0647739088480819,-0.54980041205236,-0.5149734967957219,32.69530903779976,136.49850006103514,141.13136215189363,131.86563797017666,0.06788150915631896,0.002563949592943704,0.0025606682817337443,0.1430267482197144,10948405.0,0.8320298710177418,0
2023-10-27,128.5375213623047,131.76777717096823,128.0638773242415,131.6256752868679,17434700,136.1069023132324,137.30785766601562,132.72957012176514,134.54217161183658,136.09416835230837,-1.5519967404717931,-0.7502396777362467,-0.8017570627355465,23.72674698256094,136.1069023132324,141.9512835423793,130.26252108408553,0.08587927768272603,-0.03601874810896222,-0.03668343280652245,0.18012397844146844,11224250.0,1.5533064570015813,1
2023-10-30,130.1763153076172,130.76362924255815,128.86905324136248,129.2479771142823,9855500,135.85601577758788,137.10970703125,132.73415058135987,133.87050141118743,135.65580886751644,-1.785307456329008,-0.957253233454799,-0.8280542228742089,27.302773616789892,135.85601577758788,142.26857641753546,129.4434551376403,0.09440230678405408,0.012749537473134342,0.01266894639666755,0.18695244798351848,11258495.0,0.8753834326879392,1
2023-10-31,131.7298583984375,131.90037774366868,130.223674045485,130.45102835430433,9672500,135.73264389038087,136.93303527832032,132.73018955230714,133.5411717169182,135.36499772165874,-1.823826004740539,-1.1305677877119469,-0.6932582170285921,31.603452628340904,135.73264389038087,142.3705549085387,129.09473287222303,0.09780861593646824,0.011934145525237527,0.011863495156233255,0.1918477508977931,11270565.0,0.8582089717773688,0
2023-11-01,131.6162109375,133.12239554755078,131.17098437410596,131.90986793580896,9432000,135.57350006103516,136.812392578125,132.73589992523193,133.24502390470002,135.08730981172107,-1.8422859070210507,-1.2729114115737676,-0.569374495447283,31.968403135672546,135.57350006103516,142.45384285164502,128.6931572704253,0.1014998179955866,-0.0008627312161358924,-0.0008631035828952294,0.19080917608104087,11335730.0,0.8320593380399851,1
2023-11-02,133.9654998779297,134.02233485906768,131.89093633956514,132.70560479630942,10186200,135.50340194702147,136.72011627197264,132.77295558929444,133.35586636211997,135.00421277958839,-1.6483464174684173,-1.3479984127526976,-0.30034800471571965,32.98860454385694,135.50340194702147,142.42104899774174,128.5857548963012,0.10210292806412187,0.01784954090150248,0.017692108483513314,0.20169669956024935,11416230.0,0.8922560249749698,1
2023-11-03,135.4622039794922,136.19161989432564,134.3728284006059,134.6949028990368,9538700,135.40393753051757,136.66040710449218,132.82592742919923,133.67991830325414,135.03813805365533,-1.3582197504011901,-1.3500426802823962,-0.008177070118793983,38.32454260690989,135.40393753051757,142.26058273170318,128.54729232933195,0.101276895284382,0.011172310056890122,0.011110360784825855,0.1978181401867623,11379635.0,0.8382254791124671,1
2023-11-06,136.4852752685547,136.589477540853,135.26326548846805,135.62323960267491,7625100,135.37125625610352,136.62454467773438,132.88248573303224,134.11151168253116,135.14533340290714,-1.0338217203759825,-1.2867984883011134,0.2529767679251309,41.98793963833878,135.37125625610352,142.19925363244892,128.54325887975813,0.1008780972443334,0.007552448277140078,0.007524071327053708,0.19981602916233096,11412645.0,0.668127327188395,0
2023-11-07,136.4189453125,136.65576732228422,135.2916846876805,135.94530129293153,6297900,135.2935791015625,136.57776397705078,132.92856533050536,134.46650147175714,135.23967502583994,-0.7731735540828026,-1.1840735014574513,0.41089994737464863,45.24522628054999,135.2935791015625,142.03173319335446,128.55542500977054,0.099607891764527,-0.00048598616901474045,-0.00048610429856741353,0.19845049157888253,11163100.0,0.5641712427551486,1
2023-11-08,137.09153747558594,137.20520742421806,136.049514764893,136.51369114592342,7618200,135.22584915161133,136.52186737060546,132.97254047393798,134.87035316465386,135.37685002211742,-0.50649685746356,-1.048558172658673,0.542061315195113,48.580025409860404,135.22584915161133,141.8569594354721,128.59473886775055,0.09807459632109491,0.004930342787398123,0.0049182284496389825,0.1989138464833345,11109100.0,0.6857621229442529,0
2023-11-09,136.6842041015625,137.97251659482677,136.1253075486498,137.77359417303023,7992500,135.1538543701172,136.46910797119142,133.01137477874755,135.14940715494748,135.47369106503928,-0.32428391009179336,-0.9037033201452971,0.5794194100535037,53.689469025135764,135.1538543701172,141.68295505534468,128.6247536848897,0.09661730648609736,-0.0029712510452803986,-0.0029756739749297284,0.1990091648490174,10984505.0,0.7276158552433633,1
2023-11-10,138.7113800048828,138.75874729751894,136.4852617956672,137.2999300838166,7983300,135.0794906616211,136.49130859375,133.05636013031005,135.69740297801445,135.71351987539805,-0.016116897383597006,-0.726186035592957,0.71006913820936,64.79560531007476,135.0794906616211,141.39711636819197,128.7618649550502,0.09353937708273946,0.014831091248949546,0.014722186083032518,0.19881597133122408,9912320.0,0.8053916741993802,0
2023-11-13,138.0956268310547,138.54085329372344,137.508312967307,138.01984206565726,6676300,134.98144607543946,136.49197937011718,133.0966913986206,136.0663604938668,135.88997224248374,0.17638825138305947,-0.5456711781977538,0.7220594295808133,62.24097341983521,134.98144607543946,141.0289403825869,128.93395176829202,0.0896048232253724,-0.004439096300580703,-0.004448978344303535,0.19931414262441255,9612960.0,0.6945103277242389,1
2023-11-14,140.61546325683594,141.38276438904606,138.79667164043798,138.94822676761797,9927700,135.0245491027832,136.57351348876952,133.15513553619385,136.7662224574005,136.2400086139172,0.5262138434832764,-0.3312941738615478,0.8575080173448242,69.401529468744,135.0245491027832,141.22558996932287,128.82350823624353,0.09185056951116828,0.018247039993989134,0.018082560588061142,0.2101057355713529,9535210.0,1.041162176816242,1
2023-11-15,141.84690856933594,142.24476778987932,140.63438110068913,140.63438110068913,8365300,135.20595474243163,136.6841906738281,133.21589107513427,137.54786647462134,136.65533453654083,0.8925319380805092,-0.08652895147313641,0.9790608895536457,70.7294273380011,135.20595474243163,141.98571609427233,128.42619339059092,0.10028791061394007,0.008757538353024064,0.008719413538682995,0.2076032321539601,9472460.0,0.8831180073602845,1
2023-11-16,143.466796875,143.5425816665274,142.1784843279759,142.1784843279759,8126200,135.49772109985352,136.85058624267577,133.28646060943603,138.45847115160268,137.15988730235262,1.2985838492500648,0.19049360867150383,1.1080902405785609,93.06007518750665,135.49772109985352,143.1615852701296,127.83385692957745,0.11312166888221349,0.01141997609960077,0.011355260407595718,0.20941262764182,9321590.0,0.871761148044486,1
2023-11-17,144.7645721435547,144.80245730700287,143.5520300961765,144.1772437015897,7812400,135.9652084350586,137.04086853027343,133.36653064727784,139.4286405349799,137.7231972905898,1.7054432443900964,0.4934835358152224,1.2119597085748741,92.92081483716186,135.9652084350586,144.6768115264134,127.25360534370381,0.12814459215889384,0.009045823123000396,0.009005154733728822,0.19908993871714453,9045565.0,0.8636718657154085,1
2023-11-20,145.2097930908203,145.64555199659807,143.9120129602485,144.06358253221205,7019000,136.54731674194335,137.22820617675782,133.43886516571044,140.3180486204938,138.27775994245872,2.040288678035097,0.8028445642591974,1.2374441137758994,92.4269216767889,136.54731674194335,146.09965546772517,126.99497801616154,0.1399125073081369,0.0030754827695282927,0.003070763146665327,0.18866038945532213,8889845.0,0.7895525737512858,0
2023-11-21,144.9066619873047,145.53187560312782,144.52775252863756,145.12453420331482,7083500,137.1062156677246,137.37412506103516,133.50583835601807,141.0239891384647,138.76878972355843,2.2551994149062864,1.0933155343886152,1.1618838805176712,91.33747877368117,137.1062156677246,147.25366213014433,126.95876920530485,0.14802314268540484,-0.002087538981107362,-0.002089720927734116,0.18972557614256122,8799950.0,0.8049477553849738,1
2023-11-22,145.24766540527344,145.76867667690715,144.8403240640081,145.32345017700808,5174500,137.71863555908203,137.52554718017578,133.5665009689331,141.6737854872045,139.24870644072251,2.425079046481983,1.3596682368072888,1.0654108096746941,90.10079053098343,137.71863555908203,148.2919455508363,127.14532556732776,0.15354944447177968,0.0023532625297697507,0.002350497943850896,0.18651286490405836,8646545.0,0.5984471254125202,1
2023-11-24,145.4466094970703,146.29917746551416,145.20031979301464,145.4939767932843,3496900,138.32395248413087,137.62753662109375,133.63283794403077,142.2542199502608,139.70781037082236,2.546409579438432,1.5970165053335175,0.9493930741049146,89.09473724461142,138.32395248413087,149.2230015320549,127.42490343620685,0.15758729926654474,0.001369688739862207,0.0013687515718948243,0.18672371567516827,8365920.0,0.4179934783024461,0
2023-11-27,145.11505126953125,145.4371257209846,144.6603570760402,145.3423911390429,6259100,139.1528289794922,137.73117004394533,133.70780323028563,142.69434784553317,140.10834673368967,2.586001111843501,1.7948134266355142,0.7911876852079869,85.72522276111341,139.1528289794922,149.4213613599208,128.8842965990636,0.1475863977144431,-0.002279587187941523,-0.002282189402216947,0.11408767818050422,7807140.0,0.8017148405177824,1
2023-11-28,145.4466094970703,145.75921630671945,144.66984076614435,145.1434848193456,6582700,139.91634368896484,137.8356039428711,133.78155353546143,143.11777271500043,140.5037736050512,2.6139991099492192,1.9586505632982552,0.6553485466509641,86.56933584695739,139.91634368896484,149.63044497684353,130.20224240108615,0.1388558481698638,0.002284795578669785,0.002282189402217008,0.11203674221101526,7643500.0,0.8612154117877936,1
2023-11-29,146.18551635742188,147.42646153912895,145.88237720689818,146.04341446018753,9126100,140.63912658691407,137.95838928222656,133.85190937042236,143.58973327537296,140.92464343856014,2.6650898368128253,2.0999384180011695,0.5651514188116558,86.64110733076674,140.63912658691407,149.93047582190957,131.34777735191858,0.13213036031269007,0.005080261842517864,0.005067400852065534,0.10949782583072332,7616180.0,1.1982516169523305,1
2023-11-30,147.8527069091797,147.90007419819418,146.2423202639577,146.74438172768336,9869800,141.45095138549806,138.12636688232422,133.92768222808837,144.2455753728817,141.4378333252727,2.807742047608997,2.241499143922735,0.5662429036862617,90.85224209314865,141.45095138549806,150.24694454696845,132.65495822402767,0.1243681018093482,0.011404621971451423,0.011340079528181573,0.10908409659638789,7638070.0,1.2921850676938023,1
2023-12-01,148.57264709472656,149.53888490616447,147.6064237377565,147.6064237377565,8916000,142.1813087463379,138.33055969238282,134.00427463531494,144.911278714704,141.96633804893594,2.9449406657680584,2.3821874482917997,0.5627532174762586,89.8849124747274,142.1813087463379,150.7839182962121,133.57869919646367,0.12100900780456195,0.004869306762094627,0.004857490031920638,0.09946115455832835,7574560.0,1.177098075663801,1
2023-12-04,149.6620635986328,149.7188985762758,147.66328497618852,147.79590474217898,9607500,142.89130172729492,138.58305877685547,134.09548824310303,145.6421686968469,142.53639179335792,3.1057769034889873,2.5269053393312375,0.5788715641577498,95.05532519899954,142.89130172729492,151.50288213366645,134.2797213209234,0.12053330471866724,0.007332550945341021,0.007305798489887358,0.09731726283957738,7578000.0,1.267814726840855,0
2023-12-05,149.6431121826172,150.1451737523716,148.69582402014166,148.97053122729264,9135600,143.54919357299804,138.82163787841796,134.1846611404419,146.2576984638885,143.06281552589564,3.194882937992844,2.660500859063559,0.5343820789292852,93.6754218895336,143.54919357299804,152.1104292440769,134.98795790191917,0.11927946730993341,-0.00012662805496554963,-0.00012663607297457887,0.09847173710169095,7653525.0,1.1936460650484582,0
2023-12-06,148.0706024169922,150.82721429092348,147.77694541510039,150.46724018307185,9366000,144.13177642822265,139.057353515625,134.27806423187255,146.53660676436598,143.4337627030139,3.102844061352073,2.7489694995212615,0.35387456183081145,79.14807435590328,144.13177642822265,152.22289871117488,136.04065414527042,0.11227395489684526,-0.010508400571795029,-0.01056400368934428,0.11100728667375441,7806930.0,1.1997033404936384,1
2023-12-07,148.52529907226562,149.0178929455568,147.9190352491648,148.4305789322475,8130900,144.70346450805664,139.2861767578125,134.37869853973388,146.84255942711977,143.8109135451807,3.031645881939056,2.8055047760048204,0.22614110593423575,76.59345419541152,144.70346450805664,152.3007807314278,137.10614828468547,0.10500531205938295,0.0030708097883800356,0.0030661044822742,0.111025592430008,7832565.0,1.0380890551179593,1
2023-12-08,150.16412353515625,150.41041325374513,148.70529167070984,148.97053119979643,7369400,145.37746047973633,139.51373565673828,134.4823840713501,147.3535692898946,144.2815216925863,3.0720475973083126,2.8588133402655194,0.2132342570427932,77.40373669366268,145.37746047973633,152.34492039122247,138.41000056825018,0.09585337215953522,0.011033975175456456,0.010973544988475427,0.1104296249905838,7801410.0,0.9446241128206312,1
2023-12-11,150.71356201171875,150.90301676536245,149.8136266365866,150.16413310802218,8093900,145.97756958007812,139.80061737060547,134.58297885894774,147.87049124709833,144.75796912363316,3.112522123465169,2.9095550969054496,0.20296702655971943,77.64026845226145,145.97756958007812,152.58579166285114,139.3693474973051,0.09053749972385962,0.0036589197447942645,0.0036522421814336194,0.10380692168666766,7806940.0,1.0367570392496932,1
2023-12-12,152.05868530273438,152.18182292300537,150.50513344346612,150.83667559584973,10223000,146.67572250366212,140.13791015625,134.68460010528565,148.51482879411927,145.2987629146777,3.2160658794415724,2.970857253412674,0.24520862602889837,82.51492503145946,146.67572250366212,152.70254749551853,140.6488975118057,0.08217890307928691,0.008925031517144077,0.008885438826313376,0.0998569792973019,7984275.0,1.2803917700730498,1
2023-12-13,152.57022094726562,153.48909157190943,151.34822564322266,152.05869172694915,12379100,147.2734603881836,140.50536865234375,134.78326541900634,149.1387352792187,145.83738943561013,3.3013458436085727,3.036954971451854,0.26439087215671897,82.78190301183832,147.2734603881836,153.13870145619146,141.40821932017573,0.07965102541283747,0.003364067258064374,0.0033584214421989033,0.08644007729983033,8106845.0,1.5269935468113673,1
2023-12-14,155.34580993652344,156.15099630026305,153.18599381871178,153.29966378665807,13643000,147.94840545654296,140.91630310058594,134.8995153427124,150.09366984188097,146.54171688012224,3.5519529617587295,3.139954569513229,0.4119983922455006,86.00956030585874,147.94840545654296,154.2731163326419,141.623694580444,0.08549887180712755,0.01819220665753085,0.0180287084178462,0.09878526402894944,8370730.0,1.6298459035233486,1
2023-12-15,156.52041625976562,156.5677835579425,153.83012139517064,154.48375252838963,20309300,148.60108642578126,141.33936218261718,135.02849559783937,151.08240006001705,147.28087979713285,3.801520262884196,3.2722677081874227,0.5292525546967735,89.09082921747425,148.60108642578126,155.63310419707418,141.56906865448835,0.09464288506134243,0.007561235953014389,0.007532793093912955,0.09615296289012733,8979885.0,2.2616436624745195,1
2023-12-18,157.4676971435547,158.32026510801109,156.89933295505307,157.17404014465845,8469600,149.23624267578126,141.73968627929688,135.15021213531494,152.06475345748436,148.03545885983078,4.029294597653575,3.4236730860806532,0.6056215115729215,89.53262211338706,149.23624267578126,157.05946755584836,141.41301779571415,0.10484349833254936,0.006052123463669679,0.006033882923462515,0.09480439813910421,9012745.0,0.939735896222516,1
2023-12-19,159.57069396972656,159.58964378092742,156.82356397890698,157.24984077686577,10345700,149.95428771972655,142.1883221435547,135.28633556365966,153.21951353629083,148.88992071982304,4.329592816467795,3.604857032158082,0.7247357843097126,90.3944255286621,149.95428771972655,158.7918908637504,141.1166845757027,0.11787062948865941,0.01335509989870931,0.013266706682525213,0.1000207546389813,9179080.0,1.1270955259132724,0
2023-12-20,157.7708282470703,160.4800726590447,157.6760936599054,159.13492535722085,10734700,150.59749603271484,142.5842889404297,135.4329195022583,153.91971579948768,149.54776572184136,4.371950077646318,3.758275641255729,0.6136744363905886,79.69359580887016,150.59749603271484,159.75501558800863,141.43997647742106,0.12161582757397861,-0.01127942529972148,-0.01134352044397012,0.11284840502009669,9361640.0,1.1466687460744058,1
2023-12-21,158.67074584960938,159.22964232114157,156.94667468790465,158.04553227748778,7601700,151.26865005493164,142.98878112792968,135.58780242919923,154.6506434995064,150.22354202760195,4.42710147190445,3.8920408073854738,0.5350606645189764,79.91009647499722,151.26865005493164,160.73752984594861,141.79977026391467,0.12519289076194504,0.005703954352890728,0.00568774840139562,0.11271409333466377,9483000.0,0.8016134134767479,0
2023-12-22,158.57601928710938,159.3622701304102,158.41498204756135,158.67075387718188,6576300,151.92512054443358,143.39781951904297,135.77677627563477,155.25454746682993,150.84224404682473,4.412303420005202,3.9960933299094195,0.41621009009578236,78.05590000662755,151.92512054443358,161.5142143507569,142.33602673811026,0.12623447356118825,-0.0005970008018351125,-0.0005971790777712574,0.11364007806256952,9636970.0,0.682403286510179,1
2023-12-26,159.5138397216797,159.87381381865765,158.36761478125823,158.63286874261556,4683600,152.64505996704102,143.78412322998048,135.9551029586792,155.9098231983453,151.48458446718433,4.42523873116096,4.081922410159728,0.34331632100123155,79.36854415759882,152.64505996704102,162.24342912570404,143.046690808378,0.12576062613143837,0.005914011707358835,0.0058965925843127084,0.11098644429289034,9558195.0,0.490008835350189,1
2023-12-27,160.4706268310547,160.53694394796682,158.74656969947347,158.99285944556456,6428600,153.39626083374023,144.19240539550782,136.1493335723877,156.6114852956852,152.15021723487843,4.461268060806788,4.15779154028914,0.3034765205176475,88.2971905113782,153.39626083374023,162.9741633910284,143.81835827645205,0.12487791430156528,0.005998144807023653,0.005980227547639953,0.11066828690826792,9550490.0,0.6731172955523748,1
2023-12-28,161.32315063476562,161.66417489578518,160.09167333361347,160.42322991816258,6320100,154.15314254760742,144.62380035400392,136.33221244812012,157.33635688631298,152.82969378301823,4.5066631032947555,4.2275658528902635,0.27909725040449196,88.57787328618423,154.15314254760742,163.72426556453402,144.5820195306808,0.12417681350830376,0.005312647059131148,0.0052985847332057134,0.11067498199521834,9410190.0,0.6716229959225053,0
2023-12-29,161.1337127685547,161.69260928256372,160.68848620194564,161.03897817607512,6435100,154.81719284057618,145.08209869384766,136.5436120223999,157.92056548358093,153.4448063004654,4.475759183115542,4.27720451893532,0.1985546641802225,86.23280221679917,154.81719284057618,164.39066491180338,145.24372076934898,0.1236745337591224,-0.0011742757655398561,-0.0011749657675479395,0.10996756640525515,9238455.0,0.6965558635074804,1
2024-01-02,163.0093231201172,163.09457557227162,160.00642185144383,160.17692675575273,9977400,155.5390266418457,145.58965576171875,136.75285266876222,158.70345127381725,154.153289027847,4.550162245970256,4.331796064342307,0.21836618162794874,87.34175924698765,155.5390266418457,165.3051308786549,145.77292240503652,0.12557754086114029,0.01164008648057746,0.011572861838138012,0.11299040119534608,9291525.0,1.0738172689628451,0
2024-01-03,162.29888916015625,162.9714556881483,161.38948612751884,162.80095075016862,9852300,156.17086791992188,146.12733703613281,136.9814298248291,159.25659556402326,154.75666681542546,4.499928748597796,4.365422601193405,0.13450614740439093,82.34606864614442,156.17086791992188,165.97110787908517,146.37062796075858,0.12550663372362714,-0.004358241273337726,-0.0043677660912133315,0.11689178488599872,9303765.0,1.0589583894262162,1
2024-01-04,163.37591552734375,165.2249889082347,162.54668305166135,162.64200181002505,11972500,156.8575080871582,146.7235028076172,137.2092297744751,159.8903370968418,155.39512968297495,4.4952074138668365,4.3913795637280915,0.10382785013874507,82.95499600721493,156.8575080871582,166.6563690536784,147.05864712063803,0.124939648551288,0.006636067398617218,0.006614145632791664,0.1161209416232411,9445610.0,1.2675200437028418,1
2024-01-05,164.1956024169922,165.25357661087241,163.4330960040298,163.4330960040298,10066000,157.66375808715821,147.33284118652344,137.42532852172852,160.55268560763415,156.04701655216144,4.505669055472708,4.414237462077015,0.09143159339569351,80.64604081770683,157.66375808715821,167.0638823644197,148.26363380989673,0.11924267683718402,0.0050171831447900495,0.005004639021383322,0.10183851430456524,9480610.0,1.0617460268906747,0
2024-01-08,163.9573211669922,164.28138166799556,161.5459049822079,163.9573211669922,11229900,158.43535919189452,147.95200225830078,137.65585014343262,161.07647569368922,156.63296504214892,4.443510651540294,4.420092099969671,0.023418551570622448,77.53920530504817,158.43535919189452,167.1882382467714,149.68248013701765,0.11049148497559204,-0.0014512036040701393,-0.0014522576198714736,0.10432783169000613,9635560.0,1.165464176446413,0
2024-01-09,162.66107177734375,163.7380981420264,162.1273216242973,163.57606788439452,9923600,159.0602066040039,148.53841827392577,137.88146587371827,161.32025970655914,157.07949146697817,4.240768239580973,4.3842273278919315,-0.14345908831095855,68.7467984484937,159.0602066040039,167.080521043388,151.0398921646198,0.10084627212073803,-0.007906017129471143,-0.00793743538798603,0.11117664768169397,9763270.0,1.0164217521383716,1
2024-01-10,163.0041961669922,163.0613816047552,161.03121130256366,162.0320000942187,9670200,159.67473831176758,149.22775177001952,138.1177394104004,161.57932685431805,157.51835848179402,4.06096837252403,4.319575536818352,-0.25860716429432173,64.19800915666787,159.67473831176758,166.84017363379743,152.50930298973773,0.08975039380417482,0.002109443801760591,0.002107222049077197,0.111380776637362,9842085.0,0.982535712707216,0
2024-01-11,162.3179168701172,162.3751022990879,160.7357187984679,162.34650958460253,11919500,160.1876998901367,149.87058380126953,138.33399433135986,161.69295608751793,157.87388132537353,3.819074762144396,4.21947538188356,-0.4004006197391643,70.71018336280036,160.1876998901367,166.47220026838016,153.90319951189326,0.07846420645971718,-0.004210194050292659,-0.0042190818723389905,0.11334207293767493,9926910.0,1.2007261071169175,0
2024-01-12,161.12652587890625,168.04623999703182,160.98354774460927,165.6538904699053,19436500,160.61551513671876,150.45851715087892,138.54248527526855,161.60581297850075,158.11481795896853,3.490995019532221,4.073779309413293,-0.5827842898810722,60.89580935617088,160.61551513671876,165.78212615785336,155.44890411558416,0.06433514242676605,-0.007339861268452985,-0.007366930588210635,0.11945778818444527,10279780.0,1.8907505802653364,0
2024-01-16,160.1162109375,160.21151515002774,156.59916117294043,157.14243736078933,17206400,160.8540351867676,151.0285171508789,138.7447200012207,161.3766434337314,158.26306929071163,3.1135741430197754,3.8817382761345898,-0.7681641331148144,56.320048487641415,160.8540351867676,165.39942163570808,156.3086487378271,0.05651566581668708,-0.006270320395076023,-0.0062900614189655285,0.10860684107740903,10457950.0,1.6452937717239038,0
2024-01-17,159.25840759277344,161.1456145088664,158.68653860841985,159.49668997215466,11107500,160.99093475341797,151.5343753051758,138.94447269439698,161.05076099666096,158.3367980538273,2.7139629428336605,3.648183209474404,-0.9342202666407435,48.944926951633036,160.99093475341797,165.13386785997733,156.84800164685862,0.051467905480577336,-0.005357379741276813,-0.005371781961930306,0.1087814698638109,9997860.0,1.1109877513787951,1
2024-01-18,159.5729217529297,159.67776656824674,157.4951066503195,159.28698002537405,9382300,161.09619598388673,152.01658966064454,139.13856994628907,160.82340111301,158.4283627722793,2.395038340730679,3.3975542357256594,-1.0025158949949806,46.08422588383132,161.09619598388673,164.95977651650082,157.23261545127264,0.04796612991408611,0.0019748669154124876,0.0019729194293413767,0.10716592550678822,10043495.0,0.9341668413236627,1
2024-01-19,162.32745361328125,162.57527654660007,159.24884995436918,159.69682190226158,13115700,161.23403396606446,152.53343322753906,139.3471349334717,161.05479380535942,158.71718431605723,2.3376094893021957,3.1855652864409665,-0.8479557971387708,53.75730132851069,161.23403396606446,165.06502426802345,157.40304366410547,0.04752086402260845,0.01726190026536245,0.01711460629804573,0.11397280423901775,10181995.0,1.2881267374419256,0
2024-01-22,162.13685607910156,163.91920354895163,161.7556101053545,162.47045721383148,12837500,161.45233535766602,153.0477914428711,139.56280899047852,161.22126492439668,158.97049333554202,2.2507715888546613,2.9986065469237055,-0.7478349580690442,53.75263715488661,161.45233535766602,164.9340619637989,157.97060875153312,0.04313008664036741,-0.0011741546481334186,-0.0011748445077564107,0.10496065474423177,10287135.0,1.247917909116581,0
2024-01-23,161.06935119628906,161.79372434351498,160.54512708940132,161.71747224218575,8360800,161.572265625,153.52734771728515,139.7722582244873,161.19789358161088,159.12596428818995,2.0719292934209363,2.8132710962231515,-0.7413418028022152,42.27579150992,161.572265625,164.80705243341106,158.33747881658894,0.040041362246152,-0.00658397423403656,-0.006605744200270965,0.10729379475854882,10325090.0,0.8097556534616163,1
2024-01-24,162.50856018066406,162.99465093143215,160.94542857064098,161.42199326325292,9967100,161.76889266967774,154.04383483886718,139.98955711364746,161.39953459684983,159.37652694689174,2.023007649958089,2.655218406970139,-0.6322107570120501,50.789036974085406,161.76889266967774,164.7007208594831,158.83706447987237,0.036247119472987775,0.008935337317036218,0.008895653408106451,0.11095349888246477,10494630.0,0.9497333398128376,1
2024-01-25,164.83421325683594,164.88187263916845,162.89936159166894,164.23373703536978,8873500,162.03491134643554,154.56629150390626,140.21652313232423,161.92794669838617,159.7808000068876,2.1471466914985626,2.5536040638758237,-0.4064573723772611,55.01645539721282,162.03491134643554,165.06892159223423,159.00090110063684,0.03744884630833527,0.01431095736486987,0.014209522225096125,0.11932409406568203,10704125.0,0.8289794822089614,0
2024-01-26,164.2051239013672,164.94856363380785,163.72855922448986,164.51965833333819,7443000,162.22163619995118,155.0884814453125,140.4374017715454,162.27828165269094,160.10852770277498,2.1697539499159575,2.4768340410838507,-0.30708009116789325,50.03318852357874,162.22163619995118,165.3094833254713,159.13378907443106,0.03806948564757532,-0.003816497455467749,-0.0038237988650092138,0.11968612431085002,10754845.0,0.6920601831081713,1
2024-01-29,164.634033203125,164.73887801633018,163.27106517505794,164.16700911633845,6971200,162.38718032836914,155.56885284423828,140.6605184173584,162.64070496814233,160.44375033243054,2.1969546357117906,2.4208581600094385,-0.22390352429764793,52.327843313453926,162.38718032836914,165.62363664927162,159.15072400746666,0.039860983045064496,0.002612033605086772,0.002608628174087528,0.11882952511383756,10787400.0,0.6462354228080909,1
2024-01-30,168.0081329345703,168.47515705914157,164.72936528572126,164.72936528572126,10822100,162.73090133666992,156.09207733154298,140.8982173538208,163.46646311682355,161.0040749696261,2.4623881471974585,2.4291641574470426,0.03322398975041585,66.0929817745288,162.73090133666992,166.767982873804,158.69381979953585,0.04961665552115211,0.02049454578618226,0.02028735860495673,0.13697546423087104,11006750.0,0.9832239307697549,0
2024-01-31,166.18765258789062,169.94298497281716,166.1685859265556,167.94140729707823,11521800,162.8898178100586,156.5464944458008,141.08133129119872,163.88510765083387,161.38804368209014,2.4970639687437313,2.44274411970638,0.0543198490373511,58.79875604244706,162.8898178100586,167.2131243289168,158.56651129120038,0.0530825876900359,-0.010835667981553332,-0.010894801386449058,0.13948166903542933,11083970.0,1.0395011895557278,0
2024-02-01,165.58717346191406,166.64514772156565,163.3949728422143,165.50139530281825,9354800,163.0542320251465,156.96294647216797,141.25630626678466,164.1469639294616,161.69909033244747,2.447873597014137,2.4437700151679316,0.004103581846205628,59.07895941177069,163.0542320251465,167.53032152208513,158.57814252820785,0.05490307661868392,-0.0036132595690825386,-0.003619803158653065,0.13912653664534255,11059095.0,0.8458920011085898,1
2024-02-02,166.540283203125,167.57920522249475,165.13918192921102,165.17731524669946,8607600,163.21245040893555,157.38955627441408,141.42871524810792,164.5151668946406,162.0576972117569,2.4574696828836977,2.446509948711085,0.010959734172612645,65.23603233442009,163.21245040893555,167.9523472105524,158.4725536073187,0.05808253953348343,0.005755939432290358,0.0057394373061277724,0.13869137451674107,10890850.0,0.7903515336268518,0
2024-02-05,166.32107543945312,166.88341827855515,164.81512928623064,165.71107322302376,7820200,163.3187240600586,157.81784454345703,141.6008687210083,164.79299897845792,162.37350300640108,2.4194959720568363,2.4411071533802353,-0.02161118132339901,68.27627493739247,163.3187240600586,168.24315366546466,158.39429445465254,0.0603045319359115,-0.0013162446914090076,-0.0013171117023353667,0.1380763936743403,10778560.0,0.7255329097764451,1
2024-02-06,166.8929443359375,167.62684341714058,165.61574003543072,166.4259057485911,6764800,163.46550521850585,158.25075012207031,141.7777960586548,165.11606749499322,162.70827643821858,2.4077910567746414,2.4344439340591166,-0.026652877284475185,72.87261130773388,163.46550521850585,168.63879457430394,158.29221586270776,0.06329518082586177,0.0034383429458557657,0.003432445359499023,0.138166691068277,10555305.0,0.6408910022022102,1
2024-02-07,167.2074737548828,167.6268529930128,165.80638700000247,167.45529669210487,7225500,163.6928253173828,158.68596740722657,141.95755695343018,165.437822304207,163.04155031352704,2.3962719906799634,2.426809545383286,-0.030537554703322645,72.87263610996317,163.6928253173828,169.1110326325529,158.27461800221272,0.06619969207159533,0.0018846178320888196,0.0018828441680053154,0.13418166873795775,10420400.0,0.6933994856243523,0
2024-02-08,166.60702514648438,167.09311591388456,165.43468003475408,166.79764812133146,6060300,163.87296676635742,159.11580688476562,142.1334283065796,165.6176996645574,163.30565956041275,2.312040104144643,2.4038556571355576,-0.09181555299091482,64.72141913838027,163.87296676635742,169.43249990896206,158.3134336237528,0.0678517421428168,-0.0035910392933671265,-0.003597502552822122,0.1353102200605833,10239905.0,0.5918316625007751,1
2024-02-09,166.8071746826172,166.89296738361762,165.52998474933108,166.7976486241064,6296700,164.09742965698243,159.54301818847657,142.32458965301512,165.800695821182,163.5650310509464,2.235664770235587,2.3702174797555635,-0.13455270951997633,66.0550102601332,164.09742965698243,169.7542590787542,158.44060023521067,0.06894476572358743,0.0012013271106474654,0.0012006060946270335,0.13383406112236632,9958765.0,0.6322771950136388,1
2024-02-12,167.55059814453125,168.52279413115167,165.55856133977713,166.58794275909298,8539300,164.41863327026368,159.97031982421876,142.530862159729,166.06991156323573,163.8602582430638,2.209653320171924,2.338104647838836,-0.12845132766691192,72.78814118555954,164.41863327026368,170.09468330304404,158.74258323748333,0.0690438780554796,0.004456783488651306,0.004446881439078672,0.13011740094421648,9413905.0,0.9070943460763625,0
2024-02-13,166.09231567382812,167.9699816610953,164.52918411800974,167.10264500375442,8397600,164.7174385070801,160.33511199951172,142.7213444519043,166.0733583494807,164.02559583052783,2.0477625189528794,2.2800362220616446,-0.23227370310876516,62.58364899835515,164.7174385070801,170.05919097621234,159.37568603794784,0.06485958642323884,-0.008703534853663708,-0.008741631826434807,0.13243183051314716,8973465.0,0.9358257930464987,1
2024-02-14,167.77935791015625,167.8460839454223,166.24481907863344,166.86436188079088,7056700,165.14348602294922,160.7192462158203,142.9147050476074,166.3358198203539,164.3036522808707,2.032167539483197,2.230462485545955,-0.1982949460627581,60.82684607729959,165.14348602294922,169.98806018899575,160.2989118569027,0.05867109000440138,0.010157256399754955,0.010106018138971615,0.13265744864926143,8770925.0,0.804555961885434,1
2024-02-15,171.43939208984375,171.76346716084313,167.89374931915643,167.89374931915643,8723400,165.73680953979493,161.15479278564453,143.11254348754883,167.12098478489077,164.83222560005387,2.2887591848368913,2.2421218254041424,0.04663735943274894,71.74795573206947,165.73680953979493,170.61530392666523,160.85831515292463,0.05887037889068245,0.021814567806651253,0.02158003481689525,0.149017401221513,8737980.0,0.9983314221364663,0
2024-02-16,170.63877868652344,171.54424883180232,169.80956064891888,171.1915955594606,8152600,166.15237579345703,161.57470611572265,143.31702575683593,167.66218384668042,165.2623406434961,2.399843203184332,2.2736661009601806,0.12617710222415157,67.65710152652781,166.15237579345703,171.22034119027973,161.08441039663433,0.06100382703070892,-0.004669950083005081,-0.004680888367340898,0.1426142039538061,8489825.0,0.9602789221214807,1
2024-02-20,171.30596923828125,172.0017642782873,170.04784580017656,170.79128568260268,9668000,166.610831451416,162.03941345214844,143.5385729598999,168.222766214619,165.7100168357024,2.5127493789166238,2.3214827565514695,0.19126662236515424,61.533428890698524,166.610831451416,171.80661502563277,161.41504787719924,0.06237029764456654,0.003909958550415427,0.0039023345290922456,0.1419995938778702,8331350.0,1.1604361838117472,1
2024-02-21,172.42108154296875,172.50687423160645,170.15264373821137,171.51561163249343,7024000,167.17841796875,162.5173291015625,143.7743812561035,168.86866088051897,166.20713273994434,2.6615281405746316,2.389491833356102,0.27203630721852967,72.9313643160906,167.17841796875,172.30501952345247,162.05181641404755,0.061330901643784616,0.006509477221639637,0.006488382070904427,0.1380851561394686,8264510.0,0.8498991470758702,1
2024-02-22,174.48941040039062,174.8229969721862,172.7451818115598,173.2979986219762,9296500,167.77746047973633,163.0038348388672,144.00829662322997,169.73339157588384,166.8206347888663,2.9127567870175426,2.4941448240883903,0.41861196292915226,79.55719205738204,167.77746047973633,173.3839549582459,162.17096600122676,0.066832510904368,0.011995800275190982,0.011924420930962226,0.14011105071269853,8230980.0,1.1294523859856298,1
2024-02-23,175.3662872314453,176.5195656852943,174.60378078668188,175.19471637316317,7105800,168.3040641784668,163.49688934326173,144.2450552749634,170.59999090750867,167.45364608090918,3.1463448265994884,2.62458482459061,0.5217600020088784,79.45318061415595,168.3040641784668,174.67318482743707,161.93494352949654,0.07568588055267113,0.0050253870939362955,0.005012801981977055,0.13445894511647422,8142595.0,0.8726701991195681,0
2024-02-26,174.76580810546875,175.81425626734668,173.92704957596644,175.1375279912981,7145400,168.83209838867188,163.9510317993164,144.48189365386963,171.240885861041,167.99528771235805,3.2455981486829444,2.748787489409077,0.49681065927386747,77.48152782743416,168.83209838867188,175.51378562257182,162.15041115477194,0.07915185912714164,-0.0034241423220876532,-0.0034300181142754294,0.13419684468713375,8127715.0,0.8791400781154359,1
2024-02-27,174.85159301757812,174.93737117679154,173.69831453855065,174.71815547760136,5717100,169.34297637939454,164.39665924072267,144.7188339614868,171.79637926973902,168.5031621794114,3.29321709032763,2.8576734095927874,0.43554368073484273,76.74583411960651,169.34297637939454,176.23239042892126,162.45356232986782,0.08136639849876899,0.0004908563811154565,0.0004907359505298183,0.1345215326950948,8065010.0,0.708876988373232,1
2024-02-28,175.7379913330078,176.51954982455467,174.3845494233734,174.83250683043596,6131600,169.7294692993164,164.80450286865235,144.96221431732178,172.40278112562652,169.03907545004816,3.363705675578359,2.958879862789902,0.4048258127884572,77.60655854275674,169.7294692993164,177.15036436427536,162.30857423435745,0.08744380213517634,0.005069432311895383,0.005056626002158508,0.11813473115751202,7830485.0,0.7830421742714532,1
2024-02-29,177.33924865722656,177.69190187097396,175.23284088916765,176.95800272580232,9643000,170.28704910278321,165.22087951660157,145.2227067565918,173.16223766894961,169.65390309502433,3.508334573925282,3.068770805016978,0.43956376890830384,82.61880977358038,170.28704910278321,178.24387164300072,162.3302265625657,0.09345188118698163,0.009111617312072884,0.009070356969964279,0.1096840052137259,7736545.0,1.2464220139610123,0
2024-03-01,176.6053466796875,177.70145425651842,176.4242643035929,176.9961332386516,6311800,170.83795776367188,165.60363250732422,145.47425300598144,173.69194674752467,170.1688248420364,3.523121905488267,3.159641025111236,0.3634808803770313,78.84406856099706,170.83795776367188,178.94889144509716,162.7270240822466,0.09495470195968407,-0.004138406940911277,-0.004146993845841785,0.11013633848432071,7584395.0,0.832208765498105,1
2024-03-04,177.93019104003906,178.79754229244386,175.6331602181459,176.05253948496141,7063600,171.40745315551757,165.97082244873047,145.73667282104492,174.34398433098843,170.74374085670325,3.600243474285179,3.2477615149460246,0.3524819593391544,79.54430753595115,171.40745315551757,179.8408788915883,162.97402741944686,0.09840208906690995,0.0075017228258351665,0.007473724838067895,0.11083552550710289,7507195.0,0.9409106863482299,1
2024-03-05,179.71255493164062,180.42740199617094,177.62519917623598,177.62519917623598,6617800,172.07702713012696,166.40965698242186,145.98871871948242,175.16991826955032,171.40809745484677,3.7618208147035546,3.3505733748975306,0.41124743980602396,88.06614161408464,172.07702713012696,180.92628605728484,163.2277682029691,0.10285229905170255,0.010017208890651386,0.009967369213609826,0.11182246638665495,7447075.0,0.8886441992325846,1
2024-03-06,180.64657592773438,181.16127383962245,178.8356362670257,180.37970091549514,7572900,172.76470870971679,166.84917358398437,146.240531539917,176.01248098619402,172.09242919357916,3.9200517926148564,3.464469058440996,0.4555827341738605,87.54175926717383,172.76470870971679,182.0448392100341,163.48457820939947,0.1074308586472947,0.005197305199122093,0.005183845823302741,0.11189983797957256,7487480.0,1.011408377718538,0
2024-03-07,179.06439208984375,181.57112673493907,177.88252109773987,181.0087839536252,7618300,173.35755462646483,167.25894104003908,146.485927734375,176.4820057713709,172.60887088959876,3.873134881772131,3.546202223107223,0.32693265866490817,75.316486478271,173.35755462646483,182.65778359608976,164.0573256568399,0.10729534100390625,-0.008758449086372688,-0.008797029737877797,0.12059627194881423,7507120.0,1.0148099404298851,1
2024-03-08,179.39801025390625,181.53302526732264,179.11206853567012,179.60769987770607,6172200,173.99710388183593,167.65662445068358,146.73836212158204,176.9306218456071,173.11177010176968,3.8188517438374276,3.600732127253264,0.21811961658416346,80.01307087025855,173.99710388183593,183.09984748954454,164.8943602741273,0.10463097838559922,0.0018631184020947433,0.0018613849497553106,0.11789123082455287,7512715.0,0.8215671697914801,1
2024-03-11,179.4647216796875,179.60769981055208,177.49175145743587,178.5020662570391,5762600,174.62998123168944,168.03650634765626,146.9978544998169,177.32048335854256,173.58235910754138,3.7381242510011816,3.628210552002848,0.10991369899833359,79.15530681416662,174.62998123168944,183.38120741146963,165.87875505190925,0.1002259304852074,0.0003718626850255369,0.00037179356123312143,0.11816377950711039,7486010.0,0.7697825677497091,1
2024-03-12,180.9420928955078,181.24710130313005,179.10256002169075,180.09380825926033,5708400,175.29955596923827,168.4288851928711,147.27057067871092,177.8776540565372,174.12752457331666,3.7501294832205474,3.6525943382463884,0.09753514497415905,79.6813693443165,175.29955596923827,183.8161934390683,166.78291849940825,0.09716667475557694,0.008232098219599804,0.008198399314531339,0.11924372914501871,7344465.0,0.7772383693025973,1
2024-03-13,182.409912109375,182.74349867848787,180.94208466575625,181.437716033799,7795500,176.1154357910156,168.8544091796875,147.54908500671388,178.57492452620457,174.74103476117284,3.833889765031728,3.6888534236034567,0.14503634142827115,78.79421938896643,176.1154357910156,184.02283383834643,168.2080377436848,0.089797898881663,0.008112093711189816,0.008079367545023013,0.11031563285011038,7314360.0,1.065780191294932,0
2024-03-14,179.1597442626953,182.64820154761136,178.33052629337638,182.07631805894928,10310900,176.68445510864257,169.17741760253907,147.80541809082033,178.664896793357,175.06834657610042,3.5965502172565778,3.670392782334081,-0.07384256507750342,61.76125514952304,176.68445510864257,183.64759026736098,169.72131994992415,0.07882000886197726,-0.017817934393449253,-0.017978584954662324,0.13414601675175458,7477070.0,1.3790027377034053,1
2024-03-15,181.3805389404297,181.99054121239186,177.73957742644203,177.73957742644203,17214200,177.18151245117187,169.55905059814452,148.07042694091797,179.08268789290665,175.53591638086556,3.54677151204109,3.6456685282754835,-0.0988970162343934,68.63594429632279,177.18151245117187,183.98563102794137,170.37739387440237,0.07680393380369854,0.012395612010241086,0.012319415434319636,0.12038390007263826,7901610.0,2.178568671447971,1
2024-03-18,183.6299285888672,183.66804736877484,180.98975586451206,181.69507691341752,9013800,177.83106994628906,169.964130859375,148.35485458374023,179.78226338459288,176.1354728407175,3.646790543875369,3.6458929313954607,0.0008976124799082719,72.0441083719002,177.83106994628906,184.4840051499191,171.178134742659,0.07482309143885217,0.012401493906555539,0.012325225296747117,0.12148712662052266,7944670.0,1.1345719834807488,1
2024-03-19,184.70693969726562,184.84037723128353,183.36303829879972,183.6775727454706,8478700,178.5011184692383,170.37435760498047,148.6359348297119,180.53990589423483,176.77039631157294,3.7695095826618967,3.670616261648748,0.09889332101314885,72.3092011425804,178.5011184692383,185.08600854997692,171.91622838849966,0.07377981871719676,0.00586511750385621,0.005847984660309219,0.12172922802676528,7885205.0,1.0752669080892634,1
2024-03-20,187.12789916992188,187.34711486243472,184.53538600625475,185.08820281034855,9367000,179.23645935058593,170.83776916503905,148.91562454223632,181.55344332126361,177.53761874552472,4.01582457573889,3.7396579244667763,0.2761666512721135,73.39414144523076,179.23645935058593,186.2342584712187,172.23866022995315,0.07808454982861612,0.013107030394332808,0.013021876540468946,0.12585885047432294,8002355.0,1.1705304251061095,1
2024-03-21,189.72991943359375,190.08257262678063,187.12788047150858,187.3089773686367,11203800,179.99848480224608,171.37914611816407,149.21476875305177,182.81136272316056,178.44075212982614,4.370610593334419,3.865848458240305,0.504762135094114,78.7955016277005,179.99848480224608,188.05836908415057,171.9386005203416,0.08955502365210925,0.013905036476197008,0.013809248392994236,0.12761150164679888,8097720.0,1.3835746358234169,0
2024-03-22,187.40428161621094,191.08336136082147,187.32802952563463,189.68226010163048,8108800,180.6003845214844,171.86714782714844,149.50111740112305,183.5179656297837,179.10471727696577,4.413248352817931,3.9753284371558304,0.4379199156621003,69.91185974526428,180.6003845214844,188.9947579027371,172.20601114023168,0.0929607476029942,-0.012257622963872006,-0.012333367223704294,0.14029272307743873,8147870.0,0.9952048817666458,0
2024-03-25,185.6886749267578,187.70930458163005,185.25022900773442,187.38524407916947,8620000,181.14652786254882,172.33456298828125,149.772583694458,183.85192090624128,179.59241784361706,4.259503062624219,4.032163362249508,0.22733970037471085,62.59545863560963,181.14652786254882,189.36197047826687,172.93108524683078,0.09070494160342722,-0.009154575736783577,-0.009196736370983026,0.14535262893840822,8221600.0,1.0484577211248418,1
2024-03-26,186.5560302734375,187.44244825833212,184.9643057766157,185.4694632408453,5961500,181.73174972534179,172.8431530761719,150.04820007324219,184.26793773196377,180.10824098656673,4.159696745397042,4.0576700388790155,0.1020267065180267,62.490050710737236,181.73174972534179,189.72359993697887,173.7398995137047,0.08795216272022338,0.004671019097000961,0.00466014374014873,0.1451238577243512,8233820.0,0.7240260292306608,1
2024-03-27,190.16839599609375,190.2446480989538,187.17557004094428,187.28994092343356,8725800,182.4532699584961,173.44419677734376,150.34057067871095,185.1757005418299,180.8534376539391,4.322262887890815,4.110588608681375,0.21167427920943993,71.61419783154689,182.4532699584961,190.76585981738523,174.14068009960695,0.09112020695249871,0.01936343583941813,0.01917834996525517,0.15592320194941073,8363530.0,1.0433154421637754,1
2024-03-28,190.91183471679688,191.3121473467988,189.23431755076805,190.13980217725017,8628300,183.13189926147462,174.07726531982422,150.6367053222656,186.05818272259404,181.5985041030397,4.459678619554353,4.180406610855972,0.2792720086983813,72.0599671396914,183.13189926147462,191.89070610828003,174.3730924146692,0.0956557200807451,0.003909370517687805,0.003901748786421968,0.15475005976915596,8312795.0,1.0379541417778255,0
2024-04-01,189.61557006835938,191.52182891767458,189.26291683518835,190.61635887297004,7309000,183.78241043090821,174.67811828613281,150.92159553527833,186.605473083481,182.19236084121152,4.413112242269477,4.226947737138673,0.18616450513080451,68.57347069827178,183.78241043090821,192.4321212925361,175.13269956928033,0.09412990983573678,-0.0067898600962083,-0.006813016073023561,0.156812717758909,8362655.0,0.8740047269676915,0
2024-04-02,189.53932189941406,190.41619924304973,188.79588209625334,189.09134989704782,7014700,184.36286697387695,175.22235565185548,151.20857955932618,187.0568344397784,182.73658017885614,4.320254260922269,4.245609041895392,0.07464521902687693,66.58091165173458,184.36286697387695,192.91657441682972,175.80915953092418,0.09279208534075115,-0.0004021197674738408,-0.00040220063930837297,0.1567186688794621,8360210.0,0.8390578705558832,0
2024-04-03,189.0055694580078,190.2065073077986,188.43368598081162,189.71087593046866,9353400,184.8275177001953,175.7597299194336,151.48542327880858,187.3566398271983,183.2009497550896,4.155690072108712,4.2276252479380565,-0.07193517582934472,63.19605864168699,184.8275177001953,193.3270453113393,176.3279900890513,0.09197253435963905,-0.002816051234421413,-0.002820023766353944,0.15594580870120836,8496990.0,1.1007898090971038,0
2024-04-04,187.56753540039062,191.43105169111553,187.47167525782456,190.92294758736315,9243800,185.17356567382814,176.28969360351562,151.75428298950195,187.38908529999713,183.52440054363043,3.8646847563666995,4.1550371496237855,-0.29035239325708595,68.13675116898642,185.17356567382814,193.51852058905325,176.82861075860302,0.09013116839715926,-0.007608421602288695,-0.007637513297121264,0.15966473179087629,8580535.0,1.077298793140521,1
2024-04-05,189.2931671142578,189.93548708042957,187.0498380452217,188.05646456443594,6532300,185.68500442504882,176.8253857421875,152.03517974853514,187.68202096372954,183.95171658589913,3.7303043778304072,4.0700905952651105,-0.3397862174347033,67.44120812592493,185.68500442504882,193.70077200198116,177.66923684811647,0.08633726349364833,0.009200055383697281,0.009157992663576331,0.15641266658059355,8526235.0,0.7661412100417124,1
2024-04-08,190.28062438964844,190.7599689797472,189.4561511095411,189.4561511095411,8001000,186.22913513183593,177.33431396484374,152.32199424743652,188.0818061061786,184.42052457136205,3.6612815348165384,3.988328783175396,-0.3270472483588578,65.52320752647272,186.22913513183593,193.91879160770043,178.53947865597144,0.082582743784111,0.0052165500236709406,0.005202990960508635,0.15659127197769057,8617675.0,0.9284406757042938,0
2024-04-09,189.00555419921875,190.66409690966574,186.85809993213326,189.88756106284035,7351500,186.7061767578125,177.83032257080077,152.61522850036621,188.22392119741556,184.76015639564773,3.4637648017678373,3.8834159868938847,-0.4196511851260474,59.941364041223025,186.7061767578125,193.7887159788406,179.6236375367844,0.07586829042314197,-0.006700998562095606,-0.006723551058921539,0.16013535026505138,8697120.0,0.8452798167669298,0
2024-04-10,187.3949432373047,188.92885151517444,186.1582262140192,187.47164011404152,7681400,187.02881927490233,178.28554077148436,152.90381843566894,188.09638612662928,184.955325791326,3.1410603353032798,3.734944856575764,-0.5938845212724844,50.641639982079106,187.02881927490233,193.57322614758965,180.484412402215,0.06998287106831479,-0.008521500697362683,-0.008558016277442793,0.16338739829604865,8795770.0,0.873306146022463,0
2024-04-11,187.35662841796875,188.44954817892219,185.25711130088823,187.90308829844545,10137700,187.27615509033203,178.67251068115235,153.19062919616698,187.98257724837381,185.1332000599662,2.849377188407601,3.557831322942132,-0.7084541345345308,43.496332027604296,187.27615509033203,193.44890755267045,181.1034026279936,0.06592139249506715,-0.00020446026276932372,-0.00020448116761837207,0.16178777378458548,8912880.0,1.137421349776952,0
2024-04-12,175.23876953125,181.1251198648831,174.99909726257042,180.54033357260192,31532300,187.08010635375976,178.85353302001954,153.41680404663086,186.0219914457394,184.4002792800613,1.6217121656780762,3.1706074914893208,-1.5488953258112446,28.305321526705583,187.08010635375976,194.46775566010007,179.69245704741945,0.07897845955219426,-0.0646780366888614,-0.06686446317954003,0.2787772980706564,9973950.0,3.16146561793472,1
2024-04-15,175.33465576171875,179.71587214147985,174.67315791633376,176.87814585813857,14766600,186.7778121948242,179.04848266601562,153.64630668640137,184.37778595589006,183.72875161203595,0.6490343438541117,2.666292861962279,-2.0172585181081675,30.403690994709905,186.7778121948242,195.51834543809508,178.03727895155333,0.09359284318154235,0.0005471747531966553,0.0005470251076770659,0.2743895403778923,9851570.0,1.4989082958350801,0
2024-04-16,173.33099365234375,175.59350053236452,172.2284924010812,175.34423200208582,16451800,186.26286544799805,179.184296875,153.84318977355957,182.6782794476522,182.9585473187254,-0.28026787107322093,2.0769807153551794,-2.3572485864284003,26.002122030016324,186.26286544799805,196.810898252528,175.7148326434681,0.11325964280813465,-0.011427644470343612,-0.011493441751666817,0.27134329794311096,10223470.0,1.6092187877501474,0
2024-04-17,172.6407470703125,174.88407621184723,171.79709592165912,173.8774496601014,9017100,185.6595558166504,179.3106903076172,154.02723564147948,181.13404369729224,182.19426581884298,-1.060222121550737,1.4495401479739962,-2.5097622695247335,14.421667655734893,185.6595558166504,197.83676736457824,173.48234426872256,0.13117785932821627,-0.003982245572397236,-0.003990195825890401,0.26944673288915105,10250390.0,0.8796836022824498,1
2024-04-18,173.76242065429688,175.78525548815472,172.53529962629594,173.61862312306104,9557700,184.99128189086915,179.44807983398437,154.21142631530762,179.99994784452375,181.56968469554326,-1.5697368510195133,0.8456847481752945,-2.415421599194808,15.715861490010994,184.99128189086915,198.2482981243074,171.73426565743088,0.1433258486338713,0.006497154368357405,0.006476138839224011,0.26511765023576767,10259925.0,0.9315565172260031,1
2024-04-19,178.1244354248047,178.20113230723476,173.91579091483374,174.86488374948237,13402300,184.4110076904297,179.6664190673828,154.4219878387451,179.71140747225928,181.31448104585894,-1.6030735735996586,0.35593308382030386,-1.9590066574199625,29.53599935652838,184.4110076904297,197.80990637956464,171.01210900129476,0.1453156062313551,0.025103326450464758,0.024793413802894917,0.27758946160765996,10369850.0,1.2924294951228803,1
2024-04-22,181.5853271484375,182.27558455132464,178.29701554462287,178.30661179894182,11529700,184.12005996704102,179.9659851074219,154.6565771484375,179.99970280705594,181.33454372012403,-1.334840913068092,0.017778284442624692,-1.3526191975107167,37.35900302400531,184.12005996704102,197.49798033932305,170.74213959475898,0.14531735840925525,0.019429629154354977,0.019243283789189193,0.2862295812326408,10540895.0,1.0938065505822798,1
2024-04-23,184.2025146484375,184.28879315265974,182.6494430587006,183.23424396804157,9144400,184.045751953125,180.3138919067383,154.8989395904541,180.64628924419156,181.54698601111022,-0.9006967669186565,-0.16591672582963157,-0.734780041089025,42.840780121680794,184.045751953125,197.4034809700674,170.68802293618262,0.14515661323543608,0.014412989976114954,0.01431011019465684,0.28998072557654664,10567115.0,0.8653639143701947,1
2024-04-24,185.1036834716797,185.24748097776123,182.31389482622563,182.65902346925535,6964900,183.9731346130371,180.66495361328126,155.14199951171875,181.33204220226668,181.81044508226353,-0.4784028799968496,-0.22841395666307518,-0.24998892333377443,46.26775906519582,183.9731346130371,197.28912932947293,170.65713989660128,0.1447602090864434,0.004892272100422312,0.004880343825694208,0.2900314728318995,10617285.0,0.6559963305119906,1
2024-04-25,185.38169860839844,185.9281583935314,183.28216722919768,184.30797154370308,9802300,183.73379974365236,181.05074127197267,155.3757763671875,181.9550662647485,182.07498238049573,-0.11991611574723038,-0.20671438847990625,0.08679827273267587,43.803134911425694,183.73379974365236,196.74963473879953,170.71796474850518,0.14168144362449397,0.00150194275718607,0.001500815969269338,0.2808125180848277,10671110.0,0.9185829777783192,1
2024-04-26,185.4967498779297,186.81973082192815,185.08450597891687,185.57344675747706,6413700,183.463045501709,181.40508911132812,155.60669631958007,182.49994066677635,182.3284466395649,0.1714940272114518,-0.13107270534163465,0.3025667325530864,42.2055385337514,183.463045501709,196.06901286774072,170.85707813567726,0.137422414759972,0.0006206182724342035,0.0006204257685576616,0.2802732681741681,10560380.0,0.6073360996479293,0
2024-04-29,185.29544067382812,186.23495195973294,184.48054903205914,185.48717558117502,5387800,183.2470390319824,181.68221008300782,155.83322441101075,182.93001759093818,182.54822397543623,0.3817936155019481,-0.028499441172918097,0.4102930566748662,43.735856172994716,183.2470390319824,195.55360895457352,170.9404691093913,0.13431671242931487,-0.001085243834374694,-0.0010858331378619497,0.2795178099884434,10464320.0,0.5148733983670224,0
2024-04-30,183.81906127929688,186.93480098954225,183.72318651376133,184.8448510540374,8153700,182.96102600097657,181.9458157348633,156.048138961792,183.06679354299337,182.6423600720185,0.4244334709748614,0.06208714125663781,0.36234632971822356,43.93500136388646,182.96102600097657,194.91262767450493,171.00942432744822,0.1306464216424384,-0.007967704921191698,-0.007999616704191557,0.28059110601620396,10521270.0,0.7749729832995447,1
2024-05-01,183.93408203125,186.4266794168668,182.90827772435546,184.3271480532433,7445300,182.70745162963868,182.19837799072266,156.24665534973144,183.2002225411867,182.7380431801097,0.4621793610769771,0.14210558522070568,0.3200737758562714,44.21013667484768,182.70745162963868,194.32973558282993,171.08516767644744,0.12722287842698896,0.0006257280999730774,0.0006255324137721775,0.28062320641483535,10425865.0,0.7141182050602036,0
2024-05-02,183.7423553466797,185.50633976958161,181.6907612697659,185.09411048063117,6501700,182.5161926269531,182.42480346679687,156.4428966522217,183.2836275881856,182.8124366739297,0.4711909142558852,0.2079226510277416,0.2632682632281436,74.11648628414899,182.5161926269531,193.92567217312123,171.106713080785,0.1250242992903986,-0.0010423662784678767,-0.001042909920012363,0.27960249456011893,10288760.0,0.631922602918136,0
2024-05-03,182.63986206054688,184.57641821151952,180.67456103420002,184.06831413963806,8922800,182.18352737426758,182.5878125,156.63085151672362,183.18458673777963,182.7996533692347,0.384933368544921,0.2433247945311775,0.1416085740137435,69.59883214451801,182.18352737426758,193.14001210839817,171.227042640137,0.12027964209543707,-0.006000213092145601,-0.006018286704002093,0.27753407440755884,10408285.0,0.8572786006532296,1
2024-05-06,184.06829833984375,184.2600332249276,181.9783632240918,183.80944819934183,7911100,181.87291107177734,182.76185272216796,156.81701515197753,183.3205423688664,182.89362707076128,0.42691529810511497,0.28004289524596504,0.14687240285914993,79.72409912764027,181.87291107177734,192.1968370995982,171.54898504395646,0.11352901283629281,0.007821054304253394,0.007790628397849471,0.2785394241072987,10403790.0,0.7604055829654386,0
2024-05-07,183.8286590576172,184.959905322476,183.73278428365705,183.78072167063712,7688800,181.61406631469725,182.94310974121095,157.00762268066407,183.39871416713575,182.96288869941728,0.4358254677184732,0.31119940974046667,0.12462605797800652,81.76397450948963,181.61406631469725,191.43222050951658,171.79591211987793,0.10812107667703036,-0.0013019041539902299,-0.0013027523674783543,0.27786284690577023,10420655.0,0.7378422949421125,1
2024-05-08,187.56753540039062,188.5262245966685,183.109636489073,183.109636489073,9227600,181.62269592285156,183.19742858886718,157.20258422851563,184.0400712799442,183.30397364023014,0.7360976397140462,0.3961790557351826,0.3399185839788636,84.12342080568706,181.62269592285156,191.46252356121323,171.7828682844899,0.10835460390414382,0.02033891974157065,0.02013484636175611,0.28657742277008097,10497965.0,0.878989404136897,1
2024-05-09,189.3411102294922,189.42738874358233,187.04026208314102,187.10736271795474,7977300,181.72192001342773,183.46949096679688,157.41196182250977,184.8556157337208,183.75116894313842,1.1044467905823865,0.5378326027046234,0.5666141878777631,81.79370956022282,181.72192001342773,191.8412555119208,171.60258451493468,0.11137165508426637,0.009455659932384286,0.009411235005114508,0.2884397497581348,10389945.0,0.7677903973505154,1
2024-05-10,190.5586395263672,191.10508471525102,190.0792949687619,190.33813049739558,7529800,182.4879135131836,183.7338787841797,157.62300750732422,185.73300400951257,184.2554260233776,1.4775779861349747,0.7257816793906937,0.751796306744281,79.14092797063286,182.4879135131836,192.85715921142622,172.11866781494098,0.11364309557403658,0.006430348355934257,0.006409761870995139,0.1536612985996913,9189820.0,0.8193631648933276,0
2024-05-13,190.52027893066406,191.5940206597629,189.85878111742107,190.58739418867287,7049200,183.24719467163087,184.01217742919923,157.84204223632813,186.46950784353587,184.7194892016951,1.750018641840768,0.9306290718807086,0.8193895699600593,74.64491620963008,183.24719467163087,193.63489598114583,172.8594933621159,0.11337364621738596,-0.0002013059906308401,-0.0002013262554014308,0.15392284254542266,8803950.0,0.8006860556909114,1
2024-05-14,193.1854248046875,193.25254005969873,189.9738252708075,190.77912056033855,8596200,184.23991622924805,184.3172821044922,158.07021812438964,187.5027258375592,185.3465955426575,2.1561302949017147,1.1757293164849099,0.9804009784168048,77.71220059919403,184.23991622924805,194.4304491067781,174.049383351718,0.11062242196039711,0.013988777934727636,0.013891837982235184,0.14591597553146204,8411170.0,1.0219981286788877,1
2024-05-15,193.76063537597656,194.3166767542607,191.517306615213,193.66476062410806,8370000,185.29591064453126,184.5982437133789,158.29633331298828,188.46548115116187,185.969857752533,2.4956233986288794,1.4397081329137038,1.0559152657151756,78.15738790311498,185.29591064453126,194.77801506728684,175.81380622177568,0.1023455335821836,0.0029775050155600447,0.002973081026957877,0.14197000661251236,8378815.0,0.998947941922575,1
2024-05-16,194.10577392578125,196.03273365800683,193.64560727584146,193.866101662291,8497900,186.31307830810547,184.86742767333985,158.52784164428712,189.33321850110332,186.57251820981065,2.7607002912926646,1.703906564589496,1.0567937267031686,78.49002144069773,186.31307830810547,194.90896035662465,177.7171962595863,0.09227352289573772,0.001781262479527701,0.0017796779129241895,0.1426590386113528,8325825.0,1.0206676215269959,1
2024-05-17,196.32992553710938,196.57919405411525,194.4317253003019,195.39041435725596,9260500,187.2233528137207,185.21273834228515,158.77883995056152,190.4096349681812,187.2952891229439,3.1143458452372954,1.9859944207190559,1.1283514245182396,82.20490549030855,187.2233528137207,196.02149862962114,178.42520699782028,0.09398555985325407,0.011458451576914719,0.011393300733491903,0.12503739099664252,8118735.0,1.1406333622171434,0
2024-05-20,187.50042724609375,197.37492849755048,187.32785559089572,195.94647638612952,17373300,187.51910781860352,185.3747866821289,158.98122375488282,189.96206454939852,187.31048453947352,2.6515800099249986,2.1191115385602446,0.5324684713647541,57.51765509436408,187.51910781860352,195.90738313120738,179.13083250599965,0.08946581935232178,-0.04497275831415071,-0.04601541358274952,0.20756879207063,8410915.0,2.0655659937117425,1
2024-05-21,191.27767944335938,191.641971403761,188.4783086445697,188.86177848555144,14420800,187.87286605834962,185.61104583740234,159.20404548645018,190.1644668407771,187.60435082865027,2.5601160121268265,2.207312433273561,0.3528035788532655,63.045064521934854,187.87286605834962,196.26897036148614,179.4767617552131,0.08938070174038715,0.020145299148081275,0.019945067296298934,0.21315241788861078,8674735.0,1.6623908396048985,0
2024-05-22,190.11764526367188,192.63900243934597,189.52326266468145,190.77914312561188,9425300,188.12356414794922,185.79455688476563,159.417587890625,190.15726352122243,187.79052078680002,2.3667427344224166,2.2391984935033324,0.12754424091908412,60.94833455007408,188.12356414794922,196.47080278770883,179.77632550818961,0.08874208478417886,-0.006064660461499449,-0.006083125207551887,0.21470503644670264,8797755.0,1.0713301291068005,0
2024-05-23,188.78506469726562,190.10806039860006,187.97018770099368,189.63829745126534,8069400,188.2937324523926,185.92205993652342,159.62860481262206,189.94615600984446,187.86419070609378,2.0819653037506782,2.207751855552802,-0.12578655180212372,60.47045989407139,188.2937324523926,196.54381669593354,180.04364820885164,0.08762994005259173,-0.007009241906810404,-0.0070339220364792066,0.2167803838988236,8711110.0,0.9263343018283549,1
2024-05-24,192.41851806640625,192.46644082422952,189.39863827328057,189.58079156400566,7356200,188.63982086181642,186.18723541259766,159.86761573791503,190.32651940316165,188.20154828833915,2.1249711148225003,2.1911957074067416,-0.06622459258424129,63.23312488816021,188.63982086181642,196.97615450902114,180.3034872146117,0.0883836043643331,0.019246508588840028,0.01906363724051261,0.22622461166832156,8758235.0,0.8399180885189768,0
2024-05-28,191.2584686279297,192.13087918863567,190.4531733234784,191.60359727675655,6910200,188.93797225952147,186.38479400634765,160.10190773010254,190.46989620697212,188.42798683201252,2.0419093749596016,2.161338440917314,-0.11942906595771241,61.44073571082843,188.93797225952147,197.1968524038242,180.67909211521874,0.0874242487683577,-0.006028782729093796,-0.006047029212710829,0.22777414190262174,8834355.0,0.7821963233309053,0
2024-05-29,189.9259033203125,190.76955443221763,188.75630141642043,189.82044693132437,6120000,189.24331436157226,186.51071350097655,160.32535255432128,190.3862049936399,188.53894360892363,1.847261384716262,2.0985230296771036,-0.2512616449608416,53.92217468317168,189.24331436157226,197.1493588586579,181.33726986448661,0.08355428062288309,-0.006967353221935091,-0.0069917385609181626,0.22723897905444612,8732670.0,0.7008165887409006,1
2024-05-30,191.0955047607422,191.59402720097117,190.2039162690166,190.35731003961553,6829100,189.60138549804688,186.6384848022461,160.55314071655275,190.49532803473255,188.72831850905834,1.7670095256742115,2.0322203288765253,-0.2652108032023137,52.97752971935975,189.60138549804688,197.13488507783862,182.06788591825514,0.07946671444412352,0.006158198644748092,0.006139314428321834,0.2277291480432653,8701860.0,0.784786241102477,1
2024-05-31,194.25917053222656,194.901490452382,190.15598249141297,191.06673418033685,14417900,190.12722625732422,186.78111022949219,160.81527206420898,191.0743807266547,189.13801125151525,1.9363694751394576,2.013050158129112,-0.07668068298965425,55.89130677705062,190.12722625732422,197.4025086015155,182.85194391313294,0.07653067356428674,0.016555417017503293,0.01641987007933869,0.23310381196202606,9097670.0,1.5847903913859263,0
2024-06-03,193.48265075683594,194.05785546823523,190.9612936179844,193.95239907688003,6444300,190.66936569213868,186.85616485595702,161.07652984619142,191.44488380822105,189.4598364000575,1.9850474081635525,2.007449608136,-0.022402199972447523,54.60784583646232,190.66936569213868,197.1701539886731,184.16857739560427,0.06818912175992452,-0.003997339087071894,-0.004005349801782126,0.23219727698137352,8973745.0,0.7181282730899975,0
2024-06-04,190.9325408935547,193.63603677852987,190.08888973275643,191.89123007503053,6848300,191.01257781982423,186.9267300415039,161.33237182617188,191.3660618213493,189.56892562179803,1.797136199551261,1.9653869264190524,-0.16825072686779152,46.483147357423896,191.01257781982423,196.72268815091797,185.30246748873049,0.05978779404233684,-0.013180044067548802,-0.013267671657021798,0.23828943741309042,8920605.0,0.767694567801175,0
2024-06-05,189.11102294921875,191.5652795452849,188.78507213786327,191.5077459064257,8351600,191.2766960144043,186.99517700195312,161.57750770568848,191.01913276409846,189.53500690531067,1.4841258587877917,1.8691347128928004,-0.38500885410500874,43.01359372886368,191.2766960144043,195.98922162394567,186.56417040486295,0.04927443549303546,-0.009540112627273056,-0.009585911015689515,0.24154831085199566,8953745.0,0.9327493691187319,0
2024-06-06,188.77545166015625,189.83959701928046,187.26072130753772,189.11098402804726,7640300,191.33709182739258,187.0395654296875,161.81856773376464,190.67395105579965,189.47874355381774,1.195207501981912,1.7343492707106227,-0.5391417687287108,41.98847056039058,191.33709182739258,195.877272938372,186.79691071641318,0.04745740690022773,-0.0017744671031292292,-0.001776043334802765,0.23124274634111666,8874380.0,0.8609390177116598,1
2024-06-07,191.6898956298828,192.61982529027472,188.87134714402987,189.27399483794662,6964500,191.45453109741212,187.0699954223633,162.08877548217774,190.8302502210432,189.64253259648922,1.1877176245539829,1.625022941479295,-0.43730531692531205,43.167758381987575,191.45453109741212,195.89780158122156,187.01126061360267,0.046415934460686176,0.015438680951871397,0.01532071710524418,0.23528235005917056,8823740.0,0.7892911622509277,0
2024-06-10,191.3639373779297,192.54312090911645,190.24227285385908,191.0092270817566,6070800,191.49479598999022,187.07903747558595,162.35269859313965,190.91235593748726,189.7700440617811,1.1423118757061559,1.528480728324667,-0.3861688526185112,57.589402131395495,191.49479598999022,195.91843488495206,187.07115709502838,0.04620113953585529,-0.0017004456645043353,-0.0017018930632813388,0.23443472124010442,8750790.0,0.6937430791962783,0
2024-06-11,186.33082580566406,189.76293475540382,185.60222730997666,189.73417525086586,9235300,191.28532333374022,187.01334259033203,162.5921144104004,190.20750514797598,189.51528715392058,0.6922179940553974,1.3612281814708131,-0.6690101874154157,40.73941406970812,191.28532333374022,196.2650736717688,186.30557299571166,0.05206620404786909,-0.026301254255265416,-0.026653319131423894,0.2527860318420735,8860095.0,1.0423477400637353,0
2024-06-12,183.6177215576172,188.59332031104074,183.40680878602598,187.9030629910031,12751300,190.80693817138672,186.89491058349608,162.81881103515624,189.19369228792078,189.07843044308328,0.11526184483750512,1.1120349141441517,-0.9967730693066466,38.50069782069383,190.80693817138672,196.7610570096243,184.85281933314914,0.062409877704651014,-0.014560683860632584,-0.014667731008404196,0.25065432347831906,9067850.0,1.4062098512877914,1
2024-06-13,185.6597442626953,186.54173652510667,182.99458959650315,184.37510431277676,8587800,190.40189361572266,186.82799407958984,163.05331985473632,188.65000797634764,188.8251944297212,-0.17518645337355565,0.8545906406406102,-1.029777094014166,44.606251998089206,190.40189361572266,196.60686325439676,184.19692397704856,0.0651776042857771,0.011121054589697366,0.011059670347820254,0.2546143282157086,9078740.0,0.9459242141530653,1
2024-06-14,185.7747802734375,186.81016629946183,183.5122733191848,183.54103282309364,6874000,189.98534393310547,186.79213897705077,163.28276191711427,188.207665252823,188.59923782555205,-0.39157257272904644,0.6053579979666789,-0.9969305706957253,36.94915071344387,189.98534393310547,196.2615144852724,183.70917338093855,0.066070049638953,0.0006196066422423652,0.0006194147653015366,0.25441824890035764,8997545.0,0.7639861762291825,1
2024-06-17,186.92518615722656,187.50040543639741,184.68185729964134,185.48715258773336,8725400,189.51510696411134,186.74477935791015,163.52077697753907,188.0103607765774,188.4752339982687,-0.46487322169130607,0.3913117540350819,-0.856184975726388,41.484544886457,189.51510696411134,195.1680968305485,183.86211709767417,0.05965740628273691,0.006192476083652476,0.006173381491620655,0.25137347431584334,8970790.0,0.9726456644286624,1
2024-06-18,188.86175537109375,189.78210335662163,186.11032229627904,186.5609073499265,9023000,189.58317337036132,186.71640197753905,163.77707901000977,188.14134456034913,188.50386521107055,-0.3625206507214216,0.2405452730837812,-0.6030659238052027,47.95730432123572,189.58317337036132,195.16637508843647,183.99997165228618,0.05889976012974578,0.010360129919775973,0.010306831576239106,0.19793376467455415,8553275.0,1.0549175608173478,1
2024-06-20,190.46278381347656,191.21056022785828,188.00854177361487,188.27697358244748,8731100,189.54242858886718,186.74554656982423,164.03908248901368,188.49848906083025,188.64897029273027,-0.1504812319000166,0.16233997208702164,-0.3128212039870383,48.80524303130468,189.54242858886718,195.08531084733235,183.999546330402,0.05848698151365496,0.008477250670666292,0.008441520567882919,0.18652839217292383,8268790.0,1.055910235959554,0
2024-06-21,188.19068908691406,189.02474399297842,186.19661383575362,188.58375516180442,20972100,189.4460807800293,186.76146148681642,164.29734214782715,188.4511352186893,188.61502353674388,-0.1638883180545747,0.09709431405870236,-0.2609826321132771,38.14170416637346,189.4460807800293,195.01379788143387,183.8783636786247,0.05877891037365299,-0.011929336960587511,-0.012001062496843197,0.19012283897197213,8846130.0,2.3707655211940137,1
2024-06-24,190.6641082763672,190.99964071138498,188.95764271092415,189.63830383493246,9785900,189.54003295898437,186.82761108398438,164.56909744262694,188.7915926121782,188.76680759153078,0.024785020647414058,0.08263245537644472,-0.05784743472903066,44.83488152294881,189.54003295898437,195.12417608521528,183.95588983275346,0.0589230996645368,0.013143153901258087,0.01305753206534843,0.19430030810097407,8931955.0,1.0956056092983004,0
2024-06-25,189.8875732421875,191.8049516055998,189.57120405681215,189.9067364933477,6862500,189.41348571777343,187.12058715820314,164.84280021667482,188.96020501679502,188.8498272693572,0.11037774743780915,0.08818151378871761,0.02219623364909154,47.95191273042215,189.41348571777343,194.83532134220602,183.99165009334084,0.0572486758678961,-0.004072790842490903,-0.00408110724343586,0.1817950886917031,8907270.0,0.7704380803545867,0
2024-06-26,189.27398681640625,189.7629276320688,188.1715001746751,189.29316469485687,7758600,189.31426162719725,187.39937377929687,165.11291786193848,189.00847913981212,188.88124649506454,0.12723264474757912,0.09599173998048992,0.031240904767089198,50.335276766575795,189.31426162719725,194.66611368063465,183.96240957375986,0.05653934370751643,-0.0032313142735184153,-0.003236546243284782,0.1809562351160307,8949690.0,0.8669127087083464,1
2024-06-27,190.94210815429688,191.6036059802996,188.76587978010525,189.28358009107907,7913500,189.36507186889648,187.75159606933593,165.38841384887695,189.30596052665592,189.03390291426695,0.2720576123889771,0.13120491446218735,0.14085269792678973,54.22590122639645,189.36507186889648,194.76049228665514,183.96965145113782,0.05698432519270587,0.008813262540449784,0.008774652430339449,0.18209529011965944,9039365.0,0.8754486625996406,1
2024-06-28,193.90444946289062,194.2304148700683,191.06673795740363,191.74739901722398,15307600,189.5055191040039,188.1768701171875,165.66988250732422,190.0134203629997,189.39468414009093,0.6187362229087796,0.22871117615150582,0.3900250467572738,54.31126621407179,189.5055191040039,195.22698762144682,183.78405058656097,0.06038313337252081,0.015514342735757136,0.015395225755162003,0.18896623605437785,9463290.0,1.6175769737585977,1
2024-07-01,196.9626922607422,198.53494195599288,194.28795584220356,194.46051287571873,10205800,189.64069519042968,188.6408755493164,165.96631317138673,191.08253911649857,189.95527733421326,1.1272617822853022,0.4084212973782651,0.7188404849070371,59.8515448549762,189.64069519042968,195.93420040709864,183.34718997376072,0.06637293973584385,0.015771906247240786,0.015648822226848803,0.1881182175293217,9252685.0,1.1030095588469726,1
2024-07-02,200.2030487060547,200.2318082090956,196.31077325787848,196.8092810628776,7802900,189.97671508789062,189.08244781494142,166.26559272766113,192.48569443796873,190.71437150990522,1.7713229280635119,0.6810016235153145,1.0903213045481974,76.05321317135463,189.97671508789062,197.6911375258433,182.26229264993796,0.08121439971613018,0.016451625473431708,0.016317763650789786,0.19513509549689634,9320615.0,0.837165787879877,0
2024-07-03,200.0688018798828,201.68898856669432,199.07175716718376,200.89327497258554,5560900,190.43352813720702,189.45211730957033,166.5662698364258,193.65232635210936,191.4072922780517,2.2450340740576564,0.9938081136237829,1.2512259604338736,84.21035597062475,190.43352813720702,199.37128411335974,181.4957721610543,0.09386746192837511,-0.0006705533559030474,-0.0006707782773581154,0.18730997821450687,9256245.0,0.6007727755693588,0
2024-07-05,197.41783142089844,199.90495668701004,197.15756164535284,199.53864617381842,8093100,190.848868560791,189.71642364501952,166.85223442077637,194.23163482423075,191.85251739974404,2.379117424486708,1.270869975796368,1.10824744869034,73.84721747698768,190.848868560791,200.28594948782415,181.41178763375785,0.09889585406713754,-0.013250294069217072,-0.013338862457179941,0.19087742373988364,9243320.0,0.8755620274966138,1
2024-07-08,197.7841339111328,199.45185194834565,196.62733535762965,197.65880904209365,8707000,191.29930267333984,189.9700326538086,167.1409238433838,194.7781731452926,192.29189640058766,2.486276744704952,1.5139513295780849,0.9723254151268672,74.11108108886401,191.29930267333984,201.1697144714136,181.42889087526606,0.10319339025431117,0.001855468108417302,0.001853748853819502,0.1903037886562051,9296655.0,0.9365734234517684,1
2024-07-09,200.15560913085938,202.2089220462034,198.05407849563014,198.22760639114142,9058900,191.72258834838868,190.2655108642578,167.4444327545166,195.60547098922598,192.87439363986704,2.731077349358941,1.7573765335342562,0.9737008158246847,75.3211026856923,191.72258834838868,202.35983249099442,181.08534420578295,0.11096495446093468,0.01199021970484293,0.011918906495296191,0.1875442618457607,9401375.0,0.9635718179521613,1
2024-07-10,200.31947326660156,200.48335172261358,198.17938920186893,198.71922757684789,8328500,192.17036514282228,190.56196533203126,167.75421508789063,196.3307021088222,193.42588101962517,2.9048210891970427,1.9868654446668135,0.9179556445302293,73.5246442447889,192.17036514282228,203.47695188297996,180.8637784026646,0.11767253220083705,0.0008186837054116047,0.0008183487667002955,0.18705663717062243,9514260.0,0.8753702337333644,0
2024-07-11,199.98207092285156,200.6086806066436,197.98659583908096,198.78671869994315,10658100,192.85292739868163,190.8556979370117,168.06893989562988,196.89245115713442,193.91152471616044,2.980926440973974,2.1856776439282455,0.7952487970457285,70.61437073986986,192.85292739868163,204.32224110729618,181.38361369006708,0.11894363091418601,-0.0016843212407061658,-0.0016857413045135497,0.15463778479484816,9585400.0,1.1119097794562565,0
2024-07-12,197.56243896484375,199.9820770572198,194.82467866192138,196.65627534258937,15443400,193.55016326904297,191.13056549072266,168.36818130493165,196.99552620447432,194.1819628086555,2.813563395818818,2.31125479430636,0.5023086015124578,70.16601360495972,193.55016326904297,204.3303322998731,182.76999423821283,0.1113940577342241,-0.012099244431473366,-0.012173036109117715,0.15101093225942844,9720005.0,1.5888263431963254,1
2024-07-15,202.4884796142578,203.99231931553012,199.27835346292989,199.731435258761,10719700,194.3916000366211,191.5016534423828,168.6991996002197,197.84059595982563,194.79726034981124,3.0433356100143953,2.4576709574479674,0.585664652566428,73.01435884155143,194.3916000366211,205.20564237831525,183.57755769492695,0.11126038717369381,0.02493409514088185,0.024628313099673654,0.16710481553752937,9826600.0,1.0908859625913336,1
2024-07-16,205.92996215820312,206.04565232180363,200.58940119084525,202.44028200402863,11557000,195.39935913085938,191.94540557861328,169.04342872619628,199.08511383649912,195.62190492821065,3.4632089082884647,2.658778547616067,0.8044303606723977,78.28939862620626,195.39935913085938,206.58256393162102,184.21615433009774,0.11446511237810383,0.016995942438312373,0.01685312732229119,0.1722231988392982,10060750.0,1.1487215167855278,1
2024-07-17,209.06295776367188,209.72812101590785,205.59256190040833,206.1034814139679,11572500,196.50624771118163,192.4738674926758,169.3948126220703,200.62016674837184,196.61753847157814,4.0026282767937005,2.9275484934515936,1.0750797833421069,82.04850038846966,196.50624771118163,208.51004188417926,184.502453538184,0.12217213765783579,0.015213889094302102,0.015099318465414416,0.17583868067507968,10203105.0,1.1342135555794044,0
2024-07-18,202.42098999023438,208.84124221450833,201.7076384383101,207.86760619146685,12415100,197.18420944213867,192.84092132568358,169.72507019042968,200.89721647788915,197.04742376925637,3.8497927086327763,3.11199733648783,0.7377953721449462,66.01079475075448,197.18420944213867,208.89822151961633,185.470197364661,0.11881288172737785,-0.031770179875411864,-0.032285802400552205,0.21918572742316778,10372710.0,1.1969003278795995,0
2024-07-19,202.2281951904297,204.70568563674118,201.3991534690736,203.59707529601897,8095900,197.77248001098633,193.20891204833984,170.06024093627929,201.1019824336646,197.43118461526922,3.6707978183953855,3.2237574328693417,0.44704038552604386,62.58208263273342,197.77248001098633,209.24444913964734,186.3005108823253,0.11601178412713178,-0.0009524447035555994,-0.0009528985672218467,0.21893762953044277,10340950.0,0.7828971226047897,1
2024-07-22,202.71018981933594,204.53215166667349,202.16071673369055,202.883717700245,7663200,198.49845504760742,193.51176513671874,170.4028054046631,201.34939895453712,197.8222220377927,3.5271769167444234,3.284441329644358,0.24273558710006515,59.42165579094604,198.49845504760742,209.23117261474192,187.76573748047292,0.10813905392422717,0.0023834195249201606,0.002380583685706805,0.21168785320338807,9675505.0,0.7920206748898377,1
2024-07-23,202.75839233398438,203.86698792954928,201.81367519196866,203.42355557512025,5557300,199.1031692504883,193.7801107788086,170.74260192871094,201.56616716675978,198.18786428195506,3.378302884804725,3.303213640676432,0.07508924412829332,54.678510426334,199.1031692504883,209.32816253365604,188.87817596732054,0.10271050251645024,0.0002377902891383954,0.0002377620215086809,0.20908000789907483,9464075.0,0.5871994885923876,0
2024-07-24,201.08102416992188,204.39719093826727,200.57975409339878,202.0064718741431,7119000,199.662841796875,193.9905584716797,171.07116973876953,201.49152978263086,198.40217242180447,3.089357360826398,3.2604423847064252,-0.17108502388002744,51.754133135047915,199.662841796875,208.94593167952507,190.37975191422493,0.0929876565825316,-0.008272743459612375,-0.008307152504662803,0.21152490251033593,9476900.0,0.7511950110268125,1
2024-07-25,201.15814208984375,202.62342813048153,200.56046601291564,201.1388579458968,6403800,200.25704956054688,194.20331573486328,171.3897029876709,201.44023936835595,198.6063183231407,2.8339210452152486,3.1751381168081902,-0.3412170715929417,57.11663648235365,200.25704956054688,208.15882560657127,192.35527351452248,0.07891633341612103,0.00038351664579105993,0.0003834431220800379,0.2105100384422381,9409160.0,0.6805921038647446,1
2024-07-26,204.5996551513672,205.48653464267102,201.10996020508134,201.7076510542703,8027800,200.9399269104004,194.43160034179687,171.72700675964356,201.92630333497306,199.05026919930563,2.8760341356674246,3.1153173205800373,-0.2392831849126127,61.609245353047775,200.9399269104004,207.73535056636086,194.14450325443994,0.06763637033659874,0.017108494967041032,0.016963792759889955,0.2154793290888419,9414875.0,0.8526719685603898,0
2024-07-29,203.25967407226562,205.92031228740183,202.97047074878532,204.9948645941633,6533600,201.40768814086914,194.62158111572265,172.05344268798828,202.13143729455652,199.36207696767306,2.769360326883458,3.046125921840722,-0.27676559495726405,55.4798845341985,201.40768814086914,207.40508652876525,195.41028975297303,0.05955481087396619,-0.006549283175038667,-0.006570823832178055,0.21345152406737686,8976175.0,0.7278824220784466,1
2024-07-30,207.4434356689453,208.02182760531736,205.29371695525305,205.55398670734905,8850700,201.9317253112793,194.88833435058595,172.39842918395996,202.94866781369325,199.96069613073027,2.9879716829629785,3.0344950740651733,-0.04652339110219472,61.01339792468515,201.9317253112793,208.1222392936612,195.7412113288974,0.06131294102339963,0.020583333195704157,0.02037435911629654,0.21806919094799723,8908420.0,0.99352073656159,0
2024-07-31,205.13949584960938,208.60025726077208,205.01417096363343,207.04821445631424,9071600,202.17854766845704,195.06452575683593,172.7335061645508,203.2857182807573,200.34431092472133,2.941407356035967,3.015877530459332,-0.07447017442336534,57.516185515336936,202.17854766845704,208.47164738982914,195.88544794708494,0.06225289274203172,-0.011106352013050658,-0.011168488038633243,0.2169328252711847,8971855.0,1.0111175448109673,0
2024-08-01,200.47372436523438,206.13240750216778,198.9506004887708,205.5250819532728,10918600,202.19879379272462,195.32399169921874,173.03488151550292,202.8531038322153,200.35389710550007,2.4992067267152436,2.9125433697105145,-0.41333664299527095,53.98206927181775,202.19879379272462,208.46586633321218,195.93172125223705,0.061989217867560384,-0.02274438408387014,-0.02300702767311117,0.233146861116257,9239740.0,1.1816999179630596,0
2024-08-02,191.9712371826172,197.30216371939395,189.80223404419826,196.5406090896375,18041700,201.92646408081055,195.3378628540039,173.29445510864258,201.1789705015079,199.73295933343465,1.4460111680732552,2.619236929383063,-1.1732257613098076,36.89648485770232,201.92646408081055,209.42136038154385,194.43156778007724,0.07423391812312288,-0.04241197797635998,-0.04333763314613561,0.2747361888216711,9737170.0,1.852868954737362,0
2024-08-05,187.88385009765625,189.10813588433086,184.0278448440605,187.06445780696276,13927000,201.43144989013672,195.2931869506836,173.53510734558105,199.1335673624538,198.8552475381918,0.27831982426198465,2.1510535083588476,-1.872733684096863,27.872345998697796,201.43144989013672,211.07738508443575,191.7855146958377,0.09577387443281617,-0.021291664027110024,-0.02152160119326729,0.2834104773581835,9998170.0,1.392954910748667,1
2024-08-06,193.12802124023438,195.30667364113896,187.01625639153167,188.3658523579827,10605800,201.08007049560547,195.38004608154296,173.80965347290038,198.20963718980465,198.43100855315794,-0.22137136335328478,1.6765685340164214,-1.8979398973697061,31.42281493330222,201.08007049560547,211.40947788211116,190.75066310909978,0.10273924572481626,0.02791177176671855,0.02752933822013497,0.29932931329565465,10075515.0,1.0526310565762644,1
2024-08-07,193.18585205078125,198.3432648205562,192.99305473526,196.1838966420379,9204400,200.72338943481446,195.39539276123048,174.08742538452148,197.43674716841645,198.04247844187077,-0.6057312734543245,1.2201085725222724,-1.825839845976597,37.28093845093391,200.72338943481446,211.63938320224423,189.8073956673847,0.1087665348633899,0.0002994428782292502,0.00029939805415853165,0.29927897756695504,10119310.0,0.9095877090434031,1
2024-08-08,196.714111328125,197.53351835192714,194.5258241649833,195.18135272592363,7761200,200.55999145507812,195.50450561523436,174.39392181396485,197.32557242375623,197.9440808778896,-0.6185084541333765,0.8523851671911427,-1.4708936213245192,43.044760767916955,200.55999145507812,211.61959694414125,189.500385966015,0.11028725528780536,0.018263549011944713,0.018098773632122946,0.307504524302103,9974465.0,0.7781068959588309,1
2024-08-09,198.39149475097656,199.03737393584737,195.5958818132959,196.1453696820707,5540200,200.60144424438477,195.67381744384767,174.7180411529541,197.48956047409783,197.9772226462664,-0.48766217216856944,0.5843756993192002,-1.0720378714877696,44.71204039797113,200.60144424438477,211.61988180507376,189.58300668369577,0.10985402026583288,0.00852701116115484,0.008490861554850841,0.3060262795307624,9479305.0,0.5844521301930891,1
2024-08-12,198.76744079589844,199.68323913689548,196.32851855610414,198.97952226974954,6936000,200.4153923034668,195.8272561645508,175.0432349395752,197.68615744668256,198.0357573240169,-0.3495998773343558,0.397580583988489,-0.7471804613228448,45.152249010528784,200.4153923034668,211.42532752476706,189.40545708216655,0.10987115405416695,0.0018949705751940549,0.0018931773834599717,0.292127524523064,9290120.0,0.7465996133526801,1
2024-08-13,200.4544219970703,200.59901630057058,198.00585058819286,200.25197526267817,6387800,200.14161529541016,195.95116119384767,175.38051071166993,198.11204430058837,198.214917670169,-0.1028733695806352,0.2974897932746642,-0.4003631628552994,49.23905313119491,200.14161529541016,210.84213830400762,189.4410922868127,0.10692951581112628,0.00848721095576277,0.00845139707813985,0.2867786939650171,9031660.0,0.7072675455010485,1
2024-08-14,202.67166137695312,203.17293151843467,199.66396698059305,200.26165785619665,6999800,199.82205047607422,196.13494140625,175.72716766357422,198.81352385079833,198.5450468336345,0.268477017163832,0.29168723805249774,-0.023210220888665756,51.74720225693649,199.82205047607422,209.75497301612745,189.889127936021,0.09941768204648214,0.01106106494330783,0.011000338751691822,0.2839934060820229,8803025.0,0.7951584824534748,1
2024-08-15,203.9344940185547,206.19025370793764,203.50069634128775,205.33229307174528,7001000,199.89772567749023,196.39498046875,176.10415252685547,199.60136541506853,198.9442651436286,0.6571002714399299,0.3647698447299842,0.2923304267099457,49.19146985112896,199.89772567749023,209.9365155391005,189.85893581587996,0.100439260402658,0.006230928552230175,0.006211596579453363,0.2612116717509878,8532320.0,0.8205271250961051,1
2024-08-16,206.2673797607422,206.38305522115786,203.97305173253818,204.06945775588053,7931200,200.09968490600585,196.73810760498046,176.4846078491211,200.6269060836337,199.48671807822961,1.1401880054040987,0.5198534768648071,0.6203345285392916,53.569818029163,200.09968490600585,210.49217043360397,189.70719937840772,0.10387308238371147,0.011439387698557901,0.011374452645380631,0.26398524957478314,8524085.0,0.93044590709736,1
2024-08-19,207.69407653808594,207.77119840700038,206.12276442611807,206.29627759905622,6090800,200.34887924194337,197.11648010253907,176.86442893981933,201.71416307662636,200.0946705567375,1.6194925198888654,0.7397812854696189,0.8797112344192466,50.318316060368815,200.34887924194337,211.23233777084445,189.46542071304228,0.10864506524898611,0.006916734866165619,0.006892923988194555,0.2647619109413675,8445465.0,0.72119178754515,0
2024-08-20,206.7975616455078,208.224279441542,205.98778937957647,207.26027814783114,5640000,200.55083770751952,197.41863342285157,177.24033569335938,202.49622439491583,200.59118100775754,1.9050433871582868,0.9728337058073524,0.9322096813509344,52.18382710258399,200.55083770751952,211.76736627574783,189.3343091392912,0.11185720983710214,-0.00431651642416353,-0.004325859477171662,0.26550779932064233,8449600.0,0.6674872183298618,1
2024-08-21,206.87469482421875,207.26028947898703,205.17804304045464,206.71080165097436,5202300,200.84052124023438,197.72884857177735,177.60488166809083,203.1698352301932,201.05662647564355,2.113208754549646,1.2009087155558111,0.9123000389938349,59.589828372764586,200.84052124023438,212.4084594861743,189.27258299429445,0.11519526213639922,0.00037298882103442565,0.0003729192779960972,0.2632146127113268,8353765.0,0.6227491436495999,1
2024-08-22,208.8315887451172,208.99546718718165,206.62401771665034,206.85538330458962,5247100,201.22419357299805,198.1788638305664,177.97172859191895,204.04087423248922,201.63254960671568,2.408324625773531,1.4423918975993553,0.9659327281741759,81.42286757554558,201.22419357299805,213.33285828428163,189.11552886171447,0.12034998869945451,0.009459319916151232,0.009414860698918835,0.26464739530333364,8295930.0,0.6324908720300195,1
2024-08-23,210.4511260986328,211.29945196841106,208.70628606060572,209.76669339782856,7214000,201.51676712036132,198.7155319213867,178.34155784606935,205.02706682728052,202.28577749500582,2.741289332274704,1.702171384534425,1.0391179477402788,96.31977159708534,201.51676712036132,214.2362045668101,188.79732967391254,0.1262370137056809,0.007755231683326924,0.007725314451255167,0.2596029492000863,8255240.0,0.8738692030758646,1
2024-08-26,211.28016662597656,211.771802001634,210.20048985928128,211.125922885165,5105200,201.91779174804688,199.22794036865236,178.7158639526367,205.98908218092606,202.9520285417444,3.0370536391816643,1.9691478354638732,1.067905803717791,95.5051039416981,201.91779174804688,215.35414661679664,188.48143687929712,0.1330873792985578,0.003939349447601437,0.003931610528113721,0.2579330062756411,8183820.0,0.6238162618434911,1
2024-08-27,212.25379943847656,212.48516504618274,211.2994475643601,211.60792033180917,5185200,202.15830993652344,199.75752075195314,179.09167526245116,206.95288483593384,203.641048608169,3.311836227764843,2.2376855139240672,1.0741507138407758,95.70243097842584,202.15830993652344,216.17099281583285,188.14562705721403,0.13863078775944765,0.00460825466037984,0.004597669162859964,0.24879119918788395,8000545.0,0.6481058477891194,1
2024-08-28,213.3238525390625,214.210746726538,211.29945852719868,211.3572962547529,6506400,202.5675277709961,200.28549407958985,179.47487350463868,207.93303371333823,204.35829334379076,3.57474036954747,2.505096485048748,1.0696438844987224,95.12837010921658,202.5675277709961,217.40077828924345,187.73427725274874,0.1464524021344274,0.005041384905319912,0.005028719673475475,0.24471092651682738,7872285.0,0.8264944676164544,1
2024-08-29,214.21072387695312,214.95299424737954,211.05843567605964,214.1528714460767,6416100,203.25437774658204,200.79247344970702,179.85237022399903,208.89883220004822,205.0881030129139,3.8107291871343136,2.766223025465861,1.0445061616684526,94.9097109172553,203.25437774658204,218.9277881471816,187.5809673459825,0.15422457881956364,0.00415739415604377,0.00414877607055464,0.2264793297794465,7647160.0,0.8390173606933816,1
2024-08-30,216.70750427246094,217.36301812340238,213.9408104229473,214.49029824755388,8574100,204.4911911010742,201.3173678588867,180.24542961120605,210.1001663650348,205.94879940251,4.151366962524804,3.04325181287765,1.1081151496471544,95.4567949348452,204.4911911010742,220.31886989747602,188.6635123046724,0.1548005927412163,0.011655720826292626,0.01158831617324711,0.14965813687873442,7173780.0,1.1951997412800504,0
2024-09-03,212.36949157714844,216.03269949777572,211.34765254186397,214.297494197532,8956100,205.71547317504883,201.8009439086914,180.60419975280763,210.44929332074457,206.42440623026098,4.024887090483588,3.2395788683988376,0.7853082220847507,76.6149999386489,205.71547317504883,219.82955526310036,191.6013910869973,0.13721945044008896,-0.020017824070635015,-0.02022089531009857,0.14660058954545413,6925235.0,1.2932557523318704,0
2024-09-04,211.43441772460938,214.0757867173276,209.39073957096207,213.08285179473262,7389500,206.63079299926758,202.21635009765626,180.95213729858398,210.60085092133914,206.7955181928053,3.805332728533841,3.3527296404258387,0.45260308810800254,70.76289754132145,206.63079299926758,219.6388140921953,193.62277190633986,0.1259059301289506,-0.004403051707638439,-0.004412773687892045,0.12658859748066237,6764420.0,1.0924070356364626,0
2024-09-05,209.79559326171875,212.85147540834902,208.2531854035276,212.22486578055634,8067900,207.46128005981444,202.61451049804688,181.2837812805176,210.47696512755138,207.0177459756878,3.4592191518635786,3.374027542713387,0.08519160915019164,63.64445619038079,207.46128005981444,218.87868375601866,196.04387636361022,0.11006780342734217,-0.007750982458424427,-0.007781177451399493,0.13324018612548091,6707595.0,1.2028007057671193,0
2024-09-06,204.81173706054688,210.86566447314522,203.49104518429826,209.76670350231032,7777000,207.86616134643555,202.92526550292968,181.58401710510253,209.60539157878145,206.8543379078996,2.751053670881845,3.2494327683470785,-0.49837909746523357,46.98361424967732,207.86616134643555,218.20195632008657,197.53036637278453,0.09944663341740453,-0.023755771623641952,-0.02404248988017786,0.155841396333843,6708385.0,1.1592954190911822,1
2024-09-09,209.00511169433594,210.29686985781797,206.46978366297833,207.44343435369325,8935100,208.3968421936035,203.28652557373047,181.90299369812013,209.5130408273283,207.01365448467266,2.49938634265564,3.099423483208791,-0.6000371405531508,52.437267038459574,208.3968421936035,217.72514188434394,199.06854250286307,0.08952438619078805,0.02047428870030732,0.0202675081442017,0.16772868250867862,6878130.0,1.2990594827373139,0
2024-09-10,198.16009521484375,210.7692333693298,193.3882919543516,210.73067979138588,28406900,208.3664749145508,203.37163848876952,182.1692608642578,207.76643381002296,206.35783527950016,1.408598530522795,2.761258492671592,-1.3526599621487971,38.278359075877525,208.3664749145508,217.8297419126535,198.90320791644808,0.09083291351915908,-0.05188876191388425,-0.05328344385759896,0.2562729630902231,7951675.0,3.5724422841728316,1
2024-09-11,199.7699737548828,200.22305551650228,194.56437291900994,197.86125540966165,13658700,208.3322525024414,203.42778411865234,182.44187240600587,206.53620918615525,205.8698455369359,0.6663636492193348,2.3422795239811407,-1.675915874761806,40.74347979078076,208.3322525024414,217.92012404239836,198.74438096248446,0.09204404430700995,0.008124130836199006,0.008091307738203537,0.2561161724916859,8315220.0,1.6426143866307807,0
2024-09-12,199.16265869140625,201.26417429842346,197.514210126776,200.1748482086534,9054400,208.15680236816405,203.40697631835937,182.71045265197753,205.4018168023477,205.3730168817115,0.02879992063620307,1.8795836033121534,-1.8507836826759503,36.94350040117547,208.15680236816405,218.2935316958065,198.0200730405216,0.09739512917491655,-0.0030400717988867676,-0.003044702204048722,0.25287690273783864,8417950.0,1.0756062936938329,0
2024-09-13,196.96475219726562,200.3676756012256,195.71154756841665,199.41330902113066,10226700,207.8083152770996,203.34489532470704,182.96970115661622,204.1038068631043,204.75018246064144,-0.6463755975371441,1.374391763142294,-2.020767360679438,32.06868022737058,207.8083152770996,218.98237660463673,196.6342539495625,0.1075420039148789,-0.011035735858227258,-0.011097081337049303,0.25398011738307563,8579235.0,1.192029359261053,1
2024-09-16,200.3773193359375,200.71472568909704,198.18903217312973,198.42039779039567,8634900,207.51381225585936,203.4040850830078,183.24435470581054,203.530501089694,204.42626667362632,-0.8957655839323024,0.9203602937273746,-1.816125877659677,36.43558807929268,207.51381225585936,219.159402331,195.86822218071873,0.1122391801157015,0.01732577580812067,0.017177395966468844,0.2588060555878907,8614420.0,1.002377409042048,1
2024-09-17,201.71725463867188,202.37276840561572,200.18449623406093,200.25196867030928,7573300,207.21497116088867,203.4827474975586,183.5220133972168,203.25154009722908,204.22559911548154,-0.9740590182524613,0.5414764313314075,-1.5155354495838689,37.009710505850045,207.21497116088867,219.14437193940378,195.28557038237355,0.1151403367399813,0.00668706072710723,0.006664801513895447,0.25871038665801593,8688545.0,0.871641914727955,0
2024-09-18,200.05917358398438,203.7320159075651,199.25905079994973,201.48589128215278,8259900,206.8780517578125,203.4808187866211,183.78304573059083,202.76040678749914,203.9169750020373,-1.1565682145381686,0.20186750215749233,-1.3584357166956609,33.879979824802135,206.8780517578125,219.23021993325347,194.52588358237153,0.11941497003173031,-0.008219827588163198,-0.008253796645552475,0.2596771467836912,8819540.0,0.9365454434131485,1
2024-09-19,202.90298461914062,204.2815140938797,199.87602119841407,202.22818666728926,11635200,206.6794662475586,203.53248901367186,184.0546974182129,202.7823418385209,203.84186460330423,-1.0595227647833383,-0.050410551230673784,-1.0091122135526644,36.882104912855844,206.6794662475586,219.15891210151403,194.20002039360315,0.1207613516768781,0.01421484945784024,0.01411476581945584,0.2656001500162855,9141185.0,1.2728327891843345,1
2024-09-20,203.4910430908203,203.80916530403834,201.9582844621734,202.37279798547686,20885000,206.41243896484374,203.60266845703126,184.32384231567383,202.8913728004131,203.81587782460173,-0.924505024188619,-0.22522944582226284,-0.6992755783663562,33.95737792364625,206.41243896484374,218.92649036393925,193.89838756574824,0.12125288051295112,0.0028982248476212558,0.0028940330911363704,0.2632384295896226,9923080.0,2.1046892698637922,1
2024-09-23,203.82843017578125,204.17547122015796,202.4306312810249,203.4042672649328,7223500,206.08130416870117,203.72798828125,184.59476890563965,203.03553547354667,203.81680762839278,-0.781272154846107,-0.3364379876270317,-0.4448341672190753,38.51732718459149,206.08130416870117,218.49547386630422,193.6671344710981,0.12047836893967477,0.001657994768891946,0.0016566218129248256,0.26138232868530353,9923555.0,0.7279145427218371,1
2024-09-24,203.97303771972656,205.2840801158477,202.79695492131674,203.54887478135018,7323200,205.71594772338867,203.75767944335936,184.87428108215332,203.17976658834357,203.8283802277508,-0.6486136394072446,-0.39887311798307434,-0.24974052142417025,39.75102607322166,205.71594772338867,217.9141102598381,193.51778518693922,0.11859228875003343,0.0007094571832819696,0.0007092056375014571,0.26074704231980295,10034455.0,0.729805455303751,0
2024-09-25,202.62344360351562,204.5996492884681,201.10031972421785,204.0597961831719,8976500,205.23442993164062,203.69154907226562,185.14477180480958,203.09417843683156,203.73912566299265,-0.6449472261610936,-0.4480879396186782,-0.19685928654241536,40.06940770625827,205.23442993164062,217.10176628882698,193.36709357445426,0.11564664234104509,-0.006616531926466607,-0.006638518209459022,0.26023017925835146,10224020.0,0.877981459347693,0
2024-09-26,202.2281951904297,204.07907595472616,201.48591005736264,203.5296028527362,7807500,204.67964706420898,203.5548538208008,185.40509216308592,202.9609502450774,203.62720488724725,-0.6662546421698323,-0.49172128012890903,-0.1745333620409233,45.9021035618287,204.67964706420898,215.97848679613875,193.3808073322792,0.1104051125160019,-0.0019506548998315942,-0.0019525599048420734,0.2588333056614945,10289075.0,0.7588145678790368,1
2024-09-27,202.92227172851562,204.79243658632572,201.7943919833347,203.06686603834945,7032500,204.1152244567871,203.5648794555664,185.6661357116699,202.95499970406792,203.5749876162301,-0.6199879121621734,-0.517374606535562,-0.10261330562661142,39.14688815478177,204.1152244567871,214.5002180521216,193.7302308614526,0.10175618818216162,0.00343214524281521,0.0034262688741931186,0.2585971511106846,10319895.0,0.6814507318146164,1
2024-09-30,203.26930236816406,203.36570837610932,197.8708895320446,198.88309377750343,8663800,203.44331436157228,203.58570159912108,185.92218879699706,203.0033539600827,203.5523442645215,-0.5489903044388029,-0.5236977461162102,-0.025292558322592695,64.57649682077678,203.44331436157228,211.97066042350323,194.91596829964132,0.0838301920973979,0.0017101653588460497,0.001708704691153828,0.25370154880509455,10324380.0,0.8391593490359711,0
2024-10-01,199.58682250976562,201.56302811498028,198.76743023115927,201.37986551461756,8540100,202.80418090820314,203.52323425292968,186.15727180480957,202.477733736957,203.25860191231737,-0.7808681753603821,-0.5751318319650447,-0.20573634339533742,49.5327321098646,202.80418090820314,210.37733716990218,195.2310246465041,0.0746844195004731,-0.018116261607119988,-0.018282370311912093,0.2521017210301458,10303580.0,0.8288478373536189,1
2024-10-02,199.82781982421875,201.4280654870263,198.2854265944641,199.62538779175662,5810900,202.2238510131836,203.46462280273437,186.37968185424805,202.0700546734588,203.00446990579155,-0.9344152323327535,-0.6469885120385865,-0.28742672029416694,51.729327961382886,202.2238510131836,208.7138009267599,195.73390109960732,0.06418580084456192,0.001207481092301732,0.0012067526733167357,0.2524672124266589,10224650.0,0.5683226320705355,0
2024-10-03,197.8419952392578,199.0566463684385,196.98403461617457,198.74815887229946,7251300,201.62617111206055,203.3998422241211,186.58628974914552,201.41958399127404,202.6220643749372,-1.2024803836631577,-0.7580868863635007,-0.44439349729965694,52.30614332417417,201.62617111206055,207.33474897892137,195.91759324519973,0.05662536599664025,-0.009937678280770856,-0.009987386603302477,0.25316618730721213,10183820.0,0.7120412576027463,1
2024-10-04,204.86412048339844,205.30057644632367,200.68381627913752,203.00189752185364,10211700,201.62879028320313,203.4739617919922,186.82327186584473,201.9495126823701,202.78814260519357,-0.8386299228234577,-0.7741954936554922,-0.06443442916796549,59.913717245290215,201.62879028320313,207.34356687344163,195.91401369296463,0.056686116920224114,0.03549360304241023,0.034878224183440054,0.27458909767627504,10305555.0,0.990892775789368,0
2024-10-07,204.5828399658203,206.9106297822478,203.3801626203171,204.67983675803367,6718900,201.40767669677734,203.47362548828124,187.0483325958252,202.35463995674706,202.92108315042518,-0.5664431936781114,-0.7326450336600161,0.16620183998190474,56.64233958735218,201.40767669677734,206.18629479954782,196.62905859400686,0.04745219428715987,-0.0013730101538249606,-0.001373953595935492,0.26389100831349166,10194745.0,0.6590552289439314,0
2024-10-08,204.4082794189453,204.9708282984031,202.10960030086417,204.2433966990474,6021800,201.72008590698243,203.49659759521484,187.28151985168458,202.67058448939295,203.03124583698224,-0.3606613475892857,-0.65824829644587,0.2975869488565843,60.82562876635013,201.72008590698243,206.42108239797776,197.0190894159871,0.04660910657318534,-0.0008532511666382581,-0.0008536153926138403,0.1829686354891652,9075490.0,0.6635234020422038,1
2024-10-09,206.99790954589844,207.79324177053485,203.0794849747064,203.3898480577516,7024000,202.08148269653321,203.4876870727539,187.523155670166,203.3363268057784,203.32507277838343,0.011254027394983268,-0.5243478316776994,0.5356018590726827,60.32356518735252,202.08148269653321,207.2402734607469,196.92269193231954,0.051056541107832816,0.012668910155275714,0.012589330929556915,0.18580200090171958,8743755.0,0.8033161953874508,0
2024-10-10,206.4353790283203,208.34610048894507,205.106608749474,208.34610048894507,7927100,202.44511871337892,203.51360473632812,187.76245246887208,203.81310407078487,203.5554658339343,0.25763823685056764,-0.367950617972046,0.6255888548226136,57.43242410422649,202.44511871337892,207.7605300080072,197.12970741875063,0.0525121210964225,-0.00271756617645158,-0.0027212654629705305,0.1856930769035385,8687390.0,0.9124834961939087,1
2024-10-11,215.6009979248047,217.8705955254054,208.68555897315463,209.18020708117118,18320700,203.37693099975587,203.81615020751954,188.0428882598877,205.62662620217256,204.4477274702951,1.1788987318774673,-0.0585807480021433,1.2374794798796107,70.55582168988252,203.37693099975587,210.77368483656804,195.9801771629437,0.07273935938015552,0.04439945778493204,0.043442038678523524,0.2328959124654655,9092090.0,2.0150152495190876,0
2024-10-14,214.81539916992188,216.96859791284456,212.2936451428216,216.4836435076752,9048900,204.09883499145508,204.27303344726562,188.31461212158203,207.0402835818263,205.21570315174893,1.8245804300773614,0.3180514876137577,1.5065289424636037,68.51711418997837,204.09883499145508,212.94012355273264,195.2575464301775,0.0866373251140578,-0.0036437621460212455,-0.003650416817587989,0.22960750525265722,9112790.0,0.9929889748364661,1
2024-10-15,215.697998046875,218.66591634009174,215.14515777638977,216.92978625602393,9235800,204.79787216186523,204.82931640625,188.5864863586426,208.37223965337225,205.99216944027677,2.380070213095479,0.7304552327101019,1.649614980385377,72.69131481632527,204.79787216186523,214.95863695446562,194.63710736926484,0.09922724963245388,0.004108638767814643,0.004100221359735056,0.22932735914553137,9195915.0,1.0043372519210976,1
2024-10-16,216.910400390625,216.94919023024082,214.38863162622326,215.63982224842857,6382500,205.64043350219725,205.3049639892578,188.86536979675293,209.68580284371885,206.8009272884507,2.884875555268138,1.1613392972217094,1.7235362580464288,74.77862546668527,205.64043350219725,216.88372674700167,194.39714025739283,0.10934905216180928,0.0056208326212028314,0.0056050946875115795,0.22520864350670752,9102045.0,0.7012160454051809,1
2024-10-17,217.6669158935547,219.0538930763408,216.59031660888084,217.521435503585,6470200,206.37863006591797,205.79458526611327,189.1386577606201,210.91366638984744,207.60581533327323,3.307851056574208,1.590641649092209,1.7172094074819988,74.83166821794192,206.37863006591797,218.7475152489268,194.00974488290916,0.11986594909616517,0.003487686628060649,0.0034816187535232188,0.22204420568543987,8843795.0,0.7316089981732955,1
2024-10-18,218.58831787109375,219.12177061330635,216.38663578902958,218.2294563898017,7000500,207.13349380493165,206.23206939697266,189.4201049041748,212.09438200234686,208.41933403977845,3.6750479625684136,2.0075229117874502,1.6675250507809634,75.3093372687565,207.13349380493165,220.5580683304346,193.7089192794287,0.12962244086072883,0.004233082339392569,0.004224148050526088,0.22203806514995672,8149570.0,0.8590023768125189,0
2024-10-21,216.28964233398438,218.90839289110613,216.19264554312963,218.44284085419463,5870000,207.7565544128418,206.5900323486328,189.68467353820802,212.73980666875264,209.00231983934927,3.737486829403366,2.3535156953106338,1.3839711340927323,78.91786392090725,207.7565544128418,221.6825900487288,193.83051877695482,0.13406109545130382,-0.010516003597525025,-0.010571687488726195,0.2276400447671764,8081895.0,0.7263148061191095,1
2024-10-22,217.37596130371094,218.50105909355784,214.44684730551407,216.30907047510507,9586800,208.42670059204102,206.96220275878906,189.9505753326416,213.453061227977,209.62258957745013,3.8304716505268743,2.648906886353882,1.1815647641729923,79.51739753796463,208.42670059204102,222.866592688606,193.98680849547603,0.1385608662954231,0.005022519608447684,0.005009948830587924,0.2275623372965935,8195075.0,1.1698245592627279,0
2024-10-23,216.68731689453125,218.0354894619669,215.833792460598,216.92979408147747,6180500,209.1298942565918,207.28686065673827,190.2142253112793,213.9506390228315,210.14590271204875,3.8047363107827437,2.8800727712396545,0.9246635395430891,83.14581833776961,209.1298942565918,223.74852088433812,194.51126762884547,0.13980427503884268,-0.003167987872483957,-0.00317301656943994,0.225895732704572,8055275.0,0.7672612046143676,1
2024-10-24,218.21006774902344,218.28766222544806,214.98997837538428,215.15486108792416,6002200,209.9289878845215,207.59762878417968,190.4919702911377,214.60593574993794,210.74324827034317,3.8626874795947685,3.0765957129106773,0.7860917666840912,79.10336713153615,209.9289878845215,224.70550018162575,195.15247558741723,0.14077629245973958,0.007027411093162295,0.007002833915269888,0.22529320956373947,7965010.0,0.7535709308588439,0
2024-10-25,215.6204071044922,218.83080262847554,214.23344472630617,218.22946395257756,6369700,210.56389465332032,207.83134704589844,190.7550513458252,214.7620082660232,211.10451929509495,3.657488970928256,3.192774364514193,0.4647146064140628,71.86790702848859,210.56389465332032,225.16293066158966,195.96485864505098,0.13866609023646428,-0.011867741352382444,-0.011938725165439566,0.232159756971585,7931870.0,0.8030514872281064,1
2024-10-28,218.7144012451172,218.85018786454796,216.24113122011306,216.62910356108065,6843000,211.33614959716797,208.08028747558595,191.0370337677002,215.37006872434534,211.66821425435586,3.7018544699894846,3.2945903856092515,0.4072640843802331,75.40479522060377,211.33614959716797,225.9444992347904,196.72779995954554,0.13824752334579488,0.014349263978179927,0.014247287655611887,0.23543960934559685,7840830.0,0.8727392380653579,0
2024-10-29,216.19265747070312,219.92681213014208,216.1053692338975,218.43315914614644,6580000,212.16644134521485,208.2502590942383,191.31236442565918,215.49662083916962,212.00335819630752,3.4932626428621063,3.334324837059823,0.15893780580228345,66.36748596402117,212.16644134521485,225.81943191696033,198.51345077346937,0.12870075479590828,-0.011529847874936716,-0.011596831946150177,0.22837329895014388,7742825.0,0.8498190260014917,1
2024-10-30,217.65721130371094,219.5000318832495,214.91236795234585,215.8434720010865,7110900,213.05791091918945,208.46745208740234,191.60006942749024,215.829019372176,212.42216213018924,3.4068572419867564,3.34883131804521,0.0580259239415466,69.35434123542043,213.05791091918945,225.6020001839858,200.5138216543931,0.11775286081307905,0.006774299599912492,0.006751457135482031,0.22829282065540032,7807825.0,0.9107401869278576,0
2024-10-31,215.24215698242188,218.89871726600515,215.1451749831653,217.93850223567313,7829900,213.92791900634765,208.6348013305664,191.87998817443847,215.73873285067538,212.63105063776203,3.107682212913346,3.300601497018837,-0.19291928410549097,49.19325015522996,213.92791900634765,224.24439426117695,203.61144375151835,0.09644814293288376,-0.011095677955366146,-0.011157694157917059,0.22929081623334313,7836755.0,0.9991252757040382,1
2024-11-01,216.2314453125,219.34484391378845,215.9986618994674,216.83278396329408,6923500,214.49628524780275,208.78279846191407,192.16328079223632,215.81453476787914,212.8977465395945,2.916788228284645,3.223838843271999,-0.3070506149873542,53.15467643507489,214.49628524780275,223.924505809797,205.06806468580848,0.08791033887698385,0.00459616435714727,0.004585634246832228,0.1976208715368863,7672345.0,0.9023968551987691,0
2024-11-04,213.16653442382812,217.02676693348934,212.57488952061908,215.95016767681818,8229600,214.92546997070312,208.83710662841796,192.41747619628907,215.40715009956358,212.91765675324143,2.489493346322149,3.0769697438820294,-0.5874763975598802,44.860163431820375,214.92546997070312,223.15943976794824,206.691500173458,0.07662162886853299,-0.01417421450539924,-0.014275628130039974,0.20622248606303034,7747880.0,1.062174427069082,1
2024-11-05,214.82508850097656,215.28094678500298,213.37991917505954,213.40901525279463,5600700,215.4463104248047,208.90800506591796,192.68091735839843,215.31760216131943,213.0589479938144,2.2586541675050285,2.9133066286066294,-0.6546524611016009,45.84136428009345,215.4463104248047,222.0320208283846,208.8606000212248,0.06113551344271869,0.007780555618785989,0.0077504431893504555,0.2068388693745853,7726825.0,0.7248384685818561,1
2024-11-06,239.6256561279297,240.53737273122323,227.70548396691856,227.92855883805424,23987800,217.07769775390625,209.45544219970702,193.07369888305664,219.05730277156715,215.02685230004516,4.030450471521988,3.1367353971897014,0.8937150743322864,72.3539038806738,217.07769775390625,228.91921082479925,205.23618468301325,0.1090993058560749,0.11544539699719647,0.109253784339811,0.45101514823623995,8575015.0,2.7974061852953027,0
2024-11-07,229.2670440673828,237.2105994098778,228.14194632127268,237.14269869088656,16451100,218.2192810058594,209.77430603027344,193.40749130249023,220.62803220169263,216.08168131984797,4.54635088184466,3.4186584941206934,1.1276923877239664,59.118803570483905,218.2192810058594,230.1427984165878,206.29576359513098,0.10928014569352605,-0.04322830963900082,-0.0441904840569022,0.4850717725265125,9001215.0,1.8276532668089809,1
2024-11-08,229.84898376464844,232.1379691294592,228.6850961621216,232.1379691294592,9502100,218.93168029785156,210.08707122802736,193.7325651550293,222.04664013445506,217.1014815009443,4.945158633510772,3.7239585219987097,1.2212001115120623,61.92835510114118,218.93168029785156,231.85699691048077,206.00636368522234,0.11807625643803235,0.002538261439331002,0.002535045494553352,0.46301250225595697,8560285.0,1.1100214537249635,1
2024-11-11,232.08944702148438,234.81490290851687,231.80818000946172,232.7780887124302,9017100,219.79538269042968,210.39471008300782,194.07198677062988,223.59168734784419,218.21170116913245,5.379986178711732,4.055164053341314,1.3248221253704182,62.686065263844235,219.79538269042968,233.82404893359316,205.7667164472662,0.1276520559389742,0.009747544758040183,0.009700343923930554,0.4626782979035936,8558695.0,1.0535601514015864,1
2024-11-12,232.35133361816406,234.194169089919,231.57540367214264,233.31154859132423,6861000,220.62804946899413,210.79434692382813,194.41057327270508,224.93932523558573,219.2590813505422,5.680243885043524,4.380180019681756,1.3000638653617678,63.60574502990447,220.62804946899413,235.57929076349117,205.6768081744971,0.13553345851066143,0.0011283864908147034,0.0011277503412817644,0.4628119434389666,8439955.0,0.8129190262270356,1
2024-11-13,233.90318298339844,236.74500833825084,233.07875467792292,233.34063416784122,11472600,221.47768859863282,211.2437222290039,194.74004852294922,226.31838027371074,220.34382961964266,5.974550654068082,4.699054146559021,1.275496507509061,63.62413297937166,221.47768859863282,237.43673948264546,205.51863771462018,0.14411429869068224,0.0066788915779782965,0.006656686596565465,0.46287303228016663,8694460.0,1.319529907550325,1
2024-11-14,234.59182739257812,236.9390048192966,233.7965099040101,235.1252801712944,10172200,222.32393417358398,211.7396469116211,195.08206939697266,227.59121829199802,221.39923686208232,6.1919814299157,4.997639603230358,1.194341826685342,67.03242749329763,222.32393417358398,239.20069936342884,205.44716898373912,0.1518213974809206,0.002944142958621221,0.002939817457590058,0.46288754736612586,8879560.0,1.1455747807323786,1
2024-11-15,237.92831420898438,239.00491351851235,234.19417438377397,234.19417438377397,11518800,223.29093399047852,212.40197845458985,195.443775100708,229.18154074076517,222.62361296185284,6.55792777891233,5.309697238366752,1.2482305405455776,67.17535157418979,223.29093399047852,241.4351503504609,205.14671763049614,0.16251637301813676,0.014222519400996836,0.014122328235012152,0.46427189755600085,9105475.0,1.2650410879168852,0
2024-11-18,237.65673828125,240.46946771808433,235.37744681373624,240.30458500761375,9051400,224.3592887878418,212.97501098632813,195.79935737609864,230.48541728545513,223.73717780032672,6.748239485128408,5.597405687719084,1.1508337974093248,69.99098986430792,224.3592887878418,243.26787997564387,205.45069760003972,0.16855634807866038,-0.0011414191229709436,-0.0011420710378974089,0.46139828119763093,9264545.0,0.9769934735057145,0
2024-11-19,235.77511596679688,237.77312563640768,234.28146299425183,234.96039616359047,6792700,225.27924652099608,213.7273114013672,196.14662757873535,231.29921708258462,224.62887692376896,6.670340158815662,5.8119925819384,0.8583475768772626,66.74437816184768,225.27924652099608,244.54425817246644,206.01423486952572,0.17103228059380832,-0.00791739518122292,-0.007948904177429968,0.46370851980013844,9124840.0,0.7444185322701549,0
2024-11-20,233.5346221923828,237.24937439416908,231.4590181077945,237.04568704958282,9015300,226.12161178588866,214.4026043701172,196.47983596801757,231.6431255610151,225.28856175848108,6.354563802534017,5.920506826057523,0.43405697647649344,66.96042870809498,226.12161178588866,245.27779308402336,206.96543048775396,0.16943255575476274,-0.009502672770308696,-0.009548111252329827,0.46563100026146037,9266580.0,0.9728831996270468,1
2024-11-21,237.3948516845703,238.10289570204407,234.8245995104416,235.9108925350345,8783500,227.08085098266602,215.16724822998046,196.830772857666,232.52800650310053,226.1853239752284,6.342682527872114,6.004941966420441,0.33774056145167286,68.63046882534817,227.08085098266602,246.48864757761353,207.6730543877185,0.17093292112445876,0.016529581164232976,0.016394454660608227,0.46763019556185587,9405645.0,0.933854084435464,1
2024-11-22,241.07081604003906,241.6527523940075,235.71691574566026,236.2794645809059,7997300,228.35337142944337,216.04936950683594,197.20309181213378,233.84228489339876,227.28795301706623,6.554331876332526,6.114819948402859,0.43951192792966687,74.30310159955921,228.35337142944337,247.93391162874914,208.7728312301376,0.17149333138140918,0.015484600147744887,0.015365937125427762,0.46491541082566695,9487025.0,0.8429723754285459,1
2024-11-25,242.75845336914062,246.65749066946253,241.56546975622135,242.07952020730173,10295400,229.55557403564453,216.8969921875,197.5828482055664,235.21400312043596,228.43391600610877,6.780087114327188,6.247873381587725,0.5322137327394625,74.3161130157229,229.55557403564453,249.59148496002922,209.51966311125983,0.17456261742765256,0.007000587449047524,0.006976197101744185,0.46389182181107197,9659645.0,1.0658155656859025,0
2024-11-26,242.44808959960938,243.44709442063177,240.8671336131068,242.95244628971668,6212100,230.86834564208985,217.71160888671875,197.95733566284179,236.32693950184725,229.47200293896066,6.854936562886593,6.369286017847498,0.48565054503909444,54.283193586706595,230.86834564208985,250.65675923153862,211.07993205264108,0.17142595737335348,-0.0012784880000009657,-0.0012793059630289772,0.4602801339715237,9641250.0,0.6443251653053287,0
2024-11-27,242.2734832763672,243.63136431157088,241.2841870760072,241.8467358877818,5472300,232.09915924072266,218.55589508056642,198.33824150085448,237.24179239023493,230.4202607417315,6.821531648503424,6.459735143978683,0.3617965045247402,78.5682972639267,232.09915924072266,251.4858409713778,212.71247751006752,0.16705516550836066,-0.0007201802395331303,-0.0007204396938985876,0.46090861677393863,9559320.0,0.5724570366929865,0
2024-11-29,242.2056121826172,244.19392806320383,241.94373267843793,242.34139881448183,5494800,233.44733200073242,219.34194763183595,198.7103727722168,238.00545697367838,231.29324973735265,6.712207236325725,6.510229562448092,0.2019776738776322,77.76808517058532,233.44733200073242,251.60968030479492,215.2849836966699,0.1556012497414665,-0.0002801424771384786,-0.0002801817243722766,0.4572495339629301,9442565.0,0.5819181546539526,0
2024-12-02,238.84002685546875,242.7196618094662,237.65673701052887,242.04072865244322,8899700,234.57776107788087,220.0489273071289,199.04737594604492,238.1338523401077,231.85227026462053,6.281582075487165,6.4645000650559075,-0.18291798956874228,64.43985607340466,234.57776107788087,250.9550480518122,218.20047410394952,0.1396320512113168,-0.013895571191847034,-0.013993018417601144,0.46283669933732285,9541375.0,0.9327481626075906,0
2024-12-03,237.4530792236328,241.54608073886425,237.26879418392127,240.76045697978563,6657700,235.7920883178711,220.72142028808594,199.38144744873046,238.02911801449616,232.26714500232515,5.761973012171012,6.323994654478929,-0.5620216423079167,60.411777601729916,235.7920883178711,248.72396468816197,222.86021194758024,0.1096888064612025,-0.005807015055626419,-0.005823941326770599,0.45908877137461296,9462780.0,0.7035670278713021,0
2024-12-04,236.07579040527344,237.96712436015684,234.94099891212346,237.33667477531787,7346300,236.85462341308593,221.36347534179689,199.70529655456542,237.72860607461575,232.54926688402503,5.179339190590724,6.095063561701289,-0.9157243711105645,54.46573293923412,236.85462341308593,245.2180093384632,228.49123748770867,0.07062041521385976,-0.005800256719611707,-0.005817143538870045,0.4608340864106579,9550060.0,0.7692412403691704,1
2024-12-05,238.09320068359375,239.74204263244474,237.25907854952092,238.00591244621754,6572500,236.77800064086915,222.07287048339845,200.03365715026857,237.78469755292005,232.95992864695603,4.824768905964021,5.841004630553836,-1.0162357245898148,56.824202713907255,236.77800064086915,245.0621973273145,228.4938039544238,0.06997437822790235,0.008545604252164107,0.008509297272898586,0.20850578405844256,8679295.0,0.7572619665537351,1
2024-12-06,239.9166259765625,240.28519603281265,237.47245181338516,238.30657391988672,5519700,237.31047973632812,222.82663909912108,200.36079322814942,238.11268654117274,233.4752395602602,4.637446980912529,5.600293100625574,-0.9628461197130456,54.118118507862306,237.31047973632812,244.9020043127111,229.71895515994512,0.06397968252238853,0.007658451764827712,0.007629274695875496,0.13442967537236392,8132725.0,0.6787024029461219,0
2024-12-09,236.47344970703125,240.4112768597183,236.4249513096585,239.69355385728022,7076500,237.64170303344727,223.4976626586914,200.66632904052733,237.86049625899713,233.69732920076177,4.163167058235359,5.312867892147532,-1.1497008339121724,47.833806342041164,237.64170303344727,244.39418305043506,230.88922301645948,0.05682908286545481,-0.014351553401170336,-0.014455532988406896,0.14683996086845388,8011445.0,0.8832988306104579,0
2024-12-10,235.55203247070312,240.498572865486,234.93129148152076,236.55103726892423,9108300,237.8148323059082,224.14331726074218,200.97026016235353,237.50534798387497,233.83471462816482,3.6706333557101516,4.984420984860056,-1.3137876291499042,49.57673048327999,237.8148323059082,244.13140427165882,231.49826034015757,0.05312176624564303,-0.0038964934011394003,-0.0039041045090730552,0.14459921962982325,8016005.0,1.1362642613122123,1
2024-12-11,236.20187377929688,236.919611573279,234.89249106315413,236.6577320701239,7884400,238.00735931396486,224.8756182861328,201.27701156616212,237.30481349086295,234.01005975047087,3.294753740392082,4.646487535966461,-1.3517337955743791,55.38582697544409,238.00735931396486,243.8388729924078,232.1758456355219,0.04900280138607283,0.0027588015343258387,0.002755003025989583,0.1447670274284989,8067175.0,0.977343369890947,0
2024-12-12,234.2620391845703,236.75471156288182,233.78677860981603,235.68780610920146,6113800,238.02530212402343,225.56430267333985,201.56963180541993,236.83669436681794,234.0287248937375,2.8079694730804476,4.278783923389259,-1.4708144503088114,43.142240262082716,238.02530212402343,243.80562886027155,232.2449753877753,0.04856901081244111,-0.008212613065631813,-0.008246522355854177,0.14647082138918954,7799235.0,0.7838973950650289,0
2024-12-13,232.71990966796875,235.4162548301433,231.94397970195718,234.7858200575525,10392700,237.93170623779298,226.26186096191407,201.84653511047364,236.20334287468728,233.93177561775462,2.2715672569326557,3.8773405900979387,-1.605773333165283,29.836068231339283,237.93170623779298,243.99958678647988,231.86382568910608,0.05100522872409916,-0.006582925351326541,-0.006604688366532539,0.14792862161436662,7810260.0,1.3306471231431476,0
2024-12-16,232.37074279785156,233.42793979570948,230.37273311760396,233.3697476379754,9032000,237.65382766723633,226.81199340820314,202.12536209106446,235.61371209363563,233.81614355702106,1.7975685366145626,3.4613861794012637,-1.663817642786701,23.184789947147053,237.65382766723633,244.21160410445222,231.09605123002044,0.055187635743852714,-0.0015003738640813058,-0.0015015005520571285,0.1375356585477847,7685920.0,1.1751358327955534,0
2024-12-17,231.1874542236328,231.8275975615697,229.50951620113162,231.46872125413844,8083600,237.33036346435546,227.34408569335938,202.39164840698243,234.93274934440444,233.62142582862194,1.3113235157825045,3.0313736466775123,-1.7200501308950078,22.184958453284736,237.33036346435546,244.49742916770998,230.16329776100093,0.060397376877829985,-0.005092244229937926,-0.005105253889956931,0.1382472643176321,7637530.0,1.0584050079017693,0
2024-12-18,223.4378662109375,231.87608388142587,222.62314644125652,231.80818316746954,11322400,236.7135009765625,227.72467742919923,202.6102749633789,233.1643057854095,232.86708807916384,0.2972177062456751,2.4845424585911453,-2.18732475234547,16.143658876815465,236.7135009765625,246.19439306053403,227.23260889259097,0.08010436282559354,-0.03352079825749954,-0.0340954997142824,0.17842959318326113,7864015.0,1.4397734490587824,1
2024-12-19,225.94993591308594,229.24761955351914,225.28069654614558,225.28069654614558,11790800,236.33426666259766,228.10371795654297,202.83679176330565,232.05440272812896,232.35470643723212,-0.3003037091031615,1.9275732250522841,-2.2278769341554456,23.141030941974478,236.33426666259766,246.89574018534964,225.77279313984567,0.08937742014220948,0.01124281100937874,0.01118008035108385,0.18295916279200744,8002790.0,1.4733361740093143,1
2024-12-20,230.4503173828125,232.0118710112261,224.6211565141942,224.941228167182,32348400,235.98703994750977,228.5840167236328,203.0937213897705,231.80762036731105,232.2136405813492,-0.4060202140381648,1.4608545372341943,-1.8668747512723591,36.638873309531746,235.98703994750977,246.85391016774042,225.12016972727912,0.09209717807086146,0.019917604541643597,0.019721844172177285,0.18774120054193472,9181035.0,3.5233936043158534,1
2024-12-23,231.21653747558594,231.43961233565523,227.81216322118433,228.96635695747324,8611500,235.49432601928712,228.89632751464845,203.3528140258789,231.71668453781487,232.13978109203342,-0.42309655421854586,1.0840643189436463,-1.5071608731621922,39.86759787117368,235.49432601928712,246.2839867524072,224.70466528616703,0.09163414605782398,0.0033248819158735454,0.003319366717537226,0.17792774634995642,9211745.0,0.9348391645665398,1
2024-12-24,235.01858520507812,235.19317647466937,231.8760903487652,232.2252432886818,3729100,235.107332611084,229.30039123535155,203.63058334350586,232.22466925585536,232.35302584114785,-0.12835658529249372,0.8415801380964183,-0.969936723388912,48.40782334732822,235.107332611084,245.3408503393786,224.8738148827894,0.0870540073305408,0.016443666923667388,0.016309933882287568,0.1871965304426604,8883430.0,0.4197815483433764,1
2024-12-26,235.8236083984375,235.93999271034167,233.54431695942878,234.16505795563904,4451800,234.7761085510254,229.70290344238282,203.9049909210205,232.778352200868,232.61010603057673,0.16824617029126898,0.7069133445353885,-0.5386671742441195,46.45238844843871,234.7761085510254,244.4211274943644,225.1310896076864,0.08216354724392919,0.0034253597121134405,0.0034195065298960855,0.1880305858519013,8795415.0,0.506150079331106,0
2024-12-27,233.91290283203125,236.06610154566872,232.81690115537214,235.41626442753616,5730200,234.3580795288086,230.04295349121094,204.16250587463378,232.9528984518162,232.70660949735114,0.24628895446505794,0.6147884665213225,-0.3684995120562645,40.641085411453524,234.3580795288086,243.33659054773062,225.37956850988655,0.07662215902241465,-0.008102265839211475,-0.008135267575182901,0.18953955361057948,8808310.0,0.650544769655019,0
2024-12-30,232.11856079101562,233.59281138216528,229.97505601890364,231.58510803780834,5723800,233.8537269592285,230.33198638916016,204.42729995727538,232.82453881169303,232.66305033391887,0.16148847777415654,0.5241284687718892,-0.3626399909977327,42.84348761937049,233.8537269592285,242.0776859327437,225.62976798571333,0.07033421344573222,-0.007670983598130565,-0.00770055692757133,0.19062486958329453,8819760.0,0.6489745752718895,1
2024-12-31,232.496826171875,234.17476411638413,231.83728054536303,232.8265915853147,4871000,233.53656692504882,230.6101565551758,204.6828813934326,232.77412148249027,232.65073743302673,0.12338404946353876,0.44397958491021916,-0.3205955354466804,44.88803649498623,233.53656692504882,241.43360586427883,225.6395279858188,0.06762999938904206,0.0016296214295414835,0.0016282950373555712,0.1857388214727405,8618325.0,0.5651910319000502,1
2025-01-02,232.77809143066406,235.9593908295792,232.24463867787563,233.67040567185904,9220900,233.30281753540038,230.9399255371094,204.9286222076416,232.7747322437478,232.66017106248137,0.11456118126642423,0.3780959041814602,-0.263534722915036,44.19979620018292,233.30281753540038,240.98559054059018,225.62004453021058,0.06586095347111742,0.0012097595628299818,0.001209028393363478,0.18513934326963274,8746485.0,1.0542406463853766,1
2025-01-03,235.95941162109375,237.51127162055965,233.0302829019279,236.55105658093132,9491100,233.2969985961914,231.31159454345703,205.18488456726075,233.26468291718564,232.90455925200823,0.36012366517741157,0.37450145638065047,-0.014377791203238899,52.759433482518716,233.2969985961914,240.97109983116644,225.62289736121636,0.06578825515246317,0.013666750899438806,0.013574203124226065,0.19114369693272007,8853725.0,1.0719894733572592,0
2025-01-06,234.80899047851562,239.52758971131513,234.5457584708976,237.58749766624487,9917800,233.1327880859375,231.6740280151367,205.4232900238037,233.5022686958518,233.04562823174953,0.45664046410226433,0.39092925792497324,0.06571120617729109,53.440050011507864,233.1327880859375,240.5095575191689,225.7560186527061,0.06328384345930933,-0.0048755043703256895,-0.0048874284146996575,0.1891535276729671,9020990.0,1.099413700713558,1
2025-01-07,237.07080078125,239.1083757665875,234.85773282590426,236.0666364630763,8753400,232.99049682617186,232.05124267578125,205.65999443054199,234.0512736320669,233.34378916134216,0.7074844707247507,0.45424030048492875,0.253244170239822,57.28087273181111,232.99049682617186,239.91204222628335,226.06895142606038,0.059414830170309206,0.00963255409481989,0.009586456832134507,0.19042584411139854,9182675.0,0.9532516396365983,0
2025-01-08,237.03179931640625,238.12370262953496,234.4677604192555,236.66132574542317,8675300,233.01841430664064,232.47947052001953,205.90813201904297,234.5098160450422,233.61697509875432,0.8928409462878619,0.5419604296455154,0.35088051664234654,59.386256020569554,233.01841430664064,240.0033241057123,226.03350450756898,0.05995156923417962,-0.00016451399630501573,-0.0001645275302168715,0.18329129862285115,9262615.0,0.9365929599794443,0
2025-01-10,233.8535614013672,237.69474046339533,232.75191424539267,236.99279835682842,10256800,232.93349075317383,232.78225372314452,206.148956451416,234.4088537921691,233.63450001005899,0.7743537821101256,0.5884391001384375,0.18591468197168814,69.60703943048493,232.93349075317383,239.8294330039767,226.03754850237095,0.059209538555450636,-0.013408487486510356,-0.013499192983044975,0.18911561064307464,9320040.0,1.1005102982390633,1
2025-01-13,238.084716796875,238.4064266263034,233.00538778135987,233.65858101637204,10005300,233.02763290405272,233.22009490966798,206.4065998840332,234.9743711775085,233.96414569797128,1.0102254795372119,0.6727963760181924,0.33742910351901945,71.4545549703756,233.02763290405272,240.15884140880735,225.8964243992981,0.06120483151189922,0.01809318348693356,0.017931449780962967,0.1999231571323302,9426085.0,1.0614480985478065,1
2025-01-14,241.26295471191406,241.50668420793562,236.11538894602398,236.57360158862997,12407400,233.37767868041993,233.69220977783203,206.66207267761231,235.94184556741703,234.5047982175226,1.437047349894442,0.8256465707934424,0.6114007791009997,70.05455863765854,233.37767868041993,241.39612144181572,225.35923591902414,0.06871644971990654,0.013349189136531603,0.013260873801813703,0.20213732743854768,9740765.0,1.2737603258060326,1
2025-01-15,246.0205535888672,247.3074375627741,237.5680017698704,244.11945166267157,18448500,234.04271087646484,234.30777770996093,206.93761627197264,237.49241603225553,235.3578171339185,2.134598898337032,1.0874370363021604,1.0471618620348715,73.91645820001163,234.04271087646484,243.84032105715724,224.24510069577244,0.0837249760439144,0.01971955820003135,0.019527646551294128,0.20952667907488567,10143555.0,1.8187410626747722,1
2025-01-16,247.8924102783203,250.59293737173945,246.00106693044077,247.62917824638126,15292300,234.81879425048828,234.94099700927734,207.22900047302247,239.09241514703473,236.28630551498532,2.806109632049413,1.431171555451611,1.374938076597802,72.18153280699126,234.81879425048828,246.3622145513211,223.27537394965546,0.09831768651804852,0.007608537832092033,0.007579738894412417,0.2095038276187661,10456570.0,1.4624585308566767,1
2025-01-17,252.6597442626953,254.08311616597211,245.81581595917703,247.76565189599165,17678100,235.8924087524414,235.7308612060547,207.54460258483886,241.17969654944406,237.4991528296305,3.6805437198135564,1.8810459883240003,1.7994977314895562,75.52356511444248,235.8924087524414,249.77158685733025,222.01323064755258,0.11767380034220955,0.019231464081625127,0.019048876710924482,0.21428460776398353,10936295.0,1.6164615164459262,1
2025-01-21,256.43267822265625,257.6220793628749,252.9912189012906,253.54692929719334,13712100,237.54214935302736,236.56301300048827,207.8817381286621,243.52630911455364,238.90163619207684,4.624672922476805,2.4297713751545613,2.1949015473222433,82.31534445475016,237.54214935302736,252.94791851933098,222.13638018672373,0.12970977326140196,0.014932865427260689,0.014822467870046898,0.1630437389349041,11055780.0,1.2402652730065178,0
2025-01-22,256.2474060058594,256.7738699793231,253.72237232606903,256.3058986971185,9021900,239.05702285766603,236.89544799804688,208.22513748168944,245.4834009439853,240.1865080301348,5.296892913850485,3.003195682893746,2.293697230956739,86.30066985909544,239.05702285766603,255.581101406294,222.53294430903804,0.1382438244323521,-0.0007224984665800127,-0.0007227595943809841,0.1644017528478132,10917335.0,0.8263829954837879,1
2025-01-23,259.27947998046875,260.1666292674806,257.1931409703937,258.0510736566997,10749700,240.49848098754882,237.4956967163086,208.5750690460205,247.6058746419058,241.60080224867806,6.005072393227749,3.603571024960547,2.401501368267202,87.31367905475788,240.49848098754882,258.79591209044264,222.201049884655,0.15216255028106498,0.011832603583663337,0.011763145704692843,0.1579378513924604,9837400.0,1.092737918555716,0
2025-01-24,258.1972961425781,260.4006204848565,256.4132091788652,257.0761463209556,7666300,241.84751892089844,238.06266296386718,208.91465240478516,249.2353241035477,242.83017216674475,6.405151936802952,4.1638872073290285,2.241264729473923,84.64103866159779,241.84751892089844,261.21094860952184,222.484089232275,0.16012923990307007,-0.004173812127254095,-0.004182546794135702,0.16179179970370663,9790140.0,0.7830633678374365,1
2025-01-27,259.18194580078125,259.29893119572284,255.68199389214797,257.54409076732867,7522300,243.0556869506836,238.60451293945312,209.26553436279298,250.76557359542977,244.04141465815488,6.724158937274893,4.675941553318202,2.0482173839566915,83.66290381231204,243.0556869506836,263.6041204368839,222.5072534644833,0.16908416128004108,0.00381355526534799,0.0038063020978554305,0.15667747974927768,9979800.0,0.7537525802120283,1
2025-01-28,260.4395751953125,260.62478221944906,258.18748753394436,259.18192280699503,7375400,244.28648529052734,239.1662777709961,209.630757522583,252.25388153387325,245.25609321646286,6.9977883174103965,5.140310906136641,1.8574774112737558,87.03844335545418,244.28648529052734,265.93064280169165,222.64232777936303,0.17720306946512526,0.004852303236807742,0.004840568757647929,0.1565749896697574,10125980.0,0.7283640694530307,0
2025-01-29,259.89361572265625,263.89078529426916,258.94794411487567,260.50781879552153,7684900,245.58552093505858,239.68608642578124,209.99344245910643,253.42922525522448,246.34035414284756,7.088871112376921,5.530022947384698,1.5588481649922237,84.70187379297609,245.58552093505858,267.72123543702855,223.44980643308858,0.18026888896127916,-0.0020962999661123805,-0.002098500278433885,0.15125875789442972,10223715.0,0.7516739267477625,1
2025-01-30,261.5022277832031,262.935358224664,259.9325945605879,261.8921889760082,8753500,247.05470428466796,240.22429443359374,210.4247597503662,254.67122564414427,247.46345589398499,7.207769750159287,5.865572307939615,1.3421974422196712,85.51201084164467,247.05470428466796,269.3270112127018,224.78239735663414,0.18030263372253488,0.006189502024026128,0.006170425731075486,0.14325631657307183,10375200.0,0.8436945793816023,0
2025-01-31,260.5955810546875,264.02731160822725,260.26411249024557,262.4771954897471,7193800,248.4596420288086,240.67763977050782,210.85106437683106,255.582664938074,248.4362059058889,7.146459032185106,6.121749652788714,1.0247093793963922,91.5479147631987,248.4596420288086,270.40795879805097,226.51132525956623,0.1766751057839606,-0.003467070763417235,-0.0034730949815473624,0.1464332557299801,10491340.0,0.6856893399699181,0
2025-02-03,260.11785888671875,261.4437627852604,255.13604238526239,255.262756728444,8381400,249.82663040161134,241.12686218261717,211.28499870300294,256.28038708401937,249.30151353409852,6.9788735499208485,6.2931744322151415,0.685699117705707,88.75156727697434,249.82663040161134,271.0564046259636,228.5968561772591,0.16995605464656913,-0.0018331936636657442,-0.001834876019540486,0.14807684541688199,10449365.0,0.8020965867303899,1
2025-02-04,261.2195129394531,263.07185105882786,260.13733856440666,263.07185105882786,5626000,251.0896354675293,241.6357501220703,211.72789253234862,257.04025260023997,250.18432830486552,6.85592429537445,6.405724404847003,0.4501998905274469,87.86517530557094,251.0896354675293,271.84604282102015,230.3332281140384,0.16533065823161047,0.0042352111364032385,0.004226267871901995,0.14502296383696126,10256110.0,0.5485510588322473,1
2025-02-05,263.6470642089844,263.8518184078893,261.59973048488587,262.1651995788102,5704400,252.53153915405272,242.23799896240234,212.17731575012206,258.0566851554314,251.18156800146693,6.8751171539644815,6.499602954670499,0.3755141992939821,86.68814484558642,252.53153915405272,272.5182874484837,232.54479085962174,0.15829110582689154,0.00929314675697257,0.009250231144481359,0.1407047470659912,10045440.0,0.5678596457696228,1
2025-02-06,269.9548034667969,270.0328135723906,264.38802970359865,265.6164359735269,7264400,254.17573928833008,242.88919799804688,212.63646759033202,259.8871648956415,252.57217803593582,7.3149868597056695,6.662679735677534,0.6523071240281357,88.76312920873278,254.17573928833008,274.2175421105199,234.13393646614026,0.1577003602177385,0.023924936455247403,0.02364321968750626,0.15429605213426234,9970990.0,0.7285535338015583,0
2025-02-07,268.8823547363281,271.56337905921515,267.8196977567854,270.3154852917386,6857900,255.76826705932618,243.44542877197264,213.07295272827147,261.27104025574715,253.7803392730019,7.490700982745238,6.828283985091075,0.6624169976541632,82.75564384890254,255.76826705932618,275.124200749695,236.41233336895738,0.15135523974816734,-0.003972697343022635,-0.003980609467047045,0.1570647711359667,9880120.0,0.6941110027003721,0
2025-02-10,264.2417907714844,269.2528539667919,262.8281477293246,269.2236076160228,8627400,257.28767852783204,243.87509552001953,213.47314910888673,261.7280787966298,254.55526160622284,7.17281719040696,6.897190626154253,0.2756265642527067,65.23390012942525,257.28767852783204,273.9892186943541,240.58613836130996,0.12982774971647462,-0.017258715133592117,-0.01740938282795236,0.16393950594628626,9798650.0,0.8804682277660698,1
2025-02-11,268.0926818847656,269.29184169342403,262.89638221818285,263.4813389480683,7196400,258.78807678222654,244.38798736572267,213.88809410095215,262.70724850249684,255.55803347870747,7.149215023789367,6.947595505681276,0.20161951810809065,70.21631655593542,258.78807678222654,273.4989200336889,244.0772335307642,0.1136902706985353,0.014573361397673512,0.014468190530469783,0.16099605783278365,9658205.0,0.7451073983209096,1
2025-02-12,268.5411682128906,269.51608618824747,266.3963367662514,267.205505594858,6683900,260.15198745727537,244.91334106445314,214.3038914489746,263.60477461178823,256.51974716272105,7.085027449067184,6.975081894358458,0.1099455547087258,67.33571493037428,260.15198745727537,272.95601775072095,247.3479571638298,0.09843499885272548,0.0016728779203223354,0.00167148021862661,0.15925388925115885,9372030.0,0.7131752672580006,1
2025-02-13,269.38934326171875,270.02303399802724,266.9422896122563,268.5899033779397,8398700,261.32042694091797,245.45701568603516,214.72335441589357,264.4947082502391,257.4730505774616,7.021657672777508,6.9843970500422685,0.037260622735239224,71.13403368850523,261.32042694091797,272.9013228555424,249.73953102629358,0.08863368279466906,0.0031584544540139703,0.003153477014667987,0.15011582984248362,8869540.0,0.9469149471111241,1
2025-02-14,269.6525573730469,272.22635509125433,269.516084328549,270.41299219849265,5688600,262.4084342956543,246.07326629638672,215.14513999938964,265.28822349990185,258.3752362660235,6.912987233878368,6.970115086809489,-0.05712785293112077,70.32552738991606,262.4084342956543,272.6937741881858,252.12309440312274,0.07839183919632006,0.000977076925691156,0.000976599896735833,0.15019264193235266,8389355.0,0.6780735825340566,1
2025-02-18,272.9283142089844,272.9478018588014,269.09686374213265,269.81832331528267,7919800,263.42186279296874,246.78277099609375,215.59068626403808,266.46362207052994,259.45324203957614,7.010380030953797,6.978168075638351,0.03221195531544652,72.4816375412709,263.42186279296874,273.656830707423,253.18689487851447,0.07770780910845085,0.012148065154100163,0.012074869603901878,0.14274661679349893,7901440.0,1.0023236270856957,0
2025-02-19,272.245849609375,273.2207676026046,270.26676727320427,271.39767571560697,7007200,264.2125213623047,247.50617218017578,216.0322451019287,267.3531955380446,260.400842600302,6.952352937742603,6.973005048059202,-0.020652110316598637,72.12716128482055,264.2125213623047,274.6159157669664,253.80912695764303,0.07875019965761501,-0.0025005269298912225,-0.002503658468775571,0.1382237025407182,7566195.0,0.9261194034782344,0
2025-02-20,260.1081237792969,271.74864767378955,259.0747130267057,271.69015497097405,13846700,264.4055572509766,247.94647064208985,216.4140739440918,266.23856911362185,260.379159724672,5.859409388949871,6.750285916237336,-0.8908765272874648,48.18669837953186,264.4055572509766,274.3183685437761,254.49274595817707,0.07498186797481092,-0.04458369465500989,-0.04560811166050834,0.2184361760301044,7807435.0,1.7735274132925858,0
2025-02-21,257.6123046875,262.44791904906305,256.2474255338871,261.5899865090395,12835600,264.32219848632815,248.3003842163086,216.78893615722657,264.9114515096031,260.1742074996963,4.737244009906817,6.347677534971233,-1.6104335250644155,46.27371903850699,264.32219848632815,274.44237968126,254.20201729139634,0.07657458399548894,-0.009595313885369383,-0.009641645525609527,0.21737309773386604,7911730.0,1.622350611054725,0
2025-02-24,254.7850341796875,260.3030729288853,252.12349766706268,258.8309374152343,10372800,264.1515853881836,248.66661590576172,217.14251983642578,263.35354115115456,259.77500947599196,3.578531675162594,5.793848363009506,-2.2153166878469115,43.7082883272125,264.1515853881836,274.80741372115074,253.49575705521644,0.08067964700880283,-0.010974904755586712,-0.011035573318948942,0.2203292615023196,8047055.0,1.2890181563317262,0
2025-02-25,250.94387817382812,256.40342472680305,246.99547231748238,255.65274860472138,9608400,263.73968200683595,248.97445281982422,217.47809593200682,261.44436223156583,259.12085160175764,2.3235106298081973,5.099780816369244,-2.776270186561047,38.61280731135202,263.73968200683595,275.75458189921136,251.72478211446057,0.09111180995557565,-0.015076066057908233,-0.015190865216279862,0.22548461165429956,8151360.0,1.178748086208927,1
2025-02-26,252.29905700683594,254.3658785658787,250.4856939158862,250.70993578394783,5943600,263.3326560974121,249.296396484375,217.80175354003907,260.037392196992,258.6155334836153,1.4218587133767073,4.364196395770738,-2.9423376823940304,37.11826517663859,263.3326560974121,276.32968762786777,250.33562456695645,0.09871188574232731,0.0054003263314081895,0.005385796854968441,0.22569820630200896,8079770.0,0.7356149989418016,1
2025-02-27,252.55250549316406,257.02740546326555,251.39235064938032,253.65416763491982,8204400,262.9656005859375,249.66220581054688,218.11781051635742,258.8858711656339,258.1664202991374,0.7194508664964587,3.635247289915882,-2.9157964234194234,27.097779293243903,262.9656005859375,276.7616602007114,249.16954097116368,0.10492672489507068,0.0010045558209170746,0.001004051592373964,0.22585593392912043,8105745.0,1.0121709972371449,1
2025-02-28,258.01202392578125,258.168014364657,251.42159895805173,254.19036230579462,10467100,262.7910903930664,250.1680480957031,218.4550774383545,258.7514331287335,258.15498353074065,0.5964495979928301,3.0274877515312717,-2.4310381535384415,37.175064106857,262.7910903930664,276.7523968834936,248.82978390263915,0.10625403220135642,0.021617360009777986,0.021387018553616785,0.23893301392896701,8191425.0,1.277811858132132,0
2025-03-03,254.08311462402344,259.64015891107533,251.35335622990308,257.3783420975841,9058300,262.4654670715332,250.60229553222655,218.77289161682128,258.033230281855,257.85336361172455,0.17986667013047963,2.4579635352511136,-2.278096865120634,37.809982953432296,262.4654670715332,276.9368460452696,247.99408809779686,0.11027263232151059,-0.015227620953386256,-0.015344751777144814,0.24441299767807145,8284650.0,1.0933835466797028,0
2025-03-04,243.9732208251953,250.7781589340054,239.7810705990394,248.87705700074721,13465600,261.65823516845705,250.8580108642578,219.02683059692382,255.87015190390738,256.8252048867964,-0.9550529828890433,1.7753602316230823,-2.730413214512126,24.83730214951234,261.65823516845705,278.31683992961996,244.99963040729415,0.12733101826845236,-0.039789711385536664,-0.040602967868277606,0.28031677765346236,8538860.0,1.5769786599147895,1
2025-03-05,245.22109985351562,246.70297923682514,241.61390657436039,244.94812402975685,7861400,260.85831451416016,251.29367553710938,219.28413291931153,254.2318362038471,255.96564155099787,-1.7338053471507635,1.073527115868313,-2.8073324630190766,26.070401655448507,260.85831451416016,279.06969189436484,242.64693713395548,0.13962658168763192,0.0051148196679109414,0.005101783410966749,0.2806371292315246,8650630.0,0.9087661823474128,0
2025-03-06,240.35626220703125,243.10553793634068,237.7337454462382,241.88689051222846,9983200,259.6937744140625,251.5818020629883,219.51538536071777,252.0971325120293,254.80939122922257,-2.712258717193265,0.3163699492559975,-3.0286286664492623,22.476877366869473,259.6937744140625,280.01121164858574,239.37633717953923,0.15647227031425562,-0.0198385768981153,-0.0200380034310465,0.282749039369448,8864570.0,1.126191118125301,0
2025-03-07,236.20310974121094,240.53174763621962,233.414843927151,239.07911459680213,20498700,258.0061897277832,251.69685791015624,219.71475128173827,249.6518982395957,253.4311481560365,-3.77924991644079,-0.50275402388336,-3.27649589255743,20.46824182453406,258.0061897277832,280.25055262355045,235.76182683201594,0.17243278480440183,-0.017279152320329394,-0.017430179144909675,0.2651660999206849,9526285.0,2.1518041922953177,0
2025-03-10,226.39544677734375,231.55275617002158,222.9637314395914,230.28537474013976,18887200,255.881844329834,251.6004360961914,219.90922637939454,246.07398263001846,251.42850360946665,-5.354520979448182,-1.4731074149963244,-3.881413564451858,13.165575411588051,255.881844329834,281.5970731588995,230.1666155007685,0.20099299265576914,-0.0415221585126998,-0.04240883466945086,0.2924719577479121,10127750.0,1.864895954185283,0
2025-03-11,223.39271545410156,227.4678805305205,221.0041692701968,225.93725209212354,18143000,253.83939056396486,251.36791870117187,220.06980155944825,242.58455691064663,249.3517785609211,-6.767221650274479,-2.5319302620519553,-4.235291388222524,12.699093609268445,253.83939056396486,283.0149721460657,224.66380898186404,0.22987434312129656,-0.013263214282729474,-0.013351956251910501,0.29120780442270877,10603530.0,1.7110339669902381,0
2025-03-12,222.18380737304688,228.44279405563543,221.55986044493463,228.1308131535452,16054000,251.5439468383789,251.09512268066408,220.23013236999512,239.4459800587082,247.3393362507082,-7.893356191999999,-3.604215448041564,-4.289140743958435,15.242996180014245,251.5439468383789,283.12277905184794,219.96511462490986,0.2510800407672617,-0.00541158237231365,-0.005426278026005239,0.2788584778779404,11046410.0,1.4533228442543777,0
2025-03-13,219.54177856445312,223.74367260665568,218.6058507740928,223.54869198918365,16467900,249.09397735595704,250.8077001953125,220.38391593933105,236.38379521343816,245.28025790357816,-8.896462690139998,-4.662664896461251,-4.233797793678747,15.202254512427942,249.09397735595704,282.66085887024633,215.52709584166774,0.2695117872426276,-0.011891185230063939,-0.011962450892020133,0.2759867621460739,11535610.0,1.427570800330455,1
2025-03-14,226.6099395751953,227.29237919177538,221.8718375571281,222.39828672532758,11962100,246.95500717163085,250.6975277709961,220.554873046875,234.88012511524695,243.89727136073498,-9.017146245488021,-5.5335611662666055,-3.483585079221416,26.09990010145178,246.95500717163085,280.5285556506982,213.3814586925635,0.27190012353735443,0.032195061263326386,0.031687662050752886,0.3111786419640122,11713780.0,1.0211989639552732,1
2025-03-17,228.0625457763672,229.7589083414952,224.67959422222768,225.38152145062264,9586000,244.87550659179686,250.60884216308594,220.73889343261717,233.8312667554193,242.72432872485587,-8.893061969436559,-6.205461326900597,-2.687600642535962,29.770695581109663,244.87550659179686,277.672746068723,212.07826711487073,0.2678686809750927,0.006410161018951532,0.006389703315049571,0.31394120150939886,11908650.0,0.8049610997048364,1
2025-03-18,229.0764617919922,230.2463603051488,227.66283380209185,228.44277110288516,10344900,242.68291397094725,250.5348095703125,220.93464622497558,233.09975829950744,241.7133756187178,-8.613617319210363,-6.687092525362551,-1.926524793847812,29.344346308839974,242.68291397094725,273.3796664498479,211.98616149204662,0.25297827503897113,0.00444578048610933,0.004435927196957227,0.30847814309932947,12029905.0,0.8599319778501991,1
2025-03-19,233.1126251220703,236.25186202365677,228.99847029765743,229.82715648248669,10120600,240.72625274658202,250.47787384033202,221.14473182678222,233.10173781067095,241.0762829893365,-7.974545178665551,-6.944583056023151,-1.0299621226423996,33.7991191076527,240.72625274658202,268.32081061094965,213.13169488221442,0.22926089323059443,0.01761928440183036,0.01746586429073382,0.3216857278648936,12185575.0,0.8305393877597077,0
2025-03-20,233.01515197753906,235.69617654833334,230.27563470537115,230.6266057896815,8328500,239.37160415649413,250.4419970703125,221.3385117340088,233.08841691326606,240.4791621736478,-7.390745260381749,-7.033815496894871,-0.3569297634868782,27.123472461363804,239.37160415649413,265.58544504459303,213.15776326839523,0.21902214325272318,-0.00041813756110464784,-0.0004182250049912163,0.29094959929647507,11909665.0,0.6993059838374966,1
2025-03-21,235.56942749023438,236.2226207273677,230.5680936788464,231.8452338048883,19326900,238.26946029663085,250.41196960449219,221.54894561767577,233.47011084818425,240.1154781230246,-6.645367274840339,-6.956125852483964,0.31075857764362524,32.61941877025362,238.26946029663085,263.06960833009873,213.46931226316298,0.20816891936208035,0.010961843000413696,0.010902197486739807,0.296052738060435,12234230.0,1.5797397956389572,1
2025-03-24,241.83816528320312,242.45236840534434,238.27972040733326,239.3228749688017,9422700,237.62211685180665,250.50809692382813,221.80347373962402,234.75750383818715,240.2430845793341,-5.485580741146947,-6.662016830216562,1.1764360890696146,47.83982303972621,237.62211685180665,261.25556897139643,213.98866473221688,0.19891626615151156,0.026610998972812938,0.026263085067591913,0.31430626665738637,12186725.0,0.7731937825789947,1
2025-03-25,244.83116149902344,245.50385729754217,241.4091898067444,243.05680360286865,9287700,237.3164810180664,250.72764892578124,222.08207443237305,236.30729732446966,240.58294212894072,-4.275644804471057,-6.18474242506746,1.9090976205964036,49.61893028489491,237.3164810180664,260.3756635270609,214.2572985090719,0.19433275270282693,0.012376029285184886,0.012300072289979386,0.3147467864517418,12170690.0,0.7631202503720003,0
2025-03-26,244.73365783691406,248.28235866743117,243.51501036934545,246.26428619669275,12779300,236.9382110595703,250.86062774658203,222.36186546325683,237.60366048023033,240.89040255175357,-3.2867420715232356,-5.605142354358616,2.3184002828353805,54.717395644124956,236.9382110595703,259.1968495051508,214.67957261398982,0.18788559554021692,-0.00039824857878545394,-0.00039832790081132806,0.3138437875620943,12512475.0,1.0213247179315044,0
2025-03-27,241.89663696289062,244.353434361877,240.98021170983642,243.27127484247194,8022500,236.40541763305663,250.87330139160156,222.6128991699219,238.2641184006396,240.96493843406,-2.700820033420399,-5.024277890170973,2.323457856750574,56.31488893590015,236.40541763305663,257.57379325611953,215.23704200999373,0.17908536813585207,-0.011592279129477023,-0.011659993414457231,0.3157781017819587,12503380.0,0.6416265041932662,0
2025-03-28,236.7588348388672,243.25177720979866,235.06247221658606,240.7462457637879,11978400,235.34275817871094,250.68806701660156,222.83987365722658,238.03253631421308,240.65337520478644,-2.620838890573367,-4.543590090251452,1.9227511996780846,62.82269852220134,235.34275817871094,253.9193148075715,216.76620154985036,0.1578680964957009,-0.021239659172325065,-0.021468466391762118,0.3099198242553386,12578945.0,0.9522579198811983,1
2025-03-31,239.1473846435547,239.69333633486474,231.40653346417213,233.4051183081998,13603000,234.5959716796875,250.51316650390626,223.10395645141602,238.2040514418041,240.5418203483989,-2.337768906594789,-4.10242585352012,1.7646569469253306,69.79421643507868,234.5959716796875,251.0838657280789,218.10807763129608,0.14056417022286846,0.010088535054301628,0.010037985480994516,0.31089815486986905,12806180.0,1.0622215211718093,0
2025-04-01,237.5485076904297,239.52758990904476,234.8382370203243,236.53458470709884,8054700,234.2747360229492,250.21094177246093,223.37361038208007,238.10319855697725,240.3200934848456,-2.2168949278683385,-3.7253196683897634,1.5084247405214248,69.1169284149638,234.2747360229492,250.2352887678411,218.31418327805733,0.13625500568980184,-0.006685738819632525,-0.0067081884891144,0.27932075397134076,12535635.0,0.6425442348951609,1
2025-04-02,239.65432739257812,241.0484528611315,235.40368471674867,235.54017262888723,7758800,233.99639739990235,249.87537475585938,223.6435832977295,238.34183376245429,240.27077747801098,-1.9289437155566986,-3.366044477823151,1.4371007622664522,75.36267132987697,233.99639739990235,249.3352306983142,218.6575641014905,0.1311031577310793,0.00886479869994683,0.008825737051318646,0.2807561549203117,12530505.0,0.6191929215941416,0
2025-04-03,222.95399475097656,229.24221273335493,221.59885935670877,228.39403885290514,17188500,233.12628402709962,249.20950653076173,223.82947937011718,235.97447391453466,238.988052831564,-3.013578917029349,-3.295551365664391,0.2819724486350417,46.290796501277185,233.12628402709962,248.91384684230107,217.33872121189816,0.13544215214588365,-0.06968508694710407,-0.07223213396644777,0.36748098031641596,12890770.0,1.333395910407214,0
2025-04-04,206.26849365234375,213.54694074239666,204.944241574114,211.2025352982525,27170700,231.62955322265626,248.14928680419922,223.92619590759278,231.40432310496683,236.5643817812514,-5.160058676284564,-3.6684528277884256,-1.491605848496138,33.10930586726326,231.62955322265626,251.36994141608028,211.88916502923223,0.1704479235812226,-0.07483831414310071,-0.07778676122369677,0.4447914695756949,13224370.0,2.0545931488607776,1
2025-04-07,210.34913635253906,217.81396118841425,198.303402775656,201.84453550263905,22914400,230.827237701416,247.19232360839842,224.0336328125,228.16506360459334,234.62251174949495,-6.457448144901605,-4.226251891211062,-2.231196253690543,36.14467624317176,230.827237701416,252.6571060212988,208.99736938153322,0.18914464806896467,0.019783160423292978,0.019590016875884995,0.43362170893759305,13425730.0,1.7067526309556351,1
2025-04-08,212.73275756835938,223.49348363812953,209.18182124244132,219.25590423367711,19485700,230.29423980712892,246.26333984375,224.14498268127443,225.79086267594195,233.00104847681826,-7.210185800876303,-4.82303867314411,-2.3871471277321934,34.54411554706111,230.29423980712892,253.3732178093795,207.21526180487834,0.20043035398175124,0.011331737591855129,0.011268014397910643,0.4349157961233034,13492865.0,1.4441484443815304,1
2025-04-09,229.86949157714844,232.9495891897229,206.9747524141952,208.4461369100307,24022400,230.67852401733398,245.65193817138672,224.35337669372558,226.41834404535834,232.76908129906494,-6.350737253706598,-5.1285783892566075,-1.2221588644499901,48.10430244649206,230.67852401733398,253.4426885213662,207.91435951330178,0.19736700328741164,0.0805552196317596,0.0774750012876085,0.5240778913212571,13891285.0,1.7293144586695903,0
2025-04-10,222.7774200439453,225.95561590830835,215.9011552975308,225.6122868759835,18896400,230.8403060913086,244.9096142578125,224.51394325256348,225.8582018912948,232.02895824313015,-6.170756351835337,-5.337013981772353,-0.8337423700629838,42.69080023094064,230.8403060913086,253.31537301290388,208.36523916971333,0.1947239396979944,-0.030852600249576367,-0.03133856333421923,0.5350586301933474,14012710.0,1.3485185949041978,1
2025-04-11,231.6940155029297,234.02861709200695,220.70768061687372,221.99268738474478,20284500,231.09450988769532,244.31345001220703,224.7229754638672,226.75601937000786,232.00414766978196,-5.248128299774095,-5.319236845372702,0.07110854559860691,44.3739922079597,231.09450988769532,253.4829534990779,208.70606627631275,0.19376006485193137,0.04002468229152423,0.039244445844278206,0.5417394535958848,14428830.0,1.4058312420341774,0
2025-04-14,230.24224853515625,235.20571653709092,229.1730460537919,232.57685007270544,13017800,231.20349502563477,243.7063833618164,224.92781677246094,227.29236231849222,231.87363662277264,-4.581274304280413,-5.171644337154245,0.5903700328738317,41.76817198813018,231.20349502563477,253.55097774128606,208.85601230998347,0.19331440221674426,-0.0062658803017511255,-0.0062855933191425664,0.5421362560647545,14600420.0,0.8916044880900686,0
2025-04-15,228.6825714111328,234.0972553015322,228.37848769241106,231.5959137609775,10912900,231.1838005065918,243.07767761230468,225.11651908874512,227.50624064043694,231.63726142191044,-4.131020781473495,-4.963519626018096,0.8324988445446007,41.09015584206143,231.1838005065918,253.5398685664538,208.8277324467298,0.1934051435340475,-0.006774070067272153,-0.006797118225439894,0.542662458928961,14628820.0,0.7459863474976108,0
2025-04-16,225.22972106933594,229.1239864114683,223.58176271607732,227.574126341125,9322300,230.78965530395507,242.35788177490235,225.27314544677733,227.15600686026755,231.1626288032012,-4.006621942933634,-4.772140089401203,0.7655181464675689,40.81113617110413,230.78965530395507,253.28009369075338,208.29921691715677,0.1948998828147466,-0.015098878416883066,-0.015214027028453857,0.541377606776983,14588905.0,0.6389992943267504,1
2025-04-17,227.53489685058594,229.86948332210488,226.15179188192315,226.39702262242238,9557900,230.51564254760743,241.63563842773436,225.42600646972656,227.21429762800884,230.89390791782228,-3.6796102898134393,-4.553634129483651,0.8740238396702118,44.75066847566707,230.51564254760743,253.0254443741198,208.00584072109507,0.19529956039198948,0.010234776166775816,0.010182755490742327,0.5428904025985269,14650375.0,0.6523996826019812,0
2025-04-21,224.62156677246094,227.38776189376563,222.02211180001825,226.23027991963676,8716200,229.96824951171874,240.72897369384765,225.5480990600586,226.81541595792456,230.42929005520293,-3.6138740972783694,-4.365682123042595,0.7518080257642259,41.782458960807745,229.96824951171874,252.49304147201343,207.44345755142405,0.19589479859172362,-0.012803882474511474,-0.012886558653284775,0.5427144068156077,14119840.0,0.617301612482861,1
2025-04-22,231.09564208984375,231.48802026386073,226.95614590207006,227.5545095207112,10701400,229.43112335205078,239.97323944091798,225.7032332611084,227.47391228591215,230.47864946517632,-3.0047371792641684,-4.09349313428691,1.0887559550227417,46.54032245001406,229.43112335205078,251.26588908511357,207.59635761898798,0.19033830645163535,0.028822144776244896,0.02841459912983055,0.5443050674051555,14183775.0,0.7544817934576655,1
2025-04-23,236.28472900390625,242.08197236154456,235.4215120035636,235.63731625364926,14126800,229.00380172729493,239.4140982055664,225.89756774902344,228.82942255021894,230.90872943100817,-2.0793068807892325,-3.690655883587375,1.6113490027981423,48.25122104889042,229.00380172729493,249.88317651384844,208.12442694074142,0.18234959095934436,0.02245428285508355,0.02220589679107419,0.5489197816775135,14425730.0,0.9792779984097858,1
2025-04-24,239.97300720214844,240.78717510551016,233.04769307035298,235.16649038746075,9055200,228.76576919555663,238.85170471191407,226.1085121154785,230.54382018897732,231.58015741405558,-1.036337225078256,-3.159792151885551,2.123454926807295,60.211888646120286,228.76576919555663,248.98830113300028,208.54323725811298,0.17679683467115878,0.015609464961153785,0.015488890380731087,0.5521627301155264,14239525.0,0.6359200886265518,0
2025-04-25,238.90380859375,240.93431149661754,237.13814413406232,239.98281495355522,8588600,228.61612777709962,238.25895751953124,226.30225311279298,231.82997225125004,232.12265009403293,-0.29267784278289355,-2.58636929006502,2.2936914472821264,74.09822685270524,228.61612777709962,248.47048481581197,208.76177073838727,0.17369165711764936,-0.004455495311177948,-0.0044654506119479595,0.5508241511057582,14267830.0,0.6019555882008687,0
2025-04-28,238.58009338378906,242.13102985600685,236.24549185288936,239.89452661223797,7394300,228.7071907043457,237.64277252197266,226.4935562133789,232.86845242548682,232.60097922660745,0.2674731988793724,-2.015600792276141,2.2830739911555136,72.07054772688666,228.7071907043457,248.73474896490953,208.67963244378186,0.1751371104588824,-0.0013550022993203958,-0.0013559211450551582,0.5451702631820428,14038625.0,0.5267111273361885,1
2025-04-29,239.95338439941406,240.5713706917717,237.07928713486953,237.5697486449445,7216800,228.74749069213868,237.0487890625,226.69341278076172,233.95844195993718,233.14560183200052,0.8128401279366528,-1.4499126082335825,2.2627527361702353,71.62225811526612,228.74749069213868,248.8665385836516,208.62844280062578,0.17590617348970405,0.005756100587218205,0.00573959753875342,0.5444231992536152,13719315.0,0.5260320941679668,0
2025-04-30,239.95338439941406,240.541944198583,233.88146850985436,236.60844827615284,12991700,228.86773452758788,236.38929046630858,226.90536750793456,234.88074079677978,233.6498820221793,1.2308587746004775,-0.9137583316667706,2.144617106267248,61.00642673607479,228.86773452758788,249.23546649064508,208.5000025645307,0.17798692336513738,0.0,0.0,0.5437319855124516,13966165.0,0.930226730100926,1
2025-05-01,242.18008422851562,243.7103217475342,237.55012636868136,238.20734299709588,8689600,228.99402236938477,235.7879751586914,227.10382553100587,236.00371670935453,234.28174885227827,1.7219678570762653,-0.38661309391816345,2.108580950994429,73.69429830331359,228.99402236938477,249.6723125196594,208.31573221911012,0.18060113479223483,0.0092797183697777,0.009236926311718512,0.5438129128415242,14012705.0,0.6201229527061335,1
2025-05-02,247.69285583496094,248.78168093946223,244.70105272563194,246.4667021122206,7165000,230.230965423584,235.5396697998047,227.31263999938966,237.80204580560167,235.27516418432884,2.526881621272821,0.19608584912003346,2.3307957721527877,71.30910456642832,230.230965423584,252.30082757833233,208.16110326883566,0.19171932076246753,0.022763108799828347,0.022507894953569824,0.47944510725463996,13511530.0,0.5302878356485164,1
2025-05-05,247.74192810058594,250.29233406900863,245.8095084557676,246.38824947467103,5450700,232.30463714599608,235.3422622680664,227.50603485107422,239.33125846636847,236.19862817812566,3.132630288242808,0.7833947369445884,2.3492355512982197,74.21281777688449,232.30463714599608,252.61826153952634,211.99101275246582,0.17488780803599538,0.00019811740415187629,0.0001980977814906467,0.3748170872952425,12425530.0,0.4386694169182321,0
2025-05-06,244.49505615234375,247.83018834347143,244.2498254039462,245.23074839753636,6369900,234.01193313598634,235.13646270751954,227.71640518188477,240.12568887959543,236.8131783984381,3.312510481157318,1.2892178857871344,2.023292595370184,70.90248303555543,234.01193313598634,252.18259169669528,215.8412745752774,0.1552968544569889,-0.013105863723333555,-0.01319250337956663,0.3809346788276116,11598305.0,0.5492095612246789,1
2025-05-07,244.63238525390625,247.63400722536448,244.08307077124687,245.08361641763196,8724100,235.60691452026367,235.01023284912108,227.92842613220216,240.81902678333557,237.39237890625057,3.426647877085003,1.7167038840467082,1.7099439930382947,78.11255430396957,235.60691452026367,251.35113539847572,219.86269364205162,0.13364820731403404,0.0005616845744191856,0.0005615268886822832,0.381534154257872,11060225.0,0.7887814217161043,1
2025-05-08,248.63453674316406,250.99856460126213,246.7511665100619,246.77078915965458,8320100,236.54516677856446,234.93694244384767,228.15804786682128,242.0214129310015,238.22513133861452,3.7962815923869755,2.1326194257147617,1.6636621666722138,79.1384228173777,236.54516677856446,253.06709418807532,220.0232393690536,0.13969363766352005,0.016359859652694597,0.01622747901645858,0.26964995894137456,10275110.0,0.8097334237784316,0
2025-05-09,248.2519989013672,250.63563464782604,247.52611048052464,249.64490778917525,5087600,237.81889572143555,234.8509323120117,228.3855158996582,242.97996461875005,238.96786226918877,4.012102349561275,2.5085160104840645,1.5035863390772102,85.08593385381502,237.81889572143555,253.79043794732922,221.84735349554188,0.1343168479312226,-0.0015385547269808342,-0.0015397395177043083,0.23745465223351597,9584670.0,0.5308059641072671,1
2025-05-12,255.08901977539062,258.57131446306823,253.76479764463758,257.88465637383746,9603900,238.9886459350586,234.79247222900392,228.65555587768554,244.84289618131015,240.162022084463,4.6808740968471625,2.9429876277566844,1.737886469090478,85.24496170736212,238.9886459350586,256.43060973686454,221.54668213325266,0.1459647903653592,0.027540647826726383,0.027168226534466756,0.21662509601249064,9050640.0,1.0611293786958713,1
2025-05-13,257.9925537109375,258.639966447806,255.4225403810428,256.0503155003321,8589000,240.37616119384765,234.8706610107422,228.939727935791,246.86592041663744,241.48280220494257,5.383118211694864,3.4310137445443205,1.9521044671505434,84.18288938119014,240.37616119384765,259.24523950459496,221.50708288310034,0.1569962530147125,0.011382434015009713,0.011318141523014953,0.21358686996277326,8829200.0,0.9727948171974811,1
2025-05-14,260.5724182128906,261.5533412811179,257.28631994724986,257.9827669437803,8643100,241.97065353393555,235.20264495849608,229.21959175109862,248.97461238529178,242.89684783516094,6.077764550130837,3.960363905661624,2.117400644469213,83.61077514242223,241.97065353393555,262.03109216865363,221.91021489921746,0.16580885608844856,0.009999763422798846,0.009950096618288022,0.20874258616614258,8715710.0,0.9916690665476479,1
2025-05-15,262.3870849609375,264.3783574631619,259.7091843166256,261.8770157752101,9214600,243.82852172851562,235.54596466064453,229.515228805542,251.03806970462188,244.34056910373698,6.697500600884894,4.507791244706278,2.189709356178616,87.40622921876155,243.82852172851562,264.2402781932934,223.4167652637378,0.1674271436342032,0.00696415514923876,0.006940017421889675,0.19232754845259187,8710325.0,1.0578939362193718,1
2025-05-16,262.4557189941406,263.3385435843166,259.6600828457583,262.39686601715493,8932900,245.57456283569337,235.9879537963867,229.79029022216798,252.7946311337786,245.6824320585817,7.112199075196912,5.028672810804405,2.083526264392507,88.34278315274204,245.57456283569337,266.09185277032554,225.0572729010612,0.16709621467073266,0.000261575500994482,0.00026154129608776884,0.19385920051570846,8679075.0,1.0292456281343345,0
2025-05-19,259.8268737792969,263.2012510960716,256.933139124985,260.4840753869021,12145000,247.33482818603517,236.46042907714843,230.0637271118164,253.8765146177045,246.7301684823384,7.1463461353660875,5.452207475716742,1.6941386596493455,80.67843432290124,247.33482818603517,266.262311828269,228.40734454380137,0.1530515033491145,-0.010016338089026133,-0.010066839109907846,0.19025660878029227,8850515.0,1.3722365308685427,1
2025-05-20,260.61163330078125,261.5729486833489,257.29610854408895,257.51191281628184,8436300,248.81062774658204,237.14475280761718,230.36441665649414,254.91268672279324,247.7584251355564,7.154261587236846,5.792618298020764,1.3616432892160821,81.13549213229501,248.81062774658204,266.9949962681469,230.6262592250172,0.14617035201636117,0.0030203169905780314,0.003015764996556281,0.17293407027135624,8737260.0,0.9655544186621435,0
2025-05-21,256.0601501464844,260.58219084007044,255.7560664091254,259.3070029050421,7464000,249.79939880371094,237.79810150146486,230.68486122131347,255.08921955720726,248.37336772895847,6.715851828248788,5.977265004066369,0.7385868241824189,69.54964070461268,249.79939880371094,267.25184577227435,232.34695183514754,0.13973169713092312,-0.017464620042666468,-0.01761892575237947,0.18069314471027229,8404120.0,0.8881358190982518,0
2025-05-22,255.69720458984375,257.29608389039316,253.93152527688756,254.49065855609336,6514100,250.5856086730957,238.4683694458008,231.0239279937744,255.18275571607444,248.91587416309812,6.266881552976315,6.035188313848359,0.23169323912795647,63.18685931968794,250.5856086730957,267.5850276827608,233.5861896634306,0.13567753630929302,-0.0014174230407698607,-0.0014184285350609446,0.17634957566624992,8277065.0,0.7870060220621682,1
2025-05-23,255.7364044189453,256.99198455091897,251.11626587786765,251.9108110430405,6671800,251.42723846435547,239.19226196289063,231.33696990966797,255.26793243959304,249.4210986264942,5.84683381309884,5.997517413698455,-0.15068360059961527,63.174880504055615,251.42723846435547,267.64000537178924,235.21447155692167,0.12896587502974347,0.00015330566153215486,0.00015329391142011642,0.17443165802820543,8181225.0,0.8155013460698123,1
2025-05-27,260.22906494140625,260.23885381510826,256.99200115618,257.04106526626447,7506600,252.50968704223632,239.86464447021484,231.6721859741211,256.03118359371814,250.2216887238951,5.809494869823027,5.95991290492337,-0.15041803510034324,74.90690803267253,252.50968704223632,267.9849284937057,237.03444559076695,0.1225714675166572,0.01756754394302451,0.01741501838499545,0.18032619626206753,8186840.0,0.9169105540110715,0
2025-05-28,258.4633483886719,261.63173992459315,257.8846075078793,261.1608861867363,5535400,253.43518524169923,240.47266052246093,231.98093215942382,256.4053627929418,250.8321820323971,5.5731807605446875,5.882566476047634,-0.30938571550294647,70.82097142757385,253.43518524169923,267.9316394320159,238.93873105138255,0.11439969692046922,-0.006785239585485714,-0.006808363986028624,0.184533482172092,8102770.0,0.6831490959264548,1
2025-05-29,259.3266296386719,260.3467980228732,257.5217347653291,259.74841937820054,5081200,254.40384750366212,241.07766387939452,232.28560783386231,256.8547884615156,251.46140037360263,5.393388087912996,5.784730798420706,-0.3913427105077103,67.77562715467491,254.40384750366212,267.64161767694645,241.1660773303778,0.10406894630863454,0.0033400528755118675,0.0033344872883665443,0.18400466174111804,7707245.0,0.6592757853162836,0
2025-05-30,258.96368408203125,260.26829856132497,257.7179225906518,258.4241883810186,10977700,255.2430274963379,241.59468505859374,232.58658905029296,257.17923394159493,252.0171250927455,5.162108848849442,5.660206408506454,-0.49809755965701186,67.819807982958,255.2430274963379,267.2926653229613,243.19338966971452,0.09441697933782943,-0.0013995691732326954,-0.0014005494849508265,0.1838091562328449,7821650.0,1.4035018186699737,1
2025-06-02,259.6110534667969,259.9739901433687,256.90369673393997,258.00232557179766,6011200,255.83893737792968,242.1266030883789,232.8823722076416,257.5533600223952,252.57963830563818,4.973721716757041,5.522909470156572,-0.5491877533995311,59.47383630974454,255.83893737792968,267.4885843375547,244.18929041830467,0.09107016374459027,0.002499846212260959,0.0024967267943469627,0.1690025165508877,7763960.0,0.7742440713244272,1
2025-06-03,261.19036865234375,261.49445240173793,257.86505509318295,258.69884566926845,6998400,256.51135940551757,242.6390219116211,233.17496574401855,258.1128998116181,253.21747018317194,4.895429628446152,5.397413501814488,-0.5019838733683359,57.09311361599467,256.51135940551757,267.7379822058754,245.28473660515968,0.08753314337716919,0.006083389610946899,0.006064960499576622,0.1692736650858744,7841345.0,0.8924999473942289,0
2025-06-04,259.1794738769531,262.0241445637471,259.14022857540317,260.84705493579474,5915700,257.24558029174807,242.98584808349608,233.45119064331055,258.27698812936194,253.659100086415,4.61788804294693,5.241508410040977,-0.6236203670940466,46.83028658253727,257.24558029174807,266.98558696414494,247.5055736193512,0.07572535676881609,-0.007698962200506032,-0.007728752209929462,0.16356931461165872,7818635.0,0.7566154450233321,0
2025-06-05,256.9527893066406,259.68954289634314,255.34406123341302,259.68954289634314,8173800,257.8616004943848,243.22828063964843,233.70461769104003,258.07326523355863,253.90307706569098,4.17018816786765,5.027244361606312,-0.8570561937386616,37.861603838021104,257.8616004943848,265.59430802176865,250.12889296700095,0.05997564206968645,-0.008591284398430488,-0.008628402228365358,0.16850935608741402,7791120.0,1.0491174567969688,1
2025-06-06,260.6606750488281,261.56310742936586,259.2187170664052,259.28735892431575,7738100,258.462907409668,243.54682098388673,233.96945068359375,258.4713282820616,254.4036398792567,4.067688402804919,4.835333169846034,-0.7676447670411148,46.55117419560624,258.462907409668,264.9434832427437,251.98233157659226,0.050147047388923,0.014430221801416732,0.014327097042336505,0.16653394136738983,7762020.0,0.9969183279610204,1
2025-06-09,261.6513977050781,262.7892720045682,258.32608422186917,260.9255242470256,8285000,259.1328773498535,243.94191619873047,234.2437198638916,258.96056973175644,254.94051082931756,4.020058902438876,4.6722783163646024,-0.6522194139257262,53.74094579239021,259.1328773498535,263.6382302653635,254.62752443434354,0.034772530306351995,0.0038008136672875725,0.0037936088254244683,0.1659294637582761,7921890.0,1.0458362840180815,1
2025-06-10,263.4759216308594,263.7701865542935,260.77838340293533,260.80780989527875,7538100,259.55222244262694,244.4762579345703,234.5267259979248,259.65523925469535,255.57276348128363,4.082475773411716,4.554317807774025,-0.4718420343623091,55.632679467128845,259.55222244262694,264.0339682643662,255.0704766208877,0.034534443816830934,0.006973109800994637,0.006948910103813565,0.13892844908870355,7818600.0,0.9641240119714527,0
2025-06-11,263.03448486328125,264.4764428071077,260.71952105435884,263.5543728329388,7434100,259.80431900024416,244.95399993896484,234.79774047851564,260.1751231944778,256.1254835836538,4.049639610823988,4.453382168384017,-0.4037425575600295,66.35970959341074,259.80431900024416,264.4797024222278,255.12893557826055,0.03599157581348151,-0.0016754349499784604,-0.0016768400607814187,0.1344626589794511,7760855.0,0.9578970358291709,1
2025-06-12,263.1227722167969,263.17183632733907,260.0819349081481,261.76909370629187,6618000,259.9318367004395,245.46548522949217,235.06109870910643,260.62860765945,256.64380126018295,3.984806399267029,4.359667014560619,-0.37486061529359027,67.64553591241955,259.9318367004395,264.8292729416595,255.03440045921943,0.037682465552414224,0.00033564934864527274,0.00033559303100428364,0.13019387526799536,7659600.0,0.8640137866207113,0
2025-06-13,259.89556884765625,261.92605676944186,257.69828090375347,260.0230636958611,7098300,259.80726089477537,245.87031005859376,235.30417572021486,260.51583245763555,256.8846729333291,3.6311595243064403,4.213965516509784,-0.582805992203344,58.58305512993217,259.80726089477537,264.56653719887663,255.04798459067408,0.03663697687054892,-0.012265009759328649,-0.012340845715312488,0.13535849310818324,7553785.0,0.9397010902481339,1
2025-06-16,265.20233154296875,266.5462212171046,261.75931212188453,261.90644458682067,8566000,259.9445915222168,246.7152767944336,235.5689183807373,261.23683231691757,257.5007957933024,3.736036523615155,4.118379717930859,-0.3823431943157036,59.929442731626466,259.9445915222168,265.16209525947494,254.72708778495866,0.04014319903103054,0.020418827142155704,0.020213157862224905,0.1543305011221982,7535440.0,1.1367617551198073,0
2025-06-17,264.37835693359375,265.42795173106725,262.69116817138956,263.0541348281509,6739300,260.17216567993165,247.8774740600586,235.82419090270997,261.7201437964062,258.0102447666573,3.7098990297488967,4.036683580294467,-0.32678455054557,62.27114622203707,260.17216567993165,265.7524836908729,254.59184766899043,0.04289711773246525,-0.0031069659326938837,-0.0031118025721281308,0.14993327319858035,7265155.0,0.9276195759071899,1
2025-06-18,268.733642578125,272.42192244365935,264.5745388559813,264.84919608413435,9586400,260.5782661437988,249.04516418457033,236.0968054962158,262.79914360897834,258.80457053046973,3.9945730785086084,4.028261479937295,-0.033688401428686454,67.04583284025142,260.5782661437988,267.3485131484481,253.80801913914954,0.051963251616028105,0.016473684514293208,0.01633946542286571,0.15972874917285174,7322660.0,1.309141759961544,1
2025-06-20,269.7538146972656,272.00992553694005,268.5865139770169,270.3129479704052,13969700,261.26294937133787,250.18558532714843,236.36203704833986,263.8690930071764,259.6156256539361,4.253467353240296,4.073302654597896,0.18016469864240037,69.09722559799852,261.26294937133787,268.8319117287021,253.69398701397364,0.05794133745773743,0.0037962203368118175,0.0037890328767674793,0.14305981560623482,7647945.0,1.8265952487890538,1
2025-06-23,272.9614562988281,273.2361135654262,266.9189664982738,269.81270157543656,8094600,262.1261619567871,251.04742462158202,236.66499687194823,265.267918128969,260.6042057017059,4.6637124272630786,4.191384609130933,0.47232781813214597,71.66514132217652,262.1261619567871,270.86926134762007,253.3830625659541,0.06670909401461673,0.011890996259542375,0.01182085385801948,0.1458185135458513,7726970.0,1.047577510977783,1
2025-06-24,275.8944091796875,277.31672955102783,274.1777939507156,274.864422081068,9267900,263.1340621948242,252.10976440429687,236.98729682922362,266.9027629060026,261.73681336674156,5.165949539261021,4.38629759515695,0.7796519441040708,72.85761183493933,263.1340621948242,273.30643820927685,252.96168618037157,0.07731705982573264,0.010744934177257859,0.010687617581842883,0.1476111983570398,7856775.0,1.179606136105463,1
2025-06-25,278.6409912109375,278.85679547317505,275.55108967897763,276.1298306696613,6826900,264.0546585083008,253.04870391845702,237.3315238189697,268.7086441836849,262.98897468853386,5.719669495151038,4.6529719751557685,1.0666975199952695,79.576669811172,264.0546585083008,276.2512304811555,251.8580865354461,0.09237914636125462,0.00995519278341428,0.009905966288297386,0.14052604837739416,7822790.0,0.8726937575979925,1
2025-06-26,283.24151611328125,283.88892888521605,279.04316687272353,279.26878993935657,8942100,265.29356689453124,254.10868927001954,237.7236727142334,270.944470634392,264.48916294221885,6.4553076921731645,5.013439118559248,1.4418685736139167,87.2636493960758,265.29356689453124,279.89542419228144,250.691709596781,0.11008074917666778,0.01651058188657184,0.016375764151677817,0.1423159475821826,7993125.0,1.1187239033544452,0
2025-06-27,281.63275146484375,283.19244517476585,279.6022638703118,280.3575637051558,17868600,266.4088729858398,255.16769287109375,238.08681091308594,272.5888215313846,265.7590583883392,6.8297631430453976,5.3767039234564775,1.45305921958892,81.6084108426941,266.4088729858398,282.4302671182557,250.38747885342391,0.12027673067231107,-0.005679833488089647,-0.005696025081794248,0.1469237255136946,8632495.0,2.069923006037073,1
2025-06-30,284.37939453125,287.0671140098136,283.4082903268862,284.86003722869964,12689200,267.6796585083008,256.350686340332,238.51790740966797,274.4027558390562,267.13834254707336,7.264413291982862,5.754245797161754,1.5101674948211077,82.53293040168232,267.6796585083008,285.1783199438038,250.1809970727978,0.13074330364150819,0.00975256979921646,0.009705320443753518,0.14664447143435103,8718070.0,1.455505633701037,1
2025-07-01,284.8698425292969,285.57610826317716,281.122709609671,285.3406963303482,9338300,268.9425979614258,257.49738525390626,238.94340675354005,276.013076868324,268.451786990201,7.561289878122977,6.115654613353999,1.4456352647689785,81.83933813911577,268.9425979614258,287.5971568244571,250.28803909839448,0.13872520756795037,0.001724625649672351,0.0017231401905186696,0.14682671219935992,8884425.0,1.0510865925481954,1
2025-07-02,286.4295349121094,287.23389900971387,284.17342383730266,286.46878021661104,8158700,270.2045562744141,258.7335446166992,239.37974113464355,277.6156088750602,269.78347202145346,7.832136853606755,6.458951061404551,1.3731857922022046,83.69594361160364,270.2045562744141,290.0291015032066,250.38001104562153,0.14673731266514362,0.005475105293576643,0.005460171389588415,0.14676621409652277,8942440.0,0.9123572537249341,1
2025-07-03,291.75201416015625,292.1462676228288,287.03074848169234,287.95726066275904,6541600,271.8331832885742,259.9466720581055,239.85367744445801,279.79044045738266,271.41077143913515,8.379669018247512,6.843094652773143,1.5365743654743689,85.83212444415925,271.8331832885742,293.1404679322036,250.52589864494487,0.1567673555219331,0.01858215930727969,0.018411620399683463,0.14705406383725372,8973735.0,0.7289718272269016,0
2025-07-07,287.7798767089844,291.7914744795477,285.9169860687423,291.012803517784,8825700,273.3745376586914,260.97657501220704,240.29069023132325,281.0195844960906,272.62329775542025,8.396286740670348,7.153733070352584,1.242553670317764,84.26090562692778,273.3745376586914,294.60935137680127,252.13972394058152,0.1553532666207676,-0.013614773020868998,-0.013708303948198457,0.15454512883650118,9006330.0,0.9799441059787949,0
2025-07-08,278.72174072265625,285.54244302383853,276.28718720828704,285.1185912184717,15440900,274.2775909423828,261.75154968261717,240.67571266174318,280.6660700694084,273.0750342715118,7.591035797896609,7.241193615861389,0.34984218203521955,65.20899650367896,274.2775909423828,294.75863436401636,253.79654752074921,0.14934536468154996,-0.03147591864280386,-0.03198193185236625,0.199594481269575,9391470.0,1.6441409065886383,1
2025-07-09,279.0963134765625,283.078342988919,278.42607952209454,283.0586107622728,11273800,275.149836730957,262.55539978027343,241.07089836120605,280.42456905512444,273.5210549533674,6.903514101757025,7.173657713040517,-0.2701436112834914,66.7264587677278,275.149836730957,294.83729194148674,255.46238152042727,0.14310352093561468,0.0013438950005659756,0.0013429927819139991,0.19972456797970178,9540910.0,1.1816273290493255,1
2025-07-10,284.0540771484375,284.1723501696605,278.9385584232814,278.9385584232814,8410900,276.1787445068359,263.4648794555664,241.47665382385253,280.98295491563414,274.3012788196689,6.681676095965258,7.0752613896254655,-0.3935852936602071,67.1759486083246,276.1787445068359,295.4437259339535,256.91376307971836,0.13951096389780798,0.017763630089264293,0.017607700685888992,0.20592733704875416,9584550.0,0.8775477200285877,0
2025-07-11,282.7431640625,283.2557206237078,279.5792402426265,281.4223984494675,7384700,277.1641784667969,264.32067504882815,241.87291442871094,281.25375632284425,274.9266036524712,6.327152670373039,6.9256396457749805,-0.5984869754019417,64.46821774780733,277.1641784667969,295.59647912181595,258.73187781177785,0.13300637013759814,-0.004615012391645634,-0.004625694439191658,0.2072332115896791,9582080.0,0.7706781826075341,1
2025-07-14,284.5567932128906,285.1481583723004,281.1661592607552,282.95018101073435,9079900,278.2358795166016,265.21274322509765,242.2765562438965,281.7619158443898,275.6399510273171,6.121964817072694,6.764904680034524,-0.6429398629618301,63.32943226881983,278.2358795166016,295.69759650476186,260.7741625284413,0.12551736331416152,0.0064144049473455755,0.006393920203561175,0.2070473700389563,9705175.0,0.9355730319133864,0
2025-07-15,282.4376220703125,287.7601490973643,281.3830008251136,283.8668247126896,12526100,279.36298217773435,266.0178939819336,242.6688791656494,281.8658706483779,276.1434822156872,5.722388432690707,6.556401430565761,-0.8340129978750541,57.66517039352603,279.36298217773435,294.6097961518004,264.1161682036683,0.10915414673205236,-0.007447269554351044,-0.007475138919589607,0.2026866516671724,9976565.0,1.255552387018979,0
2025-07-16,281.7181396484375,286.5576787356624,278.9484690013939,284.2611002489253,9979800,280.1887725830078,266.69839965820313,243.064352645874,281.8431428022332,276.55641980329835,5.286722998934863,6.302465744239582,-1.0157427453047188,53.784524704953306,280.1887725830078,293.91998552557436,266.4575596404412,0.09801401259573032,-0.002547402915380359,-0.002550653066990783,0.19461419853181972,10047255.0,0.9932862259393237,1
2025-07-17,285.73956298828125,286.13381646736286,279.3722805662569,279.3722805662569,8509500,281.2568328857422,267.458352355957,243.48190948486328,282.4425920616252,277.2366526318156,5.205939429809575,6.083160481353581,-0.877221051544006,53.11669481703277,281.2568328857422,292.9873281600934,269.526337611391,0.08341482874562978,0.014274634018463184,0.014173710725137872,0.19703024665067467,10135765.0,0.8395518246526039,1
2025-07-18,287.0898742675781,288.30223294760714,284.0935239995615,285.36498911319075,12217000,282.17464447021484,268.31024871826173,243.9027474975586,283.1575585548487,277.9665209011314,5.191037653717331,5.904735915826332,-0.7136982621090011,56.852788765686356,282.17464447021484,292.57674933061423,271.77253960981545,0.07372813301442747,0.004725671395221731,0.004714540463795029,0.1914736706171114,10267295.0,1.1898947093660015,0
2025-07-21,286.794189453125,289.95811320350606,286.4097720406625,286.8237577094983,7898100,283.0266632080078,269.1534848022461,244.3203719329834,283.7170402315066,278.6204222753532,5.096617956153409,5.743112323891748,-0.646494367738339,53.23128640546747,283.0266632080078,291.8107690249042,274.2425573911114,0.06207263808527177,-0.0010299381516239992,-0.0010304689023803485,0.1920994400922158,9963715.0,0.7926862621020372,1
2025-07-22,287.24761962890625,289.41605899858814,285.0299098515737,287.3166222633084,6717500,283.74097137451173,269.9257464599609,244.75867591857912,284.260206292645,279.2594739311719,5.000732361473126,5.594636331408024,-0.5939039699348978,53.18490734480552,283.74097137451173,291.31955346810577,276.1623892809177,0.053419018458148664,0.001581029855053373,0.0015797813431352647,0.1893344645783702,9894860.0,0.6788878266089666,1
2025-07-23,292.5011291503906,292.72780910920665,288.3515263055785,288.6373728619252,7083500,284.57130737304686,270.8107290649414,245.22204246520997,285.528040578452,280.2403372807437,5.287703297708333,5.533249724668086,-0.24554642695975293,57.40029608028388,284.57130737304686,292.1690698508896,276.9735448952041,0.05339795180322094,0.018289131614985576,0.01812389707065274,0.19542324381501788,9785640.0,0.7238668089159217,0
2025-07-24,292.2940979003906,295.29047824712586,291.9491449333037,293.15163750090335,7001200,285.2539627075195,271.5548306274414,245.69430297851562,286.56897247413485,281.1332084377546,5.435764036380249,5.5137525870105195,-0.07798855063027066,50.754839976304744,285.2539627075195,293.05883233877313,277.4490930762659,0.05472225210947344,-0.0007077964129620362,-0.0007080470191021994,0.19404982129492682,9794355.0,0.714819914124003,1
2025-07-25,294.33441162109375,294.6103920554469,291.71258245493334,292.4419829511327,5918500,285.80860748291013,272.2816677856445,246.1416544342041,287.76365541982085,282.11107534022415,5.652580079596703,5.541518085527756,0.11106199406894657,59.646008955317726,285.80860748291013,294.53368262303724,277.08353234278303,0.061055370004199874,0.006980345259651521,0.006956095432390782,0.1877477765484077,9643175.0,0.6137501393472585,0
2025-07-28,293.9992980957031,295.13278810430046,292.5602593912129,293.3882007039174,5840400,286.42693481445315,272.9502053833008,246.5887367248535,288.7229850622643,282.9916844332226,5.731300629041698,5.579474594230545,0.15182603481115287,80.24977370753467,286.42693481445315,295.64483516227534,277.20903446663095,0.0643647592276441,-0.0011385468778351004,-0.0011391955147140172,0.1859709921120372,9041765.0,0.645935832218599,0
2025-07-29,292.7771301269531,296.9661375577531,291.94918873841937,295.69464217411235,7635700,286.8468215942383,273.5580062866211,247.03058097839354,289.346699687601,283.71653226238783,5.6301674252131875,5.589613160427074,0.04055426478611324,76.20851617610434,286.8468215942383,296.42983807950327,277.2638051089733,0.06681626403949295,-0.004157043831962359,-0.004165708359557044,0.1850471422226046,8789090.0,0.8687702594921659,1
2025-07-30,295.3299560546875,296.2958726319795,293.1122462449408,293.15168061940614,8061700,287.3698272705078,274.21549102783206,247.4722412109375,290.2672006671528,284.57678587663224,5.690414790520549,5.60977348644577,0.08064130407477954,73.79378649679691,287.3698272705078,297.6172597997624,277.12239474125323,0.07131877849937557,0.008719348832429086,0.008681554844150126,0.1868065504658987,8725260.0,0.9239495441969637,0
2025-07-31,291.9885559082031,296.66055111466636,291.2591855090535,294.8469611494763,14749700,287.6477783203125,274.85872467041014,247.90000709533692,290.5320245503913,285.1258058789708,5.406218671420504,5.569062523440716,-0.16284385202021223,67.96931811576408,287.6477783203125,298.087583396486,277.207973244139,0.07258742019240061,-0.011314125363786731,-0.011378616985786759,0.19194568290795333,9054810.0,1.6289353393389812,0
2025-08-01,285.2171630859375,287.61228223789124,280.1607803787386,286.2323800564947,12007100,287.32103576660154,275.3508352661133,248.24808792114257,289.71435355586,285.13257307948686,4.581780476373126,5.371606114027198,-0.7898256376540722,51.076107810695724,287.32103576660154,297.62819416101524,277.01387737218784,0.07174663259105388,-0.023190610334723027,-0.023463743552403656,0.19844899385006656,9328085.0,1.287198819479025,1
2025-08-04,290.0370178222656,290.0961543423283,286.0944227268155,286.0944227268155,6649500,287.43389282226565,276.0303726196289,248.6241960144043,289.7639942122301,285.49586528265564,4.268128929574459,5.15091067713665,-0.8827817475621913,61.38181319560299,287.43389282226565,297.81139360152537,277.0563920430059,0.0722079131125753,0.01689889445704873,0.016757696644581783,0.2023597417512782,9219275.0,0.7212606197341982,0
2025-08-05,287.1884765625,291.5450573497094,283.11774234014615,290.46083768957914,7182300,287.8572296142578,276.660198059082,248.98164840698243,289.3677607276562,285.62124389597744,3.7465168316787754,4.870031908045076,-1.1235150763663002,57.701879366497955,287.8572296142578,297.39511899411684,278.31934023439874,0.06626819408107465,-0.0098213024018583,-0.009869849517754527,0.16884472503036915,8806345.0,0.815582401098299,0
2025-08-06,287.16876220703125,289.08092314098127,285.99583781724914,288.1051104485434,6330200,288.26085205078124,277.2888452148438,249.33294021606446,289.0294532629447,285.73587488198143,3.293578380963254,4.554741202628712,-1.261162821665458,52.26775728721375,288.26085205078124,296.8763332210847,279.6453708804778,0.0597755894288809,-6.864605329826023e-05,-6.864840954640899e-05,0.16894213610844572,8559165.0,0.7395814895495063,0
2025-08-07,282.8220520019531,289.2484709612734,282.29965937267906,288.7359444448802,8057100,288.19925079345705,277.7407049560547,249.65871589660645,288.07446845356134,285.52003615012745,2.5544323034338845,4.154679422789746,-1.6002471193558616,43.81612879262223,288.19925079345705,296.9578092740383,279.4406923128758,0.0607812716824738,-0.015136431176119403,-0.01525215621152204,0.16724014053218586,8541475.0,0.9432914104414051,1
2025-08-08,284.6159362792969,287.0504898402696,280.62404088373916,284.8327802026082,6634100,288.2928894042969,278.26375671386717,249.98885398864746,287.54238658059757,285.4530657893252,2.089320791272371,3.7416076964862715,-1.6522869052139004,46.97514326082921,288.2928894042969,296.8434146984372,279.7423641101566,0.05931832250048452,0.006342802000925074,0.006322771089099157,0.16789452173037075,8503945.0,0.7801202853499171,1
2025-08-11,285.4044494628906,287.13920088726815,284.635644641562,285.246742053437,5510100,288.33527221679685,278.7853131103516,250.33442802429198,287.2134731778734,285.4494645799597,1.7640085979137439,3.346087876771766,-1.5820792788580222,47.46406050951403,288.33527221679685,296.8159411056969,279.8546033278968,0.058825053374139284,0.002770446356243239,0.0027666157431112896,0.16665207123213926,8325455.0,0.6618377013628685,1
2025-08-12,288.6472473144531,290.5199739550687,286.1732592848133,287.31661546362176,8570900,288.64575347900393,279.378984375,250.6907844543457,287.43405381427027,285.6863373751073,1.7477164391629572,3.026413589250004,-1.278697150087047,44.387048484622206,288.64575347900393,296.65910243056544,280.6324045274424,0.05552376125390947,0.011362113862153134,0.011298049858075266,0.16856621357577944,8127695.0,1.0545302204376517,0
2025-08-13,286.36053466796875,290.32283187703916,283.0389031406188,289.7314666813669,8420400,288.8778732299805,279.9139739990234,251.03915054321288,287.2688970225316,285.73627791531925,1.5326191072123265,2.727654692842469,-1.1950355856301424,41.85172674780673,288.8778732299805,296.2929101116798,281.46283634828114,0.051336828250574264,-0.007922170288335417,-0.007953717404253168,0.17118561331797089,8049725.0,1.0460481569246154,1
2025-08-14,289.93841552734375,289.9778498963191,285.48329438065525,286.40977645449954,6322400,289.0878158569336,280.48893493652344,251.3977922821045,287.6795921771181,286.04754736806177,1.6320448090563104,2.508532716085237,-0.8764879070289266,44.207793711760054,289.0878158569336,296.36521283886066,281.8104188750066,0.050347310282551266,0.012494322457958562,0.012416912533905538,0.1694448324645001,7940370.0,0.7962349361553681,0
2025-08-15,286.32110595703125,291.25921599583813,285.66073811560074,290.6086841881212,7340500,289.04937744140625,281.031767578125,251.7512957763672,287.47059429710475,286.0678109672447,1.4027833298600285,2.2873828388401956,-0.884599508980167,40.68851937247181,289.04937744140625,296.37914042019264,281.71961446261986,0.050716338112661886,-0.012476130711183253,-0.012554611067271305,0.17504648775736573,7696545.0,0.9537396325234244,1
2025-08-18,287.3461608886719,287.7108460905947,284.2709417940018,285.8381195988006,5386900,289.0769760131836,281.63963500976564,252.09445457458497,287.45145069580735,286.16250355401706,1.2889471417902882,2.0876956994302143,-0.798748557639926,43.382127631723776,289.0769760131836,296.37507396920324,281.7788780571639,0.050492419401030574,0.003580088614894006,0.003573695352070026,0.17547770376972924,7570985.0,0.7115190427665621,0
2025-08-19,286.4886779785156,288.2825659770611,285.37489004447787,286.6562214265169,6031500,289.0390289306641,282.15619506835935,252.44593467712403,287.303331816224,286.1866646224984,1.1166671937255614,1.8934899982892837,-0.7768228045637222,38.76220613916337,289.0390289306641,296.3849128873401,281.69314497398807,0.05082970271421834,-0.0029841460470685366,-0.0029886074888235644,0.17573344634709795,7536685.0,0.8002855366782611,1
2025-08-20,288.04595947265625,289.1203129200321,283.1472843493455,286.63648908496583,7374200,288.81627044677737,282.68408630371096,252.79787841796875,287.4175822249059,286.3243901669546,1.0931920579513417,1.7334304102216955,-0.6402383522703539,44.75064219721244,288.81627044677737,295.9882506463955,281.64429024715923,0.04966465489304748,0.005435752313595499,0.005421031932125845,0.16341031258033797,7551220.0,0.9765574304549464,0
2025-08-21,287.2870178222656,288.56834905595423,285.31572049067694,287.7502738983734,6624000,288.56591644287107,283.1603082275391,253.15810272216797,287.3974953937305,286.39569591919985,1.0017994745306282,1.5871042230834822,-0.585304748552854,53.2812462204591,288.56591644287107,295.5744370040719,281.55739588167023,0.048574832728648695,-0.0026347935995355565,-0.0026382707772983883,0.16355202819302753,7532360.0,0.8794056577221482,1
2025-08-22,291.9885559082031,292.8953659306035,285.96625689985,288.9922055724686,8552800,288.44862365722656,283.7393896484375,253.53688827514648,288.10381239595705,286.8099818443112,1.29383055164584,1.5284494887959539,-0.23461893715011395,53.10533308470467,288.44862365722656,295.12112393045123,281.7761233840019,0.046264739894573616,0.016365299488910967,0.016232831275903904,0.17262438527088678,7664075.0,1.1159598516455018,0
2025-08-25,290.6678161621094,293.08266767966575,289.9187435512912,291.9885819039242,5856300,288.28204956054685,284.29029052734376,253.9243946838379,288.49827451382663,287.0957473493333,1.4025271644933355,1.5032650239354304,-0.1007378594420949,55.81935207256134,288.28204956054685,294.52351741362776,282.04058170746595,0.04330112029240331,-0.004523258598220448,-0.004533519485850453,0.17324805329496173,7664870.0,0.764044269504897,1
2025-08-26,294.2851257324219,294.4526691589569,289.2878798394283,289.9384115603751,6714700,288.3574493408203,284.97808166503904,254.32169486999513,289.3885593166874,287.62829389622874,1.7602654204586656,1.5546651032400776,0.20560031721858807,60.62392537023757,288.3574493408203,294.85859249947845,281.8563061821622,0.04509086325683359,0.012444823159558416,0.012368022868734972,0.17855791431437734,7618820.0,0.8813307047548046,1
2025-08-27,294.9849548339844,296.74927450763425,292.77711127340297,292.98408908730437,6056500,288.34019927978517,285.57373413085935,254.5984913635254,290.2495432424254,288.1732317434699,2.0763114989554765,1.6589943823831574,0.41731711657231907,70.37659641911306,288.34019927978517,294.76482499731884,281.9155735622515,0.04456281665602697,0.0023780648098361556,0.0023752416885406986,0.17600071295645006,7518560.0,0.8055398906173522,1
2025-08-28,296.749267578125,296.91681101607145,294.41328492266325,295.71431837356056,6410500,288.57823486328124,286.22115234375,254.9359024810791,291.249500832533,288.80849365714806,2.441007175384925,1.8153969409835111,0.6256102344014141,70.34721561185711,288.57823486328124,295.8667092387259,281.2897604878366,0.050512987432317524,0.005981026202280582,0.005963210865767549,0.1719142582847316,7101600.0,0.9026839022192182,1
2025-08-29,297.0942687988281,298.60231023054706,295.4285199525983,297.7053662302992,6796400,289.1720901489258,286.7883648681641,255.27212890625,292.1486959042707,289.422254778754,2.7264411255167147,1.997605777890152,0.7288353476265628,69.89946678746722,289.1720901489258,297.20493820412815,281.13924209372345,0.0555575612505714,0.0011626017597914373,0.0011619264617166447,0.14658609473527656,6841065.0,0.9934710458093878,0
2025-09-02,295.39892578125,296.14799833495414,290.273540537871,295.9508866438156,7221900,289.440185546875,287.30126708984375,255.58867630004883,292.64873126995985,289.86497114930927,2.7837601206505838,2.1548366464422384,0.6289234742083454,62.13251060310762,289.440185546875,297.9389713014363,280.9413997923137,0.058725679286748024,-0.005706414413285454,-0.00572275820195832,0.1379914009324849,6869685.0,1.0512709098015411,0
2025-09-03,295.211669921875,296.25645520177414,292.1265844883639,296.25645520177414,6316900,289.8413452148437,287.7462713623047,255.90297798156737,293.0430295241007,290.26102291024006,2.7820066138606308,2.280270639925917,0.5017359739347138,67.20318494458851,289.8413452148437,298.64458282071337,281.0381076089741,0.060745216313733814,-0.0006339083965175574,-0.0006341094013954205,0.1322103775380897,6826415.0,0.9253612620973087,1
2025-09-04,299.4598083496094,300.0610396446901,293.99930589050996,295.694622931837,6605800,290.45589752197264,288.21757934570314,256.23076110839844,294.03022626648664,290.94241442426744,3.087811842219196,2.441778880384573,0.646032961834623,68.0359890811847,290.45589752197264,300.14505973677825,280.76673530716704,0.06671692534025846,0.014390143956228396,0.014287588522144198,0.13980692634891506,6840195.0,0.9657327020647803,0
2025-09-05,290.1552734375,300.7706992658433,290.08627080836624,299.2922261938372,9837700,290.82255859375,288.4478649902344,256.50857833862307,293.4340796774118,290.8841076845069,2.5499719929048865,2.463417502888636,0.0865544900162507,55.97543204145771,290.82255859375,299.8261289569404,281.81898823055957,0.06191796404464969,-0.03107106413841898,-0.031564007384851954,0.17333631851754536,6929225.0,1.4197403028477211,0
2025-09-08,288.70635986328125,292.20540066234315,287.2574550934962,290.6579550877705,8188500,291.0270797729492,288.5571618652344,256.76246856689454,292.70673816754555,290.72279303108274,1.9839451364628076,2.36752302960347,-0.3835778931406626,52.092187495599326,291.0270797729492,299.61317483367475,282.44098471222367,0.059005471706785224,-0.004993580013395338,-0.005006089596516062,0.17366541882341457,7006945.0,1.1686262700791856,1
2025-09-09,293.57550048828125,294.7089905900123,288.1149977252914,288.40084429899173,7848200,291.4356323242188,288.79601684570315,257.0420623779297,292.8403939091972,290.93410469457893,1.9062892146182548,2.275276266606427,-0.36898705198817217,59.70311649957256,291.4356323242188,299.66545047987285,283.2058141685647,0.05647777583009132,0.016865373618045076,0.01672473231382538,0.18278528988704468,7123850.0,1.1016795693339978,1
2025-09-10,296.22686767578125,297.2125163723058,291.1606189374317,292.44198029068025,7787300,291.81461334228516,289.03296630859376,257.3443211364746,293.36138987328707,291.326161211705,2.035228661582039,2.2272667456015496,-0.1920380840195106,60.87529067361633,291.81461334228516,300.20038287540257,283.42884380916774,0.05747326658573667,0.009031295810073336,0.008990757550597394,0.1812943944916305,7084670.0,1.0991761084143652,1
2025-09-11,301.1748046875,301.342378196144,296.4732713682419,296.91679522122274,7942500,292.5553268432617,289.3590655517578,257.6825220489502,294.5634536908583,292.05569035806025,2.5077633327980493,2.2833660630408494,0.22439726975719987,66.61164434015916,292.5553268432617,301.5104012491352,283.6002524373882,0.06121969818496078,0.016703201335316553,0.016565237045192967,0.18559539787119717,7060775.0,1.1248765185124863,1
2025-09-12,302.5054626464844,303.13626220753474,299.3415385689925,300.622869917122,6846700,293.1836791992188,289.68058410644534,258.0080751037598,295.7853012224931,292.82974756461016,2.9555536578829447,2.4178035820092685,0.5377500758736762,63.683027737852285,293.1836791992188,303.07975915328905,283.2875992451485,0.06750771380657838,0.004418224693015338,0.004408492992327468,0.18205978377555584,7086990.0,0.966094209248214,1
2025-09-15,304.46685791015625,305.50180702662493,302.76170501933825,302.76170501933825,7122000,294.090966796875,289.9348809814453,258.32505531311034,297.12092532828746,293.6917557383543,3.429169589933167,2.6200767835940484,0.8090928063391187,67.65886917189403,294.090966796875,304.64339916595225,283.5385344277978,0.07176304994342556,0.006483834197612559,0.0064629045654571934,0.1740711247655334,7076065.0,1.006491602324173,1
2025-09-16,304.75274658203125,306.43819756185593,302.72231251567524,305.55111968192784,10525600,294.96129608154297,290.27433837890624,258.6350267791748,298.2950516750173,294.51108839344147,3.7839632815758364,2.8528540831904063,0.93110919838543,64.64424196003992,294.96129608154297,306.0300987788023,283.8924933842836,0.07505257702827112,0.0009389812534517095,0.0009385406863224901,0.17423386204269622,7333000.0,1.4353743351970545,1
2025-09-17,307.2759704589844,308.41932651675705,304.3387266167954,305.9355027165261,8657800,296.0006607055664,290.8454229736328,258.95916618347167,299.6767314879353,295.4566352131113,4.220096274823959,3.126302521517117,1.093793753306842,66.36048707091257,296.0006607055664,307.61030042558303,284.3910209855498,0.0784433365273113,0.008279577149845174,0.008245489476055393,0.17368729602410396,7464315.0,1.159892099944871,1
2025-09-18,308.73480224609375,308.9417800837306,305.1667281175776,307.3154654859234,8050700,297.0351028442383,291.4381927490234,259.2914727783203,301.07028083534425,296.44020314148037,4.630077693863882,3.4270575559864698,1.2030201378774121,66.08467159980933,297.0351028442383,309.3271834513001,284.7430222371765,0.08276517145185776,0.004747627303658852,0.004736392865070737,0.17360619034717387,7498140.0,1.0736929425164108,1
2025-09-19,310.26251220703125,311.2678631029987,304.68373667454165,309.09945390156855,23568600,298.1838775634766,291.9623614501953,259.63175727844236,302.48447027714224,297.46407788707677,5.020392390065467,3.74572452280227,1.2746678672631973,67.1281576166648,298.1838775634766,310.9262473883764,285.4415077385768,0.08546652440782784,0.00494829202870295,0.004936089469696988,0.1721142672266911,8345370.0,2.824152793704773,0
2025-09-22,307.9560852050781,309.198012204534,305.11741210895696,305.35395817376326,7520200,298.9822540283203,292.46661987304685,259.97733757019046,303.3262571891324,298.2412636143361,5.084993574796272,4.01357833320107,1.0714152415952016,66.07772360442844,298.9822540283203,312.08600101169066,285.87850704494997,0.08765568395326316,-0.007433792067067735,-0.007461560400919563,0.16999171173514885,8293740.0,0.9067320653890766,1
2025-09-23,308.2517395019531,311.7705122911332,306.12273487521253,307.34495961699116,8584400,299.8614501953125,292.9405187988281,260.33133087158205,304.0840236987971,298.9827803467522,5.101243352044946,4.231111336969846,0.8701320150751002,66.64980762771502,299.8614501953125,312.97590702082107,286.74699336980393,0.08747010872498993,0.000960053433196828,0.0009595928766485573,0.16799522411067327,8430145.0,1.0182980245298272,1
2025-09-24,308.92205810546875,312.036681822986,307.1971727167786,309.54299157852137,7310500,300.59329681396486,293.47020751953124,260.695562210083,304.8283366844389,299.71902314369413,5.109313540744779,4.406751777724833,0.7025617630199461,63.29639924833891,300.59329681396486,314.0272277463394,287.1593658815903,0.0893827711712994,0.0021745817382852195,0.002172220757561151,0.16424648691778923,8459935.0,0.8641319348198302,1
2025-09-25,308.95159912109375,311.12000822788536,307.3252546914858,309.61196690994507,7083200,301.2916290283203,294.0148767089844,261.0498542022705,305.46268475161656,300.40291766053855,5.059767091078015,4.537354840395469,0.5224122506825459,85.72494164922718,301.2916290283203,314.9482390451113,287.6350190115293,0.09065376333776141,9.562611296254353e-05,9.562154107726212e-05,0.1644651730600595,8511270.0,0.83221422889886,1
2025-09-26,311.52410888671875,313.2489940185383,309.1979925185918,310.3807528469309,7258100,302.03037109375,294.53056762695314,261.4078916168213,306.3952115416323,301.2267096032186,5.168501938413726,4.663584259999121,0.5049176784146052,91.5917743417671,302.03037109375,316.2396715038742,287.82107068362575,0.09409186472650244,0.00832657857393615,0.008292103857317773,0.16535709503967028,8553650.0,0.848538343280354,0
2025-09-29,311.159423828125,313.4461359086411,309.15855827757576,312.5097576619959,6462400,302.73362884521487,295.01195861816404,261.78132148742674,307.1281672780158,301.96246621247093,5.165701065544852,4.764007621108267,0.4016934444365843,88.34905836186378,302.73362884521487,317.30200197875416,288.16525571167557,0.09624548940341202,-0.001170647947271286,-0.001171333690807928,0.16581125116901405,8536950.0,0.7569916656417105,0
2025-09-30,310.9031677246094,312.85476301381095,305.65950932869447,311.71140689202116,11823300,303.5088409423828,295.49413818359375,262.1580771636963,307.7089365774917,302.6247403985553,5.084196178936452,4.828045332673905,0.256150846262547,85.74174186672533,303.5088409423828,318.083891906664,288.9337899781016,0.09604366659650683,-0.000823552442548503,-0.0008238917481647534,0.16354812834207044,8767020.0,1.3486110445738688,0
2025-10-01,306.25091552734375,310.0752375005356,302.99828667529783,309.46414008660315,9235200,304.06080322265626,295.8742041015625,262.5083223724365,307.4846256466997,302.89334596365075,4.591279683048981,4.78069220274892,-0.189412519699939,62.542680131267794,304.06080322265626,318.1405400945483,289.9810663507642,0.09261132459471812,-0.014963669335741447,-0.015076754567138207,0.17484010153662774,8912935.0,1.0361570010327688,0
2025-10-02,303.13623046875,306.1030425326149,301.7464923414213,305.5510816946321,7600000,304.24462432861327,296.0869061279297,262.8526933288574,306.815641773169,302.9113374084729,3.904304364696088,4.605414635138354,-0.7011102704422658,51.432301592031386,304.24462432861327,318.1665500974648,290.32269855976176,0.0915179737329689,-0.010170369787239508,-0.010222441356985327,0.17328953705096578,8962645.0,0.8479639659944135,1
2025-10-03,305.5806579589844,307.18727011434805,303.78677014872494,304.08248279942853,6029900,305.0158935546875,296.3526373291016,263.2169970703125,306.6256442632944,303.1090648566589,3.5165794066355147,4.387647589437786,-0.8710681828022713,52.47484603836123,305.0158935546875,317.25924306401174,292.7725440453633,0.08028007568155827,0.008063791934254994,0.008031453295787163,0.12798004211392766,8772255.0,0.6873831187077895,1
2025-10-06,306.22442626953125,308.7698659390142,302.2131538143922,307.21486689804453,7214500,305.891796875,296.59043762207034,263.5862654876709,306.56391841810006,303.33983236872353,3.224086049376524,4.154935281425534,-0.9308492320490096,53.21885604590127,305.891796875,315.4299602621131,296.3536334878869,0.06236298903439246,0.002106705034430778,0.0021044890431273096,0.12481733122674404,8723555.0,0.8270137575793355,0
2025-10-07,304.74871826171875,307.0465480670538,301.78731007714714,306.39285354178503,8454200,306.45045776367186,296.8054260253906,263.95407180786134,306.2846568555799,303.44419428672313,2.840462568856765,3.89204073891178,-1.051578170055015,44.20694469899729,306.45045776367186,314.0663980561251,298.83451747121865,0.049704218737545304,-0.004819040811961939,-0.004830689828929094,0.11626074871251184,8753855.0,0.965768795576349,0
2025-10-08,301.1236572265625,305.8282501205831,300.64823485280857,305.2636917190969,6489900,306.69529724121094,296.9723565673828,264.34250076293944,305.4906569126541,303.27230265263717,2.2183542600169517,3.5573034431328145,-1.3389491831158629,34.12956382740434,306.69529724121094,313.15433706456105,300.2362574178608,0.04212024039136263,-0.011895246207542787,-0.011966560748913594,0.12277171472804133,8688985.0,0.746911175471013,1
2025-10-09,302.6093444824219,305.09536030036105,300.4898171115272,302.13392206728275,7060300,306.767024230957,297.1179443359375,264.72579780578616,305.04737807723376,303.2231946400286,1.8241834372051358,3.210679441947279,-1.3864960047421433,34.013924604171265,306.767024230957,312.99569233270995,300.5383561292041,0.0406084592525403,0.004933811144375078,0.004921679784367424,0.10894229883080621,8644875.0,0.8167035382235139,0
2025-10-10,298.0137023925781,307.50211054267186,297.9344502139145,302.7380934229591,8597400,306.54243621826174,297.238447265625,265.06361473083496,303.9652741257483,302.83730632540266,1.1279678003456297,2.7941371136269497,-1.66616931328132,31.044939374898178,306.54243621826174,313.6762459421284,299.4086264943951,0.04654370084530347,-0.015186715723217503,-0.015303214888512499,0.120618592504915,8732410.0,0.984539205099165,1
2025-10-13,305.0260314941406,306.5017785031187,302.53013174675476,302.6786918104351,10788700,306.5703948974609,297.6346246337891,265.4326622009277,304.1284675670394,302.99943411567955,1.1290334513598737,2.4611163811735346,-1.332082929813661,45.10408792446677,306.5703948974609,313.67427404245876,299.46651575246307,0.04634419541635058,0.023530223762412872,0.02325765549504561,0.14651839743470466,8915745.0,1.2100727420983888,0
2025-10-14,299.19232177734375,304.0653034578676,291.39755808509767,302.91638858642943,16178800,306.29237365722656,297.81773071289064,265.75353088378904,303.3690605224708,302.71742579432134,0.6516347281494745,2.099220050568723,-1.4475853224192483,37.23341550102269,306.29237365722656,314.096494312014,298.48825300243914,0.050958635121102026,-0.01912528477724018,-0.01931053886433947,0.16158792447434336,9198405.0,1.7588701519448209,1
2025-10-15,302.767822265625,309.13634876005415,302.520212088773,303.4611428511513,11354800,306.0669662475586,298.12931762695314,266.088251953125,303.27656232910994,302.7211588662698,0.555403462840161,1.7904567330230106,-1.2350532701828496,42.57689433348475,306.0669662475586,314.0106396787368,298.12329281638034,0.051908074422857484,0.01195050884675486,0.01187966536779382,0.16483782334050914,9333255.0,1.2165959250015135,0
2025-10-16,295.6861572265625,305.72920960204,294.2302082762473,302.43105556912377,10549400,305.414533996582,298.29966552734373,266.39711822509764,302.1088076979488,302.2000476336989,-0.09123993575008171,1.4141173992683922,-1.505357335018474,32.84501816720173,305.414533996582,314.49736616772856,296.33170182543546,0.059478716040725146,-0.023389754519057115,-0.023667636439974726,0.18190763284714995,9458190.0,1.1153719686324761,0
2025-10-17,294.7155456542969,296.68651306450823,291.3876792596173,296.30025689141456,10153500,304.63718566894534,298.53753540039065,266.71010314941407,300.9713827681562,301.64564007966914,-0.6742573115129176,0.9964424571121303,-1.670699768625048,32.4194715593313,304.63718566894534,314.5922932345547,294.682078103336,0.06535713979729149,-0.0032825735954961077,-0.003287973059531016,0.1800176077923592,8787435.0,1.1554566264217032,1
2025-10-20,299.4696350097656,300.78693806489423,295.3098022126917,295.6465484229892,6894900,304.2128631591797,298.834609375,267.0449671936035,300.74034465148077,301.48445451893554,-0.7441098674547675,0.6483319921987508,-1.3924418596535184,38.848627501404884,304.2128631591797,314.2949711821962,294.13075513616315,0.0662832460029217,0.01613111159411096,0.016002387675059772,0.19058548127930058,8756170.0,0.7874333184485911,0
2025-10-21,294.25,301.1434582480101,294.16086397135297,298.7763208850087,7372700,303.51277618408204,299.0115203857422,267.3523267364502,299.74183008971454,300.9485689990144,-1.2067389092998724,0.27731781189902616,-1.4840567211988986,38.42337239644664,303.51277618408204,314.33162883415775,292.69392353400633,0.07129092083763897,-0.01742959685911194,-0.01758328066511804,0.1986652943129656,8695585.0,0.8478670497729595,0
2025-10-22,291.29852294921875,295.21077611588424,287.76267234049385,294.92353982678844,8054100,302.63159942626953,299.0645458984375,267.6290222930908,298.4428597604075,300.2337507731036,-1.790891012696136,-0.13632395302000627,-1.6545670596761297,38.54474041698659,302.63159942626953,314.4225341400267,290.84066471251236,0.07792269370489056,-0.010030508243946468,-0.010081152736363433,0.19978307623851374,8732765.0,0.9222852097817816,1
2025-10-23,291.72442626953125,293.53691953831486,289.7138327608809,291.5659521228084,5438800,301.7702407836914,299.17182373046876,267.9135994720459,297.40925460796495,299.6034304395057,-2.194175831540747,-0.5478943287241544,-1.6462815028165925,36.04631222583019,301.7702407836914,314.1209017732053,289.41957979417754,0.08185473131770346,0.001462085409841718,0.0014610176036580617,0.20010958054822808,8650545.0,0.6287233925723755,1
2025-10-24,297.5679931640625,299.70734860853685,292.6257039619419,293.2496561856281,7228300,301.0724349975586,299.3244152832031,268.21608543395996,297.4336759242877,299.4526573079914,-2.0189813837037036,-0.8421117397200644,-1.1768696439836392,42.10907872950309,301.0724349975586,312.6559233499937,289.4889466451235,0.07694818260282797,0.020031119674333464,0.019833136315415504,0.2126527150080441,8649055.0,0.8357329211110347,1
2025-10-27,301.2425231933594,301.6188954834183,298.13255521259686,299.27155593587753,5642200,300.5765899658203,299.6228436279297,268.53713905334473,298.0196524272218,299.5852399661668,-1.5655875389450102,-0.9868068995650536,-0.5787806393799566,46.92705393991104,300.5765899658203,311.14671720569225,290.0064627259483,0.07033233853024905,0.012348539203512088,0.012272917898609495,0.21884832892493583,8608045.0,0.6554566106473654,1
2025-10-28,302.44097900390625,305.0260451309229,300.26202744552563,301.9457586189306,6336000,300.15348052978516,299.9247399902344,268.88007614135745,298.6998565159425,299.7967761911845,-1.0969196752420203,-1.008829454700447,-0.08809022054157323,51.20583502804657,300.15348052978516,309.6009904578972,290.70597060167313,0.06295119357894316,0.003978375289924285,0.003970482481727123,0.21971538167116056,8333680.0,0.7602883720037247,1
2025-10-29,302.5895690917969,305.3033671273222,300.1134671686232,300.6086875532579,7520300,299.9704132080078,300.2467578125,269.20260040283205,299.2982738353047,300.00364973937803,-0.7053759040733212,-0.948138744575022,0.24276284050170083,49.98144400039862,299.9704132080078,309.0553793817408,290.8854470342748,0.06057241496969387,0.0004913027605584208,0.000491182110872553,0.2137237463173996,8247935.0,0.9117797363825005,1
2025-10-30,306.4819641113281,309.62164411662417,302.1834552198523,302.8668617019339,7514600,300.13769989013673,300.61547790527345,269.5286954498291,300.4034569546929,300.483524878041,-0.08006792334811053,-0.7745245803296398,0.6944566569815293,58.05236381195365,300.13769989013673,309.5841372453422,290.69126253493124,0.06294735622124972,0.012863612685704906,0.012781579169299596,0.2155539405325832,8243665.0,0.9115605740893159,1
2025-10-31,308.1459045410156,309.8791757592273,304.3129038831637,305.5905808443981,7721300,300.2659622192383,301.03265563964845,269.83932220458985,301.59460273720407,301.05110855677987,0.5434941804242044,-0.510920828178871,1.0544150086030752,53.302566408617324,300.2659622192383,310.08585206257425,290.44607237590236,0.0654079454811197,0.005429162640980367,0.005414477864205968,0.21455045724471794,8328235.0,0.9271232139823143,0
2025-11-03,306.3928527832031,309.3344630267029,303.28285431242927,308.02707397940236,7770000,300.2743835449219,301.32074157714845,270.1318244171143,302.33279505197316,301.4467933142927,0.8860017376804876,-0.23153631500699928,1.117538052687487,58.34294519787476,300.2743835449219,310.1160532718062,290.43271381803754,0.06555117763092164,-0.005689031500917374,-0.005705275679017489,0.21556067008282737,8356010.0,0.9298696387390633,0
2025-11-04,306.2937927246094,309.23540287266394,302.1834697809128,303.7780648320401,7085200,300.3516372680664,301.6332611083984,270.39999465942384,302.9421793093018,301.80583030764944,1.136349001652377,0.04204074832487595,1.094308253327501,54.44334626788756,300.3516372680664,310.36396600787896,290.3393085282538,0.06667071190876503,-0.00032331060497625685,-0.00032336288111782616,0.21478511627421865,8287560.0,0.8549199040489601,1
2025-11-05,308.7005615234375,310.107000668758,302.70840715746203,306.6503419445097,6865200,300.73048248291013,301.92156982421875,270.66133407592775,303.82808426532273,302.3165511384486,1.5115331268741556,0.3359392240347319,1.1755939028394238,68.59090385963444,300.73048248291013,311.4165284725594,290.0444364932609,0.07106726196441698,0.007857713267444666,0.007827002212750024,0.21127712117478956,8306325.0,0.8265026952352574,1
2025-11-06,310.4239501953125,311.83035912038315,307.2941538281452,308.01715622418413,7206100,301.1212127685547,302.2303497314453,270.932216796875,304.84283286993656,302.91709921673475,1.925733653201803,0.6538981098681462,1.2718355433336568,71.96681503736295,301.1212127685547,312.6358697028783,289.6065558342311,0.07647855047112823,0.005582719588749896,0.005567193966407921,0.21143652206450397,8313615.0,0.8667829818917523,1
2025-11-07,311.20635986328125,311.4242580235003,304.6991875199946,308.90856044061366,7302300,301.78084564208984,302.5194915771484,271.19185119628906,305.8218370227588,303.53111852388633,2.2907184988724794,0.9812621876690129,1.3094563112034665,68.46374022896461,301.78084564208984,314.03380275993254,289.52788852424715,0.08120433947205931,0.0025204552273638825,0.0025172842072458262,0.202197851914479,8248860.0,0.8852495981262866,1
2025-11-10,313.86077880859375,316.5052386427636,311.2063746689554,311.9888313123107,5794100,302.2225830078125,302.8548217773438,271.4701686096191,307.0585972975027,304.2962785449758,2.7623187525268804,1.3374735006405865,1.424845251886294,83.5594633042759,302.2225830078125,315.5573967018744,288.8877693137506,0.08824498527773608,0.008529449547491907,0.008493279321913457,0.18774899471598608,7999130.0,0.7243412721133423,0
2025-11-11,312.6029052734375,316.00010979819433,312.2661590448994,314.4649387231156,5030200,302.8931121826172,303.1989013671875,271.7372734069824,307.91156775533875,304.9115842285656,2.9999835267731783,1.669975505867105,1.3300080209060732,88.70096838071754,302.8931121826172,316.91721464524556,288.8690097199888,0.09260099948507981,-0.004007743624198978,-0.0040157961508534784,0.17280096054481514,7441700.0,0.6759477001222839,1
2025-11-12,317.34710693359375,319.16951418656384,313.1872439213492,313.23678409164455,10578300,303.6220764160156,303.64161010742185,272.02181106567383,309.363189167378,305.83273405856767,3.5304551088103153,2.042071426455747,1.4883836823545682,90.2332713576508,303.6220764160156,319.0628486667289,288.1813041653023,0.10171047133975007,0.015176447755680389,0.01506243753868183,0.17555993172368034,7402875.0,1.4289448356212957,0
2025-11-13,306.5216064453125,317.565014483568,306.1452341336872,316.17840351377913,8973300,304.1638488769531,303.78284606933596,272.2549510192871,308.9260225947525,305.883761642771,3.0422609519815182,2.2421093315609015,0.8001516204206167,62.157113638548466,304.1638488769531,319.18692578926607,289.1407719646402,0.09878279070824358,-0.034112491501447795,-0.034707902380199454,0.19902022916943904,7324070.0,1.2251794425776925,0
2025-11-14,300.70770263671875,304.69920788981074,298.3504790333013,304.57044575572996,10327000,304.46345672607424,303.9938946533203,272.4509783935547,307.66166567813195,305.5003498645449,2.1613158135870663,2.2259506279661347,-0.06463481437906848,49.31369838444012,304.46345672607424,318.9215282679287,290.0053851842198,0.09497410097962843,-0.018967353968996736,-0.019149541651419435,0.21179051569216148,7332745.0,1.4083402600254067,0
2025-11-17,297.4986572265625,302.66875869849656,294.8244855709175,301.0939616708072,8344000,304.3649078369141,304.16974060058595,272.63549377441404,306.098125916352,304.907631891361,1.1904940249909828,2.0188593073711045,-0.8283652823801217,43.96903446457538,304.3649078369141,318.9921797301429,289.7376359436853,0.096116677820601,-0.010671643532966124,-0.010728993900864112,0.20788097029985206,7405200.0,1.1267757791821964,0
2025-11-18,296.5478515625,300.05402007948175,294.1806837974681,296.6369875977812,8077300,304.47980041503905,304.2291876220703,272.817643737793,304.6288529388363,304.28838890403796,0.34046403479834453,1.6831802528565527,-1.3427162180582082,42.76904556149608,304.47980041503905,318.8055383612416,290.1540624688365,0.0940997591740076,-0.0031959998506426723,-0.0032011179660720833,0.1981919368457213,7440430.0,1.085595859379095,1
2025-11-19,300.3709411621094,301.5396841634701,296.409178349521,296.8746866890342,5546600,304.9334213256836,304.3120690917969,273.0134008789062,303.9737895885706,303.998207589821,-0.02441800125041027,1.3416606020351602,-1.3660786032855705,42.67394469769586,304.9334213256836,318.02297808476266,291.8438645666045,0.08585189975026579,0.012891982118452994,0.012809587911146546,0.19879545583732872,7315055.0,0.7582444697955107,0
2025-11-20,295.5277099609375,306.95740445253,295.3098117912242,303.411609711364,7501600,305.1235855102539,304.1991271972656,273.172804107666,302.67439272278085,303.3707633210148,-0.6963705982339548,0.9340543619813374,-1.6304249602152923,35.94441033715901,305.1235855102539,317.49600785104724,292.7511631694606,0.0810977776110168,-0.016124166946488994,-0.01625557581322545,0.2085315532618326,7418195.0,1.0112433010995263,0
2025-11-21,295.1711120605469,298.7961284719156,290.01092472978763,298.40987233529637,11766800,305.0037414550781,304.05244018554686,273.29888565063476,301.52004185166794,302.76338174616535,-1.2433398944974101,0.4985755106855879,-1.741915405182998,37.0985692131725,305.0037414550781,317.7258106707872,292.281672239369,0.08342238134533077,-0.0012066479330745672,-0.001207376518848415,0.19569193002730903,7645120.0,1.5391256121552048,0
2025-11-24,295.1513366699219,296.9539460474125,291.69470820468445,295.3890327721484,10940200,304.6991821289063,303.8661297607422,273.43023056030273,300.54024105447627,302.1995265553325,-1.6592855008562424,0.0670033083772219,-1.7262888092334643,37.16632501272415,304.6991821289063,318.075205091768,291.32315916604455,0.0877982203260582,-6.699636182871949e-05,-6.699860618521167e-05,0.18989882464666127,7910020.0,1.3830812058629434,1
2025-11-25,300.103515625,301.5891765934406,292.7346348034667,297.18170363006027,8877200,304.5823089599609,303.77314514160156,273.60953918457034,300.47305252686454,302.044266486419,-1.571213959554484,-0.26064014520911927,-1.3105738143453647,40.6465236735507,304.5823089599609,318.0816885671347,291.0829293527872,0.08864191523972142,0.016778439870717365,0.016639236764600832,0.1994996031170739,8037080.0,1.104530501127275,1
2025-11-26,304.6991882324219,305.5806647286523,300.30162915288383,302.0844103036798,7910900,304.6877899169922,303.7216094970703,273.7925717163086,301.12322725079645,302.2409273564933,-1.1177001056968265,-0.43205213730666076,-0.6856479683901657,44.13791336227882,304.6877899169922,318.15453695814574,291.22104287583863,0.08839702467120442,0.015313624693302552,0.015197554611837881,0.20708513123340064,8056610.0,0.9819142294339679,1
2025-11-28,310.0871887207031,310.7210853336642,305.29345893213815,306.14525372757277,4322400,304.86805114746096,303.7486572265625,274.0003018188477,302.5022982461667,302.8221319019903,-0.3198336558236292,-0.40960844101005445,0.08977478518642523,48.952759525624884,304.86805114746096,318.5310062455753,291.2050960493466,0.08963192467488672,0.01768301556540841,0.01752849003787704,0.211581123958665,7897000.0,0.5473470938331012,0
2025-12-01,305.96697998046875,311.038031953238,305.5906076467962,309.958455126882,7727300,304.7591049194336,303.6627465820313,274.1831900024414,303.03532620529006,303.0550836115072,-0.019757406217138396,-0.3316382340514713,0.3118808278343329,42.81075906937652,304.7591049194336,318.3465492836098,291.17166055525735,0.08916842282870088,-0.013287258842368588,-0.01337632430319619,0.21637359069198567,7897300.0,0.9784736555531638,0
2025-12-02,304.9368896484375,307.5120415313108,304.1544330268201,305.7886541478843,7249000,304.6863067626953,303.60236267089846,274.3596116638184,303.32787442731274,303.1944766512798,0.13339777603295033,-0.238631032034587,0.37202880806753735,42.98912309335965,304.6863067626953,318.2524802103441,291.12013331504653,0.08905010265666317,-0.0033666715672946435,-0.0033723515580409784,0.21575774557187316,7871250.0,0.9209464824519612,1
2025-12-03,309.1462707519531,309.37405277594195,303.86720471987456,304.26340519365976,8535300,304.8289306640625,303.62025329589846,274.5407014465332,304.22301232341124,303.6353502883667,0.5876620350445592,-0.07337241861875778,0.6610344536633169,42.425916457766924,304.8289306640625,318.52561086635535,291.1322504617697,0.08986469999717514,0.013804105854062554,0.013709697012462588,0.22136202756009038,7943755.0,1.0744666722475706,1
2025-12-04,313.07830810546875,315.44544563675794,310.00793592177615,310.2654601734084,9627800,305.0478179931641,303.70337829589846,274.7448637390137,305.58536552065084,304.3348286451891,1.250536875461762,0.1914094401973462,1.0591274352644158,56.93918707673704,305.0478179931641,319.13924838696704,290.9563875993611,0.0923883375826589,0.012719019200689408,0.012638811865724882,0.2241437436598927,8081885.0,1.1912814894050088,0
2025-12-05,312.0284729003906,315.4355916137351,311.6718985008828,312.62274341566774,6518900,305.12804412841797,303.76491577148437,275.0044654846191,306.57661280984155,304.90472821964846,1.6718845901930877,0.48750447019649457,1.184380119996593,63.32483945565428,305.12804412841797,319.3658586480575,290.89022960877844,0.09332353937055565,-0.003353267147222616,-0.0033589019476901027,0.2238588163761907,8047525.0,0.8100502949664649,1
2025-12-08,312.1968078613281,313.44477282870224,310.3546026483966,312.0482477999388,7417200,305.1775665283203,303.77836975097654,275.27738800048826,307.4412582023779,305.44488226718033,1.996375935197591,0.7892787631967139,1.2070971720008772,68.63391741369371,305.1775665283203,319.5109682260226,290.844164830618,0.09393483184729548,0.0005394858981067063,0.0005393404279066412,0.22371479682599799,8053270.0,0.9210171768734936,0
2025-12-09,297.6373596191406,315.7524991840304,297.15202309779255,311.939326475107,18049200,304.3663955688477,303.5079284667969,275.49164962768555,305.9329661126491,304.86654725621446,1.066418856434666,0.8447067818443044,0.22171207459036157,51.02691004232362,304.3663955688477,318.4650479740333,290.26774316366203,0.09264263473525632,-0.04663548081072799,-0.047757951935089235,0.27619242279670425,8666025.0,2.0827542039170206,1
2025-12-10,307.1455383300781,308.2152311685389,295.60691069504315,297.62741810314117,18874100,304.09352722167966,303.4327758789062,275.7726579284668,306.11951568456124,305.035361409834,1.0841542747272115,0.8925962804208858,0.1915579943063257,55.7672862708502,304.09352722167966,317.7244626104925,290.46259183286685,0.08964962531988434,0.03194551491487574,0.03144587004051251,0.3018870722001372,9358220.0,2.0168472209458637,1
2025-12-11,314.3460693359375,314.96013772429524,306.2838676543348,306.2838676543348,9721900,303.9434753417969,303.5946789550781,276.0828929901123,307.3851393232345,305.72504347843426,1.660095844800253,1.0460961932967594,0.6139996515034936,65.40209191100436,303.9434753417969,317.0146838090061,290.8722668745877,0.0860107850810753,0.023443384673624168,0.023172809175109766,0.3089983490662496,9315400.0,1.0436374176095498,1
2025-12-12,315.47515869140625,317.20842990436694,313.5735294870918,316.6240735225281,8982900,304.3911529541016,303.8414575195313,276.3975062561035,308.6297576875686,306.4472742349507,2.1824834526178734,1.2733736451609823,0.9091098074568911,66.41055606503613,304.3911529541016,318.4128878663948,290.3694180418084,0.09212971386463063,0.0035918672622627934,0.0035854319123925574,0.282078038080692,9315880.0,0.9642567315165073,1
2025-12-15,316.9608459472656,319.7935222813264,315.3464528736662,316.534963668203,10864100,305.2038101196289,304.0690612792969,276.69225036621094,309.91146357367586,307.2260573247518,2.685406248924039,1.5557801659135937,1.1296260830104454,67.21930035072096,305.2038101196289,320.1782735022895,290.22934673696824,0.09812763069236387,0.004709363684995083,0.0046983093242535055,0.27151270004001044,9342735.0,1.1628393612791115,0
2025-12-16,312.5335388183594,316.46558945571707,311.3945381021762,316.0397072252412,8331300,305.95555419921874,304.19524353027344,276.9845024871826,310.31485976516564,307.6192041020561,2.6956556631095623,1.7837552653527875,0.9119003977567748,59.895916091459725,305.95555419921874,320.8104119059265,291.10069649251096,0.09710467747897292,-0.013967993793286504,-0.014066464250441285,0.27391948242043046,9342100.0,0.8918016291840164,0
2025-12-17,311.9690246582031,316.3170436429019,311.65207637787455,315.3860269605939,8718700,306.7266128540039,304.33964965820314,277.32448150634764,310.5693466717868,307.94141303214104,2.6279336396457325,1.9525909402113766,0.6753426994343559,56.184711054063065,306.7266128540039,321.11910809970897,292.33411760829887,0.09384575477026251,-0.001806251457973418,-0.001807884697128184,0.27357293840253477,9374170.0,0.9300770094845731,0
2025-12-18,310.0079345703125,314.66301788263524,309.2353920446346,312.979256626897,11444900,307.2084625244141,304.5173352050781,277.64841567993165,310.48297557925224,308.0944887016352,2.3884868776170265,2.0397701276925067,0.34871674992451984,49.92840084937491,307.2084625244141,321.34808616707966,293.0688388817485,0.09205230563296672,-0.006286169244011375,-0.006306010399505669,0.2725462943889093,9669085.0,1.1836590535712532,1
2025-12-19,314.17767333984375,315.51477427620307,310.1961127673861,310.79038320864026,24494400,308.1409606933594,304.7487017822266,278.0175227355957,311.05139061934324,308.54509497113213,2.5062956482111076,2.133075231796227,0.3732204164148807,57.41100665935064,308.1409606933594,321.47395425173164,294.8079671349871,0.0865382747452413,0.013450425955421785,0.013360772004103209,0.26702483252718745,10518725.0,2.328647245745088,1
2025-12-22,320.00146484375,320.14014104266494,314.47481933577194,314.47481933577194,8354600,309.38247833251955,305.18845703125,278.4365145111084,312.4283251154058,309.39371496169645,3.034610153709366,2.313382216178855,0.7212279375305108,62.514399636561286,309.38247833251955,322.24637044230144,296.51858622273767,0.08315850450946334,0.018536617965232427,0.01836690887617002,0.2718562591664267,10348115.0,0.807354769443517,1
2025-12-23,322.8143310546875,324.6466524002949,320.00148308544306,320.51650136966475,6668300,310.7656280517578,305.5442230224609,278.9186089324951,314.0261721829876,310.3878346722884,3.6383375106991593,2.578373275082916,1.0599642356162433,61.62399280357081,310.7656280517578,323.125630458673,298.4056256448426,0.07954549210864893,0.008790166670989974,0.008751758070500017,0.27183591311234684,10134520.0,0.6579788682641112,1
2025-12-24,326.02337646484375,326.8355148620812,322.3884458193645,323.1213622604756,4289300,312.06162109375,306.0808441162109,279.4317622375488,315.87189591865774,311.5460229532184,4.325872965439316,2.9278732131541965,1.39799975228512,61.14619354431843,312.06162109375,325.12971940148805,298.9935227860119,0.08375331937285638,0.009940839366306298,0.009891754252747272,0.2688501935964525,9905125.0,0.4330384523163514,0
2025-12-26,324.7754211425781,327.6972031402456,323.4185221880518,325.9639318748006,4158300,313.0654327392578,306.52099609375,279.9447203063965,317.2416690300301,312.5259783746525,4.715690655377614,3.28543670159888,1.4302539537787338,60.93828562330305,313.0654327392578,326.81863107510316,299.31223440341245,0.08786149410049977,-0.0038278093301085114,-0.003835154141257737,0.2670184028558659,9717495.0,0.427918923549742,0
2025-12-29,320.6551818847656,324.63674268276935,320.43728371815735,323.8741142125664,8635300,313.5938323974609,307.02037658691404,280.45028732299807,317.7668248538356,313.1281415976238,4.6386832562117775,3.55608601252146,1.0825972436903175,56.797206995460094,313.5938323974609,327.67341774490717,299.51424705001466,0.08979503990755307,-0.012686425725559114,-0.012767585573964171,0.26712942622195257,9933140.0,0.8693424234431408,0
2025-12-30,320.3283386230469,321.83379757815135,319.40720581728044,321.7050354533748,7904300,314.31190032958983,307.5326324462891,280.9188793182373,318.1609038952528,313.6614895254329,4.499414369819874,3.7447516839811428,0.7546626858387313,73.64290011536255,314.31190032958983,328.21750088324745,300.4062997759322,0.088482813021563,-0.00101929823743252,-0.0010198180751574092,0.26142033039431584,9941990.0,0.7950420388674702,0
2025-12-31,319.1398010253906,321.77437689354394,318.9615289550125,321.2395304565584,5048500,315.0220458984375,307.92603576660156,281.37426559448244,318.3115034537355,314.0672903772816,4.244213076453889,3.844643962475692,0.3995691139781967,65.11860140204459,315.0220458984375,328.3504395504371,301.6936522464379,0.08461879938584767,-0.0037103729341126934,-0.0037172734420278146,0.2615241686423785,9831965.0,0.513478231462378,1
2026-01-02,322.36865234375,322.61626252061376,317.6739428368343,319.4171281542276,8054000,315.6831649780273,308.48840881347655,281.8407265472412,318.93568020604545,314.6822060785015,4.253474127543939,3.9264099954893417,0.32706413205459706,61.23750931885178,315.6831649780273,329.09584704679656,302.2704829092581,0.08497559297913662,0.010117357057894738,0.010066519209866015,0.2597147398789532,9807900.0,0.8211747672794381,1
2026-01-05,330.8468322753906,334.026138578159,322.08142570711647,322.3884599175412,10752600,316.57159118652345,309.279375,282.3293975830078,320.7681651397908,315.8795857967896,4.888579343001197,4.118843864991713,0.7697354780094843,67.85549955440922,316.57159118652345,331.52337823225776,301.61980414078914,0.09446069996170148,0.02629964132678797,0.025959752187630917,0.2712124155269983,9864140.0,1.0900696867643809,1
2026-01-06,332.90625,334.1598441675407,328.96642165340415,330.92639220894705,7660800,317.61548004150393,310.1030114746094,282.8288530731201,322.6355628105922,317.1408201822126,5.4947426283795835,4.394023617669287,1.1007190107102964,68.27830939482413,317.61548004150393,334.07133979642356,301.1596202865843,0.10362127030313059,0.006224686240595911,0.0062053929031204305,0.2704115372955681,9921235.0,0.7721619334689683,0
2026-01-07,325.3250732421875,330.45880399676645,322.947258062395,329.4539672046419,9815200,318.2718933105469,310.65815307617186,283.27763130187986,323.0493336462223,317.74706114961816,5.302272496604132,4.575673393456256,0.7265991031478762,63.67427818662393,318.2718933105469,334.86444727041453,301.67933935067924,0.10426653630817359,-0.02277270780531304,-0.023036011013233864,0.2858811692982966,10041135.0,0.9774990576264536,1
2026-01-08,328.11083984375,329.7126277455971,323.99190461809644,324.7281574581884,11737100,319.79556732177736,311.19551940917967,283.70899467468263,323.82802690738043,318.51474846029464,5.313278447085793,4.723194404182164,0.5900840429036291,66.47342531762735,319.79556732177736,333.8055281481944,305.7856064953603,0.08761823025720851,0.008563024588912116,0.008526569854552704,0.22042782209743272,9725530.0,1.206833972030316,0
2026-01-09,327.5138854980469,330.21007865256746,326.49908990111055,327.6631156796267,6738100,320.8139846801758,311.6969775390625,284.1224082946777,324.3950820751753,319.18135120383187,5.213730871343444,4.82130169761442,0.392429173729024,68.37726714418162,320.8139846801758,333.8816706981911,307.7462986621605,0.08146581285128626,-0.0018193679489144632,-0.0018210250089542024,0.1969734066126905,9118730.0,0.7389296535811456,0
2026-01-12,322.8377990722656,324.3600076252465,319.59441851466954,320.2411028663189,12805100,321.2385711669922,312.10194213867186,284.5129290008545,324.1555000747277,319.45219919408623,4.70330088064145,4.797701534219826,-0.09440065357837568,58.99553100181258,321.2385711669922,333.9688699352103,308.50827239877407,0.07925759800245419,-0.014277521145921401,-0.014380425605693794,0.19120612555444036,9272890.0,1.3809179231070356,0
2026-01-13,309.3169860839844,325.1957141371429,308.9886797025588,322.64875130423195,19371200,320.93066253662107,312.158642578125,284.85003074645994,321.8726517684595,318.70144266741204,3.1712091010474524,4.472403047585352,-1.3011939465378992,40.431707211754734,320.93066253662107,334.5170219497893,307.34430312345285,0.08466850319494106,-0.041881133582052144,-0.04278343102774511,0.24489407040187816,9792305.0,1.978206356930263,0
2026-01-14,306.30242919921875,310.17263725890126,304.5613395847709,306.6307659579143,25951500,320.3977416992187,312.12177307128906,285.1977487182617,319.4772329116532,317.78299722532364,1.6942356863295345,3.9167695753341882,-2.2225338890046538,35.266287464545115,320.3977416992187,335.40191090531533,305.3935724931221,0.09365964395705473,-0.009745849792895389,-0.009793651418856058,0.2458985671977133,10546675.0,2.460633327565323,1
2026-01-15,307.68536376953125,311.3466191836246,306.18304245620016,306.8993776774091,14751400,320.1553329467773,312.14762329101563,285.5404386138916,317.6630991974806,317.0350243767464,0.6280748207342413,3.259030624414199,-2.630955803679958,33.08560838327803,320.1553329467773,335.8358795272434,304.47478636631126,0.09795586683588241,0.0045149317748736095,0.004504770045271333,0.24228842973675016,10867680.0,1.3573642212505337,1
2026-01-16,310.8789978027344,315.5948534301565,308.42157308655703,308.76979706409315,14652500,320.10083160400393,312.2393273925781,285.90709106445314,316.6193912905966,316.57902240830106,0.0403688822955246,2.6152982759904644,-2.57492939369494,37.62650443954362,320.10083160400393,335.90824600309645,304.2934172049114,0.09876521919598036,0.010379544850873224,0.010326047243987155,0.2453718379154297,11164370.0,1.312434109582538,0
2026-01-20,301.19854736328125,309.56573031914434,300.323023148028,304.65088058894946,12900600,319.66036224365234,312.089287109375,286.21481216430664,314.24695376331726,315.4397279605218,-1.1927741972045283,1.8536837813514662,-3.0464579785559947,34.23650179923263,319.66036224365234,337.06243517681776,302.25828931048693,0.10887851600381508,-0.031138965667908414,-0.03163408879776219,0.26850360267395224,11237155.0,1.1480307960511358,0
2026-01-21,300.50213623046875,303.8450138204667,299.61665319654776,301.88504309324475,10270100,318.9765853881836,311.89085083007814,286.6025528717041,312.13236645057134,314.3332396842216,-2.2008732336502703,1.042772378351119,-3.243645612001389,34.032701177421316,318.9765853881836,338.25886198918386,299.69430878718333,0.12090089043704817,-0.0023121331059161587,-0.002314810213013938,0.2627850288499494,10525940.0,0.9756943322876627,1
2026-01-22,302.0840148925781,306.6307531542374,301.35772089620315,303.3077326815458,10535800,318.080712890625,311.7084039306641,287.08163047790526,310.5864662108801,313.42588969965544,-2.839423488775367,0.2663332049258217,-3.1057566937011885,36.350372450848695,318.080712890625,338.77567142377086,297.3857543574792,0.1301239446118947,0.0052641178593690885,0.005250310824327182,0.25300813744970235,10635000.0,0.9906723084156088,0
2026-01-23,296.2041015625,300.8304191049288,295.000271015744,300.4623078902987,11107900,316.7502014160156,311.3552703857422,287.5109053039551,308.3737947265139,312.15020168949576,-3.7764069629818664,-0.5422148286557159,-3.2341921343261504,29.913032069424403,316.7502014160156,339.4848722856638,294.0155305463674,0.1435495274700001,-0.019464496763157202,-0.01965642468272302,0.2557716088377805,10856980.0,1.0231113993025684,1
2026-01-26,299.5072021484375,300.243424572115,295.9354850066467,296.2936374196168,11752700,315.4243927001953,311.0933563232422,287.9447775268555,307.009703560656,311.2136832049729,-4.20397964431686,-1.2745677917879448,-2.929411852528915,23.86320889896531,315.4243927001953,338.96063063284066,291.88815476754996,0.1492353697262474,0.011151434326916343,0.011089715494938422,0.2566917229034792,11230150.0,1.0465309902361055,0
2026-01-27,298.7809143066406,300.4324657566407,296.6319086980451,299.7957098597862,11527400,314.1246673583984,310.72203247070314,288.28933464050294,305.7437359831152,310.292737360652,-4.549001377536797,-1.9294545089377153,-2.6195468685990817,20.892736010295394,314.1246673583984,338.3475872437999,289.90174747299693,0.15422488204509274,-0.002424942828042287,-0.0024278877637323596,0.2567602574980476,11598605.0,0.9938608996512943,1
2026-01-28,299.2385559082031,300.38272473319716,296.53240414079806,298.74110176244625,9556700,313.0538360595703,310.5763714599609,288.67164031982423,304.74293904851334,309.47390910491504,-4.730970056401702,-2.489757618430513,-2.241212437971189,24.671528088489325,313.0538360595703,337.9455039855284,288.1621681336122,0.15902483891761987,0.0015316962350975238,0.0015305243848789838,0.25536402469856295,11644675.0,0.8206927200630331,1
2026-01-29,304.8598327636719,305.2677184721844,300.6812055104527,300.86028172816947,11580000,312.28041076660156,310.6594140625,289.0374694061279,304.7609226969993,309.13212567223036,-4.3712029752310855,-2.8660466897906276,-1.5051562854404579,28.602818885510644,312.28041076660156,337.18163223923284,287.3791892939703,0.1594798816326808,0.018785269292614704,0.018611005138201117,0.26714150844529017,11828460.0,0.9789947296604968,0
2026-01-30,304.33251953125,306.36211063628633,301.0194578342246,303.6957636347891,11953200,311.54004669189453,310.79609130859376,289.4079207611084,304.69501451765325,308.77659929141697,-4.081584773763723,-3.1091543065852467,-0.972430467178476,28.63952820675486,311.54004669189453,336.4630498375501,286.61704354623896,0.1599987122702322,-0.0017296907488322244,-0.0017311883910966594,0.2670988500973244,12173695.0,0.9818875863080191,1
2026-02-02,306.5710754394531,307.72514241386267,299.83552643648,302.9097896135357,9839400,310.7501678466797,310.99655578613283,289.79736328125,304.9836392748532,308.61322715423444,-3.6295878793812335,-3.213241021144444,-0.4163468582367895,34.30603335072436,310.7501678466797,335.2254839219853,286.2748517713741,0.15752407308356747,0.0073556250631745534,0.0073287043848137435,0.26558022011901034,12262965.0,0.8023671273627544,1
2026-02-03,313.24688720703125,314.6397527673971,307.5261644294422,308.15296152215484,12688000,309.8701705932617,311.25407470703124,290.2374491119385,306.25490818749597,308.95646123221934,-2.7015530447233687,-3.110903425860229,0.4093503811368602,54.368521002485245,309.8701705932617,332.4990529005569,287.24128828596656,0.14605395713934677,0.021775739143063966,0.021542034378686167,0.2595182316499216,12359735.0,1.0265592263911807,1
2026-02-04,315.654541015625,317.68416242077944,312.809117891095,312.809117891095,9848800,309.007585144043,311.656611328125,290.6780473327637,307.70100554566966,309.45261529024935,-1.7516097445796959,-2.8390446896041226,1.0874349450244267,60.53809808735841,309.007585144043,329.11378689675297,288.901383391333,0.13013403372177762,0.007686122055548195,0.007656734308570678,0.2602282960041684,12469135.0,0.7898543082579506,0
2026-02-05,308.5807800292969,314.4009999973286,303.98430827226673,313.3961328396234,9388000,308.1703704833984,311.9248046875,291.09784339904786,307.8363554662277,309.3880349005492,-1.5516794343214997,-2.581571638547598,1.0298922042260985,50.89427712624361,308.1703704833984,326.75239396613233,289.5883470006645,0.1205957824795811,-0.022409818542664217,-0.022664734132697848,0.2598567818892589,12447775.0,0.7541910100399469,1
2026-02-06,320.7584533691406,322.59903993155126,313.10760555212,313.10760555212,17797400,307.802751159668,312.4369470214844,291.54615745544436,309.8243705282143,310.23028812044487,-0.405917592230594,-2.1464408292841974,1.7405232370536035,58.36565237255514,307.802751159668,324.9600403423709,290.64546197696507,0.11148236406634873,0.03946348615324524,0.03870470134328125,0.29771236362248765,12750790.0,1.3957880256831146,0
2026-02-09,320.4599914550781,324.73808529326595,318.4801031561584,319.70385137937853,11477500,307.4500564575195,312.8440765380859,291.9670337677002,311.46061990157796,310.9880439230103,0.4725759785676473,-1.6226374677138284,2.095213446281476,69.39107694444121,307.4500564575195,323.12745394160413,291.7726589734349,0.10198337684319647,-0.000930488069534996,-0.0009309212422876678,0.2976952420580519,12987760.0,0.8837166686172211,0
2026-02-10,316.659423828125,324.4694603347238,313.51550984428656,320.9076714905845,9902200,307.1411376953125,313.08328125,292.35046585083006,312.26043589027745,311.408146138204,0.8522897520734318,-1.1276520237563765,1.9799417758298083,65.3091898744133,307.1411376953125,321.7488499334828,292.53342545714224,0.09512051917097016,-0.011859725795086873,-0.011930613371987633,0.2963772068661284,12842615.0,0.7710423461265482,0
2026-02-11,309.2374267578125,323.6237932822943,307.15807190859783,321.5941717066872,8703500,307.1371597290039,313.0662860107422,292.7021339416504,311.7953575622059,311.24735211002684,0.5480054521790407,-0.7925205285692931,1.3405259807483338,56.10255069816556,307.1371597290039,321.74242024558276,292.531899212425,0.09510578615407872,-0.023438421571628232,-0.023717470307108628,0.26837897256729004,12309230.0,0.7070710353125257,0
2026-02-12,301.09906005859375,312.0231336727285,298.492374829366,310.68996020493864,13443400,306.87699127197266,312.9689276123047,293.0147287750244,310.1497733308809,310.49562677288367,-0.34585344200274903,-0.7031871112559844,0.3573336692532354,54.02093116300617,306.87699127197266,321.72816797635807,292.02581456758725,0.09678911829022341,-0.026317534667602005,-0.026670039445088584,0.282534167165745,11683825.0,1.150599225852835,0
2026-02-13,301.0094909667969,302.740652037527,295.0101951931391,297.0000117729552,9114500,306.54319763183594,312.8903796386719,293.3200093078613,308.74357604409875,309.79295004650686,-1.0493740024081148,-0.7724244894864105,-0.27694951292170433,51.30282754360623,306.54319763183594,321.6163079873538,291.47008727631805,0.0983424879231603,-0.00029747383395828386,-0.000297518088075741,0.2818703482357222,11401980.0,0.7993787044004638,1
2026-02-17,305.5661926269531,306.6705262718474,300.95976231603305,301.21844819128046,8896800,306.2775573730469,312.8187780761719,293.64807334899905,308.2547478260763,309.47985690431767,-1.2251090782413598,-0.8629614072374004,-0.3621476710039594,55.517800702021894,306.2775573730469,321.21558863709174,291.339526109002,0.0975457124065431,0.015138066396248151,0.015024629249208174,0.28489620505000823,11114195.0,0.8004898240493351,1
2026-02-18,307.2077941894531,310.6899733588093,305.6557396172298,306.8894162356143,7209600,306.5780197143555,312.70136779785156,293.9732118988037,308.09367803582654,309.31155596247584,-1.2178779266492938,-0.9339447111197792,-0.28393321552951467,56.358166451429426,306.5780197143555,321.3264443667212,291.8295950619898,0.09621319014394508,0.005372327181836223,0.005357947709989414,0.26170685308781233,10829645.0,0.6657281933064287,0
2026-02-19,306.48150634765625,307.6057576457843,303.5664321569553,305.6060125002564,6737700,306.87698822021486,312.5904284667969,294.2671551513672,307.84565162226187,309.1019226576744,-1.2562710354125102,-0.9984099759783254,-0.2578610594341848,51.40345530119393,306.87698822021486,321.346603954182,292.4073724862477,0.09430238362209,-0.0023641582522772042,-0.002366957286842122,0.26171595924524516,10653025.0,0.6324682425883728,1
2026-02-20,309.20758056640625,309.4165028225248,304.12358301143166,306.829734990155,7792700,307.23316650390626,312.53064392089846,294.57448341369627,308.0551791521303,309.1097491694323,-1.0545700173020123,-1.0096419842430628,-0.044928033058949435,54.064374175019516,307.23316650390626,321.55597320136314,292.9103598064494,0.09323737316800905,0.008894742952802126,0.008855417746405799,0.2627945603532967,10515870.0,0.7410418729025748,0
2026-02-23,296.1543884277344,309.4165036660153,293.5974666249826,307.22769310292153,12955400,307.23068084716795,312.5009844970703,294.83278007507323,306.224288271454,308.1500928181954,-1.9258045467414036,-1.1928744967427312,-0.7329300499986724,42.64230642549574,307.23068084716795,321.561561652727,292.8998000416089,0.093290688065675,-0.042214981000016416,-0.043131932248379516,0.2968352380443905,10608245.0,1.2212576161278326,0
2026-02-24,295.7862243652344,298.22376183621185,289.89638425356503,295.3086878147805,13554100,307.0446319580078,312.27379821777345,295.08854927062987,304.61843228588174,307.2342507105687,-2.6158184246869496,-1.477463282331575,-1.1383551423553746,36.46041924706668,307.0446319580078,321.8852473823577,292.2040165336579,0.09666748009702728,-0.0012431491035961306,-0.0012439224544363939,0.2939940673182928,10698315.0,1.2669378308640193,1
2026-02-25,301.75567626953125,302.113859047087,295.4977249020647,297.1194302945208,8095500,307.19337005615233,312.0219903564453,295.3541549682617,304.1780082833663,306.82843038160297,-2.6504220982366746,-1.712055045512595,-0.9383670527240797,39.78653531850614,307.19337005615233,321.74201750090236,292.6447226114023,0.09471980103015025,0.02018164272899292,0.019980692548477445,0.302810735406563,10526720.0,0.76904296875,1
2026-02-26,304.5712890625,307.4366298839601,302.0939770599508,303.02916294815697,7007800,307.4600067138672,311.80391296386716,295.6357514190674,304.23851301861765,306.66123472833607,-2.4227217097184166,-1.8541883783537592,-0.5685333313646574,46.856963778638466,307.4600067138672,321.5840754969903,293.3359379307441,0.09187581132311266,0.009330769938703076,0.009287507213018631,0.30436692675541094,10399275.0,0.6738738998632117,0
2026-02-27,298.7709655761719,301.4074969953331,292.9507760142178,298.4725052158334,18620800,307.1555633544922,311.4401153564453,295.8541611480713,303.39735187362595,306.0767703466943,-2.679418473068324,-2.0192343972966724,-0.6601840757716517,30.849262024398584,307.1555633544922,321.7696090953057,292.54151761367865,0.09515729151190584,-0.019044222796515298,-0.01922789973615387,0.30476667591674117,10751315.0,1.7319555793872656,0
2026-03-02,296.044921875,298.45261340621465,291.7170645432447,293.3089239524434,8508900,306.7411834716797,311.11034301757815,296.0444229888916,302.26620879691427,305.3336704599021,-3.067461662987853,-2.2288798504349088,-0.8385818125529441,29.597646481580753,306.7411834716797,322.1411263646468,291.34124057871253,0.10041001158482502,-0.009124192158079247,-0.009166072543786267,0.30618237948243665,10579100.0,0.804312276091539,1
2026-03-03,298.7311706542969,300.8503301542204,288.0259478174434,290.80175042735664,10278200,306.34918823242185,310.8455859375,296.2352167510986,301.72235677497315,304.84459640022766,-3.122239625254508,-2.4075518053988287,-0.7146878198556794,34.73402195803287,306.34918823242185,322.16097469892964,290.53740176591407,0.10322721308803764,0.009073787728847149,0.009032868260417895,0.30687926849039965,10601040.0,0.9695463841283497,0
2026-03-04,297.8656311035156,299.4674190034017,294.31380094003714,298.4625518350298,8055700,305.5801254272461,310.60273986816406,296.4126094818115,301.1290143639797,304.32763600787865,-3.198621643898946,-2.5657657730988523,-0.6328558708000935,39.099786284658535,305.5801254272461,321.4753292516745,289.6849216028177,0.10403296878162185,-0.0028973861311007987,-0.0029015916796602814,0.29472479967743004,10369425.0,0.7768704629234504,0
2026-03-05,292.0553283691406,299.7061758621692,290.9410358965662,296.46279534996694,12732500,304.40016479492186,310.16029296875,296.56060752868655,299.733062672466,303.4185761827869,-3.6855135103209022,-2.7897153205432623,-0.8957981897776399,40.9263458536666,304.40016479492186,320.64631926190737,288.15401032793636,0.10674208719913628,-0.01950645568892695,-0.01969921744586808,0.29822866776782614,10513610.0,1.211049297054009,0
2026-03-06,288.0060729980469,288.51345559776433,282.2654325280704,284.88204628210366,13496500,303.3714294433594,309.52038513183595,296.70150352478026,297.9289104148631,302.27690928021354,-4.347998865350462,-3.1013720295047023,-1.2466268358457597,37.9138708425708,303.3714294433594,321.0458299898523,285.69702889686647,0.11651987518351846,-0.013864685824104273,-0.013961698322916757,0.29261168745764776,10719035.0,1.259115209531455,1
2026-03-09,288.44384765625,289.61783224456605,279.02206418875625,284.04633930656934,12241100,301.75569915771484,308.8329754638672,296.84066459655764,296.46966999046106,301.25223804880886,-4.782568058347806,-3.4376112352733235,-1.3449568230744826,32.76593444196048,301.75569915771484,318.6275909158468,284.8838073995829,0.11182484244855119,0.0015200188442070495,0.0015188647848769497,0.2464511112845039,10441220.0,1.1723821545758062,0
2026-03-10,287.2598876953125,291.25940817695187,285.7177615952499,287.81703392074905,8344900,300.09569396972654,308.0577056884766,296.99666328430175,295.05278040659203,300.2157676522536,-5.162987245661554,-3.7826864373509697,-1.3803008083105848,29.735246465271516,300.09569396972654,315.7047610360957,284.4866269033574,0.1040272645027942,-0.004104646261508971,-0.0041130934450325195,0.2459823794748744,10284590.0,0.8113984125764858,0
2026-03-11,286.0560302734375,289.00098077209634,283.40957048917664,287.339470512306,10205000,298.5655242919922,307.28331787109374,297.1484574127197,293.6686650014913,299.1668982167857,-5.498233215294363,-4.125795792939648,-1.3724374223547144,29.449494974306575,298.5655242919922,313.31416030222584,283.8168882817585,0.098796644691031,-0.004190830232280396,-0.004199636373271189,0.24478913532449417,10299730.0,0.9908026715263409,0
2026-03-12,281.44964599609375,282.4345955757058,277.6789347371047,281.38992356011664,13760500,297.17613525390624,306.4992071533203,297.27702362060546,291.78881592373784,297.8545091634011,-6.065693239663233,-4.5137752822843655,-1.5519179573788673,23.090318251692565,297.17613525390624,312.8952922179636,281.4569782898489,0.1057901702007595,-0.016103083976032773,-0.016234147555854866,0.23875335665803996,10552580.0,1.3039939048081133,1
2026-03-13,281.996826171875,285.72773249785536,281.50933079451545,283.2205743771862,9091200,296.2210235595703,305.7325769042969,297.3858624267578,290.2823559619128,296.67986597884357,-6.397510016930767,-4.890522229213646,-1.5069877877171205,31.8818448598671,296.2210235595703,313.20686176363506,279.23518535550556,0.11468354271383362,0.0019441494546730276,0.0019422620420009365,0.22533744635572192,10334970.0,0.8796542225086285,1
2026-03-16,284.7029724121094,287.7971227560318,283.16084627757465,284.88204862524725,8149000,295.40569763183595,305.04384033203127,297.517060546875,289.42398926194306,295.79268867760396,-6.368699415660899,-5.186157666503097,-1.182541749157802,36.617042288813884,295.40569763183595,312.9790313619744,277.8323639016975,0.11897762210422978,0.009596371267614812,0.009550618570554082,0.2297075344671074,10286695.0,0.7921883559296742,1
2026-03-17,285.42926025390625,290.2744588762506,284.4940440114858,287.5285022187445,8961200,294.3988510131836,304.3050524902344,297.6475736999512,288.80941556839895,295.02502731288564,-6.215611744486694,-5.392048482099817,-0.8235632623868767,27.427825951941344,294.3988510131836,311.827947189868,276.96975483649925,0.1184046480935747,0.002551037088385444,0.0025477887165774237,0.22093547115018736,10289915.0,0.8708721111884792,1
2026-03-18,286.27490234375,287.93641255144826,283.6682474755719,285.36953215418885,10057000,293.3522064208984,303.4136138916016,297.7841297912598,288.4194904569145,294.37686990776444,-5.957379450849942,-5.505114675849843,-0.4522647750000992,23.24694332887104,293.3522064208984,310.0409598853446,276.66345295645226,0.11377963484959326,0.0029627028745808914,0.0029583227196851086,0.21984245100818758,10432285.0,0.9640265771113423,1
2026-03-19,286.5037536621094,288.0359209952396,283.1708046765218,285.4193072233837,9846700,292.3533187866211,302.4855639648438,297.9185932922363,288.12476171925215,293.79367611179,-5.668914392537829,-5.5378746191874395,-0.1310397733503894,28.571413340384282,292.3533187866211,308.0980662579153,276.6085713153269,0.10771040695991392,0.0007994110433215962,0.0007990916845014822,0.22033215863460104,10587735.0,0.9300100540861667,0
2026-03-20,285.1009216308594,289.2297850267638,283.81748141518966,286.61317132501995,22436500,291.1479858398437,301.6810809326172,298.0381460571289,287.6595555518071,293.14976837246184,-5.490212820654733,-5.528342259480898,0.03812943882616526,29.956236201548222,291.1479858398437,305.04221539218184,277.2537562875056,0.0954444490643403,-0.004896382729087878,-0.004908409284809593,0.21561958406851983,11319925.0,1.9820361000625004,1
2026-03-23,288.4338684082031,294.24412922690453,286.5037438804951,292.8114588483544,11470800,290.7619598388672,300.8875415039063,298.18441802978515,287.77868060663724,292.80044244918344,-5.021761842546198,-5.427026176093959,0.4052643335477608,31.57706226263042,290.7619598388672,304.4986392479619,277.0252804297725,0.09448745920344732,0.01169041039319807,0.011622605478842031,0.16853988681905702,11245695.0,1.020016993169386,1
2026-03-24,290.91119384765625,293.9755285514211,283.9169894005904,284.71293429347423,11092300,290.5182083129883,300.1554876708984,298.35421005249026,288.26060572064017,292.66049810832953,-4.399892387689363,-5.22159941841304,0.8217070307236769,38.23624456808464,290.5182083129883,304.0510024483686,276.985414177608,0.0931631391640748,0.008588885393816303,0.00855221076417148,0.17213292257580085,11122605.0,0.9972753684950603,1
2026-03-25,293.91583251953125,296.1245302289603,290.950994762599,292.6522795072885,12188200,290.12621612548827,299.57704833984377,298.52048583984373,289.13064061277726,292.75348584249264,-3.622845229715381,-4.901848580673509,1.2790033509581278,53.47717719259221,290.12621612548827,302.70931642916304,277.5431158218135,0.08674224943692921,0.010328370772313633,0.010275397589799258,0.15929744350651295,11327240.0,1.0760079242604552,0
2026-03-26,290.1749572753906,293.48798854194115,289.24969984697105,291.0902559049482,8669200,289.4063995361328,299.1942077636719,298.6631036376953,289.2913047147178,292.562483726411,-3.2711790116932207,-4.5757146668774515,1.3045356551842309,54.100791654164844,289.4063995361328,300.0000221265755,278.81277694569013,0.07320931815897914,-0.012727709195087478,-0.012809400387150552,0.15907636427612276,11410310.0,0.7597690159163073,0
2026-03-27,281.3998718261719,288.63284454259417,280.31542537678433,287.66781259849654,9873300,288.5378448486328,298.69615661621094,298.7527233886719,288.07723811648,291.73562358565255,-3.658385469172572,-4.392248827336476,0.7338633581639042,39.87411130813512,288.5378448486328,298.7399048263253,278.3357848709403,0.07071557620487884,-0.030240671116531836,-0.030707352823342214,0.17842930876119475,10972935.0,0.8997866113305146,1
2026-03-30,282.32513427734375,285.787426299191,280.89246381052374,283.2901966006573,11734400,287.85185546875,298.1889520263672,298.8491766357422,287.1922990643052,291.0385503035556,-3.846251239250421,-4.2830493097192655,0.43679807046884456,42.85301345402472,287.85185546875,297.7696180620563,277.9340928754437,0.06890879738923894,0.0032880699097952437,0.003282676028334868,0.17815385201045641,11134210.0,1.053905036818957,1
2026-03-31,292.6622314453125,293.56760164880984,283.4991344325332,287.0012007453536,12956900,287.5484085083008,297.8246166992187,298.99687393188475,288.0338271229217,291.1588229807228,-3.124995857801082,-4.051438619335629,0.9264427615345472,57.566104500544554,287.5484085083008,296.3760944725354,278.7207225440662,0.06139965100157924,0.036614158333540425,0.035959785115019356,0.22273637231793933,11268145.0,1.1498698321684715,1
2026-04-01,293.87603759765625,297.19902789200404,291.41861272257177,293.8859963972044,11267200,287.3489288330078,297.67816650390625,299.1667762756348,288.9326287344193,291.3600981375327,-2.4274694031133777,-3.726644776091179,1.2991753729778015,65.43115274714447,287.3489288330078,295.3351821873805,279.3626754786351,0.055585753437862304,0.004147464284507629,0.004138887261597685,0.22331508305806083,11428720.0,0.9858671837266115,0
2026-04-02,293.1000061035156,294.1148016905453,287.2499401451481,290.4237002119346,6669300,287.4011627197266,297.5301239013672,299.3062646484375,289.5737637142803,291.488980209087,-1.9152164948067139,-3.364359119834286,1.449142625027572,63.71005728523313,287.4011627197266,295.52942761051344,279.27289782893973,0.05656389705502709,-0.0026406763221814566,-0.0026441690580456417,0.21209992824076962,11125560.0,0.5994574655118484,1
2026-04-06,295.45001220703125,296.8299865722656,293.20001220703125,294.05999755859375,7142600,287.77335968017576,297.39744384765623,299.4616229248047,290.4778019439343,291.78238998671253,-1.3045880427782208,-2.952404904423073,1.647816861644852,63.388050021327565,287.77335968017576,296.6642033227863,278.8825160375652,0.0617905955748761,0.008017762042235033,0.007985790567573444,0.2069278798056448,10807865.0,0.6608705789718876,1
2026-04-07,297.3999938964844,298.17999267578125,292.70001220703125,293.1400146484375,7849100,288.2211669921875,297.4213616943359,299.60495468139646,291.5427545520189,292.19850879484375,-0.6557542428248553,-2.4930747721034296,1.8373205292785744,64.47125611581816,288.2211669921875,298.1013505900141,278.3409833943609,0.06855973626735343,0.006600039292219417,0.006578354394712921,0.2077648809491769,10588265.0,0.7413018091254799,1
2026-04-08,307.9700012207031,311.260009765625,305.3299865722656,307.9700012207031,10590200,289.25667266845704,297.59061767578123,299.79603561401365,294.070023270278,293.3667674930556,0.7032557772224095,-1.853808662238262,2.5570644394606714,71.2344192909564,289.25667266845704,302.4860863726094,276.0272589643047,0.09147179618784994,0.035541383796725334,0.03492436609280152,0.23866259516019392,10700530.0,0.9896892957638547,1
2026-04-09,310.3299865722656,311.260009765625,306.1099853515625,306.95001220703125,6586600,290.4703704833984,297.82159912109375,299.98287826538086,296.5715560859684,294.62330223966376,1.948253846304624,-1.093396160529685,3.041650006834309,72.386393222073,290.4703704833984,306.59953196169727,274.3412090050996,0.11105546807722123,0.00766303647176092,0.007633824547559188,0.23723953910890022,10519610.0,0.6261258734877053,0
2026-04-10,309.8699951171875,310.3500061035156,306.7200012207031,310.0,6069700,291.8913879394531,298.03422790527344,300.1527561950684,298.61746978307906,295.7526868972581,2.8647828858209436,-0.30176035125955913,3.1665432370805027,73.69201515806975,291.8913879394531,309.6042910027406,274.17848487616567,0.1213663971953954,-0.0014822655720735378,-0.0014833652144623153,0.22606888763309443,10135070.0,0.5988809154746835,1
2026-04-13,313.67999267578125,313.739990234375,305.4599914550781,307.4700012207031,8318200,293.4755462646484,298.21063110351565,300.32795120239257,300.9347809973409,297.080635473445,3.854145523895909,0.5294208237715344,3.3247247001243743,73.92993407636034,293.4755462646484,313.033544939104,273.91754759019284,0.13328537197316395,0.012295471064092123,0.012220495705707442,0.22724625740227122,10096420.0,0.8238761858163587,0
2026-04-14,311.1199951171875,314.32000732421875,308.8699951171875,309.82000732421875,11455500,294.79639739990233,298.34638061523435,300.4673435974121,302.5017370157789,298.1205880396481,4.38114897613076,1.2997664542433796,3.08138252188738,69.12525473306746,294.79639739990233,315.4000419502398,274.19275284956484,0.1397822004072043,-0.008161175779035967,-0.008194660481557389,0.231632834200864,10261745.0,1.116330604590155,0
2026-04-15,305.92999267578125,314.239990234375,304.260009765625,313.95001220703125,9885800,295.8214340209961,298.33355895996095,300.5888298034668,303.02916096347155,298.69906245713946,4.330098506332092,1.905832864661122,2.4242656416709703,60.91836519613009,295.8214340209961,316.50258733077675,275.14028071121544,0.13982187178710517,-0.0166816743470678,-0.01682238048071303,0.24358313470005438,10307975.0,0.959043847118372,1
2026-04-16,309.95001220703125,309.95001220703125,305.20001220703125,305.3500061035156,8208600,297.0051895141602,298.26762145996094,300.7166828918457,304.0939073086346,299.53246614231665,4.561441166317934,2.4369545249924847,2.1244866413254493,67.88067866053782,297.0051895141602,318.09186726751113,275.9185117608092,0.14199534888831036,0.013140325000793096,0.013054739859327459,0.2459060959449791,10215555.0,0.8035393084369865,1
2026-04-17,310.2900085449219,314.8999938964844,310.0899963378906,312.4700012207031,11082400,298.19450225830076,298.1603308105469,300.84378372192384,305.0471536526788,300.32932113510225,4.717832517576539,2.893130123509296,1.8247023940672435,80.82457442790346,298.19450225830076,319.46961677643026,276.91938774017126,0.14269286896309483,0.0010969392627850905,0.00109633806452379,0.24585548553545067,10277340.0,1.0783334987457844,1
2026-04-20,316.989990234375,317.1300048828125,310.3699951171875,310.8500061035156,10772000,299.78895568847656,298.3285150146484,300.9965859985352,306.88451312678586,301.5634447720854,5.321068354700458,3.3787177697475284,1.9423505849529294,82.92828294892296,299.78895568847656,321.702555138898,277.87535623805513,0.1461935073631784,0.021592643994152727,0.02136282523469408,0.25091471193355824,9694115.0,1.1111896238078462,0
2026-04-21,313.0,320.239990234375,312.75,317.489990234375,7084300,301.0172622680664,298.1733459472656,301.1028259277344,307.8253572611265,302.4105970111902,5.4147602499363074,3.7859262657852844,1.628833984151023,71.9678749808811,301.0172622680664,323.0048027003361,279.02972183579675,0.14608823604733334,-0.012587117439969986,-0.01266700629086484,0.25759508637668843,9474790.0,0.7476999490226168,1
2026-04-22,313.0199890136719,315.1499938964844,311.94000244140625,314.8500061035156,5545900,302.12270202636716,298.0245458984375,301.2290264892578,308.6245313769027,303.1964779002629,5.428053476639832,4.114351707956194,1.3137017686836376,71.2257859315628,302.12270202636716,324.1938290429508,280.0515750097835,0.14610704107007122,6.386266348834546e-05,6.38606243552674e-05,0.25745465910101556,9197470.0,0.6029810371765278,0
2026-04-23,311.69000244140625,314.989990234375,308.8900146484375,313.5199890136719,6969700,303.01141052246095,297.92515747070314,301.39386779785156,309.09614230990326,303.8256278662735,5.270514443629736,4.345584255090903,0.9249301885388332,70.36147171821906,303.01141052246095,325.12248919963605,280.90033184528585,0.14594221807720406,-0.004248887032602733,-0.004257939203310609,0.25774679943539075,8936545.0,0.7799099092546392,0
2026-04-24,308.2799987792969,311.1499938964844,307.8900146484375,311.1499938964844,5215300,303.9166625976562,297.9060089111328,301.53978622436523,308.97058176673306,304.15558126723823,4.815000499494829,4.439467503971688,0.375532995523141,63.7336819568389,303.9166625976562,325.2849515232532,282.54837367205926,0.14061939706073728,-0.010940369069907585,-0.011000655011127592,0.2563687363382426,8763850.0,0.5950923395539631,1
2026-04-27,311.6300048828125,312.5799865722656,306.8800048828125,306.8800048828125,7925300,305.4281692504883,298.1166278076172,301.67766586303713,309.3797237845915,304.7092422757993,4.670481508792193,4.485670304935789,0.1848112038564036,64.78905045268947,305.4281692504883,324.210381722971,286.64595677800554,0.12298939235744846,0.010866764359610537,0.01080814535934668,0.22494945370520938,8666450.0,0.9144805543215504,0
2026-04-28,311.45001220703125,315.45001220703125,311.1700134277344,315.20001220703125,7398600,306.88441314697263,298.3254382324219,301.8212001037598,309.698229695736,305.20855856700166,4.489671128734358,4.486470469695503,0.003200659038855136,54.61295931171911,306.88441314697263,322.3475379919845,291.4212883019608,0.10077491187280525,-0.0005775845488592557,-0.0005777514150707867,0.2258042222824192,8449660.0,0.8756091961096659,0
2026-04-29,309.25,312.04998779296875,307.2900085449219,310.57000732421875,8031800,307.713801574707,298.3991143798828,301.9446661376953,309.6292712810074,305.5079245990756,4.121346681931811,4.413445712142765,-0.2920990302109532,48.56231693296446,307.713801574707,321.6711195035476,293.75648364586647,0.09071622954456258,-0.007063773064066581,-0.007088839621748922,0.1959981181282796,8203405.0,0.9790812473600901,1
2026-04-30,313.2300109863281,314.1000061035156,306.57000732421875,307.07000732421875,8865400,308.68150024414064,298.5195587158203,302.0986280822754,310.1832312356721,306.0799309981313,4.103300237540793,4.3514166172223705,-0.2481163796815773,54.089601956453755,308.68150024414064,321.2097670456268,296.1532334426545,0.08117277382400544,0.012869881928304405,0.012787768771847206,0.19919391583743365,8083315.0,1.096753002944955,0
2026-05-01,312.4700012207031,316.0799865722656,311.8299865722656,313.95001220703125,6135400,309.65,298.63932861328124,302.25238739013673,310.53504200259994,306.55326953313664,3.9817724694632943,4.277487787670555,-0.29571531820726094,48.40916185390883,309.65,319.8929223054327,299.40707769456725,0.06615806430119638,-0.002426363180308977,-0.0024293115696581713,0.19911103199828212,8056620.0,0.7615352343786849,0
2026-05-04,307.6499938964844,310.6499938964844,306.510009765625,310.6199951171875,7338200,310.25999908447267,298.6081768798828,302.36193954467774,310.09118844781295,306.63450837486613,3.456680072946824,4.113326244725809,-0.6566461717789851,45.69371992458849,310.25999908447267,318.1176311888847,302.40236698006066,0.05065191856893324,-0.015425504225649811,-0.015545715127440862,0.20886143402148163,8066400.0,0.9097242884062283,1
2026-05-05,309.3999938964844,310.9700012207031,306.79998779296875,307.7099914550781,6316800,310.85999908447263,298.87308898925784,302.47349014282224,309.98485082453163,306.83935915424524,3.1454916702863898,3.919759329837926,-0.7742676595515361,54.7082776743042,310.85999908447263,315.91623424217926,305.803763926766,0.032530625828977436,0.0056882822516448606,0.005672165064678918,0.208626223382648,7989785.0,0.7906095095174651,1
2026-05-06,314.8999938964844,316.260009765625,311.3500061035156,311.45001220703125,8604700,311.20649871826174,299.2553643798828,302.61401916503905,310.7410266817551,307.4364432092259,3.3045834725292025,3.7967241583761817,-0.49214068584697923,56.45706160126179,311.20649871826174,316.37735677312435,306.03564066339914,0.03323104161487215,0.01777634165642583,0.017620190312561176,0.17811282277443732,7890510.0,1.090512527073662,0
