Date,Close,High,Low,Open,Volume,SMA_20,SMA_50,SMA_200,EMA_12,EMA_26,MACD,MACD_Signal,MACD_Hist,RSI,BB_Mid,BB_Upper,BB_Lower,BB_Width,Daily_Return,Log_Return,Volatility_20d,Volume_MA20,Volume_Ratio,Target
2020-10-15,328.06036376953125,329.0680595564649,322.4888510812605,327.79872598788944,3727300,328.17333526611327,328.10505249023436,293.77590515136717,331.9704818304609,329.5437282822129,2.42675354824803,2.31409985570079,0.11265369254723989,55.997153036901025,328.17333526611327,342.8052624724399,313.54140805978665,0.08917194442054047,-0.012051450351961646,-0.012124657845254313,0.26127764270207476,2977010.0,1.2520280415584764,1
2020-10-16,328.8646545410156,334.2714619234109,328.6999480824661,329.44603581238755,3324600,328.3928024291992,328.2919451904297,293.95824813842773,331.49266224746935,329.4934265236057,1.9992357238636487,2.251127029333362,-0.25189130546971317,51.298235555625475,328.3928024291992,342.9224988409421,313.8631060174563,0.08848973731618548,0.0024516548181645614,0.002448654415458086,0.25724766792874587,2942940.0,1.1296866398907215,0
2020-10-19,321.3746032714844,330.70565240419734,320.1730741579874,329.5622880278906,2937600,328.5963424682617,328.3700732421875,294.1174047851562,329.9360377896255,328.89203220863374,1.0440055809917794,2.0097027396650455,-0.9656971586732661,46.50416063198083,328.5963424682617,342.57559776394277,314.6170871725806,0.08508466765439601,-0.022775482758963128,-0.023038850636740254,0.25805281445010997,2866520.0,1.0247966175013605,1
2020-10-20,321.42303466796875,326.34533267267597,321.3842680338372,322.70206746181,2677800,328.4413101196289,328.54866271972656,294.2729483032227,328.6263450016783,328.33877313154744,0.2875718701308756,1.6652765657582118,-1.3777046956273362,44.75521004360476,328.4413101196289,342.6771586899183,314.2054615493395,0.08668732057550413,0.0001507007585270781,0.0001506894043084797,0.24462969842510315,2831645.0,0.9456693900541912,1
2020-10-21,323.0702819824219,325.8802568134246,321.01606432286275,322.1691277528365,2725300,328.89029998779296,328.65063720703125,294.441643371582,327.7715660756389,327.9485145279085,-0.17694845226964162,1.2968315621526412,-1.4737800144222828,41.19684291444006,328.89029998779296,341.71709750518585,316.06350247040007,0.07800046105263042,0.005124857700863794,0.005111770312594395,0.21430058845012145,2823215.0,0.9653179088379737,1
2020-10-22,323.2446594238281,324.96940489343734,319.0296827580718,323.0217882560251,2256000,329.1699279785156,328.7737145996094,294.58568466186523,327.07511889843727,327.60008081649516,-0.5249619180578975,0.9324728661105336,-1.4574347841684312,45.15354998525955,329.1699279785156,341.18320363935754,317.15665231767366,0.07299133146589278,0.000539750794583238,0.0005396051815172674,0.21112722630386305,2750700.0,0.8201548696695387,0
2020-10-23,319.3785705566406,325.26985799759325,318.11893565020233,325.26985799759325,2945400,329.08349456787107,328.84734497070315,294.69109481811523,325.89103453816085,326.99108005650595,-1.1000455183450981,0.5259691892194073,-1.6260147075645053,36.61631596909175,329.08349456787107,341.36294741599147,316.80404171975067,0.07462819041863464,-0.011960255968586297,-0.012032355290900326,0.2124539730856978,2744095.0,1.0733593406933797,0
2020-10-26,308.18701171875,317.08204577542307,304.47591278870607,316.277823039346,5173300,328.117610168457,328.6853350830078,294.7305586242676,323.16733871978994,325.59818610556107,-2.4308473857711306,-0.0653941257787003,-2.3654532599924303,32.810988078067666,328.117610168457,343.5533194132338,312.68190092368025,0.09408644197336445,-0.035041671137750474,-0.03567036110170955,0.23213198971401527,2846635.0,1.8173387174681686,0
2020-10-27,307.2665100097656,309.6404708911968,302.66395572271506,309.000954536563,4314900,327.2102279663086,328.43852294921874,294.7459259033203,320.7210573797862,324.2402841725392,-3.5192267927529883,-0.7561606591735579,-2.7630661335794304,23.44548526314388,327.2102279663086,345.232046164883,309.1884097677342,0.11015436962704012,-0.0029868283671358187,-0.002991297840902563,0.23177524928817544,2928405.0,1.4734642236985662,0
2020-10-28,282.33526611328125,292.6256055232857,279.6415613909444,292.32523061171537,11518200,324.96240692138673,327.67818054199216,294.6586882019043,314.8155510310931,321.1362087607423,-6.320657729649213,-1.869060073268689,-4.451597656380524,13.555787144858257,324.96240692138673,351.93387234944856,297.9909414933249,0.16599744988094353,-0.08113882601684119,-0.08462023007973413,0.35946796913530155,3340055.0,3.4485060874746076,1
2020-10-29,284.0793762207031,286.13356445157456,278.62413263251744,284.0987743245704,9582300,322.5501510620117,326.9256213378906,294.5627520751953,310.08690875257156,318.3912582022209,-8.30434944964935,-3.1561179485448214,-5.148231501104529,6.673488389243801,322.5501510620117,354.8522678740665,290.2480342499569,0.20029205818505152,0.0061774433333527945,0.00615844114675174,0.3532652266439913,3693990.0,2.594024347656599,0
2020-10-30,279.6802978515625,282.7906474936615,272.47124161116807,280.8527297853894,6892800,320.1376449584961,325.9898443603516,294.4156278991699,305.4089686139548,315.52377965772774,-10.114811043772931,-4.547856567590443,-5.566954476182488,6.2879249812818045,320.1376449584961,357.55070311331195,282.7245868036802,0.2337310762666868,-0.01548538449944692,-0.015606535405682914,0.35383648386758676,3929400.0,1.7541609406016185,1
2020-11-02,280.9690246582031,285.68784995877246,279.17644470742096,285.1064686814539,5094900,317.57568206787107,325.0841015625,294.25873474121096,301.64897723614683,312.9641681762815,-11.315190940134642,-5.901323442099283,-5.4138674980353585,8.706596906998584,317.57568206787107,358.3728899743284,276.7784741614137,0.2569290421786031,0.004607856958606993,0.0045972732853129476,0.3485088039929358,4080065.0,1.2487301060154679,1
2020-11-03,286.22076416015625,291.01709264614203,282.72280739298026,285.30994049060223,4097700,315.55794219970704,324.15680053710935,294.13644790649414,299.2754059936868,310.9831752861981,-11.70776929251133,-7.062612612181693,-4.645156680329637,16.173317912243903,315.55794219970704,358.420428275519,272.6954561238951,0.2716615894819442,0.018691524833891693,0.01851898498949621,0.35930378256649403,4157280.0,0.9856685140284032,1
2020-11-04,297.6642150878906,303.01285809491327,292.8581571821559,295.61969623192306,4790100,313.7992828369141,323.38055603027345,294.0598937988281,299.02753046971816,309.99658564187905,-10.969055172160893,-7.843901124177533,-3.1251540479833597,29.790035886133452,313.7992828369141,356.5628025995928,271.0357630742353,0.27255333011645894,0.039981204582806296,0.03920264047343899,0.3855203410944074,4243375.0,1.1288420184405101,1
2020-11-05,306.70458984375,309.43706130953973,303.8461489772259,305.357752215757,3794400,312.4127029418945,322.7200811767578,294.02530883789063,300.20861652726154,309.7527341012769,-9.544117574015388,-8.183944414145104,-1.3601731598702838,36.72047791144535,312.4127029418945,354.14471565775295,270.68069022603606,0.2671595125478631,0.030371049987282017,0.029918980075819068,0.40460099270995503,4333505.0,0.8755960821552069,0
2020-11-06,303.90435791015625,306.6658677942659,300.4645352317733,306.17171874221043,2978500,310.53534240722655,321.9072039794922,293.9830436706543,300.77719212462995,309.3195210500828,-8.542328925452864,-8.255621316406657,-0.28670760904620707,38.907380947121496,310.53534240722655,350.0882670312142,270.98241778323893,0.25474024513524857,-0.009130062041198372,-0.009171996495566237,0.3939210506920219,4326605.0,0.6884150505997196,1
2020-11-09,333.864501953125,345.91835396387523,330.3181085573305,336.1512605099366,10933700,310.17295227050784,321.4976409912109,294.1286987304687,305.86754748285995,311.13766778364146,-5.270120300781514,-7.658521113281629,2.388400812500115,55.72501203471165,310.17295227050784,348.6648743228073,271.6810302182084,0.2481965095314301,0.09858412116560022,0.09402218812230977,0.5404037230872418,4726145.0,2.313449968208762,0
2020-11-10,324.3880615234375,335.12411319614347,323.08966013720834,329.4363291464404,5330400,309.63711700439455,321.0520489501953,294.2052583312988,308.71685733525646,312.11917843103373,-3.4023210957772676,-6.807281109780757,3.404960014003489,50.565628552289034,309.63711700439455,346.9479447399799,272.3262892688092,0.2409971265496301,-0.028384091073623607,-0.028794708041715484,0.5462415055040813,4866475.0,1.0953308092613236,0
2020-11-11,322.0722351074219,327.2174040557734,320.7932023731836,326.93639771940065,2969900,309.1376190185547,320.5851104736328,294.2699971008301,310.77153083866654,312.856441888544,-2.084911049877462,-5.862807097800098,3.777896047922636,49.50584628935813,309.1376190185547,345.4381857743098,272.8370522627996,0.23485052948910948,-0.007139061792655665,-0.007164666831039682,0.5459073567731313,4903255.0,0.6056996831696495,0
2020-11-12,318.0994567871094,322.750446673447,316.17120888520975,318.84554433350377,3207700,308.6395736694336,319.9651593017578,294.2948959350586,311.8989040615039,313.2448133625118,-1.3459093010079073,-4.95942753844166,3.6135182374337527,49.461363213448934,308.6395736694336,344.11085554834176,273.1682917905255,0.22985569515398194,-0.012335053715473054,-0.012411761943341704,0.5459846297841091,4877275.0,0.6576828249381058,1
2020-11-13,324.63037109375,325.6768339269538,317.1790731342796,320.0471838348062,2393700,308.4278594970703,319.80218200683595,294.3935604858398,313.8575912972341,314.0881880092702,-0.23059671203611742,-4.013661373160552,3.7830646611244347,57.2072226318262,308.4278594970703,343.4384187443045,273.4173002498361,0.2270259198006512,0.020531045141053195,0.02032312430533508,0.5512402142069398,4830730.0,0.49551517058498407,1
2020-11-16,325.03729248046875,332.0137791970781,322.8280672513337,331.1901581733052,3312800,308.61099395751955,319.81826171875,294.45285873413087,315.577545325424,314.89923278491455,0.6783125405094665,-3.0752665904265486,3.753579130936015,57.824265781002296,308.61099395751955,343.94353689452265,273.27845102051646,0.22897786293294942,0.001253491425795339,0.0012527064613137577,0.5446791262746157,4849490.0,0.683123379984287,1
2020-11-17,326.0546875,327.2852547243127,320.45410593764035,322.82806719925924,3412700,308.8425765991211,319.9539904785156,294.4950476074219,317.18941335228186,315.72556276380976,1.4638505884720985,-2.1674431546468194,3.631293743118918,74.3838997273275,308.8425765991211,344.58701231248403,273.0981408857582,0.23147349764381311,0.003130087048680341,0.0031251985245618003,0.5447114328571736,4886235.0,0.6984314098687435,0
2020-11-18,325.51202392578125,330.3665170103938,324.46553185507054,326.0837060733667,3203400,308.96466369628905,319.88994201660154,294.5383837890625,318.46981497897406,316.4504858128447,2.019329166129353,-1.330088690491585,3.3494178566209376,73.42238566348115,308.96466369628905,344.9297111136545,272.9996162789236,0.23281010188737264,-0.0016643329938900164,-0.0016657195347046052,0.5446072062988692,4910140.0,0.6524050230746985,0
2020-11-19,323.5160827636719,328.63218584589936,321.1324515562316,325.0760927871149,2718700,308.9782348632813,319.9168255615234,294.5670112609863,319.24616386892757,316.9738633647578,2.2723005041697775,-0.6096108515593126,2.8819113557290903,75.47302245985512,308.9782348632813,344.966168089786,272.99030163677656,0.2329480148815588,-0.006131697189055152,-0.006150573245328781,0.5451851909703056,4933275.0,0.5510943541562147,0
2020-11-20,312.9737548828125,324.7562997915404,312.9737548828125,324.38809064278615,4142400,308.65799407958986,319.78570556640625,294.55402542114257,318.28117787106373,316.67755903276185,1.603618838301884,-0.16696491358707333,1.7705837518889571,66.79207108470658,308.65799407958986,344.3691746068763,272.9468135523034,0.23139644015231978,-0.03258671961777104,-0.033129490775315594,0.5562894437212751,4993125.0,0.8296207285016898,1
2020-11-23,321.733154296875,322.85715028411124,314.3012257638696,316.0841067735361,3219000,309.3353012084961,319.66621032714846,294.56900970458986,318.8122511673424,317.0520475708443,1.7602035964981155,0.21846878842996445,1.541734808068151,67.97098253169905,309.3353012084961,345.5195753762823,273.1510270407099,0.2339485601961577,0.027987648412699295,0.027603151798046843,0.5492298559505576,4895410.0,0.6575547298387673,1
2020-11-24,331.7618103027344,333.4283910139807,323.7485022810514,326.45190555224144,3529700,310.56006622314453,319.7368359375,294.63104904174804,320.8044910343258,318.14165962505837,2.662831409267426,0.7073413125974568,1.955490096669969,67.50569364730596,310.56006622314453,348.08297287549027,273.0371595707988,0.2416466940433009,0.031170726025349538,0.030694783978976205,0.5578409695744492,4856150.0,0.7268515181779805,0
2020-11-25,330.72503662109375,333.04083285993386,328.8064874827143,333.04083285993386,2535200,312.9795547485352,319.7342706298828,294.6722702026367,322.33072881690543,319.0737616247647,3.256967192140735,1.2172664885061124,2.0397007036346224,63.43629630995277,312.9795547485352,349.0518759138703,276.9072335832001,0.23050912187741826,-0.003125054329473853,-0.003129947508714828,0.45913574986865785,4407000.0,0.5752666212843204,0
2020-11-27,328.544921875,332.2366531493477,327.1302205018896,332.18818745914814,1402300,315.20283203125,319.7349462890625,294.69448501586913,323.28675851815075,319.775329050708,3.511429467442724,1.6760990842934347,1.8353303831492895,63.87945930372876,315.20283203125,349.1965149739319,281.2091490885681,0.21569401977525185,-0.006591925329776149,-0.006613748024804688,0.46215545234497657,3998000.0,0.3507503751875938,0
2020-11-30,326.06439208984375,327.55656761136026,319.93086525729643,327.1786889900322,4276200,317.52203674316405,319.76672790527346,294.67963958740233,323.7140867599497,320.2411855721255,3.4729011878241636,2.0354595049995807,1.4374416828245828,43.636374500682685,317.52203674316405,347.3901983607942,287.6538751255339,0.18813284220515253,-0.007550047558184447,-0.007578693443531856,0.45771546892193743,3867170.0,1.1057698523726653,1
2020-12-01,328.3608093261719,331.9944053401915,327.13991160297167,329.1262951661371,4210400,319.8916259765625,319.9878680419922,294.6748774719238,324.4289671547531,320.8426391835364,3.58632797121669,2.3456331982430028,1.2406947729736872,53.671218922856426,319.8916259765625,344.6284123840348,295.15483956909026,0.15465729265000924,0.007042833538521975,0.007018148619810198,0.4575518111458883,3822945.0,1.1013498755540558,1
2020-12-02,329.6592102050781,329.6785787384865,323.6322844437045,326.32598910147266,2972100,322.0635482788086,320.09057861328125,294.660587310791,325.23361993172614,321.4957185184654,3.7379014132607153,2.6240868412465455,1.11381457201417,57.14549317440281,322.0635482788086,341.3884691671281,302.73862739048906,0.1200068805774322,0.003954189544028486,0.003946392284356406,0.4560601771566225,3766665.0,0.7890534464838259,0
2020-12-03,324.73687744140625,331.6939947645383,323.74852050690276,328.0507000904627,3080300,323.41718139648435,320.3035064697266,294.62221633911133,325.1571980101385,321.73580436460924,3.4213936455292355,2.7835482021030837,0.6378454434261518,56.14134857514615,323.41718139648435,338.9706374089048,307.8637253840639,0.09618200211418645,-0.014931579677721518,-0.015044177966318684,0.4456746275955563,3681175.0,0.8367708679973106,1
2020-12-04,333.6610412597656,333.6610412597656,325.37642397583403,326.4616829068915,4323600,324.76500396728517,320.6236853027344,294.65138580322264,326.4654815870042,322.619155245732,3.8463263412722313,2.9961038299369136,0.8502225113353177,58.001368185099764,324.76500396728517,338.82027760585606,310.7097303287143,0.08655657762920008,0.027481214602642634,0.027110384595958072,0.44358199540660687,3707635.0,1.166134206846143,0
2020-12-07,330.3761901855469,337.18796949080047,329.4944341130541,332.70168543384654,2389800,326.0885955810547,320.8090643310547,294.73665481567383,327.0671290637031,323.19375042645896,3.873378637244116,3.171558791398354,0.7018198458457618,54.50084359462384,326.0885955810547,336.3447554006708,315.83243576143855,0.0629041307092679,-0.009844874492438538,-0.009893655696598034,0.4438821390586211,3678200.0,0.6497199717253004,0
2020-12-08,330.21148681640625,332.18814153218904,326.2484487638089,327.7793906990065,2224600,325.90594482421875,320.8632000732422,294.9261936950684,327.5508764102728,323.7135827516402,3.837293658632575,3.3047057648451985,0.5325878937873765,53.55541657443796,325.90594482421875,335.6986720280169,316.1132176204206,0.06009541930313661,-0.0004985328060358452,-0.0004986571148315841,0.27122127924280015,3242745.0,0.686023723727891,0
2020-12-09,326.393798828125,331.1029247073095,324.3008441361726,329.8432900138582,2962600,326.0062316894531,320.88279296875,295.1200469970703,327.37286447455773,323.91211727582424,3.460747198733486,3.3359140516228565,0.12483314711062965,50.714192493341066,326.0062316894531,335.77455898930185,316.23790438960435,0.05992724279671966,-0.011561342172217826,-0.011628694111086885,0.25425231215210253,3124355.0,0.9482277142002109,0
2020-12-10,321.229248046875,325.1244818003484,320.90950461665284,324.26209417443516,3506800,325.9640823364258,320.7615441894531,295.34704177856446,326.4276927164527,323.713386221828,2.7143064946247364,3.211592540223233,-0.49728604559849643,48.23821057586192,325.9640823364258,335.81084241143657,316.11732226141504,0.06041622748391017,-0.01582306649143661,-0.01594958761766739,0.2594954599569522,3151200.0,1.112845899974613,0
2020-12-11,317.2565612792969,321.2777351200319,315.425214618922,316.9367882575102,4179400,325.9219375610352,320.460185546875,295.53279754638675,325.01674941842873,323.23510289275157,1.7816465256771608,2.9256033373140187,-1.143956811636858,53.67110686988955,325.9219375610352,335.9165341345311,315.92734098753925,0.06133122948573687,-0.012367139019042295,-0.012444248491399468,0.25951570506793,3199785.0,1.3061502569703902,1
2020-12-14,320.8707580566406,328.2348521669139,317.4212664777193,318.78750217834596,3552400,325.7339569091797,320.3189923095703,295.65705581665037,324.3789045935382,323.05996623822483,1.318938355313378,2.6042703409138905,-1.2853319856005125,49.18926486730269,325.7339569091797,335.9693583139503,315.4985555044091,0.06284516052236085,0.01139203161873148,0.011327631067089094,0.2518373113963115,3257720.0,1.090455901673563,1
2020-12-15,323.2931213378906,324.8143938619582,317.4503005296056,322.8183409536736,3104600,325.6467483520508,320.14068908691405,295.86455032348636,324.21186101574625,323.0772369863482,1.1346240293980259,2.3103410786107177,-1.1757170492126918,40.71003603475727,325.6467483520508,335.93671873117864,315.35677797292294,0.0631971326672272,0.0075493425948849335,0.007520988919733924,0.25339330106052904,3247310.0,0.9560528560562435,0
2020-12-16,321.7912902832031,323.63230647183076,319.0297512151206,323.5935398320953,3393300,325.43357849121094,320.04500366210937,296.0145462036133,323.83946551843195,322.98198167500414,0.8574838434278149,2.019769631574137,-1.1622857881463222,40.298860615443964,325.43357849121094,335.86365538648795,315.0035015959339,0.0640995741351177,-0.004645416049906759,-0.004656239527758604,0.2535620894211902,3246340.0,1.0452694418945643,1
2020-12-17,326.4423522949219,327.8279568698806,323.0509950561821,324.15562275053867,2725500,325.48009490966797,319.9171026611328,296.2439144897461,324.2399096378919,323.23830542462764,1.0016042132642724,1.8161365479121643,-0.8145323346478919,47.83310740895667,325.48009490966797,335.919938521662,315.04025129767393,0.06415042747785517,0.014453660344956543,0.014350201906786467,0.25900805235075264,3222445.0,0.8457863516677554,1
2020-12-18,329.7657775878906,330.99637434632683,323.9714221474569,326.06437697169173,8443700,325.7925796508789,319.8236944580078,296.5078495788574,325.09004316866094,323.7218218811656,1.3682212874953166,1.726553495828795,-0.35833220833347834,53.74947832457949,325.7925796508789,336.35827276927665,315.22688653248116,0.06486147185868997,0.010180741774481028,0.01012926709508525,0.2601316248289321,3508695.0,2.406507262671734,0
2020-12-21,323.9908447265625,325.7155907161496,317.08216171486663,322.8668486388124,3642500,326.3434341430664,319.47447998046874,296.8635415649414,324.92093571603044,323.7417494993432,1.179186216687242,1.6170800400004846,-0.43789382331324256,45.864688578806714,326.3434341430664,335.08674502341626,317.6001232627166,0.053583494966329484,-0.017512226112635254,-0.017667379196691264,0.2388883006257187,3483700.0,1.0455837184602579,0
2020-12-22,321.9268798828125,324.8143879102729,321.30676159338947,323.78729389163664,2403100,326.3531204223633,319.090771484375,297.1193569946289,324.4603117416892,323.60731471293354,0.8529970287556807,1.464263437751524,-0.6112664089958433,42.78737570845823,326.3531204223633,335.07532981482257,317.63091102990404,0.05345258768275944,-0.0063704418731088674,-0.0063908197279985935,0.21933782303739277,3442905.0,0.6979861483253241,0
2020-12-23,319.0102844238281,324.8046385426089,318.8164808551251,323.7581761543223,2760600,325.71554412841795,318.7688818359375,297.4127505493164,323.6218460004798,323.2667939507776,0.3550520497022376,1.2424211601416668,-0.8873691104394292,44.450654775951946,325.71554412841795,334.63505193789007,316.7960363189458,0.05476869600030805,-0.009059807183687374,-0.00910109681002174,0.18805838710994424,3404450.0,0.8108798778069879,1
2020-12-24,325.5702209472656,325.9287310426589,320.0956085626551,320.3862844318168,1308900,325.4578033447266,318.63904235839846,297.87530532836917,323.921595992293,323.4374181727397,0.48417781955333794,1.090772492024001,-0.606594672470663,41.78309757881557,325.4578033447266,334.0600819961759,316.8555246932773,0.052862635727542955,0.020563401381512136,0.020354829100296214,0.20411063684588324,3343135.0,0.39151873914753665,1
2020-12-28,333.7773132324219,334.8625425984727,326.41321880099946,327.3724787637975,3449100,325.7194229125977,318.7533813476563,298.2413278198242,325.4378601830821,324.2033363253087,1.234523857773354,1.1195227651738715,0.11500109259948244,53.140172843624754,325.7194229125977,335.0079131130923,316.4309327121031,0.05703368940934815,0.025208362918688332,0.024895872827891043,0.22234830303117528,3445475.0,1.0010521045719385,1
2020-12-29,335.8993225097656,337.92444322322876,334.05830636755195,336.9845518327429,2822700,326.21116943359374,318.8940747070312,298.783755569458,327.0473159256488,325.06970567230553,1.9776102533432436,1.291140262807746,0.6864699905354976,55.06825787286485,326.21116943359374,336.5576541936636,315.86468467352387,0.06343427650276143,0.006357559945562086,0.006337435909473118,0.22082743422801737,3372800.0,0.8369010910815939,1
2020-12-30,344.51336669921875,346.71292259300014,336.432252045099,337.8566229830367,4200600,327.01879730224607,319.35684997558593,299.35849349975587,329.7344006600441,326.5099768594843,3.224423800559805,1.6777969703581577,1.5466268302016473,64.87436969400598,327.01879730224607,340.2040403718921,313.8335542326,0.08063905303559435,0.025644720343854566,0.02532141031305968,0.2362648537299635,3372310.0,1.2456150235298653,1
2020-12-31,345.8602294921875,348.2535594165313,342.2847683993362,344.0095142448358,2881700,327.82884826660154,319.8455938720703,299.9879768371582,332.2152974034508,327.9433289063512,4.271968497099579,2.1966312757064417,2.075337221393137,71.57168377737794,327.82884826660154,343.4607633306149,312.1969332025882,0.09536631780068941,0.003909464546682395,0.0039018424492494584,0.23626127742140277,3367790.0,0.8556649909881554,0
2021-01-04,340.579345703125,347.013246830483,336.5775408158761,346.88727744541757,4638400,328.6209716796875,320.1957751464844,300.59481941223146,333.50207406493917,328.8793301505567,4.622743914382454,2.681853803441644,1.9408901109408099,69.9684107387811,328.6209716796875,345.17175707662983,312.07018628274517,0.10072872289523059,-0.01526883792570255,-0.015386606967005355,0.2365942253990395,3445695.0,1.346143521118381,0
2021-01-05,336.6357421875,342.04252029051696,334.71719275983264,337.97288074223394,2990700,328.7697067260742,320.46359680175783,301.25784492492676,333.9841768530255,329.45387919033027,4.5302976626952045,3.0515425752923564,1.4787550874028481,63.42189512782819,328.7697067260742,345.5628893315853,311.9765241205631,0.10215772476570004,-0.011579103563909454,-0.011646663411590603,0.22204981207473815,3379050.0,0.8850712478359302,1
2021-01-06,336.7616882324219,343.0405531904619,333.8645102882627,339.5426253982426,3966800,329.08898162841797,320.81125915527343,301.9606810760498,334.4114862960095,329.99519837863335,4.416287917376167,3.3244916437091185,1.0917962736670481,61.93340796140971,329.08898162841797,346.2495509640328,311.92841229280316,0.10429136369561719,0.00037413152894427704,0.0003740615591951841,0.21865001094558362,3457900.0,1.1471702478382833,1
2021-01-07,339.4296875,341.8648669033031,337.99382935946664,338.5468431822331,3100200,329.54989166259764,321.4361126708984,302.5139089202881,335.18351725046955,330.69404942466053,4.489467825809015,3.557486880129098,0.9319809456799173,65.3115451394868,329.54989166259764,347.32169566701924,311.77808765817605,0.1078550134837663,0.007922514231300415,0.007891295892183996,0.2199000231399333,3501680.0,0.8853464622695392,1
2021-01-08,343.3006896972656,344.39700578865865,339.07065881087607,340.8849038366998,3371500,330.3952362060547,322.15679626464845,302.99283363342283,336.4323130115151,331.6278746300387,4.804438381476359,3.8068771803985504,0.9975612010778088,64.83530649009411,330.3952362060547,349.11790588823055,311.6725665238788,0.11333498568060028,0.01140443025410276,0.011339889972624213,0.21694214826442523,3522125.0,0.9572346239841005,0
2021-01-11,337.8192138671875,342.88359252009576,337.4214335399022,341.6126199775297,2403000,331.2247344970703,323.26647521972654,303.4120221710205,336.6456823739262,332.086492351309,4.5591900226172015,3.957339748842281,0.6018502737749207,56.827682988734495,331.2247344970703,349.7059965137595,312.7434724803811,0.11159348980836849,-0.01596698170024613,-0.01609582731016948,0.21710493147910093,3466935.0,0.6931194268135976,0
2021-01-12,332.69659423828125,337.62513198816424,326.011990488054,336.73254677273405,4858100,331.99673614501955,324.23881958007814,303.88053344726563,336.03813035305774,332.13168508367727,3.9064452693804697,3.947160852949919,-0.040715583569449265,57.46326057131735,331.99673614501955,349.27180332826975,314.72166896176935,0.10406769285650011,-0.01516379003510493,-0.015279935936414035,0.21987300951318856,3500870.0,1.38768363292553,1
2021-01-13,336.00494384765625,339.33270868225105,333.96757426895493,339.18715690568746,4125700,332.7534454345703,325.3653125,304.3385649871826,336.03302473684215,332.4185931402683,3.6144315965738656,3.8806150016747085,-0.26618340510084293,61.81671753918413,332.7534454345703,349.2864039431415,316.2204869259991,0.09937062251589573,0.009944044113074257,0.009894927450184585,0.21915257954384687,3529535.0,1.168907518979129,0
2021-01-14,317.1833190917969,339.1580549754528,316.9504836200016,338.2946036957014,8712200,332.4479553222656,326.0895983886719,304.7588957214355,333.1330700222198,331.29005432186295,1.8430157003568297,3.473095141411133,-1.6300794410543031,48.78966355776563,332.4479553222656,349.91626361327036,314.97964703126087,0.10508898016275338,-0.05601591613602286,-0.057645973292356587,0.3004189354803885,3809915.0,2.28671768267796,0
2021-01-15,313.62274169921875,319.86103864645486,312.2838785493359,317.77514196860443,7911500,332.0395278930664,326.6376379394531,305.22391036987307,330.13148104945043,329.9813644979634,0.15011655148703085,2.808499423426313,-2.658382871939282,41.757413474895685,332.0395278930664,350.88466644256,313.1943893435728,0.11351141636102238,-0.01122561363811081,-0.011289096374444252,0.3024427818484383,4035825.0,1.960317902783198,1
2021-01-19,316.22283935546875,319.3177390978031,314.9810008412362,317.2415241400737,4625200,331.52855224609374,327.00881042480466,305.6523701477051,327.9916900196071,328.96221448740823,-0.9705244678011127,2.052694645180828,-3.023219112981941,36.873608290991605,331.52855224609374,351.5313350124651,311.5257694797224,0.12067004564676699,0.008290526516548491,0.008256348872099712,0.299008045628277,4130810.0,1.119683548747098,1
2021-01-20,324.9254455566406,327.85540066432236,319.3177639163673,320.1521108169471,5081000,331.2865356445312,327.3732275390625,306.13326972961426,327.5199601022277,328.6631945666106,-1.1432344643829424,1.413508823268074,-2.5567432876510163,42.52946108709978,331.2865356445312,351.4951891591006,311.07788212996184,0.12200105552284307,0.027520485929826144,0.02714860483410008,0.31389365840893046,3962675.0,1.2822146655983648,0
2021-01-21,324.4694519042969,326.81728865451856,321.8596456268997,324.4403474688071,3484900,331.31046600341796,327.78452941894534,306.47239112854004,327.05065114869984,328.3525469619948,-1.3018958132949479,0.8704278959554697,-2.1723237092504175,34.65000413665257,331.31046600341796,351.4838462574526,311.1370857493833,0.12177931169748528,-0.001403379324640408,-0.001404364983681762,0.30749188145850476,3954795.0,0.8811834747439501,0
2021-01-22,319.181884765625,325.1582416074685,319.1042828152632,320.54017056295277,3846600,331.17321624755857,327.4908770751953,306.81817626953125,325.84007170514985,327.6732386511526,-1.8331669460027342,0.32970892756382886,-2.162875873566563,30.73218898498594,331.17321624755857,351.65046462921975,310.6959678658974,0.12366488216458926,-0.01629603991266171,-0.0164302807651761,0.3123088213418627,4026970.0,0.95520949994661,1
2021-01-25,319.37591552734375,320.11326724794895,307.77248531276825,317.7460081944126,6257700,331.1914978027344,327.39063415527346,307.10563415527344,324.84558613933353,327.058622123463,-2.213035984129476,-0.17884005477483217,-2.034195929354644,33.471877685129414,331.1914978027344,351.623628281491,310.75936732397776,0.12338559784482443,0.0006079002944081591,0.0006077155978717835,0.31056905252172934,4201825.0,1.4892814431824266,0
2021-01-26,317.9302978515625,320.68562543157026,316.10634151927724,320.16171615133214,3503100,330.8095016479492,327.30779541015625,307.39335479736326,323.7816956335226,326.3824499551741,-2.6007543216514932,-0.6632229081501644,-1.9375314135013288,34.828217821782175,330.8095016479492,351.95727266371824,309.6617306321802,0.12785467715056562,-0.004526382878290325,-0.004536657966984856,0.30142943217194235,4311535.0,0.8124948539209353,0
2021-01-27,306.0843505859375,313.37046594033495,303.7850116566825,310.8091575178267,7449400,329.424853515625,327.0674932861328,307.6511323547363,321.05902716466335,324.87888703893435,-3.8198598742710033,-1.2945503013743322,-2.525309572896671,29.092806653463896,329.424853515625,353.21567094090597,305.634036090344,0.14443850955011536,-0.037259573389748835,-0.03797145013271428,0.31076977000666367,4511550.0,1.6511841828196518,1
2021-01-28,314.6122741699219,319.19155850358464,312.3808556648249,317.33849757453834,6906400,328.3605010986328,326.86713134765625,307.9158837890625,320.0672190116262,324.1183971967853,-4.051178185159074,-1.8458758781312807,-2.205302307027793,34.33747075856135,328.3605010986328,352.8268090047266,303.89419319253903,0.14902101698733008,0.027861351185251237,0.02748028554898707,0.3292267199507614,4715735.0,1.4645437031554995,0
2021-01-29,306.86053466796875,315.97057758135406,303.06709895424405,314.1466208077202,7627200,326.4778594970703,326.50359619140625,308.2075045013428,318.0354214202943,322.84003700946556,-4.804615589171249,-2.4376238203392746,-2.366991768831974,28.07614359896344,326.4778594970703,351.49910419054225,301.45661480359837,0.15327988692413289,-0.024639024406804988,-0.024947645125379125,0.31931090324214145,4887065.0,1.5606913351878888,1
2021-02-01,311.9733581542969,313.874916559686,308.1120028790048,311.34274246762686,4930700,324.7835159301758,326.2219696044922,308.5748528289795,317.10279630244855,322.0350978350086,-4.932301532560075,-2.9365593627834348,-1.9957421697766402,34.380812815849254,324.7835159301758,348.8495918514111,300.71744000894046,0.14819764391250212,0.01666171732334476,0.01652443373281467,0.3274399830260947,4989515.0,0.9882122811535791,1
2021-02-02,324.4014587402344,326.13810195466704,313.8070320954884,313.8070320954884,5686000,323.97462158203126,326.19975830078124,308.94050178527834,318.2256674467233,322.2103838279883,-3.9847163812650024,-3.1461907664797484,-0.838525614785254,45.39379209626477,323.97462158203126,346.8640012237724,301.08524194029013,0.1413035350112785,0.039837057431650225,0.03906402533189556,0.3610782557691648,5041895.0,1.1277505779077113,0
2021-02-03,322.89764404296875,325.9828315932574,321.1998167950872,323.8872241229413,4036800,323.2877166748047,326.1873895263672,309.33845314025876,318.9444330769149,322.26129199206093,-3.3168589151460424,-3.180324396213007,-0.13653451893303536,42.57279696534341,323.2877166748047,345.3882368659904,301.187196483619,0.13672353789684263,-0.004635659479169663,-0.004646437470203174,0.35951951525149395,5094200.0,0.7924306073573868,1
2021-02-04,330.66888427734375,333.0167502856518,325.07091489492007,325.37167055277695,4537500,322.98307647705076,326.5412921142578,309.8060932922363,320.7481948000578,322.8840766057856,-2.13588180572782,-2.9714358781159698,0.8355540723881498,58.735523162741934,322.98307647705076,344.4607727568482,301.5053801972533,0.13299579974323217,0.02406719397847601,0.023782143584081268,0.37110120874619096,5122735.0,0.8857573151841741,0
2021-02-05,328.6510009765625,334.0646339578492,327.3315602471028,332.3085970297401,2964800,322.4441421508789,326.67964904785157,310.2077778625488,321.96401113490464,323.3112561888061,-1.3472450539014744,-2.6465977132730707,1.2993526593715963,59.93336151960586,322.4441421508789,342.6897897813815,302.19849452037636,0.12557615403060518,-0.0061024287337806404,-0.006121124651147422,0.3701418649579108,5115965.0,0.5795192109406534,0
2021-02-08,326.9821472167969,331.30917326145766,325.52686661091116,329.863604000761,2652800,321.62821502685546,326.5840557861328,310.60619247436523,322.7360320705804,323.58317404273134,-0.8471419721509506,-2.2867065650486467,1.4395645928976961,57.20031549284729,321.62821502685546,339.51230293165884,303.7441271220521,0.11120969535157285,-0.005077890390738915,-0.005090826687461884,0.367220227528007,5080030.0,0.5222016405414929,0
2021-02-09,323.4991760253906,326.19629487096813,320.16173016654886,325.9343550232616,2993300,320.91221313476564,326.4395385742188,310.9731775665283,322.8534388328589,323.5769519673728,-0.7235131345138939,-1.974067878941696,1.2505547444278022,48.9738257049459,320.91221313476564,337.13657252238073,304.68785374715054,0.10111400391484476,-0.010651869593042207,-0.01070900686401827,0.3650510546056625,5109545.0,0.5858251566431062,1
2021-02-10,324.2462463378906,325.4686916486195,322.3446877716835,325.01270249364626,4246300,320.4896957397461,326.35356506347654,311.3131620025635,323.0677169105561,323.6265293281519,-0.5588124175957887,-1.6910167866725148,1.132204369076726,49.84007759538276,320.4896957397461,335.8383829713362,305.14100850815595,0.09578271898048196,0.002309342242161838,0.002306679809556984,0.36189259321087197,5078955.0,0.8360578111048435,1
2021-02-11,332.6481018066406,339.1677613920213,330.10621591727545,335.1996990431114,5110800,320.3218536376953,326.4852392578125,311.69766860961914,324.5416222791845,324.2947939561881,0.24682832299640722,-1.3034477647387304,1.5502760877351376,59.23610474454984,320.3218536376953,335.0156113065377,305.6280959688529,0.0917437102837323,0.02591195908554811,0.02558193320856104,0.3725990364506225,5128210.0,0.9966050532251994,0
2021-02-12,330.83380126953125,332.8905931853435,326.6620085804977,331.15394998528063,3025100,321.004377746582,326.5346990966797,311.98084747314454,325.5096498161609,324.7791648682875,0.7304849478733786,-0.8966612222163086,1.6271461700896872,57.68777775775674,321.004377746582,336.3384801212865,305.6702753718775,0.09553827572289418,-0.005454113603101107,-0.0054690415847130506,0.31021274083723427,4843855.0,0.6245232361414617,1
2021-02-16,331.03759765625,333.7444284914571,327.9912249550119,332.9682905008626,2916900,321.87512054443357,326.5622668457031,312.30718643188476,326.36010333002076,325.2427524822107,1.117350847810087,-0.4938588082110295,1.6112096560211167,58.94350453776138,321.87512054443357,337.42065904740474,306.3295820414624,0.09659360112503737,0.0006160083580839526,0.0006158187028174939,0.3061917458792476,4594125.0,0.6349195984001306,0
2021-02-17,327.2733154296875,330.232404880219,325.82774562156936,328.93235726624516,2267000,322.42764434814455,326.61299560546877,312.64481185913087,326.50059749920024,325.3931645523941,1.1074329468061137,-0.1736004572076009,1.2810334040137146,66.25003978722728,322.42764434814455,337.91270994939697,306.94257874689214,0.09605296489113853,-0.01137116222813861,-0.011436308221288907,0.30952126948620673,4476215.0,0.5064546720834455,1
2021-02-18,328.3694763183594,329.8150750490066,322.9170302386651,324.5178328309826,2393700,322.59984588623047,326.5071643066406,312.98540512084963,326.7881173175324,325.6136320906138,1.1744852269185913,0.09601667961763752,1.0784685473009537,61.90792671329854,322.59984588623047,338.27727020541204,306.9224215670489,0.09719424555900402,0.003349374473848199,0.0033437778125596294,0.2945114378314641,4341850.0,0.551308773909739,0
2021-02-19,323.2372741699219,328.89345237359186,321.13195497244516,328.3501499241326,4095800,322.5382369995117,326.3643859863281,313.27752639770506,326.24183375636153,325.4376055779699,0.804228178391611,0.23765897937243224,0.5665691990191788,64.84870252013971,322.5382369995117,338.1943959231666,306.8820780758568,0.09708094810277404,-0.015629352051777623,-0.01575277810987697,0.3001283049021451,4372395.0,0.9367406192715891,1
2021-02-22,330.5039367675781,333.86077580002217,318.9683980859356,320.16173886230695,4940300,323.1043395996094,326.37023498535154,313.61342391967776,326.89754191193333,325.81288936979274,1.0846525421405886,0.40705769192606356,0.677594850214525,66.17001672365492,323.1043395996094,339.06531544732087,307.1433637518979,0.09879765692711105,0.02248089307248713,0.022231922278550104,0.30378022105487096,4427080.0,1.115927428463005,1
2021-02-23,339.97308349609375,343.7179926677586,328.32112328726345,330.4943336000319,6326600,324.1341979980469,326.6418206787109,313.9675257873535,328.9091636941119,326.8617926384076,2.047371055704275,0.7351203646817059,1.312250691022569,64.32789459407701,324.1341979980469,341.66322217432304,306.60517382177073,0.10815905439500571,0.02865063218649233,0.0282478775167232,0.31814560548456233,4430525.0,1.4279571834037728,1
2021-02-24,356.3692626953125,357.795439436948,340.1186228414433,342.3500421424481,7467400,326.0561462402344,327.34462097167966,314.3844227600098,333.1337943096812,329.04753116114136,4.086263148539842,1.4053489214533332,2.680914227086509,74.17330581579766,326.0561462402344,348.4697233699715,303.6425691104973,0.13748292978487855,0.048227874485266886,0.047100999748688144,0.3539811684208624,4628740.0,1.613268405656831,0
2021-02-25,343.99932861328125,356.36921706752037,341.70967111904565,353.6914905629406,5207500,327.95189514160154,327.87947631835937,314.74531784057615,334.80541497177353,330.15507171315176,4.650343258621774,2.0543477888870214,2.5959954697347527,59.027637700760216,327.95189514160154,349.6554383056032,306.2483519775999,0.13235808961939732,-0.0347110016965948,-0.03532774237121149,0.3499469145920697,4516645.0,1.15295756031302,0
2021-02-26,343.3006896972656,348.6755341838983,336.77132026551624,346.43437488450337,4868500,329.3863159179688,328.32807495117186,315.1467938232422,336.11238031415695,331.1288211934565,4.983559120700477,2.640190055249713,2.343369065450764,60.1015540334375,329.3863159179688,351.16968345165304,307.6029483842845,0.13226637829793303,-0.00203093104522023,-0.002032996182249791,0.3412541898275674,4414750.0,1.1027804518942181,1
2021-03-01,352.0809326171875,355.5251149776368,348.4718350113721,349.927115826495,4382900,331.6473358154297,328.9038311767578,315.6064276123047,338.5690806684694,332.6808294470662,5.888251221403209,3.2898022884804123,2.5984489329227967,65.76092684798326,331.6473358154297,352.96862400070717,310.32604763015223,0.12857807606296173,0.025575954792472544,0.025254361894290003,0.330592961105252,4252535.0,1.0306558323447073,0
2021-03-02,352.00335693359375,355.6803454165839,348.6270945317835,351.20779625610004,3559200,333.64883575439455,329.5080725097656,316.0262869262695,340.63589240156546,334.11212777940153,6.523764622163924,3.936594755217115,2.587169866946809,68.69910186653684,333.64883575439455,354.70774798484825,312.58992352394085,0.12623399199244068,-0.00022033480489014323,-0.0002203590821694181,0.3295472127660231,4183960.0,0.8506773487318234,0
2021-03-03,349.5099182128906,354.5354805070077,344.8530317702997,349.26737142717735,3692300,334.90425872802734,329.969423828125,316.42580169677734,342.0011271417693,335.2527048485489,6.748422293220415,4.498960262817775,2.24946203040264,66.20205281324348,334.90425872802734,356.6252536350946,313.18326382096006,0.12971465331354115,-0.007083565175128426,-0.007108772733045256,0.3074835565574761,4084275.0,0.904028254708608,0
2021-03-04,339.08038330078125,350.84875727819013,334.4040744853058,349.3643722351752,4572000,335.713395690918,330.1557159423828,316.7202020263672,341.55178193546345,335.5362365857513,6.01554534971217,4.802277280196654,1.2132680695155162,54.020573169117284,335.713395690918,356.74592619204213,314.68086518979385,0.1253005138972066,-0.02984045478719899,-0.030294741409169237,0.3290363689257727,4111035.0,1.1121286975177784,1
2021-03-05,350.12115478515625,351.00402867322305,336.092256431313,344.33884747378494,4643200,336.6860092163086,330.6783221435547,317.0657949829102,342.8701469892623,336.61660089681834,6.253546092443969,5.092531042646117,1.161015049797852,60.80904692093145,336.6860092163086,358.5201290479363,314.85188938468093,0.12970019088378598,0.03256092663603383,0.032042052960556074,0.33763769257242554,4116320.0,1.1279978232984802,1
2021-03-08,360.2596740722656,371.05786456724314,351.00410759751617,351.59590769955287,7213300,338.2664428710938,331.4449780273437,317.4230810546875,345.5454588481859,338.3679396505552,7.1775191976307156,5.509528673643037,1.6679905239876787,64.7358077964208,338.2664428710938,362.1330134292642,314.3998723129233,0.14111107419109556,0.028957174248241735,0.02854583717945257,0.3477805910241964,4328745.0,1.6663721240220895,1
2021-03-09,365.29486083984375,375.7728999903116,361.60816145460814,363.820187007302,5832800,340.1820785522461,332.37066955566405,317.82748321533205,348.58382838536403,340.3625264053173,8.221301980046746,6.0518833349237795,2.169418645122967,68.93047072051539,340.1820785522461,366.28095734127277,314.0831997632194,0.15344064508100386,0.013976548389837529,0.013879777080866204,0.3471583636919348,4487745.0,1.299717341337353,1
2021-03-10,370.32049560546875,372.5519145002545,361.87985444946594,365.37253456945905,4509500,342.52314453125,333.26567504882814,318.2538723754883,351.9279310346109,342.5816352349582,9.346295799652694,6.7107658278695625,2.6355299717831313,70.10040471290651,342.52314453125,370.64267379699237,314.40361526550765,0.16419053552847948,0.013757748340807785,0.013663969664449075,0.3426164277461671,4563555.0,0.9881550677048924,1
2021-03-11,372.9205017089844,377.8878546503301,371.19356995034843,374.0071064639339,3729700,344.9568572998047,334.04853881835936,318.6525706481934,355.15755729220683,344.8289586774786,10.328598614728207,7.434332385241292,2.8942662294869157,74.39722510449617,344.9568572998047,374.7892233619999,315.1244912376095,0.17296288176853178,0.00702096193532209,0.0069964297415404065,0.34216848430171454,4537725.0,0.8219316948470875,0
2021-03-12,371.3003234863281,372.4839530178659,367.933772822609,369.77715213155017,2467500,346.88946838378905,334.7565588378906,319.06037200927733,357.6410597836101,346.7898005151712,10.851259268438923,8.117717761880819,2.7335415065581046,71.20945770566169,346.88946838378905,378.3290707818982,315.4498659856799,0.18126582247994485,-0.004344567314565562,-0.004354032371473906,0.3370843035365009,4405560.0,0.5600877073516193,0
2021-03-15,370.3786926269531,376.29681114325064,367.35171315569886,371.88247101563235,4216200,348.86671295166013,335.2738653564453,319.45133880615236,359.6006956056629,348.53712585678466,11.063569748878251,8.706888159280306,2.3566815895979456,67.34935886161935,348.86671295166013,381.0206195898294,316.7128063134909,0.1843334743296336,-0.0024821709033844286,-0.00248525659678441,0.3359402616474628,4465115.0,0.9442533954892539,1
2021-03-16,370.9801940917969,373.79373110954054,367.400200879726,371.2906611082034,3445100,350.8638427734375,335.7762646484375,319.8521270751953,361.3513876804528,350.1995753556745,11.151812324778291,9.195872992379904,1.955939332398387,60.17009818520301,350.8638427734375,383.31545299339774,318.4122325534773,0.18498121643679957,0.001624017463255134,0.0016227001729034976,0.33575004960510857,4491525.0,0.7670223365115412,0
2021-03-17,367.3905334472656,373.61914917445927,364.66430940056466,370.4660403311148,3240900,352.8697036743164,336.3124884033203,320.2325025939941,362.28048702919324,351.4729796587553,10.807507370437918,9.518199867991507,1.2893075024464107,68.54898468374066,352.8697036743164,384.1188122698481,321.6205950787847,0.17711414876451562,-0.009676151723730597,-0.009723269874431215,0.33464412493670165,4540220.0,0.7138200351524816,0
2021-03-18,356.0587463378906,364.2859454679275,354.1571874814108,363.84934933094576,7205200,354.254167175293,336.7009484863281,320.5456353759766,361.3232961536082,351.812666079432,9.51063007417622,9.51668590922845,-0.006055835052229952,58.65708137229078,354.254167175293,383.30940064528096,325.198933705305,0.164036085738468,-0.03084398229602603,-0.03132967106949659,0.3593466686668908,4780795.0,1.507113356669759,0
2021-03-19,345.8814392089844,355.3601572492615,339.7013516419187,353.9242695715696,12224300,355.3863754272461,336.8833435058594,320.79106338500975,358.94762585443533,351.37331594088033,7.574309913554998,9.12821071009376,-1.5539007965387626,45.871558514350426,355.3863754272461,380.9016889853679,329.8710618691243,0.14359196256439075,-0.028583224632398818,-0.028999679950919118,0.3716072206632183,5187220.0,2.356618766892478,1
2021-03-22,347.7151184082031,350.86822709701926,343.4463002587438,345.32846596776614,4140400,356.24693450927737,337.04905212402343,321.0732066345215,357.21954778578424,351.1023383458672,6.117209439917019,8.526010456058414,-2.4088010161413944,47.209589114543924,356.24693450927737,379.2677466732889,333.2261223452658,0.12924075933858759,0.0053014674722422495,0.005287464163815282,0.3650063056669541,5147225.0,0.8043946009743114,0
2021-03-23,344.6784362792969,348.588289969196,342.97092674046706,348.588289969196,3756300,356.4822021484375,337.07660705566406,321.28937423706054,355.2901460155554,350.6264937483435,4.663652267211944,7.75353881828912,-3.089886551077176,46.87816486147963,356.4822021484375,378.8907739225454,334.07363037432964,0.12572056410702412,-0.008733247328467697,-0.008771605624535347,0.3538301195117669,5018710.0,0.7484592654287655,1
2021-03-24,348.9278869628906,354.1086840439161,345.386708930522,346.4344982785107,3550000,356.1101333618164,337.2987805175781,321.5338935852051,354.31133693053005,350.5006710234951,3.810665907034945,6.964964236038286,-3.154298329003341,56.91518794143704,356.1101333618164,378.77227727257105,333.44798945106174,0.12727604068334317,0.01232873959121239,0.012253359608991985,0.31046183034769365,4822840.0,0.7360808154531355,0
2021-03-25,347.67633056640625,348.7532539396302,343.5918500422162,347.33678867422987,2961800,356.29398345947266,337.59837524414064,321.7669360351563,353.29056672066486,350.29146061926633,2.9991061013985245,6.171792609110335,-3.17268650771181,48.00951512989136,356.29398345947266,378.5992911226956,333.9886757962497,0.1252073214745155,-0.003586862624762044,-0.0035933108403665964,0.28399787960873246,4710555.0,0.6287581824222411,1
2021-03-26,355.22430419921875,355.68026369376315,346.60903837307967,349.19942124176106,2741200,356.8901641845703,337.9827624511719,322.0296957397461,353.5880647942885,350.65685644000354,2.9312083542849905,5.523675758145266,-2.592467403860275,45.71984143083715,356.8901641845703,378.3547590919579,335.4255692771828,0.12028683926568993,0.021709771328165983,0.021477470363347802,0.2933372532278828,4604190.0,0.595370738392638,0
2021-03-29,352.0906677246094,354.45792704558494,347.9188446750631,353.3810037736805,4054900,356.8906509399414,338.6809094238281,322.3826239013672,353.3576960143379,350.7630646833077,2.5946313310302003,4.937866872722252,-2.343235541692052,38.40123484259135,356.8906509399414,378.35478708580365,335.42651479407914,0.1202841043290557,-0.008821571152552554,-0.008860711568010285,0.2816478973753847,4587790.0,0.8838460348010698,0
2021-03-30,347.5211181640625,353.70120680276733,346.4539061650297,350.0241884820049,2885800,356.66653900146486,339.358876953125,322.68109832763673,352.45976096044933,350.52292049669694,1.9368404637523895,4.337661590928279,-2.40082112717589,29.810910199369587,356.66653900146486,378.4369505771645,334.8961274257652,0.12207711795252114,-0.012978331945227795,-0.013063286340011688,0.2854856996148905,4554120.0,0.6336679753717513,0
2021-03-31,345.4350891113281,350.7226204045137,345.173149265255,348.8695595764163,4372600,356.4627975463867,339.9431219482422,322.9721385192871,351.3790422144307,350.14604409778076,1.2329981166499238,3.7167288960726084,-2.4837307794226846,25.437795559046364,356.4627975463867,378.58858354965156,334.33701154312183,0.1241407863909592,-0.006002596514867231,-0.006020684516969988,0.2851800350651033,4588135.0,0.9530233962165455,1
2021-04-01,352.46893310546875,352.56595772918075,344.64922807996476,346.3955824835061,3701800,357.1322250366211,340.4939916992187,323.2630210876465,351.5467177361288,350.3181099502021,1.2286077859267266,3.2191046740434324,-1.9904968881167058,34.6560671578513,357.1322250366211,377.80615672603835,336.45829334720383,0.1157774641439725,0.020362274174971606,0.02015773499775201,0.27188529711492226,4544625.0,0.8145446543994279,1
2021-04-05,357.3393249511719,359.47371883741573,353.477969578476,355.86462158885536,2180300,357.4931335449219,341.15138916015627,323.5817349243164,352.43788807690464,350.8381999502739,1.5996881266307241,2.895221364560891,-1.295533237930167,40.01779291255213,357.4931335449219,377.9020432602251,337.0842238296186,0.11417791168701544,0.013817932272191857,0.013723335075049732,0.25138036384901397,4421480.0,0.4931154274134453,1
2021-04-06,358.5520935058594,359.69690730524263,351.6928628405946,354.0213062178485,2661900,357.4077545166016,341.93879333496096,323.9012451171875,353.3785350659746,351.40959947290986,1.9689355930647139,2.7099642102616555,-0.7410286171969416,40.57396324798352,357.4077545166016,377.7821912245273,337.03331780867586,0.11401228121355342,0.0033938849435426466,0.003388138713729089,0.22926680540427974,4193910.0,0.6347060380408736,1
2021-04-07,360.01702880859375,362.8111724929298,357.9990525964409,358.1348930069836,2958300,357.14386291503905,342.7516156005859,324.2684326171875,354.3998417956083,352.04718683110866,2.3526549644996635,2.638502361109257,-0.2858473966095936,44.22135430991804,357.14386291503905,377.2227495934659,337.0649762366122,0.11244144874584283,0.004085697250880704,0.004077373454506502,0.22381402427444114,4050185.0,0.7304110799877043,1
2021-04-08,366.91363525390625,368.4386448096775,362.06666245751256,362.3094972411863,3528400,356.97351989746096,343.7312823486328,324.63173171997073,356.3250407891926,353.14840523279736,3.17663555639524,2.746129000166454,0.4305065562287864,59.14258967856623,356.97351989746096,376.63519780565423,337.3118419892677,0.11015762689535626,0.019156333988243457,0.01897516149982792,0.22917393420312504,4001130.0,0.8818508771272116,1
2021-04-09,369.1865234375,369.44880394561477,363.7081867529171,365.3011673389904,2429300,356.78682098388674,344.9933258056641,324.99460342407224,358.30373042739376,354.3364139887012,3.967316438692535,2.99036648787167,0.976949950820865,72.64388660932809,356.78682098388674,375.8734191653699,337.7002228024036,0.1069916098854176,0.006194613568996754,0.006175505819842864,0.22883935182868342,3936110.0,0.6171829547446591,0
2021-04-12,368.953369140625,370.0218478734605,365.39826516205125,367.2438031680882,2896600,356.6694732666016,346.0801477050781,325.41850662231445,359.9421363832755,355.4191514073622,4.522984975913289,3.296890185479994,1.226094790433295,71.29811267631496,356.6694732666016,375.4060084886214,337.93293804458176,0.10506385674343781,-0.0006315352323917889,-0.0006317347347662726,0.22837038267280657,3957565.0,0.7319147000744144,0
2021-04-13,367.2923583984375,369.20589708898416,366.0004611479394,368.19569640063287,2652800,356.5151565551758,347.2887841796875,325.8147738647461,361.0729397702235,356.298648221516,4.774291548707538,3.592370458125503,1.1819210905820348,73.32111382958702,356.5151565551758,374.8221931241473,338.2081199862043,0.10269990620237901,-0.004501953040993656,-0.0045121173492165215,0.2287481775557082,3879395.0,0.6838179664612652,1
2021-04-14,367.4769592285156,370.0315854137066,364.83491609484327,366.1947846982969,2317400,356.3399948120117,348.3988562011719,326.2538638305664,362.0581735330377,357.12667125907154,4.931502273966146,3.860196821293632,1.0713054526725139,70.87968561064088,356.3399948120117,374.1238503935683,338.5561392304551,0.0998139745213756,0.0005025991580196454,0.0005024728973667182,0.22865644114377912,3823010.0,0.6061715768465162,1
2021-04-15,375.4127502441406,376.26753319229556,370.0509703551367,370.24524998623,2942200,356.7411056518555,349.41908203125,326.71528289794924,364.1127237962843,358.4811956283359,5.631528167948375,4.214463090624581,1.4170650773237936,77.1376651265505,356.7411056518555,375.8843277005113,337.5978836031997,0.10732277130596608,0.021595343099293896,0.021365467287366883,0.23851661322809356,3808075.0,0.7726213375524379,0
2021-04-16,375.1019592285156,377.94797511528884,372.67361195797656,377.8508352958851,2725500,357.6932662963867,350.4631683349609,327.1617616271973,365.80337540124293,359.7123633024233,6.091012098819647,4.5897728922635945,1.5012392065560523,72.65724735129584,357.6932662963867,378.51442024787514,336.87211234489826,0.11641904342832059,-0.0008278648378960973,-0.0008282077072370513,0.20673108281848757,3584090.0,0.760444073670025,0
2021-04-19,371.20684814453125,376.6269057338412,370.3909270903829,373.86830703374676,3360900,358.95953674316405,351.2739276123047,327.56233001708983,366.63467890021036,360.56380662406093,6.07087227614943,4.885992769040762,1.1848795071086684,71.41750316100148,358.95953674316405,379.8363733896347,338.08270009669343,0.11631860702677484,-0.010384139533676562,-0.01043843088362268,0.17836506604905544,3140920.0,1.0700368045031392,0
2021-04-20,365.8353576660156,370.38121639267627,362.85334026715674,369.2933216180473,3135900,359.8655487060547,352.0176147460937,327.93,366.51170640264195,360.95429188642794,5.55741451621401,5.020277118475411,0.5371373977385989,70.15680850392071,359.8655487060547,380.25478105968875,339.47631635242067,0.11331583379929691,-0.014470343166794741,-0.014576059657774197,0.18933267351216615,3090695.0,1.0146261601355036,1
2021-04-21,372.1199951171875,373.09133416492597,365.87429215452886,367.73924652615415,2466300,361.23762664794924,352.92037170410157,328.3138702392578,367.3745200510336,361.78138101463236,5.593139036401226,5.1348495020605744,0.45828953434065145,76.8849183777505,361.23762664794924,381.0075926850709,341.4676606108276,0.10945684822798842,0.017178868361076738,0.017032980029429542,0.19107553898622273,3026195.0,0.81498383283298,1
2021-04-22,372.37249755859375,378.33653313102917,371.041767897379,372.10052382960765,3713700,362.40985717773435,353.8978381347656,328.72635650634766,368.1434396675813,362.56590816603693,5.5775315015443425,5.223385901957328,0.35414559958701464,73.22649572649573,362.40985717773435,381.8846347498774,342.9350796055913,0.10747377416167893,0.0006785511252269671,0.0006783210135013567,0.18872492969955992,3034380.0,1.22387439938307,1
2021-04-23,375.9664001464844,378.70558272479445,372.46957447661066,373.3340802523594,2294800,363.8243606567383,354.9322412109375,329.15371505737306,369.346972048951,363.5585372016256,5.788434847325391,5.3363956910309405,0.45203915629445035,72.404365968468,363.8243606567383,382.89875636940275,344.74996494407384,0.10485496726075912,0.009651364188959954,0.00960508729214094,0.18814513805695476,3001030.0,0.7646707963599164,1
2021-04-26,376.36468505859375,381.67791003140246,376.0052944081827,376.7143528342659,2255000,364.88137969970705,355.80657287597654,329.6099703979492,370.42662020428065,364.5071407465862,5.919479457694479,5.453012444363648,0.4664670133308304,71.85288019390737,364.88137969970705,384.28923321562627,345.47352618378784,0.10637897462398131,0.0010593630493420658,0.001058802320282401,0.1762461650053068,2976720.0,0.7575452175548927,1
2021-04-27,377.9187927246094,379.2397992594497,375.07277716474005,377.09314881888037,2270000,366.172785949707,356.74827270507814,330.0687216186523,371.57926213048506,365.50059644866195,6.078665681823111,5.578143091855541,0.50052258996757,71.91433086397615,366.172785949707,385.4337359150988,346.91183598431525,0.10520142787474775,0.004129260070651064,0.004120758072889481,0.17067820207732531,2887475.0,0.7861539926752612,1
2021-04-28,384.31024169921875,389.9925803679063,379.5021317817998,379.5021317817998,4065300,368.01224212646486,357.8137255859375,330.58604583740237,373.5378743718287,366.8939035042588,6.643970867569919,5.7913086469984165,0.8526622205715029,71.56262577050985,368.01224212646486,386.79401116376357,349.23047308916614,0.10207143614991206,0.016912228493666914,0.01677080900931212,0.1650556241306627,2946450.0,1.379728147431655,0
2021-04-29,377.80230712890625,381.14371558270153,372.80961055631326,380.27920966418975,4637100,369.63060302734374,358.82430541992187,331.02839065551757,374.1939409498406,367.7019334023808,6.492007547459821,5.9314484270906975,0.5605591203691231,59.66441785919188,369.63060302734374,385.58660320667155,353.6746028480159,0.0863348437528992,-0.016934064888663447,-0.017079085691406228,0.17879319664708224,2959675.0,1.5667598638364009,0
2021-04-30,371.1097106933594,373.9654492224911,364.84456338818273,371.8867698995154,4043200,370.5626419067383,359.6791101074219,331.4045115661621,373.71944398730506,367.9543613498607,5.7650826374443795,5.898175269161434,-0.1330926317170542,52.11264320939742,370.5626419067383,384.32461956992023,356.80066424355635,0.07427612018507519,-0.017714546230294337,-0.017873326748832383,0.18510120345037484,2976745.0,1.3582621286001992,0
2021-05-03,368.5260009765625,375.78190430139716,366.0490984488882,374.42203566575415,3344100,371.1219757080078,360.5848846435547,331.7985394287109,372.9204527548831,367.99670502591266,4.923747728970454,5.703289761123238,-0.7795420321527837,51.18717856547103,371.1219757080078,383.45632524309735,358.7876261729183,0.06647059642080574,-0.0069621183233649075,-0.006986466946949581,0.18315106524258673,3034935.0,1.1018687385397052,0
2021-05-04,365.135986328125,367.37005379945293,360.9300725575011,366.26274293790453,3321200,371.45117034912107,361.27752563476565,332.15282440185547,371.72284253538186,367.78479993718764,3.9380425981942153,5.350240328537433,-1.4121977303432178,47.87810522367458,371.45117034912107,382.6743568344461,360.22798386379606,0.06042886592483486,-0.009198847949545619,-0.00924141861987502,0.18693586518109379,3067900.0,1.0825646207503503,0
2021-05-05,358.56011962890625,368.75917989520957,357.4819178435807,367.0981687375121,2993900,371.3783248901367,361.6492663574219,332.4360009765625,369.69780824207794,367.10149028472233,2.596317957355609,4.799455854301068,-2.203137896945459,34.33840216404225,371.3783248901367,382.92815343646276,359.8284963438106,0.06219979881562989,-0.018009363484949525,-0.018173505790187224,0.1981756872830858,3069680.0,0.9753133877146803,1
2021-05-06,364.7184143066406,364.96124908055344,355.21871913688653,360.5028061886635,3787300,371.26856384277346,361.8162493896484,332.7710676574707,368.931747636626,366.92496613819776,2.0067814984282677,4.240920983126508,-2.2341394846982405,41.296259915031555,371.26856384277346,383.03670162925073,359.5004260562962,0.06339420534112818,0.017175068672187876,0.017029244505517308,0.19572817742080942,3082625.0,1.2285957584850573,0
2021-05-07,364.6405944824219,367.7877524801211,362.8533345745836,366.4473001385152,2935900,371.04126739501953,362.22907470703126,333.0778234863281,368.2715702282869,366.7557534229551,1.5158168053318377,3.695900147567574,-2.1800833422357364,44.11969677342126,371.04126739501953,383.14941932629483,358.93311546374423,0.06526579653138512,-0.00021336960560847107,-0.00021339237214128482,0.19425552199469595,3107955.0,0.9446404468533167,0
2021-05-10,355.8403625488281,365.22350181756775,354.93702429959,365.019528906463,3193700,370.3856170654297,362.4798681640625,333.3573695373535,366.35907673913937,365.9472059507975,0.41187078834184376,3.0390942757224284,-2.6272234873805846,41.567020757247114,370.3856170654297,384.26096834280327,356.51026578805613,0.074923812578405,-0.02413398855408566,-0.024429985347862792,0.21153467321928981,3122810.0,1.0227007086566267,1
2021-05-11,357.0738830566406,358.35605753422243,348.97292009122833,350.66306995455386,3073100,369.8746932983398,362.57972717285156,333.6575038146973,364.93058540337034,365.28992277345253,-0.35933737008218714,2.3594079465615057,-2.718745316643693,36.12244357988044,369.8746932983398,384.9318382944377,354.81754830224196,0.08141754636861741,0.003466499693786762,0.003460505232926614,0.2120369238447989,3143825.0,0.9775035188027323,0
2021-05-12,346.3988952636719,354.90783404124755,345.447002054085,354.2958857534202,3293200,368.82079010009767,362.46763793945314,333.89487564086915,362.07955615110905,363.89058740235765,-1.8110312512486075,1.5253201069994833,-3.336351358248091,29.9067701976264,368.82079010009767,387.17438374780073,350.4671964523946,0.09952580841617911,-0.029895739507992625,-0.03035172821750535,0.23479592225025814,3192615.0,1.031505521335958,1
2021-05-13,349.701416015625,352.4405987958797,347.6616280638158,349.0311898110327,2626000,367.53522338867185,362.4714678955078,334.16100296020505,360.1752268994961,362.8395376700071,-2.6643107705109514,0.6873939314973965,-3.351704702008348,29.589339844626352,367.53522338867185,387.4777792636663,347.5926675136774,0.10852051507403433,0.009533866294346272,0.009488705800267427,0.2216812905988819,3176805.0,0.8266166793366291,1
2021-05-14,353.47998046875,354.25703981470963,351.1293270364142,352.6251974024461,2959700,366.4541244506836,362.7594598388672,334.43165100097656,359.14518898707365,362.1462371365806,-3.001048149506971,-0.05029448470347708,-2.950753664803494,33.103841103293135,366.4541244506836,387.00455102801146,345.9036978733557,0.11215824959335935,0.010805116250819369,0.010747158104786202,0.22728003967902785,3188515.0,0.9282377533114945,0
2021-05-17,352.88739013671875,353.6256171438241,347.7975840803413,351.9160512928049,2511600,365.538151550293,362.8147845458984,334.70078781127927,358.1824507024037,361.4603966180723,-3.2779459156686244,-0.6958247708965066,-2.5821211447721177,31.252722738898186,365.538151550293,386.8167937941452,344.25950930644075,0.11642364636143643,-0.0016764466582956938,-0.001677853467508337,0.22555511172632706,3146050.0,0.7983344193512499,0
2021-05-18,352.66400146484375,359.23995477211463,352.47944471291527,356.4813560102741,3421200,364.87958374023435,362.66287109375,334.9710820007324,357.3334585120099,360.8088117919072,-3.4753532798973197,-1.2517304726966691,-2.2236228072006505,23.885810987771222,364.87958374023435,386.9211191844686,342.8380482960001,0.1208153945928971,-0.0006330310408327877,-0.0006332314895801001,0.2210623096667507,3160315.0,1.0825503153957754,0
2021-05-19,350.6339111328125,350.79902213840796,345.1846847328819,347.0885005918353,3577900,363.80527954101564,362.36965209960937,335.2115788269043,356.3027589152103,360.05511544678905,-3.752356531578755,-1.7518556844730864,-2.000500847105669,25.791869476546566,363.80527954101564,386.4472161486909,341.16334293334035,0.12447283137969209,-0.005756443310343418,-0.005773075488977911,0.20973086228787155,3215895.0,1.1125674190233201,1
2021-05-20,357.161376953125,358.82235841191783,352.10067921057987,352.5377936358535,4087500,363.0447235107422,362.1064697265625,335.4760023498535,356.4348539979664,359.8407644472584,-3.40591044929198,-2.082666637436865,-1.3232438118551149,37.53479307427596,363.0447235107422,385.4960624741015,340.59338454738287,0.12368359879327652,0.018616185180788225,0.018445024975731507,0.22301837793760493,3234585.0,1.2636860679190685,0
2021-05-21,357.0641784667969,361.8528720342542,356.9281767949047,358.56004864306,2708700,362.0996124267578,361.7893432617187,335.6740789794922,356.5316731470173,359.63509141166867,-3.1034182646513955,-2.2868169628797714,-0.816601301771624,39.28051369372342,362.0996124267578,383.840817272318,340.3584075811976,0.1200841100041654,-0.0002721416496859197,-0.00027217868694440607,0.2188923638521829,3255280.0,0.8320943206114374,1
2021-05-24,361.70721435546875,363.02822114054766,359.04575503423354,359.4731169142372,2351500,361.3667388916016,361.59748107910156,335.8850149536133,357.3279102560098,359.7885820000983,-2.460671744088529,-2.321587919121523,-0.1390838249670061,46.86673136559355,361.3667388916016,382.04548236525244,340.68799541795073,0.11444740895123617,0.013003365133429812,0.012919547209133124,0.225464796301882,3260105.0,0.7212957864854046,0
2021-05-25,356.6950378417969,363.0378790648933,356.3065082476334,362.43565374750375,3916300,360.30555114746096,361.3238079833984,336.0811491394043,357.23054526920777,359.5594305809649,-2.3288853117571193,-2.3230473976486423,-0.005837914108477005,48.24551683115335,360.30555114746096,379.5353606074725,341.0757416874494,0.10674167743888818,-0.01385699901674109,-0.013953903472358253,0.2281220929997619,3342420.0,1.171695956821704,0
2021-05-26,352.2560729980469,359.3080034351297,351.6732636850551,358.4240814116263,3101900,358.70284271240234,360.94932556152344,336.27996170043946,356.46524184287534,359.0184411303784,-2.5531992875030483,-2.3690777756195236,-0.18412151188352466,37.884773535579136,358.70284271240234,374.5553000003249,342.8503854244798,0.08838768696702305,-0.012444705905100939,-0.012522789754315799,0.21807831261723493,3294250.0,0.9416103817257342,0
2021-05-27,351.6246337890625,355.8985184369228,350.2064874887117,354.10153578870126,5416300,357.39395904541016,360.6340075683594,336.44822708129885,355.72053291151957,358.4707516976883,-2.750218786168716,-2.445305977729362,-0.304912808439354,37.481325026431136,357.39395904541016,370.72950617014743,344.0584119206729,0.0746265950345449,-0.0017925573393531291,-0.0017941658928308834,0.21296572628167593,3333210.0,1.6249501231545567,0
2021-05-28,350.245361328125,354.9369447322258,350.0899731926331,353.08168390887045,3624300,356.3507415771484,360.5177398681641,336.61399993896487,354.87819882176655,357.8614635221651,-2.9832647003985358,-2.552897722263197,-0.43036697813533875,43.722681370363745,356.3507415771484,368.3677421104719,344.33374104382494,0.06744479037780733,-0.003922570629010358,-0.003930284086842935,0.2062765879142774,3312265.0,1.0942059285715364,0
2021-06-01,349.4780578613281,354.92725527852036,349.2352231177546,354.033640022201,3119700,355.3983444213867,360.58967224121096,336.78290496826173,354.047407904776,357.24047051025127,-3.1930626054752906,-2.680930698905616,-0.5121319065696746,41.38775781364617,355.3983444213867,366.32195541875427,344.4747334240191,0.06147249231085742,-0.0021907598258754657,-0.002193163050750006,0.2056967674422874,3301045.0,0.9450643659810757,1
2021-06-02,356.33563232421875,360.531822908679,352.47941623652434,353.11078050599986,3531000,354.9583267211914,360.76208251953125,336.98314559936523,354.3994424308441,357.17344545943405,-2.7740030285899593,-2.699545164842485,-0.0744578637474742,62.334093717399256,354.9583267211914,364.89475193862467,345.0219015037581,0.05598643260023046,0.01962233195656493,0.019432295944307267,0.2184249904109909,3311535.0,1.066272891574451,0
2021-06-03,351.44989013671875,356.1803064051818,351.3624731823655,352.94573087953853,2605900,354.60281524658205,360.8975115966797,337.14235946655276,353.9456651548248,356.74947839849216,-2.8038132436673777,-2.7203987806074634,-0.08341446305991429,52.08823859585691,354.60281524658205,364.5053725019306,344.7002579912335,0.05585154335823615,-0.013711068285909178,-0.01380593311284515,0.21451707841432865,3292135.0,0.7915532017976177,1
2021-06-04,355.52947998046875,356.1220121679043,353.275996093279,353.86849863780157,2295200,354.14336853027345,361.02954345703125,337.31824493408203,354.18932897415465,356.65910814530525,-2.4697791711506056,-2.670274858716092,0.2004956875654864,52.43028465140516,354.14336853027345,362.85028747788164,345.43644958266526,0.04917171813066938,0.011607884817272263,0.0115410301855035,0.2091333966688292,3217530.0,0.713342222139343,0
2021-06-07,353.6451110839844,360.7067650049184,352.86805169499183,357.2584935643394,2133400,353.5935943603516,361.1489190673828,337.47793380737306,354.1056031448977,356.4358491037259,-2.3302459588281863,-2.6022690787385114,0.27202311991032513,50.87179314320946,353.5935943603516,360.7624018431397,346.42478687756346,0.04054828818806198,-0.005300176223327235,-0.0053142719860718455,0.20959658534613,3177405.0,0.6714284140674545,1
2021-06-08,354.7912902832031,357.14191404765126,352.81947331193874,354.53873265913825,3224200,353.5411407470703,361.1402587890625,337.61954452514647,354.2110934738678,356.3140299318353,-2.1029364579675303,-2.5024025545843154,0.3994660966167851,52.39665341132964,353.5411407470703,360.6558776256612,346.4264038684794,0.04024842406491486,0.0032410435300676,0.0032358026693377136,0.19208957394354945,3178930.0,1.0142406407187323,0
2021-06-09,352.91656494140625,358.73490536425646,352.91656494140625,356.4231139382028,2520900,353.3332748413086,361.15677673339843,337.7528465270996,354.01193523810446,356.0623658584702,-2.0504306203657165,-2.412008167740596,0.36157754737487924,52.580725741564464,353.3332748413086,360.253697646473,346.4128520361442,0.03917221104223781,-0.005284023010543537,-0.005298032834077745,0.19245909539262088,3151320.0,0.7999504969346178,1
2021-06-10,353.8587646484375,355.160384916241,351.58583508172444,354.2376010643457,2460200,353.7062683105469,361.2835296630859,337.85921127319335,353.98837053200185,355.8991361392085,-1.9107656072066561,-2.311759655633808,0.4009940484271519,45.726407971264024,353.7062683105469,359.80883434390165,347.6037022771921,0.03450640590851417,0.0026697520055134483,0.0026661945479076947,0.15818631380793802,3109670.0,0.7911450411136873,1
2021-06-11,355.02435302734375,356.33566641580774,353.3730651095876,355.0632148817253,2708300,353.9724151611328,361.4753149414062,337.95195083618165,354.14775245436215,355.8343373901815,-1.686584935819326,-2.186724711670912,0.500139775851586,47.431478292012414,353.9724151611328,359.7975522574078,348.1472780648578,0.03291294375932273,0.0032939367209521286,0.0032885235951300596,0.155305053509962,3113785.0,0.8697774573388979,1
2021-06-14,356.0151062011719,356.1219688894561,351.72180506526047,355.51002066839095,2515300,354.0991714477539,361.54623840332033,338.0333847045898,354.435037646179,355.84772767247705,-1.412690026298037,-2.0319177745963373,0.6192277482983002,42.106546117197176,354.0991714477539,359.98915951027845,348.2091833852294,0.03326744899426337,0.0027906625711160427,0.0027867759015661976,0.15100380081905054,3091565.0,0.8136008785194554,1
2021-06-15,357.56927490234375,358.18122315867384,352.3434668222748,356.81163173805675,3562500,354.33326568603513,361.55083740234375,338.0984899902344,354.91722799328124,355.9752496895042,-1.0580216962229656,-1.8371385589216631,0.7791168626986975,51.340942006259326,354.33326568603513,360.39025831884516,348.2762730532251,0.03418811169808118,0.004365457178925558,0.004355956211410626,0.1514241754652251,3144110.0,1.1330710439520246,0
2021-06-16,353.39251708984375,358.7931588706402,350.9447241501048,358.7931588706402,3081000,354.3696914672852,361.44764587402346,338.09373931884767,354.6826570850601,355.7839361636034,-1.101279078543314,-1.6899666628459933,0.5886875843026793,51.75726116603356,354.3696914672852,360.3930851070235,348.34629782754683,0.03399497070304284,-0.011680975144300998,-0.011749733703624931,0.15766589950404625,3127100.0,0.9852579066867065,1
2021-06-17,356.7630310058594,358.56970691920316,350.87672033419955,353.0816487069476,3824900,354.6761474609375,361.38256591796875,338.1442161560059,355.00271461133696,355.8564617074742,-0.8537470961372264,-1.52272274950424,0.6689756533670135,57.32492610906016,354.6761474609375,360.52025832266855,348.83203659920645,0.032954631449382696,0.009537592770134218,0.00949239707703846,0.15940387776616702,3139450.0,1.2183344216343628,1
2021-06-18,356.88934326171875,359.76449803787773,351.6246735050337,351.7412294274184,5009400,354.6625457763672,361.182080078125,338.2015670776367,355.29296517293415,355.932971452233,-0.6400062792988592,-1.3461794554631639,0.7061731761643046,59.822047295248815,354.6625457763672,360.4835227388123,348.8415688139221,0.03282543945937577,0.0003540508541572951,0.0003539881929433649,0.14504014460326206,3185545.0,1.572540962378494,1
2021-06-21,362.3968505859375,365.66056491987143,355.7043405371042,358.0549642303703,3094600,354.9291793823242,361.04628662109377,338.2680662536621,356.3858706210885,356.41177731398886,-0.025906692900377948,-1.0821249029506068,1.0562182100502289,66.75068593754823,354.9291793823242,361.63467881422577,348.22367995042265,0.037784999495228865,0.015431974723268516,0.015314112816010727,0.15501629825049804,3204840.0,0.9656020269342619,1
2021-06-22,367.2049865722656,367.90435180505654,361.35750709609596,363.27104602172443,3582700,355.2040679931641,361.0113189697266,338.44019500732423,358.0503499981927,357.21127429608345,0.8390757021092554,-0.6978847819386345,1.5369604840478899,64.88441154321602,355.2040679931641,363.3710115250063,347.03712446132187,0.04598451576291846,0.013267598707202177,0.0131803549490509,0.15529507631305828,3266400.0,1.0968344354641195,0
2021-06-23,364.38812255859375,367.86550309629877,363.5624784893689,367.16613783850886,2241800,355.5887222290039,360.9532342529297,338.64096908569337,359.0253919305621,357.742892685899,1.2824992446630858,-0.30180797661829045,1.5843072212813762,68.78173038585922,355.5887222290039,364.71917769866786,346.45826675933995,0.051354021648548354,-0.007671094120933253,-0.007700668304752705,0.14897537213790518,3182675.0,0.7043760358817661,0
2021-06-24,364.0092468261719,369.16705392944743,362.2122639619569,368.13743708370686,2788200,356.17638092041017,360.8838800048828,338.86467407226564,359.792138837579,358.20706706666,1.5850717709190008,0.07556797288916783,1.509503798029833,63.79140050725393,356.17638092041017,365.8975094014687,346.4552524393516,0.054586036591970366,-0.001039758732424012,-0.001040299656521047,0.14047097149295568,3166990.0,0.8803943176328312,1
2021-06-25,368.72998046875,368.7688423284399,362.6299727856292,364.68923634840513,3983900,357.03164825439455,360.750224609375,339.06475173950196,361.1671913962207,358.98654213348146,2.180649262739223,0.4965842308591789,1.6840650318800443,72.46155006648024,357.03164825439455,367.9968700743189,346.0664264344702,0.061424368811760575,0.012968719019471608,0.012885345243338451,0.14532054682848264,3095370.0,1.2870513056597435,0
2021-06-28,357.141845703125,370.0023916743327,354.6552207268297,370.0023916743327,4800300,357.37647247314453,360.3910223388672,339.2396014404297,360.54790744343677,358.84989795345507,1.6980094899817004,0.7368692826836832,0.9611402072980172,52.66979505562954,357.37647247314453,367.86658615278566,346.8863587935034,0.058706235511513244,-0.03142715640017535,-0.03193158616030452,0.18781825406869113,3154170.0,1.5218900693367827,1
2021-06-29,357.45269775390625,360.74555069279006,357.3652808143221,358.4337594807553,3394300,357.77520446777345,360.1159393310547,339.42921615600585,360.07172133735514,358.74640164237735,1.325319694977793,0.8545593651425052,0.4707603298352878,55.34198170845661,357.77520446777345,367.5854345380247,347.9649743975222,0.05484018986080905,0.0008703882071541269,0.0008700096389901351,0.18743329178345586,3167900.0,1.0714669023643424,0
2021-06-30,354.6261901855469,359.56060943756455,353.8296850053753,357.40423543936663,2884900,357.68973236083986,359.8917559814453,339.5638075256348,359.23394731400003,358.4412007937232,0.7927465202768076,0.8421967961693657,-0.049450275892558127,50.86535410798017,357.68973236083986,367.58221467419685,347.79725004748286,0.05531320257958867,-0.007907361130913393,-0.007938790100720733,0.17670333908838978,3135595.0,0.9200486669994052,1
2021-07-01,360.0849609375,360.570630287177,355.1214344123954,355.55851904136193,3108500,358.1214859008789,359.65105529785154,339.7230796813965,359.36487248684614,358.56296080437335,0.8019116824727917,0.834139773430051,-0.032228090957259314,55.20265199527128,358.1214859008789,367.61291135631194,348.63006044544585,0.05300673558614737,0.015393027652855995,0.015275756906100493,0.17734552436307432,3160725.0,0.9834768921687271,1
2021-07-02,364.2812194824219,364.72802706782244,361.4837587613032,362.0082900572405,2786500,358.55907287597654,359.4892297363281,339.89021926879883,360.12123356308854,358.9865355212658,1.1346980418227304,0.8942514271085868,0.24044661471414353,57.9726568340843,358.55907287597654,368.3495964625867,348.7685492893664,0.05461037986338529,0.0116535234740065,0.011586144135243216,0.17738086600923061,3185290.0,0.8748026082397521,1
2021-07-06,365.3399963378906,367.3992301420076,360.85241519063345,365.85480478891986,2740500,359.14381713867186,359.2767016601563,340.0743635559082,360.9241201438273,359.4571622484232,1.4669578954041071,1.008792720767691,0.45816517463641615,57.567164525077075,359.14381713867186,369.09425810137304,349.1933761759707,0.0554120131705296,0.0029064821320545775,0.002902266479366676,0.1757296509669137,3215645.0,0.8522395973436122,0
2021-07-07,363.2030334472656,367.3117777842937,361.7751641614357,365.9907711855742,3176600,359.564404296875,359.0134686279297,340.26800216674803,361.2747221905101,359.7346341890782,1.5400880014319114,1.1150517769005353,0.42503622453137613,59.94876311637606,359.564404296875,369.4511145025521,349.6776940911979,0.054992708330016585,-0.0058492442985864646,-0.005866418130054804,0.17761555838772977,3213265.0,0.9885894876395193,0
2021-07-08,360.0035400390625,360.3925273638922,355.5884582237772,357.3875579886741,2809000,359.9187530517578,358.65516357421876,340.4815008544922,361.079155705672,359.75455314092886,1.3246025647431452,1.1569619344690572,0.16764063027408804,53.29761140948392,359.9187530517578,369.2971857014702,350.5403204020454,0.052114165045263706,-0.008809104312361593,-0.008848133850995773,0.17975864315793882,3227670.0,0.8702872350643034,1
2021-07-09,362.6778869628906,363.2030362006556,359.71182507418155,361.617883836287,2404800,360.35970916748045,358.2225164794922,340.67227188110354,361.32511436062873,359.9710963870001,1.354017973628629,1.1963731423009716,0.1576448313276575,55.60013061529132,360.35970916748045,369.3601390947087,351.3592792402522,0.04995247636325082,0.007428668405699446,0.007401211742344443,0.18111391350794315,3224900.0,0.7456975410090235,1
2021-07-12,365.2257995605469,365.7217755048566,361.84154723542304,364.68121132586026,2648300,360.8697814941406,357.970986328125,340.92794845581057,361.92521977600074,360.36033365911464,1.5648861168861004,1.2700757372179974,0.294810379668103,52.90311629564628,360.8697814941406,369.75259867006093,351.9869643182203,0.049230041590858656,0.0070252769447642915,0.0070007146575059975,0.1821418191537311,3221900.0,0.8219684037369254,1
2021-07-13,373.1514892578125,376.00088735145056,365.2160234459409,365.2160234459409,5161000,361.72660064697266,358.0118218994141,341.20544540405274,363.65233815781795,361.30782666642557,2.3445114913923817,1.4849628880528742,0.8595486033395074,55.735418693953434,361.72660064697266,371.85613834970724,351.5970629442381,0.05600659550399231,0.021700793609876756,0.021468683369247517,0.19580231185665925,3354185.0,1.538674819665582,1
2021-07-14,380.04644775390625,380.85362548272764,372.44165118350276,372.44165118350276,4140500,362.85045928955077,358.24223083496094,341.5001414489746,366.17450886490843,362.69587267290564,3.4786361920027957,1.8836975488428584,1.5949386431599373,64.00108059137818,362.85045928955077,375.6686869570264,350.03223162207513,0.07065294993741117,0.01847763896054011,0.01830900156942607,0.20389685505806204,3383085.0,1.2238829352499272,0
2021-07-15,379.49212646484375,382.4776273072959,376.7886243798593,379.40460653895735,3773000,364.15543975830076,358.5293536376953,341.7600785827637,368.2233731110523,363.9400396204566,4.28333349059568,2.363624737193423,1.9197087534022574,63.800903007977354,364.15543975830076,378.1771597352828,350.1337197813187,0.07700953189818414,-0.0014585619529891014,-0.0014596266899235817,0.19716488071884508,3417685.0,1.1039636479078674,0
2021-07-16,376.4676208496094,382.6331596169841,374.7268679391243,382.33169225589455,2706500,365.14066925048826,358.8875036621094,342.01534591674806,369.49171891698415,364.86800860039386,4.623710316590291,2.8156418530727967,1.8080684635174942,57.11212978198561,365.14066925048826,379.73280520613076,350.54853329484575,0.0799261062077543,-0.007969877118160884,-0.008001806349990523,0.19999595772413384,3361765.0,0.8050830441747118,0
2021-07-19,355.39410400390625,368.18225598746767,353.37132172106135,367.5987599567301,6814400,365.06590728759767,358.7010174560547,342.15585800170896,367.3228550842029,364.1662378895429,3.1566171946599866,2.883836921390235,0.27278027326975174,48.63207335354371,365.06590728759767,379.8501016736646,350.28171290153074,0.08099465927077103,-0.05597697033849702,-0.057604717306346406,0.28911331342829144,3452015.0,1.9740354546547452,1
2021-07-20,364.0880432128906,366.2372230331702,355.21897043451736,356.90137725655956,3542200,365.1504669189453,358.6899664306641,342.3146757507324,366.8251917193856,364.1604456912724,2.6647460281132,2.840018742734828,-0.1752727146216282,54.59092039690694,365.1504669189453,379.8896611064504,350.41127273144025,0.08072942812792192,0.024462812159902425,0.02416838951180441,0.2971913806820334,3474395.0,1.019515627900685,1
2021-07-21,369.60198974609375,370.418872132712,364.7298390595778,365.68288334954957,2393100,365.2703170776367,358.9651989746094,342.52303359985353,367.25239141580226,364.5635230286666,2.688868387135642,2.8097886716149914,-0.12092028447934933,59.99007358494638,365.2703170776367,380.1184322401371,350.4222019151363,0.0812993252848656,0.015144541645875975,0.01503100791748046,0.2983414962236427,3414915.0,0.7007787895159909,1
2021-07-22,371.6441650390625,372.32488543896454,366.67476069840774,369.83533094333814,4180300,365.6331192016602,359.2566046142578,342.7202130126953,367.92804889630384,365.0880150294367,2.840033866867145,2.8158377106654227,0.024196156201722552,58.07920079108646,365.6331192016602,380.742761654267,350.5234767490534,0.08264920030000499,0.005525336306689388,0.005510127632346094,0.2972253756521874,3511840.0,1.190344662626999,1
2021-07-23,382.43865966796875,383.6445290456316,374.49346079907235,374.49346079907235,3720300,366.55458984375,359.97739990234373,342.999528503418,370.16045055348303,366.3732479656243,3.787202587858758,3.0101106861040896,0.7770919017546682,61.61926846120167,366.55458984375,383.39588131476137,349.7132983727387,0.09188967721391908,0.029045241777902353,0.028631422627777188,0.31304152397005436,3558445.0,1.0454847552793425,0
2021-07-26,381.991455078125,382.0790046977414,377.58610660821165,380.8925738016715,2285800,367.21766357421876,360.6232006835937,343.2452987670898,371.98060509573565,367.53015219617987,4.450452899555785,3.298179128794429,1.1522737707613557,60.73962450729031,367.21766357421876,385.40967666213646,349.02565048630106,0.09908027250568732,-0.0011693498513775102,-0.0011700340743643436,0.31088186975666343,3473540.0,0.6580606528210413,0
2021-07-27,379.531005859375,384.40315616362585,375.27155439430874,379.2684460807232,2783800,368.3371215820313,361.14422119140625,343.470772857666,373.14220521321863,368.41910431937947,4.72310089383916,3.5831634818033757,1.139937412035784,60.48722621799694,368.3371215820313,386.67340676938585,350.0008363946767,0.0995625154944963,-0.0064411106218247305,-0.006461944083451021,0.2870358643957185,3372715.0,0.8253884481789894,0
2021-07-28,372.88897705078125,380.95087144462593,371.809505218634,380.84388285542815,3372600,369.108935546875,361.5442529296875,343.62795989990235,373.1032470343821,368.75020600318703,4.353041031195062,3.737138991681713,0.6159020395133488,57.92564761567958,369.108935546875,386.8044699461081,351.4134011476419,0.09588244929923062,-0.017500622362998097,-0.017655568687265498,0.2962744306138796,3371630.0,1.000287694675869,1
2021-07-29,378.1112365722656,383.8780555264676,376.8372857996601,376.8372857996601,3774000,370.28318786621094,362.0531976318359,343.81295455932616,373.87370696328725,369.44361567497066,4.430091288316589,3.8757294510086884,0.5543618373079009,59.20433432926226,370.28318786621094,387.0232491395378,353.54312659288405,0.09041761452791279,0.014004864297110009,0.013907702294674553,0.29648710770856535,3416085.0,1.1047734467965522,0
2021-07-30,375.3202209472656,378.2960175802251,372.5389031747408,378.2960175802251,2533300,371.0449508666992,362.546923828125,344.014031829834,374.09624757620696,369.87891976921475,4.217327806992216,3.9440491222053944,0.2732786847868218,56.00283106182966,371.0449508666992,387.2076307949975,354.8822709384009,0.08711979446449804,-0.007381467026216115,-0.007408844862878667,0.29526664383296014,3387325.0,0.7478762740510579,0
2021-08-02,364.93408203125,379.24903697763835,363.51423508654216,378.58772579773523,3430300,371.0775939941406,362.7023779296875,344.17839126586915,372.6866836462136,369.51263549232846,3.174048153885167,3.7900489285413492,-0.6160007746561824,45.252301488059345,371.0775939941406,387.18529990363396,354.96988808464727,0.08681583674247759,-0.027672740066608137,-0.028062844013834295,0.3112072630820593,3419515.0,1.003153956043474,0
2021-08-03,357.48486328125,366.30529384279146,349.6758236509373,366.2955595129859,6328500,370.6848373413086,362.7107916259766,344.32551376342775,370.3479420516038,368.6216894026189,1.7262526489848824,3.3772896726300563,-1.651037023645174,37.04774739167241,370.6848373413086,387.7369774849246,353.6326971976926,0.09200344025895618,-0.02041250493386948,-0.020623719332549313,0.3194895169628117,3598915.0,1.7584466429465546,1
2021-08-04,357.8835754394531,359.09917951931016,353.42958547126995,357.1736519727964,3203200,370.41886444091796,362.63431884765623,344.4706083679199,368.430347188196,367.8262735534955,0.6040736347004554,2.8226464650441363,-2.218572830343681,37.572665617583596,370.41886444091796,388.1161055676517,352.7216233141842,0.09555259100232165,0.0011153259876333088,0.0011147044736881406,0.3190121762001681,3600245.0,0.8897172275775677,1
2021-08-05,361.7054443359375,361.72488331809745,356.90137441508796,358.06836625706165,2562400,370.5039596557617,362.7345269775391,344.67226257324216,367.395746749387,367.3728787966393,0.02286795274767428,2.262690762584844,-2.2398228098371695,41.58725410570216,370.5039596557617,388.0056198190151,353.0022994925083,0.09447488863284668,0.010679084369243252,0.01062246568156493,0.3198140109878562,3587915.0,0.7141752243294504,1
2021-08-06,364.22412109375,365.167430957371,360.79125668491247,361.1997126752543,2038500,370.5812713623047,362.9738879394531,344.8862680053711,366.90780434082745,367.1396374853142,-0.23183314448675674,1.7637859811705237,-1.9956191256572804,56.3817182482267,370.5812713623047,387.9505299399667,353.21201278464264,0.09374061734857995,0.00696333659681736,0.006939204530239151,0.319683214912718,3569600.0,0.5710723890632003,0
2021-08-09,360.4801330566406,364.19502669999986,358.73940917022975,363.8935592256902,2400800,370.3439880371094,363.1509979248047,345.0733172607422,365.91893183556795,366.646340860968,-0.7274090254000498,1.265546979856409,-1.9929560052564588,47.19150877059617,370.3439880371094,388.1455774464936,352.5423986277252,0.0961354307585002,-0.010279352245717077,-0.010332549657644,0.32083163588090263,3557225.0,0.674908109551687,0
2021-08-10,357.7182312011719,362.49312746772046,354.0908580343763,362.04579348741277,3225000,369.5723251342773,363.30045532226563,345.2456851196289,364.6572855841224,365.9849994046868,-1.3277138205643837,0.7468948197722505,-2.074608640336634,40.33528560033079,369.5723251342773,388.18119218308084,350.9634580854738,0.10070487308291998,-0.007661731125234494,-0.007691232973914435,0.31070522147365565,3460425.0,0.9319664492078286,0
2021-08-11,354.2173156738281,359.7799214622391,353.7408083430021,358.4087164170125,3267700,368.28086853027344,363.39524047851563,345.41987884521484,363.0511363671541,365.1133191283269,-2.062182761172835,0.18507930358323343,-2.247262064756068,36.15573456116983,368.28086853027344,387.4069821128194,349.1547549477275,0.1038669950946623,-0.009786796483892135,-0.009835001952532467,0.3021695990385238,3416785.0,0.9563668770496241,0
2021-08-12,352.0195007324219,353.22537047652287,348.00314012480527,352.5932622938194,3802900,366.90723724365233,363.30891784667966,345.6390412902832,361.35396165411834,364.1434066545562,-2.7894450004378655,-0.40982555722098635,-2.379619443216879,22.01147311287511,366.90723724365233,386.58138040626386,347.2330940810408,0.10724314576300661,-0.006204707799858267,-0.006224036995451491,0.30224759639577337,3418280.0,1.1125185765940766,1
2021-08-13,352.76837158203125,353.4977341697267,350.7067114159331,352.2918641883123,2304600,365.72227478027344,363.3352874755859,345.86655059814456,360.03310164302803,363.3008114639988,-3.267709820970765,-0.9814024099709422,-2.286307410999823,23.26041428148578,365.72227478027344,385.82210685776454,345.62244270278234,0.10991855549168895,0.0021273561494499216,0.002125096531463952,0.30242572721156413,3398185.0,0.6781855608214385,1
2021-08-16,353.5560607910156,353.79918163982,346.80702365397974,350.5802639758774,2937300,365.63037261962893,363.2958190917969,346.2226545715332,359.0366338196415,362.57897808081486,-3.542344261173355,-1.493590780211425,-2.04875348096193,25.48196550554023,365.63037261962893,385.9447033996206,345.31604183963725,0.11111949280605853,0.0022328793407750958,0.0022303901703560228,0.22904850726465206,3204330.0,0.9166658864723671,0
2021-08-17,353.235107421875,354.4312428453383,349.8897626123367,352.03894232057763,2812800,365.0877258300781,363.28761901855466,346.56843322753906,358.1440912969082,361.886839513486,-3.7427482165778088,-1.943422267484702,-1.7993259490931068,28.934770264577125,365.0877258300781,386.1418749398299,344.0335767203263,0.11533747984478104,-0.0009077863590361002,-0.0009081986466044977,0.2097670934314757,3167860.0,0.887918026680472,0
2021-08-18,351.017822265625,355.6176487993536,350.6677128817962,351.2414744074012,2774500,364.1585174560547,363.21214965820315,346.92512084960936,357.0477422151723,361.08172712475556,-4.033984909583239,-2.3615347959044097,-1.6724501136788295,18.96164138163465,364.1585174560547,385.99948195450327,342.31755295760615,0.1199530613812115,-0.0062770803628017235,-0.006296864064450814,0.20091414873895422,3186930.0,0.8705870539986759,0
2021-08-19,347.47802734375,350.23017187496134,344.9592990001072,347.07930560440064,2727900,362.95021057128906,363.10337890625,347.2576658630371,355.5754783887997,360.0740456594959,-4.498567270696185,-2.788941290862765,-1.7096259798334201,18.641820255352158,362.95021057128906,385.7023553569481,340.19806578563004,0.12537336594926787,-0.010084373776315991,-0.010135565522129283,0.20028373887825382,3114310.0,0.8759243620577271,0
2021-08-20,345.2217712402344,348.46015663036076,343.6074457091953,347.5265514726178,4135900,361.08936614990233,362.9306390380859,347.5526708984375,353.9826003659435,358.973877183995,-4.991276818051517,-3.2294083963005153,-1.761868421751002,22.821062411164874,361.08936614990233,383.209271509745,338.96946079005966,0.12251762269099797,-0.006493233890969341,-0.006514406636978257,0.15985449591704495,3135090.0,1.3192284750995984,1
2021-08-23,351.0762634277344,352.27239908984023,346.93347439079815,347.633663669184,3537900,359.5436065673828,362.85167724609374,347.8197311401367,353.535471606219,358.38886875760534,-4.853397151386332,-3.5542061473176787,-1.2991910040686534,40.75750787163492,359.5436065673828,379.7515047793101,339.33570835545555,0.11240860826231973,0.01695864130024982,0.01681644888476367,0.17766207662694894,3197695.0,1.106390697048968,1
2021-08-24,351.82501220703125,356.0261472468512,351.5235447538708,353.0406163497221,3032000,358.15830688476564,362.76787536621094,348.04533325195314,353.272324006344,357.9026571612665,-4.630333154922539,-3.769431548838651,-0.8609016060838881,41.34966897920805,358.15830688476564,376.28885933323056,340.0277544363007,0.10124323295005007,0.002132724018384158,0.002130452990924842,0.17879940016649257,3210105.0,0.944517391175678,0
2021-08-25,349.2188415527344,352.42802533054396,348.63534549917574,352.0001302031237,2340400,356.9748001098633,362.6008666992187,348.271905670166,352.64871132117327,357.2594115606345,-4.6107002394612095,-3.9376852869631627,-0.6730149524980469,31.5306384995599,356.9748001098633,374.1200806240233,339.8295195957033,0.09605877226562394,-0.0074075763913091786,-0.007435148732508236,0.1719416264680909,3158495.0,0.7409858176125022,0
2021-08-26,343.1504211425781,348.34350775040383,342.1195912844429,348.1489992316551,3946300,355.2267593383789,362.3960247802734,348.3183352661133,351.1874359090817,356.21430115929695,-5.026865250215224,-4.155521279613575,-0.8713439706016484,21.791382793855846,355.2267593383789,370.3024604937258,340.151058183032,0.0848793102379217,-0.01737712771502875,-0.01752988220833339,0.16624026647255702,3167110.0,1.246025556422101,1
2021-08-27,345.94146728515625,346.69026868216105,341.97371911936176,342.76142815504414,3698300,353.75782165527346,362.1795935058594,348.42610229492186,350.3803638130932,355.4533505019532,-5.072986688859999,-4.33901436146286,-0.7339723273971384,30.029502828297566,353.75782165527346,366.0599697436457,341.4556735669012,0.06955124288593294,0.008133593813712592,0.008100694412732258,0.17204950059992316,3225360.0,1.1466316938264256,0
2021-08-30,343.335205078125,348.18791675480855,342.55723033671245,345.0370507930696,4032100,352.67787780761716,361.9085107421875,348.53241714477537,349.2964932384827,354.55571010018815,-5.259216861705454,-4.52305486151138,-0.7361620001940743,30.158453505906962,352.67787780761716,364.63635942294746,340.71939619228687,0.06781532025580324,-0.007533824226058861,-0.007562346826266439,0.14856303422700226,3255450.0,1.2385691686249214,0
2021-08-31,336.70294189453125,345.4455582578386,335.1955748015841,343.2282972690577,6780400,351.63878173828124,361.3946325683594,348.6254345703125,347.35902380095166,353.2332828256951,-5.874259024743424,-4.793295694157789,-1.080963330585635,27.760128654744136,351.63878173828124,365.32528794227784,337.95227553428464,0.07784412251879108,-0.01931716609744283,-0.01950618066021769,0.14690230558389672,3278045.0,2.0684279807019124,1
2021-09-01,339.9510192871094,342.3627590545367,337.7434630400588,337.8212783293652,4499600,350.7421539306641,360.84955322265625,348.7020378112793,346.21933079882206,352.2494114524665,-6.030080653644461,-5.0406526860551235,-0.9894279675893376,35.07348889174071,350.7421539306641,365.0419490089096,336.4423588524185,0.08154021361842001,0.00964671521520466,0.009600482747816632,0.15302694036659645,3342865.0,1.346031024286054,0
2021-09-02,331.88909912109375,340.8943039674325,329.99274481676406,340.86513065557364,7412000,349.2513366699219,360.19957275390624,348.7362968444824,344.0146797714792,350.7412401686611,-6.726560397181856,-5.37783422828047,-1.3487261689013863,28.132023800696018,349.2513366699219,364.89266437384936,333.61000896599444,0.08957061039803611,-0.023714946297033523,-0.02400067199095174,0.16210394284942167,3585345.0,2.067304541125052,0
2021-09-03,330.8680114746094,334.6704248266536,329.603765348748,330.5762486711787,5171000,347.58353118896486,359.536748046875,348.76036346435546,341.9921154181146,349.2691491542869,-7.277033736172257,-5.757674129858827,-1.5193596063134294,26.353204764461452,347.58353118896486,363.6112949165572,331.5557674613725,0.09222395360773754,-0.003076592901630093,-0.0030813353431104157,0.15672715114150015,3741970.0,1.3818924256474532,1
2021-09-07,335.2247009277344,338.424179207623,333.5812018211488,335.39977047213375,4764300,346.32075958251954,358.8666424560547,348.8089268493652,340.95097472728685,348.22881965602375,-7.277844928736897,-6.061708289634441,-1.216136639102456,32.68513655847414,346.32075958251954,362.0470383011911,330.594480863848,0.09081915122633227,0.013167454398834488,0.013081517033376558,0.16747493589594906,3860145.0,1.2342282479026048,1
2021-09-08,341.3804626464844,342.3140380769023,335.506656637873,335.506656637873,5054500,345.50387115478514,358.55141479492187,348.8982487487793,341.0170497917788,347.7215339516134,-6.704484159834635,-6.190263463674481,-0.5142206961601543,41.38706170555253,345.50387115478514,360.4134815598983,330.594260749672,0.0863064738191235,0.018363091089988126,0.01819652554812233,0.18373495351388894,3951620.0,1.2790956620322804,1
2021-09-09,341.7403564453125,343.90900486568444,340.2913658403525,341.059606271288,3716200,344.88002319335936,358.23716796875,349.0420817565918,341.1283277384763,347.2784837659615,-6.150156027485195,-6.182241976436624,0.03208594895142891,44.56321078590134,344.88002319335936,359.29028630177714,330.4697600849416,0.08356681825168265,0.001054230801722289,0.0010536754906803742,0.1818736648901729,3974045.0,0.9351177452696182,0
2021-09-10,337.8309631347656,345.231546261375,337.471119410691,345.16346531267175,3437700,344.17059631347655,357.90126342773436,349.12257080078126,340.6210408763669,346.57866742291,-5.957626546543054,-6.137318890457911,0.17969234391485678,43.209502692287415,344.17059631347655,358.4977209140855,329.8434717128676,0.08325594780072125,-0.01143965948655079,-0.01150559573225838,0.1845124922891089,3955785.0,0.8690310519909449,1
2021-09-13,338.2491760253906,342.30441509645857,336.8293289239282,340.36918266904826,3234200,343.4446365356445,357.4645477294922,349.1550076293945,340.2561385916013,345.96166806013076,-5.705529468529448,-6.050961006072219,0.3454315375427708,36.90684602761438,343.4446365356445,357.40410416578516,329.4851689055039,0.08129093393887867,0.001237935347146335,0.001237169736969938,0.18427607361369527,4002265.0,0.8080924176684953,0
2021-09-14,336.2846984863281,340.2524467954999,335.7498445659735,340.05793827291615,3281900,342.58106842041013,356.9046173095703,349.1828059387207,339.6451478061747,345.2448554991083,-5.5997076929336345,-5.960710343444503,0.36100265051086833,34.52150013708682,342.58106842041013,356.0345032239358,329.12763361688445,0.07854161273743146,-0.005807782186334265,-0.005824712938535545,0.18401623522424776,4019495.0,0.8164956045473374,0
2021-09-15,335.26361083984375,337.96711317161294,333.32837860920534,337.45169822023433,3833500,341.68249359130857,356.3030895996094,349.2163993835449,338.9710651959699,344.5055040428665,-5.534438846896592,-5.875456044134921,0.3410171972383296,35.647076621952365,341.68249359130857,354.52660931952494,328.8383778630922,0.07518158506288239,-0.0030363785538873866,-0.003040997703943852,0.1839367047373631,4070530.0,0.941769253635276,1
2021-09-16,336.7806701660156,338.112967463071,335.205252057736,335.9054411811751,3771100,340.97063598632815,355.7746423339844,349.2699807739258,338.63408134520773,343.9332941260627,-5.299212780854987,-5.760207391478934,0.4609946106239473,42.77203393117357,340.97063598632815,353.1996644663012,328.7416075063551,0.0717306840490711,0.004524974608403287,0.004514767689915277,0.18502199535872296,4120360.0,0.9152355619411896,0
2021-09-17,333.6005554199219,336.4790966071169,331.39300015646666,334.5341307307752,5527500,340.2767623901367,355.24658264160155,349.29617950439456,337.8596927413176,343.167906073756,-5.308213332438413,-5.66980857967083,0.3615952472324171,36.11892795135015,340.2767623901367,352.52593969746954,328.02758508280385,0.07199537941582283,-0.009442687861289989,-0.00948755269140476,0.18466395764727975,4260340.0,1.297431660383913,0
2021-09-20,330.3428039550781,331.7237134099869,326.3847904076172,329.0105067865898,3956600,339.5328140258789,354.5998809814453,349.29959747314456,336.7032483126654,342.21789850940945,-5.514650196744071,-5.638776903085479,0.12412670634140799,35.597218059204536,339.5328140258789,352.31324620409185,326.75238184766596,0.07528245665963133,-0.009765425782169435,-0.009813420265841408,0.18608648980923176,4251375.0,0.9306636088324366,0
2021-09-21,328.09637451171875,333.736764989946,327.9991202597843,332.78375048334874,2967300,338.3838195800781,353.85729248046874,349.3163949584961,335.37911388175047,341.1718596947657,-5.7927458130152445,-5.669570685071433,-0.1231751279438118,39.43148414909994,338.3838195800781,350.9242764808639,325.84336267929234,0.07411971953238207,-0.006800297801143773,-0.006823525188226615,0.172357781381349,4222845.0,0.7026779339521105,1
2021-09-22,333.9604797363281,334.40781372594495,329.2244910105898,329.9635581069494,3238800,337.49059295654297,353.07347229003904,349.3178921508789,335.1608624747624,340.6376834015481,-5.476820926785706,-5.631020733414288,0.1541998066285819,43.08794282688061,337.49059295654297,348.44449379213364,326.5366921209523,0.0649138142763058,0.017873118023131074,0.017715271876155514,0.1873683766025041,4233185.0,0.7650976746823018,1
2021-09-23,344.3271179199219,345.02730697885147,335.7011970808595,336.2263166166837,4783200,337.24600677490236,352.35908569335936,349.3876467895508,336.57105562017153,340.91097484735354,-4.339919227182008,-5.372800432167832,1.0328812049858236,63.62661310113281,337.24600677490236,347.2768281416659,327.21518540813884,0.05948667243054222,0.03104151183331183,0.030569467884119763,0.22082850845917865,4355325.0,1.0982418074426135,1
2021-09-24,348.30462646484375,350.025911242458,343.0532225174565,344.2882656392417,3306200,337.50371704101565,351.7353356933594,349.47811248779294,338.37622036550573,341.45865274494537,-3.0824323794396378,-4.914726821622193,1.8322944421825555,67.94070454952225,337.50371704101565,348.4007007949384,326.6067332870929,0.0645740073588493,0.011551540200928745,0.011485330554855186,0.21551291165285977,4323320.0,0.7647363600196145,0
2021-09-27,346.9528503417969,352.61271017398263,345.387166500851,347.22514447404114,4158000,337.55428619384764,351.1450402832031,349.58090774536134,339.6957019003197,341.86563034471214,-2.16992844439244,-4.365767146176243,2.195838701783803,62.86257446950933,337.55428619384764,348.6241557514117,326.4844166362836,0.06558867720143216,-0.0038810168465658323,-0.003888567535011686,0.21433129215015886,4346305.0,0.9566746926412205,0
2021-09-28,341.51666259765625,346.2040390125854,339.4452685146612,345.71779738475874,3266900,337.4633590698242,350.86749145507815,349.6823448181152,339.97584969990993,341.8397808819673,-1.8639311820573425,-3.865399953352463,2.0014687712951202,50.151769579568,337.4633590698242,348.36184381127475,326.56487432837366,0.0645906256103825,-0.015668376088523894,-0.015792422536877626,0.220107735974407,4308045.0,0.7583254121068838,1
2021-09-29,343.471435546875,347.3516350546347,342.7128996353316,343.1018870836903,2808800,337.8017837524414,350.4551593017578,349.8134191894531,340.51363213790455,341.96064419047894,-1.4470120525743937,-3.3817223731968493,1.9347103206224556,51.86275681703843,337.8017837524414,349.01661161784756,326.58695588703523,0.06639886705645681,0.005723799636451865,0.005707480935683686,0.2088847171505237,4109465.0,0.6834952968330428,0
2021-09-30,338.11297607421875,346.2040440005063,337.8406819458261,344.97870558382226,4393300,337.7098815917969,349.8253790283203,349.89963027954104,340.14430043579904,341.67563173742263,-1.5313313016235952,-3.0116441588821985,1.4803128572586033,50.29428717919322,337.7098815917969,348.8805898704844,326.53917331310936,0.06615564949437872,-0.015600888219786113,-0.015723862761240756,0.2143025962054621,4104150.0,1.0704530779820425,1
2021-10-01,350.26904296875,353.1864929944991,337.6073205410202,340.2038344443485,5227300,338.6288787841797,349.39787658691404,350.0345098876953,341.70195313317606,342.31218071752096,-0.6102275843448979,-2.5313608439747384,1.9211332596298405,60.07491721197877,338.6288787841797,350.7657069964286,326.49205057193075,0.07168218053832416,0.035952677816964096,0.03532146501117643,0.23139111189210096,3994915.0,1.3084884158987113,0
2021-10-04,334.728759765625,350.7260920544046,330.0024755511427,350.0259028995863,7901500,338.8219161987305,348.4436785888672,350.0991972351074,340.62915415355286,341.75044583219534,-1.1212916786424785,-2.2493470109082865,1.128055332265808,48.937610203276215,338.8219161987305,350.5551074781612,327.0887249192998,0.06925875050271997,-0.04436670472335025,-0.045381021863863016,0.28540875535151106,4131440.0,1.9125292876091629,0
2021-10-05,333.7659606933594,338.97848623292987,333.4936665763706,337.9962686747979,4724100,338.74897918701174,347.4791687011719,350.1358152770996,339.5732782366,341.15900248857787,-1.5857242519778652,-2.1166224591222025,0.5308982071443373,48.97659483332103,338.74897918701174,350.593927262359,326.9040311116645,0.06993348351203772,-0.0028763559872768685,-0.002880500648748825,0.2817978013465417,4129430.0,1.1440077686266628,1
2021-10-06,339.0952453613281,339.28001958495594,329.7788375982688,330.6540964166486,3712000,338.6347183227539,346.67045349121094,350.1824626159668,339.4997347173274,341.00613159026307,-1.5063968729356816,-1.9945773418848984,0.48818046894921685,51.50331886121675,338.6347183227539,350.41670600221767,326.8527306432901,0.06958523176725388,0.015967130551293396,0.01584099681336563,0.2798408791575697,4062305.0,0.9137669377360883,1
2021-10-07,344.6063232421875,348.49142355077595,339.8253950638458,339.8253950638458,3209200,338.7780166625977,346.10480041503905,350.2855400085449,340.285363721152,341.27281245336854,-0.9874487322165351,-1.7931516199512259,0.8057028877346908,56.938174243045125,338.7780166625977,350.78658157845234,326.769451746743,0.07089341294429068,0.016252300662567443,0.016121645751925845,0.285870703490847,4036955.0,0.7949556039143364,1
2021-10-08,345.6287841796875,350.89656937564007,344.8985002198752,346.6414529242531,2336700,339.16790771484375,345.4551513671875,350.4040495300293,341.10742840708053,341.59547702568847,-0.4880486186079338,-1.5321310196825675,1.0440824010746337,59.915935743423475,339.16790771484375,351.54762417612466,326.78819125356284,0.07300051791273356,0.0029670405577015835,0.002962647580149341,0.28239494032023343,3981905.0,0.5868296707229329,0
2021-10-11,338.0240783691406,345.55088201418414,337.7806503954173,344.64533708361233,2769800,339.1566528320312,344.709228515625,350.49911849975587,340.6330668627821,341.3309289770553,-0.6978621142732209,-1.3652772386006984,0.6674151243274775,56.021452155599576,339.1566528320312,351.54029482332265,326.7730108407398,0.0730260892002875,-0.02200252455418561,-0.022248190294399457,0.29425485535262885,3958685.0,0.6996767866096949,0
2021-10-12,336.26165771484375,340.7991586501393,335.56058397129317,339.48464166656595,3042900,339.155500793457,344.1357800292969,350.5525756835938,339.96054237848386,340.9554274020767,-0.9948850235928148,-1.2911987955991218,0.29631377200630693,51.46881621652577,339.155500793457,351.54027196845584,326.7707296184582,0.07303299605062905,-0.005213890864816495,-0.0052275306252635755,0.2941034124629112,3946735.0,0.7709917184710907,0
2021-10-13,333.3502197265625,340.31225271602875,328.1213924435749,337.14768956487825,3755700,339.059831237793,343.6530871582031,350.55044021606443,338.9435696628036,340.3920786853719,-1.4485090225683166,-1.322660840992961,-0.1258481815753556,42.25661992679664,339.059831237793,351.59977645380803,326.51988602177795,0.07396892265436418,-0.0086582514583039,-0.008695951888405724,0.2955870612184645,3942845.0,0.952535542229025,1
2021-10-14,335.52166748046875,336.7193439365434,331.87024748487397,334.8011301102443,4083800,338.99688110351565,343.20584899902343,350.54855194091795,338.4171231732136,340.03130748500877,-1.6141843117951566,-1.3809655351534003,-0.2332187766417564,40.74680015375167,338.99688110351565,351.59749384377596,326.39626836325533,0.07434058212714123,0.006514013267150176,0.006492888769938968,0.2960856231837766,3958480.0,1.031658616438633,1
2021-10-15,346.64154052734375,347.235490701402,338.59866830844726,339.82555517989596,4053600,339.64893035888673,342.9045709228516,350.5591928100586,339.6824181507721,340.52095437703355,-0.8385362262614535,-1.272479673375011,0.4339434471135575,49.802571811334445,339.64893035888673,352.42226169690986,326.8755990208636,0.0752149069012307,0.03314204155689082,0.03260468461199325,0.316028706363363,3884785.0,1.0434554293223435,1
2021-10-18,349.017333984375,350.47790199411367,341.0231667313651,344.6550934977693,3280900,340.58265686035156,342.6004351806641,350.57497833251955,341.1185590482495,341.15031582942925,-0.03175678117975167,-1.024335094935959,0.9925783137562074,54.94892050058231,340.58265686035156,353.2211657934127,327.94414792729043,0.0742169847964001,0.006853747111257746,0.006830366953525378,0.3132412288479018,3851000.0,0.851960529732537,1
2021-10-19,352.5810546875,352.7660623098557,348.20906842511965,348.9783090804238,2835400,341.8068908691406,342.44245361328126,350.6349868774414,342.8820199158265,341.99703722632336,0.884982689503147,-0.642471538048138,1.527454227551285,55.88554010197523,341.8068908691406,354.0912916630087,329.5224900752725,0.07187918747121527,0.01021072696430747,0.010158949649473942,0.3120442994294392,3844405.0,0.737539359146604,0
2021-10-20,347.3912048339844,352.96083842678013,346.6414573232481,352.1916273743875,2796200,342.4784271240234,342.2359130859375,350.68876419067385,343.57574067246617,342.39660519726124,1.1791354752049301,-0.27815013539752437,1.4572856106024545,56.007564066337736,342.4784271240234,354.42043669277956,330.5364175552673,0.06973875504533028,-0.014719593649509921,-0.014829001824754459,0.3139743230035479,3822275.0,0.7315538520907051,0
2021-10-21,346.8459167480469,347.011460850168,338.14092975469254,345.2782548109615,2516300,342.6043670654297,342.0884851074219,350.73918533325195,344.07884468409395,342.72618383065276,1.3526608534411935,0.04801206237021921,1.3046487910709743,47.39132517769241,342.6043670654297,354.6808353113205,330.5278988195389,0.07049804034508679,-0.0015696657783782486,-0.0015708989943663885,0.2949496195018656,3708930.0,0.67844364816807,1
2021-10-22,349.24127197265625,352.1331976013587,345.5703589686039,347.30356502017884,2774400,342.6511993408203,342.03292053222657,350.7882432556152,344.87306426694965,343.2087829522826,1.6642813146670505,0.37126591282958554,1.293015401837465,63.830524840186364,342.6511993408203,354.82759444673724,330.4748042349034,0.07107166196611261,0.006906107608438017,0.006882369675765918,0.29310221231093564,3682340.0,0.7534339577551231,1
2021-10-25,351.3736572265625,354.7232284945645,349.3580962044257,352.9316021885937,2447900,342.8722396850586,342.00502624511716,350.8286080932617,345.8731554915055,343.8135884540811,2.059567037424358,0.7089261377485401,1.3506408996758181,66.4143407026398,342.8722396850586,355.52847786393284,330.2160015061844,0.07382480535898422,0.006105765340567171,0.006087200684666709,0.29335792282820466,3596835.0,0.6805705571704012,0
2021-10-26,347.9267883300781,357.69311876415577,347.43018568781446,353.82748083156605,3320100,343.1927459716797,341.89244079589844,350.8791459655762,346.189099005132,344.1182699263772,2.070829078754798,0.9813067259497916,1.0895223528050064,58.53244896900165,343.1927459716797,356.02783865714736,330.35765328621204,0.07479815838838744,-0.009809696388997868,-0.009858128456827518,0.28971131592695454,3599495.0,0.9223793893310034,0
2021-10-27,326.8946533203125,341.889814906222,325.0251128653279,338.8518376677924,9652700,342.36390686035156,341.3656317138672,350.85013626098635,343.220722745929,342.8424464740761,0.37827627185288293,0.86070063513041,-0.482424363277527,36.836119697372474,342.36390686035156,357.1203419661867,327.60747175451644,0.08620321716245746,-0.06044988691647524,-0.06235412138774184,0.36190004011796045,3941690.0,2.4488734527575735,0
2021-10-28,324.2752990722656,341.27630189978214,320.2246536751036,335.122464778156,9505100,341.6720230102539,340.83078125,350.7914880371094,340.30604218075,341.46710222209015,-1.1610600413401357,0.4563484998363009,-1.6174085411764367,34.49739515135241,341.6720230102539,358.42959502900726,324.91445099150053,0.09809156670840712,-0.00801283906433381,-0.008045114386195708,0.35917090869815155,4197280.0,2.2645856364121526,1
2021-10-29,326.6998291015625,329.26069633417353,322.4057557529559,322.53234306336344,5843700,340.49356231689455,340.41521728515625,350.8390705871582,338.21277863010573,340.3732301390881,-2.160451508982362,-0.06701150192743172,-2.0934400070549306,41.10993292314504,340.49356231689455,358.00361651732385,322.98350811646526,0.10285101475212521,0.0074767644536395395,0.007448951995722961,0.3326760971261781,4228100.0,1.3821101676876137,0
2021-11-01,325.2684631347656,331.93839589685024,324.12923680042337,326.43692935415646,5126200,340.0205474853516,340.0161511230469,350.8972991943359,336.22134547697647,339.2543585091383,-3.0330130321618185,-0.6602118079743091,-2.3728012241875094,41.32473348646854,340.0205474853516,358.6609412411751,321.38015372952805,0.1096427489084411,-0.004381287773345899,-0.004390913741001376,0.29533481932468886,4089335.0,1.2535534506221673,0
2021-11-02,319.8448791503906,326.9432171410753,318.1116732461941,326.320057009114,5375300,339.3244934082031,339.3915234375,350.91540939331054,333.7018891190402,337.8166192973792,-4.114730178339016,-1.3511154820472506,-2.7636146962917656,39.74873047178128,339.3244934082031,359.88865865429204,318.7603281621142,0.12120648904263144,-0.016674177176924432,-0.016814756152591225,0.3003518551789913,4121895.0,1.3040846503853203,1
2021-11-03,320.76995849609375,320.9160093628019,314.84005558507033,319.86441340716914,3952500,338.4082290649414,338.7704223632812,350.89463195800784,331.71236133089457,336.5539036824692,-4.841542351574617,-2.0492008559527237,-2.7923414956218933,38.58671784318189,338.4082290649414,360.58517604516885,316.23128208471394,0.13106623938492726,0.0028922749933042446,0.0028881004134040746,0.2935121877290027,4133920.0,0.9561142934551224,1
2021-11-04,326.6121826171875,329.7280726513573,320.6725339544242,322.366812903844,4819500,337.5085220336914,338.3182891845703,350.9053456115723,330.9277184518627,335.8174798998557,-4.88976144799301,-2.617312974360781,-2.272448473632229,33.12536638041857,337.5085220336914,360.0831772586814,314.9338668087014,0.13377235685169764,0.01821312740284209,0.018049255157694163,0.2952606788264864,4214435.0,1.1435696599900105,1
2021-11-05,339.6210021972656,340.954982825454,332.03577772312224,333.4379253200592,7201500,337.2081329345703,338.24770080566407,351.00754119873045,332.2651467203862,336.09922229225646,-3.834075571870244,-2.8606654938626734,-0.9734100780075705,43.28647002363154,337.2081329345703,359.48576283264197,314.93050303649864,0.13212984932599045,0.03982956017083228,0.03905681527163444,0.3311441016293835,4457675.0,1.6155282742685368,1
2021-11-08,340.4779052734375,343.8664041863915,338.5207345458979,338.86153970613947,3862200,337.33082427978513,338.1384295654297,351.11305114746096,333.52864803624027,336.4235691797513,-2.8949211435110556,-2.86751662379235,-0.02740451971870561,41.0045517517939,337.33082427978513,359.6543561253296,315.00729243424064,0.13235394004213005,0.0025231156807969946,0.0025199379684625054,0.32148918847153446,4512295.0,0.8559280809432894,0
2021-11-09,335.5897521972656,340.99387029536757,330.7211933964484,340.799116057205,4247800,337.29722900390624,337.9835205078125,351.20134841918946,333.8457409840903,336.3618049588265,-2.5160639747361984,-2.7972260939811195,0.2811621192449212,41.18926973306478,337.29722900390624,359.6295562627533,314.9649017450592,0.13241927498069314,-0.014356740923456401,-0.014460796057562154,0.3252823479537717,4572540.0,0.928980391642282,1
2021-11-10,348.53045654296875,350.16628548157627,340.31232533644453,340.89655844747017,6337100,338.0562408447266,338.22007080078123,351.4135789489746,336.1049279931485,337.26318655765186,-1.1582585645033419,-2.469432588085564,1.3111740235822222,51.06122820934105,338.0562408447266,360.8508179144965,315.2616637749567,0.13485671504132787,0.03856108317066953,0.03783618125682732,0.3506137503190343,4701610.0,1.347857436069772,0
2021-11-11,345.0251159667969,350.1858075373833,343.3016563770989,348.95892087486413,4472200,338.53141326904296,338.321552734375,351.56564315795896,337.477264604479,337.83814429166256,-0.36087968718356933,-2.0477220079051652,1.686842320721596,47.380535705144126,338.53141326904296,361.4990835203588,315.5637430177271,0.1356900385079633,-0.010057487115877728,-0.010108405333316936,0.3530003911048461,4721030.0,0.9472932813390298,1
2021-11-12,353.9442443847656,354.2753028356825,346.57323882119545,346.69982611146617,4724200,338.89654846191405,338.7626556396484,351.80106170654295,340.01064610913846,339.0311887430035,0.9794573661349659,-1.442286133097139,2.4217434992321047,51.472876295737,338.89654846191405,362.6266343594546,315.1664625643735,0.1400432433156362,0.025850664213173058,0.02552218470578859,0.3452319459599069,4754560.0,0.9936145510835913,0
2021-11-15,351.86053466796875,361.3737194015735,351.1789541347253,355.54119435187107,4693200,339.03870849609376,339.1825061035156,352.0004975891113,341.83370588742,339.9815106633713,1.852195224048728,-0.7833898616679655,2.6355850857166936,52.289696799600684,339.03870849609376,363.056404115431,315.0210128767565,0.1416811415184704,-0.005887112871177824,-0.00590451023391889,0.34546081909336357,4825175.0,0.9726486604112804,1
2021-11-16,359.8450622558594,361.3153771213966,352.4838007283723,355.18097270493274,4969000,339.4019088745117,339.67491333007814,352.17771560668945,344.60468379025684,341.45288485540743,3.1517989348494098,0.003647897635509545,3.1481510372139003,72.61418001634509,339.4019088745117,364.4782429250225,314.3255748240009,0.1477677844162177,0.022692307892458574,0.022438667429156175,0.3528135155521694,4931855.0,1.0075316488420685,0
2021-11-17,349.7281494140625,358.32601323292164,341.9871271877077,350.1273451814876,11727300,339.5187561035156,339.8418670654297,352.3118681335449,345.3929092708423,342.06586741530776,3.32704185553456,0.6683266892153197,2.65871516631924,65.83854328676563,339.5187561035156,364.7729849019396,314.26452730509163,0.1487648522765219,-0.028114635722313985,-0.028517419462848838,0.3638885033403292,5378410.0,2.180439944147062,0
2021-11-18,339.0660095214844,352.9511527930317,335.5216834140842,351.2471567141663,6533700,339.1297607421875,339.78838012695314,352.3538537597656,344.4195400786334,341.843655719469,2.5758843591644336,1.0498382232051426,1.526046135959291,56.97955575704191,339.1297607421875,364.1473448381747,314.1121766462003,0.14753989175845897,-0.030486936526103348,-0.030961329945757614,0.38027000338096,5579280.0,1.1710650836667096,0
2021-11-19,330.7894287109375,337.53724547166865,330.214942219559,336.9043386398334,6954800,338.20716857910156,339.6475494384766,352.3645458984375,342.3225998682187,341.02482408920736,1.2977757790113174,1.0994257343663776,0.19835004464493977,52.892562776307685,338.20716857910156,363.0147338281767,313.3996033300264,0.14670041059920955,-0.02440993959325921,-0.024712800877244284,0.38795819230851075,5788300.0,1.201527218699791,0
2021-11-22,312.8536071777344,332.5031349985723,311.3541123158193,330.8672764982495,11378200,336.28116607666016,339.13963806152344,352.29390319824216,337.7889086850672,338.9380672809501,-1.1491585958829091,0.6497088683165203,-1.7988674641994296,46.76168220071605,336.28116607666016,362.71272450366064,309.8496076496597,0.1571991600681855,-0.054221265785601824,-0.05574663346751926,0.4274532736947769,6234815.0,1.8249458885307743,1
2021-11-23,320.35125732421875,321.02312100100073,313.233424774272,316.41745240942754,7116200,334.9023895263672,338.82096923828124,352.27816360473633,335.1061930910905,337.5612665434145,-2.4550734523239726,0.028752404188421732,-2.4838258565123943,49.81719078193845,334.9023895263672,361.6511251142263,308.15365393850806,0.15974048812066285,0.023965362631171105,0.023682700489722073,0.43951781718482297,6424620.0,1.1076452770747531,1
2021-11-24,331.0621032714844,331.4126253527644,316.47588578864986,318.3551726644037,6414400,335.11076202392576,338.73693908691405,352.3122428894043,334.4840254265357,337.07984704179006,-2.5958216152543514,-0.496162399700133,-2.0996592155542184,51.863650062460366,335.11076202392576,361.66103664348924,308.5604874043623,0.15845671120325217,0.0334346930201852,0.032887908032013545,0.4037773840487318,6262705.0,1.0242219615964667,0
2021-11-26,315.64825439453125,318.27725915089826,310.6141499244568,313.12631398702985,6613900,334.6794097900391,338.31429077148437,352.22724365234376,331.586214498535,335.4923216605116,-3.9061071619765926,-1.178151352155425,-2.7279558098211676,40.158345671854065,334.6794097900391,362.2322940296684,307.1265255504097,0.1646524012750867,-0.04655878375880773,-0.04767750634953586,0.436936049710634,6118145.0,1.0810302796027227,0
2021-11-29,314.5186767578125,323.09707584946614,309.88379880488174,321.33465976373293,6362200,334.0703521728516,337.9326531982422,352.14566802978516,328.96043946150075,333.9387183343857,-4.978278872884971,-1.9381768563013342,-3.0401020165836368,39.3666321318138,334.0703521728516,362.87597741640855,305.2647269292946,0.17245244934906778,-0.003578596177841953,-0.0035850146705148117,0.4358571762364775,6144070.0,1.0355025251990944,0
2021-11-30,306.6413269042969,312.3278001349922,301.9577459032986,309.6403461126575,10237600,333.1389953613281,337.45862365722655,352.02368667602536,325.52672983731554,331.91668933956436,-6.389959502248814,-2.8285333854908306,-3.5614261167579837,38.42564280021299,333.1389953613281,364.25476859370025,302.023222128956,0.18680354846254757,-0.025045729985635812,-0.025364711633618902,0.44374580708639005,6399640.0,1.5997149839678482,0
2021-12-01,298.2284851074219,313.5547011904571,297.9558469589484,312.3473079208361,8008800,332.0581756591797,336.86126586914065,351.8784625244141,321.32699987887037,329.42126680385013,-8.094266924979763,-3.881680093388617,-4.212586831591146,29.132362976195154,332.0581756591797,366.4477568814873,297.6685944368721,0.20712985701399872,-0.02743544675405296,-0.02781882703342989,0.449883540610345,6531315.0,1.2262155477112955,1
2021-12-02,311.7825927734375,313.73001676398906,300.86725991135705,301.4514930515889,6717600,331.6088073730469,336.41770812988284,351.79552810668946,319.8586295549576,328.11469835715286,-8.256068802195273,-4.756557835149948,-3.4995109670453246,37.270720920432765,331.6088073730469,366.8439346918581,296.37368005423565,0.2125102019933572,0.045448735928539596,0.04444620561747535,0.4816530782978832,6669570.0,1.0072013638060624,1
2021-12-03,313.642333984375,314.20710354161446,305.7455445338184,311.8214974385786,4732900,330.96031494140624,335.8040124511719,351.7475534057617,318.90227639025255,327.0426713665767,-8.14039497632416,-5.43332526338479,-2.7070697129393695,33.68550519709015,330.96031494140624,367.0497054073562,294.87092447545626,0.2180889299210348,0.0059648654352197905,0.005947146052962881,0.4771200213072161,6665240.0,0.7100869586091424,1
2021-12-06,324.56744384765625,327.9072989613679,313.5352987400295,316.2130070367223,6055000,330.20763702392577,335.32926879882814,351.7178709411621,319.7738406144685,326.85932117999005,-7.08548056552155,-5.763756323812142,-1.3217242417094077,39.6895973231735,330.20763702392577,366.1641613893496,294.25111265850194,0.21778130081720998,0.034833020544431825,0.03424008089448288,0.4716649169028768,6607915.0,0.9163253461946771,1
2021-12-07,330.5849609375,333.41846634027297,328.43303608554663,328.43303608554663,4939500,329.7129898071289,335.00191101074216,351.67093032836914,321.43708989493484,327.1352944953611,-5.698204600426266,-5.750645979134967,0.05244137870870169,38.77977943749281,329.7129898071289,365.3453546255688,294.080624988689,0.21614171063920556,0.018540113014749116,0.018370340312466493,0.47702797689635273,6661780.0,0.7414684964078669,1
2021-12-08,333.340576171875,334.9861518965245,325.3171984720454,330.31234599116095,4226900,329.60053100585935,334.83838928222656,351.55578689575196,323.2683954760026,327.5949449899177,-4.326549513915097,-5.465826686090994,1.1392771721758965,43.339941449707624,329.60053100585935,365.1689405973916,294.0321214143271,0.21582738039278193,0.008335573483319925,0.008301024448577603,0.4754260029655233,6660735.0,0.6345996350252637,1
2021-12-09,335.46319580078125,337.42036612781436,330.0980637147227,331.1107026434946,3389600,328.94716796875,334.6782244873047,351.51310623168945,325.1445186028916,328.17777838331494,-3.03325978042335,-4.979313304957466,1.9460535245341157,48.4265708635528,328.94716796875,363.51752934386633,294.3768065936337,0.21018792524397406,0.006367720525603859,0.006347532250131672,0.454133002156279,6513360.0,0.5204072859476522,1
2021-12-10,340.72137451171875,341.04268645204303,335.7651534327691,337.87812190966144,3405900,328.7319808959961,334.7303924560547,351.5002096557617,327.54095797348043,329.10693365208556,-1.5659756786051275,-4.296645779686998,2.730670101081871,54.45495302621968,328.7319808959961,362.9325576070219,294.5314041849703,0.20807574984221658,0.015674383290798177,0.01555280890174169,0.4568926534684154,6460045.0,0.5272254295442215,0
2021-12-13,336.2325134277344,340.34157956290863,331.38341660844316,340.0105210240495,4358300,327.84639434814454,334.44966186523436,351.42096755981447,328.87812035105793,329.6347543762077,-0.756634025149765,-3.5886434287795517,2.8320094036297867,61.92510941624124,327.84639434814454,360.16354593689846,295.5292427593906,0.1971481287937295,-0.013174580228250354,-0.01326213485758891,0.44826344036006427,6441750.0,0.6765708076221524,0
2021-12-14,331.5976257324219,339.05626357856767,328.97833794866483,336.24225121460324,4518500,326.8332489013672,334.3870391845703,351.3189389038086,329.2965057943447,329.78015225444574,-0.48364646010105616,-2.967644035043853,2.483997574942797,55.90912050038499,326.8332489013672,357.1916532350725,296.4748445676619,0.18577304748371534,-0.013784769497934501,-0.013880661687285079,0.45000227401733073,6433015.0,0.7023922686329815,1
2021-12-15,337.2451171875,337.4787985309081,326.70954746403606,331.06204077698186,4918700,325.70325164794923,334.4566223144531,351.25761489868165,330.51936908559935,330.33311261985716,0.1862564657421899,-2.3368639348866447,2.5231204006288346,53.431281062404075,325.70325164794923,352.3425368225803,299.06396647331815,0.16358009961426687,0.017031157694824106,0.01688775346519061,0.4462186420977331,6430500.0,0.7649016406189254,1
2021-12-16,343.6424560546875,344.4700874919109,336.0474845384102,342.4545262124543,5369900,325.39896697998046,334.5475665283203,351.28042526245116,332.53830554238215,331.31898991132607,1.2193156310560767,-1.6256280216981005,2.844943652754177,67.26305765807135,325.39896697998046,351.0016488021485,299.7962851578124,0.15736178918935048,0.018969403976961674,0.018791728251992528,0.4421570518619366,6112630.0,0.8784925637573352,0
2021-12-17,340.1273193359375,343.5158476240259,335.07375193139626,340.0104786562328,5898200,325.4520324707031,334.45798645019534,351.2304560852051,333.70584612600607,331.97145875759355,1.7343873684125128,-0.9536249436759778,2.6880123120884907,65.34061659061659,325.4520324707031,351.1780882596986,299.7259766817076,0.15809430098619115,-0.01022905248410455,-0.010281728768337332,0.42960819275198153,6080855.0,0.9699622832644422,0
2021-12-20,328.160400390625,334.4992748813832,327.3911893224281,332.2694661296862,5013900,325.3205810546875,334.1086187744141,351.06995971679686,332.85270062825515,331.68915813781814,1.1635424904370097,-0.5301914568533803,1.69373394729039,62.28869725731227,325.3205810546875,350.9585221590941,299.68263995028093,0.15761647185854968,-0.035183645255772555,-0.03581750171816006,0.43948430966580526,5983810.0,0.8379109630820497,1
2021-12-21,341.5196533203125,342.746539647272,330.44855535945345,331.38331032910963,3105100,326.7538833618164,334.1785302734375,350.9510836791992,334.18607796549475,332.41734296615107,1.7687349993436783,-0.07040616561396856,1.8391411649576468,73.39992893741643,326.7538833618164,352.6609704185834,300.8467963050494,0.1585724814666086,0.04070952166618924,0.03990271290990503,0.4126005628155325,5570155.0,0.5574530690797653,1
2021-12-22,348.0825500488281,349.19256619263956,337.4690662817974,337.4690662817974,3456400,328.14044799804685,334.4149481201172,350.839893951416,336.32399674754606,333.577728675979,2.7462680715670444,0.49292868182223404,2.25333938974481,71.22517391774502,328.14044799804685,355.5306447904541,300.7502512056396,0.16694191136455264,0.01921674686862085,0.01903443708677757,0.4099980564829149,5387165.0,0.6415990599879529,1
2021-12-23,351.1011047363281,352.9414349147787,345.6678041570024,348.14104127323674,2627000,329.14239807128905,334.7699658203125,350.73079696655276,338.59739797658943,334.8757565323012,3.7216414442882524,1.1386712343154377,2.5829702099728147,71.60990346881971,329.14239807128905,358.3859715115234,299.8988246310547,0.17769557256431284,0.008671950625150693,0.008634565241984339,0.3959838563569051,5197795.0,0.5054066195377078,0
2021-12-27,350.83807373046875,351.587821070761,346.25189976753876,350.5362254690963,2677100,330.9018890380859,335.0762939453125,350.62848571777346,340.48057886180163,336.0581503988321,4.422428462969549,1.79542268004626,2.627005782923289,67.28142164263001,330.9018890380859,360.95037809854296,300.8533999776289,0.1816156997338781,-0.0007491602911842143,-0.0007494410519871455,0.35033232115836677,5000955.0,0.535317754308927,1
2021-12-28,351.29583740234375,354.56752539067094,348.9881445641907,349.35815990311266,1920100,332.7407470703125,335.1693798828125,350.5330714416504,342.1444647911158,337.18686795464777,4.957596836468042,2.4278575113306164,2.5297393251374256,64.69929277465738,332.7407470703125,363.0677579886267,302.41373615199836,0.1822861262729909,0.001304771933694715,0.0013039214584989651,0.34907509084514576,4778850.0,0.40179122592255456,1
2021-12-29,351.79241943359375,353.6035095037911,350.7213302825098,352.2695288082589,1535200,334.99830169677733,335.2248815917969,350.4371325683594,343.6287655053432,338.26876065679187,5.360004848551341,3.014286978774762,2.3457178697765793,63.52982455512224,334.99830169677733,363.83016085655544,306.1664425369992,0.17213137507709023,0.0014135722043333576,0.0014125740516747732,0.330217718634376,4343730.0,0.35342896542833,0
2021-12-30,351.5003356933594,355.06412568940635,349.6697521168322,352.4837944630617,1558000,337.6618942260742,335.20326721191407,350.35768157958984,344.83977630349955,339.24887732616725,5.5908989773323015,3.52960937848627,2.0612895988460314,62.08362478621041,337.6618942260742,361.6222329380338,313.7015555141146,0.14191911566969692,-0.0008302729794594788,-0.000830617846972354,0.30592836720602345,4021190.0,0.3874474968852504,0
2021-12-31,349.8742370605469,353.82750578849425,347.40100001928204,348.5402562450279,1984000,339.5664764404297,335.2529278564453,350.32675903320313,345.61430872766067,340.03594101019536,5.578367717465312,3.9393610462820785,1.6390066711832336,57.295803564695554,339.5664764404297,360.7614068360977,318.3715460447617,0.12483523472545283,-0.004626165234251967,-0.0046368990537146255,0.2756988973335966,3784510.0,0.5242422400786363,1
2022-01-03,361.198486328125,362.5324670433726,349.8060437883423,350.3318566003424,4708200,341.9442840576172,335.53997924804685,350.40334426879883,348.0118745123475,341.6035369596716,6.408337552675903,4.4331563475608435,1.9751812051150592,67.94504910685495,341.9442840576172,361.5005317451643,322.3880363700701,0.1143826558846757,0.032366627971005535,0.03185386363142612,0.29124257992037855,3783275.0,1.244477337756309,1
2022-01-04,365.52178955078125,372.34749097989254,361.880086189302,362.2111447284666,6854500,343.99200134277345,335.8655895996094,350.49237762451173,350.70570759518347,343.3752593738279,7.330448221355596,5.012614722319794,2.3178334990358014,74.49373283265916,343.99200134277345,364.4432459590154,323.54075672653147,0.11890534975470654,0.011969328184639139,0.011898262288027999,0.2732685833989271,3823250.0,1.792846400313869,0
2022-01-05,364.07086181640625,372.4447898315004,362.7174177706885,364.1682389463559,5976600,345.6662963867187,336.1195336914063,350.58933975219725,352.76188516767934,344.908266962167,7.853618205512362,5.580815418958308,2.2728027865540534,70.61801553130984,345.6662963867187,366.9614666213836,324.3711261520539,0.12321230306376528,-0.003969469880737209,-0.003977369137140627,0.2713517193140292,3875105.0,1.542306595563217,0
2022-01-06,360.7461853027344,364.86064298473855,357.3337213877085,359.46895118917064,4781100,347.03657684326174,336.37592163085935,350.6484312438965,353.9902390346109,346.0814460985053,7.908792936105613,6.04641092238777,1.862382013717843,63.79745239927543,347.03657684326174,368.5184007788546,325.5547529076689,0.12380149741561713,-0.009131948920835242,-0.009173900763080216,0.27553348048999354,3902815.0,1.2250388501632796,0
2022-01-07,360.4049987792969,362.49149137903373,355.0035465790055,357.22655204234957,4551200,348.2836669921875,337.04612854003904,350.71207458496093,354.977125149178,347.1424500007862,7.834675148391796,6.404063767588576,1.43061138080322,67.24071810919017,348.2836669921875,369.83235598693466,326.7349779974403,0.12374217361867015,-0.0009457799897486519,-0.0009462275218433407,0.2759580707239768,3960895.0,1.1490332361751574,0
2022-01-10,354.8085021972656,361.6334300376306,340.04714398617205,361.6334300376306,6009300,348.98802337646487,337.65679260253904,350.70999557495117,354.95118315657606,347.7103057190439,7.240877437532163,6.571426501577293,0.6694509359548695,75.4095860984869,348.98802337646487,370.41651565432244,327.5595310986073,0.12280359692883759,-0.015528354492825414,-0.01565018222459299,0.2802468729820491,4091065.0,1.468884019197935,1
2022-01-11,357.12896728515625,358.854688254368,347.18406095188317,354.43798632935517,4131200,350.03284606933596,338.26537536621095,350.7351870727539,355.2862268686653,348.4079843535708,6.878242515094541,6.632789704280743,0.24545281081379855,68.85259557403394,350.03284606933596,370.87230853672946,329.19338360194246,0.11907146830023795,0.006540049275934434,0.006518755942877999,0.274605807851688,4079710.0,1.0126209951197511,1
2022-01-12,358.1234436035156,362.813141408796,357.8894556104393,359.7126814832448,5783100,351.3591369628906,338.92247497558594,350.7881986999512,355.72272175095003,349.1276480017148,6.595073749235212,6.625246513271637,-0.030172764036425548,64.01189362851065,351.3591369628906,370.5713296351992,332.146944290582,0.1093592888369244,0.0027846419905930286,0.0027807720576722905,0.26724454252032154,4142940.0,1.3958927717997365,1
2022-01-13,360.2781982421875,368.23411809616226,358.6792305398207,359.3909540077046,3892900,352.510791015625,339.73114135742185,350.86241424560546,356.42356428806346,349.95361468619427,6.469949601869189,6.594187130991148,-0.12423752912195951,63.1228458790559,352.510791015625,370.9046264149346,334.11695561631535,0.10435899194072804,0.0060167930280974335,0.005998764409095246,0.26294058903952894,4091650.0,0.9514254640548434,1
2022-01-14,362.8326721191406,365.4066293901875,355.04248437903084,355.2082457157666,4029900,353.47030181884764,340.5723956298828,350.91423294067386,357.4095808774599,350.9076189404866,6.501961936973316,6.575742092187583,-0.07378015521426651,66.09687473123344,353.47030181884764,371.918312712714,335.0222909249813,0.1043822397465284,0.007090281591882297,0.007065263731530136,0.2569471619480846,4024650.0,1.0013044612575006,0
2022-01-18,357.1387939453125,362.8327612324454,356.06632884232965,361.51651889639356,4933900,354.3208755493164,341.1829278564453,350.91323028564454,357.3679213494372,351.3691874593626,5.998733890074618,6.46034045176499,-0.4616065616903722,56.87509336183023,354.3208755493164,371.71728408816176,336.924467010471,0.09819578658398324,-0.01569284855350206,-0.015817284858280368,0.26132891739090375,3976435.0,1.2407847732956783,0
2022-01-19,351.70806884765625,360.06370852535144,350.71356024400023,353.346044512785,4464800,355.49825897216795,341.42466918945314,350.8790101623535,356.49717481070167,351.39428978442135,5.102885026280319,6.188849366668057,-1.0859643403877381,49.911074734543284,355.49825897216795,367.9142762722705,343.0822416720654,0.06985135362406723,-0.01520620327369937,-0.0153230031505171,0.23089829605491868,3948980.0,1.130621071770432,1
2022-01-20,354.89630126953125,363.7394662471488,352.62458803737536,352.78056022775064,5043200,356.1670913696289,341.713037109375,350.8534065246582,356.2508865735985,351.6536980425777,4.597188531020834,5.870517199538613,-1.2733286685177791,53.37410514761843,356.1670913696289,366.71285388275993,345.6213288564979,0.059218062357067516,0.009064996524876356,0.009024156070711775,0.186430004945662,4045885.0,1.2465010745485845,0
2022-01-21,346.1993103027344,358.9229430316939,345.2535691562339,353.4337465657195,4867100,356.0729293823242,341.9252282714844,350.74983489990234,354.7044902242348,351.2496693211078,3.454820903127029,5.387377940256297,-1.9325570371292677,46.79855629298235,356.0729293823242,366.95102692887883,345.1948318357696,0.06110039067235316,-0.024505724448764643,-0.02481098715634775,0.19713227691866764,4116420.0,1.1823623439785056,0
2022-01-24,340.6809387207031,341.343924623645,322.32186467865034,334.00225284150724,7472800,355.55192108154296,341.76823791503904,350.60730697631834,352.54702076215295,350.46680038774446,2.0802203744084977,4.725946427086737,-2.6457260526782393,30.114400340261014,355.55192108154296,368.27444253662134,342.8293996264646,0.07156491471837989,-0.015939868791782663,-0.016068274845519155,0.20174870610621834,4358710.0,1.7144522117782555,0
2022-01-25,330.2875061035156,338.3604192825128,325.0518164001441,334.733456564162,6994400,354.52439270019534,341.4734857177734,350.41397766113283,349.1224800454395,348.9720378481719,0.15044219726758,3.810845581122906,-3.660403383855326,19.446027862153215,354.52439270019534,371.46889119364596,337.5798942067447,0.09559002902110486,-0.030507819592772267,-0.030982869925327682,0.2265488281725847,4574575.0,1.528972636802326,1
2022-01-26,336.0400390625,345.89717315512013,332.71531976915867,334.77253427744694,7438600,353.7616027832031,341.11540161132814,350.2577160644531,347.1097968172949,348.0141120121962,-0.9043151949013009,2.8678134259180643,-3.772128620819365,27.380157294781924,353.7616027832031,372.58718408892355,334.93602147748265,0.10643089107246832,0.017416744056862665,0.017266810964105636,0.23748575521820392,4850500.0,1.533573858365117,1
2022-01-27,341.76312255859375,350.6355343694811,325.9682782467142,340.3493756571906,8416100,353.2601379394531,340.9134533691406,350.1291468811035,346.28723154672554,347.5510757563738,-1.263844209648255,2.0414818988048005,-3.3053261084530554,35.25223111935547,353.2601379394531,372.82631947512425,333.69395640378195,0.11077491873155916,0.017030957120646395,0.016887556249799547,0.24684573725643955,5194545.0,1.6201804007858243,1
2022-01-28,372.9433898925781,373.1968670293666,346.4919095901467,350.07010580048933,8813400,354.33229064941406,341.175419921875,350.1168000793457,350.388178984549,349.43198791461117,0.9561910699378018,1.8244237330314008,-0.868232663093599,56.58541526818475,354.33229064941406,375.75442238911796,332.91015890971016,0.12091549263230732,0.09123356288576345,0.08730876541059264,0.4110330276637842,5557315.0,1.5859097423845867,1
2022-01-31,376.7165222167969,376.88225380213026,366.8788797882162,369.20908968146296,6345200,355.6744049072266,341.7151873779297,350.12487289428714,354.43869332797175,351.4530645295879,2.985628798383857,2.056664746101892,0.9289640522819651,61.73122515692684,355.6744049072266,379.18236941083313,332.16644040362,0.1321881146310673,0.010117171738331487,0.010066335746450644,0.41060651355320504,5775375.0,1.09866458887951,1
2022-02-01,382.2545166015625,385.60848405179036,372.85562995937795,376.1120924741505,5841100,356.7272064208984,342.57895751953123,350.18011123657226,358.7180507546781,353.7346535719564,4.98339718272166,2.642011233425846,2.3413859492958142,63.00597319927283,356.7272064208984,383.00020604261664,330.4542067991802,0.1473002291320556,0.014700694177619766,0.014593686423706611,0.39905111967958384,5832020.0,1.0015569219584295,1
2022-02-02,386.82720947265625,389.917940281078,373.17735204955056,379.5537937769846,6115000,357.7924774169922,343.6997131347656,350.28507049560545,363.04253671129015,356.1859540090453,6.85658270224485,3.484925527189647,3.371657175055203,64.32744565010424,357.7924774169922,387.11735230331715,328.46760253066725,0.16392113718001974,0.011962429932149243,0.01189144560316473,0.3990490930651451,5795045.0,1.0552118232041339,0
2022-02-03,380.3142395019531,383.11245518086395,376.8237597127797,378.82250645080484,4209200,358.60464630126955,345.04892578125,350.3260417175293,365.69972175600753,357.9732344159274,7.726487340080155,4.333237889767749,3.393249450312406,59.583983295569105,358.60464630126955,389.51835865485634,327.69093394768277,0.17241110884891145,-0.016836897227529457,-0.016980249127261426,0.40465838626081524,5706675.0,0.7375923808522475,0
2022-02-04,372.6411437988281,378.44231572851106,366.99594406603495,377.8768346903787,6045400,359.1993942260742,346.0947235107422,350.32738494873047,366.7676328395184,359.05974622206816,7.707886617450242,5.008167635304248,2.6997189821459946,54.472733365507665,359.1993942260742,390.73796284611365,327.6608256060348,0.17560479848799282,-0.020175672920302534,-0.0203819814681111,0.41071618834561935,5769890.0,1.0477496104778428,0
2022-02-07,366.722900390625,372.8360754276112,363.973422147371,372.641095329695,4767500,359.5152893066406,346.807939453125,350.28116744995117,366.76075092430403,359.6273872715909,7.133363652713115,5.433206838786021,1.7001568139270935,54.36149652887915,359.5152893066406,391.2307681574121,327.79981045586914,0.17643465963262817,-0.015881883969844468,-0.016009352517690024,0.4154978327560857,5780705.0,0.8247263958288824,0
2022-02-08,365.0068664550781,370.2718045557272,361.272669228962,368.09759670314634,5825300,360.02520751953125,347.79511169433596,350.2243783569336,366.49092254442314,360.0258672111085,6.465055333314638,5.639576537691744,0.8254787956228933,56.263735947828906,360.02520751953125,391.7499889239219,328.3004261151406,0.17623644534761954,-0.0046793749005556995,-0.004690357449655515,0.4114752610870352,5771505.0,1.0093207924102985,1
2022-02-09,371.8318786621094,378.73482354288717,371.0811471804289,375.95609648717567,5492800,360.7603530883789,348.9413757324219,350.1939437866211,367.31260810099025,360.9003865778493,6.412221523140943,5.794105534781584,0.6181159883593583,57.71244328012842,360.7603530883789,392.88148511542084,328.63922106133697,0.17807462351148612,0.018698311824419278,0.01852564742631168,0.4156042210653365,5839585.0,0.9406147868384482,0
2022-02-10,365.02642822265625,370.4961064596285,361.2922008030222,362.423192487997,3995000,361.1055023193359,350.10907775878906,350.09752471923827,366.9608881197081,361.20601929227945,5.754868827428652,5.786258193310998,-0.03138936588234653,58.72414935135275,361.1055023193359,393.2556676734363,328.9553369652356,0.17806521998476246,-0.018302493223388616,-0.018472055986783108,0.42199276191048435,5750180.0,0.6947608596600454,0
2022-02-11,360.52191162109375,371.37355116979523,358.4452086633807,368.4095743070889,4345600,361.11768798828126,351.3549462890625,350.01112274169924,365.9702763506905,361.1553446499694,4.814931700721104,5.59199289479302,-0.7770611940719165,59.28115777178781,361.11768798828126,393.2667177834561,328.9686581931064,0.1780529221610331,-0.012340247865052834,-0.012417020977042793,0.4242845411166698,5772815.0,0.7527696626342607,1
2022-02-14,364.80218505859375,367.8539078758867,357.58726653059523,359.5957431267977,3678400,361.2161636352539,352.41533813476565,349.9795851135254,365.7905699980602,361.4254809765341,4.365089021526103,5.346612120139637,-0.9815230986135344,67.12457282331049,361.2161636352539,393.3993594913902,329.0329677791176,0.17819355331304615,0.011872436319483759,0.011802511852466505,0.42562775383855533,5755240.0,0.6391392887177598,1
2022-02-15,371.9975891113281,373.4893222048307,364.06115844420685,365.21163918208197,5800400,361.9591033935547,353.5824432373047,349.9969430541992,366.745496015486,362.20860009763,4.536895917856043,5.184668879682919,-0.6477729618268757,67.58862929674262,361.9591033935547,394.4307135224106,329.4874932646988,0.1794214308987821,0.01972412542314861,0.01953212544242894,0.426210961134627,5798565.0,1.0003164576063215,1
2022-02-16,373.3528747558594,375.3711109871412,367.3566928299179,370.4571535666425,3424800,363.04134368896484,354.55815185546874,350.0380274963379,367.76201582169733,363.0341019241655,4.727913897531835,5.093317883252702,-0.3654039857208673,66.14186612174986,363.04134368896484,395.5171983348791,330.5654890430506,0.17890995177528807,0.0036432645914961093,0.0036366439786113085,0.4211214070144279,5746565.0,0.5959734206434627,0
2022-02-17,364.3536682128906,371.75383657547764,362.86193513986836,369.13111186310863,3972500,363.5142120361328,355.23352600097655,350.06699523925784,367.2376546511117,363.1318475751822,4.105807075929533,4.895815721788069,-0.7900086458585358,44.324170851596186,363.5142120361328,395.7653443094713,331.2630797627943,0.17744083287798817,-0.024103755860600984,-0.02439900545428141,0.43144639939989576,5693030.0,0.6977830786066471,0
2022-02-18,360.6974792480469,365.4359152735876,359.7712270598478,365.1434302427493,4083800,364.23912048339844,355.7806640625,350.04689056396484,366.231473819871,362.9515239953944,3.2799498244766028,4.572642542325776,-1.2926927178491736,39.3987155148039,364.23912048339844,395.4877401506235,332.9905008161734,0.17158299540012936,-0.010034725278811885,-0.010085412507884013,0.4227788373561105,5653865.0,0.7223023542302478,0
2022-02-22,359.0789794921875,364.958166431208,354.70125532888477,355.8712549180167,3897900,365.15902252197264,356.25297973632814,350.01908248901367,365.1310900771504,362.66466884700867,2.466421230141748,4.151398279888971,-1.6849770497472232,33.823392832341966,365.15902252197264,394.5133975375295,335.8046475064158,0.16077584397515754,-0.004487139081851943,-0.004497236507445764,0.4181257202824639,5475120.0,0.7119296015429799,0
2022-02-23,352.195556640625,364.21716711626976,351.1230619692162,362.66693699073033,3802500,366.2544250488281,356.48246337890623,350.0008584594727,363.1410080099927,361.8891790539432,1.2518289560494509,3.571484415121067,-2.3196554590716163,26.58238766743817,366.2544250488281,391.4734967210812,341.0353533765751,0.13771340329275697,-0.019169662510729824,-0.019355782906950118,0.4079036533764022,5315525.0,0.71535737297821,1
2022-02-24,360.14166259765625,361.2726541022559,332.77369743105305,337.2879040320854,7425000,367.4595062255859,356.9606463623047,350.01619735717776,362.6795702542486,361.75973339051455,0.9198368637340195,3.041154904843658,-2.1213180411096384,36.61883159341605,367.4595062255859,388.5678473928057,346.3511650583662,0.11488798525876857,0.02256163034202996,0.022310881291539207,0.41062823819651,5314845.0,1.3970303931723314,0
2022-02-25,359.8589172363281,363.2713809249243,352.6537593775111,358.035691397684,3817900,368.36429595947266,357.5258721923828,350.083497467041,362.245623636107,361.6189321939081,0.6266914421988758,2.558262212314702,-1.931570770115826,40.59942238409752,368.36429595947266,386.120017039687,350.6085748792583,0.09640305140847764,-0.0007850948409821035,-0.0007854031893358028,0.4078615233548138,5084935.0,0.7508257234359927,0
2022-02-28,351.7957763671875,356.22220800179537,346.76482614956785,353.1315074410943,4952400,367.3069152832031,357.81688537597654,350.09396926879884,360.637954825504,360.89129102155846,-0.25333619605447666,1.9959425306408662,-2.249278726695343,39.35772838156674,367.3069152832031,386.384035279697,348.22979528670925,0.10387563752664403,-0.02240639451445181,-0.022661231619803383,0.25049584253601426,4891885.0,1.012370487041294,0
2022-03-01,335.864501953125,352.53680397476376,332.68602563701324,348.90011101006996,5894200,365.26431427001955,357.6613262939453,350.0058918762207,356.82665438359953,359.0374547942671,-2.2108004106675594,1.1545939423791811,-3.3653943530467405,32.72462097488771,365.26431427001955,388.4129810969562,342.11564744308293,0.12675022400257857,-0.0452855761333365,-0.046343015820922415,0.28713339040157126,4869335.0,1.2104732987153277,0
2022-03-02,335.48419189453125,339.60840890913965,330.2192536287338,334.38244880701944,4997900,362.925798034668,357.5684637451172,349.91887588500975,353.5431986160505,357.2927686535459,-3.7495700374954026,0.17376114640426443,-3.923331183899667,26.67083743522022,362.925798034668,388.19968401721235,337.65191205212363,0.139278530869994,-0.0011323318075657784,-0.0011329733795876573,0.2776548908108158,4827175.0,1.0353674768368664,0
2022-03-03,332.4617614746094,340.75893417138315,332.17903585649555,338.9357080110441,3975900,360.2075256347656,357.65449096679686,349.81786468505857,350.29990059429036,355.4534347884395,-5.153534194149131,-0.8916979217064146,-4.261836272442716,28.03211561621839,360.2075256347656,386.337380280691,334.0776709888402,0.145082225030578,-0.009009158979604193,-0.009049986853893589,0.2691508928493881,4720220.0,0.8423124345899132,0
2022-03-04,322.4875793457031,330.3557230417733,315.89663992949477,328.47400019804536,4670900,357.3161926269531,357.2738494873047,349.67713302612304,346.0210819406616,353.01151957045903,-6.990437629797441,-2.11144586332462,-4.87899176647282,26.1056268225487,357.3161926269531,386.67593042659627,327.95645482731,0.1643347735449282,-0.03000099044373261,-0.030460228561242846,0.27913927474827616,4743305.0,0.9847353269503015,0
2022-03-07,305.09381103515625,321.5516133113741,304.30404194976717,321.33711437242334,6874300,353.9388259887695,356.41407470703126,349.4167951965332,339.72457872443,349.46205967895514,-9.737480954525154,-3.6366528815647268,-6.100828072960427,17.795518784537293,353.9388259887695,390.52661046140884,317.3510415161302,0.20674637415337,-0.053936242585953864,-0.05544531535772343,0.32113203472038776,4784750.0,1.4367103819426301,1
2022-03-08,306.4684753417969,316.6083912322664,297.96656463251395,303.60203322194474,5048200,350.9261047363281,355.52142211914065,349.1638166809082,334.6082551271018,346.2773497280545,-11.66909460095269,-5.2431412254423195,-6.42595337551037,12.288104635037683,350.9261047363281,392.6447998142286,309.20740965842765,0.23776341808054563,0.004505710233768889,0.004495589909525624,0.3241116305723291,4798785.0,1.0519746144076052,1
2022-03-09,319.92340087890625,321.21039452796293,313.07895358894893,315.06794106891596,4015900,348.6719314575195,354.9031286621094,348.9548976135254,332.3490467812256,344.32520536885835,-11.976158587632767,-6.589744697880409,-5.386413889752358,23.010200699573446,348.6719314575195,392.02703573477675,305.3168271802623,0.24868709159365987,0.0439031307285469,0.04296669849701871,0.37418189024210363,4708315.0,0.8529378344482049,0
2022-03-10,316.4718933105469,317.9636263149826,311.75294687981994,313.8881766367625,3771300,345.90393218994143,354.20664978027344,348.75378189086916,329.9064077857365,342.2619970682427,-12.355589282506173,-7.742913614805563,-4.612675667700611,24.376457154354327,345.90393218994143,390.09402865361574,301.7138357262671,0.25550502524734997,-0.010788543629122627,-0.010847161951397153,0.3625065720156495,4622240.0,0.815903111911108,1
2022-03-11,316.6668701171875,322.6922985063004,315.9258685241361,321.7758059320485,2987700,343.48595428466797,353.5041387939453,348.57583587646485,327.869555836729,340.36606173853494,-12.49650590180596,-8.693632072205643,-3.8028738296003173,25.530925469464265,343.48595428466797,388.55393935539826,298.4179692139377,0.26241530117053735,0.0006160951754703436,0.0006159054667528093,0.36144073450776265,4571875.0,0.6534955570745045,1
2022-03-14,320.3718566894531,328.4545295008828,319.07513350165823,320.8691109496681,4122700,341.47845153808595,352.8815692138672,348.4195719909668,326.716063660225,338.885009512677,-12.168945852451998,-9.388694828254915,-2.7802510241970833,28.976874736248547,341.47845153808595,386.92656398065935,296.03033909551255,0.26618436529664574,0.01169995007969904,0.011632034886718434,0.3666185594757469,4560730.0,0.9039561649121961,1
2022-03-15,326.6215515136719,329.91702148068083,322.9263321966795,324.10609116406636,3738900,339.56941986083984,352.4165155029297,348.3014529418945,326.70152332998606,337.9766052164544,-11.275081886468342,-9.7659722398976,-1.5091096465707423,36.01362571996508,339.56941986083984,384.090532028158,295.0483076935217,0.2622209749368098,0.019507627445180864,0.019319792559247196,0.37240926881164416,4563755.0,0.8192595790089521,1
2022-03-16,336.0594787597656,342.1629244588777,328.2595603217755,333.43675380464526,4340800,337.7725143432617,351.9137353515625,348.2343600463867,328.14120878072134,337.83459584929227,-9.693387068570928,-9.751455205632265,0.058068137061336955,37.040958863121986,337.7725143432617,379.60242286445333,295.9426058220701,0.2476809494255173,0.028895604721596913,0.02848599856777694,0.3818692222188528,4490775.0,0.9666037599300789,1
2022-03-17,337.7754211425781,338.20441897453287,331.2527379184517,333.05647474539916,3244200,335.99364166259767,351.35880798339844,348.14155899047853,329.6233952979301,337.83021253768385,-8.206817239753775,-9.442527612456567,1.2357103727027923,38.297001085503794,335.99364166259767,374.3329059221069,297.65437740308846,0.22821422494660903,0.005106067500744826,0.00509307574384217,0.3823327230482866,4481745.0,0.723869831951617,1
2022-03-18,341.3341369628906,343.91785369023296,333.9242093688658,338.02893738641376,6790800,334.84266510009763,350.9040734863281,348.0909802246094,331.42504786177017,338.0897624951066,-6.664714633336416,-8.886965016632537,2.222250383296121,44.17797110172344,334.84266510009763,370.9120601075956,298.77327009259966,0.2154408548666605,0.010535745343087877,0.0104806311528562,0.3787921339772374,4622660.0,1.4690243279843207,0
2022-03-21,336.9368896484375,341.24635673105666,333.92417538381613,337.3658874486737,6053800,333.6546356201172,350.4278875732422,347.9980172729492,332.27302352125747,338.0043645064644,-5.731340985206941,-8.255840210347419,2.5244992251404774,50.68469555403834,333.6546356201172,367.64361850361746,299.6656527366169,0.20373751331420717,-0.012882530161145822,-0.01296622956998139,0.3796290283586579,4721160.0,1.2822696117055978,1
2022-03-22,340.7881774902344,345.0781265824091,336.86872927610546,338.10695558833436,4669900,332.7400955200195,350.0355511474609,347.9337326049805,333.5830472087924,338.2105728756326,-4.627525666840199,-7.530177301645976,2.9026516348057765,53.24274835708537,332.7400955200195,364.7769313395449,300.70325970049413,0.1925637231633112,0.011430294396720164,0.011365462148446217,0.3830620799034084,4759760.0,0.9811208968519421,0
2022-03-23,333.6219787597656,338.0581998850496,333.20274031679133,334.8114674208574,2527800,331.81141662597656,349.61182067871096,347.8278860473633,333.5890366781729,337.870677015198,-4.281640337025124,-6.880469908721806,2.5988295716966823,50.67512565598248,331.81141662597656,362.52304101590295,301.0997922360502,0.18511493487606576,-0.021028307916210243,-0.021252552003701977,0.38420078763245485,4696025.0,0.5382850389425099,1
2022-03-24,340.6126708984375,340.7101758230961,332.1790156161653,333.6902378082343,2482700,330.8349670410156,349.28149475097655,347.76636657714846,334.66959578898286,338.07378767321575,-3.404191884232887,-6.185214303824023,2.781022419591136,60.926294611828936,330.8349670410156,358.8800756652371,302.7898584167941,0.16954138116086478,0.02095393164640913,0.020737417348108328,0.3828540697373362,4448910.0,0.558046802475213,0
2022-03-25,340.2908630371094,342.7478558975551,337.0051528114591,341.64611287734846,2173800,329.8565643310547,348.92484313964843,347.6985270690918,335.5344061348485,338.2380154779486,-2.7036093431000836,-5.488893311679235,2.7852839685791517,76.71682464290298,329.8565643310547,354.83608186117084,304.87704680093856,0.15145684658890637,-0.0009447912212992016,-0.0009452378178409431,0.38284497391120825,4366705.0,0.49781242378406604,1
2022-03-28,341.7240905761719,341.79234698824894,334.9381713868277,339.79363023809,3134600,329.3529800415039,348.55376098632814,347.63202575683596,336.4866652796675,338.49624326300216,-2.0095779833346796,-4.793030246010325,2.7834522626756453,76.73750651509975,329.3529800415039,352.83118771027864,305.8747723727291,0.1425717032578003,0.00421177203017109,0.004202927344191119,0.37610021410341693,4275815.0,0.7331000054960283,1
2022-03-29,358.3575134277344,361.4872523214204,348.1688871783243,349.74836600090936,5512400,330.4776306152344,348.4642578125,347.64373779296875,339.85141114860085,339.96744846038973,-0.11603731178888665,-3.8576316591660373,3.7415943473771507,77.80742842078163,330.4776306152344,357.19994882125707,303.7553124092117,0.16171937662633948,0.04867500802626279,0.047527470188976066,0.37784513454781604,4256725.0,1.294986168944435,0
2022-03-30,353.1802978515625,359.06924461180637,350.6258293201913,354.90604885118427,2614200,331.36243591308596,348.385087890625,347.62179290771485,341.90200910290264,340.94617804492106,0.9558310579815839,-2.894939115736513,3.850770173718097,75.91181124887821,331.36243591308596,359.893411561693,302.83146026447895,0.17220404340635934,-0.014447068589831358,-0.014552443623516386,0.38293917998589266,4137540.0,0.6318247074348526,0
2022-03-31,348.44183349609375,355.0132547365783,348.42231465878,350.5867930435151,4095700,332.1614395141602,348.31976318359375,347.59703948974607,342.90813593262436,341.50141178204495,1.4067241505794073,-2.034606462473329,3.4413306130527364,71.07740729764352,332.1614395141602,361.699311313132,302.62356771518836,0.17785250354270946,-0.013416559146400275,-0.013507374376059509,0.38506320409413547,4143530.0,0.9884567023769588,1
2022-04-01,354.86700439453125,358.6889771330013,349.21207600287073,350.2358032921857,3806800,333.78041076660156,348.3191772460938,347.58755935668944,344.7479618498408,342.49145567926615,2.256506170574653,-1.1763839358637327,3.4328901064383857,72.08480537755126,333.78041076660156,364.6070760252877,302.9537455079154,0.18471224951689524,0.018439723020541088,0.01827177282297705,0.36866049141977486,4100325.0,0.9284142110686348,1
2022-04-04,357.7335205078125,360.5122474618432,354.06754924190096,355.1400440010057,3027200,336.4123962402344,348.5498614501953,347.5917802429199,346.74574010491335,343.6204975184177,3.125242586495631,-0.31605863139185997,3.441301217887491,70.82075448192424,336.4123962402344,365.885413850698,306.9393786297708,0.1752195694323745,0.008077719477391332,0.008045269333062054,0.29551866169317476,3907970.0,0.774622118388831,0
2022-04-05,354.23321533203125,358.43541797013546,352.87796555676846,354.22345591501437,2215900,338.8006332397461,348.8209069824219,347.5509620666504,347.8976593706238,344.4066247638706,3.491034606753203,0.44536001623715266,3.0456745905160507,63.212225097053285,338.8006332397461,365.68439401433716,311.91687246515505,0.1586995898887075,-0.009784672039714004,-0.009832856513659652,0.3021370428377844,3766355.0,0.5883407166876198,0
2022-04-06,344.7076110839844,348.1590830988879,340.8369006214219,347.5545942200632,3864500,340.03984375,349.10930908203125,347.438475189209,347.40688271114084,344.428920046842,2.9779626642988433,0.9518805458494908,2.0260821184493523,54.525762621903546,340.03984375,365.5073811899133,314.5723063100867,0.14979149007395293,-0.02689077092648784,-0.02725894300071799,0.2931847121850426,3758785.0,1.0281247796827964,0
2022-04-07,341.2806396484375,344.55139423507796,337.629126834704,342.87208330017006,2848500,341.28028106689453,349.21412109375,347.3229377746582,346.46438377841724,344.1957140914046,2.2686696870126184,1.2152383740821164,1.053431312930502,49.96501345774412,341.28028106689453,364.20416446278955,318.3563976709995,0.13434050935630645,-0.009941676149157974,-0.00999142460815442,0.2926369463515859,3712645.0,0.7672427608888003,1
2022-04-08,343.9363098144531,347.47069621433087,337.47292444923886,339.0838843086414,2235100,342.6437530517578,349.25758483886716,347.2225730895996,346.07544932242274,344.1764989597786,1.8989503626441433,1.3519807717945218,0.5469695908496215,54.68423290598203,342.6437530517578,362.43316763480897,322.85433846870666,0.11551014373848444,0.007781484964255014,0.007751365359395647,0.2926626000632379,3675015.0,0.6081879937905015,0
2022-04-11,339.15216064453125,343.184460783194,337.63884137013434,342.3448203588486,1809200,343.58276824951173,348.5817602539062,347.0746839904785,345.01032798736253,343.8043257512418,1.206002236120753,1.322785064659768,-0.11678282853901512,48.9186279046406,343.58276824951173,360.49566133482364,326.6698751641998,0.098450182303844,-0.013909985754347431,-0.01400763620800353,0.2981401588487073,3559340.0,0.5082964819320436,0
2022-04-12,337.6192932128906,346.09397048028256,336.3305434955765,341.719944464713,4038500,344.13265533447264,347.7998156738281,346.97707122802734,343.8732457143669,343.3461751928454,0.5270705215214662,1.1636421560321077,-0.6365716345106416,52.854731761920284,344.13265533447264,359.3541838535788,328.9111268153665,0.0884631451456525,-0.004519704160892091,-0.004529948904203662,0.29266396401275685,3574320.0,1.1298652610846258,1
2022-04-13,346.7383728027344,348.5543559858069,334.7586283891542,336.26220454206145,3048500,344.6666000366211,347.08949279785156,346.92349960327147,344.31403449719267,343.5974490898742,0.7165854073184619,1.0742308062893786,-0.35764539897091674,54.24567631696616,344.6666000366211,359.4382839323247,329.89491614091753,0.08571578385682901,0.02700994810771551,0.02665161746982361,0.2904178747768981,3509705.0,0.8685915198000972,1
2022-04-14,349.3550109863281,354.36365464937234,348.427473346646,348.7301372510434,3358900,345.2455795288086,346.340048828125,346.8971437072754,345.08956934167503,344.0239351562782,1.0656341853968456,1.072511482110872,-0.006877296714026482,56.08860823846212,345.2455795288086,359.7859123269291,330.7052467306881,0.08423182604084416,0.007546433821105758,0.007518101936580844,0.2909236897747631,3515440.0,0.95547072343718,0
2022-04-18,348.359130859375,352.2254701524666,344.86383642700434,345.61560972507306,1871400,345.5968292236328,345.7009466552734,346.8385145568848,345.59257880593657,344.34506076391494,1.2475180420216248,1.1075127940930227,0.14000524792860203,54.48325920243818,345.5968292236328,360.0786026095847,331.1150558376809,0.08380732785358318,-0.0028506249964512786,-0.002854695765885083,0.28949675616165976,3269470.0,0.5723863500812059,1
2022-04-19,355.26190185546875,356.04299408713945,347.6464388193174,348.3689230624435,2999300,346.51307983398436,345.3533618164063,346.79341796875,347.0801669674031,345.1537156595856,1.9264513078175014,1.2713004968379185,0.6551508109795829,47.59161237108311,346.51307983398436,361.00668738187346,332.01947228609527,0.08365402861463721,0.01981509994890951,0.019621336304068183,0.29169554283808546,3116745.0,0.9623180593856732,1
2022-04-20,356.64825439453125,363.0921225561282,355.26183456817023,357.98583920562487,3377300,347.3060836791992,345.15186889648436,346.7499592590332,348.5521804177305,346.0051629732853,2.5470174444452027,1.5264438863593752,1.0205735580858275,52.867196315068135,347.3060836791992,362.2105322442198,332.40163511417865,0.08582889425448453,0.0039023394623003416,0.0038947450864708784,0.28996383961247446,3052115.0,1.1065441505316804,0
2022-04-21,355.8183898925781,366.3433646017144,354.8615631751588,360.7391661890476,3605300,348.41590423583983,344.96809936523437,346.7130360412598,349.6700587984763,346.73206867101067,2.937990127465639,1.8087531345806283,1.1292369928850108,56.52009721544118,348.41590423583983,362.3007531131733,334.53105535850636,0.07970272716330956,-0.0023268430217384672,-0.002329554327634387,0.27721223941589046,3105990.0,1.1607571176983829,0
2022-04-22,342.87213134765625,353.53381013460535,342.31560868060586,351.97165535835603,2968800,348.5288772583008,344.3889044189453,346.62737899780274,348.62422380604244,346.4461473877992,2.178076418243222,1.8826177913131472,0.29545862693007496,40.49367822152394,348.5288772583008,362.181219211912,334.8765353046896,0.07834267312945327,-0.036384455982812924,-0.037062877178929414,0.3025315264223532,3130295.0,0.94840901576369,1
2022-04-25,346.2112121582031,346.6603215674075,338.93744534378084,341.0170605713286,3380400,348.8248947143555,344.0126000976563,346.5450456237793,348.2529912448364,346.42874477819953,1.8242464666368505,1.870943526377888,-0.04669705974103744,40.93609367850611,348.8248947143555,361.9725561866996,335.67723324201137,0.07538258691720053,0.00973855996234696,0.009691445822901504,0.3042258585627837,3190625.0,1.0594789422135162,0
2022-04-26,335.96929931640625,341.77855076860703,335.45183883545855,339.7087088448163,3116400,348.5371551513672,343.5215478515625,346.3987631225586,346.36319248661636,345.6539710402889,0.7092214463274331,1.638599110367797,-0.9293776640403639,37.01058995733804,348.5371551513672,362.5617860624593,334.51252424027507,0.08047710669470129,-0.029582845621755283,-0.030029243872265684,0.32264047995156675,3189715.0,0.9770151878772868,1
2022-04-27,353.0163269042969,364.89840389742267,347.57808953229454,348.55443248041894,5702300,348.2700958251953,343.28583068847655,346.298087310791,347.386751627798,346.1993307339191,1.1874208938788797,1.5483634670700137,-0.360942573191134,55.33810899263338,348.2700958251953,361.69807856475296,334.84211308563766,0.07711246472506476,0.050739837308278135,0.049494523010756714,0.32688290430107897,3199210.0,1.7824087821680978,1
2022-04-28,369.8679504394531,372.9336813043087,360.0654896336679,360.397442628705,6843300,349.10447845458987,343.24323791503906,346.24719482421875,350.8453975988218,347.95256182321793,2.892835775603885,1.817257928776788,1.075577846827097,65.66442133299978,349.10447845458987,365.55158202112784,332.6573748880519,0.09422453495495532,0.047736102414676074,0.04663174351620056,0.3642124317879917,3410665.0,2.006441559050801,0
2022-04-29,354.783447265625,368.1983876455164,353.192003753012,363.2483225566891,4741800,349.4215591430664,342.87184936523437,346.1236514282227,351.45125139371464,348.4585533374703,2.9926980562443646,2.0523459542703035,0.940352101974061,55.23116596871477,349.4215591430664,366.0582975624463,332.78482072368655,0.09522445300845422,-0.04078348274270771,-0.041638455590890765,0.3920264917279965,3442970.0,1.3772411609743913,0
2022-05-02,350.5461120605469,356.29675540956725,342.2960038398961,354.4124210381909,3903800,349.2055145263672,342.5956982421875,345.99404388427735,351.3119991886119,348.61318731695746,2.6988118716544136,2.181639137747126,0.5171727339072878,55.524008234590546,349.2055145263672,365.65568361597997,332.75534543675445,0.09421482998013003,-0.011943441098326235,-0.012015337020853964,0.3891199175638175,3447820.0,1.1322516836725816,0
2022-05-03,349.32568359375,354.84201421521317,345.078586638954,353.03577415448194,2686900,348.7851226806641,342.3682623291016,345.96370178222656,351.0064121740177,348.6659648189421,2.3404473550756393,2.2134007812128287,0.1270465738628106,55.6927309882419,348.7851226806641,364.73993563621576,332.8303097251124,0.09148792146251822,-0.0034815062121872353,-0.0034875807580842743,0.3879694668305428,3430805.0,0.783168964718193,1
2022-05-04,359.8018798828125,360.50484797260395,345.29343848501117,350.8683481802779,3346600,349.0635559082031,342.3827203369141,345.9422709655762,352.3595610522938,349.4908474162658,2.868713636028019,2.344463352175867,0.5242502838521523,56.26992926894644,349.0635559082031,365.6023650843949,332.52474673201135,0.09476101928292477,0.02998976823372046,0.029548868438534888,0.401355836404673,3487340.0,0.9596425929218259,0
2022-05-05,345.01025390625,359.0695844072082,340.77292968750504,353.53373736159705,3424800,349.0786880493164,342.23901428222655,345.81931228637694,351.22889841444095,349.1589516007091,2.0699468137318604,2.289560044487066,-0.21961323075520545,48.132907200757494,349.0786880493164,365.60126217503466,332.5561139235981,0.09466389494040976,-0.04111047441269655,-0.041979408245074165,0.41735540475572486,3465355.0,0.9882970143030079,0
2022-05-06,338.90814208984375,342.9502159906947,332.71813169011,338.05872853562397,3635200,348.9600631713867,341.8143438720703,345.6556321716309,349.333397441426,348.399632377682,0.9337650637439765,2.018401048338448,-1.0846359845944713,46.109330220362,348.9600631713867,365.75026973907825,332.16985660369517,0.096229960615552,-0.017686754950953953,-0.01784503468149166,0.420785135226295,3504690.0,1.037238671608616,0
2022-05-09,320.23065185546875,334.2900114156637,317.20401314033165,332.9328806793271,5777400,347.7747802734375,341.02177856445314,345.3445921325684,344.85605196666336,346.31304122788845,-1.4569892612250896,1.3233229864257403,-2.78031224765083,36.853271152198715,347.7747802734375,368.85667816856,326.692882378315,0.12123879643340946,-0.05511077461639635,-0.0566875801757008,0.4624824736944042,3681805.0,1.5691759884078598,0
2022-05-10,317.6336364746094,325.78610600620516,315.40757575682534,324.4485209418537,5003500,346.69885406494143,340.3385357666016,345.0228030395508,340.6679880448089,344.1886408757937,-3.5206528309847727,0.3545278229436377,-3.8751806539284104,35.4902187332805,346.69885406494143,371.5016855064522,321.89602262343067,0.14307997358921096,-0.00810982760648249,-0.008142891139421867,0.46115080548173126,3841520.0,1.3024792269726566,1
2022-05-11,318.160888671875,323.1695330296341,311.01405076027,317.78013039556447,4263900,345.72593383789064,339.9844635009766,344.7159524536133,337.20535737204983,342.260659231059,-5.055301859009148,-0.7274381134469194,-4.327863745562229,35.96334428773096,345.72593383789064,373.3899050634343,318.061962612347,0.16003411094127046,0.0016599381700173055,0.0016585619953525933,0.4613793589807,3852790.0,1.1067044920693836,0
2022-05-12,313.6403503417969,317.87767450216995,305.3707256654962,314.1578108319996,3891500,344.07103271484374,339.5475866699219,344.41970932006836,333.5799716750878,340.1406363503729,-6.560664675285125,-1.8940834258145607,-4.666581249470564,38.37371015834584,344.07103271484374,375.2203788258571,312.9216866038304,0.181063461606947,-0.014208340783018913,-0.014310245674852853,0.4493828771005412,3894940.0,0.9991168028262309,1
2022-05-13,324.9269104003906,327.29944633002157,318.3756577793483,319.91829627157716,3536000,342.84962768554686,339.3968896484375,344.15378768920897,332.2487314789805,339.01369368741126,-6.764962208430745,-2.868259182337798,-3.8967030260929474,42.037990567657516,342.84962768554686,375.0253909172843,310.6738644538094,0.18769606634222893,0.03598567609777881,0.035353317581263914,0.47044221841481365,3903795.0,0.9057852679251857,0
2022-05-16,321.9295959472656,325.65920365331317,317.34077181739434,320.7677453653541,2062300,341.5281509399414,339.38572998046874,343.886834564209,330.66117216640896,337.748204965919,-7.087032799510041,-3.7120139057722463,-3.3750188937377947,44.44706770151744,341.5281509399414,374.8998876414729,308.15641423840987,0.19542597943792941,-0.009224580535455051,-0.009267390450871393,0.4709231483139154,3913340.0,0.5269922879177378,1
2022-05-17,330.8435363769531,333.1086590256738,324.6632990125023,332.06396498566636,2802300,340.30723266601564,339.9007244873047,343.7163818359375,330.6892281988004,337.23674803340305,-6.547519834602667,-4.279115091538331,-2.2684047430643366,40.62730267435308,340.30723266601564,373.3484448754602,307.2660204565711,0.19418460166476603,0.027689098926920952,0.027312688340439765,0.4768895298113282,3903490.0,0.7178960366236368,0
2022-05-18,327.95355224609375,333.5187183226316,325.66891358816457,325.72749177460236,4521400,338.87249755859375,340.33042602539064,343.5687252807617,330.26835497530703,336.5491039010098,-6.280748925702767,-4.679441858371218,-1.6013070673315486,29.911102543182793,338.87249755859375,371.4142706397038,306.3307244774837,0.19205909783506872,-0.008735199008290784,-0.008773574500964557,0.47652909572351587,3960695.0,1.1415673259364834,0
2022-05-19,324.360595703125,328.256193814365,316.75487719466986,322.1931135654961,4380700,337.2996078491211,340.419169921875,343.4011103820801,329.3594689334329,335.6462514419072,-6.286782508474346,-5.000909988391844,-1.2858725200825019,33.61380699686181,337.2996078491211,369.4310668236496,305.16814887459265,0.19052176893666195,-0.010955687225710053,-0.01101614272687835,0.4771694423650348,3999465.0,1.0953214992505247,1
2022-05-20,328.2269592285156,331.575808329222,319.9378172830692,327.75833369106783,3428700,336.5673492431641,340.6542712402344,343.233717956543,329.1852366711379,335.09667424091526,-5.911437569777377,-5.18301550466895,-0.7284220651084263,37.93034476430511,336.5673492431641,368.83133110572805,304.3033673806001,0.19172377793101858,0.011919954447640047,0.01184947134137634,0.464582708861793,4022460.0,0.8523888366820304,1
2022-05-23,340.1871337890625,342.9892330153857,330.9411657611389,331.009516911932,3420800,336.26614532470705,341.1246765136719,343.11353302001953,330.8778362277417,335.47374531855576,-4.595909090814075,-5.0655942218979755,0.4696851310839003,45.572387615247266,336.26614532470705,368.2624140840059,304.2698765654082,0.19030324166830684,0.03643873309084289,0.03579054173117522,0.4826730408984445,4024480.0,0.8499980121655468,0
2022-05-24,332.6302490234375,335.86194148371555,328.0316825278728,335.7545580717663,2561500,336.0991928100586,341.3698443603516,342.9742835998535,331.14743819631025,335.2631159633618,-4.115677767051579,-4.875610930928696,0.7599331638771165,36.45214733373464,336.0991928100586,368.13680205943626,304.0615835606809,0.19064377383068132,-0.02221390527459144,-0.022464349919066297,0.4774522259651827,3996735.0,0.6408981331011439,1
2022-05-25,336.6039733886719,339.513456037439,331.18525264730755,332.522837595985,3033400,335.27857513427733,341.5694927978516,342.868712310791,331.9869051489813,335.36243873560704,-3.3755335866257496,-4.575595462068106,1.2000618754423567,45.30177543858931,335.27857513427733,366.31687758565124,304.2402726829034,0.18514933403629044,0.011946371013763057,0.011875576391687398,0.4411765924668104,3863290.0,0.7851856837048216,1
2022-05-26,341.6125793457031,344.89307668617266,337.8243647056732,339.76727724497687,2817400,333.86580657958984,341.6805548095703,342.8056886291504,333.4677781023231,335.8254121141327,-2.35763401180958,-4.132003172016401,1.7743691602068212,51.530199066260685,333.86580657958984,360.5405076477706,307.1911055114091,0.15979294999664367,0.01487981828202578,0.014770199849778105,0.4060572399695293,3661995.0,0.7693620553823803,1
2022-05-27,349.31597900390625,349.32575196799263,343.7801013745474,345.029848952716,2658700,333.5924331665039,341.9113659667969,342.7921710205078,335.9059628564128,336.824713365227,-0.9187505088141847,-3.489352639375958,2.5706021305617734,68.790254212226,333.5924331665039,359.464502811815,307.7203635211928,0.1551118495088751,0.022550105364848028,0.02229961053602905,0.39120707377001707,3557840.0,0.7472792480831066,1
2022-05-31,349.4038391113281,352.43050814929046,342.8330702706616,344.73692110417056,3873800,333.53531951904296,342.0727600097656,342.7753483581543,337.98255920332286,337.75650045753076,0.22605874579210194,-2.7462703623423463,2.9723291081344483,71.21250280171975,333.53531951904296,359.2543971494769,307.816241888609,0.15422101423933632,0.00025152043623211107,0.0002514888102701292,0.3888579286203662,3556340.0,1.0892659307040384,0
2022-06-01,348.61297607421875,355.81839108354734,346.4552667157882,349.7260212265108,2190000,333.4996841430664,342.30628173828126,342.7506329345703,339.61800795269147,338.5606838365447,1.0573241161467877,-1.9855514666445195,3.042875582791307,70.26109365812138,333.4996841430664,359.1284581213613,307.87091016477154,0.15369594153678723,-0.002263464073894661,-0.0022660295807210152,0.3887321669571349,3531495.0,0.6201339659266119,1
2022-06-02,354.4905700683594,356.4139667897135,349.2964484403937,351.9618455111024,2484200,333.23411865234374,342.58032958984376,342.75691024780275,341.906094432025,339.7406754092717,2.1654190227532695,-1.1553573687649616,3.320776391518231,76.69731738411045,333.23411865234374,357.80351791173257,308.6647193929549,0.14746028623210444,0.016859940385263616,0.01671938918046901,0.37802661223391687,3488375.0,0.7121367398860501,0
2022-06-03,349.3550109863281,352.410968920037,347.35349023638764,350.9757437171508,2076600,333.4513565063477,342.894990234375,342.74859619140625,343.05208159422546,340.4528484149796,2.599233179245857,-0.4044392591627979,3.003672438408655,67.36054480784244,333.4513565063477,358.5307043416771,308.37200867101825,0.1504228268740122,-0.014487152876988874,-0.014593116327187261,0.350906385748363,3420965.0,0.6070217029405446,1
2022-06-06,351.6201171875,359.59682133433944,350.04818975496073,353.4361005292063,2196100,334.08695526123046,343.1151391601563,342.769306640625,344.3702409162677,341.28005350924036,3.090187407027315,0.29448607407522476,2.7957013329520906,71.32234625386877,334.08695526123046,360.36431256449555,307.80959795796537,0.15730849043607947,0.006483680296374805,0.006462751655649513,0.34439149597610186,3349010.0,0.6557460264376637,1
2022-06-07,355.40838623046875,355.8575254861874,347.90030579451803,348.48611758347147,2158800,335.8458419799805,343.41748962402346,342.8202397155762,346.06841711845243,342.3265966737758,3.741820444676648,0.9839529481955095,2.7578674964811385,69.04330315044271,335.8458419799805,362.91536371169184,308.77632024826914,0.1612020656389424,0.010773755134575236,0.010716131745448406,0.27086847280160925,3168080.0,0.6814221863084265,0
2022-06-08,353.75830078125,358.43499149517544,352.44026173652367,356.3651493675181,1709600,337.6520751953125,343.658173828125,342.8336499023437,347.25147614349817,343.1733895706258,4.078086572872394,1.6027796731308865,2.4753068997415073,70.39660944992812,337.6520751953125,364.42412450285497,310.88002588777,0.158577727040809,-0.004642787039213947,-0.004653598250706955,0.2688535097509142,3003385.0,0.5692243918112396,0
2022-06-09,340.7436828613281,353.64116463488114,340.6851046691278,351.249142331709,2250600,338.78121490478514,343.3058972167969,342.7782432556152,346.25027717701045,342.993411295863,3.256865881147462,1.9335969147342018,1.3232689664132602,61.27083675372626,338.78121490478514,363.9487797485952,313.6136500609751,0.14857709776431038,-0.0367895760782998,-0.03748338230829491,0.3079971755176752,2902720.0,0.7753417484290597,0
2022-06-10,326.83074951171875,336.1645842164399,326.68430405209165,333.25507197083937,3300500,339.44073486328125,342.77890625,342.66630279541016,343.2626575361963,341.7961770896301,1.4664804465662087,1.8401736211006032,-0.37369317453439455,49.156120711757424,339.44073486328125,362.43149383712415,316.44997588943835,0.13546258072475031,-0.04083108227503518,-0.041688080167338486,0.3411424679699702,2873170.0,1.1487311923763648,0
2022-06-13,312.17584228515625,323.07183168132366,310.3989210056628,314.382386582726,4825100,338.80318145751954,342.05358642578125,342.51142990112305,338.4800705744978,339.6020782152246,-1.1220076407267925,1.247737368735124,-2.3697450094619166,33.60386501734871,338.80318145751954,364.0819431746584,313.52441974038067,0.14922387451257407,-0.04483943829782466,-0.04587582519640755,0.35556891141385993,2937625.0,1.6425173396876729,1
2022-06-14,314.5191345214844,316.33511811990354,312.097793261303,312.5273865461033,2788400,338.43265838623046,341.2466290283203,342.3543182373047,334.79377272018803,337.74408238605866,-2.950309665870634,0.4081279618139725,-3.3584376276846064,38.70974124282736,338.43265838623046,364.94016009290334,311.9251566795576,0.15664860379060494,0.0075063214987265425,0.007478289259440144,0.3558696501998936,2973930.0,0.937614536993137,1
2022-06-15,317.69219970703125,322.80822647202143,311.8731751348078,319.66440144724385,2357800,337.77509155273435,340.4458026123047,342.2261032104492,332.1627614873947,336.2587577431678,-4.095996255773116,-0.4926968817034452,-3.6032993740696706,38.09174625026086,337.77509155273435,365.6903780365743,309.8598050688944,0.16528919498187306,0.01008862367109864,0.010038073212703223,0.34232750788814137,2951705.0,0.7987925622648605,0
2022-06-16,301.47515869140625,308.96372182513494,297.8626780524897,308.61222288832016,4528500,336.451171875,339.39064147949216,342.0499642944336,327.44159182647337,333.6821948504447,-6.240603023971346,-1.6422781101570254,-4.59832491381432,27.85267300696907,336.451171875,368.5289310749544,304.3734126750456,0.19068299879111197,-0.0510463934291745,-0.05239536821543477,0.3840905680568075,2952060.0,1.5340135363102376,1
2022-06-17,303.3399658203125,306.70836060848364,296.4665037371737,299.7372582801362,6235300,335.4001403808594,338.56328857421875,341.8669090270996,323.7336493639871,331.4346223296942,-7.700972965707081,-2.8540170812670365,-4.846955884440044,22.88382758446906,335.4001403808594,370.3910989358114,300.4091818259074,0.2086520209277101,0.00618560791874434,0.006166555572611934,0.3847440515660074,3044790.0,2.047858801428013,1
2022-06-21,309.8912048339844,312.65427169767963,307.43083165618947,308.57313606902994,3193700,334.4833526611328,337.9354998779297,341.75691955566407,321.60404251321745,329.8388136263083,-8.234771113090858,-3.930167887631801,-4.304603225459057,28.346721378371043,334.4833526611328,371.18466592675884,297.7820393955068,0.2194507617412479,0.021597019027662867,0.02136710778720433,0.3912206588032834,3033040.0,1.052969957534355,0
2022-06-22,308.6707763671875,311.4924214169034,303.99408591989743,306.05418476237276,2671500,332.90753479003905,337.23018920898437,341.64593338012696,319.61430925998206,328.27081086637344,-8.656501606391373,-4.875434631383715,-3.7810669750076578,28.213887172548965,332.90753479003905,371.2475024334674,294.5675671466107,0.2303340335484381,-0.003938248158577684,-0.003946023478664051,0.36305210663115983,2995575.0,0.89181542775594,1
2022-06-23,309.2663879394531,312.41021328351826,306.122562595388,311.3557462611943,2387600,331.73934173583984,336.6324737548828,341.51614181518556,318.0223213645161,326.8630758347497,-8.840754470233605,-5.668498599153693,-3.172255871079912,23.824648641621508,331.73934173583984,371.5118811954055,291.96680227627417,0.23978186760397013,0.001929601432553829,0.0019277421431170743,0.3575871932435195,2986880.0,0.799362545532462,1
2022-06-24,322.6812744140625,322.983938278729,311.6681295381394,311.6681295381394,4318900,331.0432067871094,336.3337133789062,341.42264587402343,318.7390833721386,326.5533127665507,-7.814229394412052,-6.097644758205366,-1.7165846362066866,35.91170283927434,331.0432067871094,370.9444074462614,291.1420061279574,0.24106340103702564,0.04337647735982131,0.042462067131042704,0.39128155165104034,3051155.0,1.4154967545077193,0
2022-06-27,321.0508117675781,324.1165426711112,319.3812738081871,324.1165426711112,2810800,330.01511840820314,335.8199621582031,341.31919815063475,319.0947338945139,326.14572009996016,-7.050986205446236,-6.28831304765354,-0.7626731577926957,33.74520361842629,330.01511840820314,369.82915884184706,290.2010779745592,0.24128616062005404,-0.005052857961606372,-0.005065666814155498,0.38636599337625405,3050825.0,0.9213245597502315,0
2022-06-28,310.7601623535156,329.1739735084118,310.5941709652011,324.8292658670802,3394200,328.0873275756836,335.0480651855469,341.1838441467285,317.8124921189757,325.00604915577907,-7.193557036803384,-6.46936184548351,-0.7241951913198736,27.794471600786693,328.0873275756836,367.69966533313755,288.4749898182297,0.24147435410053197,-0.032053024122276064,-0.032577970191696295,0.3874366070752466,3087600.0,1.0993004275165177,1
2022-06-29,314.95843505859375,318.3951511494681,310.87732911400184,311.5607512287066,3779500,326.36505737304685,334.38005126953124,341.06739044189453,317.3734064173785,324.2617814448765,-6.888375027498,-6.553164481886408,-0.33521054561159236,31.180135697871805,326.36505737304685,365.0596838164082,287.6704309296855,0.2371248120421913,0.013509687577979212,0.013419245401955136,0.39288722320360564,3082885.0,1.225962045291991,0
2022-06-30,308.0166931152344,310.7602144969977,302.3636589355409,307.8409287346981,3411500,324.33524322509766,333.4351470947266,340.9260504150391,315.93391206320246,323.05844156860667,-7.124529505404212,-6.66743748658997,-0.457092018814242,33.13204156786111,324.33524322509766,362.36941546106584,286.30107098912947,0.23453616608400102,-0.0220401842613549,-0.02228669799325738,0.3973851376089108,3143960.0,1.0850965025000319,1
2022-07-01,310.7113037109375,311.3947555464534,303.9452556809164,306.66926026537755,2287700,322.1462799072266,332.5164080810547,340.80328887939453,315.1304338551617,322.1438387643349,-7.013404909173175,-6.736630971106611,-0.27677393806656436,40.60539982925441,322.1462799072266,357.84023784110025,286.4523219733529,0.22160093199991632,0.00874826155832742,0.008710217238283642,0.3922410519840579,3134135.0,0.7299302678410471,1
2022-07-05,311.7072448730469,312.73239300336513,302.13906654238616,305.6734230853831,2112100,320.2638916015625,331.6341851806641,340.6779217529297,314.6037893963748,321.3707577353506,-6.766968338975801,-6.74269844468045,-0.02426989429535098,49.67518085583023,320.2638916015625,353.82316892118655,286.7046142819384,0.20957265679750672,0.0032053586406883827,0.0032002324299888105,0.39235642299094425,3135910.0,0.6735206048642978,1
2022-07-06,312.5956726074219,314.7338358263672,308.25093543458183,311.4533384753565,2219200,318.3126693725586,331.0286560058594,340.57289733886716,314.2948483519205,320.7207514295781,-6.425903077657608,-6.679339371275882,0.25343629361827347,48.639262505667226,318.3126693725586,348.5712480894152,288.05409065570205,0.190118594880315,0.002850199182045987,0.0028461450658894554,0.3911078497450371,3137065.0,0.7074128205822958,1
2022-07-07,316.888427734375,317.66089938979485,312.4392404723483,315.20654273974014,2202100,316.3866714477539,330.4422003173828,340.5056254577637,314.6938605646058,320.4368756003038,-5.743015035697965,-6.492074504160299,0.7490594684623337,49.44024585146899,316.3866714477539,341.0987372339222,291.6746056615856,0.15621432896075138,0.013732612134859101,0.013639174275588065,0.39288508336951733,3139230.0,0.7014777509134406,0
2022-07-08,315.90081787109375,317.77828279008224,312.2730417805507,315.62702401220923,1662100,314.4937973022461,330.04083068847655,340.44464767456054,314.8795463040655,320.10087132406596,-5.2213250200004495,-6.237924607328329,1.01659958732788,62.750849427223315,314.4937973022461,331.8610220436504,297.1265725608418,0.11044557883418876,-0.0031165854504131563,-0.0031214521170668526,0.3929627374765993,3136855.0,0.5298619158360842,1
2022-07-11,317.0057678222656,318.9907806754167,312.0774487298146,312.3023625420216,2073800,313.306901550293,329.32061950683595,340.35987411499025,315.2066573068655,319.87160439800664,-4.66494709114113,-5.92332910409089,1.2583820129497605,62.24367762288354,313.306901550293,325.6338205386912,300.97998256189476,0.07868909958512024,0.003497774898521433,0.00349167191101166,0.3758597059890773,3128015.0,0.6629763604074789,0
2022-07-12,315.7052001953125,320.10547729788357,313.113931869834,313.113931869834,2761500,312.75062408447263,328.23736450195315,340.2167645263672,315.28335621278046,319.5629818644737,-4.279625651693266,-5.5945884136113655,1.3149627619180997,55.74995065339731,312.75062408447263,323.3975401798386,302.1037079891067,0.06808565851168544,-0.004102662345507602,-0.0041111013541789455,0.3489066595622756,3101065.0,0.8905005215950005,1
2022-07-13,316.203857421875,317.72928418701844,306.8557170544437,308.9483072668721,2442600,312.95202484130857,327.4657727050781,340.05626068115237,315.4249717834104,319.31415783168865,-3.8891860482782477,-5.253507940544742,1.364321892266494,57.558000683405616,312.95202484130857,323.7050230248461,302.199026657771,0.06871978661259774,0.0015795027331004796,0.0015782566306341448,0.3090600068310869,2981940.0,0.8191311696412402,1
2022-07-14,317.8271484375,320.32062704511617,308.40079185872094,309.15371747624124,2743900,313.1174255371094,326.8113934326172,339.9106321716309,315.7945374225011,319.2040089876746,-3.409471565173533,-4.8847006654705,1.4752291002969669,58.41553802095552,313.1174255371094,324.07179939768537,302.1630516765334,0.06996974915583357,0.005133685050082271,0.005120552615000585,0.30849372590550905,2979715.0,0.9208598808946493,1
2022-07-15,325.2000427246094,328.13356080106877,322.45231651362883,326.2365500576552,3387400,313.4928176879883,326.32888061523437,339.8290490722656,317.24153823821007,319.648159634855,-2.406621396644937,-4.389084811705388,1.982463415060451,52.80981882481587,313.4928176879883,325.564835360642,301.4208000153346,0.07701623125968199,0.02319781152540279,0.02293283242700563,0.31717032674451373,3031195.0,1.1175130600307799,0
2022-07-18,323.674560546875,330.0305152959304,322.4815955387856,328.0650489704732,2468500,314.60278778076173,325.6063342285156,339.7300646972656,318.2312339780047,319.94641155426393,-1.7151775762592365,-3.854303364616158,2.1391257883569215,52.933801695138506,314.60278778076173,326.0904263409154,303.11514922060803,0.07302947720958612,-0.004690903989290729,-0.004701940808039946,0.2514590754171738,2928195.0,0.8430107967536316,1
2022-07-19,332.83697509765625,334.4308580719999,324.42755040685813,324.42755040685813,2689800,316.07763824462893,325.36286865234376,339.7036846923828,320.4782710733357,320.9012681130337,-0.42299703969803204,-3.168042099632533,2.745045059934501,75.3246389535938,316.07763824462893,328.96556396316544,303.1897125260924,0.08154911426262855,0.02830749050929615,0.027914237588332676,0.26621352120823966,2750920.0,0.9777819783926832,1
2022-07-20,333.7071838378906,335.7019842259899,328.8375635627609,332.836922439202,2563600,317.26843719482423,325.2588494873047,339.62087539672854,322.51348842172877,321.8498544630231,0.6636339587056455,-2.4017068879648975,3.065340846670543,73.28484526900263,317.26843719482423,332.0164066606671,302.5204677289814,0.09296839985873924,0.0026145194354654233,0.002611107525236039,0.2587347690304746,2719415.0,0.9427027504077163,1
2022-07-21,339.2320251464844,339.53515294402246,332.5240319902742,334.2939187467206,2230800,318.79649963378904,325.638876953125,339.6433917236328,325.0855709947681,323.13742266179804,1.9481483329700495,-1.531735843777908,3.479884176747958,90.18177304139863,318.79649963378904,335.9332087303859,301.6597905371922,0.10750876572535963,0.01655595556875289,0.016420399859710645,0.26078790918621464,2697380.0,0.8270247425279346,0
2022-07-22,336.2594299316406,343.3096439076546,332.85653795245355,341.1486271102645,2253000,320.1461517333984,326.01139282226563,339.6558590698242,326.8046262158254,324.1094232003049,2.6952030155205193,-0.6863480719182228,3.381551087438742,82.65300470783717,320.1461517333984,338.34168029645696,301.9506231703399,0.11367013762021322,-0.00876271989226296,-0.008801338289195925,0.2651070265932212,2690650.0,0.8373441361752736,1
2022-07-25,336.5821228027344,337.8826660367385,332.57297492183807,336.81682457262656,2180100,320.84119415283203,326.3798175048828,339.64329345703123,328.3088564599652,325.03332687455895,3.275529585406275,0.1060274595466768,3.1695021258595983,82.3492432396392,320.84119415283203,340.45144712209566,301.2309411835684,0.12224273769485051,0.0009596544880818847,0.0009591943140954592,0.221385884760405,2583710.0,0.8437866478823087,0
2022-07-26,333.717041015625,336.99280908948884,331.78090819243204,335.0566762662959,2254200,321.47450561523436,326.7813513183594,339.58884704589843,329.1408848531437,325.6765649590824,3.4643198940613047,0.7776859464496024,2.6866339476117025,76.12476077954727,321.47450561523436,341.9138455311104,301.03516569935834,0.1271599430677057,-0.008512281529546861,-0.008548717916499216,0.22322276652991294,2555880.0,0.8819662894971595,1
2022-07-27,335.662841796875,341.18765699116335,323.8994377525124,335.4086239042524,4580300,322.71963958740236,326.9960699462891,339.53901733398436,330.14426284448695,326.41628916928926,3.7279736751976884,1.3677434921992198,2.3602301829984684,74.6531645975427,322.71963958740236,343.44285812849955,301.99642104630516,0.12842861728274033,0.005830690501534397,0.005813757813299672,0.1834675799420881,2615185.0,1.7514248513967463,1
2022-07-28,344.6394958496094,345.4315433473101,333.07163945997445,340.2880987423936,3635500,324.2036926269531,327.45026794433596,339.57209442138674,332.3742986914288,327.76615633079444,4.608142360634361,2.0158232658862483,2.5923190947481123,81.19284926415787,324.2036926269531,346.75698166784105,301.6504035860652,0.13913036497606465,0.026743067551595612,0.026391721994966387,0.19806936099529743,2607985.0,1.3939880789191657,1
2022-07-29,345.9498291015625,348.89310556870686,342.20468727820526,346.2822909352705,3176800,326.10034942626953,327.7523937988281,339.6205352783203,334.4628418314494,329.113095054555,5.349746776894392,2.6826079680878774,2.6671388088065147,81.2763277218091,326.10034942626953,349.293001979955,302.90769687258404,0.1422424268755915,0.0038020402993070856,0.0037948308121506674,0.1714450423553718,2596250.0,1.2236109773712085,0
2022-08-01,342.77178955078125,346.9764865180706,337.9999290899978,340.1022775736425,2289400,327.70337371826173,328.0487585449219,339.6676431274414,335.74114148057737,330.1248502024236,5.616291278153767,3.269344630101055,2.346946648052712,78.1071224392266,327.70337371826173,350.84932404925667,304.5574233872668,0.14126159318026632,-0.009186417461267915,-0.009228872802506092,0.1791118258483882,2596335.0,0.8817814342139978,0
2022-08-02,341.2757568359375,343.3683177466299,336.3572255839509,339.38850401339823,2878800,329.1817993164062,328.38706176757813,339.69641357421875,336.5926207660174,330.95084328638757,5.641777479629809,3.743831200006806,1.897946279623003,75.50738064663555,329.1817993164062,351.79693132513705,306.5666673076754,0.13740208028326248,-0.004364515285240844,-0.004374067586320357,0.1820983328936139,2634670.0,1.0926605609051607,1
2022-08-03,346.2822570800781,348.5801855426681,340.8161386426001,342.243775751603,2921200,330.8661285400391,328.7481677246094,339.6946171569824,338.08333404510364,332.0865035674017,5.9968304777019625,4.194431055545838,1.8023994221561246,77.08484746024637,330.8661285400391,353.2970596644699,308.4351974156083,0.13558916546343525,0.014669955728930928,0.014563392846047345,0.18539256476323868,2669770.0,1.0941766519213265,1
2022-08-04,348.17926025390625,350.6629506867723,341.90151857359297,346.8102911489233,2339500,332.4306701660156,328.90801025390624,339.69042678833006,339.6365534618425,333.2785596182539,6.357993843588588,4.627143613154388,1.7308502304342,74.41808730392935,332.4306701660156,355.1201497021976,309.7411906298336,0.13650653548212546,0.005478199171462084,0.0054632484156720874,0.18264554704413452,2676640.0,0.8740435770219379,1
2022-08-05,349.5873718261719,349.90025775334396,342.63491820686,342.63491820686,1848700,334.11499786376953,329.2471527099609,339.67545837402344,341.1674485948162,334.48661978180337,6.680828813012852,5.037880653126081,1.642948159886771,77.60422728345543,334.11499786376953,356.63860646874787,311.5913892587912,0.13482548672754885,0.00404421438324265,0.004036058530204421,0.1802920070200852,2685970.0,0.6882802116181491,0
2022-08-08,344.3559265136719,351.0443444253902,342.1362418196404,351.0443444253902,2477600,335.48250579833984,329.4021917724609,339.66028198242185,341.65798365925554,335.2176795397196,6.440304119535938,5.3183653464080525,1.1219387731278854,63.392466216623774,335.48250579833984,356.9275925612709,314.0374190354088,0.12784622978714605,-0.014964628971498639,-0.015077728781179623,0.19391799799737147,2706160.0,0.9155408401572708,0
2022-08-09,338.8604736328125,343.33896494937477,337.6968423608785,342.6349193885516,2467400,336.64026947021483,329.34714965820314,339.6203547668457,341.2275975013412,335.48751613920797,5.740081362133253,5.402708549553093,0.33737281258015983,55.40964364133092,336.64026947021483,355.98721978154305,317.2933191588866,0.11494139035579633,-0.015958641793961337,-0.01608735211595487,0.20491871562794386,2691455.0,0.9167532059796653,1
2022-08-10,345.5489196777344,346.692975156425,343.27053698176616,346.48763722150744,2443700,338.10752258300784,329.27180847167966,339.6018930053711,341.8924162977094,336.23280529020997,5.65961100749945,5.454089041142365,0.20552196635708508,56.47299873412022,338.10752258300784,355.2546063450585,320.96043882095717,0.10142976785049754,0.019738053167480007,0.019545783694567984,0.21251259476775078,2691510.0,0.9079290063941802,0
2022-08-11,342.8109130859375,347.9641456624814,342.58602912934043,347.9641456624814,2609400,339.35671081542966,329.1399499511719,339.559079284668,342.03372349589836,336.72007253433793,5.313650961560427,5.426001425225977,-0.11235046366555057,56.74581652475079,339.35671081542966,353.6927211924605,325.0207004383988,0.08448932889868771,-0.007923643906484812,-0.007955202790983633,0.2170284344058268,2684785.0,0.9719214015274966,1
2022-08-12,346.419189453125,347.5730627442766,342.4980733441942,346.87877521248123,2514200,340.4176681518555,329.09607421875,339.5515412902832,342.7084105662409,337.43852563943324,5.269884926807663,5.394778125542315,-0.12489319873465199,59.486962750969326,340.4176681518555,353.42115280991686,327.4141834937941,0.07639723712730863,0.010525558637285659,0.010470550601828638,0.20647204697378152,2641125.0,0.9519428273936296,1
2022-08-15,351.9732971191406,353.92897588109435,343.0456187962154,344.5221359694135,2526300,341.8326049804688,329.0457287597656,339.6769345092773,344.1337777282255,338.5151753786708,5.618602349554692,5.439542970344791,0.17905937920990134,66.73835197655035,341.8326049804688,353.2236485251731,330.44156143576447,0.06664691067345756,0.01603290994007467,0.015905740304993067,0.2089961201329678,2644015.0,0.955478694334185,0
2022-08-16,351.288818359375,352.02219793841334,345.27511177951874,346.41916721169537,2448700,342.7551971435547,329.08440490722654,339.8120021057129,345.23455320994077,339.46137115501926,5.773182054921506,5.506270787260133,0.2669112676613725,64.66597465923789,342.7551971435547,354.06718878185416,331.44320550525526,0.06600624429663537,-0.0019446894561832018,-0.0019465828197914046,0.18955330648721117,2631960.0,0.9303712822383319,0
2022-08-17,347.45562744140625,349.04951028465734,343.954975856389,345.6661946417442,2439900,343.44261932373047,329.00111511230466,339.9157810974121,345.57625693785855,340.0535382873442,5.522718650514321,5.509560359910971,0.013158290603350054,52.92558199993026,343.44261932373047,354.09098960227897,332.79424904518197,0.06200960323163212,-0.010911793138964399,-0.010971763408185434,0.1956812346692484,2625775.0,0.9292113756890823,1
2022-08-18,349.4405822753906,351.5527184079851,345.73459340430014,346.4679727625087,1934900,343.95304718017576,328.88175903320314,340.03664169311526,346.1707685282481,340.74887487905136,5.421893649196761,5.492027017768129,-0.07013336857136832,53.576294810378364,343.95304718017576,354.7295100786406,333.1765842817109,0.06266240690008901,0.005712829717570589,0.005696573389583257,0.1887127093757849,2610980.0,0.7410627427249539,0
2022-08-19,346.4289245605469,348.8637349987115,345.7248790331959,348.7268530068513,1740700,344.4615219116211,328.73517150878905,340.169561920166,346.2104848409095,341.1696192999029,5.04086554100661,5.401794722415826,-0.36092918140921526,53.75957092634457,344.4615219116211,354.65331444281503,334.2697293804272,0.059175216289085814,-0.008618511608563861,-0.008655865759383673,0.1886088487142711,2585365.0,0.6732898449541941,0
2022-08-22,337.8533020019531,343.22163078033,336.6505487922515,342.24379137639744,2312400,344.525080871582,328.67736389160154,340.25497863769533,344.92476440414697,340.9239661667214,4.000798237425556,5.121595425417772,-1.120797187992216,46.92872983766061,344.525080871582,354.52400567140404,334.52615607176,0.058044684436480906,-0.024754349162594114,-0.025065890141427828,0.21050511308630415,2591980.0,0.8921365133990231,0
2022-08-23,333.335693359375,337.5599369636444,331.8493583463311,335.0957923743797,2240700,344.50601348876955,328.8074627685547,340.28859619140627,343.14183039725896,340.36187188469574,2.779958512563212,4.65326804284686,-1.873309530283648,38.279062596872556,344.50601348876955,354.59278708531656,334.41923989222255,0.0585578956628333,-0.013371509515547109,-0.013461713157266407,0.21387420053778528,2591305.0,0.8646994468038305,0
2022-08-24,332.1817321777344,334.70457391777717,330.8518852459932,332.64131777587966,2218400,344.3319580078125,329.20758056640625,340.25139984130857,341.455661440409,339.755935610106,1.6997258303030094,4.062559600338091,-2.362833770035081,35.31941468879087,344.3319580078125,355.15454234355434,333.50937367207064,0.06286134112185021,-0.0034618590346894296,-0.0034678651341969726,0.21307296356484542,2473210.0,0.8969719514315404,1
2022-08-25,337.03179931640625,337.48159692494596,329.84467631310554,332.4652778115957,2228500,343.95157318115236,329.6578338623047,340.23416931152343,340.7750672674855,339.55414773649863,1.220919530986862,3.494231586467845,-2.273312055480983,39.16264215733017,343.95157318115236,355.25283962777735,332.65030673452736,0.06571428845114102,0.014600643770732225,0.014495080657182295,0.1962236097773882,2402860.0,0.9274364715380837,0
2022-08-26,324.6035461425781,337.98041128952786,324.3493282006219,337.4034598058114,1925000,342.88425903320314,329.79606079101563,340.17923828125,338.28714094057665,338.4466957665786,-0.15955482600196547,2.763474303973883,-2.9230291299758484,34.83481147486441,342.88425903320314,357.0578697563026,328.7106483101037,0.0826728573837911,-0.03687560995441996,-0.03757270621559655,0.23264744767259,2340270.0,0.8225546624962077,0
2022-08-29,322.0513610839844,325.43467651376045,320.506358366844,322.67716268287865,2308200,341.8482376098633,330.2075848388672,340.0468428039551,335.78932865494704,337.23222653083087,-1.4428978758838298,1.9221998680023404,-3.36509774388617,36.483683027728034,341.8482376098633,358.8111294574288,324.8853457622978,0.09924223664961254,-0.007862468198276296,-0.007893540377872724,0.2322333958998015,2341210.0,0.9859004531844644,0
2022-08-30,320.5455322265625,325.591187125682,318.3551815136264,323.66484230862255,2618900,340.81172637939454,330.5516961669922,339.92444488525393,333.44412920442636,335.99617510088507,-2.552045896458708,1.0273507151101309,-3.5793966115688387,28.066511147031378,340.81172637939454,360.27155807659705,321.35189468219204,0.11419696090820332,-0.0046757413238479595,-0.004686706796806925,0.23226008913437385,2328215.0,1.124853160038914,0
2022-08-31,317.18170166015625,323.8407843325715,317.09369971168684,321.0148445163266,3129000,339.35669860839846,330.69750610351565,339.74063217163086,330.9422172745387,334.6025104015718,-3.6602931270331283,0.08982194668147903,-3.7501150737146074,27.76169564627925,339.35669860839846,361.2889542669562,317.42444294984074,0.12925783253134782,-0.010494080335609501,-0.010549531476976532,0.2238552701986023,2338605.0,1.3379771273900467,1
2022-09-01,318.042236328125,318.3942441567378,312.1360785262251,316.6341453310987,2493200,337.8498474121094,330.8849353027344,339.5715406799316,328.9576048212443,333.3758234331683,-4.418218611924033,-0.8117861650396234,-3.6064324468844093,24.14461017936965,337.8498474121094,361.3172713262877,314.3824234979311,0.13892221111796293,0.002713065298107109,0.0027093915796431453,0.22246675404646876,2346290.0,1.0626137433991536,0
2022-09-02,315.4118347167969,322.36428749186183,313.4268221786734,322.11003973069865,1936800,336.1410705566406,331.0078442382812,339.3493745422363,326.8736401897908,332.045157602326,-5.171517412535195,-1.6837324145387378,-3.4877849979964575,14.812656618784743,336.1410705566406,360.9486097207751,311.33353139250613,0.147601952496039,-0.008270604689794459,-0.008304995896081595,0.22053686384301893,2350695.0,0.8239265408740819,1
2022-09-06,316.8981628417969,319.74367892607916,313.45617907891744,315.35318980177226,2043400,334.7681823730469,330.8921820068359,339.185224609375,325.33895136702256,330.92315799043496,-5.584206623412399,-2.46382725631347,-3.120379367098929,17.40495656454692,334.7681823730469,360.6762209414322,308.8601438046616,0.15478196514813833,0.004712341013882959,0.004701272693148065,0.21984965242368565,2328985.0,0.8773779135546171,1
2022-09-07,321.3375549316406,321.9047184525411,314.91314338999183,316.89815603056735,1998300,333.8920364379883,330.8979168701172,339.0965823364258,324.7233519154254,330.2131133194132,-5.4897614039878135,-3.0690140858483392,-2.4207473181394743,25.526830961709933,333.8920364379883,360.3956924654881,307.3883804104885,0.1587558440161969,0.014008891847252514,0.013911674210673946,0.224023043807628,2305530.0,0.8667421373827277,1
2022-09-08,322.7554626464844,322.9705885112864,316.31150448707103,317.33822393559063,2114000,332.75236358642576,331.13782287597655,339.0564125061035,324.4205997202037,329.6606947510481,-5.240095030844373,-3.503230274847546,-1.7368647559968267,24.726926945443196,332.75236358642576,359.10531701400134,306.3994101588502,0.1583937865597215,0.004412517905494795,0.004402811291625122,0.20995832695518635,2289045.0,0.9235292447286969,1
2022-09-09,328.4073181152344,329.55137332673445,322.8336224531349,323.2149940844921,1815700,332.0321838378906,331.40680053710935,339.13418106079104,325.03394101174683,329.56785203728407,-4.533911025537236,-3.7093664249854843,-0.8245446005517518,33.74492280013696,332.0321838378906,358.0123505968036,306.0520170789776,0.15649185846151237,0.017511262001289607,0.017359706579295486,0.22165147351718092,2249360.0,0.80720738343351,1
2022-09-12,330.92034912109375,331.95685626676897,328.49529720673615,330.59764547989687,2097800,331.2572418212891,331.86487365722655,339.1870265197754,325.9395422593387,329.66803700645517,-3.7284947471164855,-3.713192089411685,-0.015302657704800549,42.978745761978494,331.2572418212891,356.3396013224129,306.1748823201653,0.15143735040005885,0.00765217724221845,0.007623047841792586,0.21971538591722387,2228540.0,0.9413337880406005,0
2022-09-13,318.22808837890625,325.4249727549939,317.38713089378143,322.68703409915474,2316900,329.56998138427736,332.01520935058596,339.1228564453125,324.7531647392721,328.82063340441454,-4.067468665142428,-3.784047404557834,-0.28342126058459405,36.873416338665145,329.56998138427736,353.28766094530266,305.85230182325205,0.1439310671524454,-0.03835442811509615,-0.039109324596916885,0.24341161833493105,2218070.0,1.0445567542954008,1
2022-09-14,318.62890625,321.20062809608305,316.18430827331025,319.79253727420706,2657900,327.9369857788086,332.153642578125,339.1377597045898,323.81097112553795,328.0656906522357,-4.254719526697727,-3.878181828985813,-0.3765376977119139,38.06816075160278,327.9369857788086,349.7817745850585,306.0921969725587,0.1332255265710349,0.0012595301474975784,0.0012587376048191453,0.24419444304674107,2228530.0,1.1926696073196232,0
2022-09-15,309.9360046386719,318.7170142352991,308.1856933907472,316.419085404419,2486800,326.0610046386719,332.10044921875,339.11484634399415,321.67636089678933,326.72275094752723,-5.046390050737898,-4.11182347333623,-0.934566577401668,27.65683311481928,326.0610046386719,347.283371862863,304.83863741448073,0.13017421232391127,-0.027282212758523494,-0.027661282812051713,0.2562847594246376,2230875.0,1.1147195607104836,0
2022-09-16,308.1465148925781,308.6354345608388,302.2599029882951,305.917042398961,3650900,323.9963012695313,331.92561096191406,339.12237228393553,319.5948461269107,325.3467334619754,-5.751887335064737,-4.439836245681931,-1.3120510893828055,33.54190395618858,323.9963012695313,343.61590171443095,304.3767008246316,0.12111002729366471,-0.005773739479477236,-0.005790471950301645,0.25279620267429465,2316675.0,1.5759223887683858,0
2022-09-19,307.0709228515625,308.4594680077928,303.3746909054157,305.0370299153868,2369700,322.02840118408204,331.74901306152344,339.16658447265627,317.668088699934,323.99296971305597,-6.324881013121967,-4.816845199169939,-1.508035813952028,34.56266993897134,322.02840118408204,340.00033637924963,304.05646598891445,0.11161708177965482,-0.0034905215182803317,-0.0034966276015993623,0.2527863871963138,2348125.0,1.0091881820601545,0
2022-09-20,306.3277282714844,307.403357545248,302.58261661975445,304.2645015274695,2769600,320.4521224975586,331.5354522705078,339.13931015014646,315.92341786478795,322.6844333099766,-6.7610154451886615,-5.205679248373683,-1.5553361968149781,35.11459698553088,320.4521224975586,338.1072706281825,302.7969743669347,0.11018899168476194,-0.002420270122538981,-0.0024232037106116243,0.24291946936484474,2370985.0,1.1681221095873655,0
2022-09-21,297.7521057128906,307.99987365730254,297.4783118668063,307.51095394348823,2366300,318.6729431152344,331.1763903808594,339.0598590087891,313.1278313798807,320.837594228711,-7.70976284883028,-5.706495968465003,-2.0032668803652776,31.659579224277948,318.6729431152344,337.9580068315476,299.38787939892114,0.1210335808731626,-0.027994927546988402,-0.028394255962257482,0.25502875337258984,2377265.0,0.9953875567090753,0
2022-09-22,291.7481384277344,296.3635414211826,290.01737349567475,296.23644737049824,3176500,316.65126342773436,330.68727600097657,338.8957624816895,309.83864784878125,318.6828197249349,-8.844171876153666,-6.334031150002736,-2.5101407261509303,27.376658077058607,316.65126342773436,338.30550303899304,294.9970238164757,0.13677027135058673,-0.020164315113007536,-0.02037038985811164,0.2600957498194832,2425170.0,1.3098050858290347,0
2022-09-23,287.0740661621094,288.0421474205302,283.808086280852,286.6340563549081,3245900,314.1533767700195,330.07221435546876,338.6782080078125,306.3364045123702,316.341430572133,-10.00502605976277,-7.068230131954744,-2.936795927808026,26.446601725035336,314.1533767700195,337.37750008272553,290.9292534573135,0.1478521323022898,-0.016020915474608155,-0.016150637719412497,0.24991083752489507,2476040.0,1.310923894605903,0
2022-09-26,283.680908203125,288.7950178216407,282.7128569709022,283.6222402400378,3635600,312.10724487304685,329.24183166503906,338.42990966796873,302.85094354171713,313.92213261887315,-11.07118907715602,-7.868821920995,-3.2023671561610207,23.239197340399627,312.10724487304685,338.45548651279796,285.75900323329574,0.16884094856861495,-0.01181979969262803,-0.011890208890043349,0.22602592785030653,2561570.0,1.419285828612921,0
2022-09-27,280.1314392089844,291.2983483324162,278.48864635429305,288.9222057764653,4073300,310.01124877929686,328.37096923828125,338.15325088500975,299.35563518283516,311.4191182922147,-12.063483109379547,-8.70775415867191,-3.355728950707636,16.320201064789316,310.01124877929686,339.5098461993198,280.51265135927395,0.19030662620260952,-0.012512188488902787,-0.012591125056605217,0.22696620664242892,2649825.0,1.537195852556301,1
2022-09-28,283.7494201660156,286.48738829657384,275.4475734949026,278.7917674167033,5611400,308.1714431762695,327.38921813964845,337.86839111328123,296.9546790264014,309.36951102360734,-12.414831997205965,-9.449169726378722,-2.9656622708272433,19.225231385617022,308.1714431762695,339.44042648841753,276.9024598641215,0.20293238717944811,0.012915297787522428,0.012832606555912743,0.23754435051388953,2799450.0,2.0044651627998356,0
2022-09-29,280.41497802734375,285.5975444570048,278.5375431973739,281.95998090248855,3439700,306.3331069946289,326.3233740234375,337.5893034362793,294.410109641931,307.2247308016619,-12.814621159730905,-10.122260013049159,-2.692361146681746,10.698096600011084,306.3331069946289,339.6290882878264,273.0371257014314,0.21738415165019223,-0.011751361947174965,-0.011820954946615567,0.2379035461699121,2814985.0,1.2219248059936376,0
2022-09-30,278.03887939453125,284.316622104438,278.03887939453125,280.5030241876375,3804200,304.3329391479492,325.0995111083984,337.32150970458986,291.89145883463874,305.06281588261515,-13.171357047976414,-10.732079420034612,-2.4392776279418023,6.596947393943282,304.3329391479492,339.42500583651554,269.2408724593829,0.23061629008555376,-0.008473508260963158,-0.008509612529972966,0.23575285298182405,2880535.0,1.3206574473144745,1
2022-10-03,284.0427551269531,286.2624394741202,278.6059713025528,281.4710331335022,5285200,302.76448516845704,324.0551776123047,337.0554978942871,290.68396595653326,303.50577434515867,-12.821808388625413,-11.150025213752773,-1.6717831748726404,18.481557159104142,302.76448516845704,338.5684870592188,266.9604832776953,0.2365138822067624,0.021593655338764783,0.02136381520277715,0.25590606297366947,3047955.0,1.7340151019289982,1
2022-10-04,294.5936584472656,297.23383670241043,289.42090962723586,289.6262475409015,3949200,301.64925994873045,323.2154083251953,336.81025390625,291.2854571089536,302.84561761198137,-11.56016050302776,-11.232052271607772,-0.32810823141998746,31.333518831984208,301.64925994873045,336.98606985460765,266.31245004285324,0.23429071174836094,0.03714547591821793,0.03647220476822092,0.2952685248237208,3143245.0,1.2564085841224595,1
2022-10-05,297.4587097167969,299.80551793221065,290.66271504006914,291.3765484304651,2845200,300.45531768798827,322.49024169921876,336.5969108581543,292.235188279391,302.4465873975232,-10.211399118132192,-11.027921640912657,0.8165225227804651,39.3452833276523,300.45531768798827,334.5841754495335,266.326459926443,0.227180920105976,0.009725434296964375,0.009678446665283362,0.2922802653304929,3185590.0,0.8931469523698906,0
2022-10-06,293.0709533691406,298.7711374706156,292.7085439798072,296.3519763370504,2494400,298.9710922241211,321.6384039306641,336.42146362304686,292.36376752396785,301.75209598801337,-9.388328464045514,-10.700003005539228,1.3116745414937139,37.673532614499834,298.9710922241211,331.5638708695225,266.3783135787197,0.21803297705430655,-0.014750808109917912,-0.014860683115346055,0.293146769787839,3204610.0,0.7783786482598507,0
2022-10-07,288.8985900878906,291.0728966953434,286.95933396034724,290.55380695925663,2210800,296.9956558227539,320.52358581542967,336.1583583068848,291.8306633030329,300.79998443985613,-8.969321136823226,-10.353866631796029,1.3845454949728033,35.85765673590696,296.9956558227539,326.7412108882665,267.25010075724134,0.2003096980197221,-0.014236700134505176,-0.014339014187095005,0.2827922841664094,3224365.0,0.6856543846617861,0
2022-10-10,285.7742919921875,291.13170419515774,283.5804074696842,290.92603499353174,1783500,294.7383529663086,319.3200750732422,335.84681701660156,290.89891387059515,299.6869701844733,-8.788056313878144,-10.040704568212453,1.252648254334309,34.57622196847801,294.7383529663086,320.18558044989015,269.291125482727,0.17267672990281271,-0.010814514860569724,-0.010873416775091696,0.27832410323738144,3208650.0,0.5558412416436819,0
2022-10-11,280.1622009277344,284.41289670750007,278.56577643863295,283.8643957283104,3554900,292.83505859375,318.06788330078126,335.49212249755857,289.2471118793858,298.2406909802704,-8.99357910088463,-9.83127947474689,0.8377003738622584,36.18569144163144,292.83505859375,316.5178861964485,269.15223099105145,0.16174858103690176,-0.01963819427328528,-0.019833585934144388,0.257665262921342,3270550.0,1.0869425631774472,0
2022-10-12,277.54718017578125,281.57256949483946,277.38066614286913,280.6421413256559,2646800,290.7809722900391,316.79331176757813,335.1256680297852,287.4471223865235,296.70783832808604,-9.260715941562523,-9.717166768110017,0.4564508265474938,38.22016937507816,290.7809722900391,312.0470746683249,269.51486991175324,0.14626887179587522,-0.009333952771978904,-0.009377787087333733,0.2563242488948089,3269995.0,0.8094201978902108,1
2022-10-13,287.90936279296875,289.34910672772185,271.1711327657435,271.57269725251734,3322800,289.6796401977539,315.62585388183595,334.8087356567383,287.5182362952074,296.05609939955883,-8.537863104351459,-9.481306035358305,0.943442931006846,50.63313919624563,289.6796401977539,308.9573666606914,270.4019137348164,0.13309686831823792,0.03733485099947598,0.03665478069273256,0.28831723818671245,3311795.0,1.003322971379569,0
2022-10-14,282.7479248046875,292.47352942784295,281.915414292346,289.770328668996,3106300,288.4097106933594,314.3172271728516,334.46351318359376,286.78434221974277,295.07030868882765,-8.285966469084883,-9.242238122103622,0.9562716530187387,49.31127825782145,288.4097106933594,305.8212301825257,270.99819120419306,0.12074156204593581,-0.017927301627883363,-0.01808994243898946,0.2927682355581913,3284565.0,0.945726450839,1
2022-10-17,288.9671936035156,292.5812446440576,285.3433388285732,289.3393768375235,3417600,287.50452423095703,313.1048236083984,334.15084747314455,287.12016550955394,294.61822608991565,-7.4980605803617095,-8.893402613755239,1.3953420333935291,56.27514675169639,287.50452423095703,302.5531996349846,272.45584882692947,0.10468479022569202,0.021995807053665217,0.021757389085880617,0.30713368435375565,3336960.0,1.0241657077100115,1
2022-10-18,294.19732666015625,297.44899875350467,290.44614225847033,296.9299088624744,3096000,286.89800415039065,312.1016516113281,333.8724629211426,288.20895953272355,294.5870483543779,-6.37808882165433,-8.390339855335057,2.0122510336807267,57.25398712170813,286.89800415039065,299.53729761055155,274.25871069022975,0.08811001315669968,0.018099400805396515,0.0179375565888464,0.31602904631010237,3353280.0,0.9232751216719153,0
2022-10-19,291.63128662109375,293.4725958125466,288.72241622596704,289.37860903794603,1914300,286.59196319580076,311.1570678710938,333.5246269226074,288.7354713924728,294.36810304080126,-5.63263164832847,-7.83879821393374,2.20616656560527,57.87147809951657,286.59196319580076,298.3933010500931,274.7906253415084,0.08235637679923091,-0.008722173203248307,-0.008760433996583883,0.3019582576135459,3330680.0,0.5747474990092113,0
2022-10-20,290.1817626953125,296.49901637208484,289.5255399388303,291.6215073528844,2463800,286.5136444091797,310.04972473144534,333.1479267883301,288.95797774675583,294.05800375595027,-5.100026009194437,-7.291043772985879,2.191017763791442,58.6340248688941,286.5136444091797,298.19104338728226,274.8362454310771,0.08151373734526726,-0.004970399241369994,-0.004982792759891254,0.2937861788972085,3295045.0,0.7477287867085275,1
2022-10-21,296.1462707519531,296.4792688971448,287.4588479984982,288.4480685902999,3599600,286.9672546386719,309.11643188476563,332.8083038330078,290.06386897832465,294.2126902000986,-4.1488212217739715,-6.662599262743497,2.513778040969526,58.610853712232206,286.9672546386719,299.41568295339977,274.518826323944,0.08675852811431074,0.020554386330967622,0.020345995655603463,0.2961878743967509,3312730.0,1.0865962514300893,1
2022-10-24,299.309814453125,300.68099215280836,294.3147822212343,298.25202744948916,3184100,287.7486999511719,308.17424438476564,332.5011219787598,291.4863221282939,294.59025495958207,-3.103932831288148,-5.9508659764524285,2.8469331451642805,53.74933584358176,287.7486999511719,301.2464702934271,274.2509296089167,0.09381637758603693,0.010682368861641311,0.010625715463926034,0.2933000768092029,3290155.0,0.967765956315128,1
2022-10-25,305.000244140625,305.6760442453476,299.5644619891356,299.61345077160536,3012400,288.9921401977539,307.23478332519534,332.2240982055664,293.56538705326795,295.3613652692889,-1.7959782160209556,-5.119888424366134,3.323910208345178,55.73774754848809,288.9921401977539,304.0294398768017,273.9548405187061,0.1040671879086951,0.019011837944228782,0.01883337139021223,0.2927520833398231,3237110.0,0.9305831436064885,1
2022-10-26,312.93353271484375,317.7718550470398,305.862140836206,305.862140836206,5278000,290.4513458251953,306.46767761230467,332.0147233581543,296.54510177043346,296.663007302293,-0.11790553185954877,-4.119491845864816,4.001586314005268,64.33828696709224,290.4513458251953,308.67331263706495,272.2293790133256,0.12547345415184502,0.026010761389951398,0.025678235377735083,0.3013551595428798,3220440.0,1.63890648482816,0
2022-10-27,312.7963562011719,316.4299843642061,307.59565509224086,309.67201404254615,4725800,292.0704147338867,305.7744921875,331.7930603027344,299.04529475977785,297.8580701836915,1.1872245760863507,-3.0581485614745834,4.245373137560934,68.31837606237795,292.0704147338867,312.192847784161,271.9479816836124,0.13779165595124315,-0.00043835670943215277,-0.00043845281582145145,0.2955969266865443,3284745.0,1.4387113763777706,1
2022-10-28,322.68853759765625,324.97056617944185,311.2783349098556,312.73765675398056,3644400,294.30289764404296,305.2394512939453,331.6158857727051,302.68271673483605,299.6973640662074,2.98535266862865,-1.8494483154539367,4.8348009840825865,75.6360228417187,294.30289764404296,317.53735185228953,271.0684434357964,0.15789483823804185,0.03162498923140378,0.031135218492231883,0.3043391919614043,3276755.0,1.1121978909012118,0
2022-10-31,321.4250793457031,322.65915438967596,317.11565031632506,322.11068323445164,3157900,296.1720138549805,304.73937438964845,331.42162017822267,305.5661571365079,301.30682445728115,4.259332679226759,-0.6276921165177975,4.887024795744557,80.49813776900396,296.1720138549805,321.8202810736606,270.52374663630036,0.173198452378007,-0.003915411007032632,-0.00392309629597878,0.3022984909206102,3170390.0,0.9960604215885112,1
2022-11-01,326.3319396972656,326.7726892855843,320.3574902559878,325.38190404931294,3660400,297.7589279174805,304.5089471435547,331.23911651611326,308.76089291508606,303.16053669728,5.600356217806052,0.6179175503469723,4.98243866745908,84.87613420921156,297.7589279174805,326.7106977932323,268.80715804172866,0.19446449567937316,0.015265953613672556,0.015150601436352386,0.2820561809988769,3155950.0,1.1598409353760357,0
2022-11-02,313.2372131347656,326.1459245360292,313.0511214773586,324.5984585259208,3074900,298.54785308837893,304.1069775390625,331.01960861206055,309.4495575642675,303.90695717413075,5.542600390136727,1.6028541183049232,3.9397462718318037,67.42600264137553,298.54785308837893,328.3136503935232,268.7820557832347,0.19940386103753155,-0.04012701476492875,-0.04095431032040532,0.32401947560352173,3167435.0,0.9707855094106115,0
2022-11-03,302.8063659667969,310.2499112288345,302.2480911053137,308.6338791624562,2860900,299.03462371826174,303.51947021484375,330.77510009765626,308.42752808773355,303.82543189951343,4.602096188220116,2.202702532287962,2.3993936559321543,62.86754557453535,299.03462371826174,328.74165766197234,269.32758977455114,0.19868624960097836,-0.03330015314457879,-0.03386722793155344,0.3434422257026164,3185760.0,0.8980274722515192,1
2022-11-04,311.8169860839844,316.4790205772198,306.7925720823888,307.3802282613618,3414000,300.18054351806643,303.01517395019533,330.5597035217285,308.94898316407983,304.4173988761409,4.5315842879389265,2.668478883418155,1.8631054045207716,64.15139842825661,300.18054351806643,330.0091745128944,270.35191252323847,0.19873793714436871,0.02975703660792761,0.029322887627460242,0.3515068398904145,3245920.0,1.0517819293143393,1
2022-11-07,318.43780517578125,319.0939977271034,311.1705189985052,315.8129751916322,2742100,301.81371917724607,302.89185913085936,330.42089599609375,310.40880193511083,305.45594749092913,4.952854444181696,3.125353995570863,1.827500448610833,64.7584576966526,301.81371917724607,331.8969076767468,271.7305306777453,0.19934937736765904,0.021233028947350574,0.021010749132185452,0.35193050623800143,3293850.0,0.8324908541676154,1
2022-11-08,319.0450744628906,322.61994038612306,315.626918839864,319.51520536350785,2387500,303.7578628540039,302.8317333984375,330.3127166748047,311.73745924707697,306.46254948885223,5.274909758224737,3.555265148101638,1.7196446101230993,67.09829815501809,303.7578628540039,332.96232921632253,274.5533964916853,0.19228780508213705,0.0019070263556619782,0.0019052102893923285,0.3394786064107528,3235480.0,0.7379121490474365,0
2022-11-09,309.14324951171875,317.02754576490406,308.6633147741802,315.64656397014204,3001200,305.3376663208008,302.60368774414064,330.2069953918457,311.33835005702184,306.6611198609164,4.677230196105427,3.779658157702396,0.8975720384030308,60.69849370828771,305.3376663208008,331.8681492325985,278.8071834090031,0.1737779896694675,-0.031035818270636173,-0.031527631934145456,0.3611531665459805,3253200.0,0.9225378089265953,1
2022-11-10,330.3279724121094,330.4553014088835,322.38491461053025,324.3633262597029,3255000,307.45859680175784,302.8666131591797,330.1784350585938,314.25983041934296,308.41422004989363,5.845610369449332,4.192848600051784,1.6527617693975483,66.45918538886649,307.45859680175784,334.8895386063418,280.0276549971739,0.17843665514593351,0.06852720521587052,0.06628125658150012,0.410981602805399,3249810.0,1.001597016440961,1
2022-11-11,332.306396484375,335.5776456204028,329.43668200861856,332.02235719030335,3734700,309.9365203857422,303.1518963623047,330.13115142822267,317.0362251985786,310.18401089689223,6.852214301686388,4.724721740378705,2.127492561307683,66.07195838419464,309.9365203857422,336.9186292031758,282.9544115683086,0.17411377519404342,0.005989271988741551,0.005971407593590449,0.4002055542188275,3281230.0,1.1382012233217422,1
2022-11-14,332.3847351074219,337.41895272226793,329.1036822525848,329.80886367246194,2348900,312.1073974609375,303.49135437011716,329.92835815429686,319.3975344153237,311.8285089865611,7.569025428762643,5.293582478055493,2.2754429507071503,64.10981736416312,312.1073974609375,338.97204049381594,285.242754428059,0.17214999228745143,0.00023574214603039323,0.00023571436321698667,0.3978532616910108,3227795.0,0.7277104029221186,1
2022-11-15,336.43951416015625,343.9908102085459,332.50223903116984,339.4561051081169,2983600,314.2195068359375,303.8821813964844,329.7269731140137,322.0193774529902,313.6515464068274,8.367831046162848,5.908432191676964,2.459398854485884,62.6156422406931,314.2195068359375,341.7882882336484,286.65072543822663,0.17547466530844819,0.01219905315875569,0.012125244368392669,0.39628103969976036,3222175.0,0.9259583976661727,0
2022-11-16,335.7049865722656,338.02620012204875,333.09973371829,336.09674740148284,2579600,316.4231918334961,304.1695300292969,329.49422546386717,324.1248557790326,315.2851345672302,8.839721211802384,6.494689995702048,2.3450312161003364,62.21671134534689,316.4231918334961,343.429829253492,289.4165544135002,0.17069948168784654,-0.002183238166076351,-0.0021856249050337426,0.39350488391751565,3255440.0,0.7923967267097535,0
2022-11-17,334.24560546875,334.8822503858015,330.0635059312413,332.02233979433475,2004500,318.62638397216796,304.3993328857422,329.2313174438477,325.6818941928353,316.6896138932687,8.992280299566573,6.994208056474954,1.9980722430916193,56.772253898630254,318.62638397216796,343.7425243899848,293.5102435543511,0.15765260933326058,-0.004347213064711086,-0.004356689669946796,0.39325220556618684,3232475.0,0.6201130712534513,1
2022-11-18,336.6158142089844,341.45413633705334,334.30437466260906,338.5452667976227,2737700,320.64986114501954,304.56350280761717,329.0128253173828,327.3640357337813,318.1656287314699,9.198407002311399,7.435047845642243,1.7633591566691553,58.78754261632456,320.64986114501954,344.6357005312129,296.6640217588262,0.14960767050103488,0.007091218856596138,0.00706619439712669,0.3901629241547824,3189380.0,0.8583799986204215,0
2022-11-21,331.287841796875,337.16434453384835,330.6708042271826,335.94007313031227,1965100,322.248762512207,304.5708526611328,328.80605880737306,327.96769820502647,319.1376445140925,8.830053690933994,7.714049014700594,1.1160046762334002,52.85299223800591,322.248762512207,344.4412774212025,300.0562476032115,0.13773529949958987,-0.015828051408189547,-0.015954652692053622,0.39785492506408465,3128430.0,0.6281425507363119,1
2022-11-22,337.8596496582031,338.21225528909434,330.61197048592254,332.83523611638634,2510700,323.89173278808596,304.96348388671873,328.66174255371095,329.4895368901306,320.5244597099525,8.96507718017807,7.96425464779609,1.0008225323819806,65.32550951561825,323.89173278808596,345.5669092050469,302.216556371125,0.1338421097098051,0.019837153774443506,0.019642961387946672,0.39824047360723147,3103345.0,0.8090302560624101,1
2022-11-23,341.4639587402344,343.57947316690735,337.06635606592937,337.5364869882094,1937300,325.3182540893555,305.4201849365234,328.54402801513675,331.3317556363004,322.07553371219564,9.25622192410475,8.222648103057823,1.033573821046927,76.29589157572909,325.3182540893555,347.7006473622832,302.9358608164278,0.13760305787685614,0.010668066120584463,0.010611563795012461,0.39138658431596607,2936310.0,0.6597736615003185,1
2022-11-25,344.0593566894531,344.1670781969921,340.91540705238316,341.7772986704174,944400,326.8814041137695,306.10265197753904,328.40516540527346,333.2898481060162,323.70396504384433,9.585883062171888,8.495295094880637,1.0905879672912508,74.02927040508588,326.8814041137695,349.9382081143829,303.8246001131561,0.14107137151545387,0.007600796168339308,0.007572055659105646,0.3910383257135289,2747240.0,0.3437631950612251,0
2022-11-28,337.49725341796875,343.02117887521933,336.1652608304911,339.5442310760202,2226200,327.62183990478513,306.6896667480469,328.26751953125,333.93714123093196,324.72569010859434,9.211451122337621,8.638526300372034,0.5729248219655876,64.2168766850871,327.62183990478513,351.0596780687368,304.1840017408335,0.14307860654688503,-0.019072590655941135,-0.019256818745830215,0.3867439734289071,2676330.0,0.8318107258820848,0
2022-11-29,336.06732177734375,337.624591043531,333.73630480009933,336.57660779923515,1724200,328.3539520263672,307.2695947265625,328.14524658203123,334.26486131499536,325.56581097294617,8.69905034204919,8.650631108707465,0.04841923334172549,62.54333955045153,328.3539520263672,351.89131217888735,304.8165918738471,0.14336577956357327,-0.00423686897046871,-0.004245869932733816,0.38681665151092703,2604645.0,0.6619712091283073,1
2022-11-30,349.0641784667969,349.0641784667969,334.4512950030979,335.7930913787271,4252300,329.4905639648438,308.12432373046875,328.0665565490723,336.54167933834947,327.3064307873055,9.23524855104398,8.767554597174769,0.46769395386921175,78.1336336252376,329.4905639648438,354.7493175090832,304.23181042060435,0.15332004194775364,0.03867337240859148,0.037944295425384196,0.40552643260803944,2634240.0,1.614241678814383,1
2022-12-01,353.3736267089844,354.1375707411191,346.76256223839925,350.62146744645844,3374700,331.4973846435547,309.23675415039065,327.9734367370605,339.13120970306255,329.2373341889113,9.893875514151262,8.992818780570069,0.9010567335811928,71.30956949680565,331.4973846435547,357.6797599268027,305.3150093603067,0.15796429471925288,0.01234571894806269,0.01227013204050964,0.3717120652825251,2649230.0,1.273841833287408,0
2022-12-02,352.6488342285156,354.8329445989475,348.7311667662075,350.0925705562863,2015500,333.9895080566406,310.45476806640625,327.86991653442385,341.21084424543994,330.9715193770301,10.239324868409824,9.242119998138019,0.9972048702718048,69.25643098195576,333.9895080566406,358.07794322991134,309.90107288336986,0.1442466580069074,-0.0020510655739049977,-0.0020531718895196735,0.34299537318118534,2606960.0,0.7731227176481419,0
2022-12-05,348.76068115234375,351.51284120359566,347.1544524224167,348.6725371875406,2202500,335.8366928100586,311.6885003662109,327.7919515991211,342.3723576157329,332.2892350640904,10.083122551642475,9.410320508838911,0.6728020428035641,64.45880426224684,335.8366928100586,358.38267091768427,313.2907147024329,0.13426750912162627,-0.011025566225613459,-0.011086798275572622,0.33899832882862535,2546385.0,0.8649516864103425,0
2022-12-06,340.376708984375,347.69295345404134,337.26217082830567,346.53724883855824,2353300,336.93363800048826,312.8224163818359,327.6903477478027,342.0653347493701,332.8883072063337,9.177027543036388,9.363661915678406,-0.18663437264201832,53.229386733416774,336.93363800048826,358.0016983507313,315.8655776502452,0.12505762544381235,-0.024039327312549097,-0.02433298775849659,0.3496321659844353,2526945.0,0.9312826357518664,0
2022-12-07,340.26904296875,340.69018507518217,334.44150027953174,339.7401494575138,2454300,337.9948364257813,314.02516845703127,327.5962980651855,341.78898216773626,333.4350283739201,8.353953793816174,9.161720291305961,-0.8077664974897871,53.78245072356078,337.9948364257813,357.3363729770747,318.65329987448786,0.11444871025738605,-0.0003163142858577661,-0.0003163643237735682,0.34986080903080363,2530285.0,0.9699697860122476,1
2022-12-08,343.9418640136719,344.9212809651835,340.0731550994278,342.79593302905266,1998600,339.7347671508789,315.22901733398436,327.5550296020508,342.12019475941867,334.2133124953832,7.90688226403546,8.910752685851861,-1.0038704218164014,57.751371195454084,339.7347671508789,353.64695274399764,325.82258155776015,0.0819002759699318,0.010793873615059235,0.010736035586604695,0.3258562721008792,2480155.0,0.8058367319784449,0
2022-12-09,341.6500244140625,345.50892984683566,340.2102802054955,341.2288822708021,2301100,340.3008697509766,316.45371826171873,327.4625714111328,342.04786086013314,334.764180044915,7.283680815218133,8.585338311725117,-1.3016574965069836,54.029491123497195,340.3008697509766,353.50476305993084,327.0969764420223,0.07760129040291042,-0.006663450540345561,-0.006685750444976469,0.22758355827672735,2432460.0,0.9459970564778044,1
2022-12-12,350.7977294921875,351.06216126881094,341.914411915253,343.09949787787787,2427100,341.2254364013672,317.90889526367187,327.4172654724121,343.3939944958338,335.9518503743426,7.4421441214911965,8.356699473678333,-0.9145553521871364,64.71626814039591,341.2254364013672,354.6599111799568,327.79096162277756,0.07874251650329658,0.026775075148358418,0.026422895419831595,0.24404307996867677,2367080.0,1.0253561349848759,0
2022-12-13,349.79876708984375,361.65952221473844,348.417785566599,361.6399147459756,3072200,342.0961380004883,319.22401550292966,327.4072804260254,344.3793441256815,336.9775479088242,7.401796216857292,8.165718822314124,-0.7639226054568322,59.83226730670152,342.0961380004883,355.37442148950396,328.8178545114726,0.07762895872853569,-0.0028476877652253707,-0.0028517501421164173,0.24472111102996838,2403245.0,1.278354890991139,1
2022-12-14,350.1513977050781,354.6469183598067,346.48835762795994,349.65188544696286,2587200,342.7817321777344,320.3351702880859,327.47871490478514,345.26735236866557,337.9533886344726,7.313963734192953,7.995367804689891,-0.6814040704969377,57.55925358644321,342.7817321777344,356.24493651274435,329.31852784272445,0.07855263610155978,0.0010080956493017101,0.0010075878621193521,0.24215133236037795,2383425.0,1.0854967116649359,0
2022-12-15,339.1231384277344,346.517724869446,335.5090872833714,344.1867375016024,2774900,342.9526397705078,321.1684588623047,327.49690963745115,344.3220886854454,338.04003676730684,6.2820519181385635,7.6527046273796255,-1.370652709241062,46.25448998078964,342.9526397705078,356.1211482889173,329.7841312520983,0.07679490979991538,-0.031495688292618285,-0.03200234420139107,0.26981651065674567,2393190.0,1.1594984100719123,0
2022-12-16,338.7215881347656,341.0721830709762,336.31223056685747,337.6736047204323,5947100,343.1764389038086,322.0814715576172,327.528208770752,343.46047321611,338.0905220537853,5.369951162324696,7.19615393436864,-1.8262027720439438,51.02481221099805,343.1764389038086,355.8652927728195,330.48758503479775,0.07394944658521571,-0.0011840840316306167,-0.0011847856130031468,0.2692735924904071,2590320.0,2.295893943605423,0
2022-12-19,334.2358703613281,338.73139101141487,332.5512718482498,338.25145633451956,2457300,343.0574417114258,322.98821716308595,327.5869502258301,342.0413035461436,337.80499229878853,4.236311247355047,6.6041853969659225,-2.3678741496108753,48.54161452042877,343.0574417114258,356.0464416912373,330.06844173161426,0.07572492766816384,-0.013243082019480767,-0.013331553589148839,0.2726272150719885,2576300.0,0.9538097271280519,1
2022-12-20,335.89105224609375,337.2818075657814,333.6089940329378,334.3435567395065,1895900,343.28760223388673,323.99055236816406,327.7409364318848,341.09511103844363,337.6632189615519,3.4318920768917565,5.96972673295109,-2.5378346560593332,37.19780457698128,343.28760223388673,355.54077583574514,331.0344286320283,0.07138721889239767,0.004952137192744344,0.004939915693111337,0.2667588288900879,2572840.0,0.7368899737255329,1
2022-12-21,338.57464599609375,340.4453359471563,335.3229745663065,336.56685321528187,2087000,343.32335205078124,325.15880126953124,327.90146728515623,340.70734718577444,337.7307320752216,2.976615110552814,5.371104408471434,-2.3944892979186205,35.1483987149293,343.32335205078124,355.51385721802126,331.1328468835412,0.07101471597793856,0.007989476742696455,0.007957729855293978,0.25875377672507416,2551655.0,0.817900539061903,0
2022-12-22,334.490478515625,338.4865165591819,329.50524964038146,337.1055350212934,2276100,342.9746780395508,326.29766723632815,327.9743026733398,339.75090585190526,337.49071329302933,2.2601925588759286,4.748922038552333,-2.4887294796764046,32.92817077194543,342.9746780395508,355.77287542238145,330.1764806567201,0.07463056722429413,-0.012062827293086387,-0.012136173633840818,0.25917364548538335,2568595.0,0.8861264621320216,1
2022-12-23,336.52764892578125,337.44830319228794,330.7392915269946,332.0419028375793,1914500,342.5980926513672,327.27003295898436,328.074581451416,339.25502017096306,337.4193751917517,1.835644979211338,4.166266626684134,-2.330621647472796,38.08422244179921,342.5980926513672,355.7015043623068,329.4946809404276,0.0764943646331028,0.006090368907350152,0.006071897570864561,0.2585709384123656,2617100.0,0.7315349050475718,1
2022-12-27,339.0350036621094,339.76956643671224,334.77453359152554,337.01740696568834,1637700,342.6749801635742,328.3957745361328,328.1864221191406,339.22117147729324,337.53905137474123,1.6821201025520054,3.6694373218577083,-1.987317219305703,48.52412657767226,342.6749801635742,355.66996665582195,329.6799936713265,0.07584438458882899,0.007450664883945635,0.007423045782610418,0.2509858245036323,2587675.0,0.6328847324335553,0
2022-12-28,334.91168212890625,342.3160728551921,334.74516807411936,339.41697678087866,1854100,342.61719818115233,329.3146643066406,328.2591212463379,338.5581731160029,337.3444314306053,1.213741685397565,3.17829819456568,-1.9645565091681148,44.585272929387386,342.61719818115233,355.7454868262775,329.48890953602717,0.07663531611850864,-0.012161934575087519,-0.012236496059359184,0.25445745447043644,2594170.0,0.7147180022897497,1
2022-12-29,341.042724609375,342.5216535812392,336.4688647700764,337.29157131717744,1459800,342.21612548828125,330.251572265625,328.3312271118164,338.94041180729084,337.6183790734772,1.3220327338136713,2.8070451024152785,-1.4850123686016072,47.208527538606475,342.21612548828125,355.00073835471335,329.43151262184915,0.07471660108471359,0.018306445572444874,0.018140899913685154,0.22148187694972338,2454545.0,0.5947334434691562,0
2022-12-30,340.5726623535156,340.73914649476734,336.5472431988731,338.222037792546,1617600,341.5760772705078,331.23039978027344,328.35379302978515,339.1915272759408,337.8372148719985,1.3543124039422878,2.5164985627206806,-1.1621861587783928,48.92493256276125,341.5760772705078,353.2414822861526,329.9106722548631,0.06830340759728584,-0.0013783089974951368,-0.0013792597390522691,0.21574019869628366,2366690.0,0.683486219149952,0
2023-01-03,339.66180419921875,347.36003737430343,336.86068592157056,342.756765511008,2933600,340.92672576904295,332.2200006103516,328.36322494506834,339.2638775718297,337.9723696369778,1.291507934851893,2.271500437146923,-0.9799925022950302,36.70174461658669,340.92672576904295,351.37976158737297,330.4736899507129,0.061321304715848624,-0.0026744899252993948,-0.0026780727630811535,0.2157628880489182,2412595.0,1.215952117947687,1
2023-01-04,347.8399658203125,349.6323157933422,342.4923569965682,344.15737796841205,2661000,340.8806900024414,333.2538745117188,328.3957540893555,340.58327576390394,338.7033026875952,1.8799730763087155,2.193194964979282,-0.31322188867056644,48.00322291630373,340.8806900024414,351.1956555723451,330.56572443253765,0.06051950651607668,0.024077366132981837,0.023792076627582218,0.23124968413190453,2435520.0,1.0925798186834845,0
2023-01-05,344.529541015625,350.2003743691234,344.03983246774453,348.7900113600726,2608500,341.0883316040039,334.15826904296875,328.43371734619143,341.19039349493795,339.1348758970789,2.0555175978590228,2.16565949155523,-0.1101418936962073,44.595082272156205,341.0883316040039,351.5270324812333,330.6496307267745,0.061208196880498965,-0.009517091565026226,-0.009562668484611295,0.2165300139622877,2448280.0,1.0654418612250234,1
2023-01-06,360.68670654296875,361.7167514885043,348.5712691546049,350.5234626908626,4432800,342.10921478271484,335.2719982910156,328.53320999145507,344.1898262715581,340.73130779677444,3.4585184747836593,2.4242312882009163,1.034287186582743,68.87046161652579,342.10921478271484,355.721684129134,328.49674543629567,0.07957967080813602,0.04689631396981131,0.045829895436994186,0.2714859071995259,2547205.0,1.7402604030692466,1
2023-01-09,363.9239807128906,367.87743569093146,362.54075796213965,364.57144859225974,3913500,343.10832061767576,336.29180725097655,328.6847200012207,347.2258500317631,342.4492835683386,4.776566463424501,2.8946983232456334,1.881868140178868,71.01197570053318,343.10832061767576,359.85870435627965,326.3579368790719,0.09763904127098551,0.008975307687244083,0.008935269007847744,0.27087446006653354,2642950.0,1.480731758073365,1
2023-01-10,363.9632263183594,364.6204838993952,360.23538370503155,361.8050000718042,3485900,344.22398071289064,337.3151446533203,328.8014727783203,349.80083099893176,344.0429089572291,5.75792204170267,3.4673430669370413,2.290578974765629,76.76933172991309,344.22398071289064,363.36687524797065,325.0810861778106,0.11122348010405858,0.00010784011922448933,0.00010783430489684025,0.26874024087969023,2702190.0,1.2900277182581537,1
2023-01-11,370.6830749511719,370.7419628798264,364.2084564690859,365.54261084252846,3370200,345.21824798583987,338.2750354003906,328.9534338378906,353.01348391466104,346.01625458641,6.997229328251024,4.1733203191998385,2.823909009051185,78.7111734997882,345.21824798583987,367.59181133192686,322.84468463975287,0.12961981863139932,0.01846298787046874,0.018294616181969377,0.2606080744226086,2749345.0,1.225819240582757,1
2023-01-12,372.59613037109375,373.89106632387774,369.76103674292784,370.6831554436653,3291200,346.35811614990234,339.29845642089845,329.10779403686524,356.0261987541122,347.98513427416435,8.041064479947863,4.946869151349444,3.0941953285984196,78.4369493417354,346.35811614990234,371.8235474133822,320.8926848864225,0.14704682856317713,0.005160892280215101,0.005147620518820555,0.25981975938113727,2760295.0,1.1923363263709132,0
2023-01-13,368.3875732421875,370.6929446495853,367.20056368525076,367.9363186064664,4261000,347.2699249267578,340.1395690917969,329.1579443359375,357.92794867535457,349.4964260495735,8.4315226257811,5.643799846235775,2.787722779545324,78.27418377684894,347.2699249267578,374.54859980478136,319.9912500487343,0.1571035838117962,-0.011295225005999554,-0.011359500522591904,0.26487293323436345,2843985.0,1.498249814960346,0
2023-01-17,367.8774719238281,371.1442107018158,366.8768559778556,367.8774719238281,2814500,348.7076416015625,341.2323742675781,329.23143020629885,359.45864455973515,350.857985003222,8.600659556513165,6.235171788291253,2.3654877682219118,76.83303285826754,348.7076416015625,377.18315007339606,320.23213312972894,0.16332024352004318,-0.0013846865513674755,-0.001385646115689741,0.23300250921002444,2845965.0,0.9889439961489337,0
2023-01-18,361.9129333496094,368.67205260790905,361.5008974444135,367.39675612534467,2747100,349.86720886230466,342.41450561523436,329.2987857055664,359.83622745048507,351.67687006591734,8.159357384567727,6.6200089075465485,1.5393484770211785,68.48761711605958,349.86720886230466,378.518748031507,321.2156696931023,0.16378522161234368,-0.016213383611198062,-0.016346258709364972,0.24346278715098138,2685965.0,1.0227609071599966,0
2023-01-19,360.9515075683594,363.75717158265553,356.6939432627434,357.6749496908929,3111200,351.20299072265624,343.3971960449219,329.3292082214355,360.0078090070811,352.3638802512834,7.643928755797731,6.824792877196785,0.8191358786009459,72.1759872174116,351.20299072265624,379.2711876742341,323.13479377107836,0.1598403071330519,-0.0026565112563171622,-0.0026600460438677203,0.2366536694521739,2718660.0,1.1443873084534293,1
2023-01-20,369.1331481933594,369.46668683210424,362.38381825231227,363.1980704645539,3863400,352.8650955200195,344.4111029052734,329.3862063598633,361.4117073434316,353.6060482469927,7.8056590964388874,7.020966121045206,0.7846929753936811,73.11498743634675,352.8650955200195,381.0522360011925,324.6779550388465,0.15976156802719996,0.022666869242679466,0.022413792922942502,0.24581894348415864,2817035.0,1.371441959365077,1
2023-01-23,371.379638671875,374.13626454764244,369.2115927469926,369.58438000784815,2743900,354.5053451538086,345.4577941894531,329.4719384765625,362.9452352401152,354.92261050068765,8.022624739427556,7.2212978447216765,0.8013268947058796,74.63029535869097,354.5053451538086,383.00727012556325,326.00342018205396,0.16079828054151662,0.00608585408682627,0.006067410070741762,0.24558843111057754,2849880.0,0.9628124692969529,1
2023-01-24,372.79229736328125,382.5925429210399,368.0932677483706,382.5925429210399,2756200,356.4204360961914,346.73077514648435,329.612361907959,364.4601678744484,356.2462910090279,8.213876865420502,7.419813648861442,0.79406321655906,76.27711290139874,356.4204360961914,384.40229101352236,328.43858117886043,0.1570159961859155,0.0038038129835502588,0.0037965967805455836,0.23750963451393925,2873885.0,0.9590502055579816,1
2023-01-25,375.12713623046875,375.2938905908138,367.975589579685,367.975589579685,3501900,358.3504104614258,347.62675842285154,329.78159439086915,366.1012399292208,357.64487213654206,8.456367792678748,7.627124477624904,0.8292433150538434,73.85356197712139,358.3504104614258,385.876079244989,330.82474167786256,0.15362431843245336,0.006263109199684536,0.006243577441859347,0.23751573344276963,2953255.0,1.1857763721723995,0
2023-01-26,370.0749206542969,376.8144312144286,365.9154622453767,376.12774455636014,3718400,359.9024063110352,348.38212890625,329.9122874450684,366.7125754253864,358.5656164711906,8.146958954195782,7.73109137293908,0.41586758125670187,71.67101171999388,359.9024063110352,386.32051005792636,333.484302564144,0.14680704148479684,-0.013468008811465815,-0.013559525065514054,0.24672257390172492,3057290.0,1.2162405267410026,0
2023-01-27,366.9258728027344,373.29259562978336,366.28822454306976,369.0448505092371,3405600,361.50311584472655,349.07295166015626,330.05115600585935,366.74539040651683,359.1848947179716,7.560495688545245,7.696972236060313,-0.136476547515068,56.791899353184085,361.50311584472655,385.2945311151222,337.7117005743309,0.13162495274654604,-0.008509217122832702,-0.008545627205518658,0.24377333323956504,3134865.0,1.086362570637013,0
2023-01-30,364.0711364746094,366.6413687779677,362.3838040554511,362.4426620518682,2688600,362.65453643798827,349.62558410644533,330.183415222168,366.33396672468496,359.5468385517966,6.787128172888345,7.515003423425919,-0.7278752505375747,50.16153779153518,362.65453643798827,384.41931278829736,340.8897600876792,0.12003035486104136,-0.007780144546143175,-0.007810567771517569,0.24202153781114916,3196305.0,0.8411587755236124,0
2023-01-31,363.5610046386719,365.4053015967513,360.0489847024292,362.96257512281176,3137400,363.80395355224607,350.1827044677734,330.26752838134763,365.90735717299066,359.84418418786146,6.063172985129199,7.224637335766576,-1.1614643506373765,49.56298575559034,363.80395355224607,382.9262216569043,344.6816854475878,0.10512402582734488,-0.001401187253890046,-0.0014021698347106797,0.2420275186191115,3272295.0,0.9587766384143239,1
2023-02-01,366.9748840332031,369.6236134550646,360.0293714568122,361.5695587868424,2951900,365.1696075439453,350.8372900390625,330.35562774658206,366.07159207456175,360.37238417640526,5.699207898156487,6.919551448244558,-1.2203435500880708,45.659209934054,365.1696075439453,380.5716006562251,349.7676144316655,0.08435528474491837,0.009390114316369491,0.009346301252498149,0.24181333039632052,3273210.0,0.9018364235719676,1
2023-02-02,367.818603515625,373.24356861724004,365.71923509836927,372.3116004062257,2761600,366.1685394287109,351.46134582519534,330.45292510986326,366.34036306549456,360.92395597931045,5.416407086184108,6.618922575832468,-1.20251548964836,44.26384481785738,366.1685394287109,379.2556565200895,353.08142233733236,0.0714813845656802,0.0022991205096900558,0.002296481576174452,0.2298727106475942,3278240.0,0.8424032407633364,0
2023-02-03,366.8081970214844,371.0363332525316,363.4531411338913,363.7572507978081,2739600,367.28247222900393,352.1717529296875,330.51065658569337,366.4123375202622,361.35982568613815,5.052511834124061,6.305640427490787,-1.2531285933667258,47.945972076364924,367.28247222900393,375.5017178624583,359.06322659554957,0.04475708074808204,-0.0027470238984192985,-0.0027508038926452043,0.22625221133254683,3284795.0,0.8340246499401028,0
2023-02-06,365.88604736328125,367.2202020221722,362.0404881655162,362.9724564477906,2068300,367.54243927001954,352.7322808837891,330.5568455505371,366.3313698038036,361.6951013659265,4.636268437877106,5.971766029568052,-1.3354975916909453,47.43755374834583,367.54243927001954,375.19248521954484,359.89239332049425,0.04162809587224344,-0.002513983236173689,-0.002517148598253947,0.15723510632871265,3166570.0,0.6531673072125359,1
2023-02-07,367.9362487792969,369.9080811740813,361.8343879265126,364.45368812164327,2309100,367.74305267333983,353.2617266845703,330.6174348449707,366.5782742615718,362.1574085817317,4.4208656798400625,5.661585959622454,-1.2407202797823915,58.61863881295687,367.74305267333983,375.2015997766709,360.2845055700088,0.04056390487385421,0.005603387805548143,0.005587747227712767,0.15534327089266725,3086350.0,0.748165308535973,0
2023-02-08,363.3158264160156,368.6525050987,363.109823397831,366.0822724119997,2193600,367.71068267822267,353.64685607910155,330.7196533203125,366.0763592084093,362.24321731019717,3.8331418982121477,5.295897147340392,-1.4627552491282447,53.0623877406461,367.71068267822267,375.2435500566265,360.17781529981886,0.04097170810234899,-0.01255767100580718,-0.012637184930804917,0.16222209274165156,3021735.0,0.7259405606381764,1
2023-02-09,363.3843688964844,367.4555390771756,362.2365783462294,366.20964190877237,2287600,367.34574737548826,354.1645983886719,330.8055191040039,365.66220685272856,362.3277470573296,3.3344597953989705,4.903609676952108,-1.5691498815531375,40.57250785223977,367.34574737548826,374.97881603588496,359.71267871509156,0.041557953045224395,0.0001886581191490322,0.00018864032544398788,0.14681511177495477,2967605.0,0.7708573074920685,0
2023-02-10,359.8626403808594,363.2176961486354,356.02693089386497,362.6192964887328,2270700,366.7090728759766,354.6405047607422,330.9249858093262,364.7699658570564,362.14514656277623,2.624819294280144,4.4478516004177155,-1.8230323061375717,31.871376211132088,366.7090728759766,374.617443283722,358.8007024682311,0.043131577551232904,-0.00969146946611843,-0.009738737401421095,0.14807194128551826,2916580.0,0.7785488483086355,1
2023-02-13,363.78662109375,364.0907606465334,360.09805707369054,361.5597471539245,2286400,366.47902526855466,354.93495361328127,330.9788372802734,364.61868204731695,362.2667372687743,2.351944778542645,4.028670236042702,-1.6767254575000567,36.863000331209555,366.47902526855466,374.4492455628151,358.5088049742942,0.043496188020146064,0.010904106935740066,0.010845085822446587,0.1499399114381119,2817850.0,0.811398761467076,0
2023-02-14,362.9332275390625,366.31771260303475,360.7456017752891,362.56044020587734,1841400,366.23181304931643,355.1261456298828,330.9441636657715,364.35938135373937,362.3161069184253,2.0432744353140606,3.6315910758969734,-1.5883166405829128,31.408638652834696,366.23181304931643,374.3251593180856,358.1384667805473,0.044197942288969366,-0.0023458629460361147,-0.0023486187932537463,0.15004660473268153,2769195.0,0.6649585890484419,0
2023-02-15,362.6192626953125,362.77619739237485,358.07719773928227,359.3230652360868,2203300,366.2671295166016,355.32555419921874,330.98334274291994,364.09167079090446,362.3385629018984,1.7531078890060598,3.255894438518791,-1.5027865495127313,36.713043686347625,366.2671295166016,374.2869544105673,358.24730462263585,0.04379221747007588,-0.000865076052360636,-0.0008654504465840439,0.13834472616810387,2742005.0,0.8035360985847947,0
2023-02-16,360.5690002441406,365.9939660921208,357.96933847936685,357.96933847936685,2792700,366.2480041503906,355.5617205810547,331.03345718383787,363.5497214760177,362.2074841865089,1.3422372895087733,2.873163008716788,-1.5309257192080148,38.20946313101125,366.2480041503906,374.32283944261053,358.1731688581707,0.04409490400337683,-0.005654036236057869,-0.005670080805235721,0.1395504021769626,2726080.0,1.0244380208944712,0
2023-02-17,354.2708740234375,359.73508728843126,352.9661186430643,357.14521581751836,2718900,365.50489044189453,355.83960388183596,331.0581831359863,362.122206483313,361.6195871373925,0.5026193459204933,2.3990542761575293,-1.896434930237036,33.88162946946174,365.50489044189453,375.06134115924493,355.94843972454413,0.0522917803140564,-0.017467187185916333,-0.017621538530154114,0.12498332228885307,2668855.0,1.0187514870609307,0
2023-02-21,349.1990966796875,354.8987425608965,348.44373238459247,349.98391991284973,2730900,364.39586334228517,356.01820495605466,331.0051692199707,360.13403574429367,360.6995508071921,-0.5655150628984416,1.8061404083463353,-2.371655471244777,29.46101480989445,364.39586334228517,376.0086034902435,352.78312319432683,0.06373694828171103,-0.01431610023751051,-0.014419564255149831,0.12836260494853372,2668205.0,1.02349707012767,0
2023-02-22,348.22784423828125,350.94522119824285,346.50126338802835,348.6104211679071,2109300,363.16764068603516,356.1039245605469,331.02125717163085,358.3023139741379,359.77572069097647,-1.4734067168385536,1.1502309833093576,-2.623637700147911,21.17607424083603,363.16764068603516,376.1558852082009,350.1793961638694,0.07152754302465139,-0.0027813715746726198,-0.002785246775841693,0.12580662281226146,2635860.0,0.8002321822858574,1
2023-02-23,348.77728271484375,350.945298964307,344.9807918822087,350.945298964307,1975500,361.8501480102539,356.2464697265625,331.0706028747559,356.83692454963114,358.9610215816333,-2.124097032002169,0.49536538024705234,-2.619462412249221,20.45626296201597,361.8501480102539,375.0740178534608,348.626278167047,0.07309031053834013,0.0015778131635750814,0.0015765697241570643,0.12209157997733176,2559540.0,0.7718183736140087,0
2023-02-24,346.4130554199219,347.27634604196203,342.95010322329244,344.1567521524549,2016100,360.6670547485352,356.15877624511717,331.20151489257813,355.2332523758297,358.03154260669174,-2.798290230862051,-0.16336574197476833,-2.6349244888872825,19.63152939294686,360.6670547485352,374.98155776596195,346.3525517311084,0.07937793501769742,-0.006778616074186394,-0.006801695247828088,0.11713389389990896,2474425.0,0.8147751497822726,1
2023-02-27,348.7281494140625,351.2297036409882,348.080681628025,348.8851140232175,2200800,359.7571685791016,356.1373638916016,331.3569874572754,354.23246730478854,357.34240237020066,-3.1099350654121167,-0.7526796066622381,-2.3572554587498784,25.46938155772895,359.7571685791016,374.6963824972926,344.8179546609106,0.0830516538541538,0.006683044873508681,0.0066608123282138046,0.12049080761976906,2414185.0,0.9116119932813765,0
2023-02-28,348.5418395996094,351.0041457816885,346.5307581281738,348.0709456589438,2732900,358.98070373535154,356.1051727294922,331.5088922119141,353.35698611937636,356.69050883163834,-3.3335227122619813,-1.2688482277821869,-2.064674484479794,20.71084892616831,358.98070373535154,374.5757155315512,343.38569193915185,0.086884958628287,-0.0005342551634164305,-0.0005343979285571893,0.1190257454009295,2416400.0,1.1309799702036087,0
2023-03-01,346.7857971191406,348.5614164858751,342.7538747816877,347.2763003682483,1968100,358.141943359375,356.2584259033203,331.6746194458008,352.3460339654939,355.95682648256445,-3.6107925170705357,-1.7372370856398567,-1.873555431430679,22.672344204068466,358.141943359375,374.4861815395835,341.7977051791664,0.09127240460527708,-0.005038254467486625,-0.005050989263629217,0.11942162086971764,2357935.0,0.834671015104318,1
2023-03-02,348.8164978027344,349.84654268035257,345.0101876899523,346.91334274634335,2526000,357.23402404785156,356.4603240966797,331.7940673828125,351.80302840199244,355.4279132470215,-3.624884845029044,-2.114766637517694,-1.5101182075113497,27.38350629562528,357.23402404785156,373.52960835379037,340.93843974191276,0.09123198356803777,0.005855778121432342,0.00583869969195775,0.11541192556756621,2336640.0,1.0810394412489728,1
2023-03-03,354.6338195800781,354.8202131942564,350.30757769057334,351.3180131020944,2174900,356.57478485107424,356.8682830810547,331.95758850097656,352.23853473708255,355.36909149391454,-3.130556756831993,-2.317924661380554,-0.812632095451439,42.42241441836686,356.57478485107424,372.1167798241857,341.0327898779628,0.08717383075532203,0.01667731260989158,0.016539773315951124,0.13326117660830042,2307305.0,0.9426148688621574,1
2023-03-06,359.9607238769531,361.53034033438433,354.3984335396974,354.94779480910677,2789400,356.23241119384767,357.34967651367185,332.1031744384766,353.4265638355241,355.7092124111767,-2.2826485756525585,-2.310869444234955,0.028220868582396363,44.67216702690711,356.23241119384767,371.11282644554683,341.3519959421485,0.08354329804988926,0.01502085814371168,0.014909162177886893,0.1458947882663092,2309795.0,1.2076396390155837,0
2023-03-07,353.103515625,362.13857796762943,352.7209086833586,360.19620407297384,1660800,355.5932846069336,357.64025390625,332.2289242553711,353.3768641108281,355.5161978344229,-2.1393337235948024,-2.2765623001069244,0.13722857651212195,38.27244910293884,355.5932846069336,369.8111735693875,341.3753956444797,0.07996713986412939,-0.019049879048185114,-0.01923366581461375,0.15949235299424303,2289420.0,0.7254239064916005,0
2023-03-08,352.2108154296875,354.83011635102537,350.494053796683,351.79877946506974,1634400,354.8070129394531,357.9946606445312,332.3681753540039,353.19747200603723,355.2713546933314,-2.0738826872941445,-2.2360263775443685,0.16214369025022402,37.75112661306426,354.8070129394531,367.8408362390902,341.773189639816,0.07346993054988625,-0.0025281543677989626,-0.002531355546573639,0.1571288426007987,2255685.0,0.7245692550156604,0
2023-03-09,347.7079162597656,357.1059445463433,347.1879840571356,352.42655472267353,2414700,354.0266174316406,358.21826599121096,332.4655801391602,352.3529249681493,354.7110999945487,-2.358175026399408,-2.2604561073153766,-0.09771891908403152,35.69082856510349,354.0266174316406,366.78138566692866,341.27184919635255,0.07205541960556616,-0.012784670352693372,-0.012867097540611204,0.15733048651928752,2266740.0,1.0652743587707456,0
2023-03-10,340.51715087890625,346.3443318674128,338.6728838120092,345.71650327692373,3176400,352.88325653076174,358.2479089355469,332.46723022460935,350.53203664672725,353.6596963563529,-3.127659709625675,-2.4338968277774367,-0.6937628818482384,34.99571193812406,352.88325653076174,366.1936578973546,339.57285516416886,0.07543798760785117,-0.020680476470622877,-0.020897312245210447,0.17014058033404797,2311180.0,1.374362879568013,0
2023-03-13,338.162841796875,343.2150207717878,333.74831124711505,337.1033676376312,3308200,351.7982666015625,358.31293212890625,332.49489318847657,348.62908359290384,352.511781203799,-3.88269761089515,-2.7236569844009795,-1.1590406264941704,37.201425823082985,351.7982666015625,366.20569870882355,337.39083449430143,0.08190735131494288,-0.00691392217970388,-0.006937934081274171,0.16901477557131478,2363055.0,1.3999674150622816,1
2023-03-14,346.1187438964844,349.3462339441926,341.939646344032,344.33330476076634,3413300,350.91487274169924,358.4144525146484,332.54246704101564,348.2428774857624,352.0382228847386,-3.795345398976224,-2.9379946673160284,-0.8573507316601954,47.89510200277644,350.91487274169924,364.36188857296185,337.46785691043664,0.07663976010022612,0.02352683712182735,0.023254346705417577,0.1877397885023445,2419400.0,1.4108043316524759,0
2023-03-15,341.46875,341.78267928409326,337.1131084194694,339.47730788207144,3082600,349.8416488647461,358.4323742675781,332.5417478942871,347.20070402641437,351.25529896735054,-4.05459494093617,-3.1613147220400566,-0.8932802188961131,43.25785822150202,349.8416488647461,362.66151673625706,337.02178099323515,0.07328954635968629,-0.013434678064921823,-0.013525739862599357,0.19176494901868701,2481460.0,1.2422525448727766,0
2023-03-16,341.3902282714844,342.06712508464403,333.8168576421971,340.03643464516506,3768100,348.7801971435547,358.4669427490234,332.502119140625,346.3067846795021,350.524552989879,-4.2177683103769255,-3.3726054397074305,-0.8451628706694949,45.16242049449193,348.7801971435547,360.6237679765952,336.93662631051416,0.06791423899657828,-0.00022995289763882987,-0.00022997934086027073,0.19187082260356722,2559700.0,1.472086572645232,1
2023-03-17,343.0186767578125,345.2553699915047,340.27184107251185,343.59746689965203,8426800,347.9026809692383,358.3705169677734,332.4701933288574,345.80092192231905,349.9685621578741,-4.167640235555041,-3.5316123988769528,-0.636027836678088,44.42739360434638,347.9026809692383,358.61521031579616,337.19015162268045,0.06158348258032001,0.0047700500819054525,0.004758709442326931,0.19347809495866683,2841405.0,2.9657159046316877,0
2023-03-20,342.6852111816406,347.11934995758315,340.7428074579339,341.39027536583615,3864200,347.3233978271484,358.33363037109376,332.4405545043945,345.3215818083685,349.42905467815314,-4.107472869784658,-3.6467844930584943,-0.4606883767261638,44.30013864286809,347.3233978271484,357.83713403309235,336.8096616212045,0.060541479622264166,-0.0009721499112635978,-0.00097262275546372,0.18514505020440666,2898670.0,1.3330941431760084,1
2023-03-21,347.8355407714844,349.4345864272406,344.16655548259996,347.6393274630925,3766800,347.2552200317383,358.07660705566406,332.40727935791017,345.70834472577087,349.3110166109925,-3.602671885221639,-3.6379619714911238,0.03529008626948471,50.9583292007627,347.2552200317383,357.7353733327777,336.7750667306989,0.06035994678543096,0.015029331356566145,0.014917509964457233,0.1876912230758167,2950465.0,1.2766801165240056,0
2023-03-22,344.3627014160156,353.1623306864712,344.3627014160156,347.8746914207034,2596400,347.061962890625,357.68538146972656,332.38231781005857,345.5013226781162,348.9444747446979,-3.4431520665817175,-3.5989999905092427,0.15584792392752522,46.03836602889776,347.061962890625,357.6089341436379,336.5149916376121,0.060778606593294204,-0.009984141780814415,-0.010034317578576929,0.1907574395423997,2974820.0,0.8727923033998696,1
2023-03-23,347.6392822265625,353.0249985422958,345.15733688190096,345.7165177939016,2598100,347.00506286621095,357.3589025878906,332.3624136352539,345.8302395317233,348.8477938174286,-3.01755428570533,-3.4827108495484604,0.4651565638431303,43.483860402675404,347.00506286621095,357.5253148710688,336.4848108613531,0.060634573559026066,0.009514912030465617,0.009469930360976715,0.19395207196439682,3005950.0,0.8643191004507726,0
2023-03-24,344.9513244628906,345.7263279896762,339.7323626360888,343.79374396431257,2971500,346.9319763183594,356.844267578125,332.310128326416,345.69502182882593,348.5591664578332,-2.864144629007285,-3.3589976054402255,0.49485297643294057,35.2941070939485,346.9319763183594,357.48978830669967,336.3741643300191,0.06086387366410986,-0.007732031163037778,-0.007762078299800081,0.19441695950710305,3053720.0,0.9730754620593899,1
2023-03-27,347.8845520019531,351.09246271012006,347.55101335405396,348.81652023721927,2420300,346.8897964477539,356.3500360107422,332.2807595825195,346.03187262469163,348.5091950166569,-2.477322391965288,-3.1826625627452385,0.7053401707799507,44.46063280585476,346.8897964477539,357.42410831770866,336.35548457779913,0.06073578397421307,0.008503308528035713,0.00846735904932195,0.19536929943349193,3064695.0,0.789736009619228,0
2023-03-28,347.60003662109375,349.14022408496936,346.0990978017219,348.80668545154714,1695900,346.84270629882815,355.9342852783203,332.31504135131837,346.2731286241381,348.4418499503189,-2.168721326180787,-2.9798743154323484,0.8111529892515614,45.04214729370009,346.84270629882815,357.3543193866137,336.33109321104257,0.06061314190490211,-0.000817844250979527,-0.0008181788680444919,0.19538123063475282,3012845.0,0.5628898931076773,1
2023-03-29,352.7012634277344,353.1917666745083,349.06173771929576,350.592105454195,2327000,347.1384796142578,355.6307611083984,332.44439392089845,347.262072440076,348.75736205975704,-1.4952896196810457,-2.682957376282088,1.1876677566010425,55.30100887054448,347.1384796142578,357.9713376422083,336.30562158630727,0.062412314762616085,0.014675564640982186,0.014568920649957495,0.2011693079943608,3030790.0,0.7677866166906978,0
2023-03-30,352.4364318847656,355.7031706083968,351.43578601749795,354.0943353923515,2480500,347.31947631835936,355.44123107910156,332.6456968688965,348.058127739259,349.02988575049847,-0.9717580112394444,-2.34071750327356,1.3689594920341155,64.8352541590035,347.31947631835936,358.38876735339517,336.25018528332356,0.06374126295692954,-0.0007508664425950329,-0.0007511484839947932,0.2003857801122846,3028515.0,0.819048279437282,1
2023-03-31,356.507568359375,356.74300033434776,353.5351199235764,354.27087478330816,3376600,347.41316375732424,355.3523522949219,332.85563903808594,349.35804168081535,349.5837881659708,-0.2257464851554687,-1.9177232996499418,1.6919768144944731,71.89684238440702,347.41316375732424,358.77106933117636,336.0552581834721,0.06538557981519588,0.011551406456017377,0.011485198337251937,0.1956997143527846,3088600.0,1.093246130933109,1
2023-04-03,359.509521484375,359.69591514978634,354.8791687280556,355.72282010796107,2978000,347.39060363769534,355.1598797607422,333.06472564697265,350.9198078044399,350.3190276710378,0.600780133402111,-1.4140226130395313,2.0148027464416423,68.12747720168852,347.39060363769534,358.64488952531866,336.136317750072,0.06479326596502176,0.008420447113689056,0.008385192914720683,0.19046299731034505,3098030.0,0.9612560239894384,0
2023-04-04,356.98828125,362.10913669148647,356.47816861638336,359.8331942868382,2198700,347.5848419189453,354.8720526123047,333.3422912597656,351.8534191037569,350.8130464546647,1.0403726490922054,-0.923143560613184,1.9635162097053893,72.2941574633592,347.5848419189453,359.37559207113253,335.7940917667581,0.06784386849031099,-0.007012999889307703,-0.0070377065526771145,0.1789340775386596,3124925.0,0.7036008864212742,1
2023-04-05,357.4402770996094,358.75688462339446,355.2983048738336,357.13569035824406,2239600,347.84631500244143,354.56501220703126,333.6127928161621,352.71293571850345,351.3039524283643,1.4089832901391333,-0.4567181904627206,1.865701480601854,72.81148884859945,347.84631500244143,360.2832388620749,335.409391142808,0.07150815359102575,0.0012661363785575475,0.0012653355038327978,0.17855868186885487,3155185.0,0.7098157477295309,0
2023-04-06,355.1607666015625,355.72082480156354,349.75676568942066,354.90529514508916,2357600,348.2189575195313,354.16568481445313,333.839140625,353.0895250851279,351.5896423671197,1.4998827180081662,-0.06539800876854329,1.5652807267767095,66.94364383393635,348.2189575195313,361.07787542237276,335.3600396166898,0.07385535810249641,-0.0063773185174977876,-0.006397740484460087,0.17347063631035647,3152330.0,0.747891242350896,0
2023-04-10,353.8539123535156,354.63010162512927,351.3385685604285,353.43139504584707,1559100,348.8857955932617,353.8412646484375,334.06505630493166,353.2071231264183,351.7573660698157,1.449757056602607,0.2376330043056868,1.2121240522969203,65.1731343283582,348.8857955932617,361.4427172397569,336.3288739467665,0.07198299159839867,-0.0036796132088344757,-0.003686399638256127,0.15460774838195537,3071465.0,0.5076079330221898,1
2023-04-11,357.7743225097656,358.8158184131585,354.85616097311276,357.0767235521899,3033800,349.8663696289062,353.6582336425781,334.3075959777832,353.90976918539485,352.203066546849,1.7067026385458348,0.5314469311537164,1.1752557073921184,63.96905545003938,349.8663696289062,361.95164557428217,337.7810936835303,0.06908509645093619,0.011079177082358616,0.01101825258246859,0.15409006326214514,3057745.0,0.9921690657657849,0
2023-04-12,355.4653015136719,362.16626886401946,354.7283924058306,359.6902350713316,2268800,350.3336975097656,353.4861169433594,334.47151611328127,354.14908185128365,352.44471358142846,1.7043682698551947,0.7660311988940122,0.9383370709611826,66.13259403917479,350.3336975097656,362.53112115805965,338.1362738614716,0.0696331739424183,-0.0064538477213683665,-0.006474763838095889,0.13652500163692982,3000520.0,0.7561356031621186,1
2023-04-13,363.19793701171875,363.2961975584121,357.04722258951455,357.469709956896,2611700,351.42015686035154,353.47885559082033,334.68225173950196,355.54121341442755,353.2412486503389,2.2999647640886565,1.072817911932941,1.2271468521557154,70.01549963959805,351.42015686035154,364.15208868192815,338.68822503877493,0.07245988354979914,0.021753559250703658,0.02152032694108925,0.14291007074609696,2976975.0,0.8772999437348314,1
2023-04-14,365.9294738769531,366.87273930206146,362.66741508117667,363.5418951135328,2254600,352.647119140625,353.4579473876953,334.95809829711914,357.1394073317392,354.18111718564364,2.958290146095578,1.4499123587654688,1.5083777873301094,76.9572064758911,352.647119140625,366.02264275351615,339.2715955277339,0.07585783570548538,0.007520793999295838,0.007492653830971944,0.14314294044092887,2901300.0,0.7770999207251922,1
2023-04-17,366.2536926269531,367.5703000794736,361.95997332632857,366.84319597516316,2432700,353.80886993408205,353.42664916992186,335.2145745849609,358.5416050694644,355.07538203314806,3.4662230363163644,1.853174494275648,1.6130485420407163,75.30108935245823,353.80886993408205,367.68983488471304,339.92790498345107,0.07846589574318551,0.0008860143091644623,0.0008856220301792029,0.14335513540480468,2601595.0,0.9350802104093835,0
2023-04-18,365.82135009765625,367.4229040704917,363.5025271106629,367.4229040704917,2087800,354.96567687988284,353.4069122314453,335.50359786987303,359.6615658430324,355.8713796675561,3.7901861754763218,2.240576830515783,1.5496093449605386,74.9956880600289,354.96567687988284,368.79954449188597,341.1318092678797,0.07794481840386155,-0.0011804455163193506,-0.00118114279091164,0.14343975210791954,2512775.0,0.830874232671051,1
2023-04-19,366.2929992675781,367.6194418665003,364.68164002478403,366.47968533627375,1795300,355.8885498046875,353.41505126953126,335.78150634765626,360.6817863698856,356.64335148977995,4.038434880105626,2.600148440433752,1.4382864396718742,71.3576673418654,355.8885498046875,370.1748774245839,341.6022221847911,0.08028540186379558,0.0012892882544881523,0.0012884578360757406,0.1366840697193772,2414200.0,0.7436417860989147,1
2023-04-20,368.45458984375,368.6412759013971,363.2372752503554,364.96656505386034,2124800,357.09314422607423,353.4254180908203,336.06524307250976,361.87760228894166,357.5182580345185,4.359344254423149,2.9519876032316317,1.4073566511915176,73.75446796686124,357.09314422607423,371.35025858593576,342.8360298662127,0.07985095536214165,0.005901260959106702,0.005883916720454289,0.1286446261322139,2390620.0,0.8888070877010985,1
2023-04-21,368.69036865234375,370.84214572431114,366.74494772721283,369.1620012930864,3537800,358.1456985473633,353.53290893554686,336.34571655273436,362.9257201910035,358.34582178398705,4.579898407016458,3.277569763988597,1.3023286430278609,70.38570897488796,358.1456985473633,372.571354913607,343.72004218111954,0.08055747381445102,0.0006399128009064725,0.0006397081440138133,0.1269114208757672,2437605.0,1.4513426088312094,0
2023-04-24,368.1893310546875,371.048542407679,367.09868982410325,368.60198342362327,1886300,359.30759887695314,353.62900817871093,336.60222106933594,363.7355064777241,359.07497061885374,4.6605358588703325,3.554162982964944,1.1063728759053886,65.85074154407913,359.30759887695314,372.9824372116365,345.63276054226975,0.0761177240750002,-0.0013589657887936868,-0.0013598900202287376,0.12168959276540466,2383345.0,0.7914506712204905,0
2023-04-25,362.09747314453125,368.04186111741154,361.8911469960017,366.98072522578065,2245000,360.018244934082,353.6737048339844,336.8332043457031,363.4835013495406,359.29885969482984,4.184641654710731,3.6802587173141017,0.5043829373966293,58.25382770779267,360.018244934082,372.62945764490667,347.4070322232574,0.07005874223476485,-0.01654544930105928,-0.01668385401650935,0.13875136447832687,2374580.0,0.9454303497881731,0
2023-04-26,360.3583984375,365.7230884905179,359.70007975683393,363.18813428499794,2594200,360.65616302490236,353.6051403808594,337.0499674987793,363.00271628614973,359.3773440461388,3.625372240010961,3.6692814218534737,-0.0439091818425128,54.525970811059494,360.65616302490236,371.8314908836806,349.4808351661241,0.06197219958781971,-0.0048027805660414424,-0.004814350978256891,0.14054945313449194,2419495.0,1.0722072167952403,1
2023-04-27,367.1478576660156,368.43499010881845,354.6989906993545,360.18158240378267,3859900,361.3784927368164,353.68943298339843,337.3071807861328,363.64043034459064,359.9529376476111,3.6874926969795183,3.672923676878683,0.014569020100835495,66.31009159226369,361.3784927368164,372.2523555862686,350.50462988736416,0.06017991146679228,0.018840851935058245,0.018665561410206345,0.14625605785213422,2496140.0,1.5463475606336183,1
2023-04-28,373.39678955078125,375.2636201257153,365.02551213865104,366.0276978195328,3107300,362.4265106201172,353.9049835205078,337.5931454467773,365.14140868400455,360.94877852932746,4.19263015467709,3.7768649724383647,0.4157651822387254,73.43858316075963,362.4265106201172,373.7044016079025,351.1486196323319,0.062235463782650366,0.017020205223286622,0.016876984345258576,0.15508074750377082,2527480.0,1.229406365233355,0
2023-05-01,373.2297058105469,375.78433001562775,372.3454208893403,373.8487142508639,1745100,363.26261749267576,354.15819763183595,337.8701582336426,366.385762088088,361.85847684645483,4.5272852416331375,3.9269490262773195,0.600336215355818,70.37022139918622,363.26261749267576,375.15556165623684,351.3696733291147,0.06547849181756707,-0.0004474696754500629,-0.0004475698198807981,0.15206095569489125,2445905.0,0.713478242204828,0
2023-05-02,369.46661376953125,372.2275644544356,364.46546035846114,371.17623348597283,2478700,363.7604721069336,354.4621124267578,338.0914910888672,366.8597392698485,362.4220425444605,4.43769672538798,4.029098566099452,0.4085981592885277,67.77254305859967,363.7604721069336,375.82430871396514,351.6966354999021,0.06632846354721665,-0.010082509463825495,-0.010133682219466332,0.15636775337217054,2420940.0,1.0238585012433188,0
2023-05-03,368.3563232421875,372.92515408426146,367.79626507844074,370.0954480680421,1970900,364.328874206543,354.84525695800784,338.31489990234377,367.0899829579007,362.8616188924403,4.2283640654604255,4.068951665971647,0.1594123994887786,57.87108611023152,364.328874206543,376.1173109111087,352.5404375019773,0.06471316186640026,-0.0030051173393337294,-0.0030096417710176325,0.1541346398171458,2409550.0,0.8179535597933224,1
2023-05-04,369.5550231933594,370.27229223112977,365.6445111399394,367.96330421835825,2814900,364.93461151123046,355.27180053710936,338.4984901428223,367.46921991720205,363.3574266184343,4.111793298767736,4.077519992530865,0.03427330623687119,55.80364470568004,364.93461151123046,376.4750748713372,353.3941481511237,0.06324674610783854,0.003254185894302486,0.003248902490401175,0.1542367819417697,2438315.0,1.1544447702614304,1
2023-05-05,377.9459533691406,378.42739106609207,371.6379981034844,373.9273458963496,2683100,366.07387084960936,355.8551739501953,338.71968399047853,369.0810250636542,364.43805822959774,4.642966834056438,4.19060936083598,0.4523574732204576,64.87496136948477,366.07387084960936,378.0424669068521,354.10527479236663,0.06538896660100431,0.02270549620263429,0.022451563023499235,0.1679439033668021,2454590.0,1.0930949771652292,1
2023-05-08,378.7811584472656,380.6971043489844,377.0715087379162,377.3073400682919,1719600,367.3202331542969,356.5025360107422,338.91742965698245,370.57335327651754,365.50051009757317,5.0728431789443675,4.367056124457657,0.7057870544867102,66.32025228989357,367.3202331542969,379.1212503055007,355.51921600309305,0.06425465349330044,0.002209853209644619,0.002207415075325803,0.16605005448511606,2462615.0,0.6982821106831559,0
2023-05-09,376.2560119628906,379.42964502437286,376.0202106156292,377.17960721954705,2036400,368.24431762695315,357.05309326171874,339.1174125671387,371.4476084590365,366.2972139394485,5.150394519587962,4.523723803483719,0.6266707161042433,61.929414791147174,368.24431762695315,379.78964357293404,356.69899168097226,0.06270470659469504,-0.006666504993876443,-0.006688825392967347,0.1671959492060828,2412745.0,0.8440179132067417,0
2023-05-10,375.8630065917969,380.00935027142344,371.05834415915143,379.2527709602792,1940800,369.2642028808594,357.5995166015625,339.31381698608396,372.12690047946114,367.0057911729558,5.121109306505332,4.643200904088042,0.47790840241728993,59.26293080093622,369.2642028808594,379.5964413227136,358.9319644390052,0.05596122430089888,-0.001044515857815731,-0.0010450617446624295,0.16440128257070302,2396345.0,0.8099000769922527,1
2023-05-11,376.6981506347656,378.98746855970205,372.6402327390827,375.53872410392023,1901200,369.93921356201173,358.197763671875,339.5287225341797,372.8301697341234,367.7237437256825,5.106426008440906,4.735845924958615,0.37058008348229077,59.86448313896267,369.93921356201173,380.3662853870474,359.51214173697605,0.05637181159919304,0.0022219373237648554,0.0022194724715190327,0.14845067170300202,2360820.0,0.8053134080531341,0
2023-05-12,375.25384521484375,378.29971272059385,372.18827762097317,377.7789647291353,2044000,370.4054321289062,358.7265106201172,339.7266775512695,373.20304288500347,368.28152902117586,4.921513863827613,4.772979512732414,0.14853435109519886,58.50485844952856,370.4054321289062,380.91115267316883,359.8997115846436,0.05672552091842144,-0.0038341186902247637,-0.0038414877652596154,0.14818727031710763,2350290.0,0.8696799118406665,1
2023-05-15,376.7178039550781,376.9634403497711,373.88806789062954,375.20467536799435,1957400,370.9286376953125,359.1681903076172,339.8870690917969,373.74377535732265,368.906438275539,4.83733708178363,4.785851026542657,0.05148605524097327,69.80842335238873,370.9286376953125,381.60465603074255,360.25261935988243,0.057563731944577076,0.003901249138156704,0.0038936590000131907,0.14846179777921553,2326525.0,0.8413406260409839,0
2023-05-16,373.60308837890625,376.9044568250271,370.734072333078,375.92191133277464,2762700,371.317724609375,359.44103759765625,340.0253353881836,373.72213120679703,369.25433828319586,4.467792923601166,4.722239405954359,-0.25444648235319267,67.2997660954847,371.317724609375,381.77498623077577,360.8604629879742,0.056325141130291016,-0.008268033906205563,-0.008302403676602132,0.1522121882440287,2360270.0,1.1705016798925547,1
2023-05-17,380.2451171875,380.7560300646056,372.5124887234173,375.52891067371195,3260300,372.0153305053711,359.98386962890623,340.2127020263672,374.72566751152056,370.06847005388505,4.657197457635505,4.709231016290588,-0.052033558655083745,67.17333839124724,372.0153305053711,382.91342707213977,361.1172339386024,0.05858950249154499,0.0177783027367735,0.017622117139092775,0.16333611042958368,2433520.0,1.3397465399914528,1
2023-05-18,385.177490234375,385.177490234375,379.0758908514913,380.35318805434787,3729500,372.85147552490236,360.643203125,340.43221069335937,376.33364023811356,371.1876567339213,5.145983504192259,4.7965815138709225,0.34940199032133634,65.99943964866966,372.85147552490236,385.08371267018197,360.61923837962274,0.06561452990394634,0.01297156182663839,0.01288815165100373,0.16749645708772531,2513755.0,1.4836370290660785,0
2023-05-19,378.840087890625,385.35436956401225,378.4176005083315,385.1578484636892,3369100,373.3589614868164,361.2658465576172,340.5949998474121,376.71924756926916,371.75450348626975,4.9647440829994025,4.830214027696619,0.1345300553027835,56.5257795999503,373.3589614868164,385.7059538683297,361.0119691053031,0.0661400617376063,-0.016453200159473935,-0.01659005729224409,0.18021534013663,2505320.0,1.3447783117525904,0
2023-05-22,377.81829833984375,380.60872454086706,377.47440134647877,378.2702609678837,1808800,373.84040985107424,362.0118695068359,340.7431950378418,376.8883323032037,372.2036734754234,4.684658827780311,4.8011029877133575,-0.1164441599330468,60.37605365088705,373.84040985107424,386.0891804011379,361.59163930101056,0.06552940895256984,-0.0026971526600327866,-0.002700796529792002,0.1805512910411753,2501445.0,0.7231020470168242,0
2023-05-23,367.22637939453125,375.3618549078753,363.9741561992212,374.86074710938345,3979000,374.0968551635742,362.59314025878905,340.8313900756836,375.4018780095618,371.8349850249869,3.5668929845749062,4.554260987085668,-0.9873680025107614,48.86384418715118,374.0968551635742,385.49572267300744,362.697987654141,0.06094072886257785,-0.028034425521087813,-0.02843489235166715,0.19929027027645696,2588145.0,1.5373945431959957,0
2023-05-24,362.06805419921875,363.1586654242659,359.1990078491092,362.9228640750475,2655700,374.18233795166014,362.91212646484377,340.91995071411134,373.35052050027826,371.1115086675226,2.2390118327556365,4.091211156219662,-1.852199323464025,43.027107346501886,374.18233795166014,385.16546444209604,363.19921146122425,0.05870467617771302,-0.014046717460268865,-0.01414630629335452,0.2053334654633272,2591220.0,1.0248840314600844,1
2023-05-25,363.5812072753906,364.51460766876716,358.5407432024492,361.4883802055809,3752200,374.0040054321289,363.35437561035155,341.0435543823242,371.84754923491096,370.55370856440175,1.293840670509212,3.531737059077572,-2.23789638856836,34.65582662893951,374.0040054321289,385.5684889882963,362.43952187596153,0.061841495749788165,0.004179195205493924,0.00417048662402112,0.19407672595669878,2585835.0,1.4510593289981766,1
2023-05-26,367.8355712890625,369.1227035556368,363.59096733361054,364.52439759635246,2691300,373.72594451904297,363.88328247070314,341.15498764038085,371.23032185862655,370.35236506252477,0.8779567961017847,3.0009810064824145,-2.12302421038063,39.10401802341513,373.72594451904297,385.61478573429645,361.8371033037895,0.06362331216021685,0.01170127588703851,0.011633345360708917,0.1885789351236226,2565035.0,1.049225449165411,0
2023-05-30,361.0854797363281,370.0561251597441,359.80818255027236,369.7122282296799,3430100,373.11873321533204,364.24461853027344,341.2463604736328,369.6695769167345,369.6659291124362,0.003647804298338997,2.4015143660455998,-2.3978665617472608,36.069959009181176,373.11873321533204,386.28605781724207,359.951408613422,0.07057980974817996,-0.018350839558770815,-0.018521304890401828,0.19871820086406636,2649285.0,1.2947266904089216,0
2023-05-31,358.6487731933594,359.3169269695413,351.6039382474886,358.62913307652593,10695300,372.5778411865234,364.5638897705078,341.307508392334,367.97406865159985,368.84984348880084,-0.8757748372009928,1.7460565253962812,-2.6218313625972742,34.76516121365333,372.5778411865234,387.186692572777,357.9689898002698,0.07842039848494363,-0.006748281721957072,-0.006771154333684296,0.1971720552951768,3060115.0,3.49506472795957,1
2023-06-01,364.4065246582031,364.6128508428059,359.66081251794947,360.75145374924693,3389700,372.3803512573242,364.8953094482422,341.3696745300293,367.4252157295388,368.5207087606084,-1.0954930310695659,1.1777466141031119,-2.2732396451726777,39.99361017284333,372.3803512573242,387.33225459703846,357.42844791760996,0.08030446982086929,0.01605401132026052,0.01592650849159556,0.20651388979093901,3131055.0,1.0826063419518341,1
2023-06-02,367.2067565917969,369.2602731785438,365.654317842257,368.05173136604714,2501500,372.26293792724607,365.3521905517578,341.4492642211914,367.3916066314247,368.42337897032604,-1.0317723389013622,0.7358428235022171,-1.7676151624035792,43.59051144746853,372.26293792724607,387.3445761135921,357.18129974090004,0.0810268047113169,0.007684362776490428,0.007654988446883204,0.2081623450647047,3115385.0,0.802950518154257,0
2023-06-05,364.05279541015625,366.29299824332685,362.09753920497377,366.24388295587613,2316200,371.5682800292969,365.6804608154297,341.53225006103514,366.87794336661415,368.0996320399431,-1.2216886733289698,0.3443365241359797,-1.5660251974649495,40.17680505855236,371.5682800292969,386.8265746367536,356.30998542184017,0.08212915594546259,-0.008589060862915221,-0.008626159426797446,0.19137990523919962,3097040.0,0.7478753906956319,1
2023-06-06,373.3279724121094,373.7406547073201,365.3202327422202,366.4403489828576,2758700,371.2956207275391,366.24799377441406,341.65168701171876,367.87025552745956,368.4869165119554,-0.6166609844958657,0.15213702240961063,-0.7687980069054763,49.80522839158621,371.2956207275391,386.2020511546417,356.38919030043644,0.08029413542715141,0.025477560175038105,0.025158416452796754,0.21429792706410286,3148995.0,0.8760572817676751,0
2023-06-07,364.90765380859375,373.8586305439703,361.832281038333,372.66975866915976,3714500,370.7282028198242,366.58845581054686,341.744080657959,367.41447064763406,368.22178594133607,-0.807315293702004,-0.0397534408127123,-0.7675618528892918,39.40835061453644,370.7282028198242,385.70340549400396,355.7530001456445,0.08078804126729881,-0.022554748708250028,-0.022812997599869392,0.2272553195684892,3232900.0,1.1489684184478333,0
2023-06-08,361.1739196777344,363.3158618073481,359.46429999436157,362.9130145285822,2594700,369.9937484741211,366.8599334716797,341.8606837463379,366.4543858830341,367.69972177366185,-1.2453358906277572,-0.2808699307757213,-0.9644659598520359,33.144726031536365,369.9937484741211,385.34472275998326,354.64277418825895,0.08297964140837834,-0.010231997306413998,-0.010284704029126353,0.229377349249348,3265595.0,0.794556581572424,1
2023-06-09,362.77545166015625,365.6149925704454,361.3409436221712,363.9937984881784,2201800,369.2976135253906,367.0614172363281,342.0078825378418,365.8883960025914,367.3349610245133,-1.4465650219219128,-0.5140089490049596,-0.9325560729169532,37.91570288761824,369.2976135253906,384.631179581394,353.9640474693872,0.08304178253212116,0.0044342403899231275,0.004424438112426139,0.23003707762361614,3280625.0,0.6711526004953324,1
2023-06-12,368.7591552734375,369.40763891229614,363.48289064921204,364.2001596705806,2407500,368.97287902832034,367.38787170410154,342.19076965332033,366.33005127502923,367.440456894804,-1.110405619774781,-0.6332882831589239,-0.477117336615857,43.65881272296157,368.97287902832034,384.04823968176674,353.8975183748739,0.0817152777903186,0.016494235169161042,0.01635968281505332,0.23878227220061177,3298800.0,0.7298108403055656,0
2023-06-13,364.897705078125,370.5964562421874,363.35510164759285,368.7591011939954,2444100,368.38187408447266,367.55567443847656,342.3300991821289,366.10969032165934,367.2521049083834,-1.142414586724044,-0.735113543871948,-0.407301042852096,48.20042016767086,368.38187408447266,383.10138003427454,353.66236813467077,0.07991438767927325,-0.010471469359043306,-0.01052668096362272,0.2405011771387692,3323135.0,0.7354802016770309,1
2023-06-14,368.2187805175781,371.4808089604005,365.52658531641987,366.4207053665768,2775400,368.11265869140624,367.7298596191406,342.5481753540039,366.43416573641605,367.3237105090645,-0.8895447726484349,-0.7659997896272455,-0.12354498302118944,54.89214783414559,368.11265869140624,382.6255879211117,353.5997294617008,0.07885047627156891,0.009101387575846998,0.00906021955017638,0.2419013665350262,3323770.0,0.8350156599283344,1
2023-06-15,372.4240417480469,372.9447896455182,364.0527351891922,366.7547352201092,2558100,367.7216049194336,368.03857482910155,342.8000387573242,367.3556851228208,367.7015128230632,-0.3458277002424097,-0.6819653717502784,0.33613767150786866,56.744555001168465,367.7216049194336,381.24587012236066,354.1973397165066,0.07355708787298562,0.011420550642630811,0.011355828463280232,0.2364816527817167,3288660.0,0.7778548101658426,0
2023-06-16,369.95782470703125,376.2166342164707,369.5942877002836,374.94914223261816,5886900,366.9606216430664,368.28892578125,343.0471002197266,367.7560142896224,367.86864703669045,-0.11263274706806214,-0.5680988468138352,0.455466099745773,51.66406320291129,366.9606216430664,377.7944200725192,356.12682321361365,0.05904610898545152,-0.006622067225950157,-0.006644090392894036,0.23137416266437963,3396530.0,1.7332100702776068,0
2023-06-20,368.0811767578125,372.88583846733167,367.2263670021086,368.4643838813531,3961700,366.4226760864258,368.547333984375,343.30159759521484,367.80603928472857,367.8843899789958,-0.07835069426721475,-0.47014921630451106,0.3917985220372963,55.939250639045596,366.4226760864258,375.7343480144012,357.1110041584504,0.050824758049521544,-0.005072599696208213,-0.005085509004386499,0.225336089207353,3426160.0,1.1563091040698625,1
2023-06-21,369.5746765136719,371.78540387521826,367.1379528939336,367.43270454817616,2301300,366.0104949951172,368.86174926757815,343.55925979614256,368.07813731995066,368.00959638897183,0.06854093097882696,-0.36241118684784346,0.4309521178266704,59.4269175596285,366.0104949951172,373.8043710939361,358.2166188962983,0.042588265666659963,0.004057528203464944,0.004049318635447234,0.22607237050408968,3450785.0,0.6668917362281336,1
2023-06-22,371.2056579589844,371.87381165161145,367.4228819751823,368.56260830721817,1933300,366.20945892333987,369.1303759765625,343.83822891235354,368.55929434134043,368.2463416904542,0.31295265088624546,-0.22733841930102572,0.5402910701872712,56.31610400420026,366.20945892333987,374.33033530217455,358.0885825445052,0.04435099193073905,0.004413130955557065,0.004403421648290587,0.20275776254234212,3348500.0,0.5773629983574735,1
2023-06-23,373.18060302734375,374.4677352303473,366.7056317966493,368.43492146751595,3739700,366.7650863647461,369.48468200683595,344.11964111328126,369.27026490841786,368.6118425302238,0.658422378194075,-0.050186259802005584,0.7086086379960805,55.63586319677771,366.7650863647461,375.2071762465411,358.32299648295105,0.04603540628946023,0.005320352817945517,0.005306249741006618,0.1957133909001065,3402700.0,1.0990389984424134,0
2023-06-26,370.8323669433594,373.357486301871,368.79849039119,371.4611805240102,3327800,367.12764434814454,369.63737060546873,344.36711517333987,369.51058829840883,368.7763258200857,0.7342624783231599,0.10670348782302752,0.6275589905001324,56.49474083658968,367.12764434814454,375.61669496633533,358.63859372995375,0.046245771730230596,-0.006292492334635913,-0.006312373509835945,0.19739491322496128,3381480.0,0.9841252942498551,1
2023-06-27,375.1260986328125,376.1577595342845,372.3946230233377,373.70139549752975,2197300,367.492170715332,369.82130310058596,344.6289683532715,370.3745129652401,369.24667936176917,1.1278336034709469,0.3109295109526114,0.8169040925183355,51.90433743304066,367.492170715332,376.70452429579217,358.27981713487185,0.0501363256938405,0.011578632482501128,0.01151211309405094,0.1973076945862671,3356780.0,0.6545856445760521,0
2023-06-28,373.5932922363281,374.74285369816977,372.06052363059956,374.5365275356435,2012400,368.11756134033203,369.9680950927734,344.85489822387694,370.8697097761767,369.56865068581055,1.3010590903661523,0.5089554268353196,0.7921036635308327,60.76986008804758,368.11756134033203,377.1958889589956,359.03923372166844,0.049322980330571614,-0.004086109716361697,-0.0040944806735500675,0.18480035230846853,3285895.0,0.6124358812439229,1
2023-06-29,380.9034729003906,381.2375348123009,373.85860762639504,374.20250458965677,2524600,369.2302963256836,370.2697375488281,345.1048138427734,372.4133656414404,370.4082671461498,2.0050984952906106,0.8081840405263778,1.1969144547642327,72.47087987409317,369.2302963256836,378.86066666526324,359.5999259861039,0.052164572817638366,0.019567216050116354,0.019378239266235456,0.19217614498851868,2877360.0,0.8774015069369144,1
2023-06-30,386.4351501464844,388.27253549959255,381.3259313127921,381.3259313127921,4407100,370.3317276000977,370.6725805664062,345.44584915161136,374.570563257601,371.5954436646931,2.9751195929079017,1.2415711510026828,1.733548441905219,74.73290172250873,370.3317276000977,382.3755892034027,358.2878659967927,0.06504363901712766,0.01452251722456821,0.014418075428811338,0.19087777169142137,2928230.0,1.5050388801426118,1
2023-07-03,387.08367919921875,387.42757617665194,381.8958393221061,384.50941437171895,1304600,371.32557373046876,371.04516235351565,345.7881230163574,376.4956580178499,372.74272037095426,3.7529376468956457,1.7438444501812755,2.00909319671437,71.56067861461963,371.32557373046876,385.39395707362485,357.2571903873127,0.07577384558688002,0.0016782351514570415,0.0016768284884328992,0.19011507090160326,2868385.0,0.45482039544900704,1
2023-07-05,387.8402099609375,388.3511228447488,380.3728578953405,382.0235271983401,2781800,372.5149444580078,371.4281591796875,346.1776440429687,378.24097370140186,373.86105293317524,4.3799207682266115,2.2710597137903425,2.108861054436269,79.12200889100998,372.5149444580078,387.9501403819873,357.0797485340283,0.08287021046329839,0.001954437250580643,0.001952529822991411,0.18543211428412712,2891665.0,0.9620063181592612,0
2023-07-06,386.83660888671875,387.8894302329214,383.49109872377045,387.5155181538901,2156600,373.1903762817383,371.8011047363281,346.57109451293945,379.56337911452755,374.8222052260303,4.741173888497258,2.765082548731726,1.976091339765532,75.1097914641304,373.1903762817383,389.90463078651464,356.4761217769619,0.08957494923265662,-0.0025876663853906523,-0.0025910201809704225,0.16658411224264968,2861560.0,0.7536448650386502,0
2023-07-07,382.4480895996094,386.1576624992942,382.17258018247907,384.39635406749284,2654400,374.06739807128906,372.2081170654297,346.9479803466797,380.0071807276171,375.3870855499991,4.620095177617998,3.1360850745089803,1.4840101031090174,63.452893493489555,374.06739807128906,390.79247135261016,357.34232478996796,0.08942277978544214,-0.011344632814715094,-0.011409474027844589,0.14860079537706578,2808555.0,0.9451123442481988,1
2023-07-10,385.8722839355469,387.12191050812527,381.7888292022723,382.2512946316675,2148600,375.3023162841797,372.7183947753906,347.345703125,380.9095042980679,376.1637669118915,4.7457373861763585,3.4580155368424563,1.2877218493339022,70.82276858550438,375.3023162841797,391.66222522482167,358.94240734353775,0.08718256312734399,0.008953357145860874,0.008913513490156151,0.14246255735190824,2786250.0,0.7711440107671602,1
2023-07-11,391.42181396484375,392.0712353790564,386.0493659377928,387.30884170310105,2106200,376.73463439941406,373.20387390136716,347.8140516662598,382.52678270834105,377.2939926195176,5.232790088823435,3.8129704472386523,1.419819641584783,77.86145807226248,376.73463439941406,393.4879945468921,359.98127425193604,0.0889398458104922,0.014381779309715403,0.014279342502552627,0.14774385642756982,2781470.0,0.7572254958708884,1
2023-07-12,394.2655029296875,396.70575043483655,392.3172386291697,392.60259729577194,2273400,378.00995178222655,373.6212481689453,348.3266384887695,384.33273966547125,378.5511415313821,5.781598134089165,4.206695984608755,1.57490214948041,78.55278992373633,378.00995178222655,396.0415089599055,359.9783946045476,0.09540255272468083,0.007265024235719064,0.0072387610721130645,0.1407322231113837,2774765.0,0.8193126264746744,0
2023-07-13,394.13763427734375,396.7746573938583,394.0392316178341,396.53851503365576,2354900,379.4719482421875,374.03940673828123,348.86195632934573,385.84118499037476,379.70569654960144,6.135488440773315,4.592454475841667,1.5430339649316478,77.4739477646374,379.4719482421875,397.7667474096927,361.17714907468235,0.09642240620025501,-0.0003243211779716537,-0.00032437378145881826,0.13180560141085135,2770305.0,0.8500508066801309,1
2023-07-14,396.05633544921875,397.0206033279007,393.88174802899,395.6725741297882,1978500,380.8638259887695,374.571201171875,349.4238334655762,387.41274659942763,380.91685498661013,6.495891612817502,4.973141903236835,1.5227497095806672,77.44354901303217,380.8638259887695,399.7790668819189,361.94858509562016,0.09932810418024374,0.0048680993769929515,0.004856288496736998,0.1304369030690829,2730460.0,0.7246031804164866,0
2023-07-17,395.7513427734375,397.5224704820973,394.6886421256217,395.50535114566395,2344500,382.0301910400391,375.1191015625,350.00193298339843,388.6956075492753,382.01570593378256,6.679901615492724,5.314493845688013,1.3654077698047118,81.43592468113448,382.0301910400391,401.6190447720941,362.44133730798404,0.10255133856686217,-0.0007700739730254202,-0.0007703706322968859,0.12800012673810357,2719780.0,0.8620182514762224,0
2023-07-18,391.77606201171875,395.4954537701606,388.87334914571727,393.9998356653778,2676200,383.12110290527346,375.5635223388672,350.542066192627,389.1695236204204,382.73869527288895,6.430828347531474,5.537760746056705,0.8930676014747689,71.17448440204609,383.12110290527346,402.3051058529567,363.93709995759025,0.10014589539551648,-0.010044895195705061,-0.010095685564314397,0.1319542203434137,2559245.0,1.0456990245169961,1
2023-07-19,391.8843078613281,393.43899167066036,389.9557420241441,391.6186477295793,1809700,384.3112594604492,375.84228942871096,351.0994128417969,389.58718273440627,383.4161480572178,6.171034677188459,5.664415532283056,0.5066191449054029,74.13601475479813,384.3112594604492,402.4938901732078,366.12862874769064,0.09462450170357188,0.0002762952107220329,0.00027625704822954635,0.12899976957732417,2451645.0,0.7381574412282366,0
2023-07-20,391.6777038574219,393.3110918561097,389.20793832536793,390.77247149032115,2570700,385.4164108276367,376.10022033691405,351.6676069641113,389.90880136871635,384.02811515352926,5.880686215187097,5.707669668863864,0.17301654632323338,67.49747239458398,385.4164108276367,402.4801225142735,368.3526991409999,0.08854688698903332,-0.0005272066264500053,-0.0005273456487279498,0.129606209703462,2465115.0,1.0428316731673777,0
2023-07-21,391.1167907714844,395.07235487757447,391.04793594566706,392.27789393322814,1868100,386.4119674682617,376.3974359130859,352.20297714233396,390.09464589221915,384.5532022363408,5.541443655878368,5.674424466266765,-0.13298081038839715,59.06690244899985,386.4119674682617,402.2651417637751,370.5587931727483,0.08205322624649558,-0.001432078161236583,-0.001433104565210706,0.1303835435492843,2461855.0,0.7588180457419303,1
2023-07-24,398.2998046875,398.41787586201104,390.25093596179704,391.1070120335507,3029800,387.66792755126954,376.846171875,352.72150787353513,391.35697801457,385.5714690845748,5.785508929995217,5.696641359012456,0.0888675709827611,67.33468540703707,387.66792755126954,403.08144073793875,372.25441436460034,0.07951915591279214,0.018365393881063063,0.018198786812784685,0.14166454442822882,2426360.0,1.2487017590135017,0
2023-07-25,394.8460693359375,398.3686561347676,394.5705599216618,396.9025556832585,2490500,388.8686126708984,377.2091302490234,353.20844467163084,391.8937612947804,386.25847651060167,5.635284784178737,5.684370044045712,-0.04908525986697576,59.994410012520866,388.8686126708984,402.3846426856426,375.35258265615425,0.06951463591731354,-0.008671195192456183,-0.008709008756709538,0.14403267268527747,2384495.0,1.044455953986064,1
2023-07-26,395.95794677734375,396.84351058570104,389.4047265502624,392.7797243013224,2572300,389.910205078125,377.62321228027344,353.7228796386719,392.5190205997901,386.97695578961964,5.542064810170473,5.655908997270664,-0.11384418710019162,62.97223162591252,389.910205078125,402.1141582002854,377.7062519559646,0.06259878794254754,0.0028159769787661215,0.0028120195432177874,0.14057371617033487,2403245.0,1.0703444717454942,0
2023-07-27,388.1748046875,398.69340952856913,387.63363509531706,398.69340952856913,3563300,390.63928070068357,377.8523522949219,354.2192607116699,391.850679690207,387.0656853376108,4.784994352596243,5.48172606833578,-0.6967317157395367,57.42730147672896,390.63928070068357,400.19341659923873,381.0851448021284,0.04891538752282185,-0.01965648663750752,-0.019852244897370197,0.16011329018191806,2480790.0,1.4363569669339202,0
2023-07-28,386.6594543457031,391.6186537457773,382.6448843740159,391.57928667919276,4501000,390.92707977294924,378.1134796142578,354.7236865234375,391.0520296372064,387.03559415302504,4.016435484181329,5.188667951504891,-1.1722324673235613,51.07410911489478,390.92707977294924,399.54754115784056,382.3066183880579,0.04410265663815403,-0.003903783356101198,-0.003911423007190266,0.1470306404872769,2579610.0,1.744837397901233,1
2023-07-31,387.958251953125,389.7293793749043,386.1772752587821,387.6532247863549,3578300,391.00323486328125,378.26774230957034,355.26266677856444,390.5760638396554,387.10393917525465,3.4721246644007238,4.845359294084057,-1.373234629683333,44.65371179203865,391.00323486328125,399.4823634024016,382.5241063241609,0.043371142656071116,0.0033590219838790514,0.0033533930711073653,0.13828226222858392,2538170.0,1.409795246181304,1
2023-08-01,390.70355224609375,390.9298453038176,386.06904880355256,387.466294327564,2344200,391.184228515625,378.3782635498047,355.82844863891603,390.5956774406459,387.370577180502,3.225100260143904,4.521307487296027,-1.2962072271521228,44.48508983145027,391.184228515625,399.4632561440426,382.90520088720746,0.04232802360071057,0.007076277612727333,0.00705135824879715,0.14034283372924516,2590150.0,0.9050441094145126,0
2023-08-02,383.7665710449219,387.88939273330453,383.33362341929654,387.56469702822153,2410600,390.98054656982424,378.47679321289064,356.30773468017577,389.54504568745756,387.1036137630516,2.441431924405947,4.105332374718011,-1.663900450312064,36.73876651122862,390.98054656982424,399.7894580062487,382.1716351333998,0.045060612420271935,-0.017755101435070753,-0.017914614178913553,0.1543754010682723,2571590.0,0.9373967078733391,1
2023-08-03,386.7085876464844,387.13168592952525,380.2242536267454,381.3459595432103,2190500,390.9741455078125,378.65459899902345,356.8275379943848,389.10866752730783,387.0743525692318,2.0343149580760382,3.6911288913896168,-1.6568139333135785,38.35207935159489,390.9741455078125,399.7959124551751,382.15237856044996,0.04512711159406464,0.007666161733555832,0.007636926037675738,0.1567929463886581,2573285.0,0.8512465583874309,0
2023-08-04,385.0752258300781,389.73921658379624,383.81575013999833,385.3310366543823,2215800,391.1055023193359,379.0115759277344,357.3080781555176,388.48813803542635,386.92626910707224,1.5618689283541016,3.265276898782514,-1.7034079704284122,37.12312783194749,391.1055023193359,399.4585099607772,382.7524946778947,0.042714856180269524,-0.004223753670294483,-0.004232698915054209,0.15190258570371398,2551355.0,0.8684796902038329,1
2023-08-07,390.5067443847656,391.3726396302057,386.6987991820763,386.6987991820763,1559800,391.33722534179685,379.5803497314453,357.7896252441406,388.79869285840164,387.1914894980125,1.6072033603891214,2.933662191103836,-1.3264588307147145,48.52098317121861,391.33722534179685,399.3282535261442,383.3461971574495,0.04083960158591049,0.014105084384432143,0.014006533314628734,0.15677881632247373,2521915.0,0.61849824438968,0
2023-08-08,386.8857727050781,390.0246280976652,383.8748377561189,389.82782279542647,1747000,391.1104232788086,380.04644104003904,358.26589767456056,388.50439745019804,387.168843809647,1.3355536405510406,2.614040480993277,-1.2784868404422363,44.61638382127888,391.1104232788086,399.3451126275101,382.87573393010706,0.042109280952767184,-0.009272494602858283,-0.009315751789945283,0.15168844427777356,2503955.0,0.6976962445411359,1
2023-08-09,387.35809326171875,390.4280638420446,385.58693559964905,387.54501926491264,1806100,390.76505279541016,380.4368914794922,358.75177932739257,388.32804295966275,387.18286228757825,1.145180672084507,2.320268519211523,-1.175087847127016,45.37408941019599,390.76505279541016,399.021952350116,382.5081532407043,0.042260173962019344,0.001220826895075966,0.0012200822918815523,0.14905850336696327,2480590.0,0.7280929133794782,1
2023-08-10,390.77252197265625,394.2065559033694,389.3654268698293,390.10340184255756,2154500,390.59679718017577,381.03063232421874,359.22491058349607,388.70411665396944,387.4487630049914,1.25535364897803,2.1072855451648245,-0.8519318961867945,49.652554269723346,390.59679718017577,398.70004415269176,382.4935502076598,0.04149162016184223,0.008814656955238975,0.008776034662192723,0.15295802072867454,2470570.0,0.8720659604868513,0
2023-08-11,388.6470642089844,390.3099698474707,386.51184388257593,389.40470753602125,1464600,390.22633361816406,381.63059814453123,359.6715968322754,388.69533935474095,387.537526057139,1.1578132976019333,1.9173910956522464,-0.7595777980503131,39.15063048255016,390.22633361816406,397.9470840609067,382.5055831754214,0.0395706274927996,-0.005439117758184175,-0.005453963615894435,0.15263894541930267,2444875.0,0.5990490311365612,1
2023-08-14,392.1893310546875,392.82893326430366,388.2829830806616,390.0935077579665,1638500,390.04823303222656,382.1862542724609,360.1075422668457,389.2328765393481,387.8821042051056,1.3507723342425493,1.8040673433703072,-0.4532950091277579,47.01984261197842,390.04823303222656,397.38725170377694,382.7092143606762,0.03763133915258123,0.009114353797867292,0.009073068743406482,0.15672814688120248,2409575.0,0.6799954348795949,0
2023-08-15,388.12554931640625,391.1167854813409,387.27932261770906,391.1167854813409,1753200,389.86570739746094,382.6046301269531,360.4835023498535,389.0625185050494,387.9001371763131,1.1623813287363305,1.6757301404435119,-0.5133488117071814,41.75982873163032,389.86570739746094,397.20537158142173,382.52604321350015,0.03765226868993707,-0.010361785536982415,-0.010415842579293037,0.15699046007935208,2363425.0,0.7418047960057966,0
2023-08-16,388.0467834472656,392.7993574739794,386.81682557695416,387.1317019985383,2002000,389.6738311767578,383.08450988769533,360.859754486084,388.90625157308267,387.9109998630503,0.9952517100323917,1.539634454361288,-0.5443827443288964,49.83925540189981,389.6738311767578,396.99191391252367,382.35574844099193,0.03756004201599237,-0.00020293915017799424,-0.0002029597451137247,0.1569714254566155,2373040.0,0.843643596399555,0
2023-08-17,386.32489013671875,389.85732597308737,384.7210200712451,389.78847114533085,2118600,389.4061904907227,383.3444482421875,361.1779362487793,388.5091190444113,387.7935102536924,0.7156087907189317,1.374829321632817,-0.6592205309138852,49.582085842609935,389.4061904907227,396.80676458706785,382.0056163943775,0.038009534912730056,-0.004437334321522268,-0.004447208510340909,0.15761077109710833,2350435.0,0.90136506646642,0
2023-08-18,385.8821105957031,387.52531764357855,382.5956364434102,383.5697835842334,2001800,389.1444564819336,383.76393737792966,361.5002214050293,388.1049638984562,387.6519250938413,0.45303880461489143,1.1904712182292319,-0.7374324136143404,47.34995711223972,389.1444564819336,396.6596796637917,381.62923330007555,0.03862433631870052,-0.0011461325747323947,-0.001146789886964466,0.15759500109782534,2357120.0,0.8492567200651643,1
2023-08-21,386.89556884765625,388.6568469392483,384.75049944961216,386.90538809162854,1869400,388.5742446899414,384.27837036132814,361.80303955078125,387.91890312141004,387.5958987052351,0.32300441617496745,1.016977857818379,-0.6939734416434116,44.914552417034415,388.5742446899414,394.7813292258276,382.36716015405517,0.03194799769006358,0.0026263416316154586,0.002622898823109234,0.1415213083194915,2299100.0,0.8131007785655257,1
2023-08-22,391.4612121582031,392.37629375761674,387.367908088371,388.66675102008446,2422500,388.4050018310547,384.8520855712891,362.19415954589846,388.4638737424551,387.88221822026975,0.5816555221853719,0.9299133906917777,-0.34825786850640583,60.97082140401869,388.4050018310547,394.0513038614248,382.75869980068455,0.029074301328519483,0.011800712332129759,0.01173162690008986,0.1461770050627088,2295700.0,1.0552336977828114,1
2023-08-23,394.62957763671875,395.4758043889898,391.97285624001785,392.86826930293154,1943200,388.3385833740234,385.3694940185547,362.65327560424805,389.41244357234183,388.3820226214882,1.0304209508536246,0.9500149027241471,0.08040604812947749,61.221117689121144,388.3385833740234,393.6309530513362,383.04621369671065,0.02725647104818057,0.008093689438725793,0.008061111201728748,0.1488875688885351,2264245.0,0.8582110151507456,0
2023-08-24,391.2939453125,397.5224396319166,391.12665780615555,395.15107692081864,1970000,388.4945404052734,385.89741882324216,363.0506604003906,389.70190537852,388.59772059860023,1.1041847799197626,0.9808488781632703,0.12333590175649234,58.40429191134075,388.4945404052734,393.9479696233493,383.04111118719754,0.028074676222666718,-0.008452565426531278,-0.008488490942769605,0.1339580143574277,2184580.0,0.9017751695978174,1
2023-08-25,396.4302673339844,398.13251011681325,392.60262333452,394.22616201182757,2154600,388.9830810546875,386.46164855957034,363.4406227111816,390.737037987053,389.1779092456657,1.5591287413872692,1.0965048508080701,0.46262389057919906,58.06973576772704,388.9830810546875,395.40834796033977,382.5578141490352,0.0330362281476656,0.013126505234785535,0.013041099241219755,0.14014097110512247,2067260.0,1.042249160724824,1
2023-08-28,400.9072570800781,401.26147055695606,396.68603297766055,397.52241039131616,1901300,389.63053131103516,387.03131286621095,363.8499336242676,392.3016870782876,390.0467498259926,2.254937252295008,1.3281913311054578,0.9267459211895501,68.66638931863389,389.63053131103516,397.951097117332,381.30996550473833,0.04271002982389317,0.011293259155517488,0.01122996637971235,0.14446130692387568,1983410.0,0.9586016002742751,1
2023-08-29,405.0497741699219,405.5811244490754,400.07090644540506,400.8876153966578,2188800,390.34784240722655,387.73315185546875,364.32946624755857,394.26293124623135,391.15808496257995,3.1048462836513977,1.683522321614646,1.4213239620367517,71.4557476892512,390.34784240722655,401.15877347468387,379.53691133976923,0.05539126846859279,0.010332856331947804,0.010279837284661525,0.14652184889475448,1975640.0,1.1078941507562106,1
2023-08-30,407.2735595703125,411.0815049520418,406.8897982387469,408.12960558285346,2516600,391.52319183349607,388.5169995117187,364.7141941833496,396.26456637301305,392.351823822412,3.912742550601081,2.129366367411933,1.783376183189148,70.60689627837561,391.52319183349607,404.2610338250136,378.78534984197853,0.06506813520734982,0.005490153413732601,0.005475137456347731,0.12724473604558323,1980940.0,1.2704069785051542,0
2023-08-31,406.02392578125,409.6153972777572,405.1776990290526,407.5687302689118,2535100,392.48895874023435,389.2459844970703,365.082781829834,397.7660062819726,393.36457211565926,4.401434166313322,2.583779927192211,1.8176542391211115,72.18596459783909,392.48895874023435,406.5500038128498,378.4279136676189,0.07165065288841231,-0.003068290979608146,-0.0030730078353041757,0.12773624030972225,1998170.0,1.2687108704464585,1
2023-09-01,408.9069519042969,409.83188278555303,405.8763183700568,407.2046791061821,1841700,393.6805450439453,390.00001037597656,365.46539291381833,399.47999791617633,394.5158595074102,4.964138408766132,3.059851623506995,1.9042867852591372,71.70973318337134,393.6805450439453,409.072451331447,378.2886387564436,0.07819490437752535,0.007100631120443124,0.0070755403428439875,0.12618009711431624,1979465.0,0.9304029118979118,0
2023-09-05,404.9022216796875,408.73968508970876,403.1310939606854,406.7225657414966,2045600,394.4003189086914,390.63444274902344,365.80770645141604,400.31418618748575,395.2852196683196,5.028966519166147,3.4536746026388254,1.5752919165273216,71.8198834977352,394.4003189086914,410.4975087817286,378.30312903565425,0.08162868588736545,-0.009793744532733406,-0.009842018697202172,0.12689097113058623,2003755.0,1.0208832916199835,1
2023-09-06,406.5552673339844,406.7520726433921,402.33407271013857,404.19375376246256,2292100,395.38379364013673,391.3489007568359,366.1619578552246,401.27435251771635,396.1200380139244,5.154314503791966,3.7938025828694535,1.3605119209225123,73.12530122687035,395.38379364013673,411.94467109094575,378.8229161893277,0.08377114953721192,0.004082579857031643,0.004074268740738637,0.12004668188532071,2031010.0,1.1285518042747205,1
2023-09-07,407.9721984863281,409.45799755794246,405.12855082499414,405.3155068682413,2502700,396.4144989013672,392.0058227539063,366.5305908203125,402.30479035904125,396.99797582669504,5.306814532346209,4.096404972764805,1.2104095595814037,77.25478382953806,396.4144989013672,413.43186864998364,379.3971291527508,0.08585644468493854,0.0034852116457262383,0.0034791523701091323,0.11999330151998976,2065840.0,1.2114684583510824,1
2023-09-08,408.1885986328125,409.65469889102076,407.2243007958503,408.34603685282286,1868900,397.285302734375,392.6977288818359,366.88845474243163,403.20999163192914,397.82691084937045,5.383080782558693,4.353740134723584,1.0293406478351095,78.24572820163645,397.285302734375,414.8603339585783,379.71027151017176,0.08847561741267798,0.0005304286598137864,0.0005302880322586034,0.11790879200245583,2051560.0,0.9109653141999259,1
2023-09-11,410.0090026855469,410.89456652859235,407.99188337481695,410.16644092870877,1544700,398.3533996582031,393.27983947753904,367.282060546875,404.25599333248573,398.7292880224205,5.526705310065211,4.588333169791909,0.9383721402733016,78.68139525196257,398.3533996582031,416.3103360800564,380.3964632363498,0.09015580857229177,0.00445971312974347,0.0044497980770744254,0.11458161564024456,2055565.0,0.751472222965462,0
2023-09-12,409.595703125,410.9535816298397,408.5920681566838,409.28085668264606,1997600,399.2237182617188,393.74305053710935,367.640740814209,405.0774871467187,399.53420765964864,5.543279487070038,4.779322433247535,0.7639570538225025,75.08847214868894,399.2237182617188,417.6049987447824,380.84243777865515,0.09208511239311397,-0.0010080255746576228,-0.001008533974119026,0.11268828312088124,2073520.0,0.9633859330992708,1
2023-09-13,409.62518310546875,411.70136773697544,408.3165210608687,409.49729270258786,2142200,400.2986999511719,394.1938806152344,367.98154693603516,405.77713267883405,400.281687322302,5.495445356532059,4.92254701790444,0.5728983386276187,72.71910162231741,400.2986999511719,418.4605390490973,382.1368608532465,0.09074143433461443,7.19733635969888e-05,7.197077363872633e-05,0.10292854974372465,2092970.0,1.023521598494006,0
2023-09-14,406.71270751953125,411.8883808932923,401.24185620852217,411.5931729277699,3557700,401.2319961547852,394.57133056640623,368.29481369018555,405.92106726971053,400.7580591887634,5.163008080947122,4.970639230512977,0.19236885043414542,73.66362231277223,401.2319961547852,418.645893183699,383.81809912587136,0.08680213540196322,-0.007110098954017707,-0.007135496163635203,0.10830893794657016,2170755.0,1.6389228632434338,1
2023-09-15,407.6671447753906,411.5931613719351,404.5479878890367,405.25641491854225,4755500,402.2991088867187,394.98794128417967,368.64566314697265,406.1896945782767,401.26984330629136,4.919851271985351,4.960481638807452,-0.04063036682210086,69.78521640634571,402.2991088867187,418.435519708649,386.16269806478846,0.0802209622913882,0.002346711175267524,0.002343961948850964,0.10528532589913253,2302600.0,2.0652740380439503,1
2023-09-18,410.44195556640625,411.1897797238661,406.4175361395303,407.2440644054346,1808000,403.52710113525393,395.5478186035156,369.017536315918,406.8438885764505,401.94925902926286,4.894629547187662,4.947311220483495,-0.052681673295832177,67.858600431442,403.52710113525393,418.06164548514124,388.9925567853666,0.07203751276678506,0.006806559779411359,0.006783499731985029,0.10520344556419842,2292910.0,0.7885176478797685,0
2023-09-19,406.8996276855469,410.4123949705016,404.5085965197966,410.27462525974806,1730900,404.5273040771484,395.96836547851564,369.30671356201174,406.85246382400385,402.3159530038024,4.536510820201443,4.865151140427084,-0.3286403202256416,53.54448854719007,404.5273040771484,416.8237272030143,392.23088095128253,0.060794032946269574,-0.008630520912441764,-0.008667979538748833,0.11317702266385281,2285985.0,0.7571790716037069,0
2023-09-20,403.9378967285156,409.18245472914157,403.50494908773425,407.1357876948528,1580000,405.15113830566406,396.21868713378905,369.55953491210937,406.4040688862364,402.4360969834108,3.9679719028256386,4.685715292906795,-0.7177433900811563,43.78434015160562,405.15113830566406,415.8139202387446,394.48835637258355,0.05263607046828057,-0.0072787752937441,-0.007305394829032976,0.11275124399624152,2243860.0,0.7041437522840106,0
2023-09-21,396.8926696777344,402.21593146471963,395.65289244236976,401.7928331227164,2450700,405.26429290771483,396.27123046875,369.78075408935547,404.940776700313,402.02547273854583,2.915303961767165,4.331633026678869,-1.4163290649117037,36.00716446946916,405.26429290771483,415.4962742357597,395.03231157966997,0.050495350846884765,-0.017441361921821108,-0.017595254497332145,0.12855311425585508,2269235.0,1.0799674780267359,0
2023-09-22,395.7710266113281,400.3267965385444,395.12160508547777,397.90624723548484,1885000,405.48814697265624,396.3038983154297,370.0158058166504,403.5300459173923,401.562180432826,1.967865484566289,3.8588795182563533,-1.8910140336900643,28.72169404655503,405.48814697265624,414.56377227178183,396.41252167353065,0.044763948672154885,-0.002826061431965954,-0.0028300622831198673,0.12496360696818874,2264985.0,0.8322350920646273,1
2023-09-25,396.0366516113281,396.7648072123053,393.4291464931437,394.176970613179,1846500,405.4684661865234,396.3035046386719,370.29410552978516,402.3772160241516,401.15288200160387,1.2243340225477368,3.33197041911463,-2.1076363965668934,33.65964507691875,405.4684661865234,414.6281141176774,396.30881825536943,0.04518056862621897,0.0006711582762244372,0.0006709331502330481,0.11589402042948418,2249580.0,0.8208198863787907,0
2023-09-26,389.0406799316406,394.42297789271225,387.2990400069462,393.5866003612896,2940400,404.87513732910156,396.16929138183593,370.5379637145996,400.32544124068835,400.2556818482733,0.06975939241505102,2.6795282137747147,-2.6097688213596637,23.030219868007762,404.87513732910156,416.4877231839328,393.2625514742703,0.057363788408632245,-0.0176649601778609,-0.017822847735093388,0.12370888468414669,2301535.0,1.277582135400939,1
2023-09-27,389.1390686035156,390.6642046137994,385.2032027413397,389.8573449052677,1987500,404.07960205078126,396.1165515136719,370.76394973754884,398.6044608349695,399.4322290153283,-0.8277681803588166,1.9780689349480087,-2.8058371153068253,19.772412901304463,404.07960205078126,417.6557696128562,390.5034344887063,0.06719551045473861,0.0002529007297957797,0.00025286875579693226,0.11587767322624398,2291470.0,0.8673471614291263,1
2023-09-28,393.0354919433594,394.914871135134,389.0307419906502,389.4833580699896,2216200,403.3676986694336,396.1395751953125,371.0208770751953,397.7476963901064,398.9583966396269,-1.210700249520528,1.3403150980543015,-2.5510153475748294,28.24844946875851,403.3676986694336,417.71026264699844,389.02513469186874,0.07111409279858483,0.01001293278988058,0.009963135513644087,0.12075235884920922,2276450.0,0.9735333523688199,0
2023-09-29,389.5621643066406,395.7316231931341,387.92877638164094,395.5840342299689,3032300,402.54461059570315,396.0972644042969,371.2146992492676,396.4883837618809,398.26237942977605,-1.7739956678951216,0.7174529448644169,-2.4914486127595383,21.979246302526207,402.54461059570315,418.08475337714026,387.00446781426604,0.07720954335192876,-0.008837185719653307,-0.008876465230156201,0.1232971567642523,2301310.0,1.317640821966619,0
2023-10-02,389.503173828125,390.0049763609985,386.1576934864356,387.289249039441,2856800,401.57442169189454,396.0649920654297,371.413221282959,395.4137360797646,397.6135493852093,-2.1998133054447067,0.13399969480259222,-2.3338130002472988,22.1947807989621,401.57442169189454,417.8476191247713,385.3012242590178,0.08104698184867103,-0.0001514276383093316,-0.00015143910463171357,0.11877186061291319,2352065.0,1.2145922838016807,0
2023-10-03,384.7899169921875,391.4808768314441,382.7334307179799,388.1747639776767,2527900,400.56880645751954,395.79479431152345,371.5864138793945,393.7793023739835,396.66365068942986,-2.8843483154463456,-0.4696699072471954,-2.4146784081991504,19.57553906269861,400.56880645751954,418.3883737039522,382.7492392110869,0.08897131758222629,-0.012100689166700596,-0.012174498539706514,0.12093883986629014,2376180.0,1.0638503817050897,1
2023-10-04,387.4466247558594,388.14523250182947,382.34965591024513,385.7148342583057,1813400,399.6133743286133,395.64680541992186,371.82803131103515,392.80504427888746,395.9809080276839,-3.1758637487964165,-1.0109086755570398,-2.1649550732393767,26.24923534630065,399.6133743286133,418.11741410241814,381.10933455480847,0.0926097120993175,0.006904307120203956,0.006880581535014542,0.12337124199042385,2352245.0,0.7709230968712868,1
2023-10-05,388.44189453125,388.9542880151448,384.30323230843715,384.68754997521194,2116600,398.63685913085936,395.496484375,372.0766328430176,392.13379047155865,395.4224625835036,-3.2886721119449476,-1.4664613628346215,-1.822210749110326,26.32340903402134,398.63685913085936,417.3437841008129,379.9299341609058,0.09385446699906232,0.0025687919620354105,0.0025654982553223863,0.12283557751280862,2332940.0,0.9072672250465078,1
2023-10-06,392.15679931640625,395.1425384916632,384.7959134189388,387.4860467636965,2484000,397.83526916503905,395.5761242675781,372.36623748779294,392.1373302938429,395.18056160075565,-3.0432313069127304,-1.7818153516502433,-1.261415955262487,27.99079619387942,397.83526916503905,416.1894596627176,379.4810786673605,0.092270303415781,0.00956360484658636,0.009518163072803591,0.12970725869298194,2363695.0,1.0508970065934902,0
2023-10-09,388.9739685058594,390.7082695649888,383.8893377321601,388.69805970752543,2475100,396.7835174560547,395.62241455078123,372.6316520690918,391.65065924953774,394.72081396409664,-3.070154714558896,-2.039483224231974,-1.030671490326922,28.23515113428526,396.7835174560547,414.6034453625546,378.9635895495548,0.08982191609546149,-0.00811621987963762,-0.008149335697429146,0.1291199649470424,2410215.0,1.02692083486328,1
2023-10-10,394.5217590332031,396.8374384122894,388.0970080130921,389.76232445559634,2713800,396.02982025146486,395.7536846923828,372.91138763427733,392.09236690856324,394.70606915440084,-2.613702245837601,-2.1543270285530993,-0.4593752172845016,39.242721750238466,396.02982025146486,412.8130446787548,379.2465958241749,0.08475737719262252,0.01426262674763068,0.014161872371399072,0.14231788993170189,2446025.0,1.1094735335902126,0
2023-10-11,393.96990966796875,399.212206803493,391.5556851768764,397.35966344945035,2055600,395.24705657958987,395.81901184082034,373.2087847900391,392.3812196407795,394.65153882207255,-2.2703191812930754,-2.1775254591010946,-0.09279372219198079,46.079250933999035,395.24705657958987,410.77373254811175,379.720380611068,0.07856694039868363,-0.0013987805554418475,-0.0013997597621997558,0.1421521977911616,2441695.0,0.8418741898558174,1
2023-10-12,394.0586242675781,399.4191641795335,391.5163237554181,397.90165065656674,1779000,394.6143524169922,396.02485290527346,373.4964396667481,392.6392818910562,394.60761922544333,-1.9683373343871153,-2.1356878341582988,0.16735049977118344,47.63741732729046,394.6143524169922,409.17503375758423,380.0536710764001,0.07379701853928346,0.00022518115579983622,0.00022515580632878328,0.14097182870236638,2352760.0,0.7561332222581139,0
2023-10-13,392.2159118652344,396.2658920849148,389.3089909513766,392.9845170794492,2235600,393.8417907714844,396.13499938964844,373.76234420776365,392.5741480409298,394.4304557172797,-1.8563076763498998,-2.079811802596619,0.223504126246719,44.94840186185837,393.8417907714844,407.0646095174202,380.6189720255486,0.06714787031632184,-0.004676239241733993,-0.004687207053890218,0.14060637893858155,2226765.0,1.00396763915366,1
2023-10-16,395.30023193359375,398.5224559931327,392.9549919455831,394.3936572051925,2202100,393.08470458984374,396.33949951171877,374.0642869567871,392.99354556287807,394.4948835851548,-1.501338022276741,-1.9641170465326434,0.46277902425590245,59.23088347142028,393.08470458984374,403.80214668175023,382.36726249793725,0.05452993701746492,0.007863832075785782,0.007833073297672712,0.1415210727757835,2246470.0,0.9802490128957876,1
2023-10-17,395.90130615234375,397.71442553260096,392.6298244835131,393.8024444744532,2176000,392.53478851318357,396.4473907470703,374.338579864502,393.4408933458728,394.59906303457626,-1.158169688703481,-1.802927574966811,0.6447578862633301,59.82649910819371,392.53478851318357,401.19971994137853,383.8698570849886,0.04414860380154022,0.0015205511411158223,0.0015193962737711328,0.13963539160637362,2268725.0,0.9591290262151649,0
2023-10-18,387.46630859375,395.50711774350987,386.82580926475964,393.2801203113437,1951400,391.7112091064453,396.45900146484377,374.57304809570314,392.52172646093084,394.0707108537743,-1.5489843928434652,-1.752138938542142,0.20315454569867675,42.85025861792013,391.7112091064453,398.80053206501515,384.6218861478755,0.03619668160501039,-0.021305808865778153,-0.021536053855376887,0.15553067241866725,2287295.0,0.8531474951853609,0
2023-10-19,382.2043151855469,389.06264091652196,379.8689389714521,388.096975181433,3472800,390.97679138183594,396.3559259033203,374.78576065063476,390.9344324185641,393.19171858205374,-2.2572861634896526,-1.8531683835316441,-0.40411777995800846,40.96873131767777,390.97679138183594,398.8102417278806,383.14334103579125,0.040071178232133874,-0.013580518593476532,-0.013673577320417912,0.15099550210640267,2338400.0,1.485118029421827,0
2023-10-20,378.79486083984375,384.29333959168036,378.5583761839634,382.2043116065969,2652500,390.1279830932617,396.1163726806641,374.9405351257324,389.06680602183786,392.1252846752234,-3.058478653385521,-2.0942304375024197,-0.9642482158831012,37.85516604527463,390.1279830932617,399.33300707182207,380.92295911470137,0.047189765294840945,-0.008920501967770722,-0.008960527857261842,0.1530586361957192,2376775.0,1.1160080360993363,0
2023-10-23,378.0657043457031,382.19447289974903,375.43469209079564,376.72555437439235,1771800,389.2294357299805,395.9047454833984,375.1082159423828,387.37432884089407,391.0838342804441,-3.709505439550014,-2.417285437911939,-1.2922200016380754,41.616066298594816,389.2294357299805,399.4575463572157,379.0013251027453,0.052555689207075935,-0.0019249376628921455,-0.0019267927363779708,0.1527020300228458,2373040.0,0.7466372248255402,1
2023-10-24,381.25836181640625,383.7415410416891,378.26275904890326,379.8689542506085,2003300,388.84031982421874,395.6861260986328,375.21107421875,386.4334108371267,390.35602150533015,-3.922610668203447,-2.718350483970241,-1.2042601842332061,42.386061457611305,388.84031982421874,399.67293956943337,378.0077000790041,0.055717574505193705,0.008444715915791656,0.008409258779458332,0.14576907324858984,2326185.0,0.8611954767140189,0
2023-10-25,380.6670837402344,382.95320221489897,376.6565278946618,378.39082881637995,3504500,388.4167205810547,395.5369567871094,375.2947897338867,385.54628359145096,389.63832241161936,-4.092038820168398,-2.9930881512098724,-1.0989506689585253,40.337945310111884,388.4167205810547,399.8462819850003,376.98715917710905,0.05885205655846893,-0.0015508593001209992,-0.0015520631272106658,0.14570903285409095,2402035.0,1.458971247296563,0
2023-10-26,359.26434326171875,370.0642395063033,357.73699651030506,365.6004115001388,6920100,386.72816314697263,394.96130798339846,375.2712953186035,381.50290815610754,387.38839803014525,-5.885489874037717,-3.571568495775441,-2.3139213782622754,21.6060388603848,386.72816314697263,403.8470611763676,369.60926511757765,0.08853194393752542,-0.05622430042604043,-0.05786674745302281,0.23886569798738347,2637230.0,2.624003215495046,0
2023-10-27,358.7618408203125,362.91036666218633,354.5147997439549,361.1366413643969,3624900,385.1881469726562,394.4100469970703,375.21168914794924,378.0042824121391,385.2679123108984,-7.263629898759291,-4.309980776372211,-2.9536491223870796,22.654372992218853,385.1881469726562,406.3077054151664,364.06858853014603,0.10965840256766486,-0.0013986983424073562,-0.001399677434009577,0.23848035931651565,2666860.0,1.3592389551757498,1
2023-10-30,366.98004150390625,367.7782073568498,359.3925040530887,361.16619926589544,3386400,384.06199035644534,394.03200561523437,375.1836087036133,376.308245349334,383.91325521408413,-7.605009864750116,-4.968986594047792,-2.6360232707023235,26.220918620882998,384.06199035644534,406.5691629224207,361.55481779047,0.11720593618278437,0.022907120402779535,0.02264869145256881,0.25676084041250086,2693340.0,1.2573236204860878,1
2023-10-31,370.8526306152344,372.16318996426753,367.659937112848,367.8668912772785,2978800,383.36512603759763,393.7111468505859,375.1959339904785,375.4689200056264,382.94580154009526,-7.476881534468873,-5.470565582132009,-2.0063159523368643,31.12332497534217,383.36512603759763,406.62777190400226,360.102480171193,0.12136026094414856,0.010552587806841096,0.010497297879863981,0.2585176437267018,2715885.0,1.0968063817135114,1
2023-11-01,372.3011169433594,374.84341714962954,369.56172614729377,373.13870684228704,2354700,382.6078506469727,393.32794494628905,375.21805221557617,374.9815656883545,382.1573063847815,-7.175740696426999,-5.811600604991007,-1.364140091435992,32.61962340689023,382.6078506469727,406.29328981362914,358.9224114803162,0.12381052362937903,0.0039058272978191866,0.003898219358143432,0.25740853684925047,2742950.0,0.8584553127107676,1
2023-11-02,377.1000061035156,377.44489962811775,372.961343951899,374.74490267054506,2816000,382.04075622558594,392.977353515625,375.2939875793457,375.3074795983793,381.7826915491322,-6.475211950752907,-5.944322874143388,-0.5308890766095198,38.4696501866019,382.04075622558594,405.68112534405697,358.4003871071149,0.12375836207648984,0.012889805970918822,0.01280743945908032,0.2623260939391145,2777920.0,1.013708098145375,1
2023-11-03,380.4109191894531,382.76602266837347,378.12483050296504,379.3762686672644,2269100,381.4534622192383,392.75969299316404,375.3912846374512,376.0926241508522,381.68107878174857,-5.588454630896365,-5.873149225493983,0.28469459459761826,38.68162072051716,381.4534622192383,404.61441962706743,358.2925048114092,0.12143529788972,0.008779933790371341,0.008741614303384932,0.26190816570549325,2767175.0,0.8200059627598544,1
2023-11-06,380.519287109375,382.5787544519619,378.59775912139787,381.44555874676075,2020500,381.0307281494141,392.44147338867185,375.4482153320312,376.7736492213942,381.59502013935054,-4.821370917956358,-5.662793563986458,0.8414226460301002,38.21883087256353,381.0307281494141,403.9207758129156,358.1406804859125,0.12014804042011878,0.00028487068707905294,0.0002848301191291048,0.26074052193663133,2744445.0,0.7362144258675252,1
2023-11-07,383.189697265625,383.8991812917941,378.68644490607653,380.36162471202647,2324200,380.46412506103513,392.0871221923828,375.507265625,377.76073353589123,381.71314437092644,-3.9524108350352094,-5.320717018196208,1.3683061831609988,46.407274054825116,380.46412506103513,402.4928875597593,358.43536256231096,0.11579941995945221,0.007017805001517274,0.006993294813001151,0.2563593596612024,2724965.0,0.8529283862361535,1
2023-11-08,384.0075988769531,385.65318806711707,381.3470262003228,381.45540497743895,2838400,379.96600952148435,391.6662786865234,375.5633421325684,378.72178974220844,381.8831039639655,-3.1613142217570385,-4.888836458908374,1.7275222371513355,51.637159560025495,379.96600952148435,401.1429726696047,358.789046373364,0.11146767140981835,0.0021344561640475046,0.0021321814487676623,0.2566532992505741,2764105.0,1.0268785013593913,0
2023-11-09,382.2929992675781,385.7320407413295,381.61307579959936,385.2491777990325,2657100,379.3777282714844,391.16666748046873,375.5991714477539,379.27120659226534,381.9134665790479,-2.6422599867825625,-4.439521164483212,1.7972611777006495,53.27671797076575,379.3777282714844,399.53549805807995,359.2199584848888,0.10626754437292943,-0.0044650147923880334,-0.00447501274270011,0.25685921344739093,2808010.0,0.9462573138984548,1
2023-11-10,388.6192626953125,389.31888324497606,381.090846388965,384.34266105210145,2807000,379.1978958129883,390.81857421875,375.691893157959,380.7093690696572,382.4101922172897,-1.7008231476324909,-3.891781561113068,2.190958413480577,58.947363518806284,379.1978958129883,398.93316853342185,359.46262309255474,0.10408956873624921,0.01654820632304177,0.01641277679163926,0.2641987046634644,2836580.0,0.9895719493192506,0
2023-11-13,388.5896911621094,389.85099285511427,387.27910178165166,388.5896911621094,1614600,378.86236877441405,390.41222900390625,375.8002122497559,381.92172631464985,382.86793287986893,-0.9462065652190859,-3.3026665619342714,2.3564599967151856,56.5677951041927,378.86236877441405,397.6504037288232,360.0743338200049,0.0991813201991361,-7.609384310502953e-05,-7.609673838838521e-05,0.2624316341450689,2807205.0,0.5751628399065974,1
2023-11-14,391.8414611816406,395.81259316825646,390.9546136301107,391.3783253388034,2733900,378.6593765258789,390.1510137939453,375.939063873291,383.4478393711099,383.53263868000016,-0.0847993088902399,-2.659093111325465,2.5742938024352253,59.555126431982465,378.6593765258789,396.7469474754534,360.57180557630437,0.09553478440451796,0.008368132489069868,0.008333313778593063,0.2643268762812568,2835100.0,0.9643046100666643,0
2023-11-15,391.0334167480469,393.4476411685983,388.9936764797229,391.66408258282684,2434600,378.8377319335938,389.84057678222655,376.07642593383787,384.61485127525407,384.08825187022586,0.5265994050282075,-2.0219546080547306,2.548554013082938,91.93548517043546,378.8377319335938,397.3561703383042,360.31929352888335,0.09776448776731937,-0.0020621718568448744,-0.002064301060921857,0.2526918889993111,2859260.0,0.8514790540209705,1
2023-11-16,391.29949951171875,394.10787509663453,389.7721225793878,392.1962105972492,3060600,379.29249114990233,389.5071228027344,376.19804901123047,385.6432586962486,384.62241836218834,1.0208403340602672,-1.4133956196317312,2.4342359536919984,93.21978246487917,379.29249114990233,398.5893701666626,359.99561213314206,0.10175196961193647,0.0006804604217325316,0.0006802290135099001,0.24709987448631127,2838650.0,1.0781885755552816,1
2023-11-17,394.4527282714844,395.26075758975645,392.09765510213265,394.12756187704906,2365500,380.07538452148435,389.23240539550784,376.33121963500975,386.99856170782334,385.35058946658063,1.6479722412427122,-0.8011220474568426,2.4490942886995546,92.16561887873108,380.07538452148435,400.52342922029857,359.62733982267014,0.10759994217756745,0.00805835111902864,0.008026055988639761,0.24513254750620084,2824300.0,0.8375526679177141,1
2023-11-20,398.4928894042969,399.28122178055247,392.4425925345373,394.866650688937,2768300,381.09674377441405,389.0020831298828,376.4896430969238,388.7669198149731,386.3240931656707,2.44282664930239,-0.1523323081049961,2.595158957407386,92.20571158029335,381.09674377441405,403.1033657646528,359.0901217841753,0.1154909998562743,0.0102424469226432,0.01019034850468949,0.24625641226893405,2874125.0,0.9631800982907841,1
2023-11-21,402.9764404296875,404.35598448198834,399.7640499371974,399.79361052146794,2567500,382.1826477050781,388.86969787597656,376.6750950622559,390.9529999095446,387.55760037041273,3.3953995391318585,0.5572140613423748,2.8381854777894837,92.86687233619719,382.1826477050781,406.268002340771,358.0972930693853,0.12604106848031985,0.011251269833429278,0.011188445096504575,0.24731616453655877,2902335.0,0.8846325458639337,1
2023-11-22,404.33624267578125,406.8194519514352,404.15887917660706,406.2380737673839,1967900,383.3661056518555,388.7639190673828,376.85709503173825,393.01196033511945,388.80046276340295,4.211497571716507,1.2880707634172013,2.9234268082993053,92.10833988368834,383.3661056518555,409.3862146544685,357.34599664924247,0.13574548515899604,0.003374396390627199,0.0033687158903793956,0.24675991612992637,2825505.0,0.6964772668956523,1
2023-11-24,406.47454833984375,406.9376841796122,404.533323233385,406.4646847884221,1053500,385.7266159057617,388.75915588378905,377.0728886413574,395.0831277204617,390.1096542875838,4.973473432877881,2.0251512973093373,2.948322135568544,91.81143917400605,385.7266159057617,411.098103609336,360.3551282021874,0.13155165683341336,0.005288434323650559,0.005274499661625918,0.10818476377482418,2532175.0,0.4160454944859656,0
2023-11-27,402.9961242675781,406.6913475394383,402.2866401965088,404.99647059587295,2665900,387.938330078125,388.6657354736328,377.27094741821287,396.30051180463346,391.06420761943525,5.2363041851982075,2.6673818748871114,2.568922310311096,82.53917622786051,387.938330078125,411.02141605459104,364.8552441016589,0.1190038941076922,-0.008557544590362398,-0.008594370619170868,0.11745355036890064,2484225.0,1.073131459509505,1
2023-11-28,403.0355529785156,404.64174819040903,401.50817596572307,403.1045076258022,2645000,389.7411056518555,388.517607421875,377.4868119812012,397.33667198523074,391.9509739423301,5.3856980429006285,3.211045108489815,2.1746529344108136,81.09940097538768,389.7411056518555,411.52769428554444,367.95451701816654,0.11180031214439198,9.783893333747962e-05,9.783414742120473e-05,0.1001700449453335,2447155.0,1.0808469426742482,1
2023-11-29,403.83367919921875,406.06064644908906,403.4395280987657,405.00629902153247,2151400,391.39015808105466,388.45628845214844,377.6870472717285,398.33621155661353,392.8311743317293,5.505037224884234,3.6698435317686986,1.835193693115535,81.08767950540012,391.39015808105466,412.1243252661798,370.6559908959295,0.10595139789300083,0.001980287383593904,0.0019783291992853808,0.09814622533268068,2405785.0,0.8942611247472239,1
2023-11-30,407.7850646972656,408.11026114194044,402.80884338490176,404.10956902000123,3203500,393.16435546875,388.5332318115234,377.9113064575195,399.78988127056004,393.93886991436165,5.8510113561983985,4.106077096654639,1.7449342595437596,87.35194691373482,393.16435546875,413.0773132499275,373.2513976875725,0.10129584487605087,0.009784685383057434,0.009737125337435247,0.10004346452311147,2448225.0,1.3084990145922046,1
2023-12-01,408.307373046875,410.51467351297686,405.5581486056281,406.85887440446965,2171400,394.72472381591797,388.76152587890624,378.13974700927736,401.10026462076235,395.00320347973303,6.0970611410293145,4.504273905529574,1.59278723549974,84.75984810279354,394.72472381591797,414.223985012947,375.2254626188889,0.09879928983684662,0.0012808422740964165,0.001280022695390249,0.09564591831889478,2415995.0,0.8987601381625376,0
2023-12-04,402.26690673828125,408.79020215200995,402.06981615290766,407.7850822671265,3097900,395.81752319335936,388.8914434814453,378.34823654174807,401.27974802345756,395.54125557295885,5.738492450498711,4.751117614523402,0.9873748359753094,69.91957943430927,395.81752319335936,414.3657019951798,377.26934439153894,0.09372085728887512,-0.014793919256266497,-0.014904440664125976,0.11472416805021941,2457435.0,1.260623373558202,1
2023-12-05,402.72021484375,403.07494184283445,398.41405280908606,401.1435802358322,2755600,396.9275695800781,389.0251147460938,378.5904832458496,401.5013583035025,396.0730303337582,5.428327969744316,4.886559685567585,0.5417682841767313,67.24999782242821,396.9275695800781,414.23672757736335,379.6184115827929,0.08721570041404346,0.0011268839118394602,0.0011262494547589971,0.11451594828960901,2494190.0,1.1048075727991853,1
2023-12-06,404.385498046875,407.7752516508494,401.212532059613,405.4201484478468,2224200,397.98735961914065,389.33201110839843,378.86641525268556,401.9450721101752,396.68876868287794,5.256303427297269,4.960508433913522,0.2957949933837467,70.61151306212554,397.98735961914065,414.3230581960607,381.6516610422206,0.08209154477947593,0.004135087193899878,0.00412656121654113,0.11358246155440606,2489190.0,0.8935436828847938,1
2023-12-07,407.114990234375,407.52886840224744,404.0011456765978,406.0507793441012,2363000,399.1427291870117,389.6915295410156,379.16085098266603,402.7404441292829,397.4610813903962,5.279362738886675,5.024279294908153,0.25508344397852234,72.68867461946357,399.1427291870117,414.55799046620876,383.7274679078146,0.07724184935346526,0.006749728169489488,0.00672705074143324,0.1144451707535576,2465420.0,0.9584573825149467,0
2023-12-08,406.1395263671875,407.62747921455673,403.2523324933814,406.19864753327334,1959300,400.3350555419922,389.9536102294922,379.4476622009277,403.26337985819123,398.1039291664548,5.159450691736424,5.051313574273808,0.10813711746261667,67.88311691950489,400.3350555419922,413.8324452400445,386.8376658439399,0.0674304661118368,-0.0023960401620827243,-0.002398915259796447,0.1128921907266063,2430530.0,0.8061204757810025,1
2023-12-11,409.6376647949219,410.09096717039205,406.3563197435635,406.4351379421908,2236000,401.38597564697267,390.3551202392578,379.76378524780273,404.2440390792267,398.9582799537487,5.285759125478023,5.098202684514651,0.18755644096337232,67.34137423429414,401.38597564697267,414.3030621417186,388.4688891522267,0.06436242060488327,0.008613144499931558,0.008576262996676623,0.10342946343685902,2401980.0,0.9308986752595775,1
2023-12-12,414.60400390625,414.85035209633094,408.6423897350111,410.90878105503566,2736500,402.6866912841797,390.8571368408203,380.09316452026366,405.83787982184566,400.11722246874876,5.720657353096897,5.222693618231101,0.49796373486579615,67.82478924371006,402.6866912841797,415.4160769951913,389.95730557316807,0.06322228167222131,0.012123736507028582,0.012050832666715095,0.10811295345938517,2458075.0,1.1132695300184088,1
2023-12-13,418.47662353515625,420.14193983835634,413.02740233984457,415.69780851270144,3694200,404.0184494018555,391.5308709716797,380.4428384399414,407.7823019315857,401.4771781032975,6.305123828288231,5.4391796602425275,0.8659441680457034,70.12631286323635,404.0184494018555,417.52017123035347,390.5167275733575,0.06683715483036538,0.009340526363517565,0.009297173397733732,0.10877451714583998,2506090.0,1.474089118906344,0
2023-12-14,412.446044921875,419.6295674977007,409.8248962303756,418.8018410801437,3989700,405.0890808105469,392.030859375,380.7711396789551,408.49980085316867,402.28968675652544,6.210114096643224,5.593366547522667,0.6167475491205572,57.65157368854074,405.0890808105469,417.6160756578882,392.56208596320556,0.061848099298435405,-0.014410789693189652,-0.014515633597615157,0.12455888316659369,2583845.0,1.5440941697354138,1
2023-12-15,412.4558410644531,413.1357644520032,405.5876525526122,406.5927423085647,5566600,406.1468978881836,392.5111383056641,381.0893363952637,409.1084224241355,403.04273522377935,6.0656872003561375,5.687830678089361,0.3778565222667769,63.303782343569736,406.1468978881836,417.2647703124148,395.02902546395245,0.05474803565921624,2.3751331110322127e-05,2.3751049051923537e-05,0.12472170453594487,2709145.0,2.0547442089662975,1
2023-12-18,418.2302551269531,418.8806179777227,413.4018364647201,413.4018364647201,2686900,407.33577423095704,393.032607421875,381.40731857299807,410.5117813014921,404.1677366980885,6.3440446034035745,5.819073463152203,0.5249711402513713,68.40099459242111,407.33577423095704,418.27213602727227,396.3994124346418,0.05369703565547558,0.014000078281344086,0.013902982369525014,0.12980866577428132,2725215.0,0.9859405588182951,1
2023-12-19,419.25506591796875,420.44738275770715,416.3481451978964,417.85579494342045,2256200,408.37388305664064,393.6382293701172,381.70379028320315,411.8569020117192,405.28531664030186,6.57158537141737,5.969575844805237,0.6020095266121333,68.57353728174638,408.37388305664064,419.7102571910512,397.0375089222301,0.05551958440416832,0.002450350682316138,0.0024473534682348847,0.1269276879111577,2699610.0,0.8357503491245032,0
2023-12-20,413.3230895996094,421.3638696997249,413.1161354260588,418.870826710788,3058300,408.8912155151367,394.01425598144533,382.0048881530762,412.0824693329331,405.8807072298802,6.201762103052886,6.016013096454767,0.18574900659811888,56.36627833549905,408.8912155151367,420.1344417705015,397.6479892597719,0.05499372854562378,-0.01414884828015417,-0.014249897519950972,0.13561950735696393,2724150.0,1.122662114788099,1
2023-12-21,417.2547912597656,417.7080635946024,414.4661123837123,415.62889891400704,2213600,409.5371429443359,394.4799536132812,382.3301080322266,412.8782111678304,406.7232319728347,6.15497919499569,6.043806316162952,0.11117287883273796,59.5379329235642,409.5371429443359,421.15659420216764,397.9176916865042,0.05674430980445172,0.009512417184253996,0.009467459026215147,0.13858066599963068,2736435.0,0.8089357138028128,1
2023-12-22,417.9051513671875,420.930314906593,416.7817889824678,418.5456507630582,1759000,410.1086730957031,394.9568841552734,382.6810942077637,413.6515865831161,407.55152229834226,6.10006428477385,6.055057909885131,0.04500637488871906,68.83477659996765,410.1086730957031,422.2084031558273,398.00894303557897,0.05900743317028343,0.0015586642048095456,0.00155745074850816,0.13789833814055125,2771710.0,0.6346262776408788,0
2023-12-26,417.4814147949219,419.50145817065373,416.77193071829043,418.79197409402224,1258200,410.8329376220703,395.4621942138672,383.06591552734375,414.24079092339394,408.2870698906815,5.953721032712451,6.034790534450596,-0.08106950173814464,67.79113281068965,410.8329376220703,422.87404491514,398.79183032900056,0.05861802299866461,-0.0010139539339951709,-0.0010144683330326515,0.13317549248136482,2701325.0,0.46577142698490553,1
2023-12-27,418.1612854003906,418.8018147950291,416.78174145771277,416.82116559087575,1324100,411.58922424316404,395.91941528320314,383.46590774536133,414.84394391985495,409.0184932617711,5.8254506580838665,5.99292255917725,-0.16747190109338383,67.00743963631459,411.58922424316404,423.4672033626224,399.7112451237057,0.057717638945964884,0.0016285050816040592,0.0016271805050617537,0.1330266541571825,2635280.0,0.5024513524179594,1
2023-12-28,420.0926513671875,422.1028309588432,417.49120002956147,417.5798817699168,1505000,412.4021728515625,396.4032421875,383.83577728271484,415.6514373732907,409.83880126957973,5.812636103710986,5.956865268083998,-0.14422916437301225,66.34417892458308,412.4021728515625,424.27077298138653,400.5335727217385,0.057558378258573954,0.004618710612933841,0.0046080770985833155,0.13338295870325872,2602960.0,0.5781879091495835,1
2023-12-29,420.2799072265625,422.09302643239505,418.07260682971184,420.44740716812265,1706100,413.0269149780273,397.05951416015625,384.22983306884765,416.36350965840944,410.61221652565257,5.751293132756871,5.915750841018573,-0.16445770826170225,68.1692416281076,413.0269149780273,425.18410808058263,400.869721875472,0.05886876937887723,0.0004457489526787928,0.000445649636126789,0.1302448629226577,2528090.0,0.6748573033396754,0
2024-01-02,415.7273864746094,418.082459649939,413.4314043902524,417.8952326105519,2463700,413.3979156494141,397.7299755859375,384.6015188598633,416.2656445532094,410.99111800335305,5.274526549856375,5.787505982786134,-0.5129794329297583,57.618371320581836,413.3979156494141,425.40057346851455,401.3952578303136,0.05806830351452203,-0.010832116105657597,-0.010891210608452148,0.13746429042349506,2542705.0,0.9689287589397905,0
2024-01-03,412.65301513671875,415.18548235997935,411.401576854533,415.04754297753584,3093700,413.91722106933594,398.407138671875,384.94969055175784,415.7098554122109,411.1142214947135,4.595633917497423,5.549131569728392,-0.9534976522309684,47.437991622677444,413.91722106933594,424.7320742079098,403.10236793076206,0.05225611589986137,-0.007395161920799698,-0.007422641692780519,0.12844796262788852,2542495.0,1.216796886522884,1
2024-01-04,413.6383056640625,417.2645738546073,412.1700800830698,412.38686769189695,2042600,414.46312561035154,399.1185906982422,385.3044560241699,415.3911554509573,411.301190692443,4.08996475851427,5.257298207485567,-1.1673334489712968,43.12505528853242,414.46312561035154,423.9144924284852,405.0117587922179,0.045607757284632996,0.002387697390305865,0.0023848513702814846,0.1285025321978847,2506845.0,0.8148090528133969,0
2024-01-05,413.2934875488281,416.58469610038424,410.8989600388025,414.34783505694736,2415900,414.90852508544924,399.7592932128906,385.63174575805664,415.06843731216816,411.4487682373604,3.619669074807746,4.929772380950003,-1.3101033061422571,51.43623200249087,414.90852508544924,423.11829400341463,406.69875616748385,0.03957387434386706,-0.0008336222987878061,-0.00083396995507911,0.12829446583267903,2516430.0,0.9600505477998593,1
2024-01-08,416.4714660644531,416.5701365648607,411.0925985474204,413.96461489857137,2125400,415.3763488769531,400.475380859375,385.99228958129885,415.2842878894428,411.8208199282562,3.463467961186609,4.636511496997325,-1.1730435358107156,56.145649042638055,415.3763488769531,422.73881226678435,408.01388548712185,0.03544960328019172,0.0076893989655464345,0.0076599862186629295,0.12888325756145513,2504550.0,0.8486155197540476,1
2024-01-09,417.0833740234375,418.16902061708254,413.07637578442086,413.62906311951275,2439300,415.9235412597656,401.6317614746094,386.3395100402832,415.5610703715958,412.21063875012146,3.3504316214743426,4.379295521892728,-1.0288639004183855,47.91536542261264,415.9235412597656,421.88984177514374,409.9572407443875,0.028689410064682352,0.001469267426089882,0.0014681891088002882,0.12819401282504825,2528550.0,0.9647030907041585,1
2024-01-10,422.6793212890625,423.86366844907417,418.61310888912834,420.4389648778132,2709300,416.5756240844727,402.91011108398436,386.72815002441405,416.65618589735993,412.986096715969,3.6700891813909493,4.2374542537923725,-0.5673650724014232,55.337205851015256,416.5756240844727,422.4998580683819,410.65139010056345,0.02844253787978686,0.013416855271988215,0.013327646319212474,0.1328477053879275,2552215.0,1.0615484980693242,0
2024-01-11,421.14959716796875,426.15342060283285,420.2119864228635,424.3867788343089,2320600,416.9029037475586,403.9935021972656,387.09447525024416,417.3474799389921,413.59080045315415,3.7566794858379353,4.141299300201485,-0.38461981436354975,64.13908690450593,416.9029037475586,423.08607800458344,410.7197294905337,0.02966241876199006,-0.00361911275060367,-0.00362567758318691,0.1279734521983917,2531420.0,0.9167186796343554,1
2024-01-12,423.49847412109375,425.4822148166312,422.1167559423321,424.33738412508393,1892400,417.1539962768555,405.0464190673828,387.47396743774414,418.2937867362385,414.3247022063349,3.9690845299035686,4.106856346141902,-0.13777181623833368,61.96381727830803,417.1539962768555,423.9806362596151,410.32735629409586,0.032729591679274875,0.00557729834937537,0.005561802809735966,0.12531771268369565,2441330.0,0.7751512495238251,0
2024-01-16,422.75830078125,424.1202910018983,420.9521728384946,421.86017635866017,2398000,417.6696090698242,406.0555627441406,387.8242526245117,418.98063505085565,414.9494132118842,4.031221838971476,4.091729444707817,-0.0605076057363414,59.267452377178344,417.6696090698242,424.5565242891167,410.78269385053176,0.03297781341874523,-0.001747759165791285,-0.0017492882787826574,0.11257873391199816,2361745.0,1.0153509375482959,0
2024-01-17,421.8404541015625,424.7618057002705,419.92577653586324,419.92577653586324,2690400,418.1388397216797,406.95037170410154,388.1712727355957,419.4206072125029,415.4598606851937,3.9607465273091975,4.065532861228093,-0.10478633391889591,58.169742490988725,418.1388397216797,424.8053250933584,411.47235435000096,0.031886468026342915,-0.002171090852601476,-0.002173451087154488,0.11316629800435661,2217935.0,1.2130202192580035,1
2024-01-18,425.09735107421875,425.5908240379417,421.8700487343828,423.04451679757926,2075700,418.482194519043,407.8441003417969,388.51422164916994,420.29395242199763,416.1737488621585,4.120203559839126,4.0764670009503,0.04373655888882588,61.854506497313345,418.482194519043,425.8400303333081,411.1243587047779,0.03516439127223272,0.007720684303720526,0.007691032345142416,0.10565489229942861,2187375.0,0.9489456540373735,1
2024-01-19,431.0782775878906,431.36450036452896,423.73539685467347,426.9034851174012,2400200,419.07335510253904,408.8552801513672,388.8720654296875,421.9530793705966,417.27778802702755,4.675291343569029,4.196231869474047,0.4790594740949823,66.49268823253976,419.07335510253904,428.34389547342937,409.8028147316487,0.04424304364863288,0.014069545478366585,0.013971488101513531,0.11559276622243862,2194575.0,1.093696957269631,1
2024-01-22,434.00946044921875,435.1839284822557,431.5519747911291,433.249522947512,2715500,420.10767364501953,409.8716754150391,389.2571713256836,423.80790722884615,418.5171711694121,5.290736059434039,4.415132707466046,0.8756033519679933,69.04318866001375,420.10767364501953,431.1277916764445,409.0875556135946,0.05246330273289255,0.006799653366273972,0.006776639986427705,0.10120042582419317,2177435.0,1.2471095578053994,0
2024-01-23,433.03240966796875,434.84838658072937,432.144134227849,434.52267755423225,2328600,420.8965545654297,410.8521716308594,389.6351319885254,425.2270614502496,419.592374021157,5.634687429092594,4.659043651791356,0.9756437773012383,76.64525526866058,420.8965545654297,433.2366258609942,408.5564832698652,0.05863707441513961,-0.0022512200085194056,-0.002253757813770148,0.09892294656123363,2183185.0,1.0666068152721826,0
2024-01-24,432.97320556640625,435.1740757853236,430.07158202866174,432.80541150042217,2725700,421.64995727539065,411.86577575683594,390.0241941833496,426.4187759296583,420.5835467282125,5.83522920144577,4.894280761722239,0.940948439723531,84.49031052322968,421.64995727539065,435.0181217475954,408.2817928031859,0.06340882640466457,-0.00013671979334728412,-0.00013672914035018716,0.09917778319132946,2231520.0,1.2214544346454435,0
2024-01-25,431.0979919433594,432.9041199532063,428.7885419648544,430.30844720717346,2977800,422.3307861328125,412.71535034179686,390.4104145812988,427.1386553163816,421.3623945219271,5.776260794454458,5.070676768268683,0.7055840261857753,78.76603297349752,422.3307861328125,436.1832433000205,408.4783289656045,0.06560003495862482,-0.004331015404506977,-0.004340421419947185,0.10110235864610406,2317500.0,1.2849190938511328,1
2024-01-26,432.8053894042969,434.1476515060412,425.0480089964239,426.90344201008384,2725400,423.0629913330078,413.59966430664065,390.7855699157715,428.0104605606762,422.210023772473,5.800436788203228,5.216628772255593,0.5838080159476355,80.76584761193513,423.0629913330078,437.5223011635766,408.603681502439,0.06835535193002687,0.003960578552548277,0.003952756108778963,0.10144167060897635,2387565.0,1.1414977183867245,1
2024-01-29,434.8285827636719,435.2036270000708,428.9957593832881,430.0912548030039,2314200,423.799787902832,414.45940673828125,391.1823863220215,429.05940243806015,423.14473184589514,5.91467059216501,5.3562371362374765,0.558433455927533,80.03893156912801,423.799787902832,439.0991799250319,408.50039588063214,0.07220103671079553,0.004674602971464159,0.00466371094573431,0.10146288552045253,2428025.0,0.9531203344281876,1
2024-01-30,439.37847900390625,440.3950321487242,434.3055622584645,435.14447235720576,2663600,424.75471649169924,415.42630798339843,391.56328903198244,430.64695267895956,424.34723163537745,6.29972104358211,5.544933917706404,0.7547871258757066,82.3178068520832,424.75471649169924,441.4495465545683,408.05988642883017,0.07860927455149438,0.010463654921937904,0.010409289794544967,0.10589645473217747,2475900.0,1.0758108162688316,1
2024-01-31,443.3657531738281,455.9690424879974,440.78980850558025,444.12569073506245,4740500,426.13663482666016,416.46763305664064,391.9504704284668,432.60369121663166,425.75601100859603,6.8476802080356265,5.805483175772249,1.0421970322633776,81.45282306223905,426.13663482666016,444.20429392350763,408.0689757298127,0.08479749272998728,0.009074805345407944,0.009033876725864183,0.09644422630503709,2589740.0,1.8304926363264267,1
2024-02-01,454.9031066894531,455.12023598707043,448.1227632171664,449.0603738476043,3292700,428.2491394042969,417.676640625,392.3937174987793,436.03437052014266,427.915055133104,8.119315387038682,6.268249618025536,1.8510657690131467,89.34664578680484,428.2491394042969,449.3106525281707,407.1876262804231,0.09836102953141146,0.026022202736758482,0.02568938660874084,0.11808438873993952,2599690.0,1.2665740915262973,0
2024-02-02,454.5675048828125,457.7849579816376,452.5146707738424,456.17623143222505,2050300,430.29559936523435,418.79813293457033,392.8374482727051,438.8856219605534,429.8893106701194,8.996311290433994,6.813861952507228,2.1824493379267658,88.00101528147933,430.29559936523435,453.24845619011,407.3427425403587,0.10668413462157347,-0.0007377434924173976,-0.0007380157590645669,0.1194833359859523,2600075.0,0.7885541763218369,0
2024-02-05,450.7974548339844,455.3472613382199,449.58350043736573,453.5115562751976,2438800,432.17079772949216,419.7545532226562,393.2599705505371,440.71821163338893,431.438062089665,9.280149543723951,7.307119470750573,1.973030072973378,81.92864534863114,432.17079772949216,455.40138857023766,408.9402068887467,0.10750652733961988,-0.008293707773502246,-0.008328291921109282,0.1268208181291127,2601220.0,0.9375600679681073,1
2024-02-06,454.4886169433594,454.54783129173126,449.4157002253638,449.4157002253638,2201900,434.0716552734375,420.7576007080078,393.69014068603514,442.83673552723053,433.14551059734606,9.69122492988447,7.783940562577353,1.907284367307117,84.96838246205601,434.0716552734375,458.10118762114257,410.04212292573243,0.11071689227239681,0.008188072203589414,0.008154731812427206,0.1270054984544306,2605045.0,0.8452445159296672,1
2024-02-07,455.88018798828125,456.2058668854807,453.6200734255375,455.189313804987,2544300,436.01149597167966,421.74571350097654,394.12608978271487,444.8434205212384,434.8295607744524,10.01385974678601,8.229924399419085,1.783935347366926,84.34275340706512,436.01149597167966,460.52567351808364,411.4973184252757,0.11244739082749435,0.0030618391595389483,0.0030571612762046994,0.12664213531540966,2610295.0,0.9747174169969295,0
2024-02-08,452.27783203125,454.7353176529129,451.47840827193323,453.99510823730856,2081300,437.4914215087891,422.73134765625,394.54653228759764,445.98717613816325,436.12202531199296,9.865150826170293,8.556969684769326,1.3081811414009668,74.97679101123595,437.4914215087891,462.189733804918,412.79310921266017,0.11290878440976572,-0.007901979625233979,-0.007933365717076596,0.12928633032610434,2578895.0,0.8070510819556438,0
2024-02-09,451.90277099609375,452.998266433298,450.41247312320075,452.08041402063543,2155400,439.0290802001953,423.70869201660156,394.9955587768555,446.8972676547679,437.29096943674114,9.60629821802678,8.766835391420818,0.8394628266059616,72.43259829240336,439.0290802001953,463.26856681995525,414.7895935804354,0.11042314831950006,-0.0008292713208423175,-0.0008296153565165316,0.1276401822573244,2570635.0,0.8384698722300132,1
2024-02-12,452.7219543457031,453.4029494397621,450.1262817580869,453.18582013268247,1794500,440.4902542114258,424.68645751953125,395.45737655639647,447.79337329952716,438.43400535592355,9.359367943603615,8.885341901857378,0.47402604174623697,74.78261003170486,440.4902542114258,464.3074079916603,416.6731004311913,0.10813929957598005,0.0018127424795464364,0.001811101444780853,0.12755076198643536,2565740.0,0.6994083578226944,1
2024-02-13,454.4491271972656,455.8506037094877,450.086842931482,450.79744522571286,2407700,442.0747955322266,425.61973876953124,395.89388290405276,448.81733543764074,439.62031067750445,9.197024760136287,8.947678473513161,0.2493462866231262,75.94181143643708,442.0747955322266,465.1293414068181,419.020249657635,0.10430156212292321,0.0038150852526219747,0.003807826271443222,0.1261093496687751,2566225.0,0.9382263831113795,1
2024-02-14,459.1174011230469,459.37401671502835,453.44246175934023,455.969041049124,2202700,443.93864288330076,426.6359393310547,396.3224859619141,450.4019609277032,441.0645395993965,9.337421328306732,9.025627044471875,0.31179428383485686,81.70653206913317,443.93864288330076,466.1160410472297,421.7612447193718,0.09991199693674237,0.010272379561100609,0.010219977229079193,0.12622579884958848,2541840.0,0.866576967865798,1
2024-02-15,465.1278991699219,465.94705107897187,459.15688805246293,459.74903154372754,2354100,445.94017028808594,427.8931591796875,396.78197692871095,452.66748988804454,442.8470106786947,9.820479209349855,9.184597477447472,0.6358817319023835,83.32997666274775,445.94017028808594,468.1832946671642,423.69704590900767,0.09975833468740339,0.013091418517731546,0.013006466523143195,0.12956702924345856,2555760.0,0.9210958775471876,0
2024-02-16,462.01898193359375,467.9801435119753,460.97282170509874,467.9801435119753,2237200,447.4872055053711,429.0791345214844,397.24473876953124,454.1061809719752,444.26715669757607,9.83902427439915,9.315482836837809,0.5235414375613416,77.42384667331095,447.4872055053711,469.6819404676102,425.29247054313197,0.09919718235149731,-0.006684005070167531,-0.006706443071757887,0.13026544193118944,2547610.0,0.8781563897142812,0
2024-02-20,445.8528137207031,449.89929796536165,444.24408707237893,446.8890948759162,5044200,448.0793731689453,429.9084808349609,397.6322212219238,452.8364321640872,444.3846127733633,8.451819390723927,9.142750147615033,-0.6909307568911061,55.29029796593179,448.0793731689453,469.373741631699,426.78500470619167,0.09504730517789202,-0.03499026846306974,-0.03561709319977105,0.187935832419768,2664045.0,1.8934364847440641,1
2024-02-21,453.0575256347656,453.6003639779889,446.09956874515944,447.39246552822556,2895800,449.0806289672852,430.82733154296875,398.0497337341309,452.87044654419157,445.02705076309684,7.843395781094728,8.882879274310973,-1.0394834932162453,57.52372396618091,449.0806289672852,469.24943623823185,428.9118216963385,0.08982265530948091,0.016159395415581645,0.016030222102642794,0.19442390070563714,2692405.0,1.0755439839102958,1
2024-02-22,465.4042053222656,466.3319368760629,455.5544744158132,455.7814828152993,2572800,450.7021789550781,432.0126251220703,398.4870249938965,454.7987171254337,446.53646961933157,8.262247506102142,8.758752920669206,-0.4965054145670642,58.05084031961906,450.7021789550781,470.6316879205523,430.77266998960397,0.08843759758019962,0.02725190287966517,0.026887181181384733,0.21320626436193418,2684760.0,0.9582979484199705,1
2024-02-23,467.2399597167969,468.9671151101318,465.70029634221737,467.54591054836595,1764100,452.50927734375,433.1646710205078,398.92931900024416,456.7127544471819,448.0700614784031,8.642692968778817,8.735540930291128,-0.09284796151231056,59.4970910725958,452.50927734375,471.48567408745487,433.53288060004513,0.08387185719195495,0.003944430182490688,0.003936671313942867,0.21108284216218778,2624075.0,0.6722749921400875,1
2024-02-26,468.31573486328125,468.8782711671809,465.83849087746256,466.8254368327114,2066900,454.28479461669923,434.23890563964846,399.3896176147461,458.497828357351,449.5697409883941,8.928087368956938,8.77405021802429,0.15403715093264836,63.681178694084366,454.28479461669923,472.1087520376557,436.4608371957428,0.0784704116544131,0.002302403987741952,0.002299757517065221,0.21118126388930802,2591150.0,0.7976767072535361,1
2024-02-27,468.5526123046875,468.799348804058,463.8152835644534,468.3552110575104,2011100,455.97099609375,435.24042541503906,399.8530656433106,460.04471819540277,450.9758796044158,9.068838590986957,8.833007892616823,0.23583069837013326,61.60989557747295,455.97099609375,472.36871647233676,439.5732757151632,0.07192440097753636,0.0005058071377324058,0.0005056792604211361,0.21153193487809402,2575995.0,0.7807080370885813,1
2024-02-28,472.5989990234375,472.88522173679524,467.48662704407127,467.9800999405938,1931900,457.63202209472655,436.4434844970703,400.3325698852539,461.9761460151004,452.577592153973,9.398553861127425,8.946117086318944,0.452436774808481,63.22192499172185,457.63202209472655,473.679344023799,441.5847001656541,0.07013198882201804,0.008635928202058052,0.008598851880157377,0.21086977163640117,2539410.0,0.7607672648371079,0
2024-02-29,468.56243896484375,472.14505735383693,465.88779392516784,471.76013400067984,3072500,458.89185638427733,437.5656164550781,400.7991128540039,462.98942185352246,453.76165488070416,9.227766972818301,9.002447063618815,0.2253199091994862,62.79069544465677,458.89185638427733,474.1607274037303,443.6229853648244,0.06654670727765868,-0.0085411946849967,-0.008577879727072597,0.21419837771298886,2456010.0,1.2510128216090326,1
2024-03-01,470.4080505371094,471.266688690101,467.71367726461835,468.7105023071121,1748300,459.66710357666017,438.60917236328123,401.26756408691404,464.13074934330507,454.9947212256231,9.136028117681974,9.029163274431447,0.10686484325052703,64.20672938378254,459.66710357666017,475.64142471333133,443.692782439989,0.06950386926702087,0.003938880752676122,0.0039311436721876335,0.1960971778014205,2378790.0,0.7349534847548543,0
2024-03-04,462.3742980957031,470.408052579288,459.68980390915095,469.46059290144603,3212400,460.0574432373047,439.47155700683595,401.71142013549803,463.8605260744432,455.54135654933276,8.319169525110453,8.887164524567249,-0.5679949994567952,56.671222590633356,460.0574432373047,475.88796431963067,444.22692215497875,0.06881975855419573,-0.017078263078689537,-0.017225778564750226,0.20711549755043038,2436895.0,1.31823488496632,0
2024-03-05,461.4169006347656,463.11444865622923,458.55476376998996,461.2688647850558,2015100,460.5884155273437,440.43343322753907,402.1172790527344,463.48458369910816,455.9765820371426,7.508001661965579,8.611331952046916,-1.1033302900813364,54.867574348190175,460.5884155273437,475.8119274465703,445.3649036081172,0.06610462359022479,-0.0020706113312970453,-0.0020727580107441027,0.2046012441304895,2415710.0,0.8341646969214019,1
2024-03-06,465.44366455078125,467.43728430631063,461.0616226080402,461.0616226080402,1917100,461.1361679077148,441.3972106933594,402.5186099243164,463.7859807532117,456.67784740852323,7.10813334468844,8.31069223057522,-1.2025588858867806,54.45939521446288,461.1361679077148,476.22330424717444,446.0490315682552,0.06543462599307084,0.00872695367351306,0.008689093920728832,0.2048525982728158,2401470.0,0.798302706259083,0
2024-03-07,461.4366760253906,467.0918565294487,459.8082213794974,467.0227932098077,2178100,461.4139923095703,442.2678411865234,402.93159286499025,463.42454925662383,457.03035323199487,6.394196024628968,7.92739298938597,-1.5331969647570016,47.32242000067297,461.4139923095703,476.2968630438695,446.5311215752711,0.06450983707626297,-0.008608965661307089,-0.00864623687140241,0.20766907568557566,2383160.0,0.9139545813122073,1
2024-03-08,463.1343078613281,465.46348605595983,461.0025008029585,461.0025008029585,1596900,461.9568161010742,443.18089904785154,403.35817291259764,463.3798967342707,457.4824980193529,5.897398714917813,7.521394134492339,-1.623995419574526,50.82595860873197,461.9568161010742,476.21548772843187,447.6981444737165,0.06173162135673709,0.003679013663500097,0.003672262645723243,0.20537188102429474,2358940.0,0.6769565991504659,0
2024-03-11,463.0355529785156,463.2428031890278,458.6239034967035,462.87763801648754,1774500,462.5134552001953,444.07838439941406,403.83721878051756,463.32692077184686,457.8938354237353,5.433085348111547,7.103732377216181,-1.670647029104634,66.69859813915636,462.5134552001953,475.9659373603905,449.06097304000014,0.05817120349232818,-0.0002132316287871694,-0.0002132543658831631,0.20530012336127137,2339895.0,0.7583673626380671,1
2024-03-12,466.6971130371094,468.17753191922134,462.59141438974837,464.3876631953187,1853900,463.21221313476565,445.0104736328125,404.36036407470704,463.84541188957957,458.545930061763,5.299481827816578,6.7428822673362605,-1.4434004395196824,64.23563511275322,463.21221313476565,475.95640325108826,450.46802301844303,0.05502527677358479,0.007907729838541488,0.007876627600741615,0.2066386245949642,2342865.0,0.7912961267507944,1
2024-03-13,469.4013366699219,469.9441749998884,466.60829295617924,468.03937659430983,2103900,463.95982360839844,445.9929022216797,404.8894647216797,464.70016954809375,459.35003425495995,5.350135293133803,6.46433287249577,-1.1141975793619663,55.22309137718171,463.95982360839844,476.2869734454931,451.63267377130376,0.053138867677039694,0.005794386888777314,0.0057776639972411436,0.20703880240636136,2327675.0,0.9038632970668156,1
2024-03-14,473.2208251953125,475.7079179900253,470.9508315815175,474.74070017692674,2757700,464.66499481201174,447.14277099609376,405.41639099121096,466.0110396476658,460.37750025054163,5.633539397124196,6.298174177421456,-0.6646347802972601,57.43005780083847,464.66499481201174,477.43152363251465,451.89846599150883,0.05494938918593527,0.008136935766922315,0.008104009397661807,0.2060024395366538,2355425.0,1.1707865884076123,0
2024-03-15,469.61846923828125,472.21414185667356,466.9043679272048,467.16098350748683,4179300,464.8895233154297,448.282080078125,405.9590559387207,466.5660288154528,461.06201647185566,5.5040123435971395,6.1393418106565925,-0.6353294670594529,51.52279845608328,464.8895233154297,477.84685892168744,451.93218770917196,0.05574371955664026,-0.007612420597813863,-0.007641542960078431,0.20377408200518457,2446685.0,1.7081479634689385,1
2024-03-18,472.6385498046875,474.54334821666646,470.42777044543783,472.3918133227462,2072300,465.4205017089844,449.4620849609375,406.52900482177733,467.5002628137966,461.91953745947285,5.580725354323761,6.0276185193900265,-0.44689316506626575,54.484368615314544,465.4205017089844,478.74762668958533,452.0933767283834,0.05726917886799095,0.006430923748175443,0.0064103335867404425,0.20290696281238352,2438440.0,0.849846623250931,1
2024-03-19,477.6817932128906,478.28381572646083,473.2504159677158,475.33285726190445,2049500,467.01195068359374,450.7498510742187,407.09538116455076,469.0666521059649,463.08711195972603,5.9795401462388895,6.018002844759799,-0.038462698520909555,55.458982166444336,467.01195068359374,477.87423594806484,456.14966541912264,0.04651823255730955,0.010670402171568893,0.010613875185233422,0.1535864296569886,2288705.0,0.8954845644152479,1
2024-03-20,481.6690979003906,482.0737493441378,477.3265418521568,477.99765785286945,1691100,468.442529296875,452.0538037109375,407.6676928710938,471.005489920492,464.46355536273825,6.541934557753734,6.1227891873585865,0.41914537039514776,64.09161870251023,468.442529296875,479.1010942072681,457.78396438648195,0.04550639296731408,0.008347198373798825,0.008312553173512684,0.14742446564020922,2228470.0,0.7588614610023918,1
2024-03-21,482.26129150390625,483.6035235610635,477.08967415864583,482.1527117856123,2580300,469.285383605957,453.35736206054685,408.2587353515625,472.7371517025557,465.78190618800994,6.955245514545766,6.289280452796023,0.665965061749743,63.09700035540653,469.285383605957,481.4866992113904,457.08406800052364,0.051999555203186956,0.0012294614831986905,0.0012287063143333367,0.11661833023170368,2228845.0,1.157684809845458,0
2024-03-22,475.3822326660156,482.5079830853204,475.1749523465294,481.93553761130767,2277800,469.69249725341797,454.41142028808594,408.76900665283205,473.14408723539566,466.49304148267703,6.65104575271863,6.361633512780545,0.28941223993808585,64.74921313354169,469.69249725341797,482.14717691527017,457.2378175915658,0.05303333451005668,-0.014264173714706896,-0.014366884937671636,0.12940119074066803,2254530.0,1.01032144171956,0
2024-03-25,469.8258056640625,476.02382564786825,468.2170787848984,475.3132232877222,2600300,469.768000793457,455.3849444580078,409.29359741210936,472.6335823782675,466.7399129035204,5.893669474747071,6.26804070517385,-0.374371230426779,58.63406850902409,469.768000793457,482.2058356599502,457.33016592696384,0.05295309533848697,-0.0116883354491224,-0.01175718102786297,0.13670772094166536,2281200.0,1.1398825179729968,1
2024-03-26,470.5758056640625,473.7340446762506,466.14442809263056,471.48380916880643,2515100,469.8691604614258,456.3264910888672,409.84060684204104,472.31700134531286,467.024053108005,5.292948237307883,6.073022211600657,-0.7800739742927743,55.649734596519515,469.8691604614258,482.298281281848,457.4400396410036,0.05290460352076071,0.0015963363249915652,0.0015950635345147318,0.13679524218738953,2306400.0,1.0904873395768298,1
2024-03-27,471.7108154296875,475.8658493275979,468.5525764318615,474.22751548290563,2309400,469.82475128173826,457.30554138183595,410.38528366088866,472.2237419736782,467.37122068738887,4.852521286289345,5.828922026538395,-0.9764007402490495,62.07377611819327,469.82475128173826,482.21910221647556,457.43040034700095,0.05276159206565439,0.0024119594589511184,0.002409055353520955,0.13347908575154602,2325275.0,0.9931728505230564,1
2024-03-28,475.2835388183594,476.13229782536996,471.0495325227416,471.67131325165303,2214500,470.1608062744141,458.37440307617186,410.9179055786133,472.694479949783,467.95731832672004,4.737161623062946,5.610569945843306,-0.8734083227803602,63.6746599763402,470.1608062744141,482.77358977718006,457.5480227716481,0.05365306224783187,0.007573969626745614,0.007545431128022165,0.1321495779848354,2282375.0,0.9702612410318199,0
2024-04-01,472.1549377441406,476.9712388123509,471.0988983461518,474.3854452353692,1648200,470.24815063476564,459.3155548095703,411.45419174194336,472.61147345660726,468.2682530983808,4.343220358226461,5.357100028319937,-1.013879670093476,59.60900781778565,470.24815063476564,482.8922989494166,457.60400232011466,0.05377649352829242,-0.006582599266949152,-0.006604360121395434,0.1340412789304596,2277370.0,0.7237295652441194,1
2024-04-02,473.1714782714844,474.1386961222807,470.08233270274036,470.7435997258847,3265100,470.7880096435547,460.1574188232422,411.97895523071287,472.69762804351143,468.63145496305515,4.066173080456281,5.098914638747205,-1.0327415582909243,57.22468472542711,470.7880096435547,482.9286169902027,458.64740229690665,0.0515756862875076,0.0021529808248974547,0.002150666482908581,0.11748601969055497,2280005.0,1.4320582630301248,0
2024-04-03,471.187744140625,476.99096097032515,470.9804638073073,474.1683100378628,2265000,471.2765518188477,460.90098449707034,412.47277374267577,472.46533821229815,468.8208097169492,3.6445284953489363,4.808037410067551,-1.1635089147186148,52.02601349129711,471.2765518188477,482.58739227823196,459.9657113594634,0.048000862405443906,-0.00419242118757035,-0.004201234025320549,0.11850189095624186,2292500.0,0.9880043620501636,0
2024-04-04,463.6376037597656,475.6684777064511,462.87766619549143,473.70446483771053,2552600,471.1862487792969,461.5130883789063,412.9411726379395,471.1072252196008,468.43686853493557,2.6703566846652507,4.380501264987092,-1.710144580321841,39.97936027049917,471.1862487792969,482.7198120877426,459.65268547085117,0.04895543254212419,-0.016023634898716832,-0.016153401424362418,0.12937309014094062,2324275.0,1.098234933473879,1
2024-04-05,470.92120361328125,473.05301025140585,466.3615186314023,467.81233022738166,2462700,471.6604751586914,462.27204833984376,413.4553727722168,471.07860651093625,468.6208933555538,2.4577131553824643,3.995943643066166,-1.5382304876837019,51.264823633428705,471.6604751586914,482.2472385841871,461.0737117331957,0.044891458933181735,0.015709683154366383,0.015587563396625103,0.13689579273719343,2338505.0,1.053108716893913,1
2024-04-08,473.25360107421875,474.0738874460707,468.7370042368898,470.8322225947901,1961800,472.16643981933595,463.11516052246094,413.97376739501954,471.41322105913355,468.9640568902697,2.449164168863831,3.6865877482256995,-1.2374235793618684,50.60523467633728,472.16643981933595,481.9762139550899,462.356665683582,0.04155218714615745,0.004952840184390794,0.004940615220357016,0.1372939511600422,2356750.0,0.83241752413281,0
2024-04-09,466.6418762207031,473.2932336615878,462.36246398078293,472.38397241807627,2217200,472.3467559814453,463.79189025878907,414.4509484863281,470.67916800706735,468.79204350733886,1.8871244997284862,3.3266950985262573,-1.4395705987977712,39.46159627586127,472.3467559814453,481.56456318630165,463.12894877658897,0.03902983174174032,-0.013970786146176084,-0.014069296163427735,0.14737655607916392,2378885.0,0.9320332845009321,0
2024-04-10,463.6867980957031,468.8457928797044,463.370530714397,464.6751110415967,2710500,472.196240234375,464.3690545654297,414.9034794616699,469.6034187899344,468.413877180551,1.1895416093833546,2.8992644006976773,-1.7097227913143227,32.48951291673451,472.196240234375,481.88857210625946,462.50390836249056,0.04105213487965788,-0.006332646673146813,-0.006352782935661445,0.1464579791572604,2421715.0,1.1192481361349291,0
2024-04-11,462.8368225097656,464.85298931753545,458.76497809317016,462.8071743285154,2299900,471.8680145263672,464.83822143554687,415.36350173950194,468.56240397760075,468.0007620197521,0.5616419578486784,2.4317399121278775,-1.8700979542791991,31.179667804656788,471.8680145263672,482.36968089234756,461.3663481603868,0.044511032927380456,-0.0018330812725922963,-0.0018347634220603783,0.14475274476727043,2431515.0,0.9458711955303587,0
2024-04-12,459.9410705566406,464.0326703530574,456.70926801213085,460.55381973999005,2486300,471.2040267944336,465.16972778320314,415.7875765991211,467.2360449897608,467.40374783729936,-0.16770284753857823,1.9118513601945866,-2.079554207733165,33.78768420755824,471.2040267944336,482.9509908795787,459.45706270928855,0.04985935355883438,-0.006256528893752611,-0.0062761829911551215,0.14213843331797393,2417945.0,1.0282698737977911,0
2024-04-15,454.4164123535156,465.4953918982233,453.07229107964423,464.7442644169153,2070500,470.4439239501953,465.15999389648437,416.191692199707,465.26379381495383,466.4417229866487,-1.1779291716948705,1.2938952538166952,-2.471824425511566,33.810239273784546,470.4439239501953,484.38525148617265,456.502596414218,0.05926881749865376,-0.012011665312773312,-0.012084388300706492,0.14551292601086394,2312505.0,0.8953494154607233,1
2024-04-16,454.44610595703125,457.96449794074226,453.63568203155666,454.6239950643052,1787200,469.5343017578125,465.1575659179687,416.55940536499025,463.59953414450416,465.5531587622326,-1.953624617728451,0.6443912795076661,-2.598015897236117,32.79301534550834,469.5343017578125,485.146567254458,453.922036261167,0.06650106472816693,6.53444785627677e-05,6.534234370532864e-05,0.14257569992129732,2298250.0,0.7776351571848146,1
2024-04-17,454.7821044921875,457.9941216771598,452.7955857509107,457.36158689272435,1735000,468.38931732177736,465.2372589111328,416.90114013671877,462.2430065056862,464.75530289037744,-2.51229638469124,0.013053746667884836,-2.525350131359125,31.627432199157155,468.38931732177736,484.8229438311305,451.9556908124242,0.07017079980952445,0.0007393583766079903,0.0007390851858524157,0.1351042974866359,2282525.0,0.7601231092759115,0
2024-04-18,449.3858947753906,456.511622451615,448.49638902264167,455.11809762134715,1998900,466.77515716552733,465.13520446777346,417.2126512145996,460.2649893164099,463.61682821519327,-3.351838898783342,-0.6599247824223605,-2.6919141163609814,22.96364074285998,466.77515716552733,484.03766059586917,449.5126537351855,0.07396496221078974,-0.011865483851486003,-0.011936440553943556,0.13277247232462,2297915.0,0.8698755175887707,1
2024-04-19,450.0678405761719,454.4855704276868,447.3005462700496,453.5269358381369,2548800,465.1654846191406,465.0189575195312,417.52378936767576,458.6961972025271,462.61319950119173,-3.917002298664613,-1.3113402856708112,-2.605662012993802,25.70039926887999,465.1654846191406,482.3515547065287,447.9794145317525,0.07389228416832935,0.0015175060203482804,0.0015163557716132662,0.13291039316965017,2296340.0,1.1099401656549117,1
2024-04-22,451.41192626953125,455.35528516935796,449.8108641646668,452.153160959629,2157400,463.9669692993164,465.0016394042969,417.84666595458987,457.5755401359124,461.78347555810575,-4.207935422193373,-1.8906593129753235,-2.3172761092180494,26.23205362827551,463.9669692993164,481.4929765677137,446.44096203091914,0.07554851283859745,0.002986406875102876,0.0029819564204683216,0.12825842450709093,2290320.0,0.9419644416500751,1
2024-04-23,457.4110412597656,457.5691749630036,451.96542684301363,453.12176635253917,2029100,463.3462310791016,465.1118048095703,418.22148071289064,457.5502326165052,461.4595915360065,-3.909358919501301,-2.294399234280519,-1.6149596852207821,36.16529505109005,463.3462310791016,480.8779306773587,445.8145314808445,0.07567429460870748,0.0132896687949986,0.013202135816684113,0.13512300951677314,2261760.0,0.8971332059988681,0
2024-04-24,457.0947570800781,462.6787194316834,454.9698901874572,459.85215876244007,4043100,462.6721786499023,465.19926086425784,418.5775930786133,457.48015945705487,461.13627046519696,-3.6561110081420907,-2.5667415890528336,-1.089369419089257,42.31275618648225,462.6721786499023,480.06963506563034,445.2747222341743,0.07520424706103815,-0.0006914659926363642,-0.0006917051655054761,0.1347152027469936,2338160.0,1.729180210079721,0
2024-04-25,456.70928955078125,458.57721553093893,451.38229835576954,455.552980272423,2006500,461.922102355957,465.2444641113281,418.90403045654296,457.36156408685895,460.80834595301803,-3.4467818661590854,-2.742749644474084,-0.7040322216850012,30.072129497609666,461.922102355957,478.9687651186472,444.87543959326683,0.07380752155286141,-0.0008432989513142974,-0.0008436547279063552,0.1339812850513646,2323015.0,0.8637481893143178,1
2024-04-26,457.01568603515625,459.38763107480014,455.55297201626564,457.499949727494,1963300,461.0087097167969,465.20242980957033,419.2177813720703,457.30835207890465,460.5274081813246,-3.219056102419927,-2.8380109360632533,-0.3810451663566736,25.859703502331072,461.0087097167969,476.9636171842219,445.05380224937187,0.06921737976371989,0.0006708785903530856,0.0006706536519102231,0.1299039918378987,2310455.0,0.8497460456922987,0
2024-04-29,451.75787353515625,456.19538920654196,450.3544558192541,455.56288457693626,2120700,459.98885650634764,464.935029296875,419.50588256835937,456.45443230294336,459.87781302234913,-3.4233807194057704,-2.955084892731757,-0.4682958266740136,26.944382202531713,459.98885650634764,475.5465126199052,444.4312003927901,0.06764362176822794,-0.011504665289750138,-0.011571355947347333,0.13337277214224263,2334080.0,0.9085806827529477,0
2024-04-30,445.9267883300781,452.37057751925045,445.61052096644715,450.92764914394354,2698800,458.62662200927736,464.61318542480467,419.7552348327637,454.83479476865637,458.8444037858846,-4.009609017228229,-3.165989717631051,-0.8436192995971776,24.74004767601147,458.62662200927736,474.0950260782365,443.1582179403182,0.06745532564677964,-0.01290754527297544,-0.012991571466524085,0.13754406625553944,2305765.0,1.1704575271113926,0
2024-05-01,436.9035339355469,443.7327803658956,433.256656562799,440.5899221123232,4979100,456.91241149902345,464.43419982910154,419.9609957885742,452.07613925587026,457.21915416734106,-5.1430149114708,-3.561394756399001,-1.581620155071799,20.07312482919697,456.91241149902345,474.0304546353651,439.7943683626818,0.07492921052497281,-0.02023483367824086,-0.02044236223475178,0.15066654232994584,2441470.0,2.0393861075499595,0
2024-05-02,435.9448547363281,439.4632464775847,432.9304820976153,437.8226433369667,3866500,455.52777404785155,464.0919464111328,420.1818397521973,449.5944031759407,455.64328013541416,-6.048876959473432,-4.058891197013887,-1.9899857624595452,21.012541565594375,455.52777404785155,474.7108036209593,436.3447444747438,0.08422331487121426,-0.0021942582853087256,-0.0021966691974416408,0.14352464287775188,2507165.0,1.5421801117995824,1
2024-05-03,438.3958435058594,440.0562321781563,431.7939202623386,439.71031661472284,3711500,453.9015060424805,463.55177917480466,420.4143974304199,447.87154784208207,454.36569223692857,-6.494144394846501,-4.54594183658041,-1.9482025582660905,29.094707432150443,453.9015060424805,473.1045561287055,434.6984559562555,0.0846132909038103,0.0056222449764058435,0.005606499147488341,0.1298672721924622,2569605.0,1.4443854211055784,1
2024-05-06,444.1181945800781,445.2349930621185,440.35272457659937,442.00322050758933,2536200,452.4447357177734,463.0893438720703,420.6765998840332,447.2941088786969,453.60661833642115,-6.312509457724275,-4.899255360809184,-1.4132540969150913,38.266316901149644,452.4447357177734,469.79780239891534,435.0916690366315,0.07670800569095992,0.01305293186280454,0.01296847648070184,0.13970344957657765,2598325.0,0.9760903659088066,1
2024-05-07,447.7650451660156,448.0022306132266,442.2996759731426,446.4802504457344,2345300,451.5008941650391,462.678330078125,420.95984115600584,447.3665606152074,453.17390921268736,-5.807348597479972,-5.080874008143342,-0.7264745893366307,42.58560723952485,451.5008941650391,467.6116055613848,435.39018276869336,0.07136513616939462,0.008211441527149477,0.008177911071697975,0.13907207024343385,2604730.0,0.9004004253799818,1
2024-05-08,449.4550476074219,449.791070374809,444.66175416121155,448.6940575307731,2332400,450.789306640625,462.2963787841797,421.21561737060546,447.68786630631735,452.8984379826677,-5.210571676350355,-5.106813541784745,-0.10375813456561023,50.07927767056594,450.789306640625,465.8572122366401,435.7214010446099,0.0668512113044751,0.0037743063234862984,0.003767201500947428,0.1395475543620967,2585825.0,0.9019945278586138,1
2024-05-09,450.1666259765625,450.7003233790914,448.24929656832506,448.24929656832506,1970100,450.15579681396486,461.8477313232422,421.4922201538086,448.0692139478935,452.69608153777097,-4.626867589877463,-5.010824351403288,0.38395676152582503,50.113171925530985,450.15579681396486,464.1156403440198,436.1959532839099,0.062022275971374996,0.0015832025314401754,0.0015819505875253913,0.13997235554414966,2569335.0,0.7667742820613116,1
2024-05-10,451.6392822265625,453.22055888602335,449.6626562413175,451.9851676452452,1729900,449.74070739746094,461.50926818847654,421.7706268310547,448.6184552215349,452.61780010731104,-3.9993448857761678,-4.8085284582778645,0.8091835725016967,50.25970168816555,449.74070739746094,462.94891865010374,436.53249614481814,0.05873700572525655,0.003271358126127888,0.0032660188753652194,0.13962799373915996,2531515.0,0.683345743556724,1
2024-05-13,452.4101867675781,453.35895884076456,450.1864824279434,451.58987005439747,2069300,449.64039611816406,461.1493109130859,422.09180374145507,449.2017985363108,452.6024213414049,-3.4006228050941445,-4.526947327641121,1.1263245225469767,43.512850152808355,449.64039611816406,462.7290224991095,436.55176973721865,0.05821819611379296,0.0017069032109322535,0.0017054481072253224,0.133469273063782,2531455.0,0.8174350324220656,0
2024-05-14,448.8917541503906,453.6158888470169,444.04899656454177,452.5682795324328,2991000,449.36267852783203,460.87966003417966,422.4029652404785,449.1540994000154,452.32755710503346,-3.173457705018052,-4.256249403116508,1.0827916980984558,40.17521133844269,449.36267852783203,462.2562162327676,436.46914082289646,0.0573858859270485,-0.00777708530907828,-0.007807484551269625,0.13614842675324773,2591645.0,1.1540932496541771,1
2024-05-15,452.6473388671875,453.2403326795465,447.4982367543886,447.4982367543886,2437800,449.25594024658204,460.70426879882814,422.72641067504884,449.6915208565034,452.3512446429708,-2.6597237864673957,-3.9369442797866854,1.2772204933192897,45.49838336557583,449.25594024658204,461.9949949801992,436.5168855129649,0.056711792065009016,0.008366348194354778,0.008331544289617512,0.13977195363869543,2626785.0,0.9280546371324642,1
2024-05-16,453.50714111328125,459.4963149472545,453.4577375320468,454.6239395296115,2412200,449.4620025634766,460.4655383300781,423.0404286193848,450.27853935754615,452.43686660373453,-2.158327246188378,-3.581220873067024,1.422893626878646,46.158806399405556,449.4620025634766,462.34245111495454,436.5815540119986,0.057314960899987936,0.0018994969643377768,0.0018976952012472296,0.13290403231378292,2647450.0,0.9111409091767549,1
2024-05-17,454.8907775878906,456.2941952074308,452.7560180578261,455.06869683608363,1985900,449.7031494140625,460.3346203613281,423.39604965209963,450.9881144699068,452.61863778774614,-1.6305233178393337,-3.191081362021486,1.5605580441821525,53.747868848868066,449.7031494140625,462.8099560684746,436.59634275965044,0.058290926676806694,0.003050969541985138,0.003046324779366865,0.13317247378062155,2619305.0,0.7581782190313843,0
2024-05-20,454.2879333496094,456.818012083909,453.41821312952186,454.11004425756903,1397200,449.8469497680664,460.15769287109373,423.73394638061524,451.49577891293796,452.7422893108471,-1.2465103979091623,-2.8021671691990213,1.555656771289859,61.432460446352415,449.8469497680664,463.09504049659904,436.59885903953375,0.058900435961000246,-0.001325250517229426,-0.0013261294383090298,0.13301275630920614,2581295.0,0.5412786992575432,0
2024-05-21,453.7344970703125,455.00942926496504,450.30504980876293,452.558402206262,2166000,449.6631225585937,459.9716717529297,424.0772427368164,451.8401970909956,452.81578618191867,-0.9755890909230516,-2.4368515535438275,1.461262462620776,79.95073351239863,449.6631225585937,462.5668409769237,436.75940414026377,0.057392824854782386,-0.0012182500098917304,-0.0012189926796679468,0.12395614194446153,2588140.0,0.8368944492956332,0
2024-05-22,451.1846008300781,457.0947229162003,449.8504025243533,453.5367903921287,1713700,449.36761474609375,459.6614215087891,424.380632019043,451.7393361277775,452.6949576373379,-0.9556215095603875,-2.1406055447471397,1.1849840351867522,75.66567439106623,449.36761474609375,461.81745063566996,436.91777885651754,0.05541047232169029,-0.0056197980464316455,-0.005635648523688047,0.12534998688824522,2471670.0,0.6933368936791724,0
2024-05-23,445.9366760253906,452.69673295832416,445.1756859147204,451.18461535702215,2084600,448.82898406982423,459.19212829589844,424.6758865356445,450.84661918894875,452.19434418460105,-1.3477249956522996,-1.9820294349281717,0.6343044392758721,61.60631584089401,448.82898406982423,460.86674182944387,436.7912263102046,0.05364073260360978,-0.011631435991016792,-0.01169961030165322,0.13131163113827213,2475575.0,0.8420669945366228,0
2024-05-24,445.9070129394531,449.13881546860733,445.05707831134015,447.2214860041239,2162100,448.27355041503904,458.64585205078123,424.9686311340332,450.08667976594944,451.7286159442197,-1.6419361782702708,-1.9140107835965918,0.272074605326321,53.33819308396738,448.27355041503904,459.7320049057244,436.81509592435367,0.051122599047284556,-6.651860573991808e-05,-6.65208182004866e-05,0.1312012958496039,2485515.0,0.8698800852137284,0
2024-05-28,439.87835693359375,445.36351243158947,437.229685210797,444.74087038729994,2670800,447.67957458496096,458.0510498046875,425.2141603088379,448.51616856097166,450.8508189804697,-2.3346504194980184,-1.9981387107768773,-0.3365117087211411,36.483833277371396,447.67957458496096,459.599831311249,435.75931785867294,0.053253520611652484,-0.013519984729816192,-0.013612211940395967,0.13347655748063558,2513020.0,1.0627850156385543,0
2024-05-29,437.298828125,439.36439855197506,436.6366451838561,436.9430197826327,1876900,447.24817657470703,457.34425537109377,425.457419128418,446.7904238785145,449.8469678059904,-3.0565439274759,-2.209819754116682,-0.8467241733592181,29.78313057336156,447.24817657470703,460.02896004911497,434.4673931002991,0.05715298191840957,-0.005864186696012297,-0.005881448556411894,0.12756160085589785,2471925.0,0.7592867906591018,0
2024-05-30,436.93316650390625,438.9987369750415,435.5198862069587,437.04186645247853,2189900,447.249658203125,456.52928283691404,425.68113830566404,445.27392274395936,448.89038993176194,-3.6164671878025842,-2.4911492408538622,-1.125317946948722,27.73541311536013,447.249658203125,460.02539822344977,434.4739181828003,0.05713023939091511,-0.0008361824856965017,-0.0008365322812800819,0.10529813074603621,2332465.0,0.9388779681581503,1
2024-05-31,441.8450927734375,442.11192642105266,434.12637078515024,437.51627707994606,3917100,447.54467010498047,455.732802734375,425.9497360229492,444.74641044080215,448.3685160681824,-3.622105627380222,-2.7173405181591344,-0.9047651092210875,35.230985588825945,447.54467010498047,459.4651336043059,435.62420660565505,0.05327049698314691,0.011241825171647513,0.01117910547323945,0.11212329377041953,2334995.0,1.6775624787205112,0
2024-06-03,438.01043701171875,439.79928111303536,432.7723902223805,438.29705622424297,2123800,447.52539978027346,454.84778564453126,426.19955429077146,443.7101068363278,447.60125095288873,-3.8911441165609517,-2.9521012378394977,-0.939042878721454,30.122730347936795,447.52539978027346,459.5092137176917,435.5415858428552,0.053555905176788,-0.008678733394205662,-0.008716612924341744,0.11523810865524517,2255610.0,0.9415634795022189,1
2024-06-04,439.5719299316406,439.68066003734873,436.1622684281188,438.17840508447506,2096600,447.29808654785154,454.13157958984374,426.4657894897461,443.07346423560665,447.0064864327963,-3.9330221971896435,-3.148285429709527,-0.7847367674801164,36.40025792982813,447.29808654785154,459.7185386334944,434.8776344622087,0.05553545816169789,0.003564967379715789,0.003558627945622902,0.10547111349646687,2233630.0,0.9386514328693651,1
2024-06-05,441.4399108886719,442.3392793842084,437.14074308551716,441.5782590321048,2157000,446.98182983398436,453.5638616943359,426.74357849121094,442.8221483360782,446.5941475036019,-3.7719991675236884,-3.2730281772723595,-0.49897099025132885,32.69235663326525,446.98182983398436,459.6714115373239,434.29224813064485,0.056778959932454576,0.0042495455915980695,0.004240541771812917,0.10201524158677776,2224215.0,0.9697803494716113,1
2024-06-06,443.43621826171875,444.52336846803576,439.43356313950136,443.248436400586,1887100,446.6808883666992,453.02106994628906,427.0262817382812,442.9166206323306,446.36022681901795,-3.4436061866873615,-3.30714377915536,-0.13646240753200134,34.97487647676962,446.6808883666992,459.4089285929837,433.9528481404147,0.056989410372245586,0.004522262993910342,0.004512068286494397,0.10248297883213978,2201950.0,0.8570131020232067,1
2024-06-07,444.5333251953125,447.70580156932226,442.0328944415498,444.19730238518895,1664700,446.3992233276367,452.4775201416016,427.2916423034668,443.1653444112509,446.2249007728176,-3.059556361566706,-3.2576262956376296,0.19806993407092355,34.41414053279573,446.3992233276367,459.05157276633383,433.7468738889396,0.05668625202517822,0.0024741031255732793,0.0024710475712352645,0.10278926271345996,2186680.0,0.7612910896884775,0
2024-06-10,443.9996032714844,444.9088644777582,439.1766311358547,443.1793167744191,1954500,446.0172393798828,451.8518414306641,427.53849243164063,443.2936919282099,446.060063920867,-2.7663719926570707,-3.159375435041518,0.3930034423844475,34.48588153002245,446.0172393798828,458.4630881440511,433.57139061571456,0.05580882380901808,-0.0012006342237528278,-0.0012013555624562123,0.10177057425986381,2197910.0,0.8892538820970831,0
2024-06-11,443.7920227050781,443.9995599641787,439.90793017641795,442.6060351883869,1777300,445.5863311767578,451.28458312988283,427.80098281860353,443.3703582015742,445.8920608678456,-2.5217026662713806,-3.031840881287491,0.5101382150161102,34.84937968930056,445.5863311767578,457.692346600115,433.48031575340065,0.05433746314159216,-0.00046752421596041316,-0.0004676335394822583,0.10134258279440689,2183310.0,0.814039234007081,0
2024-06-12,437.8226318359375,447.2116047534124,436.43899975396675,446.2133990338505,2738900,445.03287506103516,450.5776062011719,428.0079446411133,442.51686183763013,445.29432538400056,-2.777463546370427,-2.980965414304078,0.20350186793365088,31.560337152565154,445.03287506103516,457.5090593442337,432.5566907778366,0.056068596197471864,-0.013450874652399025,-0.013542157143918107,0.10818816529068923,2170705.0,1.2617559732897838,1
2024-06-13,439.79925537109375,439.94749627892304,434.1856451478985,437.82262950425735,2916600,444.39047088623045,449.94983642578126,428.20240463256835,442.09876853508604,444.8872831608223,-2.7885146257362408,-2.9424752565905106,0.1539606308542698,40.68967624437175,444.39047088623045,456.53451106456833,432.24643070789256,0.05465481811128626,0.004514667336559475,0.004504506795477251,0.10445859789910136,2194645.0,1.3289620872624046,0
2024-06-14,439.4335632324219,439.7596932139281,436.0436572727984,438.15863116470257,2161500,443.6867919921875,449.4657556152344,428.3743235778809,441.6887369500608,444.4833039068667,-2.794566956805909,-2.91289359663359,0.11832663982768121,40.279032935125116,443.6867919921875,455.2223033790521,432.15128060532294,0.051998443925135834,-0.0008314978577289578,-0.00083184374382165,0.10375566445471979,2182110.0,0.9905550132669756,1
2024-06-17,442.8729248046875,444.0885606549569,436.51807944108367,437.2593141925096,2351900,443.08589935302734,448.9047900390625,428.55232040405275,441.8709196969264,444.3640165659645,-2.4930968690380837,-2.8289342511144886,0.3358373820764049,54.87602960819235,443.08589935302734,453.3455264760096,432.8262722300451,0.04630987868475549,0.00782680673493874,0.007796336171311842,0.10787070107128272,2200410.0,1.0688462604696398,1
2024-06-18,444.8495178222656,445.9268054560644,441.47939727729084,441.83517545435257,2636500,442.61397857666014,448.33670837402343,428.7464483642578,442.3291655623632,444.39997962198686,-2.0708140596236717,-2.6773102128163253,0.6064961531926536,62.54096756960052,442.61397857666014,451.4773313508482,433.7506258024721,0.040050035485505744,0.004463115505310755,0.004453185340655476,0.10980349577048866,2262375.0,1.1653682523896347,1
2024-06-20,447.22149658203125,449.16847427352496,443.11997376650214,445.78843075962743,3006800,442.28832855224607,447.94830078125,428.93802108764646,443.08183187308134,444.60898087828645,-1.5271490052051035,-2.4472779712940813,0.9201289660889778,66.02023961360737,442.28832855224607,449.8080946212942,434.76856248319797,0.03400390914073066,0.005332092459889637,0.005317927186277505,0.11208971129089536,2304415.0,1.304799699706867,1
2024-06-21,449.5341491699219,449.9788718987247,444.99779637062755,446.9052331163007,5007800,442.20580596923827,447.66524780273437,429.16118072509767,444.07449607259525,444.9738081591483,-0.8993120865530386,-2.1376847943458728,1.2383727077928341,63.02737996382706,442.20580596923827,449.3408897061543,435.0707222323222,0.03227042087915233,0.0051711570341888,0.005157832517358099,0.1123509127405719,2469120.0,2.028171980300674,1
2024-06-24,451.6195068359375,457.65811504055165,449.61323262216155,449.61323262216155,2597100,442.4899475097656,447.44090148925784,429.3865019226074,445.2352669592633,445.46608213520676,-0.23081517594346224,-1.7563108706653907,1.5254956947219285,74.5103880400132,442.4899475097656,450.6321493199779,434.34774569955334,0.03680174817997453,0.00463893047917785,0.004628203801930032,0.1049142049753112,2494745.0,1.0410282413633458,0
2024-06-25,450.3248291015625,454.9303714715001,448.49644395164023,453.1217718852991,2299400,442.7108383178711,447.24857666015623,429.59826507568357,446.0182765196171,445.8259893178998,0.19228720171724945,-1.3665912561888627,1.5588784579061121,69.55426285605196,442.7108383178711,451.46041355491366,433.96126308082853,0.03952726917772126,-0.0028667444934908914,-0.00287086147559278,0.10563769510446183,2501610.0,0.9191680557720828,0
2024-06-26,447.093017578125,449.3661253009512,446.11459740817463,447.458688544231,2451400,443.07157135009766,447.10210876464845,429.7927871704102,446.1836212978491,445.91984326310165,0.2637780347474177,-1.0405173980016067,1.3042954327490244,59.79440531191872,443.07157135009766,451.92374378999676,434.21939891019855,0.03995820545617661,-0.007176622994306658,-0.007202498828168031,0.09646167915723526,2490640.0,0.9842450133299072,0
2024-06-27,437.5755310058594,443.45600475172733,436.83429634012384,443.32751925058665,3313800,443.0854064941406,446.764697265625,429.93061981201174,444.85929971446603,445.3017460588615,-0.4424463443954778,-0.920903187280381,0.4784568428849032,41.94518753025121,443.0854064941406,451.90037715953036,434.27043582875086,0.03978903631756746,-0.0212874864917848,-0.021517332785350476,0.12264342621856404,2562485.0,1.2931978138408615,0
2024-06-28,436.0041198730469,443.0606582515061,433.59263399916375,439.4434596015973,4105000,443.03895416259763,446.3891375732422,430.06266189575194,443.49696435424767,444.6130330080604,-1.1160686538127607,-0.959936280586857,-0.15613237322590368,38.42849252635092,443.03895416259763,451.99902957500365,434.0788787501916,0.04044825100917703,-0.0035911768859658855,-0.003597640641311573,0.12329861474456023,2658240.0,1.5442548453111833,0
2024-07-01,432.49560546875,437.29882197721946,430.4596832521845,435.6483261184729,3149700,442.5714797973633,446.05133178710935,430.17701400756835,441.80444760263265,443.71544578292634,-1.9109981802936886,-1.1501486605282234,-0.7608495197654652,35.55831221779437,442.5714797973633,452.6939952965806,432.44896429814594,0.04574409315237421,-0.008046975348119378,-0.008079527000080867,0.1187382637290624,2619870.0,1.202235225411948,1
2024-07-02,439.4533386230469,439.56206872910553,429.91612487355263,429.91612487355263,2061300,442.6436248779297,445.8390417480469,430.3407171630859,441.4427385288502,443.3997341414538,-1.9569956126035777,-1.3115180509432944,-0.6454775616602832,45.34268923089019,442.6436248779297,452.64915876766975,432.6380909881897,0.045208078586918846,0.016087407747775506,0.015959376703625124,0.12965402999064898,2616745.0,0.787734379926206,1
2024-07-03,442.94207763671875,444.0391206625607,439.0876632775106,440.11551716027174,3192400,442.81213226318357,445.6696447753906,430.51709182739256,441.6734060839069,443.36583365962156,-1.692427575714646,-1.3876999558975647,-0.3047276198170814,55.80454027061142,442.81213226318357,452.71281522120506,432.9114493051621,0.0447173066709792,0.007938815585297965,0.007907468982819538,0.13206837236871347,2671535.0,1.1949684357494847,1
2024-07-05,444.23675537109375,444.69140102054564,439.08765361176825,441.88456584545673,2220700,442.9519744873047,445.4061590576172,430.68606582641604,442.0677675127049,443.4303463789899,-1.3625788662849914,-1.38267573797505,0.020096871690058693,55.11036228858533,442.9519744873047,452.8500569912781,433.0538919833313,0.04469144771475484,0.002922905273038623,0.002918641891041802,0.13164075551418805,2674720.0,0.8302551295088831,0
2024-07-08,441.0247497558594,445.34367240996687,439.7992513810326,444.02922949124945,1802700,442.8314010620117,445.08475891113284,430.85669143676756,441.90730324242094,443.2521540365358,-1.3448507941148478,-1.3751107492030097,0.030259955088161927,51.719718248539195,442.8314010620117,452.7633391362845,432.8994629877389,0.04485652124241295,-0.007230391399179026,-0.0072566573644594805,0.13329859216352158,2670500.0,0.6750421269425201,0
2024-07-09,440.1537780761719,443.00431003664835,438.26330066456933,442.0838248138197,1608400,442.6124237060547,444.75364868164064,431.0377708435059,441.6375301399211,443.02264470613846,-1.3851145662173394,-1.3771115126058757,-0.008003053611463695,46.8884643993337,442.6124237060547,452.579424189529,432.6454232225804,0.0450371473987071,-0.0019748816368461153,-0.001976834286844512,0.13303279831168885,2667685.0,0.6029197600166436,0
2024-07-10,429.2068786621094,432.93832678149107,424.6637760123039,430.166933278424,4760900,441.87278747558594,444.19747253417967,431.19934188842774,439.72512222025773,441.999254628803,-2.274132408545256,-1.556515691793752,-0.7176167167515042,35.14889982407384,441.87278747558594,453.4687337204326,430.27684123073925,0.05248545089682572,-0.02487062467556067,-0.025185124146728986,0.15881192612524261,2808005.0,1.6954741889704612,1
2024-07-11,431.9584045410156,433.2945790571448,425.7128851410591,427.58357779258523,4032600,441.28110656738284,443.8014831542969,431.38027877807616,438.53024257729743,441.25548795563355,-2.725245378336126,-1.7902616291022269,-0.9349837492338993,35.61292653557409,441.28110656738284,453.6467904368069,428.9154226979588,0.05604447453286035,0.006410721765417904,0.0063902604897799874,0.16134485745215985,2920770.0,1.380663318234575,1
2024-07-12,435.6106872558594,437.7090396098115,432.8492315144062,432.92840037418114,2645600,441.1705093383789,443.5951611328125,431.57814895629883,438.0810802201531,440.8373545704651,-2.756274350311969,-1.9834641733441754,-0.7728101769677937,37.19895760968499,441.1705093383789,453.7048505963387,428.6361680804191,0.05682311483946414,0.008455172249107079,0.00841962749768463,0.15817229511518938,2916105.0,0.907237565176837,1
2024-07-15,439.4609375,439.8568422133858,434.25470141247587,435.82844303696004,1727700,441.1535934448242,443.64630920410156,431.83025024414064,438.29336595551416,440.7353977504306,-2.4420317949164314,-2.075177697658627,-0.3668540972578045,39.1729396866117,441.1535934448242,453.69663682303025,428.61055006661815,0.056864745361186,0.008838741465218236,0.008799908445469138,0.1606097843686821,2856660.0,0.6047972107286131,0
2024-07-16,438.9957275390625,442.5886223576463,435.20489547272183,442.37087024119904,2846600,441.13170166015624,443.70732666015624,432.07953353881834,438.4014215837524,440.60653329032925,-2.205111706576872,-2.101164499442276,-0.10394720713459638,39.76030363378588,441.13170166015624,453.6889054887988,428.57449783151367,0.056931767911418546,-0.0010585922916925838,-0.0010591529962525432,0.1606275961860678,2890915.0,0.9846709432826631,1
2024-07-17,446.5477294921875,446.9040346612758,437.5407540712605,437.87727457726356,2925000,441.31544189453126,443.8703643798828,432.3470947265625,439.6546997235116,441.0466218978743,-1.3919221743626622,-1.9593160344263532,0.567393860063691,49.54284813695521,441.31544189453126,454.08565631745665,428.54522747160587,0.05787340849938947,0.01720290535732616,0.017056610791915783,0.1698698227521423,2919570.0,1.0018598629250197,0
2024-07-18,444.13262939453125,450.7740230031324,442.90531587670654,444.162321489137,3339900,441.2795974731445,443.8706530761719,432.619947052002,440.3436119805915,441.2752150457748,-0.9316030651833103,-1.7537734405777448,0.8221703753944345,56.240419205329175,441.2795974731445,454.0120131634984,428.54718178279063,0.05770679525299722,-0.005408380645900213,-0.005423058884093582,0.17040370612049408,2954740.0,1.1303532628928434,0
2024-07-19,439.15411376953125,446.6269172583361,439.03534537480704,446.6071325944133,2121700,440.87622833251953,443.6984344482422,432.86820175170897,440.160612255813,441.1180964327197,-0.9574841769066893,-1.5945155878435338,0.6370314109368445,52.81528834756083,440.87622833251953,453.32402100865977,428.4284356563793,0.05646842300035198,-0.011209524577797891,-0.011272824786468362,0.17359200645148043,2910485.0,0.7289850317043379,1
2024-07-22,443.3606872558594,444.2613879006761,438.7186309663555,440.85655279269037,2111700,440.5675552368164,443.57654724121096,433.16105560302736,440.65293148658935,441.28421427147083,-0.6312827848814777,-1.4018690272511225,0.7705862423696448,59.5909293929456,440.5675552368164,452.4024562390361,428.73265423459674,0.05372570386331838,0.00957880924812593,0.009533223329508341,0.17630449701882378,2765680.0,0.763537357901131,0
2024-07-23,437.2042541503906,444.15247712509097,436.60047453355077,443.46952864659033,2385500,439.84679260253904,443.3172998046875,433.40984375,440.12236574255877,440.9819950032427,-0.8596292606839029,-1.2934210739376786,0.4337918132537757,47.98617775455732,439.84679260253904,450.54931933595776,429.1442658691203,0.04866479380282716,-0.013885834451343504,-0.0139831445217445,0.18115436687791076,2755100.0,0.8658487895176219,0
2024-07-24,428.02899169921875,431.4041040256727,424.47566638590195,429.56313366578877,3764800,438.73200073242185,442.8450939941406,433.60777923583987,438.261846658968,440.0225132770187,-1.7606666180506636,-1.3868701827602756,-0.373796435290388,37.881000327358215,438.73200073242185,449.4837479472981,427.9802535175456,0.04901282421581851,-0.02098621494203423,-0.02120955579696408,0.19386188985265151,2828370.0,1.3310846883540697,0
2024-07-25,425.2081604003906,433.2253592960487,425.1685608669995,429.50378850271943,2384300,437.6377578735352,442.3010534667969,433.7730360412598,436.2535872345715,438.92515380467586,-2.6715665701043463,-1.6438094602290896,-1.0277571098752567,34.91084137688037,437.6377578735352,449.2285039988077,426.04701174826266,0.052969589194458454,-0.006590280923798653,-0.006612092708466498,0.19368395688177967,2825015.0,0.8439955186078658,1
2024-07-26,433.700439453125,436.27386546189734,427.6924863562221,427.86076172149166,2039600,437.4440032958984,441.9972271728516,433.9966683959961,435.86079526819515,438.5381379267832,-2.6773426585880316,-1.850516099900878,-0.8268265586871535,44.64081158534869,437.4440032958984,449.1679187295301,425.7200878622668,0.053601902622042744,0.019972050970841648,0.01977522591178643,0.19578045514963313,2761305.0,0.7386362607535205,1
2024-07-29,436.78851318359375,438.39197705828695,430.9686506601593,434.31407105088454,2248600,437.4832229614258,441.6800506591797,434.20800216674803,436.0035211013334,438.40853609395435,-2.405014992620977,-1.961415878444898,-0.4435991141760789,47.61502070011416,437.4832229614258,449.1920954998373,425.77435042301425,0.05352832713973095,0.007120291910154952,0.007095062322273008,0.19713205545882378,2668485.0,0.8426504177463991,1
2024-07-30,442.8757019042969,444.1426151736063,438.48108989390596,439.2332998251367,2266900,438.0022277832031,441.467421875,434.45253112792966,437.0607796864047,438.7394372650908,-1.6786575786861135,-1.9048642184931412,0.2262066398070277,60.40379451634783,438.0022277832031,449.70044390784244,426.3040116585638,0.05341624029560668,0.013936238103735343,0.013840021637361956,0.20040572079784574,2624345.0,0.8637964901718334,1
2024-07-31,458.9693908691406,469.15420258536295,452.8624849362721,457.27688100092337,4313600,438.9780303955078,441.548994140625,434.7770849609375,440.43133525297947,440.2379523468723,0.19338290610716058,-1.485214793573081,1.6785976996802416,67.08827327151073,438.9780303955078,453.9762873314838,423.9797734595318,0.0683326084563409,0.03633906510482143,0.03569437321163103,0.23085508893918963,2736960.0,1.5760551853150941,0
2024-08-01,457.6827392578125,462.72070004648157,454.4956564364344,460.70154671598516,2590100,439.7150634765625,441.61689025878906,435.1044190979004,443.0853974075692,441.53015878471973,1.5552386228494584,-0.8771241102885732,2.4323627331380315,64.39455486078467,439.7150634765625,456.8325505993854,422.59757635373956,0.07785717863511543,-0.00280334949764649,-0.002807286240949057,0.23050845407601012,2706845.0,0.9568704525009744,0
2024-08-02,457.2967224121094,461.9783781249688,453.9215794850146,455.51513603558993,3808100,440.3680618286133,441.688134765625,435.41440155029295,445.2717551005754,442.6980523867486,2.5737027138267763,-0.18695874546550328,2.7606614592922796,62.182276300545745,440.3680618286133,459.1293356717485,421.6067879854781,0.08520724125736845,-0.0008434157825770727,-0.0008437716577828032,0.23063931766131832,2786215.0,1.3667645892366527,0
2024-08-05,437.48138427734375,456.5840661239587,435.09601835378476,450.3484838149127,4496700,440.1908935546875,441.4140704345703,435.62230194091796,444.0732365123859,442.31163252679266,1.76160398559324,0.20275380074624536,1.5588501848469947,49.181913263220096,440.1908935546875,458.99293447602736,421.3888526333476,0.08542676005633448,-0.04333146765243667,-0.04429830870939098,0.2793276115531885,2920915.0,1.5394833468279632,1
2024-08-06,443.71697998046875,450.79390910423126,437.59025844542174,438.6889265306257,2758900,440.36905364990236,441.3696765136719,435.90355529785154,444.01842781516785,442.41573233817604,1.602695476991812,0.48274213599535876,1.1199533409964533,48.4486926993998,440.36905364990236,459.2370249288466,421.5010823709581,0.08569163124684266,0.014253396663781004,0.014152772040178401,0.2839049646418156,2978440.0,0.9262902727602369,1
2024-08-07,445.2412414550781,452.2488788912064,444.4494320095197,445.9241899392498,2059800,441.17077178955077,441.3563610839844,436.2187399291992,444.2065529905387,442.6250293097984,1.581523680740304,0.7024984449443479,0.879025235795956,50.61353205779736,441.17077178955077,459.3933179165277,422.94822566257386,0.08260994287114518,0.0034352110542996694,0.0034293241946903525,0.2675926882407032,2843385.0,0.7244182550024003,1
2024-08-08,450.92254638671875,451.60549486352284,446.41907357819906,447.6166951685045,1585400,442.1189788818359,441.5772448730469,436.5793783569336,445.23978274379715,443.2396602043851,2.000122539412075,0.9620232638378934,1.0380992755741818,56.46265640135277,442.1189788818359,460.29668705528996,423.94127070838186,0.08222993828234804,0.012760059946544278,0.012679336348335452,0.2699287236662812,2721025.0,0.5826480829834345,1
2024-08-09,452.11029052734375,454.10962898847123,448.82422397469963,450.9225461668044,1760200,442.94395904541017,441.87347412109375,436.9496012878418,446.29678394126586,443.89674393201165,2.4000400092542122,1.249626612921157,1.1504133963330552,54.96963345558068,442.94395904541017,461.3738815496856,424.5140365411347,0.08321559478537119,0.002634031387745983,0.002630568406804227,0.26895407818099437,2676755.0,0.6575872651774256,0
2024-08-12,451.03143310546875,453.7731042148398,449.24984678695074,453.0901557447694,1760000,443.5224838256836,442.155439453125,437.2984666442871,447.0251915049894,444.4252394263418,2.5999520786475614,1.519691706066438,1.0802603725811233,58.33433583240718,443.5224838256836,462.21656780880585,424.82839984256134,0.0842982471683196,-0.0023862704399332246,-0.002389122120730478,0.2681173759451514,2678370.0,0.6571160817960178,1
2024-08-13,454.6638488769531,454.94101537376514,450.2395756510329,453.45635019816547,1816100,444.30588989257814,442.4118145751953,437.6684504699707,448.20036956221463,445.18365494120195,3.0167146210126816,1.819096289055687,1.1976183319569946,67.20370230929137,444.30588989257814,463.50753827172247,425.1042415134338,0.08643436342375205,0.008053575659847656,0.008021318692939495,0.2689424594814256,2626845.0,0.6913616905451216,1
2024-08-14,455.45574951171875,455.8318695728759,451.4075655479903,454.56495632800636,1654100,444.7512908935547,442.76072082519534,438.1494075012207,449.3165818621383,445.9445508353143,3.372031026824004,2.1296832366093508,1.2423477902146534,70.06305425499829,444.7512908935547,464.5750754436199,424.92750634348954,0.0891454840310277,0.0017417277329649927,0.0017402126841636785,0.26279771240797595,2563300.0,0.6453009792064917,1
2024-08-15,463.9183044433594,464.20534819085145,459.2564638817806,460.3452244708947,2130500,445.7405746459961,443.2476483154297,438.6751898193359,451.5630007207877,447.2759399914658,4.287060729321922,2.5611587351518654,1.7259019941700569,70.05124495721351,445.7405746459961,467.3304581467,424.1506911452922,0.09687196871341769,0.018580410809860393,0.018409903798912424,0.2686258984717878,2502830.0,0.8512364003947531,1
2024-08-16,464.0865783691406,465.4524752671268,461.2756157149281,463.2155699005354,1921900,446.98719787597656,443.70058166503907,439.1607225036621,453.48970497438046,448.52117246388616,4.968532510494299,3.0426334902203522,1.9258990202739468,68.8439799531904,446.98719787597656,469.8192970563123,424.15509869564085,0.10215996918404287,0.0003627231867540104,0.00036265741860218103,0.26399728001331507,2492840.0,0.7709680525023668,0
2024-08-19,462.2060546875,465.34363072900004,460.7609585808954,464.2053932685013,1690800,447.9294662475586,444.0759783935547,439.61748962402345,454.83068185332195,449.5348674434131,5.295814409908871,3.4932696741580562,1.802544735750815,64.16659323376578,447.9294662475586,471.6688503851316,424.1900821099856,0.10599608164403662,-0.0040520966761181665,-0.004060328665257129,0.26385542320204664,2471795.0,0.6840373089192268,1
2024-08-20,464.3241271972656,464.8685226070656,460.7510471431092,463.34425774745637,1763300,449.2854598999023,444.47179443359374,440.07760467529295,456.2912119062364,450.6303681659207,5.660843740315727,3.9267844873895905,1.7340592529261363,54.93528527582513,449.2854598999023,473.53800209446814,425.0329177053365,0.10796050332885965,0.004582528697504085,0.004572060880072436,0.25696166221765643,2440685.0,0.7224611123516553,0
2024-08-21,463.215576171875,464.29442933786055,459.7711417827373,463.7500641404086,2105900,451.04478912353517,444.8561138916016,440.50818252563477,457.35649871633467,451.5626057959914,5.793892920343296,4.300206173980332,1.4936867463629646,55.11623129316204,451.04478912353517,473.86762384028174,428.2219544067886,0.10119985982365799,-0.0023874508354368995,-0.002390305340414643,0.24183779774115272,2357740.0,0.893185847464097,1
2024-08-22,464.0272216796875,466.09585181244853,461.9288994476274,464.69035529923394,1538200,452.9857421875,445.26081787109376,440.92626403808595,458.38276378761975,452.4859106762651,5.8968531113546305,4.619535561455192,1.277317549899439,56.1751053753614,452.9857421875,472.98497728750414,432.9865070874959,0.08829962286859803,0.0017521982194987906,0.0017506649110441922,0.23875432440548178,2315435.0,0.6643244142029467,0
2024-08-23,461.6715087890625,465.5316323998891,457.17791350589937,465.4920328689701,1986300,454.38429565429686,445.73779541015625,441.3320251464844,458.8887245570725,453.1663253512871,5.722399205785393,4.840108290321233,0.8822909154641607,82.65633522900492,454.38429565429686,472.5313863342202,436.2372049743735,0.07987551882175939,-0.0050766696016190105,-0.0050895996684227575,0.23370841346312574,2312770.0,0.858840265136611,1
2024-08-26,463.8490295410156,465.71969204857953,462.22578103612335,463.3145415936009,1434400,455.737321472168,446.2187908935547,441.73532180786134,459.6518484007561,453.9576367727485,5.694211628007565,5.010928957858499,0.6832826701490662,80.522214521217,455.737321472168,472.3290843314849,439.14555861285106,0.07281283352313815,0.004716601978893342,0.004705513664221213,0.23333366308237335,2272060.0,0.631321355950107,1
2024-08-27,470.13409423828125,470.63889009534023,463.4333158674039,466.26406314721106,1635900,457.10024108886716,446.8328015136719,442.165954284668,461.26450160652917,455.1558928813065,6.108608725222666,5.230464911331333,0.8781438138913336,82.97927739758981,457.10024108886716,473.7217625579108,440.47871961982355,0.07272593612923578,0.013549806719407753,0.013458828987485452,0.23309984726142188,2240510.0,0.7301462613422837,0
2024-08-28,466.97674560546875,471.5396329803313,464.07670643678483,470.144043878043,1445300,457.50060882568357,447.3148779296875,442.5893730163574,462.1433083755968,456.03151160161485,6.1117967739819505,5.406731283861457,0.7050654901204938,72.79377866207264,457.50060882568357,474.6878248202879,440.3133928310792,0.07513527048071317,-0.006715846971124484,-0.0067384997500908655,0.1993080990865488,2097095.0,0.6891914767809756,1
2024-08-29,475.8846740722656,476.99324946262635,469.61940020931877,469.61940020931877,1893400,458.41070556640625,447.9355810546875,443.0257000732422,464.2573646366228,457.50211622907045,6.755248407552358,5.676434708599637,1.0788136989527208,77.68559973104733,458.41070556640625,477.4647949562484,439.3566161765641,0.08313108380092984,0.019075743172707993,0.018896082364060693,0.20876300301853642,2062260.0,0.9181189568725573,1
2024-08-30,478.39874267578125,480.7742010926449,474.74646365518635,476.9140773895424,2982100,459.46580657958987,448.5591259765625,443.47474533081055,466.4329612580318,459.05001448438236,7.382946773649451,6.0177371216096,1.3652096520398507,80.83878049585685,459.46580657958987,480.49482381427254,438.4367893449072,0.09153681050274182,0.005282936687164286,0.00526903093112915,0.20877520929916446,2020960.0,1.4755858601852585,0
2024-09-03,477.19122314453125,481.71451072212557,475.1325005306675,477.53765109262764,2063700,461.45129852294923,449.11226745605467,443.901494140625,468.0880784713394,460.3938077184675,7.694270752871887,6.353043847862058,1.3412269050098287,76.85238874390782,461.45129852294923,481.2001156287014,441.7024814171971,0.08559437222938052,-0.002524085921497443,-0.0025272767968602984,0.12300197509570845,1899310.0,1.0865524848497612,1
2024-09-04,478.20086669921875,481.19988975346047,476.26088206193765,477.1615827423332,2156300,463.17549285888674,449.64389465332033,444.3373313903809,469.6438920448593,461.71284912444906,7.931042920410221,6.668643662371691,1.2623992580385295,76.97192619806549,463.17549285888674,482.4199589062412,443.93102681153226,0.08309794600129065,0.002115804955577838,0.002113569792496967,0.11750514222443716,1869180.0,1.1536074642356542,0
2024-09-05,472.4798889160156,479.2103899939974,468.27333706937475,478.2008284248174,2293500,464.5374252319336,450.08699584960937,444.74323333740233,470.0801992558064,462.5104076275281,7.569791628278324,6.848873255553018,0.7209183727253059,60.858657014045434,464.5374252319336,482.23070207386513,446.84414839000203,0.07617589404383371,-0.011963545408631648,-0.012035684555275502,0.13013072440592002,1880865.0,1.219385761338533,0
2024-09-06,471.2525634765625,475.52840684935455,469.8569744504876,472.2324329223965,2116200,465.5539260864258,450.57018676757815,445.1272325134277,470.2605629820765,463.1579747274565,7.102588254620002,6.899616255366415,0.20297199925358722,58.850850087183595,465.5539260864258,482.2623222840254,448.8455298888262,0.07177856424949508,-0.002597624720639291,-0.002601004401764787,0.12622132610533612,1907405.0,1.1094654779661373,1
2024-09-09,482.11041259765625,484.2087347318339,474.66730139979,475.5877866407201,2343600,467.0539321899414,451.46088439941406,445.54532012939455,472.0836167690888,464.56185901413795,7.5217577549508405,7.0240445552833,0.49771319966754035,70.12198583310709,467.0539321899414,484.0644269935083,450.04343738637453,0.07284167258289583,0.023040403305166768,0.022778981111547185,0.1462652009634155,1936575.0,1.210177762286511,1
2024-09-10,483.0309143066406,483.33774273074476,477.39908130071336,482.1203364691685,2234100,468.65390625,452.40142028808594,445.9455924987793,473.76781639025063,465.929937183953,7.837879206297657,7.186811485486173,0.6510677208114846,69.38058905881863,468.65390625,485.33538400060445,451.9724284993955,0.07118889879349842,0.0019093172122639501,0.0019074967829717689,0.14485480476413956,1960280.0,1.139684126757402,1
2024-09-11,483.1892395019531,484.109724692856,472.95495083400994,481.5462063602861,2480000,470.08017578125,453.41529296875,446.33985748291013,475.2172660997433,467.20840402232335,8.008862077419963,7.351221603872931,0.6576404735470316,71.10870727684494,470.08017578125,486.6023133176291,453.55803824487083,0.07029497684696094,0.000327774456299057,0.0003277207499873402,0.14420858132367562,1993475.0,1.2440587416446156,1
2024-09-12,487.0790710449219,487.841218550829,478.0622184421406,481.9718490809954,2299100,471.66134185791014,454.3678076171875,446.74288009643556,477.04215916823233,468.6803052832566,8.361853884975744,7.553348060093494,0.8085058248822499,72.87360999826183,471.66134185791014,488.34254312662586,454.98014058919443,0.07073380745179235,0.008050327335472618,0.008018096314995367,0.14516409288792265,2025725.0,1.1349516839650002,1
2024-09-13,488.3162536621094,491.77059513567326,486.4258066087916,488.05893224122906,2204700,472.88123931884763,455.2752911376953,447.1694807434082,478.77663524421337,470.1348199779864,8.641815266226956,7.771041501320187,0.8707737649067697,77.03892500224526,472.88123931884763,490.7073893733909,455.05508926430434,0.07539377151109067,0.002540003647730993,0.0025367832904592044,0.13362631448085108,2029435.0,1.086361474991808,1
2024-09-16,492.6218566894531,493.2256363105685,488.3460434008329,490.2364907152122,1589200,474.3080032348633,456.2429931640625,447.6174122619629,480.9066693127118,471.800526401058,9.10614291165382,8.038061783386913,1.0680811282669058,77.98958348176754,474.3080032348633,493.67182207258344,454.94418439714315,0.0816508205877005,0.008817242913898626,0.008778598022397149,0.1351110772810621,2012800.0,0.7895468998410174,1
2024-09-17,495.8683166503906,496.6106493211767,492.7604329089415,493.50276557972757,2202800,475.9911163330078,457.3398645019531,448.07758544921876,483.20846121081627,473.5833256787863,9.625135532029958,8.355476533115523,1.2696589989144353,76.60661875370343,475.9911163330078,496.72898198888174,455.2532506771339,0.08713551553498118,0.006590166304748513,0.00656854609399346,0.13298490796973708,2038400.0,1.080651491365777,0
2024-09-18,489.70196533203125,496.66997205819666,488.9893248480382,496.15529901082004,2193800,477.26000823974607,458.3308282470703,448.4871699523926,484.2074618448494,474.77729898643406,9.430162858415315,8.570413798175482,0.8597490602398334,72.11934095259369,477.26000823974607,498.0974623885969,456.42255409089523,0.08732118253823347,-0.012435461414460391,-0.012513428812779337,0.14446425432955354,2059925.0,1.0649902302268286,0
2024-09-19,487.96990966796875,496.00689310715285,481.279008287985,494.8884403989563,3517200,478.49772491455076,459.5060888671875,448.885482635498,484.7862999714831,475.7545294072885,9.03177056419463,8.662685151379312,0.36908541281531804,63.67303138718037,478.49772491455076,498.75535333254567,458.24009649655585,0.08467178572944094,-0.0035369587763204313,-0.0035432286034590044,0.14505792212918947,2130490.0,1.6508878239278288,0
2024-09-20,487.7026062011719,488.4845383234182,482.75372224749486,484.64419954247035,3470200,479.681494140625,460.6209729003906,449.3126611328125,485.2349624683583,476.6395721327613,8.59539033559696,8.649226188222842,-0.0538358526258822,61.09004108352243,479.681494140625,499.129523954768,460.23346432648196,0.08108726332661716,-0.0005477867825471883,-0.000547936872540801,0.14547501219337525,2227090.0,1.5581768136896128,1
2024-09-23,492.05767822265625,492.602043408489,486.2773548316855,488.1183554815202,2191300,481.2008026123047,461.7499127197266,449.75934844970703,486.2846110459426,477.7816540653461,8.50295698059648,8.61997234669757,-0.11701536610109109,66.48367414337301,481.2008026123047,499.43447445877456,462.96713076583484,0.07578404585979222,0.00892976983536542,0.008890135217964723,0.14425095550576408,2237340.0,0.9794219921871508,0
2024-09-24,482.4271545410156,488.20744791753737,479.46773132434544,487.64326784444836,4143700,482.1297088623047,462.6092370605469,450.14955673217776,485.6911561990308,478.125765211692,7.5653909873387875,8.409056074825815,-0.8436650874870271,53.93396566760124,482.1297088623047,498.43198394849304,465.8274337761164,0.06762609640736422,-0.019571940664408927,-0.019766007444391775,0.16518018560409078,2372805.0,1.746329765825679,1
2024-09-25,484.4462890625,484.89167051957395,478.5967042815242,479.80423324113394,3483200,482.84531860351564,463.51824829101565,450.53621322631835,485.49963817802603,478.5939521636037,6.905686014422315,8.108382062745115,-1.2026960483227995,61.963165477107935,482.84531860351564,498.156887324164,467.53374988286726,0.06342225193332089,0.004185366645468758,0.004176632360798276,0.15976412830034445,2465170.0,1.4129654344325138,1
2024-09-26,486.2476501464844,488.58353916136593,484.0008676268105,485.9804212776359,3073700,483.8088638305664,464.31224670410154,450.93675384521487,485.61471694240424,479.1608927549282,6.453824187476016,7.7774704876912955,-1.3236463002152794,64.82092452401075,483.8088638305664,497.22374568544313,470.39398197568966,0.05545529591444085,0.003718391748795069,0.003711495619915451,0.156872358217676,2546590.0,1.2069865977640688,1
2024-09-27,488.5934753417969,490.9293342885171,485.37670046994674,486.01014196857176,2177200,484.44430389404295,465.2014636230469,451.3315328979492,486.0729874653877,479.8596025761778,6.2133848892099195,7.46465336799502,-1.251268478785101,57.704077155007035,484.44430389404295,497.47729486318997,471.4113129248959,0.05380594162996943,0.004824342481872801,0.004812742634478998,0.1440115793523956,2560780.0,0.8502097017315037,1
2024-09-30,488.7518005371094,489.9296374149116,485.0995215136037,486.7524621573943,2862400,484.9619567871094,466.19341735839845,451.7022718811035,486.4851125533449,480.51828390661717,5.96682864672772,7.165088423741561,-1.198259777013841,56.92377356037573,484.9619567871094,497.80494366007605,472.1189699141427,0.05296492515846776,0.0003240427948854041,0.00032399030435809083,0.14329288028691622,2554795.0,1.120403006894878,1
2024-10-01,491.30548095703125,492.9386068624146,488.06889104056404,492.1764894947277,3748100,485.66766967773435,467.1523132324219,452.06641616821287,487.22670769237357,481.3173355399812,5.909372152392393,6.913945169471727,-1.004573017079334,59.2844669948689,485.66766967773435,498.2614974476072,473.0738419078615,0.05186191528140845,0.005224902326938841,0.005211299885156187,0.1433265194162159,2639015.0,1.4202647578736765,0
2024-10-02,490.5037536621094,490.8402741889814,484.6739531263936,487.9006355393348,1736500,486.2828140258789,468.21830322265623,452.4567047119141,487.73086861079446,481.9978109564351,5.7330576543593565,6.677767666449254,-0.9447100120898977,54.215449988580495,486.2828140258789,498.5383208458199,474.0273072059379,0.05040485275833243,-0.001631830553488145,-0.0016331634391922264,0.143728778798186,2618025.0,0.6632862558608111,0
2024-10-03,489.9098205566406,492.0081425254081,487.95995906574046,490.4838778062581,1382200,487.15431060791013,469.4559197998047,452.843974609375,488.0660919870785,482.58388574163547,5.482206245443024,6.438655382248008,-0.9564491368049843,51.99308690680301,487.15431060791013,497.62614937622567,476.6824718395946,0.042991875634839145,-0.0012108635276171231,-0.001211597215181856,0.13538397094604462,2572460.0,0.5373067025337614,1
2024-10-04,492.6119384765625,493.9481130274445,487.4353948015804,490.4938015698338,1935600,488.22227935791017,470.80399536132813,453.21588302612304,488.7654529854607,483.32670446274113,5.43874852271955,6.238674010342317,-0.799925487622767,49.9870768667963,488.22227935791017,495.83101643071296,480.61354228510737,0.03116915140705784,0.005515541445672012,0.005500386546398203,0.13491313400647922,2563430.0,0.7550820580238197,0
2024-10-07,486.2773742675781,493.4334720606009,485.73300905998775,492.24572770964824,1990500,488.4306274414063,471.8555340576172,453.5509945678711,488.382671644248,483.54527259643277,4.837399047815211,5.9584190178368965,-1.1210199700216856,38.43405028315372,488.4306274414063,495.5469650756531,481.31428980715947,0.02913960441639382,-0.012859136602686672,-0.012942530991060464,0.1210156742269511,2545775.0,0.7818837092830278,1
2024-10-08,491.9784851074219,492.4436814412566,486.50502026324347,487.4651050285793,1750100,488.8780059814453,472.95933349609373,453.9442715454102,488.9358737155055,484.1699550046542,4.765918710851338,5.719918956439785,-0.9540002455884471,52.776464755717114,488.8780059814453,495.68323898663135,482.0727729762593,0.02784020930344051,0.011723989520241673,0.0116557960373832,0.12742185064123487,2521575.0,0.6940503455181781,1
2024-10-09,495.4968566894531,496.2897188299221,491.17567636036716,493.9408337368871,1707500,489.49338684082034,474.0117565917969,454.3354818725586,489.94525571149745,485.0089847590838,4.936270952413679,5.563189355634565,-0.6269184032208859,58.79664601634193,489.49338684082034,496.3582697248702,482.6285039567705,0.028048930051356374,0.007151474482188114,0.0071260239557089,0.1292694586311132,2482950.0,0.6876900461145009,0
2024-10-10,493.58404541015625,496.26000817711804,491.42347027740374,495.54642012231176,1491000,489.81863555908205,474.7040496826172,454.71387634277346,490.50506951129114,485.644174436941,4.86089507435014,5.42273049937768,-0.5618354250275406,56.618984981127674,489.81863555908205,496.81698518407256,482.82028593409154,0.028575268954406156,-0.0038603903404693662,-0.003867860879588928,0.12791485906382333,2442545.0,0.6104288764383051,1
2024-10-11,497.7862854003906,498.440410285757,492.0478495504846,492.08750173177265,1919900,490.2921371459961,475.50612060546877,455.11540069580076,491.6252565711526,486.54359006386323,5.081666507289356,5.354517700960016,-0.27285119367066013,56.46924133614827,490.2921371459961,498.09743198277255,482.48684230921964,0.03183936369941109,0.008513727356690426,0.008477689977092459,0.13078333292636382,2428305.0,0.7906337960017379,1
2024-10-14,502.1470947265625,504.2581272847413,497.5781410720401,499.8675630798742,2127000,490.7683990478516,476.4031280517578,455.53532974243166,493.2440009027541,487.6994052240632,5.544595678690939,5.392533296506201,0.152062382184738,75.27807790797473,490.7683990478516,500.17118025651524,481.3656178391879,0.03831860905024109,0.008760404724015736,0.008722255021210087,0.13073838208700347,2455195.0,0.866326299947662,1
2024-10-15,502.7120666503906,505.3384568076333,499.51082566884264,501.1163913406002,2885900,491.11058654785154,477.70774169921873,455.9484268188477,494.70062640239047,488.81145421860595,5.889172183784524,5.491861073961866,0.3973111098226578,74.3207430481455,491.11058654785154,501.71603290655287,480.5051401891502,0.04318964668731686,0.0011251124018467618,0.0011244799372397633,0.12906222959126826,2489350.0,1.1592986120874926,1
2024-10-16,509.4911193847656,510.80928984063894,501.4929926579007,501.83988121185445,2956700,492.1000442504883,479.0232244873047,456.39448287963864,496.9760868612174,490.3432812679511,6.632805593266312,5.720049977822756,0.9127556154435563,77.32626391352518,492.1000442504883,505.48139680546484,478.7186916955117,0.05438468340460134,0.013484961241420734,0.013394848360182869,0.12680388629780628,2527495.0,1.1698143814329998,0
2024-10-17,509.18389892578125,512.4346521882172,506.9638302585557,511.69133251184047,2227400,493.1607437133789,480.30207763671876,456.86176544189453,498.85421179422724,491.73888257593853,7.115329218288707,5.9991058259159455,1.1162233923727616,75.42596624829383,493.1607437133789,508.3980679973314,477.9234194294264,0.0617945547296372,-0.0006029947280639103,-0.0006031766025015064,0.1255218626388843,2463005.0,0.9043424597189206,1
2024-10-18,511.7409362792969,513.3861238824239,508.014417284443,509.9569206602425,2604600,494.36266021728517,481.5184454345703,457.3572050476074,500.83678479193026,493.22051618359467,7.616268608335588,6.322538382399874,1.2937302259357137,76.80033129169607,494.36266021728517,511.4653006343934,477.26001980017696,0.06919066423661994,0.00502183466309547,0.005009267307963055,0.12548532809442162,2419725.0,1.076403310293525,0
2024-10-21,510.4226989746094,514.1987600221007,509.3622224479514,512.3850433089192,2217500,495.2809112548828,482.6846936035156,457.8411270141602,502.31154082003474,494.49475194589206,7.816788874142674,6.6213884807484344,1.1954003933942392,72.94752458926314,495.2809112548828,513.7777085446871,476.7841139650785,0.07469214689877451,-0.00257598564279804,-0.0025793092026692483,0.12423109781718994,2421035.0,0.9159305834075095,0
2024-10-22,508.4504699707031,509.9668105657971,505.9528966475994,506.59710094677575,1855800,496.5820770263672,483.8330743408203,458.31691192626954,503.2559914585991,495.5285088366188,7.7274826219803,6.842607308994808,0.8848753129854927,70.95369420215495,496.5820770263672,514.9323659397278,478.23178811300653,0.07390636820098635,-0.003863913199527169,-0.003871397397214542,0.09803504098502426,2306640.0,0.8045468733742587,1
2024-10-23,509.1541442871094,510.1353165951298,507.34045755929054,508.0936676082003,1759700,497.81746978759764,484.9228802490234,458.7803253173828,504.1633995860622,496.53781516628476,7.625584419777454,6.999202731151337,0.6263816886261164,72.41128571387955,497.81746978759764,516.0541468881569,479.58079268703835,0.07326652119436569,0.001383958434430843,0.0013830016466246952,0.09795684096658729,2220465.0,0.7924916627823452,0
2024-10-24,506.07183837890625,508.7676424512185,504.9221670158112,507.3404360475363,1911900,498.8086791992188,485.93520202636716,459.22526763916017,504.45700555419205,497.2440391079604,7.212966446231633,7.041955474167397,0.1710109720642361,65.53735766211477,498.8086791992188,516.5457163504361,481.0716420480015,0.07111759634853243,-0.006053777510774849,-0.006072175912651634,0.10239689522209393,2162375.0,0.884166714839008,0
2024-10-25,502.8408508300781,510.1452002512729,501.11635896010364,507.93508256636386,1582200,499.5210479736328,486.7136529541016,459.6260752868652,504.2083663658668,497.65861775404323,6.549748611823588,6.943514101698636,-0.39376548987504734,70.59567285654005,499.5210479736328,516.6651459028988,482.3769500443668,0.06864214430528229,-0.006384444467761541,-0.006404912196568937,0.10599184742626575,2132625.0,0.7419025848426235,1
2024-10-28,503.6833190917969,506.30970925294395,501.6317797558097,502.8805362547247,2186400,500.2676239013672,487.5055877685547,460.0387438964844,504.12758986216375,498.1048919272102,6.022697934953555,6.759350868349619,-0.7366529333960639,66.55450317153937,500.2676239013672,516.7237585359766,483.8114892667578,0.06578932494681637,0.0016754173021702456,0.0016740153562798752,0.10590838190057025,2098825.0,1.0417257274903815,0
2024-10-29,501.7705383300781,506.83503904058654,501.1957177262786,503.01932512774584,2066300,500.7908767700195,488.29687744140625,460.4301042175293,503.7649665495352,498.37642129038557,5.388545259149623,6.48518974650962,-1.0966444873599972,59.29521728750534,500.7908767700195,516.7036893377067,484.8780642023323,0.063550728680686,-0.0037975860808091566,-0.0038048152188160846,0.10657033623007522,2014735.0,1.0255939366715723,1
2024-10-30,509.1145324707031,511.8499586514006,502.4841183123647,507.95497067375953,3121000,501.7214157104492,489.192685546875,460.86188537597656,504.58797669125335,499.17183693337205,5.416139757881297,6.271379748783956,-0.8552399909026596,69.82041385434476,501.7214157104492,517.2738662272023,486.16896519369607,0.06199635905407987,0.014636160514856611,0.014530085683754851,0.11629008057597735,2083960.0,1.4976295130424768,0
2024-10-31,495.1400451660156,523.1979099812398,494.58503562121393,516.6071187066543,5523300,501.982926940918,489.8311749267578,461.2283833312988,503.13444876429367,498.87318569134567,4.261263072947997,5.869356413616765,-1.6080933406687672,47.29701085160742,501.982926940918,516.8603687258466,487.1054851559894,0.05927469237088062,-0.02744861207726701,-0.027832363833921424,0.15606109654505987,2291015.0,2.4108528316052054,1
2024-11-01,503.5544128417969,506.00241324976565,494.08948876915633,495.9824796328348,3753700,502.53005065917966,490.62171875,461.6206686401367,503.19905862237107,499.21994325804576,3.9791153643253097,5.491308203758474,-1.5121928394331645,51.327563047369665,502.53005065917966,516.7466018560259,488.3134994623334,0.05657990473683346,0.016993914667031262,0.016851133436949012,0.16588775972970968,2381920.0,1.5759135487337945,0
2024-11-04,501.0767517089844,505.45739578054844,498.549476828384,504.6050703762147,2165100,503.27001953125,491.4098236083984,461.97066101074216,502.8725498664654,499.35748462478193,3.5150652416834873,5.0960596113434775,-1.5809943696599902,48.51108972250131,503.27001953125,515.2966178340077,491.2434212284923,0.047793819762835844,-0.00492034439501754,-0.004932489143441099,0.15925596332339087,2390650.0,0.9056532742141259,0
2024-11-05,501.05694580078125,503.623872893442,499.1243024637932,501.07675677116725,2132900,503.723942565918,492.15398193359374,462.3058984375,502.59322616405245,499.4833706378189,3.1098555262335594,4.698818794321494,-1.5889632680879346,41.24309180446092,503.723942565918,514.5849165482134,492.86296858362255,0.04312272284287599,-3.952669553231036e-05,-3.9527476732725795e-05,0.15469568658576885,2409790.0,0.8850978715987701,1
2024-11-06,516.4881591796875,518.3414977453077,511.344385491771,516.2205447853307,3673700,504.7735076904297,493.08106323242185,462.7231771850586,504.7309081664578,500.7429846038832,3.987923562574622,4.55663974797212,-0.5687161853974985,55.771267361111114,504.7735076904297,516.3222340726325,493.22478130822697,0.045758052695924804,0.030797324552091165,0.03033260428639026,0.1867064237009728,2508100.0,1.4647342609943783,0
2024-11-07,513.2672119140625,519.3624576359427,511.98872381009534,519.3227752041375,2382300,505.757666015625,494.0068725585937,463.12464721679686,506.04418566608933,501.670705145378,4.373480520711325,4.5200079025199615,-0.14652738180863611,51.19342545773866,505.757666015625,516.6261596228422,494.88917240840766,0.04297905632489816,-0.006236246094664888,-0.006255772701488568,0.18790613378036516,2552665.0,0.9332599459780269,1
2024-11-08,520.0859375,524.129613606598,514.9025408147012,515.7053236712342,2215600,506.87264862060545,494.8908978271484,463.56958694458007,508.2044551789986,503.03479643090554,5.16965874809307,4.649938071634583,0.519720676458487,56.95741113862528,506.87264862060545,518.8197465616116,494.9255506795993,0.04714043250713479,0.013284942867301641,0.013197471860400668,0.1908323159740842,2567450.0,0.8629574091024168,1
2024-11-11,525.3981323242188,529.2733392099307,523.8124079743382,524.1394250581657,2213400,508.03520050048826,495.8308856201172,464.03255065917966,510.84963627826323,504.69133983041024,6.15829644785299,4.951609746878265,1.2066867009747249,61.64217859749883,508.03520050048826,522.3387856832757,493.73161531770086,0.05630942568033198,0.01021407125475049,0.010162260131948686,0.19155724602744614,2571770.0,0.86065239115473,0
2024-11-12,524.4566040039062,526.1712358258676,522.60326515186,524.3872202431093,2577600,509.12242736816404,496.7761932373047,464.48069076538087,512.9430159283621,506.1554334728914,6.7875824554707265,5.318804288596757,1.4687781668739692,60.47776840255881,509.12242736816404,524.9471255988352,493.2977291374928,0.06216460866780012,-0.001792028296993431,-0.001793635900569862,0.19208071474050228,2556355.0,1.0083106610779802,0
2024-11-13,517.2315673828125,525.7747833396994,511.8201783730041,525.289157497443,2681500,509.5094497680664,497.5568072509766,464.8699562072754,513.6027930752007,506.9758878365892,6.626905238611471,5.580424478599701,1.0464807600117698,57.23096976882696,509.5094497680664,525.7453851756067,493.2735143605261,0.06373163604691148,-0.01377623346895629,-0.013872006383885475,0.19516742240336282,2542595.0,1.0546311937213753,0
2024-11-14,515.7647094726562,517.7072126165515,513.0392043141068,515.9827208494188,2480400,509.83849029541017,498.42250366210936,465.23195098876954,513.9353955978861,507.62691166148306,6.308483936403036,5.726036370160369,0.5824475662426671,58.569962865902404,509.83849029541017,526.3116488804534,493.36533171036695,0.06462108647583026,-0.002835979090716645,-0.002840008098675995,0.19554482991865021,2555245.0,0.9707092666260965,1
2024-11-15,517.241455078125,518.7280943332175,513.3860894252902,513.9113976646792,2408100,510.11351623535154,499.34228149414065,465.5436427307129,514.4440201333075,508.33910006271583,6.104920070591675,5.801813110246631,0.30310696034504403,58.915562505242704,510.11351623535154,526.901076365887,493.3259561048161,0.06581891910815453,0.002863215684102638,0.002859124489530297,0.19506366357241992,2545420.0,0.9460521249931249,0
2024-11-18,516.9837646484375,518.827182818866,512.394999945006,513.9708641819894,2493400,510.44156951904296,500.03974853515626,465.855724029541,514.8347500587121,508.9794455875841,5.855304471127965,5.8125113824228976,0.04279308870506782,60.22651882699271,510.44156951904296,527.5086672715829,493.37447176650306,0.06687189591012807,-0.000498201424417144,-0.0004983255679808354,0.19475327797889128,2559215.0,0.9742831297878451,0
2024-11-19,514.8331298828125,517.9947185937325,512.1571670050747,514.1591939825282,2716000,510.7607025146484,500.6757928466797,466.1759024047852,514.8345008008813,509.4130518316751,5.42144896920621,5.73429889977956,-0.31284993057334987,54.13265735952953,510.7607025146484,527.9095375506663,493.61186747863053,0.06715017405054205,-0.004159965772015051,-0.004168642501252066,0.19484831086995272,2602225.0,1.0437221992717771,0
2024-11-20,507.9747009277344,517.8460073617542,506.44843973561035,516.8846763457328,2409400,510.7017303466797,501.1715020751953,466.44333282470706,513.7791469742433,509.3065073202721,4.472639653971214,5.481967050617891,-1.0093273966466771,60.338549732788586,510.7017303466797,527.8819104870352,493.52155020632426,0.06728068114706806,-0.013321654254533466,-0.01341118349800723,0.20105233933789118,2634710.0,0.9144839469998596,1
2024-11-21,510.51190185546875,515.4872073101716,507.02326591865693,508.6585630688577,3077300,510.9237335205078,501.64015869140627,466.716491394043,513.2764938790472,509.3957958043607,3.8806980746864497,5.161713255431604,-1.281015180745154,56.1905237736554,510.9237335205078,527.9662050975049,493.8812619435107,0.06671238957551011,0.004994738759825257,0.004982306432485583,0.20049343758592764,2692980.0,1.1427117913983764,1
2024-11-22,516.2205810546875,517.0630462292057,511.5822740117826,512.3255936114438,3130400,511.5927200317383,502.1982452392578,467.03620513916013,513.7294303676072,509.90133545253303,3.828094915074132,4.89498958736011,-1.0668946722859776,62.74182043393258,511.5927200317383,528.3472353387394,494.8382047247371,0.0654994281621589,0.01118226466115746,0.011120205353520051,0.2021683179195011,2770390.0,1.1299492129267,1
2024-11-25,521.909423828125,523.544751080633,516.3791697747558,516.9936424473525,4503900,512.5040252685546,502.78399658203125,467.3862384033203,514.9878908999946,510.7908234803547,4.197067419639893,4.755405153816067,-0.5583377341761739,66.01702559371108,512.5040252685546,529.4289783781545,495.5790721589548,0.06604807874721026,0.011020178160689786,0.010959898455078564,0.20504358989144458,2886265.0,1.5604596251556944,1
2024-11-26,523.7727661132812,525.9234812999106,520.3832452702705,523.1979757745471,2326800,513.6041366577149,503.3420855712891,467.7414924621582,516.3394101635771,511.75244886057146,4.586961303005637,4.721716383653981,-0.13475508064834418,57.06874780861771,513.6041366577149,530.4516169088962,496.7566564065336,0.06560492429370406,0.003570240735430552,0.0035638825549720427,0.20401353829174226,2899290.0,0.8025413118384156,1
2024-11-27,527.6380004882812,528.8669459067604,521.8896742290858,524.3376444592006,2086300,514.5303100585937,504.1008062744141,468.1074368286133,518.0776548289161,512.92915638855,5.148498440366097,4.8070727949964045,0.3414256453696929,63.772737057367344,514.5303100585937,532.3473060913899,496.7133140257975,0.06925537984639712,0.007379601661389179,0.007352505624696502,0.19974048334714747,2847555.0,0.7326636359964952,1
2024-11-29,528.1929931640625,530.9978026933572,525.3089397655639,528.2623769182433,1760600,516.182957458496,504.90526794433595,468.4528147888184,519.6338607266309,514.0598109645139,5.574049762117056,4.960468188420535,0.6135815736965213,58.82978992138506,516.182957458496,532.4952200058999,499.8706949110922,0.06320341387371534,0.001051843641412642,0.0010512908414950783,0.16724402112279213,2659420.0,0.6620240503568448,0
2024-12-02,526.6270141601562,530.0562167546702,521.5427036577854,528.1830369924286,2355100,517.3365875244141,505.68375610351563,468.7603103637695,520.7097304856349,514.9907149049318,5.719015580703058,5.11217766687704,0.606837913826018,51.457361288650766,517.3365875244141,533.1440341666247,501.5291408822035,0.06111087838520458,-0.002964785644969381,-0.0029691893280678404,0.160417448167864,2589490.0,0.9094841069090824,0
2024-12-03,521.4932861328125,530.0563438202332,521.275274717665,529.9076556797136,2319400,518.3574142456055,506.27246826171876,469.0576818847656,520.8302775082775,515.4723868477378,5.357890660539738,5.16132026560958,0.19657039493015827,46.80355887255844,518.3574142456055,532.2666095613706,504.44821892984027,0.05366642757877016,-0.009748318808769807,-0.009796144737315693,0.16416747112021576,2597205.0,0.893036937785042,0
2024-12-04,516.4981689453125,521.592400974417,513.554591573756,518.9759011978135,2630000,519.129475402832,506.9538885498047,469.41090866088865,520.1637992678213,515.5483707068174,4.61542856100391,5.0521419246884465,-0.43671336368453684,49.16892487263442,519.129475402832,530.4728357064482,507.7861150992158,0.04370146886694898,-0.009578488008046726,-0.009624656778854112,0.16919217363837674,2622060.0,1.003028153436611,1
2024-12-05,520.0958251953125,522.7717275534116,517.5189474361873,519.9272958533815,2538600,519.3098587036133,507.66687927246096,469.74610015869143,520.1533417182046,515.8852191874468,4.268122530757864,4.895338045902331,-0.6272155151444663,54.68185476953935,519.3098587036133,530.5909343985957,508.0287830086308,0.04344641452848252,0.0069654772587992575,0.006941330386890261,0.13155625974001947,2565305.0,0.9895899318014817,1
2024-12-06,523.8618774414062,526.2702254514415,517.8459374734053,518.2721000768439,2122700,519.8395919799805,508.4191638183594,470.0383885192871,520.7238856756202,516.4760827618142,4.2478029138060265,4.76583101948307,-0.5180281056770433,56.81905051688717,519.8395919799805,530.9191380893877,508.76004587057315,0.04262678826446129,0.00724107378612282,0.007214983085418568,0.1312634595058789,2552325.0,0.831673082385668,0
2024-12-09,518.1632690429688,526.8551743377581,517.231639168205,524.3080579728028,2942000,519.7434585571289,509.0105596923828,470.29300506591795,520.3299446552122,516.6010595233812,3.7288851318310208,4.558441841952661,-0.8295567101216399,51.09244733075405,519.7434585571289,530.8473427919732,508.63957432228443,0.04272832703145562,-0.01087807424787246,-0.010937673105502916,0.1294121853595337,2588645.0,1.1365019150945765,1
2024-12-10,524.2980346679688,524.9422087211548,515.586289861542,517.8559311870692,2003200,519.6884536743164,509.721484375,470.5729165649414,520.9404200417902,517.1712058303876,3.7692142114025273,4.400596315842634,-0.6313821044401067,58.16381646693158,519.6884536743164,530.6847734569908,508.69213389164196,0.04231889203975158,0.011839445193270404,0.011769907284081388,0.13125472502230767,2578135.0,0.7769957740769975,1
2024-12-11,529.6895751953125,531.1167512904516,522.5735359335025,524.4764172298528,2181100,519.9501022338867,510.4891662597656,470.8786013793945,522.2864439115629,518.0984924500117,4.187951461551165,4.358067344984341,-0.17011588343317552,69.21611127284629,519.9501022338867,531.6506056541057,508.24959881366766,0.045006254907728915,0.010283350634259225,0.010230836690161876,0.1360669250689573,2558310.0,0.8525550070163507,0
2024-12-12,527.6676635742188,531.969032718656,527.2315803452504,531.513108277439,1860400,520.471907043457,511.2324444580078,471.15394470214846,523.1143238596637,518.8073199406937,4.307003918970054,4.3478546597814836,-0.04085074081142981,65.3213515581904,520.471907043457,532.5854764029605,508.35833768395355,0.04654840807187709,-0.0038171633269320493,-0.0038244672877296676,0.126428391042482,2517255.0,0.739059014680674,0
2024-12-13,524.2880859375,529.9174857260149,524.1988609701339,529.4120187244479,1608200,520.8980758666992,511.920009765625,471.43257293701174,523.2949026408693,519.2133026071238,4.081600033745531,4.294603734574293,-0.21300370082876263,57.51761416504194,520.8980758666992,532.9136910362968,508.8824606971015,0.0461342275054688,-0.006404746528954952,-0.006425344916743502,0.12849333706674967,2473645.0,0.6501337095662474,1
2024-12-16,525.5864868164062,530.2347150559026,524.2881575038738,527.2614362798881,2923000,521.3153274536132,512.5795007324218,471.7084651184082,523.6474540524904,519.6853903263299,3.9620637261605225,4.228095732891539,-0.2660320067310167,53.73177781164015,521.3153274536132,533.375785954539,509.25486895268745,0.046269341666340724,0.002476502735293984,0.002473441255861401,0.12842032755410782,2499390.0,1.16948535442648,1
2024-12-17,526.2802124023438,527.0433732373702,520.194887918989,524.6845674668388,4055800,521.7801498413086,513.3795574951172,472.0279946899414,524.0524937986218,520.1738956652938,3.878598133327955,4.158196212978822,-0.27959807965086725,52.606639882440426,521.7801498413086,533.8542725020503,509.70602718056676,0.046280498268912444,0.0013199075762764245,0.0013190372640084643,0.1283327456090061,2577510.0,1.5735341472971978,0
2024-12-18,515.3287353515625,532.3457851346016,515.0809621028633,525.596444259695,3190300,521.8049301147461,513.8465625,472.29755386352537,522.7103771144588,519.8149949013138,2.8953822131450124,3.9056334130120605,-1.010251199867048,38.846976143838205,521.8049301147461,533.8209147492785,509.78894548021367,0.04605546609875863,-0.020809213025111406,-0.021028775994962973,0.14901895584537914,2601225.0,1.2264606099049487,1
2024-12-19,518.619140625,524.5061745934308,517.5487433164161,519.4912467565543,3050500,522.3371520996094,514.3090081787109,472.5634312438965,522.0809561160805,519.7264131030682,2.3545430130122895,3.5954153330121064,-1.2408723199998168,41.7351287325701,522.3371520996094,532.5870021368852,512.0873020623336,0.03924610759956493,0.006385060734470205,0.006364762591610488,0.14173554399018676,2633280.0,1.1584411836189088,1
2024-12-20,523.3267822265625,527.3406961370525,514.7934268861798,518.2127092882662,7317100,522.977896118164,514.9038629150391,472.87288177490234,522.2726216715392,519.993107112216,2.2795145593232746,3.33223517827434,-1.0527206189510654,47.29757691042835,522.977896118164,531.5858977689163,514.3698944674118,0.032919179623634956,0.009077261583306129,0.009036310871376244,0.14395626312368037,2845270.0,2.571671581255909,1
2024-12-23,524.2484741210938,524.6845573767934,516.4882004875886,521.1463487890381,2270300,523.3792907714844,515.4331066894531,473.1784526062012,522.5765989714707,520.308319483244,2.268279488226767,3.119444040264826,-0.8511645520380586,52.42326931191197,523.3792907714844,531.3884269655555,515.3701545774134,0.03060547612522168,0.0017612167499048148,0.001759667626312982,0.13916534617750803,2802265.0,0.8101660620961972,1
2024-12-24,530.9383544921875,530.9680558210993,523.1285382590232,524.5557143344112,955000,523.8307373046875,516.0089318847656,473.51796661376954,523.8630228977348,521.0957294839064,2.7672934138283836,3.0490139149775377,-0.28172050114915415,62.33290310204405,523.8307373046875,532.4830579947533,515.1784166146218,0.03303479568451927,0.0127608962187431,0.012680162083755544,0.14098473160602332,2624820.0,0.36383447245906386,1
2024-12-26,531.3744506835938,532.9106324882205,528.1731796742356,528.876877368003,1109600,524.2108215332031,516.5821795654297,473.84135330200195,525.0186271724823,521.8571162394388,3.1615109330434734,3.0715133185907253,0.08999761445274812,60.182614685218354,524.2108215332031,533.4970600641693,514.9245830022369,0.035429404161501206,0.000821368785502985,0.0008210316467596152,0.14063026913393845,2563960.0,0.4327680619042419,0
2024-12-27,527.4595947265625,532.7718375608894,526.072040624513,528.8570089436454,1541800,524.2019012451171,516.9415490722656,474.13164459228517,525.3941606423408,522.2721146458924,3.122045996448378,3.0816198541622564,0.040426142286121625,53.23940194303665,524.2019012451171,533.4746111084739,514.9291913817603,0.035378390812134314,-0.00736741473361191,-0.007394688172598703,0.14116242364382892,2536735.0,0.6077891462844957,0
2024-12-30,520.868896484375,523.8620166007114,516.6865132013618,522.3059933842094,2101600,523.8356964111329,517.1752490234375,474.3698849487305,524.6979661564999,522.168172559854,2.5297935966458454,2.9712546026589743,-0.441461006013129,52.39764222022459,523.8356964111329,533.0228492307065,514.6485435915592,0.0350764672301487,-0.012495171778236669,-0.012573892880318382,0.14788062742049154,2553785.0,0.8229353684824682,1
2024-12-31,521.8797607421875,524.476419127369,520.8787473014294,522.9699386627424,1942600,523.5983337402344,517.3780255126953,474.63119140625,524.2643960927595,522.1468087215084,2.1175873712511475,2.800521156377409,-0.6829337851262616,47.64295122186277,523.5983337402344,532.7269509668495,514.4697165136192,0.03486877875033107,0.001940726859744002,0.001938846082362253,0.1478902727374371,2533160.0,0.7668682594072226,0
2025-01-02,517.7468872070312,525.8341775933835,513.0490566647104,524.4763853379021,2818800,523.4110137939454,517.5245092773438,474.8567330932617,523.2617024180321,521.8208886093249,1.440813808707162,2.5285796868433597,-1.0877658781361976,38.06688239534456,523.4110137939454,532.8693075656195,513.9527200222713,0.036140981073805284,-0.007919206388227629,-0.00795072984058467,0.1464945738810835,2558130.0,1.1018986525313412,0
2025-01-03,516.716064453125,519.788488052017,513.06885065446,517.8756864410906,1627500,523.421908569336,517.6898211669921,475.0519044494629,522.2546811926618,521.4427534866435,0.8119277060183094,2.1852492906783496,-1.3733215846600402,38.83606534937576,523.421908569336,532.8471191512738,513.9966979873982,0.036013817639768374,-0.001990978177516367,-0.0019929628092445386,0.14255726592821152,2508005.0,0.6489221512716282,0
2025-01-06,507.3700866699219,516.7160837196357,506.45829830913243,516.3295430425678,2920800,522.7856216430664,517.6541400146484,475.1804093933105,519.9647435737787,520.4003337224419,-0.4355901486632092,1.6610814028100378,-2.0966715514732472,34.62430903982538,522.7856216430664,534.5773695030572,510.9938737830756,0.04511121718661816,-0.018087259959867152,-0.018252834005504124,0.15375769870708877,2527115.0,1.1557843628010598,0
2025-01-07,506.8448791503906,511.73098990414366,506.52772217834007,509.1045696461822,2211800,521.9347717285157,517.6696008300781,475.30332733154296,517.9463028932576,519.3962259763641,-1.4499230831065688,1.0388805056267165,-2.488803588733285,32.72415071601415,521.9347717285157,535.6915713234496,508.17797213358176,0.05271463155970573,-0.001035156650598834,-0.0010356927952722243,0.1505086508774137,2531570.0,0.8736870795593249,1
2025-01-08,511.80035400390625,512.8409893616426,506.9737065870916,507.47914335576957,2456700,521.6166259765625,517.8487908935547,475.48541793823244,517.0007722948958,518.8335687932191,-1.8327964983233187,0.46454510483670947,-2.297341603160028,37.62489189163812,521.6166259765625,536.0197919108624,507.2134600422627,0.055225102947339844,0.009777103522920827,0.009729616916372528,0.1514884818445495,2507305.0,0.9798169747996355,0
2025-01-10,500.9120178222656,509.93432603646625,499.6117447931984,508.30652366075697,2815500,520.4473251342773,517.7933648681641,475.64084899902343,514.5255792991065,517.5060464990744,-2.9804671999678476,-0.22445735612420198,-2.756009843843646,37.66554272635509,520.4473251342773,537.4893086145833,503.4053416539714,0.0654897533613379,-0.02127457727697768,-0.021504142875654372,0.16081389571764684,2547920.0,1.105018995886841,1
2025-01-13,501.15020751953125,502.38096420641017,496.19737508733607,497.269319574242,2885500,519.0203567504883,517.7809582519532,475.7937210083008,512.4678297945566,516.2945028709601,-3.8266730764034946,-0.9449005001800606,-2.881772576223434,34.2305729999438,519.0203567504883,537.5208460251521,500.5198674758246,0.07129003336398074,0.00047551204361440114,0.000475399023589426,0.15432963452562726,2583140.0,1.117051340616459,1
2025-01-14,505.2296142578125,505.5968845276508,500.4554339435615,503.29415294384484,2704800,517.898454284668,517.7032598876954,475.9613150024414,511.35425817351904,515.4748814922084,-4.120623318689354,-1.5800450638819195,-2.5405782548074347,33.476037512511226,517.898454284668,536.9054272516637,498.89148131767234,0.07340038499728098,0.008140087895947445,0.00810713608014456,0.15896923026485557,2625360.0,1.030258707377274,1
2025-01-15,518.4603271484375,519.8697968198509,509.90452031899946,511.73084552247656,3024800,517.6070663452149,518.1696655273438,476.1771989440918,512.4474995542757,515.696025614892,-3.2485260606163138,-1.9137412632287987,-1.334784797387515,45.684956750829265,517.6070663452149,536.3788201613218,498.8353125291081,0.07253283440913123,0.026187524478471058,0.02585050244390895,0.18695810187552422,2696190.0,1.1218793927727646,1
2025-01-16,519.2445068359375,523.1948507932843,516.8424834966418,519.7209131799532,3275600,517.2899673461914,518.4834674072266,476.41264678955076,513.4931929822237,515.9588760757102,-2.4656830934865184,-2.024129629280343,-0.4415534642061756,40.44053223910445,517.2899673461914,535.7050529591534,498.87488173322936,0.07119830955715359,0.001512516284154275,0.0015113735834898201,0.18678627582021717,2713820.0,1.2070070970071707,1
2025-01-17,520.7928466796875,524.1972980007326,517.1303217492389,520.6737451031412,2374800,517.0155990600585,518.8777893066406,476.6507536315918,514.6162166279873,516.3169479723011,-1.7007313443137946,-1.9594499722870333,0.25871862797323875,41.50425990048307,517.0155990600585,535.0257607791785,499.00543734093856,0.06966970339720006,0.0029819089530382925,0.0029774718809777423,0.18709879242285227,2629770.0,0.9030447529631869,1
2025-01-21,524.1278686523438,526.033554663785,522.9864077429253,523.7308229671548,2706900,517.4555557250976,519.3392077636719,476.9154542541504,516.0795477086575,516.8955346893414,-0.8159869806838742,-1.7307573739664015,0.9147703932825273,47.29988949664087,517.4555557250976,535.7203091082332,499.19080234196196,0.07059448171366788,0.006403739978224854,0.006383323151713537,0.17218022245432277,2605600.0,1.0388778016579674,0
2025-01-22,523.2543334960938,526.351095490548,521.7555680564678,524.0682346149852,2037600,517.6873153686523,519.47453125,477.21353790283206,517.1833609067246,517.366556823175,-0.1831959164503587,-1.421245082463193,1.2380491660128343,52.13065564422308,517.6873153686523,536.1309901929591,499.2436405443455,0.07125411141732452,-0.0016666451232522084,-0.001668035521317161,0.1711489552809879,2554955.0,0.7975091537815735,1
2025-01-23,530.241943359375,530.3709801709678,524.7432183463046,525.1104583237109,2196500,518.033073425293,519.8140258789062,477.5101416015625,519.1923735917478,518.3202891591898,0.8720844325580401,-0.9625791794589464,1.8346636120169866,56.74851883887212,518.033073425293,537.16820256813,498.8979442824559,0.07387609063766308,0.013354136632933278,0.013265756111265488,0.17462963180488683,2298925.0,0.9554465674173799,0
2025-01-24,529.5173950195312,532.0682649672572,528.1874071592616,529.0211182339191,2472900,518.2965194702149,520.0026550292969,477.79146057128906,520.7808384267914,519.149704408104,1.6311340186874759,-0.44383653982966204,2.074970558517138,60.05212459864059,518.2965194702149,537.9305281234934,498.66251081693633,0.07576361374507308,-0.0013664485597901788,-0.0013673830019652338,0.17473375096954316,2309055.0,1.0709575995374732,1
2025-01-27,543.5620727539062,543.9094422846509,527.7010248936017,529.6067714401952,3074600,518.9277053833008,520.3659338378907,478.1760615539551,524.285643707886,520.9580279892745,3.3276157186115825,0.31045391185858695,3.0171618067529957,68.7573723260259,518.9277053833008,540.9404394104214,496.9149713561802,0.08483930920921287,0.026523543638933722,0.026177893053023926,0.19332234551541588,2415035.0,1.2731078431575527,0
2025-01-28,543.2841186523438,547.4429206189662,538.6191046617573,542.4702174386105,2727800,519.5231887817383,520.7424841308593,478.5740481567383,527.2084860070333,522.6118124828351,4.596673524198195,1.1676978343265088,3.4289756898716863,78.73435437550086,519.5231887817383,543.5095163394923,495.53686122398443,0.0923397764554107,-0.0005113566885824872,-0.0005114874760018812,0.1934190069655118,2495945.0,1.0928926719138443,1
2025-01-29,544.71337890625,546.5098984177001,542.4305178457214,542.9267946232563,2549000,520.3858779907226,521.2921203613281,478.9834309387207,529.9015464530667,524.2489655512362,5.652580901830447,2.0646744478272963,3.587906454003151,79.86604415806096,520.3858779907226,546.7020049528984,494.0697510285469,0.10114081905445144,0.002630778638351483,0.0026273241974826052,0.19079775511904334,2546305.0,1.0010583963822088,1
2025-01-30,561.7952270507812,572.6438297450985,550.400732037079,550.8672031123497,6005200,522.4321945190429,522.2127307128907,479.4927017211914,534.8082665450228,527.0301701067581,7.778096438264697,3.2073588459147766,4.5707375923499205,83.0988322898643,522.4321945190429,554.6168940970642,490.2474949410216,0.12321101155586674,0.031359332827165964,0.030877672758252542,0.21011303537185838,2741485.0,2.1904916495986666,0
2025-01-31,551.2940063476562,561.3287081139911,550.5099108588208,559.6215451011361,4505100,523.9029067993164,522.8937817382813,479.9770896911621,537.3445342069664,528.8274913097875,8.51704289717884,4.269295656167589,4.2477472410112505,83.52697097121003,523.9029067993164,558.5735369292485,489.23227666938425,0.13235517375441044,-0.018692256889138337,-0.018869165134498395,0.22487429706769502,2869610.0,1.5699345904147253,1
2025-02-03,559.7506713867188,560.7928406558743,546.9665748807117,548.5248914598253,3195500,526.0030960083008,523.7491198730469,480.50361251831055,540.7916322346206,531.1180972414121,9.673534993208477,5.350143523575767,4.3233914696327105,85.15114726057489,526.0030960083008,564.0299551422112,487.97623687439034,0.14458796696249987,0.015339664392668206,0.015223201234535152,0.22526991305151767,2888445.0,1.1063046033419366,0
2025-02-04,554.9466552734375,567.740686328129,553.4280796948213,566.6290310894643,2638900,527.9146255493164,524.5513903808594,481.0044352722168,542.9693280867463,532.8831756141548,10.086152472591493,6.297345313378912,3.788807159212581,79.56546357327449,527.9146255493164,567.7751754653951,488.05407563323763,0.15101134913472894,-0.008582421350884384,-0.00861946241596539,0.22878375167071444,2939015.0,0.8978858563158065,1
2025-02-05,562.0731201171875,562.6488181306777,555.631457361169,557.1699032259049,2404700,530.6497772216796,525.6333587646484,481.5678713989258,545.9083730145064,535.0453937254905,10.862979289015925,7.210472108506315,3.65250718050961,77.96575940786569,530.6497772216796,572.052052567538,489.2475018758213,0.15604369255605097,0.012841711497907138,0.012759955898099036,0.21573589363924636,2913210.0,0.8254468438595226,1
2025-02-06,562.9366455078125,565.5073858612069,560.3361600498224,561.9143468519027,1738400,533.4543655395507,526.6818536376953,482.132215423584,548.5281072442458,537.1114123760328,11.416694868212971,8.051716660447648,3.364978207765324,77.98815809228304,533.4543655395507,575.6585292079421,491.25020187115933,0.15822970583699292,0.001536322161153958,0.0015351432255912888,0.21493864687832478,2889540.0,0.6016182506558138,0
2025-02-07,558.5594482421875,565.8050762365284,557.5967004843046,563.8299045842497,2008300,535.7923202514648,527.5286309814453,482.66795303344725,550.0713904746983,538.7001557735258,11.371234701172511,8.71562026859262,2.655614432579892,73.34628236125072,535.7923202514648,578.126100751392,493.4585397515377,0.1580230955160331,-0.007775648113432787,-0.007806036091872696,0.21913163448427786,2867120.0,0.700458997181841,1
2025-02-10,561.2791137695312,563.0458882191015,556.8225578921418,561.0409106034459,2357700,538.8106750488281,528.3160247802734,483.1872933959961,551.7956555969803,540.3726711806373,11.422984416342956,9.257093098142686,2.16589131820027,73.14194815050254,538.8106750488281,579.2384910249629,498.3828590726934,0.15006315891002373,0.004869070849848889,0.004857255262810024,0.19691703897405796,2844230.0,0.8289414006602841,0
2025-02-11,560.4949951171875,562.2120933523995,555.0557605332014,560.7828138342173,1847800,541.7779144287109,529.0504693603516,483.7042945861816,553.134015523166,541.8632136944559,11.270801828710091,9.659834844256167,1.610966984453924,73.22351708865915,541.7779144287109,579.1642282161256,504.39160064129624,0.1380134287195426,-0.001397020899419621,-0.0013979976429096912,0.19769644733525682,2792345.0,0.6617377150746058,0
2025-02-12,560.395751953125,560.5446592290111,555.2742019080926,557.8250719917937,1722200,544.5362213134765,529.7056243896484,484.22272689819334,554.2512057431597,543.2359943062091,11.015211436950608,9.930910162795056,1.0843012741555516,70.57145712405999,544.5362213134765,578.5576655406726,510.51477708628045,0.12495567014856386,-0.00017706342594858704,-0.00017707910352763592,0.19852887487636955,2743215.0,0.6278035079277418,1
2025-02-13,562.093017578125,563.1649924111375,557.2890315773867,561.388282724639,1709500,546.7178558349609,530.3836248779297,484.7481135559082,555.4576383331544,544.6328108448696,10.824827488284768,10.109693627893,0.7151338603917683,71.93256991913552,546.7178558349609,579.2626490139837,514.1730626559381,0.11905516833475138,0.0030286910974692827,0.003024113852299622,0.1825392840396634,2677450.0,0.6384806438962446,0
2025-02-14,560.5545654296875,565.0011860497201,559.9292518324127,561.7952573956039,1927400,548.7833587646485,531.0621759033203,485.2920970153809,556.2417809633902,545.8122000733746,10.429580890015586,10.173671080317517,0.2559098096980694,63.75756677291034,548.7833587646485,579.1577610925655,518.4089564367315,0.11069724270171744,-0.0027370063322724736,-0.0027407587826548665,0.18395922531774467,2610040.0,0.7384561156150864,1
2025-02-18,564.3759155273438,564.395785986127,557.3387440847381,560.6935802630805,2064100,550.9625122070313,531.919828491211,485.8843426513672,557.4931862809215,547.1872901070019,10.305896173919564,10.200116099037926,0.10578007488163799,66.14984858114929,550.9625122070313,579.0490527925969,522.8759716214657,0.10195445230223459,0.006817088528619841,0.0067939572464440256,0.1842094261449166,2594505.0,0.7955660135555722,0
2025-02-19,564.2667236328125,566.450353676812,562.430523698463,563.2642348002947,2459100,552.9694549560547,532.8751995849609,486.5211585998535,558.5352689504432,548.452433331136,10.082835619307161,10.176660003091772,-0.09382438378461089,65.28077218073517,552.9694549560547,578.6123586950894,527.3265512170201,0.09274618519777919,-0.00019347369639122203,-0.0001934924148412104,0.1845984445974374,2582115.0,0.9523588221283715,0
2025-02-20,559.0855712890625,564.2666715427175,554.8770935106477,563.919302045799,2181900,554.7610168457031,533.6549945068359,487.13686218261716,558.6199308486923,549.2400731798714,9.379857668820932,10.017299536237605,-0.6374418674166726,47.39854044025873,554.7610168457031,576.3486716430492,533.173362048357,0.07782686288986419,-0.009182097980885984,-0.009224513283175077,0.1893940614035138,2589330.0,0.8426504153584132,0
2025-02-21,553.3585205078125,560.5942138318503,552.4354530074285,557.2493133287196,2256100,555.916845703125,534.2449273681641,487.71167556762697,557.8104831039416,549.5451433523115,8.265339751630108,9.666907579316106,-1.401567827685998,52.18211446730602,555.916845703125,574.1993694994864,537.6343219067636,0.06577431116784235,-0.010243603261027356,-0.01029643003221762,0.19143071415257001,2592310.0,0.870304863230092,1
2025-02-24,554.8374633789062,557.2791670482533,552.643898109997,554.2717005562284,1752500,557.1828491210938,534.9784112548828,488.2652719116211,557.3530954539361,549.9371670579851,7.415928395951028,9.21671174264309,-1.8007833466920626,43.90838590161155,557.1828491210938,570.6374080389492,543.7282902032384,0.04829494999380807,0.0026726666641665453,0.002669101441639123,0.19096777365143738,2556290.0,0.6855638444777392,1
2025-02-25,559.830078125,561.8250601230476,548.574492800313,558.2518911269999,3609500,557.9962493896485,535.6890521240234,488.825597076416,557.7341697110229,550.6699752851714,7.064194425851497,8.786208279284772,-1.7220138534332747,56.02650123979765,557.9962493896485,569.8561274583234,546.1363713209736,0.042508809267616264,0.00899833748732326,0.008958093686589457,0.17066628878441387,2583035.0,1.3973871821326462,0
2025-02-26,557.090576171875,562.4602644703491,555.4329680485986,558.4007541881786,2028000,558.686572265625,536.2370721435547,489.3637747192383,557.6351553203847,551.1455753508532,6.489579969531519,8.326882617334121,-1.837302647802602,43.104560919819846,558.686572265625,568.3434422145776,549.0297023166725,0.03456990172429372,-0.004893452603154547,-0.00490546474559926,0.172064627361958,2548045.0,0.7959043109521221,1
2025-02-27,560.6141967773438,570.4206323315198,559.8002954610708,561.3586120638611,2436500,559.4816131591797,536.8960028076172,489.9160125732422,558.0934693906861,551.8469547157783,6.246514674907758,7.910809028848849,-1.6642943539410915,47.00633334644585,559.4816131591797,566.5717947306565,552.3914315877029,0.025345539173097262,0.0063250407674848574,0.006305121645844529,0.17293793451054823,2542420.0,0.9583389054522856,1
2025-02-28,572.0184936523438,572.1375952234947,559.8001627364118,563.0755771043765,3205400,559.9927764892578,537.8506109619141,490.5179086303711,560.2357808155565,553.3411427851536,6.894638030402916,7.707574829159663,-0.8129367987567466,64.68799997868533,559.9927764892578,569.0001478467228,550.9854051317928,0.03216959837923115,0.0203425045968455,0.02013835975216786,0.1506969517200848,2402430.0,1.3342324230050406,0
2025-03-03,570.6388549804688,577.8944188167285,565.7555086056154,573.0309428981635,3092600,560.9600189208984,538.7516583251953,491.1090519714355,561.8362537640046,554.6224547996213,7.2137989643832725,7.6088196562043855,-0.395020691821113,60.5221338763994,560.9600189208984,570.1862941686198,551.733743673177,0.03289459118840501,-0.0024118777402911684,-0.002414791002639338,0.1325471930665176,2331805.0,1.3262687060024316,0
2025-03-04,550.9367065429688,568.9317072598969,547.8994951016804,566.2121202244463,3318100,560.519320678711,539.2447882080078,491.61927673339846,560.1594003453837,554.3494364102397,5.809963935143969,7.249048511992303,-1.4390845768483338,42.46125999489725,560.519320678711,570.7735594094755,550.2650819479464,0.03658835066861953,-0.03452647548540022,-0.03513659901766527,0.1758866778128279,2337935.0,1.4192439054122548,1
2025-03-05,554.1427001953125,556.8126719828913,547.2146949851494,548.4653222985335,2795400,560.4791229248046,540.0210675048828,492.1267535400391,559.2337541684497,554.3341226165414,4.8996315519082145,6.779165119975485,-1.879533568067271,45.298543626945296,560.4791229248046,570.8311792029448,550.1270666466645,0.03694002454228433,0.005819168725316626,0.005802302761949607,0.17478941622588112,2345760.0,1.191682013505218,0
2025-03-06,545.725830078125,551.5421796609464,540.6340252407524,544.4156520505479,3133200,559.6617584228516,540.5632012939453,492.5878469848633,557.1556120007074,553.6964713173995,3.459140683307851,6.1151602326419585,-2.6560195493341077,38.8234068269912,559.6617584228516,571.8945117542881,547.429005091415,0.04371480862265435,-0.015188993943655471,-0.015305528243855598,0.17576197398239435,2382185.0,1.3152630882991876,0
2025-03-07,542.6985473632812,546.2816512942087,532.2866698669055,542.9963013250117,3161300,558.649853515625,540.9506365966797,493.0268858337402,554.9314482103341,552.8818102837612,2.0496379265729274,5.302055771428153,-3.2524178448552252,38.04972537729475,558.649853515625,572.9204550227262,544.3792520085237,0.05108960977003848,-0.00554725935257705,-0.005562702533773081,0.17598232446569026,2453330.0,1.288575120346631,0
2025-03-10,533.120361328125,544.475176435737,528.0583624231198,534.1427205698596,3893400,557.3778991699219,541.1280743408203,493.4210479736328,551.575896382302,551.4179992500103,0.15789713229162317,4.273224043600846,-4.115326911309223,30.578528068521337,557.3778991699219,575.6548749713347,539.100923368509,0.06558198962905394,-0.017649183108545574,-0.017806787081669582,0.183768938628921,2547585.0,1.5282708918446293,0
2025-03-11,521.8846435546875,534.0434245207725,518.3610905745256,533.1997782370229,4582600,555.4081756591797,540.9470001220703,493.76179870605466,547.0080113318998,549.230343272579,-2.2223319406792825,2.974112846744821,-5.196444787424103,26.863913211520256,555.4081756591797,579.4856067415787,531.3307445767807,0.0867017524681663,-0.021075386701507215,-0.021300643197476262,0.19324437245893092,2658830.0,1.7235400533317287,0
2025-03-12,520.7333374023438,528.7432522572329,515.3933941657509,526.5596222120466,2810800,553.4200927734375,540.7341778564453,494.109542388916,542.9657538042758,547.1194539488579,-4.153700144582103,1.5485502484794358,-5.702250393061539,28.100248495261866,553.4200927734375,581.8939107396956,524.9462748071795,0.10290128001519745,-0.002206054856302986,-0.0022084917799686694,0.19314552752316833,2706980.0,1.0383527030122128,0
2025-03-13,515.9591674804688,524.5943961279786,513.8549586434141,520.5943759433455,2375800,551.1982635498047,540.5041693115235,494.4596548461914,538.8108943698439,544.8112845808291,-6.000390210985188,0.038762156586511054,-6.039152367571699,28.409405626265396,551.1982635498047,583.9879685173171,518.4085585822922,0.11897608224068594,-0.009168166466335226,-0.00921045276147839,0.19366740998315904,2739660.0,0.8671878992283714,1
2025-03-14,523.7109985351562,524.4752236159409,517.070812496336,518.7084895957295,2369500,549.2791625976563,540.561011352539,494.8486747741699,536.4878334721997,543.2483004292978,-6.760466957098174,-1.3210836661504262,-5.439383290947748,33.24429392074374,549.2791625976563,583.8295915680316,514.728733627281,0.12580280237458505,0.015024117300873385,0.014912373099025223,0.20389407526524625,2772660.0,0.854594504915857,1
2025-03-17,528.028564453125,529.5074595807563,517.5968167307922,519.3536559369738,2544800,547.6528625488281,540.6839874267578,495.28942581176756,535.1864074692651,542.120912579211,-6.934505109945917,-2.4437679549095246,-4.490737155036392,32.75558038521571,547.6528625488281,583.0209535800768,512.2847715175794,0.1291624437664482,0.008244176521106539,0.008210378926350409,0.2080870528089565,2803530.0,0.9077127763926193,0
2025-03-18,526.2420043945312,528.6241573065746,521.5968607386453,528.3760189024312,2363300,545.7461669921875,540.8538897705079,495.73414169311525,533.8103454577675,540.9446971581236,-7.134351700356092,-3.3818847039988382,-3.7524669963572537,33.097633977092215,545.7461669921875,581.428503584435,510.0638303999399,0.13076532186714698,-0.0033834534320015264,-0.003389190254400885,0.20489364833394608,2818490.0,0.8384986286983456,1
2025-03-19,532.0980834960938,533.6166589947755,525.636549898559,527.6117218600631,2804300,544.1377349853516,541.1615301513672,496.2099662780762,533.5469205405869,540.2893924424177,-6.742471901830754,-4.054002143565222,-2.6884697582655326,34.765022760770606,544.1377349853516,579.1996547444443,509.0758152262589,0.12887148787810707,0.011128110361126042,0.011066648490327116,0.2110997225726611,2835750.0,0.9889094595785948,1
2025-03-20,532.3858032226562,536.4651832008548,528.5843066974857,529.6264756624824,2598600,542.8027465820312,541.6618444824219,496.6626698303223,533.3682871070591,539.703941389102,-6.335654282042924,-4.510332571260762,-1.8253217107821618,25.971761522669368,542.8027465820312,577.4995771393009,508.10591602476154,0.12784323872991346,0.0005407268612434013,0.0005405807211530413,0.21004782648041817,2856585.0,0.909687616507123,0
2025-03-21,531.7009887695312,534.0434004986818,526.8077072664363,531.4528503936299,5973400,541.7198699951172,542.1589666748047,497.1311225891113,533.1117796705164,539.1111300839486,-5.999350413432239,-4.8081361396950575,-1.1912142737371818,26.192434517420963,541.7198699951172,576.3814062997114,507.0583336905229,0.12796848786405676,-0.0012863123865806125,-0.0012871403964876457,0.2079851910088565,3042450.0,1.9633519038932439,1
2025-03-24,539.62158203125,541.3982916918303,534.2320234199051,535.333743342413,2758700,540.9590759277344,542.7153912353516,497.63137084960937,534.1132877260138,539.1489413393043,-5.035653613290492,-4.853639634414145,-0.18201397887634752,41.91715505762592,540.9590759277344,575.0719238674844,506.8462279879844,0.1261198839533181,0.014896705909930086,0.014786839738655938,0.21593348142235266,3092760.0,0.8919864457636545,1
2025-03-25,541.1005249023438,543.1055026749555,537.9640820022523,541.8846810628672,2138200,540.0225982666016,543.5191613769531,498.1296739196777,535.188247291603,539.2935030847146,-4.10525579311161,-4.7039628661536375,0.5987070730420276,40.44776159435385,540.0225982666016,572.9623386223659,507.0828579108372,0.12199393307426908,0.0027407037085631636,0.0027369548283053113,0.21309873415349884,3019195.0,0.7082020207373158,1
2025-03-26,544.9815063476562,546.926933547984,541.0609068358195,543.0658848391842,2681600,539.4171447753906,544.3957873535156,498.63740036010745,536.6949025309958,539.7148366597473,-3.0199341287515153,-4.367157118673213,1.3472229899216979,49.41604951631949,539.4171447753906,571.4691396088864,507.36514994189486,0.11883936261181312,0.007172385290169281,0.007146786066906134,0.21493192261474622,3051875.0,0.8786729469588368,1
2025-03-27,553.4181518554688,557.6464401428758,543.7208832048037,544.981445739682,2901200,539.0573425292969,545.3595581054688,499.1818244934082,539.2677101193763,540.7298970446155,-1.4621869252392798,-3.7861630799864265,2.3239761547471467,57.75197562164109,539.0573425292969,570.2576910542989,507.85699400429485,0.11575892233879122,0.015480608808825513,0.01536200664064961,0.22143497548178373,3075110.0,0.9434459255116077,0
2025-03-28,536.5843505859375,554.4305042924912,536.0682639439627,550.1029248501311,2656400,537.2856353759765,545.7220385742188,499.64474822998045,538.8548855757703,540.4228195291579,-1.5679339533876373,-3.3425172546666686,1.7745833012790313,52.2671057551267,537.2856353759765,564.3560798707642,510.2151908811889,0.10076742318206432,-0.030417869766453887,-0.03089009387658185,0.2310058730729445,3047660.0,0.8716195376124634,1
2025-03-31,544.0384521484375,547.3238020069251,527.0658105144455,528.1972755308931,4741800,535.955615234375,546.2179174804687,500.14598037719725,539.6523573561806,540.6906441676231,-1.0382868114425037,-2.8816711660218357,1.843384354579332,65.25426862991984,535.955615234375,558.3333616487137,513.5778688200364,0.08350596869687711,0.013891761014573456,0.013796154909820607,0.23876030516475566,3130120.0,1.5148939976742106,1
2025-04-01,544.425537109375,547.0458929230572,539.9491110728327,542.7282487931052,2714900,535.6300567626953,546.6905712890625,500.67899490356444,540.3866927028258,540.9673029040491,-0.5806102012232941,-2.4214589730621277,1.8408487718388336,66.48706045251251,535.6300567626953,557.26732238758,513.9927911378106,0.08079182768666324,0.0007115029450746047,0.0007112499468530535,0.2061699568968703,3099960.0,0.8757854940063743,0
2025-04-02,543.303955078125,545.4379693958836,537.6166427477107,538.8175937451343,2994600,535.0881195068359,547.0740930175781,501.1965184020996,540.8355022990257,541.1403882502769,-0.3048859512512081,-1.9981443686999438,1.6932584174487357,70.04799702155347,535.0881195068359,555.2668489613104,514.9093900523615,0.07542207991114513,-0.002060120172181934,-0.0020622451387030285,0.2048528481417981,3109920.0,0.9629186602870813,0
2025-04-03,526.5993041992188,535.9690126746872,523.0757510096887,524.4851601693678,3443500,534.1317932128907,547.1409924316406,501.6323471069336,538.6453179759785,540.0632709131615,-1.4179529371830313,-1.8821060823965614,0.4641531452135301,51.87184939764755,534.1317932128907,553.9982856636354,514.2653007621459,0.07438797953308321,-0.03074641869026007,-0.03122900750912423,0.22562795319007428,3125435.0,1.1017666340845353,0
2025-04-04,486.12298583984375,517.0013453618058,484.6540258370018,515.7507180812603,6125100,531.3030151367187,546.25861328125,501.84859741210937,530.5649591858039,536.0676942410639,-5.502735055260018,-2.606231876969253,-2.8965031782907653,31.508417323424197,531.3030151367187,560.1260133792697,502.48001689416776,0.10849928354023748,-0.07686360015406013,-0.07997827658282887,0.3497104608230414,3273625.0,1.871045095269006,0
2025-04-07,481.90460205078125,498.4604187443908,462.1230165205779,474.9368868411421,6009400,528.7422271728516,545.306357421875,502.03387283325196,523.0787503958004,532.05561333808,-8.976862942279581,-3.880358090031319,-5.0965048522482626,30.846400803243355,528.7422271728516,565.0215023929072,492.46295195279595,0.1372285902491217,-0.00867760610367907,-0.008715475765356445,0.3469309491720814,3379425.0,1.778231503880098,0
2025-04-08,476.3463134765625,501.8053059991289,468.1478114532074,497.2693290018281,3555400,526.4653106689453,543.9620422363281,502.17949691772463,515.8891447159176,527.9289985335231,-12.03985381760549,-5.512257235546153,-6.527596582059337,25.853308047390527,526.4653106689453,569.6210895550449,483.30953178284574,0.16394538447847343,-0.01153400185548148,-0.01160103438894956,0.3426216338900007,3328065.0,1.0683084615234377,1
2025-04-09,512.4033203125,515.4652511389584,467.24009849842594,467.34943800161204,4698400,526.0488098144531,543.3444262695313,502.4938427734375,515.3528640384687,526.7789482949288,-11.426084256460058,-6.6950226397289345,-4.7310616167311235,43.39261272657627,526.0488098144531,569.5965224005422,482.50109722836396,0.16556529270144793,0.07569494255718978,0.07296691090827308,0.4452341803793728,3422445.0,1.3728197239108297,0
2025-04-10,496.4078063964844,505.6432627929487,481.28713000585236,503.85381442597384,4105300,525.0712417602539,542.378314819336,502.71778427124025,512.4382397858558,524.5292340802292,-12.090994294373445,-7.774216970657837,-4.316777323715608,39.40296756895937,525.0712417602539,570.4134283551201,479.72905516538765,0.1727087030813596,-0.03121664767172161,-0.03171427069738176,0.45767792735706053,3508920.0,1.1699611276404136,1
2025-04-11,506.7566833496094,512.880484350581,492.9979572255089,495.334163795139,3736200,524.2235260009766,541.2775439453125,502.9999435424805,511.5641541802794,523.2127488409241,-11.648594660644676,-8.549092508655205,-3.099502151989471,40.273905052630624,524.2235260009766,570.3007867535597,478.14626524839343,0.17579241856649255,0.02084753063866862,0.02063319467043648,0.46092734743385105,3577255.0,1.0444321134501175,1
2025-04-14,509.4507751464844,520.3463774486723,505.5140070532369,512.8407243858863,3005500,523.2946365356445,540.440679321289,503.3117323303223,511.23901894431094,522.1933433820767,-10.954324437765763,-9.030138894477316,-1.9241855432884467,40.70040349401897,523.2946365356445,569.7960014054896,476.79327166579935,0.17772536396587993,0.005316341915941436,0.00530226005752517,0.4602448271686123,3600290.0,0.8347938638276361,1
2025-04-15,514.3418579101562,518.2288710002592,510.36534661821594,510.3852485912347,2210700,522.6996292114258,539.5325030517578,503.69556396484376,511.7163787852102,521.6117518656381,-9.895373080427873,-9.203185731667428,-0.6921873487604451,41.050324630754574,522.6996292114258,569.3465110581521,476.0527473646994,0.17848446503434673,0.009600697461428886,0.009554903634039049,0.4618033300131347,3592660.0,0.6153379390201132,0
2025-04-16,510.4150390625,518.6563368421681,506.8759464523036,513.0196490953371,2501000,521.6154769897461,538.6418707275391,504.067618560791,511.516172674024,520.7823657320723,-9.266193058048316,-9.215787196943607,-0.050405861104708904,37.099138603469754,521.6154769897461,568.350446484586,474.8805074949061,0.1791931856184499,-0.007634647632241087,-0.0076639407447823766,0.4602082977894167,3577495.0,0.6990925214430768,1
2025-04-17,514.292236328125,520.9031508791047,506.1403748923722,507.9496950670867,3329800,520.7107986450195,537.6862530517578,504.4766017150879,511.94325939003954,520.301615405854,-8.35835601581448,-9.044300960717782,0.6859449449033033,42.74869252354967,520.7107986450195,567.2680833222936,474.1535139677454,0.17882204401531243,0.007596165804100163,0.007567460213274267,0.46133933799593596,3614055.0,0.9213473508289165,0
2025-04-21,506.3291931152344,514.6102949197661,500.5831354775154,513.9640875602583,3345600,519.4422088623047,536.5541040039062,504.8109809875488,511.0795568862234,519.2666211621045,-8.187064275881085,-8.872853623750443,0.685789347869358,37.77419476760466,519.4422088623047,566.1211086179278,472.76330910668156,0.1797270185565413,-0.015483498778328997,-0.01560462002597976,0.4640682068315149,3482665.0,0.9606436450247152,1
2025-04-22,524.2334594726562,525.6947982966348,509.73905833774603,512.5922004312986,2384000,518.672802734375,535.8675842285156,505.21743789672854,513.1032342072131,519.6345351110342,-6.531300903821148,-8.404543079764585,1.873242175943437,44.12122508788122,518.672802734375,564.4497855889066,472.8958198798434,0.17651584048055485,0.035360920525368655,0.034750081413667366,0.4794025297954357,3463930.0,0.6882356167705468,1
2025-04-23,526.8977661132812,540.7459612182929,524.5217857430301,534.582355773927,3051800,517.9626647949219,535.1799572753906,505.63074295043947,515.2254698850697,520.1725522223118,-4.947082337242023,-7.713050931260073,2.76596859401805,45.26598467004601,517.9626647949219,562.7036483372345,473.2216812526093,0.17275756182166918,0.005082290327872441,0.005069419082235416,0.47971752775728976,3509610.0,0.8695553067149911,1
2025-04-24,532.315673828125,532.892224243419,522.1855094959232,525.5854094559494,2209100,517.3293731689453,534.6163708496093,506.08719757080075,517.8547320301552,521.0720427116313,-3.2173106814760786,-6.813902881303274,3.596592199827195,51.764386730693516,517.3293731689453,560.8006196692261,473.85812666866445,0.16806022914954152,0.010282654555189286,0.010230147696020481,0.48053751351162255,3485985.0,0.6337089803886132,0
2025-04-25,530.3473510742188,533.7671535959284,526.7685147807626,532.3157656446981,2006100,516.1758331298828,534.0154028320312,506.53816543579103,519.7766734215496,521.7591025903415,-1.9824291687918958,-5.847608138800998,3.8651789700091026,67.90676064413448,516.1758331298828,556.7422536551131,475.60941260465245,0.1571806269164206,-0.0036976607127705563,-0.003704513959346997,0.4767594309949029,3441230.0,0.5829601625000363,1
2025-04-28,531.3513793945312,534.6021968472862,527.3848190219484,532.8823751009654,1735400,515.9141845703125,533.4005700683593,507.04888793945315,521.557397417393,522.469641612874,-0.9122441954810938,-4.860535350137018,3.948291154655924,70.55644308394349,515.9141845703125,555.9909114376435,475.83745770298157,0.15536198874124585,0.001893152324186964,0.0018913625698214315,0.46458352845093154,3395180.0,0.5111363756855307,1
2025-04-29,536.5108642578125,537.3061543334614,530.2776637625605,531.2022559783794,2041500,515.5378051757813,532.9196960449219,507.57165023803714,523.8579307774575,523.5097321791658,0.348198598291674,-3.8187885604512797,4.166987158742954,75.09534201433618,515.5378051757813,554.6317533714978,476.44385698006477,0.15166277934704234,0.009710118507945564,0.009663278279248134,0.46315027970197653,3260165.0,0.6261952999311384,1
2025-04-30,544.8417358398438,545.845814729691,526.4404186555196,535.3677284805339,3783500,515.5586151123047,532.5290124511719,508.11780548095703,527.086208479363,525.0898805984752,1.9963278808877476,-2.6557652721834746,4.652093153071222,67.60167634066516,515.5586151123047,554.7176978559634,476.399532368646,0.1519093332777636,0.015527871170988972,0.015408547423357184,0.4665492036844198,3313595.0,1.141811235229411,0
2025-05-01,543.420166015625,549.5837714393084,536.5606588917789,546.7703723520782,2839900,515.5644256591797,532.1120812988281,508.63760162353515,529.5991250234033,526.4476795182641,3.151445505139236,-1.4943231167189324,4.645768621858169,80.30245389722154,515.5644256591797,554.7408735247092,476.38797779365024,0.15197498475749197,-0.0026091426752165026,-0.002612552420265234,0.4665924480367181,3305860.0,0.8590502925108746,1
2025-05-02,556.1051635742188,559.077595982433,551.7309769916238,552.3672333448641,2632600,517.0397186279297,532.0524731445313,509.22314880371096,533.6769771081441,528.6445301890756,5.032446919068548,-0.1889691095614363,5.221416028629984,80.87831425379761,517.0397186279297,560.0048817975006,474.07455545835876,0.16619676060318053,0.023342890735175592,0.023074612368011033,0.45809488963996636,3265315.0,0.8062315580579515,1
2025-05-05,557.824951171875,561.2348020300466,552.5858785790682,554.5343907880556,2130900,520.6248168945312,532.1418017578125,509.7795349121094,537.3920500410259,530.806042854468,6.586007186557822,1.1660261496624156,5.419981036895407,80.64228905559213,520.6248168945312,564.6799430199294,476.5696907691331,0.1692394395956076,0.003092558225143538,0.0030877861031343087,0.34748704979578043,3065605.0,0.6950993360201331,0
2025-05-06,555.70751953125,562.4178825473448,552.8344754700875,553.2122489088372,2341700,524.3149627685547,532.1592028808594,510.337409362793,540.2098145779835,532.6505966823778,7.559217895605684,2.4446644988510693,5.114553396754615,77.15706608238781,524.3149627685547,567.058394668947,481.5715308681623,0.16304486782026223,-0.0037958711530861056,-0.0038030937551627175,0.34496551678170456,2882220.0,0.8124640034417914,1
2025-05-07,563.00439453125,563.8990731143225,555.2104061504934,555.9858549325664,2493700,528.6478668212891,532.2226892089843,510.95666076660154,543.7166730323322,534.8990261526646,8.817646879667564,3.719260975014368,5.098385904653195,83.06255233031547,528.6478668212891,568.3802724609121,488.91546118166605,0.15031709435821744,0.01313078326914674,0.013045321838602113,0.3380812894005372,2829135.0,0.8814354917669182,1
2025-05-08,563.789794921875,570.500158069865,563.6705044311618,566.1061298572638,2004300,531.2171905517578,532.3566735839844,511.55880630493164,546.8048456307234,537.039083098532,9.765762532191388,4.9285612864497725,4.837201245741616,82.37746184219458,531.2171905517578,573.1135428758131,489.32083822770244,0.1577371857282667,0.001395016447924835,0.0013940443164677356,0.2272079105628746,2694430.0,0.7438679052712448,1
2025-05-09,565.3009033203125,566.2353859728897,561.2845877733093,564.1178886928662,1528000,534.6618453979493,532.4504077148438,512.1992895507813,549.6503929675832,539.1325512631083,10.517841704474904,6.046417370054799,4.471424334420105,92.13086046257096,534.6618453979493,575.830021447504,493.49366934839446,0.15399705965146349,0.0026802691571365944,0.002676683641095671,0.18340613667428923,2565565.0,0.5955803107697525,1
2025-05-12,574.8743286132812,577.3794895236628,563.103828225213,576.5941503693753,3000300,538.0677276611328,532.5075244140625,512.9335162353516,553.5309984515368,541.7800903260841,11.750908125452725,7.187315521134385,4.563592604318339,91.0675890251484,538.0677276611328,580.7581283422917,495.37732697997393,0.15868039834585532,0.016935096400410687,0.01679329634792878,0.17986150480392682,2528770.0,1.1864661475737217,0
2025-05-13,573.2041625976562,579.4373025096936,572.4187628193953,574.605856067805,2370200,541.2553970336915,532.5588305664063,513.6734962463379,556.5576390894013,544.1077993832375,12.449839706163743,8.239820358140257,4.210019348023486,88.1679404674225,541.2553970336915,584.4663808767599,498.044413190623,0.1596694798052192,-0.002905271521958186,-0.0029095000151995796,0.1828529553278761,2497005.0,0.949217162160268,0
2025-05-14,569.9136962890625,575.2422075011325,568.9195683460605,574.8743850163621,2237500,544.0339889526367,532.9383703613281,514.3545625305176,558.6124171201184,546.0193473021875,12.593069817930882,9.110470250098382,3.4825995678324997,82.11643135701028,544.0339889526367,587.10479090593,500.96318699934346,0.15833864364324857,-0.005740478739166832,-0.005757018615489555,0.1868830245648383,2498345.0,0.8955928824882072,1
2025-05-15,578.7811889648438,579.6162222969925,570.2814088262448,570.7585707303299,2034200,547.452296447754,533.4311401367188,515.0645259094239,561.7153050962299,548.4461503883101,13.269154707919824,9.94220714166267,3.3269475662571537,87.01019349735462,547.452296447754,590.1387518457732,504.7658410497347,0.15594584468819744,0.015559360537430678,0.01543955482269743,0.18385327847602026,2475005.0,0.8218973295003444,1
2025-05-16,579.8549194335938,580.8589375900939,577.0216186650088,577.0216186650088,2225900,550.7304306030273,534.1137219238282,515.7494219970703,564.5060149942859,550.772725873146,13.733289121139933,10.700423537558123,3.0328655835818097,87.02401607159163,550.7304306030273,592.759370812939,508.7014903931157,0.15262980897529727,0.0018551578545087377,0.0018534391744630678,0.18447291884391173,2419810.0,0.9198656092833735,1
2025-05-19,582.9664916992188,584.9945513667883,577.0713207704831,577.6081886480159,1875500,554.5622955322266,534.9190808105469,516.3694075012207,567.3460883335064,553.1574492676699,14.188639065836469,11.398066643213793,2.7905724226226756,86.60523544094379,554.5622955322266,593.3995567774393,515.7250342870138,0.1400645574288086,0.005366122044225152,0.005351775711225996,0.1660756658884948,2346305.0,0.7993419440354088,0
2025-05-20,577.6976318359375,580.5607249549968,573.4626374024643,577.8268733131467,1964300,557.2355041503906,535.8106262207032,516.9694819641113,568.9386334877265,554.9752405690231,13.963392918703448,11.911131898311725,2.0522610203917235,77.20179448334827,557.2355041503906,594.6156725280364,519.8553357727449,0.13416290993388438,-0.00903801494306078,-0.009079105572643053,0.13842861620978952,2325320.0,0.8447439492198923,0
2025-05-21,566.195556640625,575.6000279916835,563.7698822475797,573.074965083847,2505300,559.2003936767578,536.6968444824219,517.5139761352539,568.5166216650955,555.8063750928454,12.710246572250071,12.070954833099394,0.6392917391506767,66.15885872257577,559.2003936767578,593.9013843106486,524.499403042867,0.12410932118888844,-0.019910199664067596,-0.02011107851971657,0.16405522817847104,2297995.0,1.0902112493717349,1
2025-05-22,566.7921142578125,569.7943393551463,563.6009417493932,565.3207636568454,1869900,560.9242156982422,537.6180200195313,518.1605297851562,568.2513128332058,556.6201335495097,11.631179283696156,11.982999723218747,-0.3518204395225908,59.15214530111992,560.9242156982422,593.3528219130932,528.4956094833911,0.11562562395165511,0.0010536246888390721,0.0010530700159238021,0.16237142343609223,2281035.0,0.8197594513017117,0
2025-05-23,560.2705688476562,564.2172271334375,559.2068448084208,561.1751984581155,1948800,562.420376586914,538.504248046875,518.7432977294922,567.0235060661981,556.8905361641872,10.132969902010927,11.612993758977185,-1.4800238569662572,51.93523116616164,562.420376586914,591.4969779079024,533.3437752659256,0.10339810764838116,-0.011506062357088176,-0.011572769275540436,0.16899649028243688,2278170.0,0.8554234319651299,1
2025-05-27,571.1760864257812,571.1860374115565,563.1634191906759,563.491498337548,2655200,564.4116119384765,539.4535498046876,519.3729719543458,567.6623645830571,557.9487250724534,9.713639510603684,11.233122909302486,-1.5194833986988012,60.745822503572235,564.4116119384765,589.7429365845375,539.0802872924156,0.08976188338528425,0.019464733977647697,0.019277718945743615,0.17895989438459886,2324160.0,1.1424342558171554,1
2025-05-28,572.5381469726562,575.4410442485591,569.5756651240988,571.2060495102764,1702900,566.2129760742188,540.3437414550781,519.9810499572754,568.4124849506877,559.029422990987,9.38306195970074,10.863110719382137,-1.480048759681397,57.21816748444315,566.2129760742188,588.0769172370734,544.3490349113641,0.07722868279863913,0.002384659615913387,0.002381820827305506,0.17757002957464568,2307230.0,0.7380711935957837,1
2025-05-29,574.3872680664062,575.1825582799655,569.5756621577286,572.4984007170433,1347800,567.6902526855469,541.3066467285156,520.5924348449707,569.331682353106,560.1670411447217,9.164641208384296,10.523416817182568,-1.3587756087982719,57.8963405483038,567.6902526855469,587.3563809361918,548.0241244349019,0.06928471347750403,0.0032296906390034685,0.003224486390589243,0.17161695965077045,2185445.0,0.6167165039614357,1
2025-05-30,582.1612548828125,582.1612548828125,573.1246665470632,573.393100487823,4581100,569.6273071289063,542.30791015625,521.2480839538574,571.3054627422916,561.796242162358,9.50922057993364,10.320577569732784,-0.811356989799144,61.49048532575509,569.6273071289063,586.6870970397401,552.5675172180725,0.05989807615375863,0.013534399609128389,0.013443627734146731,0.17453627779089367,2272505.0,2.015881153176781,0
2025-06-02,577.8070068359375,578.4035200004915,571.404881211034,577.091263850577,2089100,570.7123992919921,543.2163342285156,521.8637997436523,572.3057002951602,562.9822247307712,9.323475564389014,10.12115716866403,-0.7976816042750166,52.15171688638071,570.7123992919921,586.8886240287983,554.536174555186,0.056687833510797606,-0.007479453519715129,-0.0075075648917096345,0.16190974410900225,2245330.0,0.9304200273456463,1
2025-06-03,578.552490234375,579.1092600170148,570.0726121858992,576.4648462564433,2116900,571.7487762451171,544.1533642578125,522.4792834472656,573.2667449011933,564.1355777310382,9.131167170155095,9.923159168962243,-0.7919919988071484,53.97806563964927,571.7487762451171,587.0824875420305,556.4150649482037,0.0536379330712887,0.0012901944587342395,0.0012893628730582024,0.16186970847371093,2244630.0,0.9430952985570005,1
2025-06-04,580.699951171875,583.4039500099599,578.8011328512792,580.7396944453457,1530200,572.9983978271484,544.974931640625,523.0631916809082,574.4103150966828,565.3625683562854,9.047746740397429,9.74807668324928,-0.7003299428518517,58.16154805338752,572.9983978271484,586.8274547177373,559.1693409365596,0.04826909444434621,0.003711782377135764,0.003704910711763209,0.16056963030292748,2204055.0,0.6942657964524479,1
2025-06-05,582.0022583007812,583.2449182144225,579.2087612419858,582.8671447465352,1480000,573.948291015625,545.7929663085938,523.6527700805664,575.5783063588518,566.5951379818035,8.983168377048287,9.595095022009081,-0.6119266449607945,52.75236726323717,573.948291015625,587.4939007449018,560.4026812863483,0.047201498606458905,0.0022426506602559737,0.0022401396727417667,0.15535092188154798,2153370.0,0.687294798385786,1
2025-06-06,586.6547241210938,587.6885952452237,582.5986654888552,584.4576797209752,1528600,575.0915374755859,546.6264306640625,524.2750134277344,577.282370629966,568.0810332513806,9.201337378585322,9.51634349332433,-0.31500611473900797,55.475477128500316,575.0915374755859,588.8844798277474,561.2985951234244,0.04796781539407385,0.00799389650805793,0.007962114579315144,0.15693347059195942,2129585.0,0.7177924337370897,0
2025-06-09,580.8987426757812,586.5354305870177,576.594152102492,585.2828197896877,1936000,575.8714294433594,547.1760424804687,524.857886505127,577.8387355600913,569.0304932087436,8.808242351347758,9.374723264929017,-0.566480913581259,48.402978517190206,575.8714294433594,589.085197895957,562.6576609907618,0.04589138400344018,-0.009811531738597834,-0.009859981990733287,0.1624217722659294,2149985.0,0.9004713986376649,1
2025-06-10,586.078125,586.4062041879132,579.7355843096786,581.216885810423,2133700,576.4316192626953,548.16591796875,525.4721992492675,579.1063339354619,570.2932807488367,8.813053186625211,9.262389249268256,-0.44933606264304515,56.481614356549684,576.4316192626953,590.3960374736643,562.4672010517264,0.04845125681630923,0.008916153442441788,0.008876639249053757,0.15456063003672085,2106655.0,1.0128378875515924,1
2025-06-11,587.2710571289062,591.2177761158006,584.1494812199238,586.8535404350971,2238100,577.1349639892578,549.0305700683593,526.0884184265137,580.3624451959918,571.5508938140271,8.811551381964705,9.172221675807547,-0.3606702938428423,69.39259186041417,577.1349639892578,591.8136753661186,562.4562526123971,0.050867517280183225,0.0020354489922418395,0.0020333802726483314,0.15389397848220235,2100050.0,1.0657365300826172,0
2025-06-12,585.8197021484375,587.2014937776297,581.12738703579,585.9687849233432,1984000,577.9302642822265,549.8584533691406,526.7091593933105,581.2020231886758,572.6078425795389,8.594180609136856,9.05661346247341,-0.46243285333655315,67.23705512354361,577.9302642822265,592.6849931590119,563.1755354054411,0.051060585640415886,-0.002471354518242763,-0.002474413355506978,0.15235207996476713,2087375.0,0.9504760764117611,0
2025-06-13,558.729736328125,571.8621271378258,549.2656192431565,569.4960978665838,5905400,576.9276916503907,550.1669689941406,527.183562927246,577.7447482870525,571.5798347090638,6.164913577988727,8.478273485576473,-2.3133599075877456,48.983113521508685,576.9276916503907,593.98436361762,559.8710196831613,0.05912932318584369,-0.04624283840397081,-0.04734618752984876,0.21945135421458134,2280935.0,2.5890259915341733,1
2025-06-16,565.3306884765625,571.6235349903816,559.336128870226,560.5887397160503,3108200,576.2014801025391,550.9415966796874,527.6595458984375,575.8348929315925,571.1169349881378,4.717957943454735,7.7262103771521256,-3.0082524336973906,45.90988953357767,576.2014801025391,593.9558979913692,558.447062213709,0.06162572815908261,0.011814213060893808,0.011744970079757926,0.22436491241851445,2325050.0,1.3368314659899787,1
2025-06-17,566.1061401367188,567.9353014787013,560.6881309909068,561.4038739481822,2246600,575.3584625244141,552.541259765625,528.1551928710937,574.3381617323812,570.7457649991438,3.592396733237365,6.899447648369174,-3.307050915131809,45.4621789395359,575.3584625244141,593.3598008874939,557.3571241613344,0.06257434116497732,0.0013716779859340722,0.0013707380950724207,0.2232666223715516,2343605.0,0.9586086392544819,0
2025-06-18,535.5665283203125,567.7266037427331,531.023356331071,567.5277660184092,6966800,573.2519073486328,553.6144982910156,528.453602142334,568.3732950536014,568.1398956155267,0.23339943807468444,5.566238006310277,-5.3328385682355925,30.50415732548153,573.2519073486328,598.5018315342746,548.001983162991,0.08809364212123118,-0.05394679486965237,-0.05545646930212275,0.29050526183039527,2593730.0,2.686015892170735,0
2025-06-20,529.8402709960938,535.1787931707454,524.2334362490553,533.777038976426,8202800,571.4341430664062,554.6843774414062,528.7108097839356,562.4451375062926,565.3028863844577,-2.8577488781651255,3.8814406294151964,-6.739189507580322,23.172538457638538,571.4341430664062,603.2133035164939,539.6549826163186,0.11122597708129789,-0.010691962662748744,-0.010749532419054679,0.28544651441888796,2878605.0,2.8495747071932414,1
2025-06-23,539.1652221679688,539.9406710258631,524.4720439063567,528.2994119077854,3681100,570.0527984619141,555.2196154785156,529.0206797790528,558.8636120696274,563.3667631091622,-4.503151039534828,2.2045222956251918,-6.7076733351600195,31.147508765075713,570.0527984619141,604.9320458010787,535.1735511227495,0.122371988816734,0.017599551567388794,0.017446472926922283,0.2945785331524109,2969165.0,1.2397761660264754,1
2025-06-24,554.2562255859375,560.8074952761336,549.2457815187186,553.9082443719589,4503200,569.7520812988281,556.3765838623046,529.4009565734864,558.1547833798289,562.6919084778123,-4.537125097983335,0.8561928169034866,-5.393317914886821,39.60187948242138,569.7520812988281,605.0871692222862,534.41699337537,0.12403671380333327,0.027989571280744308,0.0276050223129792,0.31115229643705256,3096885.0,1.454106303592158,0
2025-06-25,546.4721069335938,555.2005181547026,545.3984318353496,552.7351004326423,2889200,568.5168823242187,557.1708923339844,529.7709176635742,556.3574485419466,561.490441696759,-5.132993154812425,-0.3416443774396958,-4.791348777372729,36.02565667993192,568.5168823242187,605.3382581779255,531.695506470512,0.1295348546314863,-0.01404426020495253,-0.014143814033023536,0.3055291590374672,3108585.0,0.9294260893622017,0
2025-06-26,542.60498046875,545.6867528800013,538.8869515994483,542.3266561913251,3764100,567.0202239990234,557.8339764404296,530.1276797485351,554.2416842229933,560.0915186428324,-5.849834419839112,-1.4432823859195791,-4.406552033919533,34.24506606486547,567.0202239990234,605.5472385388083,528.4932094592385,0.13589291143114937,-0.00707653037689937,-0.007101687772960279,0.30556229793509915,3211645.0,1.1720162097616642,1
2025-06-27,547.0884399414062,553.430980411864,542.3464307302017,543.5592982463595,3837500,565.6552825927735,558.4889080810547,530.4525698852539,553.1411851027491,559.128327627912,-5.987142525162881,-2.3520544137682395,-3.635088111394641,34.156064187768976,565.6552825927735,605.0087761472765,526.3017890382704,0.1391430249678564,0.008262842461901121,0.00822889206874902,0.30733161638878703,3336130.0,1.1502849109597049,1
2025-06-30,558.6401977539062,559.3261483867909,548.6591761390141,549.2556285690235,5054600,564.4792297363281,559.4534112548828,530.8306163024903,553.987187049081,559.0921698594672,-5.104982810386218,-2.9026400930918355,-2.202342717294383,41.48215588688965,564.4792297363281,603.1557973699723,525.8026621026838,0.13703451108984233,0.021114973319007024,0.020895141382336717,0.3136093228291554,3359805.0,1.504432548912809,1
2025-07-01,561.2944946289062,562.9845240604872,553.76893974036,556.0355802977913,3827000,563.6536041259766,560.3934564208985,531.221142578125,555.111388215208,559.2553050275737,-4.143916812365774,-3.150895436946623,-0.9930213754191506,40.328961313939885,563.6536041259766,601.8340481170469,525.4731601349063,0.13547485090696587,0.004751353170917572,0.004740101120008835,0.31371341452903856,3446700.0,1.1103374242028607,0
2025-07-02,558.2227172851562,562.6664398690215,554.1169642079834,559.6343619123018,2502300,562.6371154785156,561.4313269042968,531.5768608093261,555.5900542259692,559.1788170466539,-3.5887628206846784,-3.2384689136942346,-0.3502939069904438,38.82860010572184,562.6371154785156,600.2253210254572,525.048909931574,0.13361438310010285,-0.005472666083747857,-0.0054876959816028414,0.3139028124483907,3465970.0,0.7219623943657908,1
2025-07-03,565.8973999023438,566.3149166631795,557.4473120980954,557.4871160502984,1528700,561.8969879150391,562.2646057128907,531.9647665405273,557.1757997146423,559.6764898507791,-2.500690136136882,-3.0909131581827642,0.5902230220458824,42.68828057763136,561.8969879150391,598.5591879442687,525.2347878858094,0.1304943817736682,0.013748424024218053,0.013654771846245719,0.31814744166991094,3465895.0,0.44106933418352257,0
2025-07-07,561.801513671875,567.3984582013076,557.0595045126611,567.3189109855265,2478300,560.8869506835938,562.9626806640625,532.3106648254394,557.887448015755,559.8338990227122,-1.9464510069572043,-2.862020727937652,0.9155697209804479,51.35629688478591,560.8869506835938,596.3090343128765,525.4648670543111,0.12630739077138897,-0.007237860133613605,-0.007264180522364541,0.31860744683512937,3515810.0,0.704901573179438,0
2025-07-08,559.1372680664062,563.292715180994,557.1291104011599,561.264716219019,3083800,559.5110778808594,563.4991125488282,532.6270095825196,558.0797280235474,559.7822967296526,-1.7025687061051258,-2.630130323571147,0.9275616174660213,47.16689923818171,559.5110778808594,592.791898224329,526.2302575373898,0.11896393711995928,-0.004742325431014827,-0.004753605934269859,0.3167388389507322,3593570.0,0.8581438513789909,1
2025-07-09,562.5516967773438,562.8602909574223,556.7182399493582,559.4557905257744,2454300,558.5937255859375,564.1431994628906,532.9912582397461,558.7677232164392,559.987437473926,-1.2197142574867712,-2.3480471103542717,1.1283328528675005,48.41239550642173,558.5937255859375,590.3697318144762,526.8177193573988,0.1137714398607224,0.006106601913238974,0.006088032180074865,0.3167096940409682,3619485.0,0.6780798925814031,0
2025-07-10,560.9689331054688,563.4974125112147,558.4702862934563,563.0892953378783,2577200,557.338265991211,564.7355505371094,533.3562533569336,559.1063708916745,560.0601408540402,-0.9537699623657545,-2.0691916807565685,1.115421718390814,65.3050957779731,557.338265991211,586.411205262712,528.26532671971,0.10432780609382915,-0.0028135435035430145,-0.0028175089567962176,0.3143651190352542,3641660.0,0.7076992360626747,0
2025-07-11,547.6892700195312,558.2811162032835,543.3788553721812,557.2856433083936,3221400,555.3591766357422,564.9591186523437,533.6561866760254,557.3498938344217,559.143780051484,-1.7938862170623224,-2.0141305880177196,0.22024437095539717,59.85695121375749,555.3591766357422,581.0441723966537,529.6741808748307,0.09249868136331604,-0.023672724641670584,-0.023957425664232274,0.32311423488557695,3690825.0,0.8728129889658817,1
2025-07-14,550.5165405273438,556.5391404918819,545.3101750182155,548.0079289302789,2500900,553.5940185546875,565.0726147460938,533.9484809875488,556.2986087102558,558.504725271918,-2.2061165616621565,-2.052527782746607,-0.15358877891554945,56.753321829664365,553.5940185546875,574.9528926297198,532.2351444796552,0.07716439614284719,0.005162179839147907,0.005148901466097798,0.32450162851380765,3716670.0,0.6728872888903239,0
2025-07-15,547.8684692382812,552.3480974401706,546.1662494072248,550.6060198061025,2449100,553.0509552001953,565.1615808105469,534.2756875610352,555.0016641761059,557.7168544546115,-2.715190278505588,-2.1850602818984033,-0.5301299966071849,45.5392481546552,553.0509552001953,574.4123325218129,531.6895778785777,0.07724921951860714,-0.004810157541362714,-0.004821763582028833,0.2815957994237055,3543855.0,0.6910835798868746,1
2025-07-16,553.0051879882812,553.0051879882812,547.0124210032477,549.9191851906412,2424200,552.4346801757813,565.0995812988281,534.6184820556641,554.6945139933637,557.3678421237722,-2.6733281304085494,-2.2827138516004326,-0.39061427880811683,54.737402098942034,552.4346801757813,573.0007710322222,531.8685893193403,0.07445619036768998,0.009375824743376393,0.009332144511771692,0.28027362529174643,3509655.0,0.6907231622481412,1
2025-07-17,553.0947265625,554.8567331758757,548.0178386797261,550.4766277704188,2722000,551.7841094970703,565.0049768066406,534.9527174377441,554.4483928501538,557.0513150451594,-2.60292219500559,-2.346755520281464,-0.2561666747241258,58.04742372309939,551.7841094970703,571.3269985896717,532.2412204044689,0.0708352732753177,0.0001619127201037962,0.00016189961365404537,0.28017351770755095,3533425.0,0.7703573728040074,0
2025-07-18,550.1580810546875,553.8313788524281,548.3861707105502,552.7463473081561,2579600,552.5136871337891,564.8939880371094,535.2605404663086,553.7883448816206,556.5407051199393,-2.7523602383187153,-2.4278764638889143,-0.32448377442980103,52.41218751109138,552.5136871337891,570.5378218344906,534.4895524330875,0.06524412017448204,-0.005309480215195395,-0.005323625597240552,0.20002127399922892,3314065.0,0.778379422250318,1
2025-07-21,552.1390991210938,555.5535640677031,549.5408685302818,550.8947579266072,2194400,553.628628540039,564.6766821289062,535.5774769592285,553.5346147646164,556.2146602311359,-2.6800454665194593,-2.4783102644150237,-0.20173520210443563,43.986812243838,553.628628540039,568.1694924154599,539.0877646646181,0.05252930620212416,0.00360081608291285,0.0035943486653524197,0.1949112200061629,3013645.0,0.728154776027037,1
2025-07-22,556.23046875,557.6739166623668,552.7263845642016,553.2938114301187,2010400,554.4818908691407,564.5254956054688,535.9021018981933,553.9493615315985,556.2158312325332,-2.266469700934749,-2.4359421517189688,0.16947245078421957,45.437327804754645,554.4818908691407,567.3565313624844,541.607250375797,0.046438452563934654,0.007410034238507945,0.007382714810388971,0.18739957627949777,2930110.0,0.6861175860291935,1
2025-07-23,559.5454711914062,559.9436239545169,551.9898040379474,554.4884511049639,2180400,554.7463531494141,564.4103869628906,536.2473104858399,554.8103014792612,556.4624712294867,-1.6521697502255392,-2.2791876714202832,0.627017921194744,51.18659658344284,554.7463531494141,567.817275978449,541.6754303203792,0.047123961265643124,0.005959764212226659,0.005942075064797647,0.16070789843704864,2813970.0,0.7748483459311933,1
2025-07-24,560.9490356445312,565.2694151995385,559.3563031476609,559.4558261441465,1874700,555.4701995849609,564.1318811035156,536.6025065612793,555.754722120072,556.7948093343048,-1.0400872142328126,-2.0313675799827893,0.9912803657499767,44.99823555686072,555.4701995849609,568.2110490035784,542.7293501663435,0.04587410603894591,0.002508401060125509,0.0025052602733251564,0.15127051252815032,2763245.0,0.6784414700831812,1
2025-07-25,565.6476440429688,567.3798181161651,561.2974318540912,561.8051328101271,1513300,556.6223327636719,563.9807507324218,536.9676850891113,557.27671010821,557.4505748682799,-0.17386476006993234,-1.659867016000218,1.4860022559302857,53.84083703002088,556.6223327636719,568.6098895062676,544.6347760210763,0.043072496509712496,0.00837617697842874,0.008341291477422954,0.14978931751460983,2650705.0,0.5709047215740718,1
2025-07-28,565.7074584960938,569.0621978404398,563.6567256683621,564.8015439884653,2492400,557.5532836914062,563.8966259765625,537.3648355102539,558.5737483217306,558.0621958777476,0.5115524439829642,-1.2255831240035817,1.737135567986546,56.92116585954237,557.5532836914062,569.3131011689644,545.7934662138481,0.04218365426780255,0.00010574507602911787,0.0001057394854126823,0.14814492395003678,2583450.0,0.9647564303547582,0
2025-07-29,560.7698364257812,570.4060074099878,560.4512777867768,567.449481876141,2393800,557.659765625,563.5363989257812,537.7087922668456,558.9116080300461,558.2627618442685,0.6488461857775292,-0.8506972620473596,1.4995434478248888,48.18131754492197,557.659765625,569.4993181594069,545.820213090593,0.04246156263806377,-0.008728225156229952,-0.008766539218845818,0.13346164826936358,2450410.0,0.9768977436429006,0
2025-07-30,556.578857421875,563.0494314914248,552.6965494354528,557.7933659956827,2833200,557.4239837646485,563.0708776855469,538.0142022705078,558.5527233210967,558.1380281833506,0.4146951377460937,-0.5976187820886689,1.0123139198347626,45.74571152437993,557.4239837646485,569.1459964885298,545.7019710407671,0.042057798247986826,-0.007473617037996538,-0.007501684444620912,0.13500718040330562,2400720.0,1.180145956213136,1
2025-07-31,563.9055786132812,576.8168954178241,559.963544296837,565.9961084333476,4568300,557.7081268310546,562.6896594238282,538.3658099365234,559.3762395198943,558.5652541411232,0.810985378771079,-0.3158979499167193,1.1268833286877984,67.76431037664446,557.7081268310546,569.7818901812267,545.6343634808826,0.043297785236791154,0.013163851076457123,0.01307796053462669,0.14173617782117265,2504020.0,1.8243863866902021,0
2025-08-01,557.3554077148438,562.3128439468776,553.5825260565393,561.3074064681089,3316700,557.2810272216797,562.2828149414063,538.6636555480957,559.0653423191172,558.4756358873248,0.5897064317924787,-0.13477707357487972,0.7244835053673584,56.92671950148984,557.2810272216797,568.7228416033147,545.8392128400446,0.04106299630790628,-0.011615722821088692,-0.01168371234051106,0.13896567377408886,2593420.0,1.278890422685103,1
2025-08-04,567.23046875,567.3399561980787,559.9535635368792,561.7354383369927,2984700,557.5524749755859,562.3035131835937,538.9890724182129,560.3215156161762,559.1241420253007,1.1973735908754861,0.13165305931519344,1.0657205315602927,67.10640551240971,557.5524749755859,569.682730441721,545.4222195094509,0.04351251589966025,0.01771770920038973,0.017562580263514226,0.15114958858918495,2618740.0,1.1397465956910575,0
2025-08-05,563.4775390625,569.2413668638212,559.5852662005035,567.021420663188,2883200,557.7694885253907,562.2372216796875,539.2928997802734,560.8070576848413,559.446615879908,1.3604418049333162,0.377410808438818,0.9830309964944982,59.48427109762367,557.7694885253907,570.1713782933374,545.367598757444,0.044469588326655735,-0.0066162343073182805,-0.006638218608032878,0.15215856676710338,2608710.0,1.105220587953433,1
2025-08-06,566.5535278320312,567.7779401240493,561.416853358441,566.4141470361852,2245200,557.969580078125,562.362880859375,539.5782118225097,561.6911300151783,559.9730538022875,1.7180762128907645,0.6455438893292074,1.0725323235615571,61.56343899944939,557.969580078125,570.8174488738558,545.1217112823941,0.046052219527566114,0.005458937679484022,0.005444091683593616,0.15185518726378125,2598255.0,0.8641184179381931,0
2025-08-07,558.6793212890625,571.3019722475808,551.3526546778284,570.3761289007414,2979600,557.8550994873046,562.1129455566406,539.8256889343262,561.2277748265451,559.8772217642709,1.3505530622742299,0.7865457239182119,0.564007338356018,56.74863588728233,557.8550994873046,570.631040920976,545.0791580536333,0.04580379903459909,-0.013898433521542297,-0.013995921085681564,0.1598517151627563,2618375.0,1.137957702773667,1
2025-08-08,571.7200317382812,573.5516679406965,560.1426764730583,561.1978753693412,2907700,559.0566375732421,562.0965832519531,540.125584411621,562.8419681975814,560.754466947531,2.0875012500504226,1.0467368291446542,1.0407644209057685,63.19598806818836,559.0566375732421,572.3178640769779,545.7954110695064,0.04744144193082195,0.02334203173858196,0.02307377296514623,0.15516211198891677,2602690.0,1.1171902915829393,0
2025-08-11,570.9933471679688,573.9797659711247,566.8621101867312,572.3969372715598,2116600,560.0804779052735,562.0287048339844,540.428437652588,564.0960265007179,561.5129025194152,2.5831239813027196,1.3540142595762674,1.2291097217264522,60.42163063026575,560.0804779052735,573.721919469062,546.439036341485,0.0487124336659906,-0.001271049692107229,-0.001271858160909092,0.15521059527112405,2583475.0,0.8192841037749543,1
2025-08-12,571.5806884765625,575.7019613408944,567.8775580249143,572.5761614915886,2593800,561.2660888671875,561.8170935058594,540.7440887451172,565.2475129585401,562.2586644421668,2.9888485163733094,1.6809811109356758,1.3078674054376336,58.83637745494763,561.2660888671875,574.5558207812223,547.9763569531526,0.04735626177187274,0.0010286307388813754,0.0010281020607948502,0.15324750137486526,2590710.0,1.0011927232303113,1
2025-08-13,575.2838134765625,577.6430793899336,571.4412419040842,574.7163866322418,2352900,562.3800201416016,561.7666296386719,541.0747370910644,566.791559192082,563.2234902965665,3.5680688955154665,2.058398667851634,1.5096702276638325,60.18095546078533,562.3800201416016,576.4652336676905,548.2948066155126,0.05009144358486443,0.006478744077008658,0.0064578472229523225,0.1517774502732144,2587145.0,0.9094581092285126,1
2025-08-14,581.1173095703125,581.75442685201,572.8946931325204,574.8557457153994,2642300,563.7811492919922,561.8179260253906,541.4499644470214,568.9955207887328,564.5489583909181,4.446562397814773,2.536031413844262,1.9105309839705114,60.812677523640666,563.7811492919922,579.4620056778598,548.1002929061245,0.05562745900802099,0.010140205507429334,0.010089138553021999,0.15426962774744366,2583160.0,1.022894439368835,0
2025-08-15,579.066650390625,586.8910535093047,578.4792945926761,582.3516991056047,2263800,565.2265777587891,561.7852600097656,541.8310934448242,570.5449253428701,565.624342983489,4.920582359381115,3.0129416029516323,1.9076407564294824,59.08470960324411,565.2265777587891,580.9494893500612,549.5036661675169,0.055634013721067056,-0.0035288213686214265,-0.0035350623452674603,0.15319693392414457,2567370.0,0.8817583753023522,1
2025-08-18,581.4956665039062,582.8395308744737,578.061272184966,579.3852684097167,1812000,566.6944061279297,561.7751281738281,542.2201551818848,572.2296547522603,566.7999965775939,5.429658174666429,3.4962849172945916,1.9333732573718372,64.59214262632096,566.6944061279297,582.7506100863767,550.6382021694827,0.05666618122509698,0.004194709040216127,0.00418593577389278,0.1532624746811316,2548250.0,0.71107622878446,1
2025-08-19,582.859375,587.8964656821628,581.5751760125304,581.7643183028405,2334500,568.0258514404297,561.6992211914062,542.6255993652344,573.8649963288357,567.9895801644387,5.875416164396938,3.9721111667150613,1.903304997681877,69.27011820390217,568.0258514404297,584.8275763341467,551.2241265467128,0.05915831066881989,0.0023451739619879675,0.0023424283333453055,0.1522216498591205,2564455.0,0.9103298751586595,1
2025-08-20,589.9968872070312,591.191466871451,583.2575160469974,583.2575160469974,2884600,569.5484222412109,561.8811840820313,543.030011138916,576.3468256947119,569.6197510564826,6.727074638229283,4.523103861017906,2.203970777211377,69.1846135342449,569.5484222412109,588.4963310762037,550.6005134062182,0.06653660371994874,0.012245684830978654,0.012171312973137607,0.15577373541248155,2599665.0,1.1096045067345215,0
2025-08-21,589.2404174804688,589.5291435637358,581.2865971714784,586.373450105671,2349200,570.9629913330078,561.9444299316406,543.5005130004882,578.330455200213,571.0731337545557,7.25732144565734,5.069947377945793,2.1873740677115467,75.62819000822215,570.9629913330078,591.3754000778747,550.550582588141,0.07150168769156373,-0.0012821588434873687,-0.0012829815124073413,0.15641493453712965,2623390.0,0.8954825626384182,1
2025-08-22,596.24853515625,599.0458118803059,590.3951490044634,592.6050699194998,2388900,572.4930358886719,562.1239794921875,543.9639836120606,581.0870828857571,572.9379783028293,8.149104582927862,5.6857788189422065,2.4633257639856554,74.4506935630193,572.4930358886719,595.6331156270726,549.3529561502712,0.08083968987493693,0.011893477548175158,0.011823305985372859,0.1586471225377069,2667170.0,0.8956684425814627,0
2025-08-25,590.5245361328125,596.3280997398813,590.1760841417057,595.1136518936315,1984300,573.7338897705079,562.218076171875,544.4112225341797,582.5389987699194,574.2406862902354,8.298312479684,6.208285551090565,2.090026928593435,72.0572014494485,573.7338897705079,597.9771620974217,549.490617443594,0.0845105117866092,-0.009600021947118953,-0.009646399211659188,0.16437734711633306,2641765.0,0.7511266142143604,0
2025-08-26,588.9317016601562,593.3018422278158,583.6357785961891,590.3950784025315,4774600,575.1419830322266,562.8221154785156,544.8505963134766,583.5224915222635,575.3289096509703,8.19358187129319,6.60534481513109,1.5882370561621002,68.70212809369326,575.1419830322266,599.4860062984678,550.7979597659853,0.08465396018526164,-0.0026973214069770934,-0.0027009657331177853,0.16040562987183976,2760805.0,1.7294231211548805,0
2025-08-27,587.986083984375,591.928179128893,587.1499206487474,588.5336427680312,1480900,576.7123443603516,563.2752233886719,545.2080859375,584.2091980548961,576.2664781201115,7.942719934784577,6.872819839061789,1.0699000957227884,77.70052451707738,576.7123443603516,600.0454474750507,553.3792412456526,0.08091764756857585,-0.0016056491323452882,-0.0016069395684234202,0.15687948512195626,2693190.0,0.5498683717079003,0
2025-08-28,587.806884765625,590.8431260597329,587.0503155549824,588.1453723236469,2159800,577.9074096679688,563.70923828125,545.5807843017578,584.7626883180851,577.1213230568163,7.641365261268788,7.026528923503189,0.614836337765599,70.08959128264777,577.9074096679688,600.9248951755251,554.8899241604124,0.07965803906470349,-0.00030476778895116574,-0.00030481424009187085,0.15228998250285924,2572765.0,0.8394859227329352,1
2025-08-29,592.5950927734375,594.1281600596383,587.5878952416091,589.3200085182028,2111200,579.6693939208984,564.8498095703125,545.943330078125,585.9676736189085,578.2675282210105,7.700145397898041,7.1612522183821605,0.5388931795158802,74.492161495205,579.6693939208984,601.4231522955321,557.9156355462648,0.07505574247241412,0.00814588622881085,0.008112887578630223,0.1446092824078825,2512490.0,0.8402819513709507,0
2025-09-02,589.1906127929688,592.9236366262451,583.3471910133215,592.9236366262451,2284500,580.7674011230469,566.03681640625,546.2622924804688,586.4635104149178,579.076645596711,7.386864818206732,7.206374738347075,0.18049007985965648,68.76732680351616,580.7674011230469,602.0901730833494,559.4446291627443,0.07342964470481685,-0.005745035728418335,-0.005761601925578233,0.13695323297842002,2477480.0,0.9221063338553692,1
2025-09-03,590.5941772460938,591.3108885528225,586.2937271291939,589.1507294236154,1959400,582.1232330322266,567.0653955078125,546.5929803466797,587.098997619714,579.9297960892579,7.169201530456121,7.198940096768885,-0.029738566312763837,67.15759032452672,582.1232330322266,602.2308302606028,562.0156358038504,0.069083644449776,0.0023821907930128283,0.002379357874668339,0.1331728468763945,2431290.0,0.8059096199959692,1
2025-09-04,592.9435424804688,593.1924107263465,586.622252579866,590.3453725756294,1653700,583.4427337646484,567.8391418457031,546.971540222168,587.9981583675225,580.8937773034218,7.104381064100721,7.180028290235253,-0.07564722613453156,64.3756890664902,583.4427337646484,602.6936541680496,564.1918133612472,0.06599077952067435,0.003977968840346513,0.0039700776426687834,0.13282291894716447,2401715.0,0.6885496405693432,0
2025-09-05,581.5751953125,595.8702334845113,576.4087488738963,592.7742663394478,2432100,584.5875274658204,568.5412036132813,547.3005926513672,587.0100102052113,580.9442527115016,6.065757493709725,6.957174130930148,-0.8914166372204226,52.48614774129546,584.5875274658204,599.9730315652222,569.2020233664185,0.05263712746694339,-0.019172731218914052,-0.01935891159584508,0.14233907288571596,2374340.0,1.0243267602786459,1
2025-09-08,583.9444580078125,587.1200194197097,578.0712035568214,579.9824947714785,1948200,585.1987487792969,569.3679931640625,547.6341076660157,586.5383867902268,581.166490140858,5.371896649368864,6.640118634617892,-1.2682219852490277,52.42980568095242,585.1987487792969,599.353974781055,571.0435227775389,0.048377499204450815,0.004073871641034232,0.004065595894565751,0.11855307922574151,2326365.0,0.8374438233037378,0
2025-09-09,581.356201171875,588.5036896417964,580.6593579570572,580.8982617429725,2266000,585.7168914794922,570.0533483886719,547.9559698486328,585.7411274643265,581.1805428098222,4.560584654504282,6.224211838595171,-1.6636271840908883,48.543866121769405,585.7168914794922,598.3606901261758,573.0730928328087,0.043173754524121435,-0.004432368182356927,-0.004442220248978408,0.1199096570173169,2333835.0,0.9709341063100005,0
2025-09-10,576.7571411132812,579.4946918135032,568.4150726642607,579.4946918135032,2535200,585.9757141113281,570.4156872558593,548.2655899047852,584.3589757180118,580.8528834248933,3.5060922931185132,5.680587929499839,-2.1744956363813257,36.51119175598266,585.9757141113281,597.569423097123,574.3820051255332,0.039570612592290035,-0.007910915974273847,-0.007942373283974001,0.123940039565986,2330905.0,1.0876462146676935,1
2025-09-11,586.0648193359375,587.299196175569,577.3843236515278,578.2503803296192,2407000,586.5147644042969,570.91109375,548.6560404968262,584.6214131976926,581.2389527516373,3.3824604460553473,5.220962432810941,-1.8385019867555936,47.24474330554546,586.5147644042969,596.9610844757265,576.0684443328673,0.03562167810741999,0.016137950550018543,0.01600911803969013,0.13443867765616613,2333610.0,1.0314491281748022,0
2025-09-12,577.7824096679688,586.5426199544376,577.3742925054344,583.7851405284347,2242800,586.3480194091796,571.3022875976562,548.9923930358887,583.5692588085043,580.9829125232175,2.5863462852868224,4.694039203306118,-2.1076929180192954,34.32477941671718,586.3480194091796,597.253469877477,575.4425689408823,0.03719787603030005,-0.01413224168165128,-0.01423305272689377,0.13995771023331494,2313635.0,0.9693836754717144,1
2025-09-15,580.3209838867188,583.8449365667223,578.8675713786002,580.0919837720455,2222600,586.4107360839844,571.5907592773438,549.3128950500488,583.0695242051527,580.9338807723657,2.135643432786992,4.182360049202293,-2.046716616415301,40.84338867192849,586.4107360839844,597.1530791772321,575.6683929907366,0.03663760716587315,0.004393650925110126,0.004384027019973659,0.14032144612869,2311575.0,0.9615089278954825,1
2025-09-16,583.7652587890625,585.4476105869426,574.2187067580574,575.3933576052679,2537000,586.5242156982422,572.0300341796875,549.6221742248536,583.1765602949849,581.1436124773062,2.032947817678746,3.752477602897584,-1.719529785218838,45.51277089988433,586.5242156982422,597.0945145095926,575.9539168868918,0.03604386154377873,0.005935120386782566,0.005917576940532833,0.14112129101202012,2347825.0,1.0805745743400808,1
2025-09-17,595.9199829101562,596.1788156011738,584.7806380573154,585.0494351993487,2930800,587.17724609375,572.7656884765624,549.9829103088379,585.1370868511651,582.2381584352951,2.8989284158700457,3.5817677654920765,-0.6828393496220309,55.767809174077456,587.17724609375,598.3885532692735,575.9659389182265,0.03818713088801642,0.020821252957579084,0.020607453295241725,0.15890848055850681,2377640.0,1.2326508638818323,0
2025-09-18,583.3969116210938,598.896432781524,583.2276982316574,593.3815344982348,3294600,586.8472473144532,573.1825927734375,550.261704864502,584.8693675850003,582.3239920046135,2.5453755803868034,3.374489328471022,-0.8291137480842186,47.281864071007924,586.8472473144532,598.0975690371458,575.5969255917605,0.0383415676708946,-0.02101468594475797,-0.021238637529165733,0.17148381983590866,2398140.0,1.373814706397458,0
2025-09-19,581.5154418945312,586.2041412828485,578.8774750769935,585.9552730495611,6745300,586.4609985351562,573.5935229492187,550.5283171081543,584.3533790172359,582.2640994038666,2.0892796133692855,3.117447385450675,-1.0281677720813893,42.91714105786571,586.4609985351562,597.8943144220641,575.0276826482484,0.03899088231089748,-0.003225025174258156,-0.003230236775993217,0.17173881457886228,2617945.0,2.576562914805315,1
2025-09-22,581.843994140625,584.6910322900201,577.5137109679034,578.3399097974624,3241700,585.740771484375,574.2766174316406,550.8044020080566,583.9673198054496,582.2329804954784,1.734339309971233,2.840825770354787,-1.1064864603835538,45.1112892757607,585.740771484375,596.3641786014612,575.1173643672889,0.0362734084231987,0.0005649931582614176,0.0005648336097200374,0.1653956349076341,2660585.0,1.2184162505614367,0
2025-09-23,567.3897094726562,584.2032628122188,565.6775250985502,582.7996726338574,3223000,584.5840301513672,574.6140808105469,551.0338841247559,581.4169182157891,581.1334789382323,0.2834392775567949,2.3293484717951882,-2.0459091942383933,36.84394841420893,584.5840301513672,597.7484619895032,571.4195983132312,0.04503862972352264,-0.024842199650642605,-0.025155974567862213,0.18355177866782896,2722520.0,1.1838296872015632,0
2025-09-24,566.2349243164062,569.0719977102168,562.392413596156,568.6937739153723,2867200,583.4491912841797,574.9814099121094,551.2825679016113,579.0812268466533,580.0298822995785,-0.9486554529252089,1.673747686851109,-2.622403139776318,34.64929328250038,583.4491912841797,598.771799376071,568.1265831922884,0.05252422428820593,-0.002035259252980204,-0.002037333207594962,0.18353023338422259,2627150.0,1.0913727803893953,0
2025-09-25,564.7318725585938,569.7988573273497,562.0142504621022,562.4422966003106,2700600,582.2864807128906,575.2159436035156,551.5057481384277,576.8736338792595,578.896696392839,-2.0230625135794753,0.9343856467649923,-2.957448160344468,39.081134677915216,582.2864807128906,599.5639849274789,565.0089764983022,0.05934365569825903,-0.002654466712075476,-0.002657996055905582,0.1835457280454148,2688135.0,1.0046370438984649,0
2025-09-26,562.5716552734375,567.0811163201213,561.5064918838821,564.0549003059984,2106500,581.0247192382812,575.4054821777344,551.6992970275879,574.6733294783638,577.6874340876981,-3.014104609334254,0.1446875955451431,-3.158792204879397,36.10719658738169,581.0247192382812,600.1876844097877,561.8617540667748,0.06596265025222667,-0.0038252087231576137,-0.0038325435448360655,0.18355212243957905,2685470.0,0.7844064539912939,1
2025-09-29,565.5680541992188,566.7427050676739,559.9635362553898,563.4377273616986,2615600,579.6733673095703,575.713681640625,551.9363209533691,573.2725178969569,576.7897022441069,-3.517184347150078,-0.5876867929939011,-2.9294975541561765,39.79151522039921,579.6733673095703,599.2090473360612,560.1376872830793,0.06740237219164164,0.00532625292741562,0.0053121186087163996,0.18172269009672878,2710690.0,0.9649203708280918,1
2025-09-30,566.2349243164062,568.0466922422647,561.0983110087835,563.2485056876194,2379200,578.5255828857422,575.9955981445313,552.1460054016113,572.1898111922568,576.007866842055,-3.818055649798225,-1.233760564354766,-2.5842950854434594,42.83192213723446,578.5255828857422,598.4013490280381,558.6498167434463,0.06871179678227413,0.0011791156028635452,0.001178420992025121,0.18162805142937125,2715425.0,0.8761796035611369,1
2025-10-01,571.1725463867188,572.8648018314459,562.452193433645,563.1191433121733,3685100,577.5545013427734,576.2944396972656,552.3534202575684,572.0333089144817,575.6496949564745,-3.6163860419927687,-1.7102856598823668,-1.906100382110402,39.212610539849166,577.5545013427734,596.8364812991974,558.2725213863494,0.06677111826362638,0.008720094537216116,0.008682294102807412,0.18498273349842806,2801710.0,1.3153038679949032,1
2025-10-02,574.7163696289062,577.2150162565397,568.1860700254772,570.137157966985,2483500,576.6431427001953,576.5978576660157,552.5886637878418,572.4460874859317,575.5805597470251,-3.1344722610933786,-1.9951229801245693,-1.1393492809688093,47.61537658194799,576.6431427001953,594.5354873167548,558.7507980836358,0.06205690588039122,0.006204470548533791,0.006185302067132888,0.18603992229476815,2843200.0,0.8734876195835678,1
2025-10-03,577.822265625,580.5796842833516,573.8204450641364,573.8204450641364,2331600,576.4554962158203,576.935322265625,552.8563346862793,573.2731918150191,575.7466120342824,-2.4734202192632893,-2.0907824279523135,-0.38263779131097575,48.073612934494655,576.4554962158203,594.2082243635164,558.7027680681242,0.06159271015450461,0.005404223996785085,0.005389673577224976,0.175204047666607,2838175.0,0.8215138249050886,0
2025-10-06,576.1897583007812,578.5092275385217,566.6830027481544,576.6078399726841,2573500,576.0677612304687,577.1461645507812,553.1093510437012,573.7218943512902,575.7794376836526,-2.0575433323624566,-2.084134608834342,0.02659127647188564,43.99182496676835,576.0677612304687,593.4670125380076,558.6685099229298,0.06040696070328402,-0.0028252759046122344,-0.0028292745298363763,0.1746483312564908,2869440.0,0.8968648934983829,1
2025-10-07,577.2150268554688,583.4267679631768,576.2891836006538,576.3688384442726,2120700,575.8607025146484,577.3763159179688,553.3640251159668,574.2592993519331,575.8857776223057,-1.6264782703725587,-1.9926033411419857,0.366125070769427,31.98460771542379,575.8607025146484,593.0927253299783,558.6286796993186,0.05984788592130583,0.0017793939234724832,0.0017778126776000212,0.17423684572759268,2862175.0,0.7409400193908479,0
2025-10-08,573.8304443359375,580.4304350231564,573.4720886469385,578.6883573163096,1934700,575.7143676757812,577.6375280761719,553.6565336608887,574.1933216571646,575.7335307122042,-1.5402090550396679,-1.9021244839215221,0.36191542888185424,38.817774898656026,575.7143676757812,592.9640356657089,558.4646996858535,0.059924396396659106,-0.005863642424504545,-0.005880901074517088,0.1731991992725038,2832150.0,0.6831205974259837,0
2025-10-09,562.7362060546875,577.5385325955075,560.7027820526249,575.3854381565585,2579800,574.5479370117188,577.7606750488281,553.8771189880371,572.4306884875527,574.7707659227586,-2.340077435205899,-1.9897150741783975,-0.3503623610275013,31.93890860593139,574.5479370117188,592.004391628463,557.0914823949745,0.0607658769346107,-0.019333652284846514,-0.019522991728393196,0.17458842447824904,2840790.0,0.9081276687118724,0
2025-10-10,555.6889038085938,567.590545303519,554.9014638297116,565.7564909418269,3553900,573.44326171875,577.5963415527344,554.0389295959473,569.8550293061744,573.3572946550428,-3.5022653488683773,-2.2922251291163933,-1.210040219751984,27.72398692939565,573.44326171875,592.7373963983837,554.1491270391164,0.06729221866450887,-0.01252327852778834,-0.012602355677409244,0.1731897884119105,2906345.0,1.2228073404912356,1
2025-10-13,557.4432983398438,563.1848026998485,551.2333331697254,556.2072918699389,2996500,572.2993774414062,577.5980993652344,554.204903717041,567.9455322344313,572.1784801131762,-4.232947878744881,-2.680369679042091,-1.5525781997027899,39.19031863492965,572.2993774414062,592.5648710491062,552.0338838337063,0.0708213022991616,0.0031571523548981073,0.003152179014381846,0.17264947714066173,2945040.0,1.0174734468801783,1
2025-10-14,566.0953369140625,567.9792792146965,554.2136512108104,554.2136512108104,2627300,571.4158813476563,577.5753967285157,554.3806886291504,567.6608868005284,571.7278769132419,-4.0669901127134835,-2.9576937657763698,-1.1092963469371138,49.869554752211066,571.4158813476563,591.1092731052491,551.7224895900634,0.06892840188882028,0.015520930290104706,0.015401712648260398,0.18157992692844166,2949555.0,0.8907445360401823,0
2025-10-15,561.0018310546875,566.8629449655591,557.6028132934044,562.4870343264204,2262400,569.6699737548828,577.5258825683594,554.5288255310059,566.6364166857836,570.9333549977933,-4.296938312009729,-3.225542675023042,-1.0713956369866873,46.73345883590485,569.6699737548828,586.1446979904449,553.1952495193207,0.05783953866120686,-0.008997611404363504,-0.00903833436682323,0.16291145843311702,2916135.0,0.7758214211619147,0
2025-10-16,548.1133422851562,562.835908479604,545.6313519281664,560.9918156834789,3210600,567.905795288086,577.1570788574219,554.6320942687988,563.786712931841,569.2429836857463,-5.456270753905301,-3.671688290799494,-1.784582463105807,39.34113323212244,567.905795288086,585.6954527352432,550.1161378409288,0.06265002961673564,-0.022974058293715016,-0.023242074880108,0.16591169345625864,2911935.0,1.1025658196353971,1
2025-10-17,559.1676635742188,560.9918011107543,550.2364895634987,550.7149279314845,2756700,566.7884063720703,577.166845703125,554.8235881042481,563.0760899537453,568.4966636774849,-5.420573723739608,-4.021465377387517,-1.399108346352091,45.782605338343934,566.7884063720703,583.7676685699026,549.809144174238,0.05991393616010638,0.02016794782439635,0.019967268471877842,0.18525856448741956,2712505.0,1.0162930575243179,1
2025-10-20,564.5404052734375,565.5969973117078,552.0107823963912,559.8954035155114,2046400,565.923226928711,577.0232531738282,555.0368913269043,563.3013692336979,568.2036074994073,-4.902238265709457,-4.197619955051905,-0.7046183106575521,48.94863644247322,565.923226928711,581.3662629284,550.4801909290219,0.05457643462877138,0.009608462808589513,0.009562595107823396,0.189580450583787,2652740.0,0.7714287868392681,1
2025-10-21,570.1921997070312,574.1294603962912,558.9683663273814,560.353854269722,2722400,566.0633514404296,577.0072302246094,555.2991178894043,564.361496998826,568.350910625898,-3.98941362707194,-4.155978689455912,0.16656506238397206,49.39708746173145,566.0633514404296,581.6129043138199,550.5137985670394,0.05493926725276292,0.010011319616451964,0.009961538331405612,0.17207836497040632,2627710.0,1.0360351789200481,0
2025-10-22,569.5243530273438,574.5780717251852,566.7533160869151,569.2153514109818,1820500,566.2278228759766,576.966103515625,555.5631593322754,565.155782541675,568.4378322852643,-3.2820497435893685,-3.9811929002826036,0.6991431566932351,46.68981737299149,566.2278228759766,581.8544122391294,550.6012335128238,0.05519541333656983,-0.0011712658995171044,-0.0011719523674974994,0.17194997778047288,2575375.0,0.7068873465029365,1
2025-10-23,571.9266357421875,575.136261461097,569.8333460289697,572.5147061455345,2187500,566.5875610351562,576.8989599609375,555.8859420776367,566.1974522648308,568.6962621709624,-2.498809906131669,-3.684716301452417,1.1859063953207483,46.207198759841866,566.5875610351562,582.3993106418018,550.7758114285107,0.05581396661005922,0.004218050908752602,0.004209179868934397,0.1720900980509458,2549720.0,0.857937342139529,0
2025-10-24,571.826904296875,578.9539572160456,571.2388339102062,575.3854419532629,1839600,567.0503234863281,576.7131518554687,556.2108522033691,567.0635218082222,568.9281615876968,-1.8646397794746008,-3.3207009970568544,1.4560612175822536,47.136804208694734,567.0503234863281,582.9088726249395,551.1917743477168,0.055933480616359124,-0.0001743780392096106,-0.00017439324482759947,0.1713060281544012,2536375.0,0.7252870730865901,0
2025-10-27,570.5211181640625,573.870308619106,564.6600044482045,573.870308619106,2981000,567.2979766845704,576.5422412109375,556.5044560241699,567.5954597091206,569.0461583711314,-1.4506986620107227,-2.9467005300476283,1.4960018680369056,45.62312580166003,567.2979766845704,583.2136568710162,551.3822964981246,0.05611047752879701,-0.002283533920842906,-0.0022861451604202147,0.17081046543711917,2554645.0,1.1668940302860085,0
2025-10-28,564.1117553710938,572.1458575213749,563.6333169983717,571.2388079665792,2916000,567.1918182373047,576.1945629882813,556.8204547119141,567.059505195578,568.6806470377952,-1.6211418422171846,-2.6815887924815396,1.060446950264355,43.887143003024356,567.1918182373047,583.1655710089069,551.2180654657025,0.05632575174037168,-0.01123422532297158,-0.011297805866196166,0.17575907600218596,2581485.0,1.1295823915304564,0
2025-10-29,552.7982788085938,564.9889671577062,549.4590050861034,559.8256166092332,3763400,566.2731048583985,575.5933410644532,557.0786950683594,564.8654703668112,567.5041753171135,-2.6387049503023263,-2.673012024045697,0.03430707374337061,43.76643831368456,566.2731048583985,583.357790453053,549.188419263744,0.060340798275866116,-0.02005538167708909,-0.02025922082977493,0.18592871805289513,2585400.0,1.4556354916067147,0
2025-10-30,551.901123046875,561.1114269313426,543.8869759560273,549.7879390750735,4284700,565.1323425292969,574.83142578125,557.3120526123047,562.8709553945133,566.3483936674663,-3.477438272953009,-2.8338972738271595,-0.6435409991258494,47.425482574227026,565.1323425292969,582.8773145747721,547.3873704838218,0.06279935055939657,-0.0016229351575629547,-0.0016242535434554106,0.18365077706113145,2675460.0,1.601481614376593,0
2025-10-31,550.216552734375,552.6487159179935,541.7837720215902,547.1265367727974,3567100,563.7520568847656,574.0509484863281,557.4708337402344,560.9241242160305,565.1534424872374,-4.229318271206921,-3.112981473303112,-1.1163367979038092,45.08338516963968,563.7520568847656,581.6349627128768,545.8691510566543,0.06344244995550095,-0.0030523045562944606,-0.003056972338595362,0.18159519773436905,2737235.0,1.3031763805446006,0
2025-11-03,542.322021484375,549.2297495087246,538.6239190547673,548.2329623045346,3175500,562.0586700439453,572.9724182128906,557.5862213134766,558.0622622573143,563.4622261166551,-5.399963859340801,-3.5703779505106494,-1.8295859088301514,33.65771586808761,562.0586700439453,581.3418279255673,542.7755121623234,0.068616174464898,-0.014348043894294116,-0.014451972387626407,0.18650773202352292,2767335.0,1.1474938885245192,1
2025-11-04,550.97412109375,552.2500379039172,540.7370971501116,543.0795835577918,2653900,560.7466247558593,572.1814099121094,557.7371276855469,556.9717790013814,562.5371813001436,-5.565402298762251,-3.9693828201609698,-1.5960194786012813,43.42826102956471,560.7466247558593,579.2425057302369,542.2507437814818,0.0659687643503173,0.015953804689128326,0.015827880296936134,0.19773237783900116,2793995.0,0.9498585358957335,1
2025-11-05,551.5322875976562,554.5426042158438,547.6049438495993,551.2232860191644,2198500,559.6317169189454,571.4334216308594,557.8741497802735,556.1349341700391,561.7220039888482,-5.587069818809141,-4.292920219890604,-1.294149598918537,52.672559886410475,559.6317169189454,577.483863754915,541.7795700829757,0.06379962499000123,0.0010130539394450633,0.0010125411465982718,0.19757207940989716,2807185.0,0.783168904080066,0
2025-11-06,551.50244140625,553.216886156996,546.0998110742502,548.412364637792,2593600,559.0700286865234,570.7037487792969,558.0153903198242,555.42224297561,560.9649993531002,-5.542756377490264,-4.542887451410536,-0.9998689260797278,42.7603794968404,559.0700286865234,577.2153968979568,540.92466047509,0.0649126845667761,-5.411503927765793e-05,-5.411650354922225e-05,0.1865620212899529,2807875.0,0.923687842229444,0
2025-11-07,550.1965942382812,556.8750805569621,548.9007830633877,552.0207318248737,2510400,558.7954132080079,569.95154296875,558.1151635742187,554.618297016021,560.1673397149655,-5.549042698944504,-4.744118500917329,-0.8049241980271749,35.32527315801765,558.7954132080079,577.3185475398395,540.2722788761762,0.0662966584693012,-0.0023677994328348273,-0.002370607102787054,0.18161780635211708,2755700.0,0.9109845048445041,1
2025-11-10,551.1834716796875,552.9178716723853,546.8175388792112,550.5056636847862,1978300,558.482421875,569.123310546875,558.2234939575195,554.0898623488928,559.5018680086487,-5.412005659755891,-4.877695932685041,-0.5343097270708501,28.500601272682346,558.482421875,577.3107883174312,539.6540554325688,0.06742689010414492,0.0017936814799308642,0.0017920747543208782,0.1813244562710925,2704790.0,0.7314061350419071,1
2025-11-11,556.55615234375,556.7356275921718,546.249405958958,551.2233647419995,1832400,558.0054626464844,568.4706213378906,558.2884643554687,554.4692915788708,559.2836668482859,-4.814375269415109,-4.865031800031055,0.05065653061594588,36.74344662526314,558.0054626464844,576.5022009394996,539.5087243534691,0.06629590400527521,0.009747535875286095,0.009700335126925625,0.17562635486010456,2665045.0,0.6875681273674553,1
2025-11-12,559.4268798828125,564.0918368373573,556.6159325821769,558.2008510534636,1761500,557.9267150878907,567.847275390625,558.3691781616211,555.2319974717848,559.2942752212138,-4.062277749428972,-4.704480989910638,0.642203240481666,37.34352133844875,557.9267150878907,576.3831074210793,539.470322754702,0.06616063305117487,0.0051580195942015905,0.005144762578225613,0.1740342099118997,2640000.0,0.6672348484848485,0
2025-11-13,553.7850952148438,561.7892651300008,553.0773543711185,558.0812457933408,2031300,558.210302734375,567.0641064453125,558.414536743164,555.0093971245631,558.8861878133345,-3.8767906887713934,-4.538942929682789,0.6621522409113956,33.57533474763213,558.210302734375,576.2002108739631,540.2203945947869,0.06445566501178909,-0.010084936692978719,-0.010136134173444474,0.1566996141841932,2581035.0,0.7870098623226729,0
2025-11-14,543.9766845703125,555.2104963069999,542.3020892968607,554.2535586482852,2567800,557.4507537841797,566.3121362304687,558.3254440307617,553.3120567316014,557.7817801657031,-4.469723434101752,-4.525099030566582,0.055375596464830146,29.07433282908184,557.4507537841797,576.5207954850375,538.3807120833219,0.06841874935643513,-0.017711582939454185,-0.0178703100225243,0.15143642833127566,2571590.0,0.9985262036327719,0
2025-11-17,535.1251831054688,547.5551511053659,534.4872855362039,544.2458103061138,2557900,555.9799926757812,565.3357507324218,558.2445999145508,550.5140761737348,556.1035137167969,-5.589437543062104,-4.7379667330656865,-0.8514708099964174,27.996360185919627,555.9799926757812,577.1674816001716,534.7925037513908,0.07621673154971202,-0.016271839797390553,-0.01640568005339265,0.15447022582723224,2597165.0,0.9848815920436322,0
2025-11-18,525.885009765625,534.2779409826917,523.0142577529214,531.8457777730139,3594700,553.7646331787109,564.2263269042969,558.0752716064453,546.7249890340256,553.86510601671,-7.14011698268439,-5.218396782989427,-1.9217201996949624,28.906235798267716,553.7646331787109,577.7729029228669,529.7563634345549,0.0867092923805701,-0.017267311708674682,-0.017418130412708017,0.15521602523329417,2640780.0,1.3612266072902703,1
2025-11-19,528.656005859375,529.2939642217696,523.293286251171,526.453145246598,2723100,551.7212158203125,563.2643041992187,557.943818359375,543.9451454686947,551.9977652643148,-8.052619795620103,-5.785241385515563,-2.2673784101045404,32.30108894069009,551.7212158203125,577.004658010412,526.4377736302131,0.09165296336305429,0.005269205324915038,0.0052553716362891585,0.15841827195768335,2685910.0,1.0138463314109556,0
2025-11-20,526.1840209960938,536.7300463864232,525.4862578028775,531.5766128661008,3240300,549.4340850830079,562.0666882324218,557.7643728637695,541.2126647806023,550.0856360592613,-8.872971278659065,-6.402787364144263,-2.470183914514802,31.918362173714584,549.4340850830079,575.2908529753624,523.5773171906533,0.09412145549160159,-0.004675979911100803,-0.004686946504901406,0.15566745252313924,2738550.0,1.1832173960672618,1
2025-11-21,538.6638793945312,542.6609453489036,529.9618849250302,530.8290850059085,3807500,547.7759338378906,561.2843176269531,557.6430090332032,540.820543951976,549.2395800100221,-8.419036058046117,-6.806037102924634,-1.6129989551214834,47.42532873399288,547.7759338378906,571.7728142708011,523.7790534049802,0.08761567988130006,0.023717668915168577,0.023440774651206364,0.18417728532513086,2836945.0,1.3421127304195182,0
2025-11-24,536.1219482421875,542.2920631797132,533.3907611653127,541.6940152209304,5941000,546.0559753417969,560.4003369140624,557.5308215332032,540.0976830735469,548.2679035827751,-8.170220509228216,-7.078873784185351,-1.0913467250428646,38.5630732845409,546.0559753417969,568.0348916054714,524.0770590781223,0.08050059794663786,-0.00471895601242267,-0.004730125437884261,0.1842687258326458,2984945.0,1.9903214297080851,1
2025-11-25,544.7142333984375,548.6316603553361,537.2682627445952,539.760230568086,3132600,545.0860992431641,559.61931640625,557.4479971313476,540.8079215850686,548.0046687543057,-7.196747169237142,-7.102448461195709,-0.09429870804143281,45.32785369946389,545.0860992431641,565.3557109115491,524.8164875747791,0.07437214669949845,0.01602673642521446,0.015899664189194723,0.1933745481740882,2995775.0,1.0456726556567166,0
2025-11-26,543.17919921875,546.9071733216591,542.4216312716022,546.7177813348721,2185300,544.6051452636718,558.5645007324218,557.3614181518554,541.1727335287119,547.6472265664868,-6.4744930377748915,-6.976857376511546,0.5023643387366548,44.411688049844365,544.6051452636718,564.5582677792859,524.6520227480578,0.07327555638848653,-0.0028180541017085448,-0.002822032291762939,0.18092643967561403,2916870.0,0.7491934847970598,1
2025-11-28,548.7612915039062,549.6284915088172,543.6676626270181,546.3689778661126,1254800,544.4481536865235,557.8717883300782,557.3032458496094,542.3402039864341,547.7297498951846,-5.389545908750506,-6.659395082959339,1.269849174208833,49.088654296299744,544.4481536865235,564.2080442079337,524.6882631651133,0.0725868584092483,0.01027670480236531,0.0102242584824258,0.1851047009986521,2765375.0,0.45375401166207113,0
2025-12-01,542.2222900390625,548.0136819276481,541.644197282052,545.8805427731227,2227000,544.0484405517578,557.0859252929688,557.2038922119141,542.3220633791461,547.3217899058421,-4.9997265266960085,-6.327461371706674,1.3277348450106654,44.684848669148664,544.0484405517578,563.6397258234547,524.457155280061,0.07202037102368292,-0.011915930598755065,-0.01198749436716937,0.18952417794068624,2698370.0,0.8253130593654688,1
2025-12-02,544.1560668945312,552.967692403414,539.3017181573216,545.5217213136833,3076000,544.1401428222656,556.3321667480469,557.1218997192383,542.6042177661284,547.0872919050042,-4.48307413887585,-5.958583925140509,1.4755097862646593,42.33233167497356,544.1401428222656,563.7145651923995,524.5657204521317,0.07194625365667082,0.0035663912955874455,0.0035600468023065986,0.1829216716056569,2693395.0,1.1420530594287135,1
2025-12-03,551.950927734375,553.286649281254,544.7441761262179,545.5615488878813,2687900,544.1889831542969,556.0233911132813,557.0597747802734,544.0421731458587,547.4475612256983,-3.4053880798396676,-5.447944756080341,2.0425566762406735,45.64255627970515,544.1889831542969,563.8399263335272,524.5380399750667,0.07222102536999908,0.014324678734776608,0.0142230499080992,0.1811473371715307,2695095.0,0.9973303352943031,0
2025-12-04,540.5676879882812,557.2040695281495,537.8265230666311,555.2404278597551,2878800,543.6407531738281,555.5100463867187,556.9412796020508,543.5076369677698,546.9379409858897,-3.430304018119841,-5.044416608488242,1.6141125903684008,42.779357513063935,543.6407531738281,563.0392690340966,524.2422373135596,0.07136520118117733,-0.020623644556263754,-0.02083928188431045,0.19549391143030026,2729110.0,1.0548493831322299,1
2025-12-05,543.7673950195312,548.6715712088765,539.5110940332073,539.9696380659964,2126700,543.2540008544922,555.0907568359376,556.8646887207032,543.5475997449639,546.7030857291224,-3.155485984158531,-4.6666304836223,1.5111444994637688,49.87676735876763,543.2540008544922,562.2977445856923,524.2102571232922,0.0701099069725979,0.005919160731115314,0.005901711322612712,0.19699353982795995,2705765.0,0.7859884358028136,0
2025-12-08,538.7036743164062,545.5715526940983,535.6634855382438,544.963466267216,2453800,542.6793548583985,554.6133972167969,556.7914144897461,542.8023804482627,546.1105367355879,-3.3081562873251187,-4.394935644362864,1.086779357037745,52.2054420212878,542.6793548583985,561.5336791758273,523.8250305409697,0.06948605709295301,-0.009312291890805846,-0.009355922358619265,0.19933315596584045,2702935.0,0.9078279721857906,0
2025-12-09,535.822998046875,540.1590592818459,534.1982298895441,536.9793053784946,1965300,541.9113311767578,554.01849609375,556.6963421630859,541.7286293095877,545.3484968327202,-3.619867523132484,-4.239922020116788,0.620054496984304,56.64577989874435,541.9113311767578,560.5573340461342,523.2653283073814,0.06881569657857747,-0.005347422723980366,-0.005361771363896521,0.19962672914224058,2702285.0,0.7272734001039861,1
2025-12-10,537.1287231445312,543.1991838165362,535.7731071863275,536.3612383894491,3023400,540.9399597167969,553.4363720703125,556.5828353881836,541.0209514380406,544.7396247076692,-3.7186732696286526,-4.135672270019161,0.41699900039050863,55.77917271365541,540.9399597167969,558.357313806657,523.5226056269369,0.06439662582508682,0.002436859004588676,0.002433894678471073,0.195894513469651,2761835.0,1.0947069611327251,1
2025-12-11,561.5599975585938,563.3143527572264,540.9065960670204,541.026205663376,3659900,541.0466156005859,553.24412109375,556.6051824951172,544.1808046873565,545.9855782521822,-1.804773564825723,-3.669492528980474,1.864718964154751,68.56749650177602,541.0466156005859,558.9596940066086,523.1335371945632,0.06621639573935185,0.04548495241705508,0.04448084706853712,0.2573024670890428,2856755.0,1.281138914607658,1
2025-12-12,570.092529296875,571.8668398192701,564.0719561592499,564.181588156279,3515400,541.8619873046875,553.1516442871093,556.6525741577149,548.1672238580517,547.7712783295668,0.39594552848484454,-2.8564049174874104,3.252350445972255,67.20875812686023,541.8619873046875,563.3452582242166,520.3787163851584,0.07929425360280576,0.015194336803505903,0.015080058997739478,0.25939062980470395,2930960.0,1.1994022436334852,0
2025-12-15,567.301513671875,571.4580993317799,565.3378112180943,571.0394657355824,2714000,543.0282287597656,552.9412292480469,556.6289892578125,551.110960752486,549.2179624289971,1.8929983234888823,-1.906524269292152,3.7995225927810345,67.02592987601653,543.0282287597656,567.3409591885575,518.7154983309738,0.08954499652557743,-0.004895723907209049,-0.004907747221433173,0.2505902433467726,2938270.0,0.9236727734347082,0
2025-12-16,564.2014770507812,569.1654575447568,560.6728116344343,568.8664335702509,2748700,544.4820434570313,552.7014636230468,556.596802368164,553.1248863368392,550.3278524009811,2.797033935858053,-0.9658126282621111,3.7628465641201645,61.3202242211294,544.4820434570313,570.2393882792846,518.724698634778,0.09461228384581623,-0.005464530847148041,-0.005479516012033949,0.24282988952049106,2947810.0,0.9324549411257849,0
2025-12-17,563.6532592773438,569.9230900415688,561.7494223915254,563.7031473112929,3287100,546.3704559326172,552.4302282714843,556.6603851318359,554.7446360199938,551.3149195770079,3.429716442985864,-0.08670681401251612,3.51642325699838,62.03140927099302,546.3704559326172,571.9241462778697,520.8167655873648,0.09353979545484038,-0.0009716702201900684,-0.0009721425977200465,0.231636972595016,2932430.0,1.1209474735969827,1
2025-12-18,564.390869140625,567.3014705580941,561.2310100987883,563.1847347976696,2259000,548.1571990966797,552.2414367675781,556.7116259765625,556.2286718847063,552.2835084335721,3.9451634511341354,0.7196672390168142,3.225496212117321,59.739099016867286,548.1571990966797,573.4919773849226,522.8224208084368,0.09243617827146162,0.001308623433184719,0.0013077679318112074,0.23167908015734737,2909225.0,0.7764954584124638,1
2025-12-19,570.3914794921875,571.0992202560035,563.3840976099935,564.4007791112512,7262100,550.3675720214844,552.3945422363281,556.8349542236328,558.4075653627804,553.6248396230992,4.782725739681155,1.5322789391496823,3.2504468005314724,67.67134763916945,550.3675720214844,575.3417477631134,525.3933962798554,0.09075453210260752,0.010632011748700654,0.010575889357275697,0.23099426914908028,3110315.0,2.334843898447585,1
2025-12-22,573.8504028320312,577.5883548295834,569.1654908272866,570.3915196139837,2500200,552.1268981933594,552.7577722167969,556.9907135009765,560.783386511896,555.1230294904276,5.660357021468371,2.35789455561342,3.3024624658549513,68.27835310277253,552.1268981933594,578.5453218148645,525.7084745718543,0.09569692658680487,0.006064121685203316,0.006045808895992886,0.2193574230327329,3044950.0,0.8210972265554443,1
2025-12-23,574.498291015625,579.8510335301885,573.9002430181009,574.0398078305445,1794700,554.0457153320312,553.0988720703125,557.197603149414,562.893371820162,556.5582340478496,6.3351377723123505,3.1533431989532064,3.181794573359144,65.21801101713208,554.0457153320312,581.1356857666312,526.9557448974313,0.09778965773019427,0.0011290193060706777,0.0011283824430826038,0.2175111666720716,2837635.0,0.6324633013054886,1
2025-12-24,577.58837890625,580.4192206005243,575.1462379982365,575.395434808461,1058900,555.6894226074219,553.3287329101563,557.4761218261718,565.1541421410986,558.1160225558792,7.03811958521942,3.9302984762064495,3.10782110901297,78.13634470173147,555.6894226074219,584.3398046096482,527.0390406051955,0.10311652817788836,0.005378759064996075,0.005364345203148927,0.21264011003061506,2733950.0,0.3873150569688546,1
2025-12-26,577.73779296875,579.3326888712306,576.8207658492348,577.8873353730337,972300,557.4173522949219,553.6634521484375,557.761144104004,567.0900884222758,559.5694870309067,7.520601391369155,4.648359059238991,2.872242332130164,77.07333920293415,557.4173522949219,587.0428071158804,527.7918974739634,0.10629541652762912,0.00025868606079471057,0.000258652607324859,0.21179886479326396,2673300.0,0.36370777690494893,0
2025-12-29,576.0433349609375,580.1201604523326,575.5548581385168,577.7378244936391,1274900,558.7814544677734,554.2220520019531,558.0615649414062,568.4675109666853,560.7897720627608,7.677738903924478,5.254235028176089,2.4235038757483895,81.44738370688387,558.7814544677734,589.2297032999824,528.3332056355645,0.10898088542043761,-0.002932918753861369,-0.0029372281882797556,0.21111118458393555,2674305.0,0.47672198945146493,0
2025-12-30,575.5648803710938,575.9237700209728,572.4050818042568,574.2292195178227,1512800,560.448583984375,554.5499963378907,558.320834350586,569.5594139519789,561.8842245300448,7.675189421934078,5.738425906927686,1.9367635150063922,84.88195556793649,560.448583984375,590.7300577803804,530.1671101883695,0.10806155876325557,-0.0008305878408890743,-0.0008309329700897693,0.2046308785411968,2638595.0,0.5733354304089866,0
2025-12-31,569.0458984375,576.1230634312424,568.7867240235827,574.7076426003067,1736500,561.6930755615234,554.6401062011719,558.5259210205078,569.480411565136,562.41471889356,7.065692671576016,6.003879259857353,1.0618134117186635,75.66535034635616,561.6930755615234,591.1909394608048,532.1952116622421,0.10503196561500211,-0.01132623298591573,-0.011390863237681579,0.21088065909827383,2571620.0,0.6752552865508901,0
2026-01-02,561.32080078125,569.0459018561962,557.6924806427385,568.8764650611032,3901900,562.1615692138672,554.4626782226562,558.7013150024414,568.2250868291536,562.3336879222778,5.891398906875793,5.981383189261042,-0.0899842823852488,49.73699222184192,562.1615692138672,591.3034302158432,533.0197082118913,0.10367788407424659,-0.013575526468887267,-0.013668516479618231,0.21306147727803854,2632320.0,1.4823045830294188,1
2026-01-05,566.7432861328125,574.4085818710147,556.655804882518,557.822028831512,2865000,563.4703491210937,554.4070568847657,558.874541015625,567.997117491255,562.6603248267619,5.336792664493146,5.852465084307463,-0.515672419814317,46.04699746426925,563.4703491210937,590.8251971442496,536.1155010979378,0.0970941880644625,0.009660225211706841,0.009613863572922425,0.1990962687960727,2631630.0,1.088678879629735,1
2026-01-06,578.4755249023438,579.502184107739,566.1153389772169,567.1719310021117,4056100,565.2057556152344,554.5380346679688,559.1049896240235,569.6091801698841,563.8318211286569,5.777359041227214,5.837443875691413,-0.06008483446419888,60.88989296586971,565.2057556152344,591.6874585742972,538.7240526561715,0.09370641645443678,0.020701151750003977,0.02048979481896273,0.20918064546574297,2728100.0,1.486785675011913,0
2026-01-07,578.0567626953125,583.39958783242,575.7641645144903,577.4088875784806,3653900,567.1734100341797,554.6626318359375,559.3367684936524,570.9088082507193,564.8855205039647,6.02328774675459,5.87461264990405,0.1486750968505408,64.24759898725026,567.1734100341797,591.0874561234637,543.2593639448958,0.08432710584173121,-0.0007239065250028709,-0.0007241686718521865,0.2045483909064371,2788105.0,1.3105317052263097,1
2026-01-08,578.2063598632812,587.7754926717955,571.6574606420734,575.6545870584066,3390200,569.292578125,554.8163366699218,559.5296923828125,572.0315084988058,565.8722493453956,6.159259153410176,5.931541950605275,0.22771720280490104,65.0888734761654,569.292578125,588.5716793484638,550.0134769015361,0.06773002833432588,0.00025879321482413786,0.00025875973363646327,0.20224768578668592,2859350.0,1.1856540822214838,0
2026-01-09,574.5526123046875,580.312733097845,574.3530041583899,577.1182106612657,2221100,571.1637725830078,555.0251538085937,559.6969528198242,572.4193706227876,566.5152391942321,5.904131428555502,5.9260598461953204,-0.021928417639818676,59.935075009846166,571.1637725830078,583.2042726801584,559.1232724858572,0.042161287795614615,-0.006319106485542125,-0.006339156549217682,0.2054446006035288,2819235.0,0.7878378354411747,0
2026-01-12,565.3085327148438,566.905763420629,554.9363429290113,563.0623927614577,3486400,571.3511993408204,555.2753588867188,559.7985879516601,571.325395560027,566.4258535290921,4.899542030934867,5.72075628314323,-0.821214252208363,45.326818034389376,571.3511993408204,582.8675361643195,559.8348625173212,0.04031263725983526,-0.016089178591953912,-0.016220014687267574,0.14602783260228702,2810560.0,1.2404645337583968,0
2026-01-13,544.0550537109375,557.9911271072086,532.7844437692388,557.9911271072086,8721600,570.0493255615235,555.1184375,559.7517724609374,567.1299583524748,564.7687572462659,2.3612011062089096,5.048845247756366,-2.687644141547456,29.36003321559612,570.0493255615235,586.8426285808954,553.2560225421515,0.058918771644295154,-0.037596246605085426,-0.0383212142929944,0.18890003090772617,3070870.0,2.840107200890953,1
2026-01-14,545.8818969726562,547.6488799038871,537.2267880623664,543.5658697933799,3943700,568.9783447265625,555.0317443847656,559.7982601928711,563.8610258325027,563.3697305593317,0.49129527317097654,4.137335252839288,-3.646039979668312,30.49531031464531,568.9783447265625,588.942235869097,549.0144535840279,0.07017452009400708,0.0033578279427017854,0.0033522030266052625,0.18964693918301476,3132355.0,1.2590207687187436,0
2026-01-15,541.7191162109375,548.9366937536321,538.0753533605271,547.5790414371068,4005600,567.8542266845703,555.0196862792968,559.7866635131836,560.4545781984158,561.7659813483397,-1.3114031499238763,3.047587572286656,-4.358990722210532,25.904164766931146,567.8542266845703,591.1966198212311,544.5118335479095,0.08221262443689427,-0.007625790092700702,-0.0076550151006235115,0.19034654532591957,3195200.0,1.2536304456685028,0
2026-01-16,538.564453125,543.0967033967784,537.7558451803242,539.3131664415682,3496200,566.5997863769531,554.7714929199219,559.7573580932617,557.0868666486596,560.0473496280923,-2.9604829794327543,1.8459734619427741,-4.806456441375529,24.705881425641564,566.5997863769531,593.3417898278711,539.8577829260352,0.09439468243331389,-0.0058234295071638575,-0.0058404517903239426,0.1907903000971464,3205655.0,1.0906351432078623,0
2026-01-20,530.8277587890625,535.4897300669587,527.6033195431008,529.6896999032713,4098700,564.921630859375,554.35740234375,559.6949771118165,553.0470039010293,557.8829354918679,-4.835931590838641,0.5095924513864912,-5.345524042225132,22.917638491425762,564.921630859375,596.0928881302397,533.7503735885103,0.11035604079612263,-0.014365401004551304,-0.01446958231877794,0.195027437352175,3297640.0,1.242919178564064,0
2026-01-21,526.6649169921875,536.4780698681674,523.8697328117177,532.6047214572143,4937700,562.735302734375,553.8606518554687,559.6953051757813,548.988221299669,555.5704896770767,-6.582268377407672,-0.9087797143723415,-5.6734886630353305,21.948900156645323,562.735302734375,598.1378922255024,527.3327132432476,0.12582323987531419,-0.007842170511902724,-0.00787308204614424,0.18884205096968584,3181420.0,1.5520427984987835,1
2026-01-22,531.9458618164062,532.2753127605511,522.9113993153751,529.0109029614936,5114900,560.6400756835938,553.4956372070312,559.924419555664,546.3663198407055,553.820517242953,-7.454197402247473,-2.2178632519473678,-5.236334150300106,28.411196896112543,560.6400756835938,598.1690836127331,523.1110677544544,0.13387914834086678,0.010027143737575184,0.009977205479740273,0.1921144285654485,3312155.0,1.5442815931017722,0
2026-01-23,523.8397827148438,531.2271121604529,519.2676227845468,530.4983230650987,5002900,558.1071502685547,552.9487634277343,560.1340954589843,542.9006987444191,551.5997220927227,-8.699023348303626,-3.5140952712186198,-5.184928077085006,28.285779954385532,558.1071502685547,598.4319442058999,517.7823563312096,0.1445055628401869,-0.015238541519776327,-0.01535584127069106,0.19539903177645812,3472565.0,1.4406929747895287,1
2026-01-26,526.4552612304688,529.4800922933696,521.7533805709344,525.8064129106551,4839700,555.5504943847657,552.3467456054688,560.3846401977539,540.3706314345806,549.7371694362595,-9.366538001678919,-4.6845838173106795,-4.681954184368239,25.874922790718074,555.5504943847657,597.138743745441,513.9622450240903,0.14971906165516613,0.004992897832367893,0.004980474652604106,0.19514408259734578,3661605.0,1.3217427876573251,0
2026-01-27,519.5172119140625,528.2022992848995,518.6587018639359,526.7448429045569,3850800,552.6394653320312,551.5485522460938,560.4202096557617,537.1624130468085,547.4986540642449,-10.33624101743635,-5.814915257335814,-4.521325760100536,12.544290869159596,552.6394653320312,595.8090360660279,509.4698945980345,0.15623050267703925,-0.013178801367071835,-0.013266412359733543,0.19657499252305577,3805530.0,1.011895846307873,1
2026-01-28,520.4755859375,522.931387747402,517.3809283534553,521.064600603083,5483000,549.8610778808594,550.8823620605468,560.5405485534668,534.5952088761456,545.4969453141157,-10.901736437970044,-6.832279493462661,-4.069456944507383,13.668271808048516,549.8610778808594,593.8336566926855,505.8884990690333,0.15994068531380512,0.0018447396957390616,0.0018430402531650159,0.1980394608344438,4015935.0,1.3653109425326855,1
2026-01-29,542.7971801757812,543.3063149900961,519.2177065290969,530.8776615005373,5488300,548.2226928710937,550.8587719726562,560.7207510375977,535.8570506145511,545.2969627112761,-9.439912096725038,-7.353806014115136,-2.086106082609902,32.54254649451069,548.2226928710937,590.574772530457,505.8706132117305,0.15450684625096953,0.042886918889912584,0.04199275105161141,0.26099477603761456,4214710.0,1.3021773740067526,0
2026-01-30,537.8656616210938,542.8271670651553,534.3117713849889,540.0818848034594,4306900,546.6636810302734,550.9135815429687,560.8628254699707,536.1660676924807,544.7464959638552,-8.580428271374444,-7.599130465566998,-0.9812978058074462,32.137633288935874,546.6636810302734,588.0733682832599,505.25399377728695,0.15149968322367213,-0.00908537983393809,-0.009126903594741406,0.2601435275174363,4343230.0,0.9916352576308416,1
2026-02-02,554.417236328125,556.1642341351807,540.0219914585122,540.0619009019978,4603300,546.3185028076172,551.4842260742188,561.0632023620606,538.9739397902722,545.4628471019493,-6.488907311677053,-7.37708583478901,0.8881785231119563,45.04945193660165,546.3185028076172,587.3269074470968,505.31009816813753,0.15012636192525408,0.030772692677844216,0.030308708057746794,0.2822167883971475,4378300.0,1.0513898088299112,0
2026-02-03,549.7752075195312,559.1491135454288,548.0881652171961,553.3790608515241,5706700,545.4700988769531,551.9066101074219,561.2600032043457,540.6356732870813,545.7822812069553,-5.146607919873986,-6.930990251806005,1.7843823319320187,53.06252626474339,545.4700988769531,585.3868680521954,505.5533297017108,0.14635731365449856,-0.008372807525497628,-0.008408056370857626,0.2808883514208676,4520385.0,1.2624367172265194,1
2026-02-04,552.5704345703125,555.6451068414932,540.081886209362,548.7868974661304,4448000,544.1748443603516,552.4343383789062,561.4513941955566,542.4717904075784,546.2851073820189,-3.813316974440454,-6.307455596332895,2.494138621892441,53.54424017713278,544.1748443603516,581.1553744473148,507.19431427338844,0.1359141477053457,0.005084309027671097,0.00507142757227729,0.2698660887342277,4539980.0,0.9797399988546205,0
2026-02-05,550.9432373046875,560.9559989736855,549.0065629727045,553.8981203754394,4621600,542.8191680908203,552.6799255371094,561.674464416504,543.7750899302106,546.6301540429573,-2.8550641127467316,-5.616977299615663,2.7619131868689317,55.02281283900198,542.8191680908203,576.4016751795202,509.23666100212046,0.12373368172245944,-0.0029447780116761413,-0.0029491224013836123,0.2698253781821703,4588365.0,1.0072433208779161,0
2026-02-06,547.798583984375,555.8347613954587,538.8739188143962,552.1211725921991,3779700,541.298779296875,552.9134582519531,561.7922900390626,544.3940890154666,546.7167044089882,-2.3226153935215734,-4.958104918396845,2.635489524875272,55.02881166187581,541.298779296875,570.6183876651473,511.97917092860257,0.10833059112513559,-0.0057077628100068445,-0.0057241143382698095,0.2699170153769702,4607840.0,0.82027587763464,0
2026-02-09,534.41162109375,545.6223357474523,533.2835548131582,542.7772494934849,4110300,539.2917297363281,552.7074060058594,561.8298593139648,542.8583247198179,545.8052167560076,-2.946892036189638,-4.555862341955404,1.6089703057657658,51.83858479258228,539.2917297363281,564.1887297469427,514.3947297257134,0.09233221515481928,-0.024437746430916008,-0.0247413038674614,0.280709356464757,4702300.0,0.8741041617931651,1
2026-02-10,539.4629516601562,546.0615972892842,534.0821838204151,535.350024576947,2222700,537.9994506835938,552.6330810546875,561.865595703125,542.3359596337161,545.3354193415,-2.999459707783899,-4.244581815121103,1.2451221073372043,56.506305453141806,537.9994506835938,559.6866696797146,516.312231687473,0.08062171427336795,0.0094521345850751,0.009407742673945386,0.2801174277086427,4639115.0,0.47912155658999617,0
2026-02-11,536.5379638671875,539.7723956244012,532.1953901016766,537.2267825510716,3691000,537.6235961914062,552.3886145019532,561.8965487670898,541.4439602850194,544.6837559730325,-3.2397956880130323,-4.04362458969949,0.8038289016864573,52.39184299423379,537.6235961914062,559.1287180081949,516.1184743746176,0.08000066205848738,-0.005422036460460022,-0.005436789050367449,0.2475704269663227,4387585.0,0.8412372637795051,0
2026-02-12,526.5551147460938,542.0684324810328,526.2456490174384,539.0036920428292,3466200,536.6572570800781,552.0752709960938,561.8725674438476,539.1533686636462,543.3408936599259,-4.187524996279649,-4.072404671015522,-0.11512032526412685,51.38718778296909,536.6572570800781,558.3361057571974,514.9784084029588,0.08079215697211539,-0.01860604429394086,-0.01878131419382321,0.2550970147927721,4363710.0,0.7943240957808837,0
2026-02-13,517.470703125,533.0738936588347,515.1347516770804,528.1523587247533,4017700,535.4448364257812,551.5415637207032,561.7773666381836,535.817573965393,541.4245832499314,-5.607009284538435,-4.379325593720105,-1.2276836908183304,45.6946076644951,535.4448364257812,558.5941069055309,512.2955659460315,0.08646743382297406,-0.017252537040636784,-0.01740309625626663,0.26030874317018093,4364315.0,0.920579747337211,1
2026-02-17,521.0346069335938,524.9578575952004,514.1165028572846,514.1165028572846,3178000,534.5683441162109,550.9232373046875,561.6583309936524,533.5432713451162,539.9142146339063,-6.3709432887901585,-4.7776491327341155,-1.593294156056043,50.751434044819455,534.5683441162109,558.5333597061764,510.6033285262455,0.08966118496816804,0.006887160542754067,0.0068635523860429235,0.2618422914632193,4348405.0,0.7308426882960534,1
2026-02-18,527.07421875,529.8494788431035,518.5089818059424,521.5936467192967,3575900,534.3806671142578,550.6533679199218,561.5766012573242,532.548032484329,538.963103827691,-6.415071343362001,-5.105133574859693,-1.3099377685023086,53.11115817778309,534.3806671142578,558.5271274687963,510.2342067597193,0.09037175871250461,0.011591575177608116,0.011524907563896493,0.26117017262170505,4322265.0,0.8273208607061344,0
2026-02-19,519.3674926757812,525.6267558554373,515.1646930851814,523.9096748681127,3009400,534.0157958984375,550.1653698730469,561.392912902832,530.5202571291678,537.5115770756977,-6.99131994652987,-5.482370849193728,-1.5089490973361421,37.18750792703523,534.0157958984375,558.8635209369252,509.1680708599499,0.09305988785100776,-0.014621709429263885,-0.014729660198039025,0.2648742799050815,4225850.0,0.7121407527479678,1
2026-02-20,525.5068969726562,526.5950538459247,517.7003660965215,519.3574914944878,2838500,533.69384765625,549.9014343261719,561.231322631836,529.748970951243,536.6223415125094,-6.87337056126637,-5.760570791608257,-1.1127997696581131,43.32974487227802,533.69384765625,558.8197980010171,508.56789731148285,0.09415866589097602,0.011820925228194001,0.01175160385199603,0.26590034659597434,4112030.0,0.6902916564324677,0
2026-02-23,495.1790466308594,521.8232312252796,489.1593924686803,519.5770911578213,6312300,532.2608108520508,549.0885552978516,560.928680267334,524.4305210557994,533.5524678175724,-9.12194676177296,-6.4328459856411975,-2.689100776131763,22.16698971660219,532.2608108520508,562.5017867864862,502.0198349176154,0.11363217173935905,-0.057711612381321276,-0.05944390728940329,0.33175948654771004,4177500.0,1.5110233393177739,1
2026-02-24,497.1456604003906,498.39351597368477,490.4172328980602,492.8929588577325,5292900,530.7953308105468,548.2888940429688,560.5993865966797,520.2328501857365,530.8556672681515,-10.62281708241494,-7.270840204995947,-3.351976877418993,24.634340851600967,530.7953308105468,564.824329963009,496.76633165808465,0.12821890916221299,0.003971520570007714,0.003963654901088053,0.3314691139378587,4200160.0,1.2601662793798332,1
2026-02-25,508.5161437988281,509.66416485306104,501.5580997832397,501.95740748055226,4139100,530.2452774047852,547.2280169677734,560.3230183410644,518.4302799723661,529.2008877519053,-10.770607779539205,-7.970793719904599,-2.799814059634606,30.388411269092003,530.2452774047852,565.3795634148858,495.11099139468456,0.13252088234358514,0.022871533041805003,0.022613900434568696,0.3408518120369013,4214575.0,0.9820919072504345,1
2026-02-26,513.8869018554688,519.0081059188532,508.1367737190057,510.07344797426657,4843600,529.9158432006836,546.1039044189453,560.0659483337403,517.7312987236127,528.0665184262433,-10.335219702630638,-8.443678916449807,-1.8915407861808315,34.035774237248205,529.9158432006836,565.5557522181932,494.275934183174,0.13451158131919627,0.010561627437270404,0.010506243074906585,0.34316207583796465,4182605.0,1.1580342872444327,1
2026-02-27,516.32275390625,517.8700827123206,505.8806759854798,508.59601107420326,5121100,528.592121887207,545.0843292236328,559.7731904602051,517.5145995209415,527.1966099432808,-9.682010422339317,-8.69134521762771,-0.9906652047116076,36.35658701439159,528.592121887207,564.1841472127385,493.0000965616755,0.13466725610082497,0.004740054751320333,0.004728856066108316,0.30377691252381667,4164245.0,1.2297787474079935,1
2026-03-02,520.106201171875,525.2573221514356,506.4696318576838,508.6059752151713,3827000,527.7041488647461,544.2024237060547,559.5077006530762,517.913307467239,526.6713944787322,-8.758087011493217,-8.704693576400812,-0.05339343509240457,43.23609486205247,527.7041488647461,563.208057193983,492.20024053550924,0.13455989840374272,0.007327678737768739,0.007300961736274509,0.30451503007346026,4140250.0,0.9243403176136706,1
2026-03-03,523.4205322265625,525.896258269307,512.1199444639687,512.7288833808615,4199700,526.154313659668,543.3977691650391,559.2752348327637,518.7605728148272,526.4305898674603,-7.670017052633057,-8.497758271647262,0.8277412190142055,42.28813111752694,526.154313659668,559.38152572578,492.927101593556,0.1263021558637427,0.006372412109718839,0.006352194137713598,0.2816784718598699,4120070.0,1.0193273415257509,0
2026-03-04,522.0228881835938,525.2573200567502,519.3874635394517,523.2607511542637,3154700,524.766697692871,542.5504095458984,558.9914433288574,519.2624674869452,526.1040934464331,-6.841625959487942,-8.166531809215398,1.3249058497274557,42.918362023374485,524.766697692871,556.1047145962038,493.42868078953825,0.11943599714353034,-0.0026702124905634284,-0.002673783866908312,0.2808867836923007,3992470.0,0.7901624808702382,1
2026-03-05,523.7598876953125,524.4187895470322,511.8703468194442,520.2059975246761,3879300,523.3261703491211,541.6177777099609,558.710968170166,519.9543782882324,525.9304485759798,-5.976070287747348,-7.728439504921788,1.75236921717444,48.51693268635411,523.3261703491211,551.8007284955705,494.8516122026716,0.10882145690307642,0.003327439372941443,0.0033219156962923067,0.2803317088165789,3964035.0,0.9786240535212227,0
2026-03-06,521.4439086914062,521.6535094232927,511.32129008930474,518.7485285819695,2872900,521.851203918457,540.5696478271484,558.4033552551269,520.1835368117976,525.5981122882336,-5.414575476435971,-7.265666699224624,1.8510912227886536,52.27119214124326,521.851203918457,547.1853173669773,496.5170904699368,0.09709324519438639,-0.004421833474299031,-0.0044316386953154275,0.2804102365548501,3876600.0,0.7410875509467059,0
2026-03-09,516.831787109375,519.9963926300892,508.23657276948757,515.3843234267132,3546600,520.302864074707,539.4163177490234,558.0990260314942,519.6678830114249,524.9487548675773,-5.28087185615243,-6.868707730610185,1.5878358744577552,47.626003602072984,520.302864074707,542.5579076541793,498.04782049523476,0.08554649653543636,-0.00884490451447717,-0.008884252875907547,0.2810922014342714,3864945.0,0.9176327218110477,0
2026-03-10,513.8369750976562,518.4391130080535,510.12338595726493,516.0631909935425,2759800,519.2741317749023,538.1412896728516,557.8372331237792,518.7708202554605,524.1256600698053,-5.354839814344814,-6.565934147357112,1.2110943330122979,42.25647855240325,519.2741317749023,540.668661204484,497.8796023453207,0.08240167618769763,-0.005794558474177203,-0.005811412065749717,0.269570831769352,3797420.0,0.7267565873672125,0
2026-03-11,503.1353759765625,514.4259709645329,501.8575730657072,512.1998160804754,2873200,517.4577529907226,536.6492413330078,557.518949432373,516.3653672894762,522.5708242110466,-6.205456921570317,-6.493838702199753,0.288381780629436,40.82598460941952,517.4577529907226,537.7767061744643,497.13879980698096,0.07853376653960753,-0.020826837381758834,-0.021046775056528178,0.27416381398981693,3829945.0,0.750193540638312,0
2026-03-12,496.45684814453125,504.75258966648227,495.4386089509588,499.14223581040915,2702500,515.4536972045898,535.0575115966797,557.1998808288574,513.302518190254,520.6364556135269,-7.333937423272914,-6.661858446414386,-0.6720789768585282,33.68103485518323,515.4536972045898,535.7553336083478,495.152060800832,0.07877191109058988,-0.013273818838654527,-0.013362703406636114,0.2763643878390098,3780520.0,0.7148487509654756,1
2026-03-13,497.13568115234375,500.9990372365369,494.55012799089695,495.7081416498272,2809300,513.9827255249023,533.4889276123047,556.8296788024902,510.81531249211395,518.8956575052911,-8.080345013177123,-6.9455557597669335,-1.1347892534101893,51.648164076578254,513.9827255249023,535.1426488169479,492.8228022328567,0.08233709905497759,0.00136735551206435,0.001366421532807012,0.27114751169549345,3747675.0,0.7496114257506321,1
2026-03-16,507.6276550292969,507.7075043825182,497.7645995517352,497.7645995517352,3450300,513.4905731201172,532.2605627441407,556.5051263427735,510.32490365168053,518.0609906552174,-7.736087003536909,-7.103662008520929,-0.6324249950159802,57.72059187143331,513.4905731201172,534.7664692106875,492.21467702954686,0.08286771833528254,0.021104849791978575,0.02088522714400256,0.2779959375831572,3719305.0,0.9276733153102529,0
2026-03-17,505.7109375,516.073165722109,505.63108814645256,509.6741280965782,2834300,512.7243896484375,531.1483654785156,556.1617446899414,509.61506270526814,517.1461719029791,-7.531109197710919,-7.1891514463589274,-0.34195775135199113,47.59949880420198,512.7243896484375,533.9600219460489,491.4887573508262,0.08283449247332313,-0.0037758335471030913,-0.0037829800014773686,0.27665305135144264,3702120.0,0.7655883655851242,0
2026-03-18,487.63201904296875,502.8858046124045,487.08297476744696,502.8858046124045,3458700,510.7522796630859,529.5661401367188,555.6890985107422,506.2330559879913,514.9599383577931,-8.726882369801842,-7.49669763104751,-1.2301847387543319,31.546450042513186,510.7522796630859,533.6384855158814,487.86607381029046,0.08961763564870304,-0.03574951047411601,-0.03640417421865367,0.2975419122481224,3696260.0,0.9357296294091866,1
2026-03-19,490.2974548339844,496.22723662568575,486.47400820957273,489.6784928647076,3284500,509.2987777709961,527.8025787353515,555.2515507507325,503.781425041221,513.1330877263998,-9.351662685178837,-7.867690641873776,-1.4839720433050614,31.76666032374554,509.2987777709961,533.5339071045955,485.0636484373966,0.09517057723824615,0.00546608033706808,0.005451195536318202,0.29631377087910127,3710015.0,0.8853063936399179,1
2026-03-20,495.4685363769531,498.36355513539417,490.16764848265757,491.62513522245337,5762900,507.79685974121094,526.1508142089843,554.8361309814453,502.50251909287203,511.82460244125565,-9.322083348383615,-8.158569183175745,-1.1635141652078698,33.068054789464085,507.79685974121094,531.5203963073601,484.0733231750618,0.09343711411779669,0.010546825181296793,0.01049159541366436,0.2955187064395554,3856235.0,1.4944369313592143,1
2026-03-23,499.5215759277344,506.1701539934396,499.5215759277344,505.1818316756192,2985900,508.0139862060547,524.5771185302734,554.4302391052246,502.0439124520816,510.9132671439578,-8.869354691876197,-8.300726284915836,-0.5686284069603609,33.74080916320251,508.0139862060547,531.3272199707592,484.7007524413502,0.09178185797132153,0.008180215802235491,0.00814693918704156,0.21449361954543336,3689915.0,0.8092056321080567,0
2026-03-24,498.0740661621094,501.86756544900123,492.39382505801285,494.78973217193385,2278900,508.06040649414064,523.0475476074218,554.0105981445313,501.43316686900897,509.9622152193764,-8.529048350367418,-8.346390698006152,-0.1826576523612662,33.71793142797864,508.06040649414064,531.286054900458,484.8347580878232,0.09142868883086346,-0.0028977922784148014,-0.0029019990072422885,0.2144151971683666,3539215.0,0.6438998478476159,1
2026-03-25,501.8974914550781,505.3814943785646,493.71154691559775,500.43001211945887,2422000,507.72947387695314,521.7793267822266,553.5868119812012,501.5046014207119,509.36482827387283,-7.8602268531609525,-8.249157929037112,0.38893107587615994,35.546473852644795,507.72947387695314,531.1158375637881,484.3431101901182,0.09212135552525587,0.007676419136675827,0.00764710535231678,0.19934151976601955,3453360.0,0.7013459355526213,0
2026-03-26,499.89093017578125,503.93396994618104,498.1938344524002,499.6513516605644,3995400,507.02967529296876,520.8960443115234,553.1817729187012,501.25634430610717,508.66305804438457,-7.4067137382774035,-8.080669090885172,0.6739553526077682,35.69249918155799,507.02967529296876,530.4777770800081,483.58157350592944,0.09249202928207578,-0.003997950405130624,-0.004005963573482067,0.1952057338926779,3410950.0,1.1713452264032014,0
2026-03-27,483.4092712402344,499.1921465752735,479.6756969999703,498.5932002540091,3963300,505.38400115966795,519.646591796875,552.6684286499024,498.51064075751134,506.7924071700031,-8.281766412491777,-8.120888555206493,-0.1608778572852838,30.83353604860966,505.38400115966795,530.6364583748189,480.13154394451703,0.09993374209395602,-0.03297051004656415,-0.033526287661441195,0.22354948174625902,3353060.0,1.1819949538630385,1
2026-03-30,493.15252685546875,494.6898934654024,486.1645355842374,487.19276736696673,3629500,504.0363174438477,518.6752600097657,552.1978359985352,497.68631554181246,505.7820456652228,-8.095730123410362,-8.115856868847267,0.020126745436904514,38.990435250982884,504.0363174438477,528.8537650019094,479.218869885786,0.09847483881288584,0.02015529323679921,0.019954863978959632,0.23585470625869254,3343185.0,1.085641386881073,1
2026-03-31,498.8028259277344,500.5498237642148,489.73838580706985,499.1422389944236,4417600,502.80543212890626,517.8800274658203,551.7627516174316,497.85808637041583,505.26506642540886,-7.406980054993028,-7.97408150607642,0.567101451083392,47.562895322037576,502.80543212890626,525.9611619788519,479.64970227896055,0.09210612443824656,0.011457508102602931,0.011392367947028605,0.23907524139911954,3354080.0,1.3170824786528645,0
2026-04-01,490.8065490722656,502.13708379569033,484.81684230730707,501.3684157283346,4607100,501.24461517333987,517.0796032714844,551.4231356811523,496.77323447839274,504.19406513999087,-7.420830661598131,-7.863431337180763,0.4426006755826313,46.86807831419662,501.24461517333987,523.1190499231606,479.3701804235192,0.08728047778530688,-0.0160309373560511,-0.016160822826634398,0.24400496539326197,3426700.0,1.3444713572825167,1
2026-04-02,492.5934753417969,499.0224295573576,486.91323445445937,487.2925874151948,2926000,499.68629455566406,516.3981744384765,551.0594496154786,496.13019461122417,503.3347621919765,-7.204567580752325,-7.731658585895076,0.5270910051427506,47.512839442714544,499.68629455566406,519.110474900961,480.2621142103671,0.07774549975427886,0.0036407954883832527,0.0036341838354138783,0.244114656063327,3379035.0,0.8659276982925599,1
2026-04-06,500.6396484375,501.04894871517996,490.33734566846846,492.90294400003114,2466000,498.6460815429688,515.7720501708984,550.7321171569824,496.8239567383435,503.13512413608936,-6.311167397745862,-7.447560348265233,1.1363929505193706,46.068290451623845,498.6460815429688,515.1770315485919,482.11513153734563,0.06630333865041574,0.016334307087847888,0.016202337443007784,0.2533961275484343,3358690.0,0.7342148278048882,0
2026-04-07,497.4251708984375,501.73776700262874,494.8196631262533,497.4351634917362,3593200,497.6757507324219,515.2437579345703,550.541410369873,496.9164512245118,502.712164637004,-5.795713412492205,-7.117190961110627,1.3214775486184225,45.40522208623509,497.6757507324219,511.81776251245174,483.533738952392,0.056832231665767424,-0.006420741044172007,-0.006441442662681141,0.25266144415334707,3361020.0,1.0690802196952116,1
2026-04-08,506.25,510.9419490509534,504.99215185756924,507.12849518104855,3874900,497.29640197753906,514.8396527099609,550.4234590148926,498.3523818053561,502.9742265157444,-4.621844710388302,-6.618121710966163,1.9962770005778605,61.50522952977607,497.29640197753906,509.9408334924985,484.65197046257964,0.050852696559548084,0.017741018383977902,0.017585483389255176,0.26137601532923915,3416775.0,1.1340811145012475,0
2026-04-09,503.57000732421875,506.6700134277344,497.760009765625,504.4599914550781,3301800,497.31813354492186,514.520708618164,550.2454829406738,499.1550934236427,503.01835842748324,-3.8632650038405245,-6.067150369541035,2.2038853657005104,58.200475381132655,497.31813354492186,510.0062373065485,484.63002978329524,0.05102610544757274,-0.00529381269290119,-0.005307874568560675,0.2510557133506767,3438205.0,0.960326682091382,0
2026-04-10,498.6600036621094,504.3900146484375,495.6700134277344,502.010009765625,2842200,497.4282913208008,514.0843969726562,549.9675018310547,499.0789257680222,502.6955173337518,-3.616591565729607,-5.57703860877875,1.9604470430491432,51.978237084274745,497.4282913208008,510.12316388060816,484.7334187609934,0.05104202065427042,-0.009750389401067205,-0.009798235715297865,0.2488564691285119,3445190.0,0.8249762712651552,1
2026-04-13,508.5799865722656,508.8699951171875,495.0,496.2300109863281,3318100,498.00050659179686,513.400053100586,549.7780412292481,500.5406274302135,503.1314039440121,-2.5907765137986303,-4.979786189782726,2.389009675984096,55.234177170547284,498.00050659179686,511.6366434051552,484.3643697784385,0.054763545951713954,0.019893279664109587,0.019697994042026976,0.258378147761414,3470630.0,0.9560512068414092,1
2026-04-14,513.1599731445312,513.97998046875,506.69000244140625,508.0,2744600,498.2771224975586,512.9059393310547,549.630816192627,502.4820652324162,503.87426092182835,-1.3921956894121763,-4.262268089708616,2.87007240029644,58.4124801530238,498.2771224975586,512.9226333319722,483.631611663145,0.058784600669621725,0.009005440035369627,0.00896513286870151,0.24947213253632924,3435345.0,0.7989299473560879,1
2026-04-15,519.9600219726562,522.4400024414062,513.2000122070312,516.0,2910800,498.9895767211914,512.2167950439454,549.4951741027832,505.1709816539916,505.06579877744525,0.10518287654633696,-3.3887778964576256,3.4939607730039626,59.748725393598654,498.9895767211914,516.3013730939459,481.6777803484369,0.06938740679317804,0.013251323532612602,0.0131642927505574,0.2527561001889668,3439170.0,0.8463670013404397,0
2026-04-16,518.5399780273438,522.22998046875,517.010009765625,518.030029296875,2967400,500.5349746704102,511.59209045410154,549.2946730041504,507.227750326815,506.0638861292896,1.1638641975254131,-2.478249477661018,3.6421136751864314,60.12941151509204,500.5349746704102,519.0539599400657,482.01598940075456,0.07399676828517279,-0.0027310637074078326,-0.0027347998659031283,0.21210079123251302,3414605.0,0.8690317035206122,1
2026-04-17,521.2999877929688,527.469970703125,518.739990234375,521.5,3617200,502.08510131835936,510.9666815185547,549.0947004699707,509.3927099369925,507.1924862525251,2.200223684467403,-1.5425548452353341,3.742778529702737,74.18588098066343,502.08510131835936,522.1237323164534,482.04647032026537,0.07982165153069543,0.0053226556920928925,0.005308540425267951,0.21208074360190346,3431240.0,1.0541961506627342,0
2026-04-20,516.6500244140625,524.47998046875,514.5399780273438,520.760009765625,2503500,503.14417572021483,510.2808172607422,548.8868370056152,510.50921985654173,507.8930446348612,2.616175221680521,-0.7108088318521633,3.3269840535326844,66.04165347165043,503.14417572021483,523.9352277414245,482.3531236990052,0.08264451035907838,-0.008919937632442365,-0.00895995844262981,0.2143277351597952,3268270.0,0.766001584936373,0
2026-04-21,511.3500061035156,523.1099853515625,510.1700134277344,516.9299926757812,3444900,503.73559722900393,509.551845703125,548.614100036621,510.6385715868454,508.14911585476153,2.4894557320838544,-0.0707559190649597,2.560211651148814,58.60707799053599,503.73559722900393,524.7643449440922,482.70684951391564,0.08349121178159799,-0.010258430388264572,-0.010311410726807397,0.217454625501996,3291220.0,1.0466939311258439,0
2026-04-22,510.1600036621094,513.7899780273438,505.7200012207031,512.0700073242188,2288500,504.3398941040039,509.0668133544922,548.3558924865723,510.5649457522706,508.2980705071577,2.2668752451128853,0.39677031377060934,1.870104931342276,64.64341296487007,504.3398941040039,525.3782333642641,483.30155484374365,0.08342920917504004,-0.002327177915717793,-0.0023298900027331816,0.21731930020851536,3291700.0,0.6952334659902178,0
2026-04-23,502.3800048828125,509.6499938964844,498.3699951171875,507.3699951171875,2724000,504.3640197753906,508.3251544189453,548.0721061706543,509.3057240800463,507.85969527572473,1.4460288043215428,0.6066220118807961,0.8394067924407467,56.78907904280305,504.3640197753906,525.3916700359957,483.3363695147855,0.08338283238352098,-0.01525011510790597,-0.015367594021614504,0.22353059436509054,3306800.0,0.8237571065682835,1
2026-04-24,504.1700134277344,505.6099853515625,495.6300048828125,499.0,2406900,504.5779739379883,507.67779541015625,547.7801977539062,508.5156147489214,507.58638550920693,0.9292292397144593,0.6711434574475288,0.25808578226693046,52.68185883606451,504.5779739379883,525.5008067881697,483.65514108780684,0.08293201023773905,0.0035630569041844584,0.003556724254868534,0.22328416003822185,3227375.0,0.7457763662419149,1
2026-04-27,506.42999267578125,509.04998779296875,500.760009765625,500.760009765625,2531300,505.7290100097656,507.27529296875,547.5075030517578,508.19474981459217,507.500726780805,0.6940230337871753,0.6757193727154581,0.018303661071717214,56.94121643365394,505.7290100097656,524.1292488954725,487.3287711240586,0.07276718764996948,0.004482573710962612,0.004472556900331692,0.18508678739912734,3155775.0,0.8021167542045932,1
2026-04-28,507.6199951171875,517.0,507.239990234375,512.25,3892500,506.45238342285154,507.0782788085937,547.3071566772461,508.10632601499145,507.5095614723889,0.596764542602557,0.6599284066928779,-0.06316386409032093,51.19691955587171,506.45238342285154,523.8828121807128,489.0219546649903,0.06883343559391679,0.0023497866607755657,0.0023470302292728272,0.17280768078644357,3168925.0,1.2283345298484503,1
2026-04-29,525.22998046875,534.2100219726562,520.8900146484375,529.989990234375,5876700,507.7737411499023,507.16218627929686,547.1807238769532,510.74073439249275,508.82218510174897,1.9185492907437833,0.911652583503059,1.0068967072407244,65.00828913869083,507.7737411499023,526.7046791689453,488.84280313085935,0.07456446241655602,0.034691275995732074,0.0341030981596985,0.20687949914787707,3241880.0,1.8127444569200588,0
2026-04-30,502.9200134277344,514.1500244140625,498.9599914550781,504.5,5975100,508.3794143676758,506.6791021728516,546.9559815979004,509.53754655176067,508.3849871999701,1.1525593517905577,0.9598339371605589,0.19272541462999881,52.378299398030876,508.3794143676758,525.7341845761714,491.0246441591802,0.06827487391511136,-0.042476568114228286,-0.04340508628340441,0.2544135496932583,3310280.0,1.8050134731805165,0
2026-05-01,495.4599914550781,509.0,492.1499938964844,506.0,4531800,508.52274017333986,506.2009521484375,546.6682556152343,507.37176884457875,507.42758010775594,-0.05581126317719054,0.756704897093009,-0.8125161602701996,42.46843306492358,508.52274017333986,525.3684674431719,491.67701290350783,0.06625358490001777,-0.01483341639520619,-0.014944531698334516,0.2605767399834385,3390570.0,1.3365894230173687,1
2026-05-04,504.739990234375,507.2900085449219,493.8800048828125,495.0,4419900,508.7277572631836,505.7856140136719,546.4264819335938,506.9668798276243,507.2284993763944,-0.26161954877005655,0.5530400079203959,-0.8146595566904524,45.41395510261613,508.7277572631836,525.2665373752523,492.188977151115,0.06502016009915693,0.018730066886012642,0.01855681913465515,0.26264806840718313,3488265.0,1.2670768992608072,0
2026-05-05,497.0799865722656,503.8800048828125,493.260009765625,501.0299987792969,4216700,508.710498046875,505.8236328125,546.1610914611816,505.4458193267999,506.47675768719967,-1.030938360399773,0.23624433425636213,-1.267182694656135,37.65376942794858,508.710498046875,525.2995849606306,492.1214111331194,0.06522014771642076,-0.015176137833961767,-0.015292473936276762,0.2675184942971055,3519440.0,1.19811674584593,0
2026-05-06,491.8900146484375,500.739990234375,489.7300109863281,499.1400146484375,4361500,507.99249877929685,505.71851989746096,545.8598460388183,503.3603109147441,505.3962582028469,-2.035947288102818,-0.21819399021547398,-1.8177532978873443,36.18169538985814,507.99249877929685,526.1946023254964,489.79039523309734,0.07166288317224787,-0.010440919095570211,-0.010495807885243267,0.2615072976496352,3543770.0,1.2307514313852197,0
