Date,Close,High,Low,Open,Volume,SMA_20,SMA_50,SMA_200,EMA_12,EMA_26,MACD,MACD_Signal,MACD_Hist,RSI,BB_Mid,BB_Upper,BB_Lower,BB_Width,Daily_Return,Log_Return,Volatility_20d,Volume_MA20,Volume_Ratio,Target
2020-10-15,202.05970764160156,202.3978958902961,197.0743678473416,198.9264653076996,7626700,191.97114105224608,193.30709899902342,148.12463745117188,197.28280686030786,193.93975521872574,3.3430516415821216,1.8219881563421674,1.5210634852399543,66.27739052354907,191.97114105224608,208.22178199926148,175.72050010523068,0.16930295728765493,-0.0022593138680928604,-0.0022618699684178226,0.33783206813425626,7845325.0,0.9721330856274278,1
2020-10-16,203.36273193359375,206.36667582435476,201.1445953225798,203.35279057754178,9662200,193.3825942993164,193.31426086425782,148.59064594268798,198.2181799485057,194.63775349390113,3.580426454604577,2.1736758159946494,1.4067506386099278,63.70450576980192,193.3825942993164,208.32683894299757,178.43834965563522,0.15455625360522945,0.0064487091820570885,0.006428005218557012,0.337150401644526,7650575.0,1.2629377530447057,0
2020-10-19,198.99607849121094,206.1279466098807,198.04119227069268,204.4270488893638,6566700,194.220613861084,193.3427084350586,149.04471824645995,198.33785664738343,194.96059238259073,3.3772642647927,2.41439350575426,0.9628707590384402,55.882343394264154,194.220613861084,208.3927270287583,180.0485006934097,0.14593830063590346,-0.021472240271677268,-0.02170612287205322,0.3288093369529276,7290630.0,0.9007040543821316,1
2020-10-20,200.885986328125,204.3773147350953,199.2447518976016,200.07033979096008,4867700,194.92584381103515,193.51458953857423,149.50122760772706,198.72987659826674,195.3995104526303,3.3303661456364466,2.5975880337306974,0.7327781119057493,55.28630339557094,194.92584381103515,208.9421491531908,180.9095384688795,0.14381166774112644,0.009497211458855626,0.009452396467638964,0.32061099172319873,7087050.0,0.6868443146302058,1
2020-10-21,211.93690490722656,214.68222181355995,204.9243936432528,207.19226743058107,17247200,196.49047927856446,193.99283264160155,150.01547828674316,200.76172710733746,196.62450263445223,4.1372244728852365,2.905515321561605,1.2317091513236313,63.98959463404134,196.49047927856446,210.7778967328928,182.20306182423613,0.14542605328040417,0.05501089837621187,0.05355109708909236,0.3384330962359896,7610290.0,2.2662999701719646,0
2020-10-22,202.8455047607422,211.21078450942755,201.06503055545346,210.77312197557504,12398300,197.5716979980469,194.2436911010742,150.4735791015625,201.08230828478435,197.08531760677,3.996990678014356,3.1238103928521554,0.8731802851622006,59.73121588720466,197.5716979980469,210.16636326491817,184.9770327311756,0.1274946299949884,-0.042896729809582035,-0.043843983016269135,0.38401298854428667,7861480.0,1.5770948981616693,0
2020-10-23,201.96022033691406,205.14321478028998,200.1399656897051,205.14321478028998,6644700,198.35699844360352,194.44203033447266,150.9235234069824,201.2173716774197,197.44642151270656,3.7709501647131276,3.25323834722435,0.5177118174887778,55.36299702310463,198.35699844360352,209.89468276691676,186.81931412029027,0.11633251575536031,-0.004364328531077488,-0.004373880013510119,0.37664054713747575,7813390.0,0.8504247196159413,0
2020-10-26,196.1711883544922,202.80571557802682,194.01273020169714,199.59289691699158,7716000,198.61561584472656,194.5566177368164,151.34273216247558,200.4410357815847,197.35195979728326,3.089075984301445,3.220405874639769,-0.13132989033832398,54.765175955334676,198.61561584472656,209.68105634142643,187.5501753480267,0.11142568472914625,-0.028664218987107914,-0.029083060981086872,0.38524407953360656,7819660.0,0.9867436691620863,1
2020-10-27,199.36412048339844,200.24940209836166,196.66854056670834,197.73284249178835,4754400,198.91053924560546,194.6389776611328,151.76621807098388,200.27535650494065,197.5010087369955,2.7743477679451587,3.1311942533008468,-0.3568464853556881,54.965879473966936,198.91053924560546,209.70924690440324,188.11183158680768,0.10857853686137807,0.01627625420271417,0.01614521593999577,0.3867333879194513,7720750.0,0.615795097626526,0
2020-10-28,191.28729248046875,197.33496084562685,190.48160249104436,195.91257287469597,8050000,198.6757942199707,194.59401794433595,152.152502822876,198.89257742425266,197.04073345873425,1.8518439655184125,2.8753241957443603,-1.0234802302259478,49.42457766936243,198.6757942199707,209.93675602476216,187.41483241517923,0.11336017906966064,-0.040512946779720393,-0.04135645688203048,0.41197133474747305,7726270.0,1.0418999077174367,1
2020-10-29,194.0027618408203,196.53920386180508,191.2872843531892,193.04787566342222,7627100,198.581298828125,194.64574096679686,152.55132049560547,198.1402981037246,196.81569852407395,1.324599579650652,2.5651792725256186,-1.2405796928749666,48.24932264204887,198.581298828125,209.97157030467352,187.19102735157648,0.11471645662270509,0.014195764523295962,0.014095948195042621,0.415445285730598,7744180.0,0.9848815497573662,0
2020-10-30,185.14016723632812,194.29123868578978,181.947231308511,192.26207888746407,12029700,198.2938362121582,194.40602264404296,152.9030898284912,196.140277970279,195.95084435461132,0.18943361566766725,2.0900301411540285,-1.9005965254863613,38.750752319567844,198.2938362121582,210.74249428470665,185.84517813960974,0.12555769065085218,-0.04568282698863824,-0.04675919631964778,0.4373416207056486,8018345.0,1.5002721883381172,1
2020-11-02,186.76148986816406,191.68019972276227,184.06591010416935,188.004842388217,14386000,197.8417526245117,194.22638305664063,153.25978275299073,194.69738749303053,195.2701514296893,-0.5727639366587596,1.557471325591471,-2.1302352622502303,34.33185294896752,197.8417526245117,211.2879974766252,184.39550777239822,0.13592929372834078,0.00875727107757407,0.00871914858355231,0.42752729915429283,8486440.0,1.6951748907669175,0
2020-11-03,178.853759765625,187.7462188650604,173.8803499943651,176.99370936801927,31656000,197.25240325927734,193.84701110839845,153.57638999938965,192.25990630419892,194.05412241753638,-1.7942161133374555,0.8871338378056857,-2.681349951143141,32.39601999402005,197.25240325927734,212.88334333465804,181.62146318389665,0.15848668829484108,-0.04234133122476791,-0.04326386014136969,0.44307387810612553,9773150.0,3.2390784956743732,1
2020-11-04,193.2567596435547,193.96299054369717,183.1309041404395,185.76680537677106,16107000,197.23648834228516,193.70019592285155,153.96824493408204,192.41326835640749,193.99505850835254,-1.5817901519450572,0.39334903985553715,-1.9751391918005945,44.57653320036716,197.23648834228516,212.8838328301215,181.58914385444882,0.15866581908193234,0.08052947780803588,0.07745117822897925,0.5303144542911894,10367065.0,1.5536702046336162,1
2020-11-05,203.47213745117188,203.83022356060772,198.3097356974896,201.22416170605047,15188500,197.80842971801758,193.72168060302735,154.3992903137207,194.11463283252507,194.6970643559688,-0.5824315234437165,0.19819292719568643,-0.7806244506394029,50.06073465039713,197.80842971801758,213.4911726022155,182.12568683381966,0.15856496011372403,0.05285909701921199,0.05150941320044879,0.5606099810026559,10847360.0,1.4002024455720101,0
2020-11-06,201.65188598632812,203.83024208523392,197.49412233889453,203.51195172438727,8075100,198.07997817993163,193.6896517944336,154.82576023101808,195.27421024080246,195.212236328588,0.06197391221445514,0.17094912419944017,-0.10897521198498503,51.517221961193165,198.07997817993163,213.83489188681966,182.3250644730436,0.15907628677721888,-0.008945949492866423,-0.008986204759926501,0.5579000089406413,10896995.0,0.7410391580431119,0
2020-11-09,183.73765563964844,195.0273021271666,183.45914590085462,194.69905525409337,18986400,197.24494323730468,193.29655364990234,155.17131275177002,193.49935568677876,194.36226738866657,-0.8629117018878105,-0.03582304101800998,-0.8270886608698005,41.71949222039739,197.24494323730468,214.19829603714754,180.29159043746182,0.17190152022753094,-0.08883740540812135,-0.09303391840305149,0.6382957642259843,11316155.0,1.6778137096920287,0
2020-11-10,182.38490295410156,185.71709392296904,177.650221816986,183.99628303291294,13144300,196.03242568969728,192.8831640625,155.50373558044433,191.7894398817515,193.4750552083284,-1.685615326576908,-0.3657814981297896,-1.3198338284471185,34.25542514384345,196.03242568969728,213.6151067599389,178.44974461945566,0.17938543593878203,-0.007362413985513849,-0.007389650321156201,0.6251923192264249,11566105.0,1.136449997643978,1
2020-11-11,191.31712341308594,192.07309141190922,185.40871017718177,186.50087812665421,9151700,195.47241897583007,192.5531283569336,155.8801231765747,191.71677580964908,193.3152084086808,-1.5984325990317245,-0.6123117183101766,-0.9861208807215479,43.847528438092226,195.47241897583007,212.89819890264974,178.0466390490104,0.17829400196837333,0.04897456047243254,0.04781307790220377,0.6513722875540063,11594285.0,0.7893285355673075,0
2020-11-12,188.09437561035156,193.8635191706586,187.42792530219418,192.91857428941128,7096100,194.77415237426757,192.1210385131836,156.23810924530028,191.15948347129563,192.928480053249,-1.7689965819533597,-0.8436486910388132,-0.9253478909145465,42.78019802987101,194.77415237426757,212.20773283071816,177.340571917817,0.17901328532495575,-0.0168450567583327,-0.01698854842637006,0.6534917508778175,11567755.0,0.6134379574947775,0
2020-11-13,187.61691284179688,190.71037445008366,185.85633664041006,190.09068647506322,6017200,193.98686141967772,191.7953793334961,156.60977210998536,190.6144726052189,192.53503063017845,-1.920558024959547,-1.0590305578229602,-0.8615274671365869,45.28507796261555,193.98686141967772,211.20821929577846,176.76550354357698,0.17755179655021555,-0.0025384212951894414,-0.0025416485491022637,0.6525884897544278,11385505.0,0.5284965401183347,1
2020-11-16,190.9192657470703,191.35692825604025,182.5639278300405,184.20516223867773,10127800,193.5830207824707,191.79736877441405,156.98491645812987,190.66136385781144,192.41534434254083,-1.7539804847293965,-1.1980205432042474,-0.555959941525149,45.35099585636658,193.5830207824707,210.68819504454194,176.47784652039945,0.17672184464248375,0.017601573628162503,0.017448460013848168,0.6528314397980234,11563560.0,0.8758375448391326,1
2020-11-17,191.27734375,193.5949545357722,189.61622669979775,191.10824963828816,6448800,193.10258865356445,191.92369354248046,157.3440961074829,190.75612999507123,192.33104800235262,-1.5749180072813829,-1.2734000360196744,-0.30151797126170843,49.99401440362162,193.10258865356445,209.88073688745553,176.32444041967338,0.1737744517137665,0.001875546721429755,0.0018737900797769992,0.6517246958240606,11642615.0,0.5538961822580236,0
2020-11-18,189.1089324951172,191.92388430962833,188.53201512749177,191.56579819102092,8095400,191.961190032959,191.83456970214843,157.69422412872314,190.5027149950783,192.09237277959446,-1.589657784516163,-1.3366515857189722,-0.2530061987971908,47.03614563826712,191.961190032959,206.26846996715994,177.65391009875805,0.1490642971294817,-0.011336477244879184,-0.011401224908415802,0.6168446649175386,11185025.0,0.723771292419999,1
2020-11-19,189.88478088378906,191.72494858851002,188.56186722780444,189.80521968298285,9391500,191.31315383911132,191.85068359375,158.04738590240478,190.4076482087261,191.92884745397924,-1.5211992452531433,-1.3735611176258065,-0.14763812762733686,53.185510829341496,191.31315383911132,204.68839318169887,177.93791449652377,0.1398256112994272,0.004102653314337346,0.004094260379930875,0.6008636804886486,11034685.0,0.8510890886327974,1
2020-11-20,191.64537048339844,193.69441288264846,189.9444728395186,191.44643712789068,11514100,190.79741134643555,192.02316131591797,158.41437377929688,190.59806702021416,191.90784915986214,-1.3097821396479787,-1.360805322030241,0.05102318238226222,53.27289348448067,190.79741134643555,203.20446720827832,178.3903554845928,0.13005476095600654,0.009271883672903991,0.00922916362002827,0.6022844701244028,11278155.0,1.0209205317713757,1
2020-11-23,199.75205993652344,201.0849302633774,192.88874456913814,193.4955012369812,12020000,190.9764549255371,192.29888732910158,158.81602649688722,192.0063736227233,192.4889018099852,-0.48252818726192004,-1.1851498950765769,0.7026217078146568,63.96758226864153,190.9764549255371,203.80617812048362,178.14673173059057,0.13435921407116821,0.0423004710871806,0.041430261731933704,0.6130879547919502,11493355.0,1.045821694361655,1
2020-11-24,204.9044952392578,205.97775191311538,197.80246625409023,202.9151312078087,14781600,191.25347366333008,192.6963619995117,159.249508934021,193.99070002526705,193.40857539733872,0.582124627928323,-0.8316949904755969,1.4138196184039198,58.88333863997333,191.25347366333008,205.04867590200587,177.4582714246543,0.14426093261929393,0.0257941535339945,0.02546709653584415,0.6170245943247092,11994715.0,1.2323427442836283,1
2020-11-25,213.3195037841797,214.92094237664716,205.1332601733408,205.19293866362713,13817500,192.35508422851564,193.36379364013672,159.7264589691162,196.96436214202282,194.88345898154915,2.0809031604736674,-0.2491753602857441,2.3300785207594115,57.72232479720667,192.35508422851564,209.31695321480748,175.3932152422238,0.17635997565982026,0.04106795478106062,0.04024706587026559,0.6102269852140182,12283090.0,1.1249205208135737,0
2020-11-27,210.2658233642578,212.7027911822694,207.51055002704604,212.06619532151157,5363200,193.1682373046875,194.0720071411133,160.17844245910644,199.0107407915974,196.02289338026833,2.987847411329085,0.3982291940372217,2.5896182172918634,56.62686950517556,193.1682373046875,211.92683743219322,174.40963717718176,0.19422033755909338,-0.014315054956303253,-0.014418503792811684,0.6136373901277158,12169895.0,0.44069402406512137,1
2020-11-30,212.98130798339844,214.68222090552183,205.9886946391057,211.37986933373344,12976100,194.560294342041,194.8289599609375,160.63166931152344,201.16005882110525,197.27907223975944,3.880986581345809,1.0947806714989392,2.7862059098468697,79.36477487095821,194.560294342041,214.87780314511693,174.24278553896508,0.20885565445699136,0.012914531594782286,0.012831850132318785,0.584319201386307,12217215.0,1.0621160387207722,1
2020-12-01,215.388427734375,219.3970100486074,213.20013042951564,215.9951843449519,10137400,195.99164123535155,195.4920147705078,161.10051261901856,203.34903865391598,198.6205059801013,4.728532673814669,1.8215310719620854,2.907001601852584,82.45303736095161,195.99164123535155,217.9620531071676,174.0212293635355,0.22419743753697585,0.011302023514496273,0.011238632828263808,0.5844514426749414,12004785.0,0.8444466102474971,0
2020-12-02,211.42959594726562,214.60263384246693,209.38055352880318,214.45343761884772,7537400,197.62043304443358,195.9849789428711,161.54140537261964,204.59220131443132,199.56932745915051,5.022873855280807,2.4617996286258297,2.561074226654977,71.92107494328022,197.62043304443358,219.06502234558698,176.17584374328018,0.21702805697558342,-0.018379965111178342,-0.018550975352790728,0.5629789429622474,10798855.0,0.6979814063620634,1
2020-12-03,213.39907836914062,215.77636783970365,211.97669033597168,212.1955215991736,7645200,198.6275489807129,196.6400765991211,161.99950618743895,205.94710547669428,200.59375345248313,5.353352024211148,3.040110107742893,2.3132419164682547,78.35484778818136,198.6275489807129,221.0776002124122,176.1774977490136,0.22605173700128808,0.009315074424898429,0.009271956675663317,0.49570761807823926,10375765.0,0.7368324166940944,1
2020-12-04,216.61190795898438,217.39073353919477,211.87721182541856,213.73727752545219,6214600,199.2845375061035,197.34789215087892,162.4882929611206,207.5878443201235,201.78028341592767,5.807560904195839,3.5936002670334823,2.2139606371623564,80.61331147469147,199.2845375061035,223.0613827371237,175.50769227508331,0.23862207804548785,0.015055498900919062,0.014943289719041231,0.46495418149402457,9927070.0,0.6260256047353348,1
2020-12-07,216.7710418701172,218.15366442636528,215.15966188030697,216.2339202660614,5363400,200.04049530029297,197.95822875976563,162.99304428100587,209.00064394319946,202.89070996808985,6.1099339751096124,4.096867008648709,2.0130669664609036,79.23507998387622,200.04049530029297,225.06301696937467,175.01797363121128,0.250174562220703,0.0007346498751257258,0.0007343801519995044,0.46276792196813926,9791485.0,0.5477616520885239,0
2020-12-08,215.78631591796875,217.55684866711766,214.42360643222815,215.17458102285633,5419600,201.64292831420897,198.45397827148437,163.52659172058105,210.04459347777936,203.84594003845123,6.198653439328126,4.517224294784593,1.6814291445435332,77.32919719653773,201.64292831420897,226.37259837125828,176.91325825715967,0.24528179851181722,-0.004542700646973152,-0.0045530500663270934,0.309870701537681,9113145.0,0.5947013901347998,0
2020-12-09,209.67897033691406,217.775681275507,208.1372101888753,215.84599575142622,7807500,203.00763168334962,198.77824462890624,164.03233779907225,209.9883437638001,204.2780163568559,5.710327406944202,4.755844917216515,0.9544824897276873,71.08484312720807,203.00763168334962,226.22900063195857,179.78626273474066,0.22877335946492436,-0.02830274735019067,-0.028710991505349857,0.33198928094326924,8846305.0,0.8825718760544656,1
2020-12-10,214.19482421875,215.0800906163653,205.55103496894958,207.25194791461035,6556800,204.15151672363282,199.14249725341796,164.56697940826416,210.63549460302318,205.0125947169962,5.622899886026971,4.929255910978607,0.6936439750483645,73.14395338154895,204.15151672363282,227.20142924213144,181.1016042051342,0.22581181750123466,0.021536989973671705,0.02130834604789211,0.2988310231123483,8716560.0,0.7522233541672403,0
2020-12-11,212.92161560058594,213.85661906118315,209.30097391288834,212.2551805159914,4283400,205.39287872314452,199.483076171875,165.09450897216797,210.98720552572513,205.59844811578063,5.388757409944503,5.021156210771786,0.36760119917271705,70.44541311066001,205.39287872314452,227.4546626853561,183.33109476093293,0.21482520815095407,-0.00594416145585186,-0.0059618983056182705,0.29024182603965143,8575925.0,0.4994679874182668,1
2020-12-14,219.61582946777344,221.9732361002959,213.85662743501192,214.8015722881497,9759400,206.99282455444336,200.0576043701172,165.6312890625,212.3146861321941,206.63677266037269,5.677913471821427,5.152507662981715,0.5254058088397118,69.6207259321334,206.99282455444336,228.2533231953509,185.73232591353582,0.20542256657129285,0.031439804025087836,0.030955694119154883,0.30125212085122616,8763035.0,1.1137009038535166,1
2020-12-15,220.42153930664062,221.12775503368252,215.9653529775851,220.74977101334613,6508100,208.4679382324219,200.54997192382814,166.18751525878906,213.5618943128782,207.65786648602216,5.904027826856037,5.30281169575658,0.6012161310994575,66.76697917872346,208.4679382324219,229.11787103000725,187.81800543483652,0.1981113544142472,0.003668723883974101,0.0036620105311208594,0.2994624413484462,8582050.0,0.7583386253867083,1
2020-12-16,228.97579956054688,229.9207444505885,223.4155306727205,223.6045226862575,10110000,210.3528610229492,201.31667297363282,166.7589600753784,215.93326435098106,209.23697263969066,6.6962917112903995,5.581507698863343,1.114784012427056,66.86668974625277,210.3528610229492,231.2762342573682,189.42948778853022,0.1989359510744784,0.03880864039337806,0.03807451843972962,0.31855005175549084,8765110.0,1.153436750936383,1
2020-12-17,234.25755310058594,236.83379102378248,231.1640914636483,233.26287109742455,8914100,212.61029205322265,202.13032287597656,167.37233070373534,218.75238569707412,211.09034897012737,7.662036726946752,5.997613504480025,1.664423222466727,74.66257464704606,212.61029205322265,233.6250776128657,191.5955064935796,0.19768361499999668,0.023066863616923117,0.02280484516294428,0.312447526561499,8806045.0,1.0122705482427128,1
2020-12-18,235.1925506591797,235.90872289754077,231.0447286322966,235.40144055271938,11534700,214.87568054199218,202.99350769042968,167.99679203033446,221.28164184509035,212.8756972433905,8.405944601699844,6.479279723923989,1.9266648777758544,73.69984584735437,214.87568054199218,235.33653201006342,194.41482907392094,0.19044362225135728,0.003991322995644309,0.003983378797574177,0.3124801098176494,8913205.0,1.2941136213068138,1
2020-12-21,236.455810546875,238.47601555376502,230.96616328190117,231.38292618372378,8156000,217.116202545166,203.79820556640624,168.67362342834474,223.61612933767262,214.62237230290788,8.99375703476474,6.98217518609214,2.011581848672601,73.04178412813275,217.116202545166,236.65954994991495,197.57285514041706,0.1800266140955869,0.005371173041640809,0.0053567997364211434,0.31306238091865357,8745300.0,0.932615233325329,1
2020-12-22,242.19512939453125,242.38410622823773,236.82383740476692,238.88779955120043,6331700,219.2383560180664,204.63334106445313,169.33881706237793,226.47443703872779,216.66479875413924,9.809638284588544,7.547667805791421,2.2619704787971235,82.3874354901719,219.2383560180664,240.02091423200366,198.45579780412916,0.18958870693433458,0.024272268185680623,0.02398237817573741,0.29497854551553515,8460885.0,0.7483496111813362,0
2020-12-23,238.16665649414062,242.95107440507675,237.06255888564442,242.30453718703123,6421300,220.90146408081054,205.26396911621094,170.01291301727295,228.27324003186823,218.2575289571023,10.015711074765932,8.041276459586324,1.9744346151796073,74.98994655199064,220.90146408081054,242.17213760895115,199.63079055266994,0.19258064781643397,-0.01663317057804381,-0.01677305507760144,0.3028877156585042,8042870.0,0.798384158888556,0
2020-12-24,237.37091064453125,240.83239973687853,236.82383251183376,239.08176488988923,3053800,222.10403442382812,205.96104217529296,170.71754573822022,229.6728816645856,219.67333500802295,9.999546656562643,8.43293049898159,1.5666161575810538,72.01939249704458,222.10403442382812,244.27053552795263,199.93753331970362,0.19960466870066368,-0.003341130371996237,-0.00334672441183065,0.27804261983002476,7504685.0,0.4069191445077308,0
2020-12-28,234.47637939453125,242.20506264531465,233.99893629285535,242.20506264531465,7079500,223.3145622253418,206.60937561035155,171.34210651397706,230.41188131534648,220.76985681443097,9.642024500915511,8.674749299368374,0.9672752015471371,67.75028200983752,223.3145622253418,245.40316152817041,201.2259629225132,0.19782497910314953,-0.012194127924691767,-0.01226908629386048,0.27613316076699995,7590500.0,0.9326790066530531,0
2020-12-29,229.80137634277344,234.99361748620382,228.4585496003667,234.7449469915094,8316100,224.15556564331055,207.13814849853514,172.0299788284302,230.31795747341215,221.43885826097485,8.879099212437296,8.715619281982159,0.16347993045513753,63.08261657174258,224.15556564331055,245.86518718331774,202.44594410330336,0.1937013830346092,-0.01993805544008176,-0.020139500580496888,0.2889297162695581,7357500.0,1.1302888209310227,1
2020-12-30,230.27882385253906,232.5964347287887,228.79675738947105,230.9552155034344,6017600,224.90008544921875,207.7638034057617,172.69462532043457,230.31193691635474,222.09367052701666,8.218266389338083,8.616148703453344,-0.397882314115261,71.48782640030458,224.90008544921875,246.36367424686654,203.43649665157096,0.19087221558654457,0.0020776529599781934,0.0020754976239110733,0.28767526373600094,7151510.0,0.8414446739220108,1
2020-12-31,232.9545135498047,233.44191317740587,228.46850334424332,230.76621625874165,5002700,225.9763313293457,208.40517395019532,173.404529838562,230.7184871676547,222.89817741759356,7.820309750061142,8.456980912774904,-0.6366711627137622,70.34955413995871,225.9763313293457,246.74326065697673,205.20940200171466,0.18379738449125094,0.01161934759133132,0.01155236136360902,0.27691623256739695,7024775.0,0.7121509229832984,0
2021-01-04,230.6866455078125,236.73132383818253,226.3249704416749,236.53538047114006,8148700,226.8407096862793,208.78016876220704,174.09200428009032,230.71358845075588,223.475100979832,7.238487470923872,8.213282224404699,-0.9747947534808272,68.86353981251318,226.8407096862793,246.82790136824653,206.85351800431206,0.1762222637163278,-0.009735239757470149,-0.009782937019342516,0.2812051386101303,7049950.0,1.1558521691643202,1
2021-01-05,233.66075134277344,234.38686495017492,228.57792573567747,229.24436085173676,5047800,227.69315185546876,209.39647369384767,174.8292128753662,231.1669981264509,224.22959359930914,6.9374045271417515,7.958106684952109,-1.0207021578103577,66.19266364926028,227.69315185546876,247.2940037661133,208.09229994482422,0.17216900684906358,0.012892405749860503,0.012810006150530804,0.28018535825419827,6991610.0,0.7219796298706592,0
2021-01-06,225.62371826171875,231.2536219839398,224.50171102413688,227.72249787375875,9211700,228.13578567504882,209.86974365234374,175.53329849243164,230.31418583956903,224.33286209282096,5.981323746748075,7.562750097311303,-1.5814263505632287,55.14054512425484,228.13578567504882,247.0871928113148,209.18437853878285,0.16614146772448846,-0.03439616210625207,-0.03500163458601408,0.31151841674873865,7184025.0,1.2822477650063857,1
2021-01-07,233.79005432128906,234.3470889993711,228.00101288156335,228.2397420293128,7107900,229.03597259521484,210.6221209716797,176.21838569641113,230.8489348367567,225.03339485048525,5.81553998627146,7.213308075103335,-1.3977680888318744,54.793970215746675,229.03597259521484,247.21198237635502,210.85996281407466,0.15871751127289885,0.03619449285955634,0.035554860637811395,0.3326900983483951,7268440.0,0.9779127295540722,1
2021-01-08,241.1706085205078,241.61821239263017,234.81358931452633,236.1673440115553,6767700,230.61055450439454,211.45825073242187,176.9482336807251,232.4368846342569,226.22874401122766,6.208140623029237,7.012274584688516,-0.8041339616592786,56.60773021038372,230.61055450439454,247.1043460876841,214.116762921105,0.14304455074691946,0.031569153874595246,0.03108109333197129,0.32278918211835883,7216450.0,0.937815684997471,0
2021-01-11,236.23696899414062,239.55920314704508,232.84509981773792,236.77409058232251,5073100,231.71266174316406,212.3572442626953,177.62894428253173,233.02151299731594,226.97009400996197,6.051418987353969,6.820103465221607,-0.7686844778676374,50.9273990201793,231.71266174316406,246.4389507719091,216.98637271441902,0.12710819441596177,-0.020457051365559198,-0.020669195050453275,0.3323559860364436,7142265.0,0.7102928832800239,1
2021-01-12,236.376220703125,237.53005542099842,232.5864848585635,236.3563228141569,4136600,232.88539199829103,213.2047134399414,178.345910987854,233.53762187513271,227.66684413538144,5.870777739751276,6.630238320127541,-0.7594605803762651,49.92788815142603,232.88539199829103,244.77294840839238,220.99783558818967,0.10208932649746093,0.0005894577363454445,0.000589284074374886,0.3302747249974429,7134925.0,0.5797678321776333,1
2021-01-13,243.59762573242188,246.1241266156541,235.28208326383356,235.31193768849093,7354900,234.08448181152343,214.3738626098633,179.08132915496827,235.0853147762541,228.8469020314585,6.238412744795596,6.551873205061153,-0.3134604602655564,51.23748766066713,234.08448181152343,245.1456116851442,223.02335193790267,0.09450545194641984,0.030550471649881228,0.03009309797518476,0.32936011275713734,7014700.0,1.0484981538768585,0
2021-01-14,240.77272033691406,248.5213015470524,240.25548145180284,245.5571382856757,6976700,235.1020408630371,215.4540872192383,179.8090385055542,235.96030024712488,229.7302959800108,6.230004267114083,6.487499417471739,-0.2574951503576557,52.34934964429137,235.1020408630371,244.4885242031742,225.7155575229,0.07985029228738473,-0.01159660479864777,-0.011664369825673846,0.33483555804888515,7038130.0,0.9912718293069324,0
2021-01-15,238.51478576660156,243.26241306568485,233.7840815389575,240.9617101202892,8373300,235.57899017333983,216.64730773925783,180.54714225769044,236.35329801935205,230.38099892716565,5.972299092186404,6.384459352414672,-0.41216026022826835,51.00470878924852,235.57899017333983,244.61773965005267,226.540240696627,0.07673646508172986,-0.009377867090395342,-0.009422116144422822,0.3125554838732497,6951295.0,1.2045669188259167,1
2021-01-19,245.9351348876953,247.4172165942462,239.71837212511454,242.00614385727297,7436800,236.16286926269532,217.70087524414063,181.31170467376708,237.82742676832794,231.53315714646413,6.294269621863805,6.366421406304499,-0.07215178444069448,59.323410524256154,236.16286926269532,246.28585461470624,226.0398839106844,0.0857288479227497,0.031110646232032524,0.030636518609233526,0.3208628691207808,6877430.0,1.0813341611619456,0
2021-01-20,242.96102905273438,248.3223646285687,242.8416720650621,247.52663114056244,5803200,236.55129318237306,218.49065307617187,182.06701648712158,238.61721173515969,232.37966617655823,6.237545558601454,6.340646236763891,-0.10310067816243684,61.012146379669936,236.55129318237306,247.1045311448175,225.9980552199286,0.08922578964138882,-0.01209304980485626,-0.012166765633909974,0.32500954909051893,6590855.0,0.8804927433542385,1
2021-01-21,247.31771850585938,249.03851402311378,242.28463028631072,245.3581938575564,10336600,237.09438858032226,219.4039697265625,182.79795848846436,239.95575123834425,233.48618857132126,6.469562667022984,6.36642952281571,0.10313314420727426,63.38906971552119,237.09438858032226,248.69311078466285,225.49566637598167,0.0978405459006568,0.01793163895506633,0.017772763570042937,0.32984970876020553,6699885.0,1.5428026003431403,1
2021-01-22,250.6598663330078,253.03715572802864,244.890707643783,245.3383115124205,7800500,237.5176254272461,220.74241394042969,183.55252426147462,241.6025381759848,234.7583128499647,6.84422532602008,6.4619886834565845,0.38223664256349554,63.76855721921986,237.5176254272461,250.44203103024907,224.5932198242431,0.10882902335988408,0.013513580213094345,0.013423086142391608,0.32254006634244065,6773325.0,1.1516500389395163,0
2021-01-25,246.43246459960938,253.0371524483721,240.9318743739183,252.4502937131506,8499400,237.93091583251953,222.02336517333984,184.2621801376343,242.34560377961932,235.62306483141987,6.722538948199457,6.51409873640516,0.20844021179429717,61.88258611414085,237.93091583251953,251.45732799048062,224.40450367455844,0.1137003328099017,-0.01686509210765408,-0.017008927262491823,0.3227179522719537,6877230.0,1.2358754905681502,0
2021-01-26,239.71835327148438,247.4370798464822,238.75351055240435,245.5869707867418,7883000,238.04828796386718,222.99138977050782,184.93438621520997,241.9414113937524,235.9264195306839,6.014991863068502,6.414277361737829,-0.39928549866932705,54.327114137471064,238.04828796386718,251.59496341783372,224.50161250990064,0.1138145169607165,-0.02724523872710416,-0.027623272477285465,0.33863204462752294,7118690.0,1.107366664372237,0
2021-01-27,228.71717834472656,234.1481334901237,223.80344690427216,233.45185913528337,11787000,237.76032791137695,223.8038458251953,185.550890083313,239.90691400159457,235.39240166505743,4.514512336537138,6.034324356697692,-1.519812020160554,52.119969708294896,237.76032791137695,251.86024677170224,223.66040905105166,0.11860615254182277,-0.04589208450926918,-0.04697849496828777,0.3748495399282016,7354065.0,1.6027870300303302,1
2021-01-28,236.52542114257812,240.27039818695098,230.9751090552779,233.750265098928,8295500,238.09653015136718,224.78201599121093,186.18751136779784,239.38668433097666,235.47632903376268,3.9103552972139823,5.6095305448009505,-1.6991752475869681,51.88381179725512,238.09653015136718,251.7096513535062,224.48340894922816,0.11434959756435446,0.03413929314081887,0.03356947991541512,0.3875055291124751,7353035.0,1.1281736045048065,0
2021-01-29,233.06393432617188,239.58904574312544,231.42271511599859,237.38085051416775,9805800,238.23578567504882,225.62490936279298,186.815951461792,238.4139535610067,235.2976331294967,3.116320431510019,5.110888522142764,-1.994568090632745,44.09847242923497,238.23578567504882,251.56623142944778,224.90533992064985,0.1119096840688876,-0.014634734819136686,-0.014742878954822448,0.39182149803023886,7542445.0,1.3000824003357,1
2021-02-01,240.56385803222656,242.84167323122315,234.14814671645232,237.10235359667445,7788200,238.61625289916992,226.6106396484375,187.4801007461548,238.74470809504052,235.68772386303223,3.05698423200829,4.700107664115869,-1.6431234321075792,53.036450426105546,238.61625289916992,251.74486130354984,225.48764449479,0.11003951528756563,0.03217968377534808,0.03167276408901842,0.40583451916736163,7681720.0,1.0138614789396125,1
2021-02-02,247.77529907226562,248.85949883939168,239.2508668130091,242.31448927841993,7082800,239.47068557739257,227.78396697998048,188.16270133972168,240.13402978384437,236.58309980445694,3.5509299793874334,4.4702721271701815,-0.9193421477827481,57.277123540727544,239.47068557739257,252.65057498597275,226.2907961688124,0.11007517998958315,0.029977242213470756,0.029536707059069748,0.4150856830677083,7628425.0,0.9284747506857576,1
2021-02-03,250.56039428710938,252.96255986028928,246.07438384945178,252.60945199360557,13545700,240.31566772460937,228.9974792480469,188.85763595581054,241.73808586126975,237.61845495132007,4.119630909949677,4.400143883726081,-0.2805129737764034,54.7118952658831,240.31566772460937,254.0811199781001,226.55021547111863,0.11456142151551522,0.01124040703521234,0.011177703101033068,0.41465244286338304,8053320.0,1.6820019569568825,1
2021-02-04,268.9918518066406,273.47787743759187,259.46281139637085,263.92892395950753,23840900,242.48407440185548,230.54440887451173,189.66775470733643,245.93097292978834,239.94241027393642,5.988562655851922,4.717827638151249,1.270735017700673,65.76636437775186,242.48407440185548,259.7284288641915,225.2397199395194,0.1422308207652264,0.07356093756146964,0.0709811020367129,0.4575380487898241,8784780.0,2.713886972695958,0
2021-02-05,268.00714111328125,268.564160647683,263.3022839636607,267.18153799084746,7978600,244.19492874145507,231.90951049804687,190.4349032974243,249.32730649647954,242.02127922499898,7.306027271480559,5.235467564817111,2.070559706663448,66.7155469095527,244.19492874145507,264.3511468583008,224.03871062460934,0.1650830197066576,-0.003660745434278856,-0.003667462360494697,0.44814884381947806,8828315.0,0.903751168824402,1
2021-02-08,280.66943359375,281.1956121156699,273.1635428150441,275.40755730869404,10065500,246.16986999511718,233.42480926513673,191.26511470794676,254.14917220375193,244.88410547453609,9.265066729215846,6.041387397696858,3.223679331518988,68.58238504963174,246.16986999511718,272.01569830143654,220.32404168879782,0.20998368571126935,0.04724610108473426,0.04616395783471969,0.46266269604029914,8993205.0,1.1192339104913098,1
2021-02-09,282.6886291503906,285.3643260888495,275.0395223419761,278.8889367244762,8697000,248.4924530029297,234.81219177246095,192.08085342407227,258.5398578878502,247.68444056163642,10.855417326213768,7.00419338340024,3.8512239428135278,71.47313157491911,248.4924530029297,278.58040094985716,218.40450505600222,0.24216387727938554,0.007194212532467104,0.00716845763584723,0.45034411644393724,9174400.0,0.9479638995465643,0
2021-02-10,281.6740417480469,284.55861347978873,276.92046472207204,283.5838445462257,9364500,250.7573440551758,236.24035614013673,192.88977855682373,262.0989630971112,250.20218879766685,11.89677429944436,7.982709566609065,3.9140647328352944,69.26596210017311,250.7573440551758,283.69020086001177,217.8244872503398,0.262667136860323,-0.003589063364143996,-0.0035955195043532004,0.45166985382676045,9435795.0,0.9924441978656806,1
2021-02-11,283.51422119140625,300.49345093207944,280.10246907292367,285.80197774568455,21371100,252.753173828125,237.6510144042969,193.7297378540039,265.3936181885412,252.66974675275867,12.723871435782542,8.93094194044376,3.7929294953387807,68.73937222659609,252.753173828125,288.57086050858265,216.93548714766737,0.2834202723390059,0.0065330103971930065,0.006511762775185815,0.4445915700570405,10136605.0,2.108309438909773,1
2021-02-12,296.78326416015625,297.74810691656864,287.7814041817361,291.08375571453774,11882200,255.5537010192871,239.2789111328125,194.59904014587403,270.22279449186664,255.9374147088622,14.28537978300443,10.001829508955895,4.283550274048535,76.03374756450626,255.5537010192871,295.89974436207297,215.2076576765012,0.31575393494098436,0.046802036642076494,0.04573983726049423,0.45858585751487324,10381880.0,1.14451332513957,1
2021-02-16,303.16912841796875,307.4960010910974,296.59426476202657,304.7705518311872,13597700,258.78641815185546,241.11370178222657,195.50315635681153,275.2914612497285,259.436060168796,15.855401080932495,11.172543823351216,4.682857257581279,82.91879432781319,258.78641815185546,303.5076843892772,214.06515191443373,0.345622977873432,0.021516928442320893,0.02128870727950658,0.45354869148244026,10643100.0,1.2776070881604045,0
2021-02-17,295.6195068359375,299.8966273559477,289.0148036894682,296.0472128168813,9879800,261.27063674926757,242.7581103515625,196.38141090393066,278.418852878376,262.11631547747317,16.30253740090285,12.198542538861542,4.103994862041308,85.99874446021396,261.27063674926757,308.4389902248798,214.1022832736554,0.36106892119590184,-0.024902342865276372,-0.025217651836265217,0.4663791075102424,10765250.0,0.9177492394510114,0
2021-02-18,289.26348876953125,291.4120056716396,283.51422765052115,289.58179431546307,9715500,263.58575973510744,244.21114196777344,197.21271644592287,280.0872584000922,264.1272172028108,15.960041197281384,12.950842270545511,3.0091989267358734,78.82777909191515,263.58575973510744,311.50941963628463,215.66209983393028,0.3636285962438823,-0.021500672044398317,-0.02173517895707317,0.47333919418914,10960865.0,0.8863807737801715,0
2021-02-19,285.3941955566406,292.37685282560784,283.94193786501677,290.56652415596477,9413800,265.4895835876465,245.58360504150392,198.0158726119995,280.9037102703304,265.70254893272414,15.201161337606266,13.400906083957663,1.8002552536486025,78.47789969183063,265.4895835876465,313.7164256426747,217.26274153261826,0.3633049658922458,-0.013376362254876373,-0.013466631676557327,0.4786752613681562,10914725.0,0.8624862284665898,0
2021-02-22,272.3936462402344,283.484343429672,271.83662680086536,279.92339555975707,13132500,266.57627258300784,246.71575164794922,198.73970260620118,279.5944696503156,266.1981857703175,13.396283879998123,13.399981643165756,-0.003697763167632928,66.3431921731823,266.57627258300784,314.3736786063445,218.77886655967114,0.35860210333200826,-0.04555295629278522,-0.04662311801839307,0.5136561699508033,11181325.0,1.174503021779619,0
2021-02-23,263.5907287597656,265.82876324923535,251.2168823095636,258.30896979304,20440300,267.43418579101564,247.79398681640626,199.3300961303711,277.13235566715406,266.0050408065729,11.12731486058118,12.945448286648842,-1.8181334260676625,57.989945348181784,267.43418579101564,314.3164173652543,220.55195421677698,0.35060761910875843,-0.032316897262372746,-0.032850618508796295,0.525045812429257,11778370.0,1.735409908162165,1
2021-02-24,264.655029296875,267.23720149725557,257.7220950070787,264.68984680717693,10840000,268.68101959228517,248.80319091796875,199.93242568969725,275.2127669948035,265.90503995400263,9.307727040800842,12.217904037479244,-2.910176996678402,57.24659670272185,268.68101959228517,313.75101597350726,223.61102321106307,0.3354907350702656,0.0040377009544951825,0.004029571316014859,0.5120258177620765,11926220.0,0.9089216868379084,0
2021-02-25,252.58953857421875,264.5854005465139,250.08293579298564,261.3626407197135,13403300,269.87463760375977,249.59654937744142,200.47940124511717,271.73227031471356,264.91870651846307,6.813563796250492,11.137035989233492,-4.323472192983001,40.97624349037252,269.87463760375977,311.6308962598032,228.11837894771634,0.30944929858397113,-0.045589500999513866,-0.046661407629760586,0.5116243715479941,12007035.0,1.1162872432702995,1
2021-02-26,258.4681396484375,260.46742994965723,251.7679536353213,256.08090877284997,11915200,270.9717735290527,250.3735955810547,201.0703419494629,269.69163482759416,264.44088675031304,5.250748077281116,9.959778406843018,-4.709030329561902,45.02025202233458,270.9717735290527,310.10956846135247,231.83397859675296,0.2888699027399142,0.02327333549679622,0.02300664140451075,0.5049577486401462,12188020.0,0.9776157242931994,1
2021-03-01,272.1748352050781,273.0799994500472,264.3068970959946,267.4650002422468,10558500,272.92731857299805,251.40866149902342,201.7163879394531,270.0736656548994,265.01377182103636,5.059893833863043,8.979801492247024,-3.9199076583839805,45.61330738257149,272.92731857299805,307.7618240577973,238.0928130881988,0.25526580238967395,0.053030503393122874,0.051672200816908695,0.526849194908545,12225655.0,0.8636347091423732,0
2021-03-02,267.7584533691406,276.0242584644644,267.4799436198564,274.4924396657581,8484900,274.28704833984375,252.18431457519532,202.33697006225586,269.71747914939806,265.2170815653404,4.50039758405768,8.083920710609155,-3.5835231265514746,42.47619205801135,274.28704833984375,305.7636878224307,242.8104088572568,0.2295160465877132,-0.01622626806262173,-0.016359355589910276,0.5257736879047264,12260490.0,0.6920522752353291,0
2021-03-03,253.70358276367188,266.23658175176956,251.903210812742,263.6106067605195,10841800,274.5834625244141,252.57323516845702,202.88180709838866,267.25380278236327,264.3642298022538,2.889572980109449,7.045051164509213,-4.155478184399764,37.542088823524615,274.5834625244141,305.10609756216513,244.06082748666302,0.2223195436253718,-0.052490856697966715,-0.05391869214912557,0.5562612397611005,12448440.0,0.8709364386220282,0
2021-03-04,237.7986297607422,253.44497315620742,231.0347892180684,250.4211314182391,18878800,273.9453742980957,252.6253567504883,203.34348876953126,262.7222377021139,262.3964075769567,0.32583012515721066,5.7012069566388135,-5.375376831481603,31.90550718104501,273.9453742980957,307.01029104666804,240.88045754952338,0.24139788330641782,-0.06269108551669667,-0.06474236646376114,0.5997558294955262,12715095.0,1.48475493104849,0
2021-03-05,237.7787322998047,242.45174633733654,221.903601090967,241.82708009915027,16830200,272.3847183227539,252.65181518554687,203.80929832458497,258.88477533252785,260.5728760749454,-1.6881007424175323,4.223345416827544,-5.911446159245076,23.9092219391559,272.3847183227539,309.1711491304204,235.59828751508732,0.27010642178595057,-8.367357270944176e-05,-8.367707353811266e-05,0.5296796046194968,12364560.0,1.3611644894763744,0
2021-03-08,224.8876495361328,240.04660866651977,224.4499870281016,237.72899778727646,13340300,270.2287437438965,252.3056655883789,204.1830500793457,253.65444828692864,257.92952596095927,-4.275077674030626,2.52366079865591,-6.798738472686536,17.268339951860696,270.2287437438965,312.7090572484065,227.74843023938644,0.3144026273146564,-0.05421461641665282,-0.05573960291657312,0.5569007372820615,12632645.0,1.0560179598175996,1
2021-03-09,240.47430419921875,243.14005973345772,234.78472219714612,239.69845348781266,12071200,268.21898727416993,252.35181854248046,204.64826278686525,251.62673381189637,256.6365465712007,-5.009812759304339,1.0169660870638604,-6.026778846368199,28.39437636201069,268.21898727416993,312.38917766273954,224.04879688560032,0.3293591616123688,0.06930862897645085,0.0670122984911577,0.5904985297361645,12732930.0,0.9480300292234387,1
2021-03-10,240.78268432617188,248.63072487184314,239.98693567312466,247.9841724510234,9508000,266.12369003295896,252.42005401611328,205.10188758850097,249.9584185064003,255.46218640490227,-5.5037678985019625,-0.2871807100493041,-5.2165871884526585,30.06055063650841,266.12369003295896,311.366548004762,220.8808320611559,0.3400137580100427,0.0012823828640653456,0.001281561313446938,0.5889791056616399,12773480.0,0.7443547099146043,1
2021-03-11,252.48013305664062,253.56433279046502,245.2189514448293,245.80581018027814,9234200,264.6639945983887,252.78012908935546,205.63319694519043,250.34637459105267,255.2412935642903,-4.894918973237623,-1.2087283626869678,-3.686190610550655,37.28187238052876,264.6639945983887,309.6776087523042,219.65038044447317,0.3401566897848791,0.04858093829796761,0.04743776275148077,0.6215925385301047,12766965.0,0.7232885811154022,0
2021-03-12,249.01864624023438,250.21027334052656,243.00379188721215,248.16321910808176,7609700,262.93921585083007,253.1644744873047,206.15237121582032,250.14210869092676,254.78035672547134,-4.638248034544574,-1.894632297058489,-2.7436157374860852,40.24897232240495,262.93921585083007,307.5533971677914,218.32503453386875,0.33934977080232653,-0.013709937389924098,-0.013804786496168875,0.6208809133701708,12078895.0,0.6299996812622347,0
2021-03-15,248.65060424804688,250.6598661550616,245.47756621234365,250.08096049755758,7052100,260.53258285522463,253.53191009521484,206.655630569458,249.91264646894524,254.32630098640286,-4.413654517457616,-2.3984367411383145,-2.015217776319301,43.2958401337003,260.53258285522463,302.578739816676,218.4864258937733,0.32277081431166693,-0.001477969612895702,-0.001479062887334402,0.5895520674704335,11837390.0,0.5957478802337339,0
2021-03-16,247.98416137695312,253.42507300797655,246.23352656054078,252.07230491149895,7370400,257.7733345031738,253.8325030517578,207.12462310791017,249.6159564547926,253.85651286718436,-4.240556412391754,-2.7668606753890024,-1.473695737002752,42.49238753925798,257.7733345031738,295.00587709425656,220.5407919120911,0.28887815462250077,-0.002680238293042425,-0.002683836562614202,0.5795719240893198,11526025.0,0.6394572283159199,1
2021-03-17,250.1326904296875,253.1077816998208,241.6082581769211,244.53262576338872,6340100,255.49899368286134,254.22142395019532,207.60674552917482,249.6954539893918,253.58067416811053,-3.8852201787187255,-2.990532576054947,-0.8946876026637787,48.785055332455016,255.49899368286134,288.28968472488026,222.70830264084245,0.25667961011792023,0.008663976928221961,0.008626660066827475,0.5798842088207213,11349040.0,0.5586463700894525,0
2021-03-18,237.14215087890625,245.955034437706,236.5353942220789,245.14934440666258,9318900,252.89292678833007,254.29105194091798,208.00919387817382,247.76417658777865,252.3630057763176,-4.598829188538957,-3.312191898551749,-1.2866372899872083,40.14705604507812,252.89292678833007,282.51667471713074,223.2691788595294,0.23427897573106563,-0.05193459330911765,-0.05333178470745444,0.5992396406713999,11329210.0,0.8225551472697566,1
2021-03-19,239.9968719482422,241.85692243296558,235.86894771581714,238.35565271791484,10555100,250.62306060791016,254.57851501464845,208.42944702148438,246.56920664323457,251.44699586312683,-4.877789219892264,-3.6253113628198523,-1.252477857072412,33.4763523429673,250.62306060791016,276.4784092584989,224.76771195732138,0.20632856839170466,0.012038016264741103,0.01196613563870205,0.6036692146209455,11386275.0,0.9270020265626818,1
2021-03-22,243.08535766601562,245.63671945130724,239.56916829399466,240.7428857810867,5790200,249.15764617919922,254.76442108154296,208.87598457336426,246.03322987750857,250.82761525593338,-4.794385378424806,-3.859126165940843,-0.9352592124839632,37.15498671947315,249.15764617919922,273.0665975249985,225.24869483339995,0.1919182630951929,0.01286885821761663,0.0127867580682777,0.590871112826801,11019160.0,0.5254665509893676,0
2021-03-23,242.47364807128906,245.52731407862376,240.9617271024745,244.2441809096778,5093200,248.1017921447754,254.7904818725586,209.3125008392334,245.48560190732098,250.20880287188567,-4.723200964564683,-4.031941125665611,-0.6912598388990716,43.20208484238525,248.1017921447754,271.1776199477017,225.02596434184912,0.1860190335865112,-0.002516439495162892,-0.0025196110508318628,0.5820116033827781,10251805.0,0.496810073933322,0
2021-03-24,233.024169921875,243.66726490441022,232.5168723587239,243.18982176642422,6097300,246.5202491760254,254.72622589111327,209.70132209777833,243.56845852494467,248.93586709781079,-5.367408572866111,-4.299034615105711,-1.0683739577604001,46.86480293685439,246.5202491760254,269.15066724875845,223.88983110329232,0.18359885768713494,-0.03897115511140348,-0.03975085496948409,0.5944869322713858,10014670.0,0.6088368363610583,0
2021-03-25,232.99432373046875,234.08846485481334,226.31005928729982,231.39288505809196,8846600,245.54048843383788,254.65858795166017,210.0861646270752,241.94166855656377,247.75501203356322,-5.813343476999449,-4.601896387484459,-1.2114470895149907,46.85868044361242,245.54048843383788,268.75373745615656,222.32723941151923,0.18907878835285113,-0.0001280819556883639,-0.00012809015888251194,0.5756076657350675,9786835.0,0.9039285938712567,1
2021-03-26,239.74819946289062,240.02670920660805,231.06462991720636,232.376615708292,8217600,244.60449142456054,254.58159942626952,210.48960762023927,241.60421177292176,247.161914806106,-5.557703033184254,-4.793057716624418,-0.7646453165598359,60.61230738720008,244.60449142456054,267.1221596028317,222.0868232462894,0.18411491994386295,0.028987297305297588,0.0285751120772687,0.5794644483754957,9601955.0,0.8558257146591501,0
2021-03-29,234.4167022705078,241.90665642529305,232.36765980382663,240.2952764617171,7510900,242.71658477783203,254.4544790649414,210.90056045532228,240.49844108024269,246.2178249886543,-5.719383908411601,-4.978322954981855,-0.7410609534297459,44.93176623907847,242.71658477783203,261.52782955280196,223.9053400028621,0.15500584595147138,-0.022237902951208754,-0.022488893089845176,0.5431906426641939,9449575.0,0.794839979575801,1
2021-03-30,235.28207397460938,237.09240250274613,231.392878883456,235.62027739015375,6242000,241.09276580810547,254.38982482910157,211.30479919433594,239.69592306399142,245.40776935798428,-5.711846293992863,-5.1250276227840565,-0.5868186712088068,45.4402845863081,241.09276580810547,256.0050703342568,226.18046128195414,0.12370594759380361,0.0036915957596868054,0.003684798543307684,0.5432472266115818,9337430.0,0.6684922939181338,1
2021-03-31,241.54856872558594,243.9258580540759,236.00819798144636,236.8437272032056,7633400,240.48501510620116,254.30209350585938,211.72898124694825,239.9809454734675,245.1219026444733,-5.140957171005795,-5.128213532428404,-0.01274363857739047,40.041667558603,240.48501510620116,254.17387156939915,226.79615864300317,0.11384373747489276,0.02663396596738954,0.026285456479644278,0.5255319528166349,9177010.0,0.8317959771210884,1
2021-04-01,246.2235870361328,251.30542635244893,244.73156396684524,246.72092805922867,6990100,240.9062629699707,254.36734466552736,212.15828605651856,240.9413518677237,245.20350889570733,-4.262157027983619,-4.9550022315394475,0.6928452035558283,47.508862193134746,240.9062629699707,254.76451762463142,227.04800831530997,0.11505101182353385,0.019354361465324876,0.019169447924859674,0.4782895374971687,8582575.0,0.8144525390107281,1
2021-04-05,249.68508911132812,250.42114410482137,244.3933733906213,249.17779155890076,5744400,241.50158081054687,254.41469207763672,212.59191772460937,242.28654221289364,245.53547780056812,-3.248935587674481,-4.613788902766454,1.364853315091973,50.87381608978514,241.50158081054687,255.80977925943006,227.19338236166368,0.11849362145672813,0.014058369130522497,0.013960466757382625,0.4800358053633093,8028285.0,0.7155201889320073,1
2021-04-06,251.84353637695312,253.64390835686726,248.1731573923074,250.31171760739645,5580400,242.8493751525879,254.43836547851564,213.01535385131837,243.75684900736434,246.00274139881884,-2.245892391454504,-4.140209600504064,1.89431720904956,53.179815573512876,242.8493751525879,255.5569685669522,230.14178173822359,0.10465411662171117,0.008644678275772533,0.008607526998221208,0.4301393178740525,7640290.0,0.7303911238971296,1
2021-04-07,254.24072265625,257.8414666023715,249.73481445680363,251.72914152549532,7243200,243.53769607543944,254.59453063964844,213.46912773132325,245.36975264565444,246.61296223270264,-1.2432095870481987,-3.560809597812891,2.3176000107646924,53.37087711618874,243.53769607543944,257.1619008625606,229.91349128831826,0.11188579843426691,0.009518553915589978,0.009473537913982439,0.36012644643186537,7398890.0,0.9789576544589796,1
2021-04-08,263.0933837890625,263.59072477921194,256.7970602100958,258.77646763719946,9059100,244.653231048584,255.06203125,213.93782188415528,248.0964651292557,247.8337341998404,0.2627309294153122,-2.7961014923672507,3.058832421782563,72.84588531197393,244.653231048584,260.7557742153257,228.5506878818423,0.13163564689275659,0.03481999673507019,0.03422749539415692,0.3772339877910553,7376445.0,1.228111915699229,1
2021-04-09,265.351318359375,265.5204276634422,259.9899979186925,261.58149526260536,6689700,245.2967903137207,255.79471405029298,214.40522300720215,250.75105793388946,249.13133302647256,1.6197249074168951,-1.9129362124104214,3.5326611198273166,72.55753387575815,245.2967903137207,263.5955021510475,226.99807847639386,0.14919650447870778,0.008582255234980796,0.008545637044468684,0.340465181368112,7249220.0,0.9228165237087577,1
2021-04-12,267.59930419921875,268.89237869070433,261.19354952434566,263.97867740988715,6681200,246.22582321166993,256.41619171142577,214.90768669128417,253.3430958208632,250.49933089112042,2.8437649297427754,-0.9615959839797822,3.8053609137225575,72.14088282054504,246.22582321166993,267.0346848480873,225.41696157525257,0.16902257744533045,0.008471734204083425,0.008436050457707353,0.33534228873705724,7202795.0,0.9275843613486153,1
2021-04-13,273.9652404785156,275.3975849059212,269.558806753024,269.82438513210616,7284400,247.49155502319337,257.23421783447264,215.41959968566894,256.515733460502,252.23754641611268,4.278187044389341,0.08636062169404246,4.191826422695298,75.76495268427864,247.49155502319337,271.72005324640446,223.26305679998228,0.19579252488789403,0.023789061404126954,0.023510510674956752,0.34197673485338154,7214410.0,1.0097014170250929,0
2021-04-14,265.7889709472656,276.38232826495823,264.7843627604434,274.3730815360279,8507200,248.38179550170898,257.73872009277346,215.89873794555663,257.9423853815426,253.24135564064252,4.701029740900054,1.0092944455352448,3.6917352953648095,77.37699391790653,248.38179550170898,273.9574739379835,222.80611706543448,0.20593842946190094,-0.029844185769585585,-0.030298587157612595,0.3630964684654645,7271250.0,1.1699776517105036,1
2021-04-15,272.5428771972656,274.6515982515811,268.72330183100405,269.91690205811204,7542800,249.5023048400879,258.23407165527345,216.4241786956787,260.1886148916538,254.67109797817017,5.517516913483632,1.9109389391249223,3.60657797435871,79.70712534362261,249.5023048400879,277.27062915551613,221.73398052465967,0.2225897218322342,0.025410784450269785,0.025093297622737657,0.3709003191466886,7331385.0,1.0288369796430006,0
2021-04-16,268.434814453125,272.69205200812354,267.1616227643951,271.70732658594585,6061600,251.06693801879882,258.59156005859376,216.8998355102539,261.457260978034,255.69063253187053,5.76662844616348,2.682076840532634,3.084551605630846,72.44007325944366,251.06693801879882,279.423072386172,222.71080365142564,0.22588505353301438,-0.015073087898632598,-0.015187841475389409,0.315349535095207,7168520.0,0.8455859786957419,0
2021-04-19,266.4852600097656,267.0721187509789,262.4965754499236,265.70940925889045,5258200,252.391357421875,258.54142822265624,217.34982971191405,262.2307992906081,256.4902345672702,5.740564723337911,3.2937744170936893,2.446790306244222,76.48703441047823,252.391357421875,281.0432821201281,223.73943272362192,0.2270436277289881,-0.007262673611584836,-0.007289175218554843,0.3182059626609378,6903675.0,0.7616523083719903,0
2021-04-20,263.02374267578125,271.1303945564793,260.84538676093604,268.1861444624381,6208400,253.38827667236328,258.44176025390624,217.78361045837403,262.35279058063475,256.9741981308636,5.3785924497711335,3.7107380236291783,1.6678544261419552,71.97099662835805,253.38827667236328,282.0643248924914,224.71222845223517,0.22634076522180147,-0.012989526452072853,-0.01307462810756375,0.32339507175954524,6924585.0,0.8965735852762295,1
2021-04-21,263.4813537597656,264.58543631067397,257.8912149076918,260.01984915381234,4669100,254.43866195678712,258.0979986572266,218.22480186462403,262.52641568511643,257.45620965893045,5.070206026185986,3.98263162414054,1.0875744020454454,69.13067886441478,254.43866195678712,282.96999164304407,225.90733227053016,0.2242688235100262,0.0017398090352187534,0.0017382973206217364,0.32258380664249725,6903380.0,0.6763498460174581,0
2021-04-22,260.875244140625,266.7339358467618,258.0205115816525,263.7200505209281,5983200,255.83121566772462,257.66173095703124,218.6474919128418,262.2723892936562,257.70947147238934,4.562917821266865,4.098688863565805,0.4642289577010601,63.258294071172,255.83121566772462,282.6276792177885,229.03475211766073,0.20948548815768694,-0.009891059014053738,-0.009940300507666441,0.28511499876680085,6897675.0,0.8674227185247203,1
2021-04-23,264.615234375,266.3658842970771,259.58214620431204,259.58214620431204,6297500,257.41226119995116,257.3205548095703,219.06754600524903,262.6328269984783,258.2210094651753,4.411817533303008,4.161314597513245,0.250502935789763,63.44254664614326,257.41226119995116,282.1907787676408,232.63374363226157,0.1925201033717838,0.014336317141533605,0.014234523887024985,0.28573921119437,6770220.0,0.9301765673789035,1
2021-04-26,270.2749938964844,270.30483314223346,264.5058504462345,265.24190541156884,5327800,258.93860092163084,257.0557702636719,219.5076431274414,263.80854498278694,259.11389720082786,4.694647781959077,4.267981234402412,0.4266665475566649,65.61075493604875,258.93860092163084,282.88247163496754,234.99473020829413,0.18493859647124183,0.02138863824243642,0.021163111459371532,0.27901476325390623,6625730.0,0.8041076228581605,0
2021-04-27,267.39044189453125,272.3638522547958,266.60463455812885,270.6032455598779,4296200,260.58728790283203,256.46791381835936,219.9573390197754,264.3596060461322,259.72697458554666,4.632631460585571,4.340911279639044,0.29172018094652774,61.046127689944484,260.58728790283203,281.8077557514187,239.36682005424535,0.16286648530990033,-0.010672655876769355,-0.010730017165096417,0.26612673624983446,6464995.0,0.6645326098473394,1
2021-04-28,269.6483459472656,273.78622680519373,265.74920941642995,267.32874674131926,5530300,262.3056015014648,255.7974981689453,220.4525912475586,265.1732583386143,260.46189098271105,4.711367355903235,4.415002494891882,0.2963648610113534,56.19244485574996,262.3056015014648,280.2039172299457,244.4072857729839,0.13646918423418386,0.008444221254643614,0.008408768260482372,0.265940438851319,6429410.0,0.8601566862278187,0
2021-04-29,266.4255676269531,272.41354206610885,262.12853429755023,271.8068006443022,5663700,263.5494514465332,255.21361938476562,220.9278005218506,265.36592130605106,260.90364480821046,4.462276497840605,4.424457295481627,0.03781920235897829,50.996669745307145,263.5494514465332,278.6060992918307,248.49280360123578,0.11426051363534724,-0.011951782270315792,-0.012023779054989244,0.2633632268307079,6330925.0,0.8946086077468932,0
2021-04-30,260.8951416015625,264.73459942331704,260.2088086159685,263.5907212324219,6594500,264.2830291748047,254.64625244140626,221.37655128479003,264.6781090438221,260.90301494105137,3.7750941027707086,4.294584656939444,-0.5194905541687351,44.13709173787957,264.2830291748047,277.0393247773227,251.52673357228676,0.09653510966896456,-0.02075786522536116,-0.0209763383554689,0.2727755396525075,6311145.0,1.0448975582085342,0
2021-05-03,257.712158203125,264.386465987504,254.8176299127962,263.6504110141529,7522000,264.6843826293945,254.09261169433594,221.8205773162842,263.60642429909944,260.66665518268644,2.9397691164130038,4.023621548834156,-1.0838524324211525,34.94845949363297,264.6843826293945,275.9214399089006,253.44732534988844,0.08490910697394614,-0.012200240214892633,-0.012275274057351647,0.2746238516175548,6400025.0,1.1753079089534806,0
2021-05-04,248.82965087890625,255.43432352415803,245.33830737164556,254.37002168458943,9217300,264.5336883544922,253.62133178710937,222.19975006103516,261.3330745421467,259.7898400490731,1.5432344930735553,3.5275441376820362,-1.984309644608481,34.497216756038085,264.5336883544922,276.5496464151636,252.51773029382085,0.09084633519016456,-0.034466776368453966,-0.03507476690131188,0.30153523379470176,6581870.0,1.400407482979761,0
2021-05-05,246.08432006835938,253.5643329380202,244.93546357565478,253.5643329380202,9507300,264.12586822509763,253.27120361328124,222.54082641601562,258.9871123154102,258.77461634679804,0.2124959686121315,2.8645345038680556,-2.652038535255924,23.90113065780443,264.12586822509763,278.01966184658653,250.23207460360877,0.10520585291288537,-0.011032972963028853,-0.011094287614930917,0.30136614195988215,6695075.0,1.4200438381944938,1
2021-05-06,250.6797637939453,254.9459412037628,243.80650747910062,254.63859393427725,17998700,263.5051872253418,252.99169830322265,222.9209938812256,257.7090586967233,258.1749976391793,-0.4659389424560345,2.198439814603238,-2.6643787570592723,32.653110512206524,263.5051872253418,278.6463123512826,248.364062099401,0.11492088854397048,0.0186742646760647,0.01850204138720714,0.28030125123276545,7142055.0,2.5201010073431247,1
2021-05-07,252.01263427734375,257.264569245586,250.30178000853488,254.55901779064732,10170000,262.83825302124023,252.98016021728515,223.29370124816896,256.83268570912645,257.7185262790433,-0.8858405699168657,1.5815837376992172,-2.467424307616083,35.68761117445494,262.83825302124023,278.79034894902287,246.88615709345757,0.1213833659630476,0.005317024650198787,0.005302939181097577,0.2788612099151082,7316070.0,1.3900905814187126,0
2021-05-10,242.33438110351562,251.06768787044675,242.15533045070788,250.67478422975557,8909200,261.57500686645506,252.6574850463867,223.64069602966308,254.60217730826326,256.578959969745,-1.9767826614817068,0.8699104578630324,-2.846693119344739,31.780001967262805,261.57500686645506,279.78174257590945,243.36827115700066,0.1392085270497551,-0.038403841147015894,-0.03916070974641825,0.3031435196682922,7427470.0,1.1994932325542884,1
2021-05-11,247.2779541015625,249.22254407749588,232.36766528693815,233.75027267565866,9258200,260.2406425476074,252.1595474243164,224.01887420654296,253.47537373800162,255.8899965721018,-2.414622834100186,0.21300379947038878,-2.6276266335705745,36.77542991129538,260.2406425476074,278.5354913236889,241.94579377152593,0.14059947437099266,0.020399800373085197,0.020194511649558548,0.29912026074547393,7526160.0,1.2301359524644706,0
2021-05-12,238.6341552734375,245.18910581881966,237.54995556782617,239.30954518160445,8649800,258.88290176391604,251.57706146240236,224.32687751770018,251.1921093588379,254.61178610553407,-3.4196767466961546,-0.5135323097629199,-2.9061444369332348,33.47620179096465,258.88290176391604,279.34606110916485,238.41974241866725,0.15808814877940325,-0.03495580048585645,-0.03558137608672832,0.30525190259098023,7533290.0,1.1482101445716282,1
2021-05-13,239.51943969726562,244.37347776064277,236.5353935594533,240.63347873186964,7274000,257.231729888916,251.2933786010742,224.64781173706055,249.3963140262883,253.49383451973642,-4.0975204934481155,-1.230329946499959,-2.8671905469481564,30.529433185478013,257.231729888916,278.3720659540584,236.0913938237736,0.16436802780334875,0.003709797630660816,0.003702933303036796,0.2854697492756595,7519850.0,0.9673065287206527,1
2021-05-14,244.980224609375,245.80581249577259,240.98161387267155,242.72130565895083,6729700,256.0590003967285,251.43701049804687,224.9546213531494,248.71691565445548,252.86319674859854,-4.146281094143063,-1.81352017602858,-2.3327609181144835,30.314279349182442,256.0590003967285,277.1848138964752,234.9331868969818,0.16500738866444944,0.022798921536437255,0.022542910011613976,0.3012206382984478,7553255.0,0.8909668745461394,0
2021-05-17,243.06048583984375,244.9304927929307,239.3204871113122,243.84627791488896,5185100,254.88776168823242,251.54264556884766,225.2124925994873,247.84669568297676,252.1370700146167,-4.290374331639953,-2.3088910071508546,-1.9814833244890981,30.776460807074017,254.88776168823242,276.17647117444835,233.59905220201648,0.16704379484688917,-0.00783630096099519,-0.00786716611888833,0.3013000964753796,7549600.0,0.686804598919148,0
2021-05-18,241.91661071777344,246.11913297119514,241.36455432722087,242.20506181343373,4726800,253.83240509033203,251.88322479248046,225.44693908691406,246.9343749190993,251.37999895559128,-4.445624036491978,-2.7362376130190795,-1.7093864234728984,27.696007504751222,253.83240509033203,275.51200738780784,232.15280279285622,0.1708182396157073,-0.004706133611631302,-0.004717242324845201,0.2996043708391965,7475520.0,0.6323038397328882,1
2021-05-19,243.32907104492188,244.03528679019297,233.85969382330384,234.6057053494497,7210500,252.82479095458984,251.94032012939454,225.68347450256348,246.37971278461046,250.78363392517133,-4.403921140560868,-3.0697743185274375,-1.3341468220334307,30.86686699137269,252.82479095458984,274.4893950269256,231.1601868822541,0.17138037761674213,0.005838624817690707,0.005821646103980382,0.3009965019310914,7602590.0,0.9484267861347251,1
2021-05-20,250.20230102539062,251.5849083840476,244.04523225801273,245.67651011410902,8112900,252.29114379882813,252.12871246337892,225.95308303833008,246.96780328319204,250.74057222889127,-3.7727689456992266,-3.210373243961796,-0.5623957017374308,41.334832005302225,252.29114379882813,273.6443570506463,230.93793054700993,0.16927437824646602,0.028246645380074042,0.027855065667518105,0.3205647112879575,7709075.0,1.0523830680075106,0
2021-05-21,249.35684204101562,253.85280909361555,249.07833228513843,252.45129032699674,6842200,251.5282241821289,252.0662466430664,226.1907125854492,247.3353477074726,250.63807369645602,-3.3027259889834113,-3.228843792966119,-0.0738821960172924,42.96247572221588,251.5282241821289,272.10360366082693,230.95284470343086,0.163602947904563,-0.003379101554662367,-0.0033848236122328347,0.31478597846073686,7736310.0,0.8844268132998807,1
2021-05-24,255.80238342285156,256.2300893977946,251.08757009892528,252.77854164187593,6370100,250.80459365844726,252.20192138671874,226.4547013092041,248.63796858676167,251.0206151576705,-2.3826465709088325,-3.059604348554662,0.6769577776458293,56.12442131847848,250.80459365844726,269.53958137821866,232.06960593867583,0.14939907955023538,0.025848664624874118,0.025520235503709285,0.3196871471671395,7788425.0,0.8178932197459692,1
2021-05-25,257.27447509765625,258.9853292312961,255.9117657105382,257.1252788792279,6048100,250.2987953186035,252.37439880371093,226.75320518493652,249.96666189613006,251.48386404211388,-1.5172021459838163,-2.751123908040493,1.2339217620566765,60.05361320188767,250.2987953186035,267.6429965215548,232.95459411565224,0.1385879718747664,0.00575480046396315,0.005738304855473031,0.319472158488608,7876020.0,0.7679132353650702,1
2021-05-26,259.98004150390625,260.92500158971285,257.78180268174583,258.3985006934145,5405300,249.81538009643555,252.61431640625,227.09164573669435,251.50718183578795,252.11321052076516,-0.6060286849772183,-2.322104863427838,1.7160761784506198,58.649405216182984,249.81538009643555,265.3314082142712,234.2993519785999,0.12421995884997994,0.010516264410696197,0.010461353140911662,0.32043084823742823,7869770.0,0.6868434528582157,0
2021-05-27,258.0901184082031,259.25390960827445,254.91708066221454,258.4780285713715,7051200,249.39860763549805,252.77346496582032,227.44197257995606,252.5199413084672,252.55594443835315,-0.03600312988595533,-1.8648845167194616,1.8288813868335063,55.594192851011044,249.39860763549805,263.4109919269538,235.38622334404232,0.11236938669629754,-0.007269493014811834,-0.007296044534806054,0.31885745474768856,7939145.0,0.8881560923751864,1
2021-05-28,258.63720703125,261.7505666000877,258.4880107998156,259.68164136186306,4281800,249.28571090698242,253.2033660888672,227.78364570617677,253.46105911197225,253.0064083341233,0.4546507778489399,-1.4009774578057814,1.8556282356547213,68.038722687532,249.28571090698242,262.93989361998626,235.63152819397857,0.10954645305040145,0.0021197581155802947,0.002117514598262617,0.3106675364519967,7823510.0,0.5472991023210809,0
2021-06-01,257.89117431640625,262.01912863019265,255.15579899561385,259.6915461900324,5869600,249.29466171264647,253.56125213623048,228.11288528442384,254.14261529726977,253.36824285132946,0.7743724459403154,-0.9659074770565621,1.7402799229968775,62.94583264157166,249.29466171264647,262.97231721756447,235.61700620772848,0.10973083347194786,-0.0028844756073846956,-0.002888643724300154,0.30766061440107956,7740890.0,0.7582590632343309,1
2021-06-02,260.7757873535156,263.371892743816,258.1995343195744,259.09477238340133,6801800,249.89196853637696,253.91506072998047,228.4645551300049,255.163103305923,253.91694985149138,1.2461534544316066,-0.5234952907589284,1.7696487451905352,81.42289288956337,249.89196853637696,264.4961225063642,235.28781456638973,0.11688374024602795,0.011185388739089808,0.011123294878737781,0.2809208532412461,7620115.0,0.892611200749595,0
2021-06-03,256.4190673828125,259.5921052192721,254.78777442068355,257.02580879939296,4947100,250.4087059020996,254.19396911621095,228.77041984558105,255.3563285485214,254.1022918908485,1.2540366576728843,-0.16798890107256592,1.4220255587454502,71.83238134588211,250.4087059020996,265.1760291459388,235.64138265826037,0.11794576542887997,-0.016706765666081647,-0.016847897791325582,0.28523408622542823,7392105.0,0.6692410348608414,1
2021-06-04,261.6411437988281,262.05889321115933,257.77181651420113,258.1338943364862,4086100,250.95677490234374,254.76630859375,229.11094917297362,256.32322320241474,254.66072536551366,1.6624978369010819,0.19810844652216367,1.4643893903789182,71.65757432945996,250.95677490234374,266.55662183908083,235.35692796560662,0.12432297906926455,0.020365398210498542,0.020160796685569752,0.2865884607794423,6696475.0,0.6101867027055279,0
2021-06-07,259.2141418457031,261.54169414210435,258.80631857272493,261.08414890997926,3979800,251.3168502807617,255.2907049560547,229.4499368286133,256.76797991676676,254.99801547515733,1.7699644416094316,0.5124796455396173,1.2574847960698143,70.7248649986218,251.3168502807617,267.3458601683662,235.28784039315724,0.1275601685258865,-0.009276071484349946,-0.00931936215498421,0.289218842331284,6386965.0,0.6231128556364408,1
2021-06-08,261.75054931640625,263.14309797665265,259.1793049727295,260.18294173248376,4427000,252.28765869140625,255.730751953125,229.7730591583252,257.53452905517287,255.49820316710168,2.0363258880711896,0.8172488940459319,1.2190769940252577,74.56871768099681,252.28765869140625,268.37780895751337,236.19750842529916,0.1275540020432651,0.009784988784342419,0.009737425798755167,0.24861922279015797,6162855.0,0.7183359011367296,1
2021-06-09,262.19818115234375,266.77272269690343,261.85999291513116,263.5907298806561,4653000,253.0336700439453,256.28638153076173,230.10533271789552,258.25201399319917,255.99449783267517,2.2575161605240055,1.1053023473415466,1.1522138131824589,73.94594586220866,253.0336700439453,269.524382585711,236.54295750217958,0.13034401737050816,0.0017101466915983021,0.001708686055775485,0.2409796963730595,5932595.0,0.7843110814070403,1
2021-06-10,268.0369567871094,268.2159922598589,260.29833212698543,261.6709981286361,6055700,254.5038101196289,256.94147918701174,230.4564057159424,259.75738980764686,256.88653182929994,2.870857978346919,1.4584134735426213,1.4124445048042977,73.24343630234293,254.5038101196289,270.83111015923566,238.17651008002213,0.128306920292723,0.02226855887826762,0.022024235028867585,0.20408524119245988,5802890.0,1.0435662230371419,1
2021-06-11,270.0064392089844,270.4540278927742,266.97264091641006,267.32078568510354,4494600,256.02816009521484,257.51063659667966,230.8034503173828,261.33416663862187,257.85837682038766,3.4757898182342046,1.861888742480938,1.6139010757532666,76.14604311987722,256.02816009521484,272.1564989729532,239.89982121747647,0.1259887886687181,0.007347801756454331,0.0073209381730566,0.20397488676511663,5663920.0,0.7935493439172869,1
2021-06-14,273.4679260253906,273.50772180647874,269.1609661476749,270.4540406578129,5174200,257.4525451660156,258.05552337646486,231.15880043029784,263.2008988519709,259.014639724462,4.186259127508947,2.32676281948654,1.8594963080224072,74.19612645957903,257.4525451660156,274.4794393516311,240.42565098040018,0.13227209833669215,0.012820015798686413,0.012738535046898465,0.19605247910746787,5586145.0,0.92625594215689,0
2021-06-15,270.4441223144531,273.2690157478152,269.2405351551403,273.2690157478152,5371100,258.8217269897461,258.4707040405273,231.49475440979003,264.315240923122,259.86126806446134,4.453972858660677,2.7522048273213677,1.7017680313393093,67.30270665151612,258.8217269897461,275.37310393654116,242.270350042951,0.12789789434834273,-0.011057251776783295,-0.011118837585874326,0.19928426198487725,5595445.0,0.9599057805053932,0
2021-06-16,267.39044189453125,273.69672258871213,263.89909810793347,270.00646060087644,6874600,260.095418548584,258.7816421508789,231.81474380493165,264.7883487648773,260.4189846444665,4.369364120410808,3.075636685939256,1.2937274344715517,59.64777193459235,260.095418548584,275.008835253899,245.182001843269,0.11467650440393497,-0.011291354361073092,-0.011355585666056513,0.20501361740429758,5702835.0,1.20547061242347,1
2021-06-17,276.6310119628906,277.8863245158323,267.0323361956554,267.0721319773671,8071100,261.7605155944824,259.22944793701174,232.182626953125,266.61029694918705,261.61987555694236,4.990421392244684,3.4585936272003415,1.5318277650443428,70.26089299625428,261.7605155944824,276.22143910855823,247.2995920804066,0.11048972364096792,0.03455834098963129,0.03397461196335711,0.23019173663246517,5745865.0,1.4046797131502393,1
2021-06-18,281.87298583984375,284.8570317956239,273.3982758980454,273.8359383999827,14713400,263.34404983520506,259.6050399780273,232.55289733886718,268.958402932365,263.1201059482684,5.838296984096587,3.9345342985795906,1.9037626855169965,73.02840509716579,263.34404983520506,279.3314098996555,247.3566897707546,0.12141804665383552,0.01894933557795153,0.018772033257662014,0.220731317593189,6075890.0,2.4216040777565095,0
2021-06-21,281.594482421875,282.79306088470406,275.2533846234417,281.77251617354,7287800,264.95593185424804,259.92990325927735,232.9123754119873,270.90241516152037,264.4885782796467,6.413836881873692,4.430394815238411,1.9834420666352814,73.71149945598883,264.95593185424804,281.49648822209923,248.4153754863968,0.12485515045536064,-0.000988045793529846,-0.0009885342325348092,0.219533924508247,6098170.0,1.1950798354260377,1
2021-06-22,285.2250671386719,285.9312828682012,278.7297948100218,280.20193511670504,6049400,266.42706604003905,260.2824185180664,233.3190013885498,273.10590008108215,266.0246144914263,7.081285589655863,4.960572970121902,2.120712619533961,74.09807505122488,266.42706604003905,284.6843973951044,248.1697346849737,0.13705312772030157,0.012892954029396275,0.012810547451249684,0.20869418757213534,6082135.0,0.9946178438985652,1
2021-06-23,286.5877685546875,287.0154745228099,283.2655343686582,284.419369113463,4966700,267.8927307128906,260.53486907958984,233.79784126281737,275.180033692406,267.5478110887049,7.632222603701109,5.494902896837743,2.137319706863366,81.60040149088654,267.8927307128906,287.69724242773805,248.08821899804317,0.1478540433862879,0.004777635534232605,0.004766258854944988,0.2087096731849633,6028065.0,0.8239294035482364,1
2021-06-24,291.65069580078125,294.4358235669714,288.09970419069856,288.6368106058327,7160300,269.47626342773435,261.05210357666016,234.33128921508788,277.7139817090791,269.33320995626616,8.380771752812961,6.072076668032787,2.308695084780174,81.53885134593365,269.47626342773435,291.5513386206521,247.40118823481663,0.16383688056323084,0.01766623632134401,0.017512002210002556,0.21250162402317033,6115815.0,1.1707842699623845,0
2021-06-25,288.0599060058594,291.3125051359223,286.26946023784507,291.0439519305983,6616900,270.97475280761716,261.36244415283204,234.8037631225586,279.3056623701222,270.7203726266064,8.58528974351583,6.574719283129396,2.0105704603864334,79.59188273672743,270.97475280761716,293.8497704483576,248.0997351668767,0.1688350475734611,-0.012311953465643843,-0.01238837346552104,0.21732917168420704,6094100.0,1.085787893208185,1
2021-06-28,292.0883483886719,292.6951201625919,288.23893410109656,289.30325107228987,5058600,272.6473098754883,261.835514831543,235.3188094329834,281.2722294498991,272.3031856460186,8.969043803880481,7.053584187279614,1.9154596166008675,80.19807033009494,272.6473098754883,296.590820113571,248.7037996374056,0.17563723807887296,0.01398473823958879,0.01388785400995287,0.2188869773571672,6132940.0,0.8248246354929284,0
2021-06-29,291.2030944824219,293.6102077783814,289.9796247682595,291.4119691903527,4333200,274.3129058837891,262.3298715209961,235.8597174835205,282.800054839518,273.7031788931596,9.09687594635841,7.4622425390953735,1.6346334072630357,78.62196527057117,274.3129058837891,298.5669338572776,250.05887791030057,0.1768347566101289,-0.0030307744596235198,-0.003035376557502184,0.21896801966921722,6056120.0,0.715507618739391,0
2021-06-30,289.929931640625,291.1434449423537,287.9704068096849,289.9796536004577,4236000,275.7706130981445,262.867995300293,236.37953834533693,283.8969589627652,274.90516057815705,8.99179838460816,7.768153708197931,1.2236446764102284,73.74335993221753,275.7706130981445,300.1032405565504,251.4379856397386,0.17647005375258115,-0.004372078682954084,-0.004381664168159169,0.22120581919488605,5927830.0,0.7145953915682467,0
2021-07-01,287.46307373046875,290.34764521587704,284.2403140362468,288.78598732245393,5647400,277.3228134155273,263.34762969970706,236.8916999053955,284.44559200395037,275.8353763672172,8.610215636733187,7.9365660939049825,0.6736495428282048,68.72999771449227,277.3228134155273,300.38524311794777,254.26038371310685,0.16632190780399167,-0.008508462359153701,-0.008544865964562356,0.21206205096628694,5962845.0,0.9470982391794521,1
2021-07-02,288.6965026855469,290.8748587597606,287.3835454759099,289.39279224869057,4169400,278.67558135986326,263.9040548706055,237.4354428100586,285.09957826265753,276.78805239079713,8.311525871860397,8.011558049496067,0.29996782236433006,67.15985650658457,278.67558135986326,301.02804890936545,256.32311381036106,0.16041927635301273,0.004290738768884861,0.004281559796308934,0.2049916218834666,5967010.0,0.6987419159679639,1
2021-07-06,291.083740234375,292.95969679172083,287.9803070538998,288.49258282836206,5043500,280.26906127929686,264.433424987793,238.01658576965332,286.0202185659987,277.84699223106213,8.173226334936544,8.043891706584162,0.12933462835238174,73.59562361100936,280.26906127929686,301.28377812745333,259.2543444311404,0.14996101783217983,0.008269021365417517,0.008235020316586064,0.19811873444024755,6020195.0,0.8377635608148906,1
2021-07-07,295.54986572265625,297.71726345980386,290.3576244999653,293.33171394821915,6713900,281.9590270996094,264.9389224243164,238.61866676330567,287.4863181285614,279.1583161934024,8.328001935158966,8.100713752299123,0.22728818285984254,81.18529593870063,281.9590270996094,302.12222990299097,261.7958242962278,0.14302221858822348,0.015343095030609488,0.015226580036985083,0.20053635928877767,6134540.0,1.0944422890713892,0
2021-07-08,293.48089599609375,294.29156421042615,287.92062756113904,290.54660246885504,5912000,283.5231628417969,265.46073150634766,239.17489280700684,288.4085608774125,280.2192480306388,8.189312846773703,8.11843357119404,0.07087927557966367,72.18435121650171,283.5231628417969,302.0162173988908,265.030108284703,0.13045180768819822,-0.00700040827798587,-0.0070250260931274035,0.20542733639147304,6197490.0,0.9539345767399383,1
2021-07-09,298.61346435546875,299.2301623172171,293.4311798148289,294.8336850287814,5543300,285.05198822021487,266.0400338745117,239.73405319213867,289.9785460278827,281.58178257321885,8.39676345466387,8.174099547888005,0.222663906775864,72.10398728607302,285.05198822021487,303.20696752036247,266.89700892006726,0.12738012748833805,0.017488594417550463,0.017337428854146186,0.20097592811787374,6171870.0,0.8981556643286395,1
2021-07-12,301.35882568359375,301.8860059624963,296.9722741454251,300.7620103750486,5456000,286.61960754394534,266.7386990356445,240.33762634277343,291.7293582826075,283.0467487295429,8.682609553064594,8.275801548923322,0.40680800414127205,74.50059696839926,286.61960754394534,304.7188156959863,268.5203993919044,0.12629427768137547,0.009193695716469552,0.009151690952402005,0.2013086034229271,6219940.0,0.877178879539031,0
2021-07-13,299.5882568359375,306.18300297477043,297.1612304666325,300.582938778922,7235000,287.92562408447264,267.512561340332,240.92946197509767,292.9384195985044,284.2720456263129,8.666373972191536,8.353916033576965,0.31245793861457116,68.66590678884994,287.92562408447264,305.7971945590524,270.0540536098929,0.1241401874626937,-0.005875284533777725,-0.005892611920171278,0.20332343694409963,6322980.0,1.1442389506213841,0
2021-07-14,299.1506042480469,303.18901064172576,297.7381424859618,301.3985952272429,4848200,289.36094818115237,268.3413302612305,241.49394393920898,293.89414031381864,285.3741610797747,8.519979234043944,8.387128673670361,0.13285056037358345,66.72843434380377,289.36094818115237,305.8808632352199,272.8410331270848,0.11418206332200279,-0.001460846938771354,-0.0014619150159855617,0.19622089990569436,6296835.0,0.7699423599316164,0
2021-07-15,294.93316650390625,299.5783143972277,292.57577504496896,299.260008875229,4943500,290.7380844116211,269.26340057373045,242.01361557006837,294.053990496909,286.0822355556363,7.971754941272707,8.30405392719083,-0.3322989859181238,54.471560938944656,290.7380844116211,303.7702507316821,277.70591809156014,0.08964884216276463,-0.014098041870053035,-0.014198363268671157,0.1995604999575221,6200280.0,0.7973027024585987,0
2021-07-16,293.06317138671875,297.161256493906,292.87417937257584,295.64935073604937,4268900,291.5596923828125,270.20297760009765,242.51160316467286,293.901556787649,286.5993419134943,7.302214874154686,8.103686116583603,-0.8014712424289172,57.15098248751445,291.5596923828125,302.7951924974328,280.3241922681922,0.07707169686451938,-0.0063404029440098375,-0.00636058866773947,0.1697654535491217,6010170.0,0.7102794097338345,1
2021-07-19,293.281982421875,293.4998119432308,287.27409487488325,290.79527751810343,5681500,292.13014221191406,271.0550219726563,242.9981021118164,293.80623765445296,287.0943523215225,6.711885332930478,7.825325959852979,-1.1134406269225003,51.91450536519656,292.13014221191406,302.412973458326,281.8473109655021,0.07039897470732533,0.0007466343659658925,0.0007463557731903408,0.1589551469222269,5558575.0,1.0221144807796962,1
2021-07-20,296.48486328125,298.43443145084836,290.0194304501235,293.9434581228986,5424100,292.8746612548828,271.94446655273435,243.50106307983398,294.21833390472943,287.7899457259467,6.428388178782711,7.545938403638925,-1.1175502248562141,57.885341728667306,292.8746612548828,302.041262345384,283.70806016438166,0.06259743366821109,0.01092082381920001,0.010861622252684474,0.16155256307353044,5465390.0,0.9924451868942564,1
2021-07-21,300.1651611328125,300.2248396213916,294.62480574115835,294.91324165086263,5497100,293.62166595458984,273.1010821533203,244.04744178771972,295.1332304013576,288.7066283486775,6.426602052680096,7.322071133447159,-0.8954690807670636,64.25591169689675,293.62166595458984,302.5964963945472,284.64683551463247,0.06113193596105662,0.012413105380261191,0.012336694468996141,0.16115670419530922,5437775.0,1.0109097930679367,1
2021-07-22,302.0749816894531,302.95030671406766,300.26465314811725,300.41485110281945,3601500,294.3960266113281,274.1970227050781,244.57880088806152,296.2011921379877,289.69687674429053,6.504315393697141,7.158519985497156,-0.6542045918000152,70.67265139340914,294.3960266113281,303.4872735007416,285.30477972191466,0.06176202168255517,0.006362565693610156,0.006342410021853985,0.16153787650040224,5369515.0,0.6707309691843677,1
2021-07-23,306.88922119140625,307.8292029205642,302.5822616990089,304.1339631144677,4231100,295.1579528808594,275.5621240234375,245.160043258667,297.8455043000521,290.97038374037317,6.875120559678919,7.101840100333509,-0.22671954065458966,73.37075964701131,295.1579528808594,305.7162979891523,284.5996077725665,0.071543693844189,0.015937233447893995,0.01581156914547804,0.1595149161693752,5223055.0,0.8100814561592784,0
2021-07-26,305.1684265136719,308.5105738299832,303.60679883828624,308.0132328282625,3805900,296.01337890625,276.87510375976564,245.71801010131836,298.972107717532,292.02209061246936,6.9500171050626705,7.071475501279342,-0.12145839621667154,68.4086962140533,296.01337890625,306.9169353853157,285.1098224271843,0.07366934913113461,-0.005607217715415058,-0.005622997174221356,0.15283890027228303,5082505.0,0.7488236607735752,0
2021-07-27,298.8820495605469,304.7108713398082,293.321780985541,303.8753421268399,6938400,296.3530639648437,277.95314025878906,246.25225379943848,298.9582526164574,292.5302357197344,6.4280168967230225,6.942783780368079,-0.5147668836450565,54.157354194286796,296.3530639648437,307.1646709973086,285.5414569323789,0.07296436816153469,-0.020599696452684557,-0.020814829782055233,0.1682004405043023,5176495.0,1.340366406226607,1
2021-07-28,300.37408447265625,300.8216731642305,295.2017258757014,299.1406581379845,9185000,296.81161346435545,279.0994122314453,246.77301963806153,299.1760729020265,293.1112615532842,6.064811348742296,6.767189294042923,-0.7023779453006265,58.72581121194656,296.81161346435545,307.4805313185259,286.142695610185,0.07189016446926658,0.00499205259835156,0.004979633617435009,0.16793228021652526,5419085.0,1.6949355841438176,0
2021-07-29,281.66412353515625,287.463106408454,280.10246546420836,283.8524057859933,18237000,296.39832305908203,279.894362487793,247.17914848327638,296.4819268455849,292.26332540379326,4.218601441791634,6.257471723592666,-2.0388702818010316,34.033022041143,296.39832305908203,308.70446458187877,284.0921815362853,0.08303786199454113,-0.062288865467031385,-0.06431333632507444,0.2822205487775395,6119135.0,2.9803231992757144,0
2021-07-30,274.0647277832031,279.0082984929945,272.7517402697323,278.7546497284279,11693300,295.72840576171876,280.5090756225586,247.51629585266113,293.0331269898339,290.9152811356014,2.1178458542324847,5.429546549720629,-3.3117006954881445,26.442282112188067,295.72840576171876,311.1476031589272,280.3092083645103,0.10427944760661488,-0.026980346863396676,-0.027350998504123668,0.29577718260890834,6421430.0,1.8209806849876118,0
2021-08-02,269.54888916015625,275.4125594929666,268.99186961961607,275.4125594929666,10082800,294.7710250854492,280.8960073852539,247.85145401000977,289.42016732372963,289.3325854337166,0.08758189001304117,4.361153617779112,-4.273571727766071,25.24589883594136,294.7710250854492,313.94835931219114,275.59369085870725,0.13011682013985437,-0.016477270386355936,-0.016614530475853293,0.298889318139309,6717100.0,1.501064447455003,1
2021-08-03,272.0455322265625,273.080010025917,268.1364391767292,270.6131876906213,8323000,293.8191146850586,281.34978118896487,248.20138313293458,286.74714653955004,288.05206297392743,-1.3049164343773896,3.2279396073478117,-4.532856041725202,28.397006350681153,293.8191146850586,315.49440981986083,272.14381955025635,0.1475417632922606,0.00926230144811635,0.009219669379248655,0.29941750233226516,6881075.0,1.209549380002398,1
2021-08-04,274.034912109375,274.62474571016975,269.2306110356172,272.613525749578,6616900,292.74336700439454,281.7144317626953,248.55474403381348,284.79141816567693,287.0137555024791,-2.222337336802184,2.1378842185178124,-4.360221555319996,32.730562129162806,292.74336700439454,316.12537539168676,269.3613586171023,0.15974406953474177,0.007312672502027162,0.007286064550548412,0.2941303352603028,6876225.0,0.9622867198208319,1
2021-08-05,279.1773986816406,279.4658345938351,274.35318511128645,275.6263768041061,7354200,292.0281921386719,282.152490234375,248.95565063476562,283.92772286044055,286.43328462686145,-2.5055617664208967,1.2091950215300709,-3.7147567879509675,39.114143247385414,292.0281921386719,316.17761317481927,267.8787711025245,0.1653910251560906,0.018765808096061543,0.018591902602053956,0.3042318527904046,6948335.0,1.0584118353533616,0
2021-08-06,278.05340576171875,280.8683423740997,275.3975915515258,278.51095096739976,6086300,291.00018920898435,282.51395751953123,249.3414877319336,283.0239817683295,285.8125528590731,-2.7885710907435737,0.40964179907534193,-3.1982128898189157,38.228508612595945,291.00018920898435,315.71313953852246,266.28723887944625,0.1698483454372621,-0.004026088520165727,-0.0040342150339282,0.2951040247507725,6975485.0,0.8725271432739086,0
2021-08-09,276.6707763671875,279.60510024107464,275.98444339811266,278.729775274412,3823000,289.7657867431641,282.88557067871096,249.6651570892334,282.0465655527692,285.1353842300445,-3.088818677275299,-0.29005029619478623,-2.7987683810805124,34.240486542221944,289.7657867431641,314.76483019972187,264.7667432866063,0.1725465503538957,-0.0049725317722456586,-0.004984935945540449,0.29135102299592514,6893835.0,0.5545534524687638,0
2021-08-10,272.910888671875,278.99833750309944,271.05083823514366,277.4565925836924,6264100,288.4319183349609,283.1710443115234,250.01548400878906,280.6410768018624,284.22986604055046,-3.5887892386880367,-0.9497980846934364,-2.6389911539946,28.350202566554117,288.4319183349609,314.0630893123416,262.80074735758024,0.17772770174218216,-0.013589753658414971,-0.01368293957282988,0.29325489539869587,6845290.0,0.9150963655301675,1
2021-08-11,274.9400634765625,276.7553399676231,271.67750763330395,275.96655784658486,5785900,287.22139129638674,283.51202209472655,250.3803832244873,279.7639978287394,283.54173251729213,-3.777734688552755,-1.5153854054653002,-2.2623492830874548,28.485808706071253,287.22139129638674,313.0074658840192,261.43531670875427,0.17955539085195468,0.007435301737363842,0.007407796138872165,0.2961580502168107,6892175.0,0.839488260237153,0
2021-08-12,273.1297302246094,275.33294724010517,271.6078679593901,272.79154198292576,4509100,286.1312194824219,283.75910095214846,250.7651759338379,278.74334127425783,282.7704730882045,-4.027131813946653,-2.017734687161571,-2.009397126785082,21.89469469428778,286.1312194824219,312.38388549547466,259.87855346936914,0.18350088508720425,-0.006584465097817405,-0.00660623831742771,0.29396697403936983,6870455.0,0.6563029668340743,1
2021-08-13,273.4480285644531,275.33791826783664,273.1496057553177,274.7013375811945,4097200,285.1504623413086,284.09968017578126,251.13559547424316,277.9286777804417,282.07992164200067,-4.151243861558953,-2.4444365220410473,-1.7068073395179058,22.960853337107068,285.1504623413086,311.7756796283983,258.5252450542189,0.1867450402743577,0.0011653741962911468,0.0011646956748855189,0.29426846643400983,6861870.0,0.5970967097890225,1
2021-08-16,276.80010986328125,277.70527413938015,272.1052095392316,272.2743188380729,5283700,284.3263687133789,284.4028594970703,251.56315956115722,277.7550519470324,281.68882447320664,-3.9337725261742094,-2.74230372286768,-1.1914688033065293,30.185667037076996,284.3263687133789,310.91211713364606,257.7406202931117,0.18700867274865735,0.012258568168971085,0.012184040373412034,0.29915981193821134,6841980.0,0.7722472149874744,0
2021-08-17,269.6582946777344,274.07966342687854,267.64901762222377,273.78621888228673,7966100,282.98504028320315,284.61174255371094,251.9414372253418,276.50939698252506,280.7976741179865,-4.288277135461442,-3.0514984053864325,-1.2367787300750095,24.975696594042375,282.98504028320315,309.6945881804922,256.2754923859141,0.18877003441990367,-0.02580134519843369,-0.02614003843433286,0.30529524508809275,6969080.0,1.1430633598695954,0
2021-08-18,267.4103088378906,271.31940186525577,267.05223788360655,269.5687821632789,4830900,281.34729766845703,284.7249377441406,252.35278793334962,275.10953726796595,279.80601743057196,-4.696480162606008,-3.3804947568303474,-1.3159854057756606,34.1306692198811,281.34729766845703,307.6348630575663,255.05973227934777,0.18686915145058075,-0.008336423852751462,-0.008371366165542416,0.29881895458683116,6935770.0,0.6965196366084804,1
2021-08-19,269.14105224609375,270.5634706291853,265.18521198386605,265.769095925025,5119900,279.7006011962891,284.8637951660156,252.76468574523926,274.1913088030625,279.0160200094995,-4.82471120643703,-3.669338046751684,-1.1553731596853458,43.69427149897797,279.7006011962891,304.6111561518411,254.79004624073707,0.17812299901400794,0.006472238919002615,0.006451383918022379,0.2988773792772577,7011690.0,0.7301948602975887,1
2021-08-20,271.5083923339844,272.47821336259074,268.1065968664642,268.1065968664642,4179500,277.93155975341796,284.93322387695315,253.22795890808106,273.7785524232043,278.4598994409429,-4.681347017738574,-3.871739840949062,-0.8096071767895117,52.655672125886035,277.93155975341796,299.51540302950764,256.3477164773283,0.1553176853700167,0.008795908569629862,0.00875744992048884,0.2930761040188871,7009110.0,0.5962953927103442,1
2021-08-23,275.5070495605469,276.81008063854586,271.5680867234947,274.283579691499,5507500,276.44849090576173,285.04323608398437,253.639210357666,274.04447505971854,278.2411698201728,-4.19669476045425,-3.9367308248500996,-0.2599639356041501,54.50779376546453,276.44849090576173,293.8168672187717,259.0801145927518,0.12565361638331848,0.014727564007096072,0.014620166620155547,0.30213134872620584,7094190.0,0.7763395116285299,1
2021-08-24,278.0235900878906,278.0931947615172,275.0385422072007,277.44665749872894,3542600,275.4055679321289,285.13434936523436,254.01196762084962,274.65664660251423,278.22505280296673,-3.5684062004525003,-3.86306589997058,0.2946596995180797,55.12394199444093,275.4055679321289,289.24943392511824,261.5617019391396,0.10053439439830796,0.009134214646622674,0.009092750014649825,0.30009787957837,6924400.0,0.5116111143203743,0
2021-08-25,276.2132263183594,278.3418298541654,275.2981055905818,278.3279271343816,4392600,274.19752502441406,285.2497314453125,254.38477432250977,274.89612040495194,278.0760286189218,-3.1799082139698385,-3.7264343627704317,0.5465261488005932,45.835648529250356,274.19752502441406,281.5729909293824,266.8220591194457,0.05379673579702544,-0.006511547343730606,-0.006532839950343916,0.29858683181930945,6684780.0,0.657104646674984,0
2021-08-26,272.1648864746094,277.1979750122605,272.06541220264165,276.412198080873,3626400,273.7225631713867,285.34522033691405,254.82691047668456,274.4759305695146,277.6381662378616,-3.162235668346966,-3.613594623885739,0.4513589555387729,42.35539007300126,273.7225631713867,280.2479445986706,267.1971817441028,0.047678798208521334,-0.014656574913917919,-0.014765043666319377,0.21001900118875425,5954250.0,0.6090439601964983,1
2021-08-27,276.8498229980469,277.40687283544145,272.21463166948274,272.57270261285953,3917000,273.86181793212893,285.3495965576172,255.2992350769043,274.8411447892888,277.5797704423198,-2.738625653030965,-3.4386008297147845,0.6999751766838194,50.214086114652666,273.86181793212893,280.5351379895847,267.18849787467315,0.048734943102653534,0.017213596449278112,0.01706712102120517,0.19748214879905002,5565435.0,0.7038084174911754,1
2021-08-30,286.9359436035156,288.8616527430011,277.59586421155535,278.1230445048362,14631000,274.7311706542969,285.45085571289064,255.77732917785644,276.7018830684006,278.27282030611207,-1.5709372377114619,-3.0650681113141203,1.4941308736026584,64.56611904223092,274.7311706542969,283.29976234804366,266.1625789605501,0.06237800882469881,0.03643173940385691,0.03578379390290635,0.22434904515111193,5792845.0,2.5257019650965975,1
2021-08-31,287.1249084472656,291.0936798953926,282.8278749416825,289.38282564901886,8911800,275.48513946533205,285.56146423339845,256.27248184204103,278.30542543437986,278.92853053879014,-0.6231051044102855,-2.5766755099333536,1.953570405523068,63.1578635167386,275.48513946533205,285.57704691138184,265.39323201928227,0.07326643800559549,0.0006585610759559657,0.000658344319770154,0.2233546400290095,5822285.0,1.5306361677588782,0
2021-09-01,285.2250671386719,289.3529914202755,284.83712658318575,288.5572579522384,5568300,276.0446472167969,285.56146423339845,256.7605226135254,279.3699856965786,279.3949406572999,-0.024954960721288444,-2.0663314000909407,2.0413764393696523,63.036007720168875,276.0446472167969,287.0017250422047,265.087569391389,0.0793862727343704,-0.006616776367009858,-0.0066387642781537215,0.22508369232118838,5769855.0,0.9650675796878778,0
2021-09-02,284.0115661621094,287.3636398331176,283.7330564007128,287.3636398331176,4645500,276.28635559082034,285.5099401855469,257.22598411560057,280.084074998968,279.7369129169154,0.34716208205259136,-1.5836327036622344,1.9307947857148258,61.1695454299042,276.28635559082034,287.7365920004363,264.83611918120437,0.0828867309435559,-0.004254538315079159,-0.004263614616011159,0.21716780626511448,5634420.0,0.8244859275666351,1
2021-09-03,287.5924072265625,288.8357597080143,282.8875505088464,283.51420501634374,5285700,276.7633056640625,285.4287744140625,257.7075594329834,281.23920303398256,280.3188013842967,0.9204016496858571,-1.0828258329926161,2.003227482678473,61.35648977138145,276.7633056640625,289.26944984293243,264.25716148519257,0.09037429401172126,0.012608081821601669,0.012529261779575647,0.22012226712561975,5594390.0,0.9448215086899555,1
2021-09-07,291.7004699707031,292.118219435999,286.50822841501446,288.86562003504605,6787500,277.5147903442383,285.5015856933594,258.2205171203613,282.84862871655497,281.1618879462527,1.686740770302265,-0.5289125123336399,2.215653282635905,74.77637805863635,277.5147903442383,291.692111239689,263.3374694487876,0.10217344364143392,0.014284322676517469,0.014183262981947943,0.2228845541101285,5742615.0,1.1819528211450707,0
2021-09-08,283.713134765625,295.1221375940378,281.8232148347565,294.97291102191843,11039300,278.0549026489258,285.3340814208984,258.6896588897705,282.98162964718114,281.35086919213217,1.6307604550489714,-0.09697791885711765,1.727738373906089,66.23089445517637,278.0549026489258,292.3165344212436,263.793270876608,0.10258140846611608,-0.02738197578454482,-0.02776384919212988,0.24093430488187983,5981375.0,1.8456124218929595,1
2021-09-09,285.3544006347656,287.83114930606723,283.56395467340445,285.9213767069611,4170000,278.57561950683595,285.2171075439453,259.1582040405273,283.34667133757875,281.6474270767717,1.6992442608070633,0.2622665170757186,1.4369777437313447,66.1706221780951,278.57561950683595,293.11615953660305,264.03507947706885,0.10439205021249386,0.005784948485012764,0.005768279924141322,0.2405160959099599,5900580.0,0.7067101878120456,0
2021-09-10,282.8079833984375,287.4630877064783,282.5990783301123,287.06522099178227,3816600,279.05953216552734,285.07466857910157,259.5734836578369,283.26379627001853,281.73339421170994,1.5304020583085958,0.5158936253222941,1.0145084329863017,61.22970016322971,279.05953216552734,293.4806530834093,264.63841124764537,0.10335515727395347,-0.008923700600599327,-0.008963755285532367,0.24175965150399636,5865955.0,0.6506357447338073,0
2021-09-13,278.99835205078125,285.6627337740644,276.3226549696205,285.1952320071441,4836500,279.33704833984376,284.90537414550784,259.9439529418945,282.60757408244353,281.5307984960856,1.0767755863579396,0.6280700175294233,0.4487055688285163,53.482793199963716,279.33704833984376,293.5150589367635,265.159037742924,0.10151185230303342,-0.013470734814048702,-0.013562288286953916,0.2478177985692204,5902920.0,0.8193402587194134,1
2021-09-14,280.739013671875,281.6640909218383,278.2224696438617,280.3451235194378,4216700,279.53399353027345,284.74622436523435,260.281050491333,282.3201032500484,281.4721477683663,0.8479554816821064,0.67204711035996,0.17590837132214643,52.75139627663686,279.53399353027345,293.67299988341944,265.39498717712746,0.1011612661099462,0.006238967392814265,0.006219585608854827,0.24513623990627798,5849570.0,0.7208564048297568,1
2021-09-15,280.92803955078125,284.2303911886177,278.0136284767057,282.69857235692234,4056800,280.0974807739258,284.5431103515625,260.6343615722656,282.1059396040073,281.4318434559526,0.674096148054673,0.6724569178989026,0.0016392301557703881,54.93956905101573,280.0974807739258,293.4560436269309,266.73891792092064,0.09538509818863523,0.0006733153202824749,0.0006730887452208136,0.2241156482949427,5654105.0,0.7174964030558328,1
2021-09-16,281.46514892578125,282.18132113462923,278.8988828846581,279.5454200726483,3606700,280.8002227783203,284.261416015625,260.97678077697753,282.00735642274174,281.43431052779175,0.5730458949499848,0.6525747133091191,-0.07952881835913428,60.5173954907354,280.8002227783203,292.75339866159436,268.8470468950462,0.0851365128204374,0.0019119108788814287,0.0019100855035433647,0.2206857310105482,5592895.0,0.6448717524645108,0
2021-09-17,274.87042236328125,280.99766717330516,274.45267291901024,280.6793616455747,8117200,281.08669128417966,283.88920654296874,261.27419075012205,280.9093665674401,280.9480965896799,-0.03873002223980393,0.5143137661993344,-0.5530437884391384,47.85423868993466,281.08669128417966,292.1011072581273,270.07227531023204,0.0783702417473192,-0.02342999333192386,-0.023708839818749584,0.23862387821961162,5742760.0,1.41346669545654,0
2021-09-20,268.474609375,271.5481729648249,264.2670937890713,270.10587199194566,7728300,280.9350021362305,283.2864294433594,261.55941581726074,278.9963269993724,280.0241345737777,-1.0278075744053012,0.2058894980784073,-1.2336970724837086,28.246590494738754,280.9350021362305,292.57086379682556,269.2991404756354,0.08283668159621237,-0.023268465676631656,-0.023543450448731053,0.2517970100309858,5920200.0,1.3054119793250227,0
2021-09-21,268.0568542480469,270.85093699329,266.3758391657394,270.3048453805429,4326100,280.56249237060547,282.6203900146484,261.8327046966553,277.31333119147615,279.13766936446433,-1.8243381729881776,-0.20015603613490968,-1.6241821368532678,27.652173042201852,280.56249237060547,293.3500423777742,267.77494236343676,0.09115651845776414,-0.0015560321623174778,-0.0015572440376703934,0.24533679149499124,5861130.0,0.7380999909573751,1
2021-09-22,270.8916931152344,272.01568863572254,265.08275385904386,269.0216860923286,5574100,280.20589752197264,282.04645874023436,262.1041036224365,276.32538687205437,278.52685630896576,-2.2014694369113954,-0.6004187162902068,-1.6010507206211886,33.561507672621744,280.20589752197264,293.6713461169025,266.7404489270428,0.09611110054436985,0.010575513448965124,0.010519983866082041,0.24619825036982443,5962705.0,0.9348273979678686,1
2021-09-23,277.6157531738281,278.4612389476347,272.3240376313516,272.99048792984445,5409600,280.2760238647461,281.61576171875,262.40832717895506,276.52390476463495,278.45936718784446,-1.9354624232095148,-0.8674274576740685,-1.0680349655354462,43.48795269072731,280.2760238647461,293.6683313438678,266.8837163856244,0.09556513107653111,0.02482194998771492,0.024518890172447412,0.261832850652604,6013555.0,0.8995677265777066,0
2021-09-24,276.6310119628906,276.8498432293741,273.22921633107836,274.5521301089415,3985800,280.4993301391602,281.24971862792967,262.71255065917967,276.5403827951358,278.3239334674775,-1.7835506723416756,-1.05065210060759,-0.7328985717340857,38.216453522666356,280.4993301391602,293.46429727803104,267.5343630002893,0.0924420541927051,-0.0035471373640706405,-0.0035534433724119597,0.2562805368648968,6031525.0,0.6608279000750225,0
2021-09-27,271.9361267089844,275.3080829062005,270.7385196237529,273.3187189050414,4614900,280.253645324707,280.827177734375,263.02383644104003,275.8320357049587,277.85076259647803,-2.01872689151935,-1.244267058789942,-0.7744598327294079,29.017971692122686,280.253645324707,293.68755059524494,266.8197400541691,0.09586962021473916,-0.0169716519510692,-0.01711732095075495,0.25621343075795444,6066420.0,0.7607287329265036,0
2021-09-28,260.7956848144531,269.99649362512775,260.28838726363233,268.45969652691053,8352400,278.9466323852539,280.17745178222657,263.2568407440186,273.5187509525732,276.58742350151323,-3.0686725489400146,-1.6091481568199566,-1.459524392120058,27.197190394725737,278.9466323852539,294.5538173827117,263.3394473877961,0.11190086694362873,-0.04096712720503415,-0.04182992648496725,0.254448993725106,5752490.0,1.451962541438577,0
2021-09-29,257.6226501464844,263.05360562306504,255.52388559806818,262.1086758916845,6829100,277.47151947021484,279.40020751953125,263.48034591674804,271.0731969824057,275.18262547521476,-4.109428492809059,-2.1092042240177773,-2.0002242687912815,23.223186765910555,277.47151947021484,295.24988549997556,259.6931534404541,0.1281455196822039,-0.01216674528271533,-0.012241366006681671,0.25497786546782514,5648355.0,1.2090422786811381,1
2021-09-30,258.826171875,262.06884462247405,257.3540620723199,258.26915243258867,5321700,276.1515747070313,278.573427734375,263.6763976287842,269.18903927357405,273.9710363196433,-4.78199704606925,-2.643762788428072,-2.1382342576411784,26.227503681573268,276.1515747070313,295.36790723795775,256.9352421761048,0.13917235526404695,0.004671645632988053,0.004660767362986277,0.2573322024934305,5636025.0,0.9442293105513194,1
2021-10-01,263.2425842285156,264.4063755204184,258.7267194661977,260.0645679653248,4560400,275.1131256103516,277.7967797851563,263.89050285339357,268.27420003587275,273.17633616474495,-4.9021361288722005,-3.0954374565168976,-1.806698672355303,34.56739935039508,275.1131256103516,294.780439448738,255.44581177196517,0.142976194209226,0.017063237158445155,0.016919295230120375,0.26871581903240394,5631770.0,0.8097631828004339,0
2021-10-04,253.6538543701172,261.17366312869206,250.25204371101196,260.4455612385706,7267200,273.4161979675293,276.7320724487305,264.0138931274414,266.02491608729497,271.73022640217994,-5.705310314884969,-3.617412028190512,-2.0878982866944567,27.00559025988477,273.4161979675293,294.3647160343936,252.46767990066496,0.15323538416953741,-0.036425451020776545,-0.037105421023585716,0.28522348495877353,5730845.0,1.2680852474635067,1
2021-10-05,258.7665100097656,261.372571930286,252.2413986750126,253.8627351528912,6326600,271.7694999694824,275.80403411865234,264.1364379119873,264.9082382292135,270.7699511138529,-5.861712884639417,-4.066272199480293,-1.7954406851591234,32.63712622154043,271.7694999694824,291.8249935721819,251.71400636678294,0.14759193805744608,0.02015603371115482,0.0199555898234382,0.29148319295068315,5707800.0,1.1084130488103998,1
2021-10-06,262.6557312011719,262.98399326601776,254.66843581216568,254.92706285049445,4615300,270.7166297912598,275.07950775146486,264.2737538146973,264.56169868643786,270.16889778698766,-5.607199100549792,-4.374457579694194,-1.2327415208555985,35.99882147371214,270.7166297912598,290.3383045365773,251.09495504594224,0.1449609856656913,0.015029847530344975,0.01491801849522737,0.28871855092086046,5386600.0,0.8568113466750826,0
2021-10-07,262.1385192871094,267.2641006568183,261.671017503458,264.53570670070155,5276400,269.55583572387695,274.3147964477539,264.40216735839846,264.188901855772,269.57405493514483,-5.385153079372856,-4.576596679629926,-0.8085563997429297,39.57995530259663,269.55583572387695,288.2566314081556,250.8550400395983,0.13875266795140034,-0.00196916287224036,-0.001971104222424184,0.2866480637232876,5441920.0,0.9695842643772786,0
2021-10-08,258.677001953125,264.05823528776955,258.4183749159727,263.5459594803773,4095900,268.34928665161135,273.8550540161133,264.4845767211914,263.34091725536473,268.7668658253656,-5.425948570000855,-4.746467057704113,-0.6794815122967428,41.57688160335405,268.34928665161135,286.55734299036294,250.14123031285976,0.13570415309052403,-0.013204916787498577,-0.013292876896602733,0.28800762532913615,5455885.0,0.7507306330686956,0
2021-10-11,253.6936492919922,259.27381596653083,253.33556316184266,256.55832315554557,5031700,267.08405151367185,273.44763244628905,264.56221168518067,261.85672218407666,267.6503312673379,-5.793609083261231,-4.955895462815537,-0.8377136204456939,38.55058516498688,267.08405151367185,285.68881583117815,248.47928719616556,0.13931767330969913,-0.019264768895210338,-0.019452752782520687,0.2911737335279853,5465645.0,0.9206049789183162,1
2021-10-12,254.48939514160156,256.5981161195401,252.43039612142576,254.63859137017542,4289300,265.7715705871582,273.146442565918,264.647804107666,260.7232872544651,266.6754471098759,-5.952159855410798,-5.1551483413345895,-0.7970115140762086,36.485824926636006,265.7715705871582,284.0205343164201,247.52260685789628,0.1373281851700332,0.0031366407942419183,0.0031317317989969966,0.2898498973403847,5469275.0,0.784253854487112,1
2021-10-13,254.99667358398438,259.8507268032662,252.89293077994012,257.3540955207395,6024100,264.47500228881836,272.8054653930664,264.75040557861325,259.84226976669885,265.8103527746247,-5.968083007925827,-5.317735274652837,-0.6503477332729899,29.236645241681003,264.47500228881836,281.85390833881945,247.0960962388173,0.13142191813669063,0.001993318590350457,0.001991334566938817,0.29021430606317816,5567640.0,1.0819844673865409,1
2021-10-14,265.0330505371094,265.9879368278678,258.8162875798239,260.1093621328241,7850600,263.6533973693848,272.6254281616211,264.926563949585,260.6408514236851,265.752774831105,-5.1119234074199085,-5.276572901206252,0.1646494937863432,40.87067774363468,263.6533973693848,279.09613319074333,248.2106615480262,0.11714422021820506,0.039358854419798917,0.038604036912759654,0.3292894781553577,5779835.0,1.3582740683773844,1
2021-10-15,266.92291259765625,268.2866237634789,264.0283844236548,267.2720287271638,5007900,263.2560218811035,272.3803384399414,265.1097843933105,261.6073223735268,265.8394517027014,-4.232129329174597,-5.067684186799921,0.8355548576253238,45.87154395454986,263.2560218811035,277.8702244926926,248.64181926951434,0.11102653992233819,0.007130665615918241,0.007105362633388284,0.321673734509561,5624370.0,0.8903930573557571,1
2021-10-18,268.8923645019531,269.0017953037708,263.3022566685182,264.9733454537787,4367100,263.2769096374512,272.1971176147461,265.2894736480713,262.7280980855924,266.0655933915349,-3.3374953059424683,-4.721646410628431,1.3841511046859623,57.85408696002265,263.2769096374512,277.9236756689401,248.63014360596225,0.11126510146034799,0.0073783546160590685,0.00735126771388322,0.31212949216302316,5456310.0,0.8003760783386574,1
2021-10-19,270.255126953125,271.81675471215806,268.4000242757455,269.56879390556475,3985900,263.3868232727051,272.06880462646484,265.48731605529787,263.8861025267513,266.3759292109119,-2.4898266841606187,-4.275282465334868,1.7854557811742495,62.70001540173052,263.3868232727051,278.2164725455618,248.5571739998484,0.11260737411683204,0.0050680593095160376,0.00505525992408169,0.3125031387264664,5439300.0,0.7327964995495744,0
2021-10-20,256.98602294921875,272.05547929887615,251.7540163522544,271.5481817730813,31271700,262.6915397644043,271.7503073120117,265.60394241333006,262.82455182251556,265.6803805989347,-2.8558287764191164,-3.991391727551718,1.1355629511326018,48.51119872477349,262.6915397644043,277.34250814396876,248.04057138483984,0.11154503409363108,-0.04909843581323714,-0.05034472948408695,0.35598526500187816,6724180.0,4.650633980648942,0
2021-10-21,241.91661071777344,257.5828367046549,241.68782293476986,257.2346919410529,42508900,260.9065826416016,271.08983825683595,265.68540687561034,259.60794549870906,263.9201013484783,-4.312155849769226,-4.0555445519952205,-0.2566112977740058,35.28282682136758,260.9065826416016,276.5656862395115,245.24747904369167,0.12003609444703263,-0.058639034366561926,-0.060428615041489914,0.39274438953324514,8579145.0,4.9549110080316865,0
2021-10-22,239.12155151367188,245.34827067195752,238.47501427179205,242.43384446126672,24170900,259.03110961914064,270.4096746826172,265.7120643615723,256.45619257793413,262.08317173108526,-5.626979153151126,-4.369831472226402,-1.2571476809247244,38.933504747469755,259.03110961914064,275.7121273129645,242.35009192531675,0.12879547725638338,-0.01155381267871003,-0.011621076577343016,0.39295710635788245,9588400.0,2.5208481081306577,1
2021-10-25,245.56710815429688,254.16116041696583,244.51274761490023,253.5991626330541,23046700,257.71265869140626,269.85205627441405,265.7340468597412,254.7809488204515,260.85975961428613,-6.078810793834634,-4.711627336548048,-1.3671834572865862,40.14851099517081,257.71265869140626,274.2668203946548,241.1584969881577,0.12846991519396847,0.026955147287326175,0.02659825646527178,0.40873755505438747,10509990.0,2.192837481291609,0
2021-10-26,241.70773315429688,248.55115037370058,239.7283104517566,248.12342920866624,14404300,256.7582611083984,269.15020874023435,265.761400680542,252.76968487181233,259.44109098762027,-6.67140611580794,-5.103583092400027,-1.5678230234079136,34.35830979034397,256.7582611083984,274.7062935618087,238.81022865498815,0.13980490735472742,-0.015716172369367287,-0.01584098080742797,0.38839819665305586,10812585.0,1.332179122753717,0
2021-10-27,233.69058227539062,243.3887313922202,232.67600242573633,242.55320218786594,19043900,255.56165771484376,268.4308544921875,265.7479724884033,249.83443831851667,257.53364589782547,-7.699207579308791,-5.62270798978178,-2.0764995895270104,30.89768280032837,255.56165771484376,276.2491053313675,234.87421009832002,0.16189789815502637,-0.03316878104925347,-0.033731339661795846,0.4015425809841811,11423325.0,1.6671065561034113,1
2021-10-28,235.57054138183594,236.67463901597444,231.54207622064717,235.73963550159587,14288300,254.39887619018555,267.7940591430664,265.70783706665037,247.63999263595042,255.90674926701143,-8.266756631061014,-6.151517718037627,-2.1152389130233873,34.14769571297238,254.39887619018555,276.852600693175,231.94515168719605,0.17652377116794615,0.008044650700685496,0.008012464998168552,0.40274722873837,11871655.0,1.203564288214238,0
2021-10-29,231.3530731201172,237.62951385078537,230.47776331730057,234.1779662400533,13010800,252.8044006347656,267.0382995605469,265.6607388305664,245.13431271043763,254.08795844131558,-8.953645730877952,-6.711943320605692,-2.24170241027226,34.51035737711855,252.8044006347656,277.06984978027083,228.53895148926043,0.19197014834059198,-0.017903207408615063,-0.018065408691387373,0.39713429927729915,12294175.0,1.058289799844235,0
2021-11-01,230.050048828125,232.30798118922823,228.96584910450989,231.46249542889416,14054900,251.62421035766602,266.20913269042967,265.618415145874,242.81365672854338,252.3073725440422,-9.493715815498831,-7.26829781958432,-2.225417995914511,33.17355644526715,251.62421035766602,277.9262578196768,225.32216289565525,0.20905816196799396,-0.005632189252639308,-0.005648109837166364,0.38068459822457196,12633560.0,1.1125051054492954,0
2021-11-02,228.23974609375,231.52318638677016,226.58857027544283,231.30335340072034,12676700,250.09787216186524,265.26378662109374,265.5299382019043,240.57151663088285,250.52458539957613,-9.95306876869327,-7.805252009406111,-2.14781675928716,31.902620161247043,250.09787216186524,278.1401921992532,222.0555521244773,0.22425076866898533,-0.007869169094276152,-0.007900294399784093,0.3693466439139244,12951065.0,0.9788152557337949,1
2021-11-03,229.15484619140625,229.6720699084116,224.11180111828182,227.11574503652767,14178000,248.42282791137694,264.2864117431641,265.46090728759765,238.81510579404028,248.9416417545265,-10.126535960486223,-8.269508799622134,-1.8570271608640887,22.317733498345163,248.42282791137694,277.29663933992146,219.5490164828324,0.23245699013494084,0.004009380983452271,0.004001364834902417,0.36304355925224624,13429200.0,1.0557590921276025,0
2021-11-04,227.00633239746094,230.68665284531687,223.8034550706824,230.37830384675348,14158900,246.66621856689454,263.3022738647461,265.3593503570557,236.99837142533576,247.31680402437348,-10.31843259903772,-8.67929355950525,-1.6391390395324699,19.324311742319694,246.66621856689454,276.29157487513595,217.04086225865314,0.24020602805168614,-0.009375816526047687,-0.009420046170254846,0.362756647027087,13873325.0,1.0205844669536683,0
2021-11-05,224.5792999267578,229.19462378282023,223.40558245630686,228.77685916566094,16665600,244.96133346557616,262.3505621337891,265.2289475250244,235.08774504093915,245.63254446158714,-10.54479942064799,-9.052394731733798,-1.492404688914192,16.183466479362508,244.96133346557616,275.58411013209246,214.33855679905986,0.25002130934937655,-0.010691474749055407,-0.010749039232347803,0.3622882709888392,14501810.0,1.1492082712433827,1
2021-11-08,228.199951171875,229.74171136519047,225.04681093500886,226.74772389692384,23213900,243.6866485595703,261.3775646972656,265.13778495788574,234.02808444569854,244.3412412549418,-10.313156809243253,-9.30454714723569,-1.0086096620075633,18.97565895521717,243.6866485595703,274.8957154123673,212.47758170677332,0.2561409665837132,0.01612192773910137,0.01599334957317787,0.36786235981289217,15410920.0,1.5063279804190794,0
2021-11-09,204.32757568359375,211.2704518300385,199.6127775150698,211.2704518300385,63995100,241.1785575866699,259.7253973388672,264.96083106994627,229.45877540537472,241.37726602743453,-11.918490622059807,-9.827335842200513,-2.091154779859293,16.40865788190881,241.1785575866699,276.52095700192456,205.83615817141526,0.2930807760764885,-0.10461165905465564,-0.11049775431728988,0.5082170368177379,18396210.0,3.4787111040806775,0
2021-11-10,203.55172729492188,207.09279284602997,201.7016181367129,203.01460568405486,23585900,238.6063102722168,258.05393371582034,264.83500381469725,225.4730756960743,238.57537426947061,-13.102298573396325,-10.482328388439676,-2.6199701849566495,20.06831851083075,238.6063102722168,277.0652113326438,200.1474092117898,0.3223628161095212,-0.0037970811628151857,-0.0038043083761714986,0.5067562516392108,19274300.0,1.2236968398333532,0
2021-11-11,200.9556121826172,207.20221420620248,200.48811040761518,206.81428881605652,17712100,235.40243835449218,256.36854461669924,264.6571547698975,221.7011582324655,235.788725226,-14.087566993534494,-11.20337610945864,-2.8841908840758546,20.130809805122766,235.40243835449218,275.2430950455686,195.56178166341576,0.33848975371342965,-0.01275408048266391,-0.012836112004637934,0.47097939237016934,19767375.0,0.8960269130322058,1
2021-11-12,207.1922607421875,208.90311497250767,200.41249885401453,202.16911367680478,20954600,232.41590576171876,254.83215850830078,264.5277964019775,219.4690201570381,233.67046859756942,-14.201448440531323,-11.802990575673178,-2.3984578648581447,19.868789812580147,232.41590576171876,271.25011865471146,193.58169286872607,0.33417861626739903,0.031034955888182836,0.030563109298265514,0.49191423252052024,20564710.0,1.0189591781260228,1
2021-11-15,211.40969848632812,213.0698290023518,209.58944384391893,211.09140814941523,17433100,229.5417724609375,253.3085043334961,264.38202560424804,218.22912451539042,232.0215226634034,-13.792398148012978,-12.200872090141138,-1.5915260578718406,26.343568982812968,229.5417724609375,265.4040009107682,193.67954401110677,0.312467992778383,0.02035518956660476,0.02015079174520211,0.5008091783479712,21218010.0,0.8216180499490763,1
2021-11-16,214.5230712890625,214.82147893317423,210.6438174485397,213.74722052095794,16697500,226.7551696777344,251.76495635986328,264.21576446533203,217.65896248057075,230.72534108011888,-13.06637859954813,-12.373973392022538,-0.6924052075255922,33.79311430367373,226.7551696777344,257.6084842281533,195.90185512731543,0.27212887445316314,0.01472672647009965,0.014619341238672107,0.5061819802567916,21853590.0,0.7640621060429889,0
2021-11-17,205.17306518554688,212.83211372904432,202.26859549897364,210.02214004889132,23095600,224.16452178955078,250.19415496826173,263.9888278198242,215.73805520441323,228.83257990274316,-13.094524698329934,-12.518083653284018,-0.5764410450459163,27.180407211715675,224.16452178955078,252.9625734569351,195.36647012216645,0.25693674839786107,-0.043585084099960536,-0.044563447639155825,0.5010270943390709,21444785.0,1.0769797878598457,0
2021-11-18,199.43374633789062,206.3965205242509,198.1406566677522,205.88923815462476,19980100,222.04037857055664,248.47574188232423,263.64103729248046,213.229699994179,226.65488852756891,-13.425188533389928,-12.6995046293052,-0.7256839040847289,26.573228280850017,222.04037857055664,251.58264751757832,192.49810962353496,0.2660981677045212,-0.02797306187567039,-0.02837176078604643,0.47316273031113637,20318345.0,0.9833527287778606,0
2021-11-19,192.58038330078125,201.42310570460873,192.04326169706516,201.11475671195294,24607500,219.71332015991212,246.6711898803711,263.26390350341796,210.05288204134857,224.13085110336243,-14.077969062013864,-12.975197515846933,-1.102771546166931,24.57135188288713,219.71332015991212,250.87795157812752,188.5486887416967,0.2836844975583011,-0.03436410919894206,-0.03496844046015109,0.48154101328747,20340175.0,1.2097978508051184,0
2021-11-22,188.47235107421875,192.8688439253308,183.2950291691924,192.59033416481824,29956600,216.85858230590821,244.86066986083983,262.8029180908203,206.73280035409783,221.48948073083326,-14.756680376735432,-13.331494088024634,-1.4251862887107976,23.828223224650642,216.85858230590821,248.5078175199516,185.20934709186483,0.29188824235139454,-0.02133151962911184,-0.02156232467754945,0.46209156452737943,20685670.0,1.4481812771836735,0
2021-11-23,187.04995727539062,189.77537630201925,184.2151074415915,188.14907665997677,20004500,214.12569351196288,242.98688873291016,262.3247247314453,203.70467064968133,218.938404919319,-15.233734269637665,-13.711942124347242,-1.5217921452904228,22.473667598646998,214.12569351196288,246.17713943019126,182.0742475937345,0.2993703874816659,-0.007546962675007984,-0.007575585096985582,0.46229978672011673,20965680.0,0.9541545993261368,1
2021-11-24,187.70645141601562,188.63149841301177,183.75756256675953,186.005538476914,13359100,211.82648696899415,241.12245697021484,261.85488677978515,201.24340615219432,216.62492688203727,-15.381520729842947,-14.045857845446385,-1.3356628843965623,23.79626756414966,211.82648696899415,244.55862664510374,179.09434729288455,0.3090467121885539,0.003509726226017973,0.0035035815102433363,0.45867525795141634,20681440.0,0.6459463170843036,0
2021-11-26,186.79132080078125,191.9736205518727,185.83643460736047,187.37819469913455,11080400,209.3875259399414,239.22898040771486,261.371272277832,199.0200084058231,214.41503013527756,-15.39502172945447,-14.315690622248002,-1.0793311072064675,24.2859109760537,209.3875259399414,241.93910575130155,176.83594612858127,0.3109218628496227,-0.004875328516046329,-0.004887251698856972,0.45402305779237423,20521045.0,0.5399530092156613,0
2021-11-29,186.2442626953125,188.89010527393046,181.45982953761762,187.91532116601857,16308200,207.13208541870117,237.45645721435548,260.81857727050783,197.05450906574455,212.32830662120608,-15.273797555461528,-14.507312008890707,-0.76648554657082,20.203447356614802,207.13208541870117,239.52607620585502,174.7380946315473,0.31278583153036826,-0.0029287126571164723,-0.002933009728005227,0.4541705917608401,20685915.0,0.7883721846483465,0
2021-11-30,183.90675354003906,187.82082476389064,179.54010018691997,185.47835291423894,21144300,204.82492065429688,235.76510009765624,260.2222653961182,195.03177744640524,210.22300639297148,-15.191228946566241,-14.644095396425815,-0.5471335501404262,29.1064524156631,204.82492065429688,236.9176591175876,172.73218219100616,0.3133675175928107,-0.012550771344282952,-0.012630197548133165,0.45387543114920675,21040385.0,1.0049388354823354,0
2021-12-01,178.3663787841797,189.33771973834322,178.19726949234905,186.77143842523944,19491300,202.33125228881835,233.9712905883789,259.63599975585936,192.467869959909,207.86325619972763,-15.395386239818635,-14.79435356510438,-0.6010326747142543,26.52077194601624,202.33125228881835,234.51384350973677,170.14866106789992,0.3181178474097446,-0.030125999449243435,-0.030589112261394918,0.4588666001923412,21381115.0,0.9116128882895022,1
2021-12-02,186.1547393798828,187.7959738671478,178.77420039838958,179.14720616672568,20422700,200.18124694824218,232.27655151367188,259.1204560089111,191.49661910144343,206.25521791677616,-14.758598815332732,-14.78720261515005,0.02860379981731853,37.41967966283356,200.18124694824218,230.51063174354505,169.8518621529393,0.3030192413892264,0.043664958882900784,0.04273851734415978,0.49703386723242915,21693350.0,0.9414267505940761,0
2021-12-03,182.9518585205078,186.8012882979918,178.3365345077103,186.7316532706124,20737500,197.97852325439453,230.38327362060548,258.60824432373045,190.18204055053025,204.5290431466822,-14.347002596151953,-14.699162611350433,0.3521600151984803,28.275990894787085,197.97852325439453,226.4468502442245,169.51019626456457,0.2875900529195209,-0.017205475778078072,-0.017355209960400526,0.49771034391153696,22022280.0,0.9416599916084983,1
2021-12-06,183.87692260742188,185.08049455454736,178.2470186157569,182.43463668427665,13303400,195.94340438842772,228.5281918334961,258.1656607055664,189.21202240543664,202.99925644007033,-13.787234034633684,-14.516776896007084,0.7295428613733996,23.777988593843276,195.94340438842772,222.1331430091804,169.75366576767505,0.26731942014068044,0.005056325168789622,0.0050435848846491485,0.5006539481387018,21854170.0,0.6087350835103781,1
2021-12-07,190.00416564941406,191.80254942429664,187.42792765631097,187.66665680749907,17772700,194.0336151123047,226.8895526123047,257.79772789001464,189.33389059681778,202.03665712224392,-12.702766525426142,-14.153974821890897,1.4512082964647544,27.91615987949804,194.0336151123047,215.45608382690557,172.6111463977038,0.22081193201705565,0.03332252332215657,0.03277936146713228,0.5158042152836567,21582110.0,0.823492235003899,1
2021-12-08,196.3004913330078,196.63867955755921,189.07909057294353,190.92919962994648,14433200,193.63226089477538,225.59964874267578,257.4559552001953,190.4056753254624,201.61175595267088,-11.206080627208479,-13.564395982954414,2.358315355745935,41.5434138969031,193.63226089477538,214.53721717983606,172.7273046097147,0.21592431125328804,0.033137829700067734,0.0326006078585179,0.39282177252376893,19104015.0,0.7555061069623322,0
2021-12-09,190.73028564453125,195.37544905898955,190.42193663332034,195.01736290908312,11550700,192.99118881225587,224.26180145263672,257.1466589355469,190.45561537454992,200.8057211150309,-10.350105740480984,-12.92153793445973,2.5714321939787457,41.677769976766214,192.99118881225587,213.39571805905268,172.58665956545906,0.21145555268480762,-0.02837591312508314,-0.02878629122386675,0.4040799613017786,18502255.0,0.624286066752404,0
2021-12-10,187.5074920654297,193.117497750116,185.80659440197246,191.91394106997365,11908100,192.31878280639648,222.8354278564453,256.79185569763183,190.00205794237758,199.82066711135676,-9.81860916897918,-12.30095218136362,2.4823430123844403,44.787397071094674,192.31878280639648,212.50337390234498,172.134191710448,0.2099076418996258,-0.016897125531012747,-0.017041510730929736,0.40567894735884014,18212055.0,0.6538581176039716,0
2021-12-13,185.3888397216797,189.18851714523865,184.31458131889443,186.50287872709708,11812200,191.2286117553711,221.2783529663086,256.35792572021484,189.2923320622702,198.75164286026958,-9.459310797999393,-11.732623904690776,2.2733131066913828,46.69650823563875,191.2286117553711,210.35846423762962,172.0987592731126,0.20007311988156193,-0.011299027683708274,-0.011363346650493471,0.38570832354857776,17754935.0,0.6652910866753384,1
2021-12-14,185.80661010742188,188.13715245922802,181.80798401384328,182.7628854606843,11414200,189.94845733642578,219.9214080810547,255.94816650390624,188.75606714613969,197.79275154524382,-9.036684399104132,-11.193436003573447,2.1567516044693154,48.63864702725713,189.94845733642578,206.66664408944956,173.230270583402,0.1760286657491879,0.0022534818512773835,0.0022509465691441504,0.37496376976617557,17453990.0,0.6539593525606466,1
2021-12-15,189.6460723876953,190.0837348929451,182.6932397941521,184.13552564816695,11278500,188.70460739135743,218.53899932861327,255.62787895202638,188.8929910294559,197.18929382986988,-8.296302800413969,-10.614009362941552,2.317706562527583,51.98532997100917,188.70460739135743,200.78199758945988,176.62721719325498,0.12800313002485372,0.02066375506260898,0.020453155914008134,0.3799116109879692,17183040.0,0.6563739594390748,0
2021-12-16,187.74623107910156,194.2017228461173,187.24989179406586,193.13342925806387,12326100,187.83326568603516,217.04080932617188,255.37761695861818,188.7165664217091,196.48980770018335,-7.773241278474245,-10.04585574604809,2.2726144675738453,50.95809994883479,187.83326568603516,197.0941010146765,178.5724303573938,0.09860697778763972,-0.010017825756548637,-0.010068341830303662,0.35348290446484526,16644565.0,0.7405480407568477,0
2021-12-17,185.20977783203125,186.84105563858185,181.0221752818201,186.01050470184015,18899800,187.1220672607422,215.5022344970703,255.1147721862793,188.17706048483558,195.6542499321721,-7.477189447336514,-9.532122486305775,2.0549330389692617,49.00190444334782,187.1220672607422,194.6554324881925,179.5887020332919,0.08051819154982996,-0.01351000886937459,-0.013602099409126538,0.34418457186269846,16590550.0,1.1391906838531574,0
2021-12-20,181.70849609375,183.42533029784062,180.70387276192284,181.55929986840425,10906800,186.57847290039064,213.9628643798828,254.8988764190674,187.18189673236088,194.62123112932602,-7.439334396965137,-9.11356486843765,1.6742304714725122,47.925652052087564,186.57847290039064,194.02192572896507,179.1350200718162,0.07978897793367942,-0.018904410875416056,-0.019085383669821175,0.32985683640355024,15905515.0,0.6857244169710947,1
2021-12-21,188.1341552734375,188.28335150428407,182.10638470494757,182.20584379963094,12515500,186.56156311035156,212.65167449951173,254.63717567443848,187.32839804637266,194.1407069918528,-6.81230894548014,-8.653313683846147,1.8410047383660064,59.06572762639302,186.56156311035156,193.98841846021153,179.13470776049158,0.07961827962887486,0.03536245865120291,0.03475156700643144,0.3482555921162095,15033460.0,0.8325096152183197,1
2021-12-22,190.66064453125,190.75017744910264,187.03901599652775,188.15405673952867,9541600,186.74209747314453,211.37509948730468,254.38656547546387,187.8410513517384,193.88292458736368,-6.041873235625275,-8.131025594201972,2.0891523585766976,54.63473953868411,186.74209747314453,194.39115580326478,179.09303914302427,0.08192109260441685,0.013429189687223175,0.013339817362263117,0.35007229901220643,14510315.0,0.6575735950597902,1
2021-12-23,190.98887634277344,191.92984462041863,189.238241569342,191.44643671934278,7762000,186.9062187194824,210.09494354248048,254.07910919189453,188.32533211958994,193.66855064331995,-5.343218523730002,-7.573464180107578,2.2302456563775763,58.786415864839256,186.9062187194824,194.77995761498244,179.03247982398238,0.0842533645958276,0.0017215498894929127,0.0017200697210276556,0.3499723652283663,14230460.0,0.5454496903121895,0
2021-12-27,190.98887634277344,192.88872251574892,190.06382941169744,191.36686034178106,8351800,187.11609649658203,208.61406005859374,253.78896034240722,188.73510815392586,193.47005625068687,-4.734948096761002,-7.005760963438263,2.270812866677261,57.93560448054701,187.11609649658203,195.19796441556963,179.03422857759443,0.08638346000484491,0.0,0.0,0.34929628546322683,14094030.0,0.5925771408177789,0
2021-12-28,189.08905029296875,192.9683039402992,188.10430966973448,191.1679319865986,7969400,187.25833587646486,207.0573828125,253.49115257263185,188.78956079070167,193.1455372908559,-4.355976500154242,-6.475804070781459,2.1198275706272174,48.87253834813417,187.25833587646486,195.37565471974733,179.14101703318238,0.08669647527613945,-0.009947312567015754,-0.009997117640338652,0.3513165087370763,13677090.0,0.5826824273292053,0
2021-12-29,188.95974731445312,190.25283699487474,186.83112836765815,189.01942580810217,7038700,187.51098556518554,205.45873046875,253.19603050231933,188.81574333281728,192.83547877408535,-4.019735441268068,-5.9845903448787805,1.9648549036107124,39.33526492084851,187.51098556518554,195.50264791957164,179.51932321079943,0.08523940429727964,-0.0006838205507684325,-0.0006840544626831876,0.34775791805567297,12971810.0,0.542615101516288,1
2021-12-30,190.85958862304688,192.91857248800022,187.90538184397397,188.60165621430497,9634800,188.1356460571289,203.87081970214842,252.89966499328614,189.1301810697757,192.6891165406751,-3.5589354708993994,-5.499459370082905,1.9405238991835052,50.210278796830075,188.1356460571289,194.98979522375078,181.28149689050701,0.07286390761419623,0.01005421173342369,0.010004004396305508,0.3278443622285149,12478985.0,0.7720820242992519,0
2021-12-31,187.57713317871094,191.20771640373235,187.39808252653006,190.4318656587818,7360400,188.2067657470703,202.48264190673828,252.65183990478516,188.89125062499647,192.3104511064555,-3.419200481459029,-5.08340759235813,1.6642071108991008,50.113034424480425,188.2067657470703,195.00364969189766,181.40988180224295,0.07222783854605566,-0.017198273704858935,-0.01734788182959312,0.2990960674465317,11825870.0,0.6223981829666655,1
2022-01-03,193.90330505371094,194.95766551019022,188.93983657498495,190.3920789248051,12788200,188.75433807373048,201.52237579345703,252.4213720703125,189.6623359217218,192.42844028773368,-2.766104366011888,-4.619946947088882,1.8538425810769938,62.15907971679571,188.75433807373048,195.5332302361517,181.97544591130927,0.07182767009861539,0.0337257093537775,0.0331694694775411,0.3133006386361973,11428405.0,1.1189837952015176,0
2022-01-04,190.12351989746094,195.05714937411005,187.18921098630923,194.95767510147047,14198000,189.06666793823243,200.54241516113282,252.15656288146974,189.7332873026047,192.25770544400976,-2.52441814140505,-4.2008411859521155,1.6764230445470654,55.62466723739141,189.06666793823243,195.46425018486443,182.66908569160043,0.06767541118059024,-0.019493144560908893,-0.01968564159140119,0.3232237109531315,11473135.0,1.2374996023318823,0
2022-01-05,186.16468811035156,193.2169798987715,186.15473157658806,188.8553047611471,13227600,188.87469406127929,199.3543667602539,251.87501808166505,189.18427204225807,191.80637082670174,-2.622098784443665,-3.8850927056504254,1.2629939212067605,45.478037097552914,188.87469406127929,195.383288119758,182.36610000280058,0.06891970457796778,-0.020822420020650156,-0.021042263749117714,0.31021678339113806,11245880.0,1.1762174236253633,1
2022-01-06,191.2475128173828,193.96299043371482,184.0858054368973,184.53340930236962,14206300,188.62204513549804,198.34516235351563,251.6661347961426,189.50169369996956,191.76497393712256,-2.2632802371529976,-3.5607302119509403,1.2974499747979427,54.20048078718467,188.62204513549804,194.2496034182113,182.99448685278477,0.05967020746350903,0.02730284007468886,0.02693676583733883,0.30233147837840046,11234535.0,1.2645205164254685,0
2022-01-07,186.60235595703125,192.09796813288224,185.3092662751712,189.0094846619617,12627300,188.41564865112304,197.40339782714844,251.4341749572754,189.0556417395175,191.38255779044914,-2.3269160509316293,-3.313967379747078,0.9870513288154488,51.5902144935617,188.41564865112304,194.02038695157782,182.81091035066825,0.05949334188088286,-0.024288717755964195,-0.02458855370454846,0.29776005393695826,11288365.0,1.1186119513321902,0
2022-01-10,181.97708129882812,184.76219412466133,176.45659278608875,184.76219412466133,14701600,188.13912811279297,196.3315286254883,251.14531936645508,187.96663244094992,190.68585582810687,-2.7192233871569442,-3.1950185812290512,0.475795194072107,50.29902704935968,188.13912811279297,194.435548369487,181.84270785609894,0.0669336604230377,-0.024786796685826284,-0.02509916182328474,0.3046105021924353,11428040.0,1.286449819916626,1
2022-01-11,190.50149536132812,191.82442420425346,181.64881671164989,182.01685936176628,12867700,188.3947608947754,195.5144970703125,250.9257433319092,188.35661135177733,190.67219949723437,-2.315588145457042,-3.0191324940746496,0.7035443486176076,52.51798584503284,188.3947608947754,194.6359322360928,182.153589553458,0.06625631532082035,0.046843338741662244,0.04577929198389363,0.34640234973036677,11480815.0,1.1208002219354636,0
2022-01-12,186.2044677734375,190.43186628272227,184.29468015056014,188.69117277889913,13588800,188.41465377807617,194.63758544921876,250.68035530090333,188.02551233972503,190.34125640658277,-2.3157440668577465,-2.878454808631269,0.5627107417735226,45.43229301893462,188.41465377807617,194.6235436450105,182.20576391114184,0.06590665579809367,-0.022556398204330974,-0.02281468515983306,0.35680590688772806,11589545.0,1.1725050465743048,0
2022-01-13,180.04737854003906,189.82510415981602,179.39089997260746,186.78137974965415,12779900,187.93471908569336,193.67373809814453,250.37284934997558,186.79810713977335,189.57874693498695,-2.7806397952136024,-2.858891805947736,0.07825201073413357,39.9817815518653,187.93471908569336,195.14585295509522,180.7235852162915,0.07674083750447168,-0.03306628088478525,-0.03362532867509678,0.36704995103639376,11664615.0,1.0956126713140553,0
2022-01-14,177.47116088867188,181.03212427540635,174.46721699436196,178.19727450003654,14374400,187.42096557617188,192.64006439208984,250.02908721923828,185.3631923319116,188.68188870933398,-3.318696377422384,-2.9508527202426658,-0.36784365717971834,38.18055435108902,187.42096557617188,196.0192985178344,178.82263263450938,0.09175422733768768,-0.0143085540720288,-0.014411908518257065,0.36855298152144156,11767030.0,1.2215826763422886,0
2022-01-18,173.5322265625,178.72445258414407,173.07466616917733,176.01893153619508,12721300,186.83708801269532,191.57058227539062,249.64832290649414,183.54304375200212,187.55969151327218,-4.016647761270065,-3.1640117284481457,-0.8526360328219189,36.86596620685035,186.83708801269532,197.42370592600946,176.25047009938118,0.1133245869534725,-0.022194785374975767,-0.022444795833787987,0.37323600022949244,11458105.0,1.1102446696028707,0
2022-01-19,172.6270751953125,176.33723504327315,171.6821302703008,173.4228238818227,13715700,186.38301696777344,190.5315377807617,249.25224060058594,181.86366397404987,186.4535717860159,-4.589907811966043,-3.4491909451517255,-1.1407168668143175,36.389252985550236,186.38301696777344,198.55599544189496,174.21003849365192,0.13062325819338239,-0.005216041914044678,-0.005229692950947524,0.36862941906592733,11598550.0,1.1825357480029832,0
2022-01-20,172.35848999023438,178.92339704207004,172.11976085425482,174.07928554303197,13992500,185.59423370361327,189.4147085571289,248.84282943725586,180.40132951500132,185.40949165299506,-5.008162137993736,-3.760985183720128,-1.2471769542736082,34.15131234968106,185.59423370361327,199.24428837283895,171.9441790343876,0.147095676377794,-0.0015558695226356445,-0.0015570811445348486,0.34083988738033405,11672400.0,1.1987680339947226,0
2022-01-21,162.6702880859375,172.0402059101477,162.43157411891852,170.88637114407965,20051000,184.19471588134766,188.5815628051758,248.34071395874022,177.67347698745306,183.72510620358338,-6.051629216130323,-4.2191139902021675,-1.8325152259281552,30.77394218666778,184.19471588134766,201.02641983584974,167.3630119268456,0.1827599002931715,-0.0562096007272157,-0.057851172158643445,0.3805247894956343,12197870.0,1.6438115834977747,0
2022-01-24,161.30758666992188,161.58410815915968,151.2712484005097,155.2798158588005,23632200,182.71065139770508,187.7366799926758,247.82049530029298,175.15564770783286,182.06454920108993,-6.908901493257076,-4.75707149081315,-2.1518300024439263,22.750700878965617,182.71065139770508,202.0650516583813,163.35625113702886,0.21185847801010374,-0.008377076306004483,-0.00841236120409279,0.3789167827789657,12991380.0,1.8190677202883758,0
2022-01-25,157.3586883544922,160.05428323535384,154.4442773984664,158.95018561533456,13268100,181.029141998291,186.86474151611327,247.26929222106935,172.41765396116506,180.23448543467526,-7.816831473510206,-5.369023487352561,-2.4478079861576445,22.686554709927023,181.029141998291,203.01937614455937,159.03890785202265,0.24294689687559765,-0.024480549222462678,-0.024785179827610256,0.38189502869383674,13237195.0,1.0023347091283312,0
2022-01-26,156.14517211914062,164.450772677904,154.6631056907141,161.2279976163277,15966500,179.3819480895996,185.84379974365234,246.68019187927246,169.91419521623823,178.45009185574676,-8.535896639508536,-6.002398117783756,-2.5334985217247796,23.77474981251102,179.3819480895996,203.64777534721412,155.11612083198509,0.27054926670206486,-0.007711784128613175,-0.007741673702962445,0.3819321029382559,13637050.0,1.1708177355073128,1
2022-01-27,157.2691650390625,161.6855553624817,155.70750707921218,158.58414078045612,12657000,177.79741897583008,184.76098907470703,246.13759284973145,167.9688059582112,176.88113431377016,-8.91232835555897,-6.5843841653387996,-2.32794419022017,18.110516546033566,177.79741897583008,203.52461349777997,152.0702244538802,0.28939896507099755,0.007198384072126585,0.007172599370349748,0.38528726489492,13917965.0,0.9094001888925572,1
2022-01-28,162.65040588378906,162.76976286767282,155.95618505497404,157.52778444589612,9861700,176.3869598388672,183.72353576660157,245.58813049316407,167.15059056214625,175.8270062819197,-8.676415719773445,-7.002790476225729,-1.6736252435477157,27.82688609510292,176.3869598388672,202.19187322468588,150.58204645304852,0.29259434381534727,0.0342167572606491,0.03364438396286035,0.40978480890232233,13929310.0,0.7079819459829668,1
2022-01-31,171.025634765625,171.24446603168124,162.35200604193113,163.56551936182709,14260000,175.55938491821288,183.04058715820312,245.10108459472656,167.74675120883526,175.4713491325645,-7.724597923729249,-7.147151965726434,-0.5774459580028148,40.52006663429701,175.55938491821288,200.91089523433416,150.2078746020916,0.28880837476084437,0.05149221015667127,0.050210307818074694,0.4582306832993048,14274290.0,0.9989988994198661,1
2022-02-01,174.86509704589844,175.26296377122446,169.6231187038112,171.8512118275079,23286900,174.60747451782225,182.5492141723633,244.64298377990724,168.8418813376142,175.42644157058925,-6.584560232975036,-7.034633619176155,0.4500733862011188,35.26987225466844,174.60747451782225,198.443230803924,150.7717182317205,0.2730210301927117,0.02244963034655645,0.022201346446681897,0.44746962281843555,14799225.0,1.5735215864344247,0
2022-02-02,131.86500549316406,139.1560114991662,128.32392467711014,139.14607014270538,136264000,171.6945487976074,181.33490661621093,243.98719009399414,163.1531312076988,172.19966852781704,-9.046537320118233,-7.4370143593645714,-1.6095229607536616,20.396671637143342,171.6945487976074,201.12832402014146,142.26077357507336,0.34286208186178846,-0.24590437016397704,-0.2822360889951775,0.9666987025317493,20902525.0,6.519021027363919,0
2022-02-03,123.63897705078125,130.7509473611324,123.19136559236475,129.25892434405372,52101200,168.5682632446289,180.03823913574217,243.2879782104492,157.07403056817301,168.60258027025884,-11.528549702085826,-8.255321427908823,-3.2732282741770025,19.9470151642834,168.5682632446289,204.1672835011043,132.9692429881535,0.42236918825951886,-0.06238219466656947,-0.06441287000967888,0.9805492000700324,22846205.0,2.280518799511779,1
2022-02-04,125.40950775146484,126.02620573152186,120.75439571129166,123.72849275148467,33103500,165.276362991333,178.80543014526367,242.61064952850342,152.20256551944868,165.40309341701484,-13.200527897566161,-9.244362721840291,-3.95616517572587,22.022668615508877,165.276362991333,204.07741106258715,126.47531492007886,0.46952930678041177,0.014320166204192963,0.014218601095292058,0.9736211128913317,23791065.0,1.3914257306261826,0
2022-02-07,120.76434326171875,128.73174048575743,119.85917901408193,125.9068472951967,30384500,161.98446235656738,177.46658798217774,241.891395072937,147.36591594133637,162.09651933143735,-14.730603390100981,-10.34161085549243,-4.388992534608551,21.856767038508465,161.98446235656738,204.18951581536555,119.77940889776922,0.5211000221230421,-0.037039970677118284,-0.037743374459879596,0.9756200677347361,24678925.0,1.2311922014431342,0
2022-02-08,119.6204605102539,122.6741339738982,117.91955518576358,120.37641337303529,30862700,158.86663131713868,176.12317077636717,241.13812240600586,143.09738433655446,158.95014460394228,-15.852760267387822,-11.44384073787151,-4.408919529516313,21.801250136677638,158.86663131713868,203.96675965256242,113.76650298171495,0.5677734582965037,-0.009472023948209896,-0.00951716886905943,0.9760262213447278,25486980.0,1.2109202424139698,1
2022-02-09,122.28620910644531,123.31271863685792,119.17284954891458,121.56008789787502,29475600,155.45586700439452,174.84400970458984,240.41260124206542,139.8956650703838,156.2342975300536,-16.338632459669782,-12.422799082231164,-3.9158333774386183,24.024774457795544,155.45586700439452,200.7996970552102,110.11203695357884,0.5833659536250745,0.02228505545640247,0.02204037212404528,0.9578779793953142,26317375.0,1.1200053196794892,0
2022-02-10,118.38705444335938,124.61376621129855,117.849932813654,120.89365746315295,30012600,152.06499633789062,173.53361572265624,239.6562947845459,136.5866480508416,153.43079804215031,-16.84414999130871,-13.307069264046675,-3.537080727262037,25.559953756571204,152.06499633789062,197.86768351568784,106.2623091600934,0.6024093418056973,-0.03188548154021098,-0.0324048945089524,0.95878977970219,27138565.0,1.1059022464894515,0
2022-02-11,114.67688751220703,120.24710513720164,114.11986802635397,119.01370159474644,24624900,148.796471786499,172.25982589721679,238.89755138397217,133.21591566028243,150.56013800289526,-17.344222342612824,-14.114499879759906,-3.2297224628529175,24.91438560678378,148.796471786499,195.5120752619343,102.08086831106371,0.6279127846857189,-0.03133929591032625,-0.03184087898665049,0.9585065521740523,27730815.0,0.8879977021951934,0
2022-02-14,113.51311492919922,116.00976133709338,112.39906833408912,113.01577391887139,22787000,145.59856948852538,170.8069934082031,238.16064125061035,130.18471554780808,147.81591407151038,-17.631198523702295,-14.817839608548386,-2.813358915153909,25.68403123349067,145.59856948852538,192.8031567594064,98.39398221764438,0.6484210310129619,-0.010148274933638457,-0.010200119730787204,0.9589654448323599,28151445.0,0.8094433518421523,1
2022-02-15,114.84598541259766,115.78098894221458,113.4036995154334,114.80122654290024,19007600,142.66425743103028,169.44487594604493,237.44631038665773,127.82491091162187,145.37369713381312,-17.548786222191254,-15.36402893127696,-2.184757290914293,27.126492383775272,142.66425743103028,189.8537422477559,95.47477261430467,0.6615460055163281,0.01174199548862509,0.011673593191886702,0.9655249480382544,28465760.0,0.6677355531698433,0
2022-02-16,109.9521484375,114.17954690854285,109.7929956759559,114.09002158296894,28938700,139.53051109313964,167.9663804626465,236.75192287445068,125.07525514637236,142.749878711864,-17.674623565491643,-15.826147858119898,-1.8484757073717457,24.84400036602723,139.53051109313964,186.66621623488857,92.3948059513907,0.675632946120076,-0.04261217279398988,-0.04354671653320782,0.9678739597633814,29226910.0,0.9901388822834847,0
2022-02-17,104.64054870605469,110.81753091953377,104.43166638605044,109.40507663992798,33972200,136.14461402893068,166.2591081237793,236.04470401763916,121.93145415555426,139.92696537810033,-17.99551122254607,-16.260020531005132,-1.7354906915409387,19.13631823283073,136.14461402893068,183.0796803037718,89.20954775408957,0.689488403336579,-0.048308285076071766,-0.04951412549607961,0.9701089359015819,30225895.0,1.123943558991388,0
2022-02-18,103.09879302978516,106.17335096872146,102.48208744457781,105.4362942621728,28157400,133.16603927612306,164.39507415771484,235.30679916381837,119.03412167466672,137.19895261155847,-18.164830936891747,-16.640982612182455,-1.5238483247092915,11.026123197328829,133.16603927612306,180.57191026436428,85.76016828788184,0.7119813917412379,-0.014733826373564574,-0.014843447282882189,0.9621945148146893,30631215.0,0.9192387569347151,0
2022-02-22,102.621337890625,104.52118411201086,101.16910311281369,101.60676561173425,28422200,130.2317268371582,162.63289520263672,234.55984268188476,116.50907801558337,134.63764781741526,-18.128569801831887,-16.938500050112342,-1.1900697517195447,6.885901192571282,130.2317268371582,177.56833150705717,82.89512216725922,0.7269596406271828,-0.0046310448951834005,-0.004641801405697285,0.9629138935509804,30870715.0,0.9206848626602915,0
2022-02-23,100.18437194824219,104.98868781488665,100.06003669862191,104.46149998188673,25263600,127.37301101684571,160.88643280029297,233.8490926361084,113.99758477445395,132.0855533085876,-18.08796853413365,-17.168393746916607,-0.9195747872170443,13.34866311066672,127.37301101684571,174.71745668625948,80.02856534743194,0.7433983901527182,-0.023747165964452366,-0.02403367485110016,0.9628756588306999,31470490.0,0.802771103977091,1
2022-02-24,104.46150207519531,104.70023122320154,93.99745059654501,94.23617215572969,35400600,124.78882751464843,159.26788604736328,233.13501037597655,112.53049512841416,130.0393272912993,-17.508832162885128,-17.236481430110313,-0.2723507327748145,25.58255922343828,124.78882751464843,171.1527164683105,78.42493856098636,0.7430775635458168,0.042692588113072194,0.04180639442818826,0.9879201550792136,32442195.0,1.0911900381586388,1
2022-02-25,110.35002136230469,110.50916653302245,103.974106223671,105.58549376430798,33806900,122.44287033081055,157.75875427246095,232.4935897064209,112.19503762593578,128.58086018544785,-16.385822559512064,-17.066349655990663,0.680527096478599,32.64557219109348,122.44287033081055,166.58161077988882,78.30412988173228,0.7209687314553512,0.056370233723717744,0.05483872395536714,1.0193357794822275,33499690.0,1.0091705326228393,1
2022-02-28,111.33475494384766,112.93122286970356,108.35070898725975,109.72336739531453,25719300,119.87708778381348,156.19252792358398,231.85266628265381,112.06268644407608,127.30337090829228,-15.240684464216201,-16.701216617635772,1.460532153419571,38.13219259963415,119.87708778381348,159.95376284992366,79.8004127177033,0.6686294404879858,0.00892372805538355,0.008884146894245283,1.0069073851621084,34292570.0,0.7499962819934464,0
2022-03-01,105.94358825683594,112.15040218175895,104.99962988290827,112.13051187965533,19597700,116.62298545837402,154.55647506713868,231.1574831008911,111.12128672296221,125.72116478596217,-14.599878062999963,-16.28094890670861,1.6810708437086461,34.449220359567136,116.62298545837402,149.05217751385425,84.19379340289379,0.5561372302041626,-0.04842303456571839,-0.04963470698934946,0.9793814403759201,34559455.0,0.5670720212457054,1
2022-03-02,106.04304504394531,106.65975059508274,103.13857552340355,105.0483630775553,17023500,113.18188285827637,152.97314041137696,230.47239589691162,110.34001877234422,124.26352628655353,-13.923507514209305,-15.809460628208749,1.8859531139994434,30.386719056597997,113.18188285827637,130.82344381931387,95.54032189723888,0.3117382484814788,0.0009387711776220886,0.0009383308075430634,0.9694781123772339,34246285.0,0.4970904143325327,0
2022-03-03,100.80106353759766,107.17697837645514,100.32362045907102,107.08746064503924,20330800,111.62868576049804,151.3549917602539,229.76681816101075,108.87248719776782,122.52556608292717,-13.653078885159346,-15.37818427959887,1.7251053944395238,29.432268650041507,111.62868576049804,127.74859426614535,95.50877725485074,0.2888130124586962,-0.049432581874420234,-0.05069619045213951,0.5126657481813507,28449625.0,0.714624533715295,0
2022-03-04,99.3786849975586,101.8454921757057,98.0955442715877,99.70692429908755,20151600,110.41567115783691,149.57988235473633,229.04706623077394,107.41190224388947,120.8109822988258,-13.399080054936334,-14.982363434666363,1.5832833797300285,31.09635103988802,110.41567115783691,126.3806441456576,94.45069817001622,0.28917947643499065,-0.014110749332605366,-0.014211252526413873,0.47828251384900916,26852145.0,0.7504651863007592,0
2022-03-07,93.1121826171875,99.79644687068692,93.00276699009343,99.04048642589746,26529900,108.80080490112304,147.62891311645507,228.2616156387329,105.21194537824302,118.75921935944518,-13.547273981202167,-14.695345543973524,1.1480715627713565,27.61403860678817,108.80080490112304,124.91305222859188,92.68855757365421,0.2961788259215815,-0.06305680519444423,-0.06513262312195205,0.5033798794000596,26523465.0,1.0002426153596446,1
2022-03-08,94.39532470703125,98.07564512566795,91.75941585047288,92.54521555269648,25130900,107.48235397338867,145.69704208374023,227.486808052063,103.54784989036429,116.95448642222934,-13.406636531865047,-14.437603741551829,1.0309672096867821,27.534954588158982,107.48235397338867,123.78699841188366,91.17770953489368,0.3033920236345367,0.013780603716692319,0.013686514614942672,0.5052500035296138,26260785.0,0.9569744392637158,1
2022-03-09,99.6870346069336,100.194324568865,96.77261594536161,97.59820385444532,20811300,106.48568267822266,143.87100524902343,226.7062313079834,102.95387830829803,115.67541591739263,-12.721537609094597,-14.094390515060383,1.372852905965786,38.82148948880088,106.48568267822266,122.08806504742218,90.88330030902314,0.293041880876073,0.05605902534183649,0.05454407893206312,0.559785994132536,25758215.0,0.8079480662771081,0
2022-03-10,98.02591705322266,98.79181887693792,95.88734917180493,98.52325806802577,14703200,105.27266807556153,142.0497425842285,225.90998851776124,102.19573042290182,114.36804563115781,-12.172315208255995,-13.709975453699506,1.5376602454435115,42.174629384025536,105.27266807556153,119.40583924405682,91.13949690706623,0.268505993566173,-0.016663325980763033,-0.01680372101445346,0.5483495517639208,25019595.0,0.5876673863026161,0
2022-03-11,96.05643463134766,99.28915093598084,95.01201555893778,99.21952350374157,15141700,104.15613708496093,140.1916763305664,225.09037048339843,101.25122337804733,113.01163000154224,-11.760406623494916,-13.32006168765859,1.5596550641636746,41.752083567144155,104.15613708496093,117.4291013325176,90.88317283740426,0.2548666764922324,-0.020091446028560833,-0.020296023945422206,0.5438081019103369,24276050.0,0.6237299725449569,1
2022-03-14,96.35485076904297,100.10479867492629,94.12675756272503,95.53423354278024,20988900,103.24003524780274,138.30158157348632,224.28169414520264,100.49793528435436,111.7777945028386,-11.279859218484248,-12.912021193823723,1.632161975339475,42.629865089798066,103.24003524780274,115.97377849961816,90.50629199598731,0.24668227245857005,0.0031066751419683847,0.0031018593981393984,0.5394743919803563,24094250.0,0.8711165527044834,1
2022-03-15,99.92575073242188,100.03516635725342,95.53920714978169,98.15024734551218,18032900,102.56066703796387,136.54855392456054,223.4881368637085,100.40990689174936,110.8998653346596,-10.489958442910236,-12.427608643641026,1.9376502007307899,49.7037329404781,102.56066703796387,114.40546624430229,90.71586783162545,0.23098132156168505,0.037059887850775075,0.036389678641361514,0.5626453153204151,23856545.0,0.7558890023681132,1
2022-03-16,107.34607696533203,107.36597485458019,101.34814586779866,101.83553791088146,24840500,102.18567161560058,134.81740936279297,222.73541137695312,101.47700997999284,110.63662175174645,-9.159611771753603,-11.77400926926354,2.6143974975099376,53.08248042463871,102.18567161560058,112.80422730491634,91.56711592628483,0.2078286617180609,0.07425839864621153,0.07163056179107846,0.628357534545255,24148190.0,1.0286692294536361,1
2022-03-17,111.56353759765625,111.58342789872371,105.90379454687181,105.99331228490755,21950800,102.2662410736084,133.24620971679687,221.98935012817384,103.02878345963337,110.7052821847768,-7.676498725143432,-10.954507160439519,3.278008435296087,51.34480186032418,102.2662410736084,113.15396059515868,91.37852155205812,0.21292890805898698,0.03928844678400556,0.0385362932067644,0.6264905807056669,23798795.0,0.922349219781926,1
2022-03-18,118.13837432861328,118.74513093788529,109.64379697644746,110.93687898514854,31997800,102.94113235473633,131.88568344116212,221.29794666290283,105.3533359010149,111.25588160283877,-5.902545701823868,-9.944114868716389,4.04156916689252,56.70850915231654,102.94113235473633,115.92090840753676,89.9613563019359,0.2521786142408454,0.05893356263646443,0.05726232870838361,0.6291358529077395,23700075.0,1.3501138709476659,0
2022-03-21,114.04029846191406,116.87514078445346,111.90173053830651,116.59663102488072,19888900,103.48820762634277,130.34153915405273,220.55994243621825,106.68979167961477,111.46213470351101,-4.772343023896241,-8.909760499752359,4.137417475856118,58.192432761579155,103.48820762634277,117.38584157596662,89.59057367671892,0.2685839144070021,-0.03468877822290006,-0.03530472002462252,0.6420604225303712,23286650.0,0.8540902190740188,1
2022-03-22,117.2431640625,118.71528909730401,114.04028697245688,114.04028697245688,16746100,104.21929893493652,128.95435531616212,219.85008754730225,108.31338743082787,111.89035910047316,-3.576971669645289,-7.843202733730945,4.266231064085656,60.6628813520912,104.21929893493652,119.40372699051277,89.03487087936027,0.29139378619416345,0.028085384235079003,0.027698222178234127,0.6454851158879162,22702845.0,0.7376212100289633,0
2022-03-23,114.04029846191406,116.73588590466709,113.48327135394678,114.91561593326007,14430600,104.91209526062012,127.59561965942383,219.1115362930298,109.1944506663796,112.0496138679873,-2.8551632016077093,-6.845594827306298,3.990431625698589,63.113326103959395,104.91209526062012,120.57811362404104,89.2460768971992,0.2986503762889068,-0.02731814367342178,-0.027698222178234047,0.6478952066177758,22161195.0,0.6511652462784611,1
2022-03-24,115.43285369873047,115.57210857712968,112.71736839230259,115.2040734906051,13546700,105.46066284179688,126.09424682617187,218.37770965576172,110.15420497904897,112.30022422582013,-2.1460192467711607,-5.905679711199271,3.7596604644281104,65.91088912466715,105.46066284179688,121.81354393381764,89.10778174977611,0.3101228581609044,0.012211080254945772,0.012137126443068852,0.6347018268771716,21068500.0,0.6429836011106629,0
2022-03-25,113.155029296875,115.57210692134885,111.49390454750306,115.42290309982397,12371500,105.6009132385254,124.63325805664063,217.60330001831053,110.61587025871451,112.36354311997235,-1.7476728612578398,-5.074078341210985,3.326405479953145,71.56927011868346,105.6009132385254,122.17694834932524,89.02487812772554,0.31393734395760076,-0.019732895175583076,-0.019930188510860265,0.611274157572249,19996730.0,0.6186761535511056,1
2022-03-28,115.55220794677734,116.47726252496503,111.76247189524464,113.39374979394658,13868000,105.81178588867188,123.34335464477539,216.8310288619995,111.37530682610878,112.59974051455049,-1.2244336884417066,-4.304149410657129,3.079715722215423,72.23500765174681,105.81178588867188,122.79720034467795,88.82637143266581,0.3210495752122924,0.021184905918879338,0.02096362554630361,0.6146677308668427,19404165.0,0.7146919231000148,1
2022-03-29,120.53556823730469,120.90360331897092,116.34795781770173,118.01902392525446,15918400,106.54138488769532,122.20464279174804,216.06636707305907,112.78457781244661,113.18757960512488,-0.40300179267826763,-3.5239198870613575,3.12091809438309,72.05388178193067,106.54138488769532,124.75948777552048,88.32328199987015,0.3419911034013453,0.04312648264430097,0.04222243678159319,0.5996558919020777,19220200.0,0.8282119853071248,0
2022-03-30,117.85987091064453,122.15689695120022,117.40231809021749,121.67447556240639,16513300,107.13222618103028,121.09119567871093,215.30344581604004,113.5653921352463,113.5336752573856,0.03171687786070265,-2.8127925340769453,2.844509411937648,70.53976377591928,107.13222618103028,126.03585691289993,88.22859544916062,0.35290278949168125,-0.02219840471811918,-0.02244849733771514,0.608393417351572,19194690.0,0.8603056366109586,0
2022-03-31,115.03497314453125,118.25774065278472,114.97528706500084,117.47691924032922,13928300,107.84392166137695,119.93935363769532,214.54166847229004,113.79148152129014,113.64488250828528,0.14659901300485956,-2.2209142246605844,2.367513237665444,69.31175888154355,107.84392166137695,126.81558496575266,88.87225835700124,0.3518355603562994,-0.023968274734111783,-0.02426018770195621,0.5838460484997973,18874565.0,0.7379401856413644,1
2022-04-01,116.04954528808594,117.61119569989918,114.42821638563693,115.3831101799156,11037800,108.67746467590332,118.81317474365234,213.738761138916,114.13887594695103,113.8230056771594,0.31587026979163113,-1.7135573257701413,2.0294275955617724,69.7526026542352,108.67746467590332,127.54774310927587,89.80718624253078,0.34727123032631046,0.008819684273581485,0.008781018041232018,0.5783600801335383,18418875.0,0.5992656989094068,1
2022-04-04,121.21194458007812,121.66949737225536,116.25842506681825,116.43746812365465,15266400,110.08245277404785,117.98400787353516,212.93545593261717,115.22704035204751,114.37033448478302,0.8567058672644947,-1.1995046871632142,2.056210554427709,70.68833579416128,110.08245277404785,128.24412750849328,91.92077803960242,0.32996493585991526,0.04448444221971615,0.04352340694875703,0.5256900440981459,17855700.0,0.8549874829886255,0
2022-04-05,117.02433776855469,122.26432025128324,116.5797163148842,122.176790785912,12778700,111.21390342712402,117.09834289550781,212.1126052093506,115.50354764689477,114.56692732061796,0.9366203262768096,-0.7722796844752094,1.7089000107520191,60.0371498665431,111.21390342712402,128.03037847667667,94.39742837757136,0.3024167758048726,-0.03454780653862799,-0.03515869313866646,0.5529801569499314,17238090.0,0.7413060263637097,0
2022-04-06,111.89177703857422,114.90566231085258,110.27044809629967,114.64705045253099,16288900,111.82414054870605,116.18900466918946,211.2459387588501,114.94789063023006,114.36876804046658,0.579122589763486,-0.5019992296274703,1.0811218193909564,50.33407032815967,111.82414054870605,127.74112074452655,95.90716035288555,0.2846787843433093,-0.04385891710945977,-0.04484980057370367,0.5595849242249809,17011970.0,0.9574963981243795,1
2022-04-07,112.43885040283203,113.731932405978,109.51448299292493,110.92692956402546,12471300,112.54478721618652,115.31487823486329,210.37519416809081,114.5618844413996,114.22581117841958,0.3360732629800225,-0.3343847311059718,0.6704579940859943,43.387951657083505,112.54478721618652,127.07616156578368,98.01341286658936,0.25823273932152785,0.004889308032610895,0.004877394183961276,0.5530073788158578,16900375.0,0.7379303713674993,0
2022-04-08,110.61858367919922,112.63778691348534,109.66368987529738,111.66300280877822,10521800,113.2728946685791,114.38186660766601,209.47003360748292,113.95522278567645,113.95860914144029,-0.0033863557638369457,-0.26818505603754483,0.2647987002737079,45.808953600400706,113.2728946685791,125.62096651616963,100.92482282098857,0.21802341828942026,-0.016188948189272523,-0.01632142088573698,0.5505976453234098,16669380.0,0.6312052397869626,0
2022-04-11,109.22602844238281,110.80259850823117,107.86331895360424,109.16634995055935,10706600,113.9164535522461,113.3133790588379,208.57586421966553,113.22765442516975,113.60804760817678,-0.38039318300702973,-0.2906266814314418,-0.08976650157558791,39.72462814649785,113.9164535522461,123.60778693841775,104.22512016607445,0.17014808807626483,-0.01258880009578589,-0.012668710397909965,0.5551145926504565,16155265.0,0.6627313139091188,0
2022-04-12,107.67433166503906,112.14045193440477,107.17699064118207,111.04630319968373,12493600,114.30388259887695,112.04635299682617,207.65379413604737,112.37329707745734,113.16851309387029,-0.7952160164129509,-0.39154454842774367,-0.40367146798520726,41.48029297009811,114.30388259887695,122.06819397916446,106.53957121858944,0.13585385209590062,-0.014206291297703566,-0.014308166652205703,0.5479072229283056,15878300.0,0.7868348626742158,0
2022-04-13,104.61071014404297,105.38656093451894,101.74602855101895,102.04442861491333,26481900,114.1671142578125,110.64126525878906,206.72083221435548,111.17905293385513,112.53460176425345,-1.3555488303983196,-0.5843454048218588,-0.7712034255764608,36.136587181327585,114.1671142578125,122.5214254004175,105.8128031152075,0.14635232215363297,-0.028452663449322624,-0.028865286132246055,0.4924630030749325,15960370.0,1.6592284514707365,0
2022-04-14,101.76591491699219,105.13788635368431,101.51724441228733,104.52118835886206,16125800,113.6772331237793,110.03928344726563,205.7800121307373,109.73087785433775,111.73692125704892,-2.006043402711171,-0.8686850043997213,-1.13735839831145,35.619181130070245,113.6772331237793,123.66391275560278,103.69055349195582,0.17570236990109214,-0.027194110652089654,-0.027570713771382403,0.47691654368006425,15669120.0,1.0291452232161091,0
2022-04-18,100.04511260986328,102.45224111374291,98.60779749196604,101.50729629433874,15342400,112.7725700378418,109.56740615844727,204.84292232513428,108.2407601244186,110.87086135725738,-2.6301012328387827,-1.2209682500875336,-1.409132982751249,30.07921871924968,112.7725700378418,124.22774612095179,101.31739395473181,0.20315536090498085,-0.016909417151435457,-0.01705401369230124,0.41592285868958767,14836350.0,1.034108793604896,1
2022-04-19,103.1087417602539,104.30235714785033,99.3786841879881,99.46820192708813,12768100,112.22599220275879,109.12139083862304,203.9149835205078,107.45121883762403,110.29588953525713,-2.8446706976331058,-1.5457087395966482,-1.2989619580364575,26.451618357223964,112.22599220275879,124.44424882512028,100.0077355803973,0.2177437932611326,0.030622476905369567,0.0301629662078026,0.4247568118693986,14480310.0,0.8817559845058566,0
2022-04-20,94.39532470703125,101.4078283569452,93.92782294593934,101.4078283569452,26487000,111.08360023498535,108.5940104675293,202.9315414428711,105.44261974060976,109.11806991835151,-3.6754501777417516,-1.9716570272256693,-1.7037931505160824,22.740934089065945,111.08360023498535,125.41624260670578,96.75095786326493,0.2580514556856506,-0.08450706413897369,-0.08829263105132677,0.4922083910402864,14967355.0,1.7696513512240473,0
2022-04-21,88.92457580566406,97.09091443531482,88.3377094564582,95.62375994553271,27204100,109.82781410217285,107.9800927734375,201.89841499328614,102.90138221215656,107.62225553963393,-4.7208733274773635,-2.5215002872760084,-2.199373040201355,21.423912204861566,109.82781410217285,127.15748048500413,92.49814771934157,0.3155788271759553,-0.05795571887004369,-0.0597029979416394,0.5176034798120591,15606030.0,1.7431787584670797,0
2022-04-22,85.57249450683594,89.77005392101044,85.52276495823367,88.82013075349307,21053000,108.33479614257813,107.24581848144531,200.85887298583984,100.23539948826108,105.98893990757482,-5.753540419313737,-3.1679083136835544,-2.5856321056301823,18.268444979938053,108.33479614257813,128.5381275911841,88.13146469397216,0.3729795443011053,-0.03769578059223777,-0.03842464191801342,0.517150747799,15981345.0,1.3173484459537042,1
2022-04-25,87.31318664550781,87.4623904665184,83.97105444568557,84.87124046105995,15683400,107.04270401000977,106.62434112548829,199.80237159729003,98.24736674322212,104.60555077705133,-6.358184033829218,-3.8059634577126875,-2.5522205761165306,11.998226483891415,107.04270401000977,129.1625342858896,84.92287373412996,0.4132898263446586,0.02034172485801289,0.020137595558647515,0.5309910523010934,16146940.0,0.9712923934813655,0
2022-04-26,83.2548828125,86.40305234572742,83.12557688067359,86.30855633873743,17205300,105.4278377532959,105.99590103149414,198.71185188293458,95.94083075388025,103.0240198167142,-7.083189062833952,-4.461408578736941,-2.6217804840970116,12.033111308055183,105.4278377532959,129.55646523119168,81.29921027540014,0.45772782582068,-0.04647985016838929,-0.04759472167243873,0.5286462072365051,16313805.0,1.0546466627497386,0
2022-04-27,82.17068481445312,86.1444423389281,81.68329273448605,83.12557867245512,24669800,103.50959358215331,105.36905242919921,197.62476402282715,93.82234676319915,101.47932833506523,-7.656981571866083,-5.100523177362769,-2.5564583945033146,13.23820091162699,103.50959358215331,128.65951911216493,78.3596680521417,0.485943856209824,-0.013022635567076835,-0.013108173516881927,0.4811843695384659,16751375.0,1.4727029870682258,1
2022-04-28,91.60026550292969,92.68447287368714,83.9213265218688,84.60765196968416,42836600,102.19661331176758,104.90413803100586,196.58701232910155,93.48048810777308,100.7475459030552,-7.267057795282113,-5.533830100946638,-1.7332276943354756,28.868271045773994,102.19661331176758,126.93051237813475,77.4627142454004,0.4840453761596257,0.11475601925150292,0.10863556415339433,0.6742007412824179,18067540.0,2.3709149114932084,0
2022-04-29,87.46238708496094,94.00739635563168,87.28334402443488,90.51606046978432,24872400,100.81798400878907,104.45434280395507,195.54965843200682,92.55462641195584,99.76346006467784,-7.2088336527220065,-5.868830811301712,-1.3400028414202945,27.57225675282841,100.81798400878907,125.61250351603181,76.02346450154633,0.4918669967667914,-0.045173214239607296,-0.04622533111918106,0.6834635907645574,18614745.0,1.3361665711778485,1
2022-05-02,91.04324340820312,91.99813722973637,86.35829203904555,87.08441324739789,21340500,99.56766891479492,104.18239669799804,194.53955879211426,92.32210594984004,99.11751809012416,-6.795412140284128,-6.054147077098195,-0.7412650631859332,33.105363939587875,99.56766891479492,123.63961492186563,75.49572290772421,0.4835293679049629,0.04094167152977146,0.04012575687164411,0.706043092542338,19129880.0,1.1155584875597755,0
2022-05-03,90.22760772705078,91.75941899270964,89.56117257573804,90.99351715429111,15227600,98.01845207214356,103.92497299194336,193.52428691864014,91.99987545402631,98.45900621137798,-6.459130757351673,-6.135143813148891,-0.3239869442027823,33.56446899720835,98.01845207214356,120.13388556908947,75.90301857519765,0.4512504131501384,-0.008958772234149759,-0.008999143331976062,0.6750055259478679,19127940.0,0.7960919994521104,1
2022-05-04,92.22691345214844,92.35621937624413,86.65669593914858,89.77004777258216,15850600,96.77858085632325,103.71708450317382,192.50299716949462,92.03480437681434,97.99736971069431,-5.962565333879979,-6.100628117295109,0.1380627834151298,38.095233205721854,96.77858085632325,117.11657490917219,76.4405868034743,0.4202994892649351,0.022158469846011997,0.021916538318918762,0.6818755110331159,19281535.0,0.8220611066494447,0
2022-05-05,84.9756851196289,90.24750285169509,83.72238365180844,90.24750285169509,22066500,95.43277626037597,103.41291076660156,191.4270497894287,90.94878602955504,97.03280048172651,-6.084014452171473,-6.097305384270382,0.013290932098908748,35.119887889802484,95.43277626037597,115.1114441585088,75.75410836224314,0.41240899970136324,-0.07862377760567474,-0.08188683276692986,0.714498659030651,19570415.0,1.1275437950600435,0
2022-05-06,81.2456283569336,84.91600746896297,80.4697775892445,84.86627033203044,21369300,93.87311515808105,102.94859329223632,190.32290302276613,89.45599254145942,95.86338032433444,-6.40738778287502,-6.159321863991311,-0.2480659188837091,33.91215770131561,93.87311515808105,112.80710081728489,74.93912949887721,0.4033952772808118,-0.04389557739304051,-0.04488814322738473,0.7195261342357459,20015315.0,1.0676474489659544,0
2022-05-09,79.10706329345703,81.70318408621618,78.43067918674542,79.46514944341153,25513700,92.29753913879395,102.32373413085938,189.18399223327637,87.86384958022829,94.62217165538055,-6.758322075152265,-6.279121906223502,-0.47920016892876216,29.129900142948614,92.29753913879395,110.59813957360791,73.99693870397999,0.39655662774051054,-0.026322217043867058,-0.02667484839224582,0.7206181369613577,20764910.0,1.2286930210629374,0
2022-05-10,78.33121490478516,81.83249253668556,75.72514508645317,81.27547299245239,21126300,90.75279846191407,101.66366333007812,188.04980617523194,86.3972903993909,93.41543411829942,-7.018143718908519,-6.426926268760506,-0.5912174501480125,33.79489919389907,90.75279846191407,108.23416824225878,73.27142868156936,0.38525246772816724,-0.009807574145355047,-0.009855985190668663,0.7208428509440502,21285895.0,0.9925023119770158,0
2022-05-11,74.77024841308594,79.96248996551195,74.62104458675219,77.33652994179656,16770200,89.1075942993164,101.04019653320313,186.92924716949463,84.60851470919013,92.03430925124657,-7.425794542056437,-6.626699923419693,-0.7990946186367438,35.14923005150921,89.1075942993164,106.06923250236433,72.14595609626848,0.3807001712126359,-0.04546037612244014,-0.046526123972295524,0.7285834428993944,21499725.0,0.7800192793163634,0
2022-05-12,73.89492797851562,76.15285281878582,71.44900526215098,73.35779877849585,29361000,87.57180519104004,100.39723419189453,185.79685138702393,82.96027059677867,90.69065137919243,-7.730380782413761,-6.847436095218507,-0.8829446871952538,37.07617229586188,87.57180519104004,104.18167677718259,70.9619336048975,0.379342907226994,-0.01170680120967893,-0.011775865349549657,0.7275412162483036,21643680.0,1.3565622851566832,1
2022-05-13,78.41078186035156,78.76886797822795,75.96386511407715,75.96386511407715,17111400,86.404048538208,99.94942855834961,184.78058467864992,82.26034925271296,89.78103141483385,-7.520682162120892,-6.982085308598984,-0.5385968535219074,40.717688398494666,86.404048538208,102.06926779053866,70.73882928587734,0.36260382510672456,0.061111824659317415,0.059317249610000386,0.7758362131871669,21692960.0,0.7887996843215495,0
2022-05-16,77.237060546875,78.63955825208568,75.78283743376808,78.17205648740826,15432300,85.26364593505859,99.50659606933594,183.79644634246827,81.48753560566095,88.85184838757763,-7.364312781916681,-7.058530803262523,-0.30578197865415735,43.32377000199414,85.26364593505859,100.04336443848779,70.4839274316294,0.34668277063090236,-0.014968876545153442,-0.015082040893148132,0.775698251884091,21697455.0,0.7112493147237775,1
2022-05-17,79.32588958740234,80.85273010171892,76.89886307630536,79.46514446045006,12677400,84.07450332641602,99.23087020874023,182.8453313446045,81.15497467977501,88.14622180978687,-6.991247130011857,-7.04507406861239,0.053826938600533225,46.912773960438585,84.07450332641602,96.4384464719443,71.71056018088774,0.2941187317521401,0.027044388092160032,0.026685151134284955,0.7732069912443751,21692920.0,0.584402653031496,0
2022-05-18,76.7695541381836,79.51289020730673,76.36173089108978,78.18200070304398,15955300,83.19321479797364,98.87835479736329,181.86895145416258,80.48029459645325,87.3035056859644,-6.8232110895111475,-7.000701472792142,0.1774903832809942,31.08346997659629,83.19321479797364,94.95782020901028,71.428609386937,0.28282607997793574,-0.03222573944666762,-0.03275642080906756,0.7291165313288561,21166335.0,0.7538055123855878,1
2022-05-19,80.8477554321289,81.87227672463163,76.4214233658341,76.4214233658341,19779300,82.78937377929688,98.50156921386719,180.90301567077637,80.53682703271105,86.82530196345807,-6.288474930747029,-6.8582561643831195,0.5697812336360908,41.550192553856505,82.78937377929688,94.2768419767137,71.30190558188006,0.2775106918441141,0.05312263878209622,0.05175969245005458,0.7373617122836327,20795095.0,0.9511521827623293,0
2022-05-20,80.11168670654297,83.32450521717941,77.14753109937455,83.26482672745279,16887400,82.51633338928222,98.14328460693359,179.90768711090087,80.47142082868518,86.32799712961251,-5.85657630092733,-6.657920191691962,0.801343890764632,34.9410736705763,82.51633338928222,93.98484747208708,71.04781930647736,0.27796955128145495,-0.009104380469830864,-0.009146078625239046,0.7268094259067818,20586815.0,0.8203017319580518,1
2022-05-23,80.74828338623047,81.62360079607247,78.85838610772358,80.01222084639014,12309200,82.18808822631836,97.83712158203124,178.92116149902344,80.51401506830754,85.91468500047311,-5.40066993216557,-6.406470139786683,1.005800207621113,36.876884539938835,82.18808822631836,93.45250518211733,70.92367127051938,0.27411312755640604,0.007946364704807918,0.007914958615248805,0.7230067126148438,20418105.0,0.6028571211677087,0
2022-05-24,78.23174285888672,79.57456207615755,76.7894493679634,79.46514644619711,13309600,81.93693122863769,97.47465942382813,177.92896633148194,80.16289626685818,85.34557817517042,-5.182681908312233,-6.161712493491794,0.9790305851795607,30.898727932075857,81.93693122863769,93.32452092471561,70.54934153255977,0.2779598778065503,-0.031165251096506696,-0.0316612194018821,0.7127436953411752,20223320.0,0.6581313058390017,1
2022-05-25,79.69392395019531,80.3504101188862,76.83918390049259,77.545407204324,14075400,81.8130931854248,97.07002288818359,176.96288150787353,80.09074667967928,84.92693712146855,-4.83619044178927,-5.89660808315129,1.0604176413620197,41.43824511300847,81.8130931854248,93.2437667793619,70.3824195914877,0.2794338448499953,0.018690381140377355,0.01851786228048325,0.7152231050149053,19693600.0,0.7147195027826299,1
2022-05-26,79.99232482910156,80.8676498482498,79.32688384427313,79.9425952822636,21681900,81.23269615173339,96.52294784545899,175.98814281463623,80.07560485651348,84.56141028499692,-4.485805428483445,-5.6144475522177215,1.1286421237342763,47.714070144355915,81.23269615173339,91.70999653176163,70.75539577170515,0.25795771595363126,0.0037443366334017902,0.0037373440546000385,0.5719980923270893,18635865.0,1.1634501537760658,1
2022-05-27,84.7568588256836,84.96574115108447,80.31062872963368,80.72840096925744,16874100,81.09741973876953,95.98681427001954,175.0462784576416,80.79579777484734,84.57588795467741,-3.7800901798300686,-5.247576077740192,1.467485897910123,59.40397589835126,81.09741973876953,91.30237560111718,70.89246387642189,0.2516715302464562,0.059562389351242695,0.0578559826473077,0.597439200171023,18235950.0,0.9253205892755793,0
2022-05-31,84.7568588256836,86.13151321942625,82.69786723093547,84.25454710904019,15500000,80.78310050964356,95.31918395996094,174.10282260894775,81.4051917826683,84.58929320438158,-3.1841014217132795,-4.834881146534809,1.65077972482153,60.978920814092696,80.78310050964356,90.04157024947014,71.52463076981698,0.22921798448974712,0.0,0.0,0.5767296658086863,17943925.0,0.8638020945807564,0
2022-06-01,82.04137420654297,86.30855328276196,81.4147196934594,85.01547124381787,11019100,80.37378883361816,94.67920547485352,173.12902893066405,81.50306600172594,84.40055846380093,-2.897492462074993,-4.447403409642846,1.5499109475678532,62.79313887703893,80.37378883361816,88.53274012445442,72.21483754278191,0.20302517547669943,-0.03203852356923076,-0.032562989573136275,0.585672123754281,17733500.0,0.621371979586658,1
2022-06-02,87.85031127929688,88.13876996123064,81.78275278058258,81.78275278058258,17299800,80.15495872497559,94.09134841918946,172.21998901367186,82.4795652751984,84.65609570939323,-2.176530434194831,-3.9932288145532437,1.816698380358413,70.9215568577358,80.15495872497559,87.12322365466315,73.18669379528802,0.1738698401329552,0.07080497040590328,0.0684106744219681,0.637738022358006,17805960.0,0.9715735630092396,0
2022-06-03,86.06983947753906,87.63149004519903,85.24425152685447,86.21904330783973,11808300,80.2096664428711,93.53193923950195,171.3132866668701,83.03191515248157,84.76081746999662,-1.7289023175150504,-3.5403635151456054,1.811461197630555,62.508136179459456,80.2096664428711,87.35228802079821,73.06704486494398,0.17809877274616046,-0.020267108628645336,-0.020475304293847658,0.5748801966259177,17293050.0,0.6828350117532767,1
2022-06-06,86.34834289550781,88.51674998176047,85.94052721742575,87.49222872524678,12472000,80.46480216979981,92.9502490234375,170.39932312011717,83.54213480525483,84.87841194596042,-1.3362771407055902,-3.099546240257603,1.7632690995520126,65.327977550068,80.46480216979981,88.11008555920705,72.81951878039257,0.1900280168035181,0.003235784098812422,0.0032305602153180424,0.5495729446311614,16848185.0,0.7402577785084862,1
2022-06-07,88.1188735961914,88.34765379231004,84.07051821217208,84.6474355860179,10423800,80.91539268493652,92.44952590942383,169.48237552642823,84.24624846539892,85.11844614227383,-0.8721976768749045,-2.654076527581063,1.7818788507061587,64.95263736668637,80.91539268493652,89.25451947619177,72.57626589368127,0.20611966436906864,0.020504512782904882,0.02029712538724,0.5408134521354209,16093690.0,0.6476948418914494,0
2022-06-08,87.04462432861328,88.84499632812752,86.42791875391877,87.85031432374238,9129600,81.35106315612794,91.87937423706055,168.54006340026856,84.67676782897036,85.2611260079286,-0.5843581789582402,-2.2401328578564987,1.6557746788982586,68.40045228714878,81.35106315612794,90.02544467324105,72.67668163901482,0.21325797550956047,-0.012190910116496978,-0.012265828768222384,0.5417998207567382,15493855.0,0.5892400567838023,0
2022-06-09,83.66270446777344,87.66132280887133,83.62291627671507,86.34834285923097,11771500,81.79568595886231,91.14191696166992,167.56825897216797,84.5207580810939,85.14272441236155,-0.6219663312676431,-1.9164995525387276,1.2945332212710845,55.1698974234375,81.79568595886231,89.94554580891081,73.64582610881381,0.19927358648590165,-0.03885271361586129,-0.039627618088362626,0.5339539393908217,15243920.0,0.772209510414644,0
2022-06-10,78.87828063964844,81.0267896773821,77.83386157026979,80.00226849648318,19125000,82.04485359191895,90.36228515625,166.58158424377442,83.65268462856383,84.67869154030872,-1.0260069117448865,-1.7384010243799595,0.712394112635073,48.02798741639699,82.04485359191895,89.44817590343078,74.64153128040712,0.1804701206082967,-0.05718705674842173,-0.05888737949129674,0.5768250242944557,14732120.0,1.2981838323337036,0
2022-06-13,73.32795715332031,77.7145007612769,73.06933771233304,75.62567011040132,19674400,81.79071235656738,89.52814483642578,165.58739959716797,82.0642650169879,83.8378964005318,-1.7736313835439006,-1.745447096212748,-0.028184287331152635,39.747107180483724,81.79071235656738,90.0219706443329,73.55945406880187,0.20127611193508782,-0.0703656753331694,-0.07296396944092094,0.5924200676389194,14860270.0,1.323959793462703,0
2022-06-14,72.07465362548828,74.68072308234248,71.07500099162303,73.90487237082664,19289300,81.53259201049805,88.64864700317383,164.56352375030517,80.52740172598796,82.96654508386192,-2.4391433578739594,-1.8841863485449903,-0.5549570093289691,41.18483124491257,81.53259201049805,90.64202254270594,72.42316147829015,0.2234549474653026,-0.017091755675281095,-0.017239505689395276,0.5930514497667826,15053120.0,1.2814154142131333,1
2022-06-15,75.4267349243164,76.6899776757113,72.00502655003689,73.07928488923922,17165600,81.33763427734375,87.73294281005859,163.5059777069092,79.74268375650003,82.40804062759929,-2.665356871099263,-2.040420453055845,-0.624936418043418,44.20426202158471,81.33763427734375,90.80575226705582,71.86951628763168,0.23281026240394045,0.04650846213213988,0.045459348998448786,0.6098263632814556,15277530.0,1.1235847679566002,0
2022-06-16,70.85120391845703,73.6711265462307,70.333965016165,72.94003465138327,14404300,81.04171676635742,86.80948013305664,162.42460918426514,78.37476378141648,81.5519786491443,-3.1772148677278267,-2.2677793359902414,-0.9094355317375853,38.876788109147284,81.04171676635742,91.43565729682331,70.64777623589154,0.25650839950568977,-0.06066192591327846,-0.06257982827030278,0.6364064681260899,15199980.0,0.9476525627007404,1
2022-06-17,72.51232147216797,73.2682819394982,70.09524383680164,70.95067098932284,17231100,80.62494506835938,86.02189102172852,161.3610454559326,77.47284957999362,80.88237441381273,-3.4095248338191055,-2.4961284355560145,-0.913396398263091,33.88320101803248,80.62494506835938,91.69791347118053,69.55197666553823,0.2746784731061267,0.023445156353627095,0.023174540270836198,0.6097047352713415,15072570.0,1.143209154112404,0
2022-06-21,71.98513793945312,74.60114882632043,71.89561261467446,74.11375677885843,14934800,80.21861763000489,85.21281677246094,160.30091331481933,76.6285862506797,80.22331986015647,-3.594733609476762,-2.715849470340164,-0.878884139136598,33.41940506505894,80.21861763000489,91.94785489396186,68.48938036604791,0.2924317972682138,-0.007270261412292367,-0.007296818559349981,0.6095647148293336,14974940.0,0.9973195218144447,1
2022-06-22,72.58194732666016,74.17840769951134,70.99940485238676,71.48779863579496,13575700,79.81030082702637,84.45208404541016,159.22586101531982,76.00602641621515,79.65729226508267,-3.6512658488675243,-2.9029327460456362,-0.748333102821888,37.00463439666478,79.81030082702637,92.02060723767548,67.59999441637726,0.30598321981300697,0.00829073061871477,0.008256551296044254,0.6096601841458147,15038265.0,0.902743767316243,1
2022-06-23,73.41748046875,73.60647248869803,71.17944583226931,72.880351245336,16986800,79.56958770751953,83.7359130859375,158.13444606781005,75.60778857814358,79.19508398387285,-3.5872954057292645,-3.039805277982362,-0.5474901277469026,27.033862954414445,79.56958770751953,92.09663186936197,67.04254354567709,0.3148701538554938,0.011511583428996053,0.011445829294146925,0.6038028407923102,15222125.0,1.1159282951624692,1
2022-06-24,77.26689910888672,78.24169082115597,73.99439437395485,74.39226869710193,29843800,79.4482364654541,83.12776443481445,157.10221488952638,75.86303635210407,79.05225547461461,-3.1892191225105364,-3.069688046887997,-0.11953107562253962,36.85772428009694,79.4482364654541,92.01716106131084,66.87931186959736,0.316405376759294,0.05243190879827608,0.05110358975312644,0.6307712690809787,16010545.0,1.8640090015674045,0
2022-06-27,75.5361557006836,78.03280212919151,74.91945011080944,77.57524930657068,11657200,79.22542800903321,82.54627334594727,156.05312366485595,75.81274702111631,78.79180363950861,-2.979056618392306,-3.051561761188859,0.07250514279655285,34.52889704111574,79.22542800903321,91.91118739094733,66.53966862711908,0.32024464116414003,-0.022399545318417813,-0.022654225465096222,0.6350881627047451,15509310.0,0.7516259588595495,0
2022-06-28,71.43805694580078,76.51093334465735,71.2311629192265,75.27752985842727,14995000,78.55948791503906,81.93971618652344,154.99627403259277,75.13971777876007,78.24708166219692,-3.1073638834368467,-3.0627221856384566,-0.04464169779839011,27.62209962846586,78.55948791503906,91.4197672745852,65.69920855549292,0.32740232149818355,-0.05425347261676605,-0.05578068728833912,0.6167557127845134,15415355.0,0.9727314096885865,0
2022-06-29,71.08992004394531,71.7663040721969,69.39895617890585,70.83328888367892,11344500,77.87614097595215,81.36061233520508,153.9567318725586,74.51667197340396,77.71692154232643,-3.200249568922473,-3.09022766229526,-0.110021906627213,28.17092858692223,77.87614097595215,90.80212465567365,64.95015729623066,0.3319626144216106,-0.004873269469235386,-0.004885182566476149,0.6161814139338676,15207580.0,0.745976677420076,0
2022-06-30,69.46858978271484,70.51300895651123,67.22061384429978,70.44338151751292,14264700,77.24750175476075,80.68780929565429,152.9003797531128,73.74004394406717,77.10593400457743,-3.3658900605102673,-3.1453601419382617,-0.22052991857200555,29.59679664012188,77.24750175476075,90.53832970182975,63.95667380769174,0.3441102338626736,-0.022806753196912055,-0.023070850384723396,0.6122707830741243,15369860.0,0.9280956365249912,1
2022-07-01,71.02029418945312,71.31869422721793,69.28954968618946,69.46858515555563,9727300,76.40600090026855,80.22030868530274,151.85084102630614,73.32162090489578,76.65514587012377,-3.333524965227994,-3.1829931065962085,-0.15053185863178564,37.54729181084533,76.40600090026855,88.98221136789692,63.82979043264019,0.3291943124740655,0.022336777118863838,0.022090965012811666,0.5510935039124529,14991235.0,0.6488658205945007,1
2022-07-05,74.00434875488281,74.0888958215784,68.39434239401348,69.80678913555515,12823700,75.80272636413574,79.92190414428711,150.81353702545167,73.42665595873993,76.45879052825407,-3.0321345695141417,-3.1528213991797953,0.12068682966565358,51.16679406432213,75.80272636413574,87.55780978733134,64.04764294094014,0.31014935707529484,0.04201692768928056,0.041158188582407086,0.5793242646369542,15042005.0,0.8525259764240206,0
2022-07-06,72.85050964355469,74.99902646778106,72.24375299905492,74.43205801508049,9436600,75.12783470153809,79.66746444702149,149.80343746185304,73.33801806409605,76.19151046272079,-2.853492398624738,-3.092955599068784,0.239463200444046,51.34298145501522,75.12783470153809,85.83700848925284,64.41866091382335,0.2850920389296272,-0.015591504158084968,-0.01571433002511673,0.5788169737174645,14890235.0,0.6337441954408376,1
2022-07-07,74.64093780517578,74.75035343171642,72.38300542709688,72.79082868762495,10739800,74.45393791198731,79.41401947021484,148.8342691040039,73.53846725503139,76.07665322882856,-2.5381859737971695,-2.982001674014461,0.44381570021729155,48.56207150160747,74.45393791198731,83.24565236833722,65.6622234556374,0.23616519697702693,0.024576741746644704,0.024279592427963324,0.5816340926826395,14906035.0,0.7205001195824375,0
2022-07-08,73.03950500488281,74.36243398475611,71.44801520408357,72.73115599033414,11734500,73.75368194580078,79.2097119140625,147.8591823577881,73.4617038319316,75.85167928631407,-2.3899754543824656,-2.8635964300880623,0.4736209757055967,54.49346264437594,73.75368194580078,80.25575808844853,67.25160580315303,0.17631868595864597,-0.02145515379874985,-0.021688661616015927,0.5835259940803249,15036280.0,0.7804124424392204,0
2022-07-11,70.09524536132812,72.89029949673937,69.69737102308915,72.27360148184967,10854700,73.07530899047852,78.968203125,146.85520011901855,72.94378714414646,75.42527677335215,-2.481489629205697,-2.7871750699115894,0.3056854407058922,45.28522084133861,73.07530899047852,77.81722412333214,68.3333938576249,0.12978159650262927,-0.04031050926971447,-0.04114549399652125,0.5845675038499585,14990440.0,0.7241081649371199,1
2022-07-12,71.05013275146484,72.12439109026398,70.08529003544085,70.08529003544085,12294900,72.68390159606933,78.55720046997071,145.82237201690674,72.65245569911852,75.10119203099012,-2.4487363318716007,-2.719487322303592,0.27075099043199113,48.2060995513529,72.68390159606933,76.63545611294286,68.7323470791958,0.10873259222747131,0.013622712713458052,0.013530757738869796,0.5592874216471723,14648935.0,0.8393033350206005,0
2022-07-13,70.98051452636719,71.68673789937831,68.14567208855573,68.85189546156685,12037000,72.56652946472168,78.22756301879883,144.79411952972413,72.3952339802337,74.79595666027731,-2.4007226800436143,-2.6557343938515965,0.25501171380798215,46.86405366440326,72.56652946472168,76.57655414841581,68.55650478102756,0.11051995219486432,-0.000979846516841576,-0.0009803268802537721,0.5024439427953348,14267065.0,0.8436913969341276,0
2022-07-14,69.18013763427734,70.4732197089984,68.34460078998877,70.14497282056998,9822500,72.42180366516114,77.79030090332031,143.7803395843506,71.90060377316348,74.3799700657588,-2.4793662925953157,-2.6204607736003402,0.14109448100502453,42.00450940043862,72.42180366516114,76.70612543732015,68.13748189300212,0.11831579870524578,-0.02536438209983749,-0.025691603067570772,0.5067652562159731,13793725.0,0.712099161031556,1
2022-07-15,73.51695251464844,73.60647025475632,69.87641264049502,70.15492239481506,14155300,72.32631454467773,77.45608779907226,142.84394592285156,72.14927281031501,74.31604283975062,-2.166770029435611,-2.5297226247673947,0.3629525953317838,43.05198111545903,72.32631454467773,76.40902746271591,68.24360162663955,0.11289702631028412,0.06268872871137932,0.06080223306509781,0.5298503460248185,13643210.0,1.037534421884586,1
2022-07-18,73.73577117919922,76.15284865264488,73.2185398975627,74.71851592648338,14053100,72.47054290771484,77.08626495361328,141.92451152801513,72.39334948245104,74.27305975378385,-1.8797102713328115,-2.3997201540804785,0.5200098827476669,46.466203560332104,72.47054290771484,76.53761654580227,68.40346926962742,0.11224073878586777,0.0029764381828421005,0.0029720173607440427,0.48024620300199156,13625650.0,1.0313709804669868,1
2022-07-19,77.32657623291016,77.48572899488124,73.92476562840264,75.05870249657181,11531800,72.71125564575195,76.93328277587891,141.0170135498047,73.15230744406014,74.49924615964507,-1.3469387155849262,-2.189163866381368,0.842225150796442,61.79283769454317,72.71125564575195,77.32224091905918,68.10027037244471,0.12683002741066338,0.0486982775969651,0.047549659439561805,0.5027418759530663,13340685.0,0.864408386825714,1
2022-07-20,79.81327819824219,79.88290563176085,76.44130696717053,76.4711462117041,13929300,73.1026626586914,76.90463577270508,140.09986701965332,74.17707217547276,74.89287816250412,-0.7158059870313593,-1.8944922905113666,1.1786863034800072,66.0917450198665,73.1026626586914,78.68153479659728,67.52379052078552,0.1526311610276917,0.03215843874739788,0.031652181193494514,0.5107562105144783,13290410.0,1.0480715041898632,1
2022-07-21,82.3099365234375,83.68259496852936,79.29605124017442,79.36567867748731,17900400,73.58906211853028,76.96869323730469,139.24314743041992,75.42828207515964,75.44228989294362,-0.014007817783976861,-1.5183953959658887,1.5043875781819118,72.9470391801163,73.58906211853028,80.51132486002008,66.66679937704048,0.18813292470938353,0.0312812401840461,0.030801951719716805,0.5187811539023076,13506645.0,1.3253032118634938,0
2022-07-22,80.61898040771484,84.0605792713655,79.9226984434345,82.21047011506464,12379700,73.94913711547852,77.01444854736329,138.35240978240967,76.2268510493989,75.82574844959333,0.4011025998055686,-1.1344957968115974,1.535598396617166,67.067576598089,73.94913711547852,81.54977985515679,66.34849437580026,0.20556406838957827,-0.02054376648973799,-0.02075772507642347,0.5273385358003988,13276290.0,0.9324668261991866,1
2022-07-25,81.21578979492188,81.8424367459174,78.6196690726492,80.42004113022325,11219000,74.14658164978027,77.143359375,137.4452100753784,76.99438008717166,76.22501077146953,0.7693693157021357,-0.7537227743088508,1.5230920900109866,64.01237192384482,74.14658164978027,82.2955036631293,65.99765963643125,0.2198057370153401,0.007402839681037721,0.007375573147196935,0.4972223278719341,12345050.0,0.9087853026111681,0
2022-07-26,76.63030242919922,79.79339150259838,76.30205554686029,79.60439949358722,13245400,74.20128898620605,77.19806686401367,136.51766899108887,76.9383681397913,76.2550323757458,0.6833357640454949,-0.4663110666379817,1.1496468306834766,56.48022506200636,74.20128898620605,82.40400371548681,65.9985742569253,0.22109359126647068,-0.05646054021393476,-0.05811709227535577,0.5336288598759149,12424460.0,1.0660745014270239,1
2022-07-27,85.96041870117188,86.55722639786595,80.92733008766243,82.65807468472168,30554900,74.9274070739746,77.34905960083007,135.6540860748291,78.32637591846522,76.97394988133291,1.3524260371323038,-0.10256364588392464,1.4549896830162283,65.42006342768497,74.9274070739746,84.54863626794585,65.30617788000336,0.25681468423089465,0.12175491908821567,0.11489435105552923,0.6449255493701819,13202455.0,2.314334720322849,0
2022-07-28,85.40339660644531,86.0399924754586,82.90674267679613,85.08509867193867,12476500,75.64308090209961,77.51238632202148,134.81263481140138,79.41514833200063,77.59835334245236,1.8167949895482707,0.28130808120251444,1.5354869083457563,67.3361232707309,75.64308090209961,86.15096779095279,65.13519401324643,0.2778281043960364,-0.006479983498718922,-0.006501069733453275,0.6454438765194097,13259055.0,0.940979579615591,1
2022-07-29,86.06983947753906,87.15404689482335,84.36893402528435,86.05989053183313,12115700,76.47314338684082,77.64726531982421,133.97053703308106,80.43894696977577,78.22587083394026,2.2130761358355073,0.6676616921291131,1.5454144437063944,73.92730509016127,76.47314338684082,87.53552527429196,65.41076149938968,0.2893141669747214,0.007803470325247641,0.0077731807246431426,0.633865072254424,13151605.0,0.921233568070209,1
2022-08-01,88.09400939941406,88.73557591858709,84.816526604084,86.5870668510853,11710200,77.32682914733887,77.87375442504883,133.1360237121582,81.61664888202782,78.95684406101239,2.6598048210154275,1.0660903179063759,1.5937145031090516,74.7365483824176,77.32682914733887,89.2213016966259,65.43235659805184,0.30764154383269104,0.023517761089855815,0.023245479256237895,0.6341464990303401,13250750.0,0.8837386563024734,1
2022-08-02,89.1533432006836,90.18781337129936,86.44781458771303,86.64674794833014,19673900,78.0842788696289,78.03986618041992,132.25662517547607,82.77614031566716,79.71214029358063,3.0640000220865318,1.4656722587424071,1.5983277633441246,75.63849507637786,78.0842788696289,90.97553027988911,65.1930274593687,0.3301881402217649,0.012025037894081603,0.011953311561277179,0.6238985406556662,13593260.0,1.447327572635262,1
2022-08-03,97.39925384521484,101.40483844675259,96.75270906577535,100.60213090957156,53766800,79.31171607971191,78.38561752319336,131.40900688171388,85.02585008944374,81.02229685296095,4.003553236482787,1.9732484542904833,2.030304782192304,83.68558026756584,79.31171607971191,94.56342590471422,64.0600062547096,0.38460168506942,0.09249132279840322,0.08846070543744214,0.6803529196443626,15809770.0,3.400859089031656,0
2022-08-04,96.46426391601562,97.88665948276724,93.96760996553101,97.37936953675643,20145900,80.4028823852539,78.69993713378906,130.5468663787842,86.7856060627625,82.16614626503906,4.619459797723437,2.502490722977074,2.1169690747463625,79.81392108645883,80.4028823852539,97.2832693179834,63.52249545252441,0.4198950692301399,-0.009599559465671925,-0.009645932247453519,0.6850849585166916,16280075.0,1.2374574441456812,0
2022-08-05,94.8130874633789,96.47420457377366,93.9079307940823,94.73351108245882,12281500,81.4915615081787,79.03156402587891,129.66965618133545,88.02060320131888,83.10295672417534,4.917646477143535,2.9855218738103666,1.9321246033331683,76.40170598091035,81.4915615081787,99.16241582605825,63.82070719029916,0.4336855004577634,-0.017116975609478335,-0.017265164501294575,0.6822946261318926,16307425.0,0.7531231938825412,1
2022-08-08,95.74809265136719,98.41384074851045,94.81308913116258,95.8376103898609,19557500,82.77420387268066,79.35264739990234,128.8634665298462,89.20944773209554,84.03963345952289,5.169814272572651,3.422380353562824,1.7474339190098274,74.71971366822658,82.77420387268066,100.6845062201896,64.86390152517171,0.43275082113885915,0.009861562501584098,0.009813254628536909,0.6519135394949138,16742565.0,1.1681304507403734,0
2022-08-09,93.97755432128906,95.27063630776009,93.11217828962549,94.9423894417338,12357200,83.92057495117187,79.6323519897461,128.12377124786377,89.94300259197146,84.77577574557965,5.167226846391813,3.771349652128622,1.395877194263191,69.37942904098058,83.92057495117187,101.60480999394446,66.23633990839929,0.4214517131957672,-0.018491630287873373,-0.018664737831652276,0.6636459531055364,16745680.0,0.7379336043684103,1
2022-08-10,98.38400268554688,98.47352042511716,95.8475604875531,97.56835614019131,17077200,85.29074935913086,79.90489486694337,127.42008350372315,91.24161799098306,85.78379255594758,5.457825435035474,4.108644808709992,1.3491806263254817,70.90016141909126,85.29074935913086,102.99995495124868,67.58154376701303,0.4152667370185781,0.04688830642679975,0.04582224656715954,0.6701919989985794,16997690.0,1.0046776944396563,1
2022-08-11,98.58293914794922,101.40783254351467,98.02591962517785,100.58225220478478,16441200,86.76088943481446,80.18141647338867,126.68516265869141,92.3710520151317,86.73187748868844,5.639174526443256,4.414750752256645,1.2244237741866106,74.30032278345932,86.76088943481446,103.70401463733205,69.81776423229687,0.39057057420434516,0.002022040748211662,0.0020199991754502526,0.6539357642047475,17328625.0,0.9487884930281543,1
2022-08-12,100.56234741210938,101.23873146711934,99.47814768843735,100.01328101230594,12320900,88.1131591796875,80.5518359375,125.97943572998047,93.63125130697442,87.75635674227517,5.874894564699247,4.706779514745166,1.168115049954081,75.22697183460096,88.1131591796875,104.92221559285278,71.30410276652222,0.3815333956846761,0.020078608745774273,0.019879691724458293,0.6330287620644731,17236905.0,0.7147976971503875,1
2022-08-15,100.97016906738281,101.67639235659801,99.93569890620498,100.18436939911827,10125600,89.47487907409668,80.81423309326172,125.31583366394042,94.76031557780648,88.7351576552461,6.025157922560382,4.970455196308209,1.0547027262521729,85.61863567152311,89.47487907409668,105.78498952742397,73.16476862076938,0.3645740708924666,0.004055411053623947,0.004047210039063427,0.6327342560818701,17040530.0,0.5942068703262163,1
2022-08-16,101.53713989257812,102.48208475250117,99.62735228308783,102.02453194536211,14123800,90.68540725708007,81.1235791015625,124.64566665649414,95.8029039339252,89.68345263578922,6.119451298135971,5.200254416673761,0.9191968814622093,80.65779800202776,90.68540725708007,106.79165249069061,74.57916202346954,0.3552113999543863,0.005615231017558786,0.005599524378043356,0.6221091302669667,17170130.0,0.8225796776145551,0
2022-08-17,98.89128112792969,100.46288048555549,98.49340681616323,99.51793563532878,10651100,91.63930740356446,81.37443786621094,123.9833576965332,96.27803888684898,90.36551400557741,5.912524881271565,5.342708509593322,0.5698163716782432,74.52966008096429,91.63930740356446,107.28766403271901,75.99095077440991,0.341520621936649,-0.02605803913176641,-0.026403565546034707,0.6342867866076731,17006220.0,0.6263061397535725,1
2022-08-18,99.32894897460938,100.09485080519514,96.64331050610981,98.22683957602321,11268500,92.49025802612304,81.59863937377929,123.32975219726562,96.74740966958134,91.02947215143163,5.717937518149711,5.4177543113046,0.30018320684511046,74.315937696057,92.49025802612304,107.85082714180813,77.12968891043796,0.33215539546546896,0.0044257475652833556,0.0044159827450130345,0.6303309013216363,16674625.0,0.6757873115587307,0
2022-08-19,96.0464859008789,97.90654386458388,95.38999976527894,97.36941470519066,11274700,93.26163330078126,81.7786766052246,122.66878589630127,96.63957524362712,91.40110279953883,5.238472444088288,5.381897937861337,-0.1434254937730497,63.940692870545845,93.26163330078126,107.62949051944861,78.8937760821139,0.308119356484549,-0.0330463888686624,-0.033604756622307115,0.6398979161694096,16619375.0,0.6784069798051973,0
2022-08-22,93.08234405517578,94.78822005489099,92.6347325986425,93.54984581277162,12384400,93.85496101379394,81.96706939697266,121.98842338562012,96.0923089069423,91.52563918884528,4.566669718097032,5.218852293908476,-0.6521825758114446,56.45636647566855,93.85496101379394,107.06147311065392,80.64844891693396,0.28142384705522405,-0.030861533536605923,-0.031347781053014306,0.6558059214618679,16677645.0,0.7425748659358081,0
2022-08-23,92.70436096191406,94.78325032392374,91.88872201141217,92.53526684031743,11397500,94.65866394042969,82.24359100341798,121.31691352844238,95.57108614616874,91.6129519127763,3.9581342333924425,4.966708681805271,-1.008574448412828,39.594380208778965,94.65866394042969,105.12337222584311,84.19395565501627,0.22110407753059017,-0.004060738876941694,-0.004069006065240256,0.6128668164981035,16585250.0,0.6872070062254111,1
2022-08-24,93.26139068603516,95.26069613300437,92.52532050861014,92.62479478419097,8957700,95.02371253967286,82.64225967407226,120.66032398223876,95.21574838307127,91.73505848857326,3.4806898944980134,4.669504924343819,-1.1888150298458058,42.78028883178491,95.02371253967286,104.68972200669091,85.3577030726548,0.20344415533085916,0.006008667967086767,0.005990687909897575,0.4494746861127726,15505390.0,0.5777152332189001,1
2022-08-25,96.20564270019531,96.24543089021118,93.45036935496144,93.63936136033149,8169100,95.56382484436035,83.1248794555664,120.00035243988037,95.36803981647496,92.06621287461932,3.301826941855637,4.395969327846183,-1.094142385990546,52.96609880290024,95.56382484436035,104.10860243740133,87.01904725131938,0.17882870651017568,0.0315698918116285,0.031081808685630853,0.45742086651172403,15290020.0,0.534276606570822,0
2022-08-26,92.20701599121094,96.9367336363213,92.13738855655589,96.37970657025973,12286500,95.87068367004395,83.46048507690429,119.43974964141846,94.88172845874203,92.0766427351076,2.805085723634434,4.0777926070038335,-1.2727068833693993,43.32832721175894,95.87068367004395,103.35487016097214,88.38649717911575,0.1561308672145566,-0.04156332827010212,-0.04245178886185201,0.4878996961004681,15298560.0,0.8031148029618473,0
2022-08-29,92.167236328125,93.47026729942152,90.4663234564355,90.54092915856718,11062900,96.0743450164795,83.88680572509766,118.88282718658448,94.46411428480096,92.0833533716274,2.3807609131735603,3.7383862682377793,-1.357625355064219,46.35125235502778,96.0743450164795,102.85622918130792,89.29246085165107,0.141179919856131,-0.0004314168792722839,-0.0004315099663079861,0.48249620792811687,15266195.0,0.7246664935172124,0
2022-08-30,91.31180572509766,94.01733424499378,90.26738664573432,92.78393075619191,8773000,96.1822681427002,84.26279541015624,118.33460815429687,93.97914373715429,92.02620169410667,1.9529420430476137,3.3812974231997464,-1.4283553801521327,33.364523718511265,96.1822681427002,102.55688626977602,89.80765001562438,0.13255287591301465,-0.009281287332755905,-0.00932462685283371,0.4829563796052314,14721150.0,0.5959452896003369,1
2022-08-31,92.9430923461914,95.86745238654434,92.7342100282249,94.92747816128416,14585800,95.95946006774902,84.68195449829102,117.7633623123169,93.81975121546769,92.09411952018702,1.7256316952806685,3.0501642776159312,-1.3245325823352627,37.571254290725584,95.95946006774902,102.46513660344903,89.45378353204902,0.13559218718210556,0.01786501327117418,0.017707309406098735,0.35148612878690316,12762100.0,1.1428996795198283,0
2022-09-01,92.167236328125,92.3661696895002,89.31647284293858,91.76140134301694,10452100,95.74460868835449,85.07366027832032,117.16715000152588,93.5655181558765,92.09953558003428,1.4659825758422187,2.733327937261189,-1.2673453614189705,30.463008468437252,95.74460868835449,102.46051425178861,89.02870312492037,0.14028791083776151,-0.008347645838773343,-0.008382682553265127,0.35116007205770156,12277410.0,0.8513277637547333,0
2022-09-02,90.64537048339844,93.56973807426182,90.12813916789864,93.21165193706135,8673500,95.53622283935547,85.41821807861328,116.54776149749756,93.11626466780297,91.99181964695015,1.1244450208528178,2.411551353979515,-1.287106333126697,27.15672942793752,95.53622283935547,102.62226688511525,88.4501787935957,0.14834256233209026,-0.016512004757401666,-0.016649847386544646,0.3508220526830567,12097010.0,0.7169953567038466,1
2022-09-06,91.1277847290039,91.7166392968305,89.3333776411649,90.67521020923493,9198900,95.30520744323731,85.69543579101563,115.97753509521485,92.8103446772185,91.92781706043561,0.8825276167828804,2.105746606540188,-1.2232189897573078,26.88315750272531,95.30520744323731,102.65839037779821,87.9520245086764,0.15430810407585288,0.005321995409504288,0.0053078836383133364,0.34915016405810356,11579080.0,0.7944413545808475,1
2022-09-07,94.46495056152344,95.04683861967794,91.27202225869489,91.39137924160572,9529700,95.32957725524902,86.07401168823242,115.45269111633301,93.06489942865002,92.11575287533101,0.9491465533190109,1.874426595895953,-0.9252800425769421,40.462945793930395,95.32957725524902,102.66744820114705,87.99170630935099,0.1539474139542352,0.03662072816148898,0.03596612287056396,0.3693484005874753,11437705.0,0.8331828806565653,1
2022-09-08,95.65856170654297,95.86446159957293,92.87345678829554,93.10222938800368,10113300,95.19330520629883,86.55842178344727,114.96808200836182,93.4639243944797,92.37818315912449,1.085741235355215,1.7166895237878055,-0.6309482884325905,42.341203571775395,95.19330520629883,102.39225216470219,87.99435824789548,0.15124901783380892,0.012635492189689401,0.012556330492140541,0.3302527019396284,11089510.0,0.9119699608007928,1
2022-09-09,95.71825408935547,96.75271671162152,95.15128564171165,95.68840725415606,12020100,95.05007095336914,87.05098846435547,114.5043115234375,93.81074434753751,92.62559582062309,1.1851485269144177,1.610381324413128,-0.42523279749871024,49.20866564642868,95.05007095336914,102.07699075876167,88.02315114797662,0.1478572237750328,0.0006240150567560221,0.0006238204403186757,0.3301092099865696,10868455.0,1.1059621629753262,1
2022-09-12,97.13069915771484,98.7719259812233,96.33495051940122,96.76266408445105,11236300,94.87848854064941,87.60423065185547,114.05471523284912,94.32150662602632,92.95930717892618,1.3621994471001386,1.5607449489505303,-0.19854550185039166,60.54949310837333,94.87848854064941,101.49423722723493,88.2627398540639,0.13945729508014013,0.014756276969289717,0.01464846244751404,0.3260604080014762,10814225.0,1.0390296114608306,0
2022-09-13,94.5047378540039,96.84223900925791,93.30117355855519,93.68909892697167,15105400,94.55521697998047,88.07391952514648,113.58870666503907,94.34969604571518,93.07378352522824,1.2759125204869406,1.5037784632578124,-0.2278659427708718,54.19953779617829,94.55521697998047,100.51719561032955,88.59323834963139,0.12610575747737682,-0.02703533822449955,-0.027407516288667062,0.33746990101970403,11063215.0,1.365371639256762,1
2022-09-14,97.1406478881836,97.32466162999857,95.02197036859961,96.24543256926229,15117200,94.33539237976075,88.5366455078125,113.14045330047607,94.77907325224878,93.375032737299,1.4040405149497843,1.483830873596207,-0.07979035864642259,58.248720176660726,94.33539237976075,99.4818862700435,89.18889848947799,0.10911056307615281,0.02789182948956248,0.027509937264572376,0.35395107821785393,11112885.0,1.3603308231840787,0
2022-09-15,95.88734436035156,98.45362568928148,94.51467837152701,94.59425475121971,15043100,94.18519554138183,88.99738220214844,112.68866870880127,94.94957649964921,93.56112989456214,1.3884466050870685,1.4647540198943791,-0.07630741480731063,49.270739014763514,94.18519554138183,98.93164347269337,89.4387476100703,0.10078968152114959,-0.012901947383289869,-0.01298590039307422,0.345046754769794,11332485.0,1.3274317151092634,0
2022-09-16,93.50010681152344,94.4450516639837,91.36153902094242,94.39532211790866,17490500,93.89375343322754,89.3745655822754,112.23663547515869,94.72658116301447,93.5566096661889,1.1699714968255677,1.405797515280617,-0.23582601845504936,53.19882591945862,93.89375343322754,97.980291666318,89.8072152001371,0.08704600857173292,-0.02489627348377399,-0.025211427472408968,0.3541531657332482,11643585.0,1.5021576258514882,1
2022-09-19,94.52462768554688,94.6390139887888,92.13738940718682,92.50542447308766,10977500,93.81766052246094,89.80426803588867,111.81742671966553,94.69551139725023,93.62831470465986,1.0671966925903718,1.338077350742568,-0.2708806581521963,55.56075059011033,93.81766052246094,97.79051492766482,89.84480611725706,0.08469310326178368,0.010957429985493539,0.010897832312542079,0.33837279174714774,11628725.0,0.9439985896992147,0
2022-09-20,91.14270782470703,93.0127148189156,89.91427496247196,91.64004881868654,15905800,93.7206787109375,90.22521728515625,111.34236656188965,94.14892623224358,93.44419567651519,0.7047305557283892,1.2114079917397322,-0.5066774360113431,49.64360210789961,93.7206787109375,97.86030848808664,89.58104893378837,0.0883397310836169,-0.03577818758610096,-0.03643391497454446,0.3446009423926892,11804795.0,1.347401627897816,0
2022-09-21,90.69510650634766,95.13138738626228,90.64536937002786,92.57505490914852,14457900,93.62021598815917,90.61811676025391,110.88108280181885,93.61756935133651,93.24055944168796,0.3770099096485495,1.0445283753214958,-0.6675184656729463,45.01323156973332,93.62021598815917,97.95654647690385,89.2838854994145,0.09263662645882223,-0.004910994297209537,-0.004923092856593804,0.34471993517058375,11957815.0,1.2090754038258662,0
2022-09-22,87.1938247680664,91.01339987425338,86.63679770679828,90.37183334536863,12996900,93.31683769226075,90.94238296508789,110.39766731262208,92.62930095391035,92.79265316956786,-0.16335221565751112,0.8029522571256944,-0.9663044727832055,40.15748031496063,93.31683769226075,98.52102326925392,88.11265211526758,0.11153797547566871,-0.03860496859371565,-0.03936989161729935,0.3684694017605728,12159775.0,1.0688437902839485,0
2022-09-23,86.50749969482422,87.1639859061303,85.22435893088297,86.45776255645507,12175900,92.8319305419922,91.28893020629883,109.88018398284912,91.6874853755894,92.32708624551277,-0.6396008699233704,0.5144416317158815,-1.154042501639252,41.530957595684455,92.8319305419922,98.67128958073322,86.99257150325117,0.1258049682829683,-0.007871257799136555,-0.007902399673598782,0.3451037597680981,12360115.0,0.9850960124561948,0
2022-09-26,83.8119125366211,88.6062797643362,83.68259901191932,86.60199601967743,16936400,92.4121753692627,91.49482940673828,109.3177410888672,90.4758587849789,91.69633263744672,-1.2204738524678191,0.1674585348791414,-1.3879323873469605,36.2703294928487,92.4121753692627,99.51165437077844,85.31269636774695,0.15364813073921232,-0.031160155682599222,-0.03165596009371414,0.3322506376049494,12592610.0,1.3449475525725008,1
2022-09-27,85.29397583007812,87.22863188791891,84.13019978875735,84.89610153876257,11627600,92.06851234436036,91.72599349975586,108.79055953979493,89.67864602268648,91.22208398504904,-1.5434379623625603,-0.17472076456919897,-1.3687171977933612,31.500777791662628,92.06851234436036,99.85052999632595,84.28649469239477,0.16904840653575035,0.017683205747267117,0.017528676915164,0.3413290091313522,12620845.0,0.9213012282458108,1
2022-09-28,90.63542938232422,91.16260964445917,85.10499213044243,85.37356052850997,14925900,92.03469352722168,91.99217056274414,108.30619922637939,89.82584346263074,91.17862808855091,-1.3527846259201652,-0.4103335368393922,-0.942451089080773,41.320062605995666,92.03469352722168,99.836411173649,84.23297588079436,0.1695386239129434,0.06262404232260543,0.06074136071757751,0.41340764088398546,12928490.0,1.1544967741785777,0
2022-09-29,88.2282943725586,90.07840358371216,87.24356127269355,89.19313717060146,10772500,91.79895362854003,92.16047088623047,107.82039649963379,89.58006667954272,90.96008485032925,-1.3800181707865278,-0.6042704636288194,-0.7757477071577084,38.02860869421007,91.79895362854003,99.76822767231772,83.82967958476235,0.17362450722532122,-0.02655843334301089,-0.026917479949833296,0.4179211557211415,12737825.0,0.8457095304732166,0
2022-09-30,85.6122817993164,89.0439317585002,85.52276405948002,87.48228127895203,10641900,91.47120590209961,92.22651779174805,107.31942485809326,88.969638236431,90.56395129099498,-1.5943130545639832,-0.8022789818158522,-0.792034072748131,32.271891848984254,91.47120590209961,99.90247872178568,83.03993308241354,0.18434812871517073,-0.029650494683662876,-0.030098957623372308,0.42872922879529646,12747315.0,0.8348346298808808,1
2022-10-03,86.71637725830078,87.59169468829086,84.99060337731932,87.06451444131834,10416300,91.27475624084472,92.34846572875976,106.80477638244629,88.62298270133405,90.2789458070917,-1.6559631057576496,-0.9730158066042117,-0.6829472991534379,37.42370469219223,91.27475624084472,99.96612834940406,82.58338413228539,0.19044415929472547,0.01289646106586062,0.012814009841208103,0.42945213844611224,12834455.0,0.811588805290135,1
2022-10-04,92.29653930664062,92.50542160606031,89.02403477142363,89.07377190458972,11239500,91.33319396972657,92.57008071899413,106.32752792358399,89.1881452559966,90.42839717742866,-1.240251921432062,-1.0264630295697819,-0.21378889186228012,42.85713000010575,91.33319396972657,100.036114217793,82.63027372166013,0.1905751867377181,0.06434957530246321,0.062363885175906776,0.4894777500622297,12936485.0,0.8688217858251295,1
2022-10-05,93.33101654052734,94.10686730842164,90.50611563385243,90.5359548804912,9803500,91.27649726867676,92.9040950012207,105.86813411712646,89.82551006900134,90.64340601913968,-0.817895950138336,-0.9847496136834927,0.16685366354515663,46.206088637639525,91.27649726867676,99.90799411228647,82.64500042506705,0.1891285731134595,0.011208190920894978,0.011145844576319367,0.4730431945339612,12950175.0,0.7570167970703099,1
2022-10-06,93.9178695678711,95.06175534847759,92.72425424217285,92.72425424217285,8652300,91.18946266174316,93.06324401855468,105.42918098449707,90.45510383805822,90.88595887460127,-0.4308550365430506,-0.8739706982554043,0.4431156617123537,50.65501640142791,91.18946266174316,99.66867393086196,82.71025139262437,0.18596910260501157,0.006287867089596277,0.00626818093285627,0.47129448834059273,12877125.0,0.6719124028073037,0
2022-10-07,89.69047546386719,92.32638432116502,89.20805407952608,91.68978843872303,9229600,90.88807373046875,93.14898559570312,104.93696258544922,90.33746870356728,90.79740454788022,-0.45993584431293755,-0.791163727466911,0.33122788315397345,43.112244343344436,90.88807373046875,99.11423441148291,82.66191304945458,0.18101738420398447,-0.04501160560237072,-0.046056091038463996,0.4969842170800236,12737600.0,0.7245949001381736,0
2022-10-10,84.07051849365234,87.38281134316401,83.78703807256153,86.91530959344166,20930500,90.23506469726563,93.10899917602539,104.40401195526123,89.37332251742652,90.2991166920115,-0.9257941745849791,-0.8180898168905246,-0.10770435769445452,40.527573232617414,90.23506469726563,98.44816641400412,82.02196298052714,0.18203791938960892,-0.0626594623470238,-0.06470862877521373,0.5352411425238308,13222310.0,1.5829684828142738,0
2022-10-11,82.64812469482422,84.36892791384072,79.39551785622498,83.64280670634737,16098600,89.64223403930664,93.00008148193359,103.86230819702149,88.33867669856463,89.7323765440717,-1.3936998455070722,-0.9332118226138342,-0.460488022893238,39.496225455301584,89.64223403930664,98.25940203239233,81.02506604622096,0.1922568772506763,-0.01691905586303144,-0.017063818240341703,0.5313229534964491,13271970.0,1.2129774253558439,1
2022-10-12,83.36429595947266,84.7170640860574,81.88222190491341,83.0957351586575,11069300,88.95341644287109,92.88430053710937,103.32418529510498,87.57338735408894,89.26066687113844,-1.6872795170495039,-1.084025361500968,-0.6032541555485358,44.60934667443351,88.95341644287109,97.24305395271679,80.66377893302538,0.1863815430893448,0.008665305683497104,0.00862797740781548,0.5192297516708412,13069575.0,0.8469517945304266,1
2022-10-13,83.59307098388672,84.33411175970512,78.92801026603708,78.92999853712296,15397900,88.33870277404785,92.60817687988282,102.79670539855957,86.96103098944243,88.84084495356424,-1.8798139641218086,-1.2431830820251362,-0.6366308820966724,45.84395554468553,88.33870277404785,96.27936981343062,80.39803573466507,0.17977775969143128,0.002744280651338915,0.002740521988173025,0.519885807865236,13087315.0,1.1765514928004712,0
2022-10-14,80.04206848144531,85.06520845032843,79.86302540284456,83.81191448894522,11757000,87.66580085754394,92.27973297119141,102.25211700439453,85.89657521898134,88.18908373340729,-2.292508514425947,-1.4530481685052985,-0.8394603459206484,44.75214413753067,87.66580085754394,96.03423183739515,79.29736987769273,0.1909166607272505,-0.042479627326119984,-0.04340828120968694,0.5318237067611049,12800640.0,0.9184697015149242,1
2022-10-17,84.20978546142578,84.37887958753585,82.1905745381249,82.2651802446947,19583300,87.15005874633789,92.06766693115235,101.71886798858642,85.63706910243432,87.89432089844568,-2.25725179601136,-1.6138888940065108,-0.6433629020048492,48.59573928165078,87.15005874633789,94.99361143914203,79.30650605353375,0.18000108790824493,0.052069081409941154,0.05075877889903995,0.5691609883340034,13230930.0,1.4801151544146935,1
2022-10-18,84.83642578125,87.28334250667606,84.16501241874711,86.9531073654744,9921600,86.83474464416504,91.84943359375,101.20516445159912,85.51389320686751,87.66781014902378,-2.153916942156272,-1.7218945036364632,-0.4320224385198086,41.44406715098209,86.83474464416504,94.50765606149386,79.16183322683622,0.1767244539906506,0.007441419264881732,0.007413868497993834,0.5589013114761411,12931720.0,0.7672297265947607,0
2022-10-19,84.02079010009766,85.3039307960385,82.86397292588657,83.91137447254152,8590100,86.50102882385254,91.65029830932617,100.65575187683106,85.28418503659523,87.39766051576999,-2.1134754791747525,-1.800210698744121,-0.31326478043063144,43.48628837754266,86.50102882385254,94.04651303880381,78.95554460890126,0.17445998776076097,-0.009614215516993263,-0.009660730463572452,0.5593645501553501,12638330.0,0.6796863193159223,1
2022-10-20,84.32913970947266,87.1341426779744,83.55328895481793,84.22967302610026,10581900,86.35779457092285,91.36920104980469,100.12677997589111,85.13725498626869,87.17036267826649,-2.033107691997799,-1.8467900973948568,-0.18631759460294206,47.86068993589092,86.35779457092285,93.95647717504602,78.75911196679968,0.1759813955851459,0.003669920373370106,0.0036632026462623955,0.5438155547716881,12517580.0,0.8453630813623719,0
2022-10-21,83.49361419677734,84.67728068284433,81.9120657817827,83.17929278509978,14423800,86.20710029602051,91.06741455078125,99.61342460632324,84.8843871725008,86.89801093889693,-2.0136237663961367,-1.880156831195113,-0.13346693520102382,44.578316345783115,86.20710029602051,93.91207933644036,78.50212125560067,0.17875509126190897,-0.009907909834890205,-0.009957319810829897,0.5441991073268723,12629975.0,1.1420291805803258,0
2022-10-24,82.87690734863281,84.1500991468409,80.42999043854758,84.10036959808629,13299000,86.1603500366211,90.71370574951172,99.07157157897949,84.57554412267496,86.60015141369217,-2.024607291017219,-1.9090469231595342,-0.11556036785768464,30.976281252426787,86.1603500366211,93.93752830305104,78.38317177019115,0.18052800999820395,-0.007386275634099104,-0.007413689241026584,0.5332826829089089,12448105.0,1.068355384213099,1
2022-10-25,88.76541900634766,89.2030815120647,85.50286328072947,85.71174558877951,18001400,86.33392219543457,90.46961074829102,98.58238689422608,85.2201402586246,86.76054160574073,-1.5404013471161306,-1.8353178079508534,0.2949164608347228,42.29087182087448,86.33392219543457,94.18429419704142,78.48355019382771,0.18186065921656908,0.07105129578428926,0.06864068554209814,0.5876642783755402,12766795.0,1.4100171577909726,0
2022-10-26,88.07909393310547,90.85425002856478,87.45243941769995,87.63148248084133,12101100,86.20610542297364,90.20044982910156,98.11289695739747,85.65997928546781,86.85821214850849,-1.1982328630406727,-1.7079008189688174,0.5096679559281447,40.17408546966408,86.20610542297364,93.84190111715833,78.57030972878894,0.17715208584634146,-0.007731896958579232,-0.007761943049591786,0.5438505556894682,12625555.0,0.9584608359790916,0
2022-10-27,86.8854751586914,89.23292539323202,86.6368046473106,88.07909816661237,10785800,86.13896446228027,89.96033370971679,97.59481685638428,85.8485171121176,86.86023163074427,-1.0117145186266612,-1.5686635589003863,0.5569490402737252,44.74272668333214,86.13896446228027,93.72333443387654,78.554594490684,0.17609614926163697,-0.013551669540567635,-0.01364433151617554,0.5376284216756811,12626220.0,0.8542382439083115,0
2022-10-28,85.79132080078125,86.9541027608287,83.7422783497883,85.63216804129922,16005700,86.14791641235351,89.68958114624023,97.09275112152099,85.83971767960432,86.781053050747,-0.9413353711426851,-1.4431979213488462,0.5018625502061611,53.88416174578819,86.14791641235351,93.73009123025032,78.5657415944567,0.17602688802371402,-0.01259306409859351,-0.012673028773086206,0.5285800220360781,12894410.0,1.2412898302442685,0
2022-10-31,83.1355209350586,85.7913199755947,82.0314233404409,85.05525744212329,17709500,85.9688735961914,89.43136184692383,96.6081918334961,85.42368741121267,86.5110136347701,-1.087326223557426,-1.3720235817905624,0.28469735823313647,51.0421159436366,85.9688735961914,93.66281903921853,78.27492815316427,0.17899374788058153,-0.030956509830286638,-0.03144578660242281,0.5379167949468517,13259070.0,1.3356517463140325,0
2022-11-01,82.66801452636719,85.68189951327922,82.61330671751344,84.54796273778402,10269700,85.48744735717773,89.22307525634766,96.13417610168457,84.99973773662106,86.22634703414766,-1.2266092975266076,-1.3429407249377714,0.11633142741116376,48.4952598781804,85.48744735717773,92.70446928365922,78.27042543069624,0.16884401510616717,-0.005623425503721746,-0.005639296488419642,0.4782246846691748,13210580.0,0.7773844903100394,0
2022-11-02,79.02748107910156,83.77211842168967,78.9678025881175,82.6680208055564,13037400,84.77227058410645,88.94953765869141,95.66165237426758,84.0809290200796,85.69309770414425,-1.612168684064656,-1.3967863167631485,-0.21538236730150762,41.40126326873299,84.77227058410645,91.53728439760329,78.00725677060962,0.1596044028757011,-0.0440379930269702,-0.04503710838046713,0.4932626263355848,13372275.0,0.9749575147086041,0
2022-11-03,76.14291381835938,78.30137204144113,74.88961231287051,77.73440357757123,26962900,83.88352279663086,88.60716812133789,95.17923156738281,82.85969591212263,84.98567667556759,-2.1259807634449572,-1.5426252060995105,-0.5833555573454468,42.467320608238765,83.88352279663086,90.24809697651881,77.5189486167429,0.1517478991748683,-0.036500812392779136,-0.037183634296498146,0.5003559251931781,14287805.0,1.8871268189900408,0
2022-11-04,74.78019714355469,74.9095030786339,70.78953170974458,74.60115407023325,41464900,83.13800888061523,88.17865921020508,94.69134010314941,81.61669610157372,84.22971522875181,-2.6130191271780916,-1.7567039903152266,-0.856315136862865,29.568931743531166,83.13800888061523,90.1032774554895,76.17274030574096,0.1675591866742029,-0.017896828561820954,-0.018058913582018728,0.48416259638069176,15899570.0,2.607925874724914,1
2022-11-07,77.24700927734375,77.76424058840453,75.71519805664843,76.12301373845801,18061500,82.79683341979981,87.87945907592774,94.26422370910645,80.94443659015373,83.71247775086974,-2.7680411607160096,-1.9589714243953833,-0.8090697363206263,34.77046073199037,82.79683341979981,90.22299454845707,75.37067229114255,0.17938273293629087,0.032987505088460045,0.03245509431261453,0.461034188310489,15756120.0,1.146316478930092,1
2022-11-08,80.69854736328125,82.78738561972031,77.63493259222525,77.73439927376488,19481300,82.69935455322266,87.65008529663086,93.86117851257325,80.90660747832719,83.4892236480854,-2.582616169758211,-2.083700373467949,-0.49891579629026195,43.97110469867085,82.69935455322266,90.18468091137471,75.21402819507061,0.18102502488903305,0.04468183452313701,0.04371237448686605,0.4888505362476933,15925255.0,1.2232959535027854,0
2022-11-09,78.26158142089844,79.82323188443038,77.67471508453288,79.59445168138107,14327600,82.44421882629395,87.38908081054687,93.46569297790528,80.49968039256892,83.101990890516,-2.6023104979470872,-2.187422398363777,-0.4148880995833104,39.77881366497146,82.44421882629395,90.17784770535317,74.71058994723472,0.18760876115167308,-0.030198386736905003,-0.030663750811449012,0.49829805068496086,16088170.0,0.8905674169280906,1
2022-11-10,86.3384017944336,86.43786847800443,82.6680227367439,83.66270475009533,20122100,82.58148536682128,87.25698699951172,93.11665912628173,81.39794522362502,83.34172503154694,-1.9437798079219277,-2.138693880275407,0.19491407235347946,53.85236870794518,82.58148536682128,90.49630533593741,74.66666539770516,0.19168509585312102,0.10320287715753174,0.09821765550436971,0.6244557199498828,16324380.0,1.2326409946350183,1
2022-11-11,90.5458984375,91.51074116178675,86.000202142038,86.05988063176422,19916700,83.10667686462402,87.22456024169922,92.78304279327392,82.80532264114424,83.87536750606198,-1.0700448649177332,-1.9249640772038725,0.8549192122861393,59.46476646313261,83.10667686462402,91.67869372718451,74.53466000206353,0.2062894868609368,0.048732621355259687,0.047582407844588934,0.6215720150502309,16732365.0,1.1903099173368499,0
2022-11-14,89.03398895263672,90.88409810068363,88.4471226198069,89.68053377771918,10944100,83.34788703918457,87.19233261108398,92.41496070861817,83.76357899675847,84.25748761321566,-0.4939086164571904,-1.6387529850545361,1.1448443685973457,50.37160209250762,83.34788703918457,92.31308325605553,74.3826908223136,0.21512713843978148,-0.01669771365631645,-0.016838692024638852,0.6029315712265881,16300405.0,0.6714004958772497,1
2022-11-15,89.38212585449219,92.12745032170346,88.80520846848013,91.99813680380542,14515700,83.57517204284667,87.15741943359374,92.0067431640625,84.62797082102519,84.6370904459028,-0.009119624877612864,-1.3128263130191515,1.3037066881415387,51.819949358412735,83.57517204284667,92.92163944495817,74.22870464073517,0.22366612412882203,0.003910157300047068,0.0039025325046280744,0.60275206259044,16530110.0,0.8781369270984888,0
2022-11-16,86.57711791992188,89.23291690759763,85.02541650488814,89.1433991746477,17049800,83.70298843383789,86.99966278076172,91.56530326843261,84.92783960547084,84.78079618471902,0.14704342075181387,-1.0208523662649587,1.1678957870167725,49.58786751802169,83.70298843383789,93.14454845512343,74.26142841255235,0.2255967247513156,-0.03138220206506015,-0.03188517427480454,0.6137786150610458,16953095.0,1.005704268158705,0
2022-11-17,85.1845703125,86.87552676509983,83.06590027405595,84.1650196915993,11250100,83.74575996398926,86.79018295288085,91.3319010925293,84.96733663732148,84.81070537936947,0.15663125795201438,-0.7853556414215641,0.9419868993735785,49.195469508407676,83.74575996398926,93.20699328335124,74.28452664462728,0.22595133946913415,-0.016084476370649026,-0.016215235585375017,0.6171425468385434,16986505.0,0.6622963346491818,0
2022-11-18,84.46839141845703,86.81584148441655,83.98099937602257,86.39807687661559,9371700,83.79449882507325,86.56518569946289,91.13604816436768,84.89057583441927,84.78534878967226,0.10522704474701072,-0.6072391041878492,0.7124661489348599,51.86317796718626,83.79449882507325,93.26030493065963,74.32869271948687,0.22592905831078242,-0.008407378136858101,-0.008442919487002442,0.6168072021161981,16733900.0,0.560042787395646,0
2022-11-21,80.20120239257812,84.34405359895494,80.14152390437584,83.81190270523565,13839700,83.66071357727051,86.22659576416015,90.91000663757325,84.16913376644371,84.4457823898875,-0.2766486234437906,-0.5411210080390375,0.2644723845952469,46.882852400704,83.66071357727051,93.25587562707122,74.06555152746981,0.2293827446484411,-0.050518175547338395,-0.05183889114296222,0.6432746765312086,16760935.0,0.8257116920983226,0
2022-11-22,79.48504638671875,79.73371689962103,75.64557306040183,79.71381900884863,17402600,83.19669494628906,85.92620193481446,90.70361015319824,83.44850493879372,84.07832046372685,-0.6298155249331359,-0.5588599114178572,-0.07095561351527868,50.624337914906654,83.19669494628906,92.64896622210122,73.74442367047689,0.22722708592966237,-0.008929492133470163,-0.008969598982729388,0.5846306086116991,16730995.0,1.0401413663682286,1
2022-11-23,80.32057189941406,80.55929345573118,78.31628826655297,79.09710969424867,8851700,82.80876884460449,85.58980041503906,90.50711071014405,82.96728447119685,83.7999687182222,-0.8326842470253553,-0.6136247785393568,-0.21905946848599844,56.037950474987404,82.80876884460449,92.05186395161348,73.56567373759549,0.22323952489510399,0.010511732088954506,0.01045686797618406,0.5870318133576272,16568525.0,0.5342479188702676,0
2022-11-25,79.65413665771484,80.32057177871022,78.99366635036932,80.1713679604282,4634500,82.44720191955567,85.26513626098632,90.29395034790039,82.45756942296885,83.49287004707351,-1.0353006241046643,-0.6979599476524183,-0.33734067645224597,57.18897283540389,82.44720191955567,91.58397425111691,73.31042958799442,0.2216393550984559,-0.008297192436998557,-0.008331805733258965,0.5861897131325934,16260960.0,0.28500777321880133,0
2022-11-28,79.50493621826172,82.479033410106,79.21647751434318,79.50493621826172,11282600,82.13288269042968,84.98523284912109,90.0995397567749,82.00331816070621,83.1974675412356,-1.1941493805293817,-0.797197834227811,-0.3969515463015707,53.57480639097607,82.13288269042968,91.2176386422367,73.04812673862267,0.22122092039673627,-0.0018731034659789092,-0.0018748599179629454,0.5852682102260648,16024805.0,0.7040709699743616,0
2022-11-29,77.22711181640625,80.3205735213626,76.84913537886973,78.80866018239493,15491100,81.83746223449707,84.63928253173827,89.91229087829589,81.26851718466007,82.755218969026,-1.486701784365934,-0.9350986242554357,-0.5516031601104984,44.291790509635035,81.83746223449707,91.16593134054288,72.50899312845125,0.2279755224891021,-0.028650100361092612,-0.02906852581859902,0.5838714238582549,15913885.0,0.973432948648303,1
2022-11-30,77.9930191040039,78.68929346705919,74.91944778406813,77.28678820727747,25747300,81.60371246337891,84.37628875732422,89.73469039916992,80.76459440302065,82.40246342346882,-1.6378690204481643,-1.0756527034939816,-0.5622163169541827,49.53271300977638,81.60371246337891,91.07770725367058,72.12971767308724,0.23219519074069797,0.009917595901015597,0.009868739307852235,0.5855677616997627,16687765.0,1.542884862053127,1
2022-12-01,78.11237335205078,80.31659198218566,77.7244479935275,78.68929071199554,15189000,81.55795707702637,84.12463409423827,89.55102233886718,80.35656039517913,82.08467897373414,-1.7281185785550122,-1.2061458785061878,-0.5219727000488243,30.205784555914235,81.55795707702637,91.09298227941184,72.0229318746409,0.233822070687235,0.001530319628833876,0.0015291498829886326,0.5644231674115855,16795345.0,0.9043577253101975,0
2022-12-02,74.2629623413086,76.65019308885331,74.12369987850772,76.41147153186314,24238400,81.46395950317383,83.86601684570313,89.37257640838624,79.41908377150675,81.50529255651745,-2.0862087850106974,-1.3821584598070897,-0.7040503252036077,10.131461899511805,81.46395950317383,91.2573181063692,71.67060089997845,0.2404341419916822,-0.04928042569380109,-0.05053613446737798,0.5770663861858982,16659120.0,1.4549628071590817,0
2022-12-05,73.2284927368164,75.0885432495584,72.43771476673328,73.6164181158814,18317200,81.38637428283691,83.60043670654296,89.21551612854005,78.46668515078517,80.89219627357663,-2.4255111227914625,-1.5908289924039645,-0.8346821303874981,10.374007178232404,81.38637428283691,91.42421573378043,71.3485328318934,0.2466713019076054,-0.013929818739761846,-0.014027749163797159,0.5756627939232362,15501735.0,1.1816225732151917,0
2022-12-06,71.84588623046875,73.44731731403229,70.9705611888739,72.9897644917539,14692600,81.11631813049317,83.36111618041993,89.05925159454345,77.44810070150572,80.22209923334643,-2.7739985318407037,-1.8274629002913123,-0.9465356315493914,8.202890307113307,81.11631813049317,91.88693803977104,70.3456982212153,0.265559881353367,-0.01888071780088052,-0.019061234352758152,0.5650622923364271,15333290.0,0.9582157514792976,1
2022-12-07,74.02423095703125,74.93933655517236,70.63236935935686,71.29880446307999,24695600,80.78260231018066,83.13572128295898,88.91626605987548,76.92135151004811,79.76299787954531,-2.841646369497198,-2.0302995941324893,-0.8113467753647088,19.159269508964698,80.78260231018066,92.0115643555781,69.55364026478323,0.27800446443360743,0.030319686218007735,0.029869129054137373,0.551104891327659,15594005.0,1.5836598744196888,0
2022-12-08,73.82530212402344,75.45658006033041,73.39758854384407,74.69067064081722,13151100,80.56078834533692,82.79951873779297,88.78447071075439,76.44503621989047,79.32316856432148,-2.878132344431009,-2.1998661441921934,-0.6782662002388156,20.35299655597575,80.56078834533692,92.16831763307214,68.9532590576017,0.2881682149876105,-0.0026873475135903435,-0.002690964914181499,0.542173412279395,15535180.0,0.8465366992851064,0
2022-12-09,73.17874908447266,74.19332131118985,72.94996890212322,73.5567254848534,11781600,79.90280570983887,82.49852783203124,88.62805694580078,75.94253050674926,78.86802638062898,-2.9254958738797114,-2.344992090129697,-0.5805037837500144,20.427237008821336,79.90280570983887,91.62273799180741,68.18287342787033,0.2933547120867972,-0.008757878680463738,-0.008796454292120599,0.3719412222509213,15118155.0,0.779301442537135,1
2022-12-12,73.40753173828125,73.67112185077217,72.41284977753935,72.74606732372935,13652800,79.04588737487794,82.25443283081054,88.44334449768067,75.55253069621571,78.46354529601062,-2.9110145997949104,-2.4581965920627398,-0.4528180077321706,27.428914998114138,79.04588737487794,89.96831086531657,68.1234638844393,0.2763565279149477,0.0031263537115742146,0.0031214768297372682,0.30975350299945953,14804960.0,0.9221774324280512,0
2022-12-13,73.30805969238281,77.39620328200841,72.71125201561863,76.63030148811163,20069600,78.25959091186523,81.98626647949219,88.25321102142334,75.2072274648568,78.08165747351967,-2.87443000866287,-2.541443275382766,-0.33298673328010375,28.600895049948775,78.25959091186523,88.38997347468094,68.12920834904952,0.2588917842472342,-0.0013550659386435404,-0.0013559848707287647,0.31030685070102815,15261235.0,1.3150705037960557,0
2022-12-14,72.2437515258789,73.93968617123079,71.20928132665955,73.30806097113376,18298800,77.40267219543458,81.58521072387695,88.08471183776855,74.75130808962943,77.64921999591665,-2.89791190628722,-2.612737001563657,-0.2851749047235632,22.455866474131327,77.40267219543458,86.40864025017635,68.3967041406928,0.23270431883805087,-0.014518296773506023,-0.014624718541931304,0.3066282728551555,15450390.0,1.184358453087592,0
2022-12-15,69.39895629882812,71.27891216567531,69.07071702289639,70.91087711227182,17639900,76.54376411437988,81.10656951904296,87.90149139404296,73.92786935258307,77.03808935168787,-3.1102199991047996,-2.7122336010718855,-0.39798639803291413,19.551051604102298,76.54376411437988,85.1325571774652,67.95497105129456,0.22441522604639683,-0.039377733948820826,-0.040174010703810256,0.3150793651881578,15479895.0,1.1395361531845016,0
2022-12-16,68.89167785644531,70.48316754818897,68.08598027123332,69.03093273017154,25735200,75.72911949157715,80.60604568481445,87.7419444656372,73.15307066086957,76.4346514631514,-3.281580802281823,-2.826103041313873,-0.4554777609679501,19.14398178318423,75.72911949157715,83.94992704505228,67.50831193810203,0.21711087118580513,-0.007309597570869797,-0.007336443581550502,0.31466933789329193,16204150.0,1.5881857425412627,0
2022-12-19,68.58332061767578,69.22986543311349,67.38970525749954,68.69273624438776,15330000,74.93486595153809,80.18390258789063,87.5879676437378,72.45003219268591,75.85307140052358,-3.403039207837665,-2.9414902746186318,-0.46154893321903323,21.619818049647336,74.93486595153809,82.65474812906206,67.21498377401412,0.20604246313102306,-0.004475972256214766,-0.004486019411769754,0.31530308699215975,16502065.0,0.9289746465063615,0
2022-12-20,68.39434051513672,69.75705007938824,67.76768596099771,68.02133474293849,9470900,74.34452285766602,79.87037902832031,87.46437843322754,71.8260796269091,75.30057281642084,-3.4744931895117332,-3.048090857597252,-0.4264023319144812,17.243675862571735,74.34452285766602,82.1737237050992,66.51532201023284,0.21061943897124302,-0.0027554819573778477,-0.0027592852860622756,0.27756525924144504,16283625.0,0.5816211070937829,1
2022-12-21,68.84193420410156,69.81672581673368,67.70799743177034,68.44405992162271,13861600,73.81236724853515,79.59425521850586,87.33661148071289,71.36698033109256,74.82215514143422,-3.45517481034166,-3.1295076481461335,-0.3256671621955265,19.057033995893946,73.81236724853515,81.61719087122115,66.00754362584915,0.21147739636655244,0.006544308865231052,0.006522987846304597,0.2821153367818532,16106575.0,0.8606174807493213,0
2022-12-22,68.2053451538086,68.45202738519339,66.03196738937257,68.17550590770618,16488200,73.20660591125488,79.29107620239257,87.17920303344727,70.88057491920272,74.33202106827677,-3.4514461490740587,-3.1938953483317185,-0.25755080074234016,24.260275997645124,73.20660591125488,80.76118728875485,65.65202453375491,0.20639070158936354,-0.009247111628293614,-0.009290131577253924,0.27445333426742874,16488400.0,0.9999878702603042,1
2022-12-23,68.66289520263672,68.88172645033654,67.34991530525896,67.68811112138265,9990400,72.65704383850098,78.99247268676758,87.03238792419434,70.5393934243464,73.91208581897011,-3.372692394623712,-3.2296547575901178,-0.1430376370335944,29.599908366593624,72.65704383850098,79.82605402988645,65.48803364711551,0.19733833948214138,0.0067084192272073295,0.006686017912078068,0.27936108266734416,16756195.0,0.5962212781601074,0
2022-12-27,67.96662902832031,68.8717857839969,67.32008415208155,68.59327601301949,10323800,72.0801284790039,78.75096389770508,86.8919388961792,70.14358351726547,73.47168161225531,-3.3280980949898407,-3.2493434250700624,-0.07875466991977831,31.534028591890774,72.0801284790039,78.7698628494081,65.39039410859971,0.18561937975326548,-0.010140355606351847,-0.010192119244040681,0.2787923369172517,16708255.0,0.6178861885936023,0
2022-12-28,67.1907730102539,69.1005606537994,66.93414183325267,67.75774145408215,8897600,71.57831153869628,78.41058364868164,86.74611850738525,69.68930497772523,73.00642912321817,-3.31712414549294,-3.262899569154638,-0.05422457633830202,12.458935039612655,71.57831153869628,78.14701801776718,65.00960505962539,0.18353901727675592,-0.011415249353372015,-0.011480903428907296,0.2680897580962385,16378580.0,0.5432461177953156,1
2022-12-29,70.18475341796875,70.36379646602768,67.8572013820234,68.0262954860733,13143000,71.18789825439453,78.11755020141601,86.59741352081299,69.76552781468577,72.79741610801452,-3.0318882933287483,-3.21669731398946,0.1848090206607118,34.69889949207327,71.18789825439453,77.04043037890689,65.33536612988216,0.1644249168193719,0.044559398167036024,0.04359516795817478,0.31992844430236095,15748365.0,0.8345628260457514,1
2022-12-30,70.84125518798828,70.88104337973296,68.69273836670524,69.11051058561358,10175700,70.8243423461914,77.85395950317383,86.41488941192627,69.93102433365539,72.65251529912368,-2.7214909654682913,-3.117656044285227,0.3961650788169355,40.18380298657426,70.8243423461914,75.68505436561207,65.96363032677073,0.13726105625270407,0.009353908620436169,0.00931043172617303,0.3232562637734588,15497700.0,0.6565942043012835,1
2023-01-03,74.18338775634766,74.8597718415554,72.98976476484017,73.29812135511098,27974200,70.82036361694335,77.65104446411132,86.22798866271972,70.58523409099266,72.76591325891805,-2.1806791679253905,-2.9302606690132595,0.749581501087869,52.58280137169655,70.82036361694335,75.6693404669323,65.97138676695441,0.13693736101713136,0.047177771758708964,0.046098709031041026,0.32802243675889725,15684490.0,1.7835581520342707,1
2023-01-04,77.27684783935547,78.06264753846348,75.02886437031364,75.70524844113943,19144700,71.02278137207031,77.5267091369629,86.02368103027344,71.61471312920231,73.10005656117268,-1.4853434319703638,-2.6412772216046805,1.1559337896343167,61.01605829523291,71.02278137207031,76.58112989696939,65.46443284717124,0.15652297523467287,0.041700172728268425,0.04085415982208395,0.3547102554167057,15725865.0,1.217402031621154,0
2023-01-05,75.86438751220703,76.90880657492632,75.24768957204442,76.88891627539435,11113800,71.22370643615723,77.38645874023437,85.8328014755249,72.26850918812612,73.30482181680485,-1.0363126286787292,-2.32028430301949,1.2839716743407608,59.8591525887121,71.22370643615723,77.1833710826904,65.26404178962406,0.1673505899858001,-0.018277923681419894,-0.018447028690344237,0.354224811252072,15546925.0,0.7148551884054242,1
2023-01-06,76.07328796386719,76.65019779628898,73.5567359550948,76.36173908566711,14167900,71.32615928649902,77.13261611938476,85.62695209503174,72.85385976900936,73.50989338325391,-0.6560336142445493,-1.9874341652645018,1.3314005510199525,71.22081712534191,71.32615928649902,77.55299737052022,65.09932120247782,0.17460180518088947,0.0027536036144302223,0.0027498193932358954,0.33917939641500283,15020540.0,0.9432350634531116,1
2023-01-09,76.67008972167969,78.34612644883691,76.12301159085796,76.59051334104718,12966100,71.46839866638183,76.90443603515625,85.44010105133057,73.44097206942018,73.74398200091508,-0.3030099314948984,-1.6505493185105813,1.3475393870156829,74.59121256560667,71.46839866638183,78.05517043764458,64.88162689511908,0.18432683239511596,0.007845089568048635,0.007814476854965694,0.3394820849122718,15011290.0,0.8637565459064478,1
2023-01-10,77.505615234375,77.60508191098413,76.09316869559088,76.49104299084836,10436000,71.68474197387695,76.71683883666992,85.25046485900879,74.06630178710554,74.02262149968989,0.04368028741565411,-1.3117033973253343,1.3553836847409884,77.29766294734455,71.68474197387695,78.77317611235878,64.59630783539512,0.197766887158915,0.010897672296046101,0.010838720569670491,0.3383063542464641,14944010.0,0.6983400037874707,1
2023-01-11,78.12232208251953,78.76886687456067,77.4061498568014,78.25162800539931,10640400,71.92048149108886,76.56345886230469,85.07530132293701,74.69030490947692,74.32630302434394,0.3640018851329785,-0.9765623408336717,1.3405642259666501,79.00355758557313,71.92048149108886,79.54359024674167,64.29737273543606,0.2119871446243677,0.007956931201431372,0.007925441753646375,0.3387475476624155,14793390.0,0.7192671862230361,1
2023-01-12,79.35572814941406,79.8729670352669,76.68998010589485,78.5898263542514,9381900,72.22286491394043,76.4878630065918,84.8943189239502,75.40806233100571,74.6988530336084,0.7092092973973081,-0.6394080131874758,1.3486173105847838,79.94335796773568,72.22286491394043,80.52707809501588,63.91865173286497,0.22996078017593508,0.015788138831711818,0.015664802640039836,0.3410598720145557,14259005.0,0.6579631608236339,0
2023-01-13,79.05732727050781,79.38457242148533,77.61503384327735,78.10740415635588,8624700,72.56354370117188,76.41564926147461,84.68692771911621,75.96948770631373,75.02170297708243,0.9477847292313015,-0.3219694647037203,1.2697541939350219,81.51357391978256,72.56354370117188,81.4125459330734,63.71454146927035,0.24389663956719404,-0.0037602941320683536,-0.0037673818114665734,0.335323371652214,13775300.0,0.6260988871385741,1
2023-01-17,79.75360107421875,80.23602243929118,78.46051147094437,79.71381288455264,11261800,73.0812759399414,76.43017166137696,84.49639636993408,76.55165899368373,75.37221394724067,1.179445046443064,-0.021686562474363458,1.2011316089174273,81.7663797741426,73.0812759399414,82.35227623293602,63.8102756469468,0.2537175267879441,0.008807201403717047,0.008768644227269475,0.2921025696017415,13456395.0,0.8369106287382319,0
2023-01-18,76.89886474609375,80.32057333258595,76.710874457808,79.37562844655474,13601900,73.48163528442383,76.44529067993165,84.3057158279419,76.60507526328527,75.48529919160015,1.1197760716851235,0.20660596435753392,0.9131701073275895,72.76872464990223,73.48163528442383,82.68214866429558,64.28112190455208,0.25041667470408124,-0.03579445052855201,-0.03645078150814885,0.32628530314786236,12849730.0,1.0585358602865587,0
2023-01-19,76.34184265136719,77.00827776264181,75.55604296944374,75.85544473724894,10023400,73.8695613861084,76.4765235900879,84.1071773147583,76.5645779383748,75.5487468552866,1.0158310830882016,0.3684509881036675,0.6473800949845341,73.58971928318817,73.8695613861084,82.85214613957528,64.88697663264152,0.2432012478459391,-0.007243567204350154,-0.007269929217758423,0.3275767060739846,12584400.0,0.7964940720256826,1
2023-01-20,78.66939544677734,78.67934439161058,75.49636503889641,76.60245093312619,12193200,74.38331413269043,76.50497131347656,83.8944645690918,76.88839601659058,75.77990601021185,1.1084900063787302,0.51645879175868,0.5920312146200502,72.65001549921526,74.38331413269043,83.22155595337665,65.54507231200421,0.2376404419120104,0.030488559282482397,0.030033019183382893,0.3374718787720756,12720515.0,0.9585460966006486,1
2023-01-23,79.07721710205078,79.29604835101,76.25232393248592,77.41610002323675,17407300,74.89507827758788,76.47254470825196,83.70472896575927,77.22513772204599,76.02415127627398,1.2009864457720028,0.6533643225613446,0.5476221232106582,72.28199844119473,74.89507827758788,83.56604308224556,66.22411347293021,0.2315496559739208,0.0051839937622164545,0.005170603124604031,0.33754334793485696,12897800.0,1.3496332707903673,1
2023-01-24,79.15679931640625,79.96248934803633,77.69461548950589,78.95785835322354,9491300,75.44265098571778,76.49044906616211,83.54105407714843,77.52231642887065,76.25619927924674,1.2661171496239092,0.7759148879738575,0.49020226165005165,66.33985699382225,75.44265098571778,83.70855769356814,67.17674427786741,0.21913086562706288,0.0010063861282922915,0.0010058800612767716,0.33285994562598503,12547955.0,0.7564021388345751,0
2023-01-25,78.6793441772461,79.12695562766602,76.88892114203045,78.142214990035,9463400,75.94347343444824,76.33726791381837,83.37225654602051,77.7003206978515,76.43569149391335,1.2646292039381422,0.8736577511667145,0.39097145277142764,55.564293212354116,75.94347343444824,83.6763750744133,68.21057179448317,0.20364887962728848,-0.006031764084493463,-0.006050028655571013,0.3364062220486118,12521605.0,0.7557657345044825,1
2023-01-26,80.3802490234375,80.46977434854634,78.13823800802196,79.65413542192316,10566000,76.5641544342041,76.13395492553711,83.22106487274169,78.11261736332627,76.72788094054478,1.3847364227814865,0.9758734854896689,0.40886293729181755,67.51543652839239,76.5641544342041,83.55873022438612,69.56957864402207,0.18271150101168712,0.021618187898969632,0.021387828924396102,0.3337691932207455,12533715.0,0.8430062435598703,1
2023-01-27,81.39482879638672,82.0960814183567,79.89285687153686,80.13157842348488,10889100,77.27435722351075,75.98117172241211,83.08190887451173,78.61757296841249,77.07358078171825,1.5439921866942399,1.089497225730583,0.4544949609636568,69.42626233593629,77.27435722351075,83.0377042999691,71.51101014705239,0.1491658367286906,0.012622252173582815,0.012543255597210624,0.3254233470322294,12633290.0,0.8619369934514287,0
2023-01-30,79.21646881103516,80.92732295592458,79.1120314574486,80.43993093193848,10301000,77.72594299316407,75.77785858154297,82.9396195602417,78.70971079035444,77.2323132283343,1.4773975620201298,1.1670772929884925,0.31032026903163734,58.33330420396682,77.72594299316407,82.47673298596257,72.97515300036557,0.12224464084575545,-0.026762879381451166,-0.027127525953345128,0.3229467207714884,12491190.0,0.824661221228722,1
2023-01-31,81.05663299560547,82.03142468194498,79.1866335920247,79.27615132822031,15730300,78.23671188354493,75.66744888305664,82.8218491744995,79.07077574500845,77.5155961740581,1.5551795709503438,1.2446977485808628,0.31048182236948096,60.90408721414311,78.23671188354493,81.95535337061541,74.51807039647444,0.09506129277533212,0.023229565924730577,0.022963866413044168,0.3284157615674292,12768920.0,1.2319209455459037,1
2023-02-01,82.46908569335938,83.15541109157876,79.15679291523473,80.90742771674334,13221600,78.6509967803955,75.61313919067383,82.72536502838135,79.59359266013936,77.88252132363597,1.7110713365033945,1.3379724661653691,0.37309887033802536,62.72567712630682,78.6509967803955,82.3140501800145,74.9879433807765,0.09314703054169182,0.017425504188293583,0.017275421097336877,0.29541494918582745,12031290.0,1.0989345282176723,1
2023-02-02,86.49755096435547,88.15369750371578,84.199837835841,86.25882939499832,16906600,79.11203193664551,75.65372238159179,82.65762722015381,80.65574009155723,78.52067166739296,2.135068424164274,1.49739165776515,0.6376767663991239,67.96796032085746,79.11203193664551,84.12074791736889,74.10331595592213,0.12662336835778557,0.048848186409813366,0.04769259673861657,0.3078683180858295,11919385.0,1.4184121076716625,0
2023-02-03,85.06520080566406,87.37286272867587,84.74690287107006,84.9358948783926,14786900,79.57207260131835,75.75100234985352,82.56740951538086,81.33411866295828,79.00545160356118,2.328667059397091,1.6636467380915383,0.6650203213055528,64.29920349341425,79.57207260131835,84.99763872644927,74.14650647618744,0.13636860138895068,-0.016559430211864123,-0.016698070240505694,0.3061390925851841,12103040.0,1.2217508989477024,0
2023-02-06,81.89216613769531,83.35434980720943,81.6982034624835,82.88684808007814,14175900,79.86301651000977,75.79914474487305,82.50489372253418,81.41997212061013,79.21928230979334,2.200689810816783,1.7710553526365875,0.42963445818019563,54.55314509521604,79.86301651000977,85.12005229404511,74.60598072597443,0.13165132031736965,-0.03730120704961026,-0.03801469601598596,0.3424856767579931,12103440.0,1.171229005968551,1
2023-02-07,82.78738403320312,83.22503894135467,80.39317924002046,81.62360035614569,13520800,80.16888122558593,75.84848098754883,82.47420776367187,81.63034318408596,79.48358614115703,2.1467570429289253,1.8461956906950552,0.30056135223387015,63.678349141536586,80.16888122558593,85.35507949477511,74.98268295639676,0.12938182970511503,0.010931667065718687,0.010872348303736828,0.3431303013658994,12131175.0,1.1145499096336504,0
2023-02-08,79.29605102539062,82.1706814262416,79.19658434218756,81.91206197885646,13569300,80.25840301513672,75.84131927490235,82.44282554626464,81.27122131351744,79.46969465110027,1.8015266624171744,1.837261885039479,-0.03573522262230466,56.03903521166739,80.25840301513672,85.31112845201396,75.20567757825948,0.12591143723416215,-0.042172283235960784,-0.04308735354699009,0.3789593200327376,12287840.0,1.1042868396723915,0
2023-02-09,78.00296020507812,81.36499020409691,77.6796915923208,81.29536276801896,25473900,80.25243492126465,75.81127975463868,82.3962744140625,80.76841191221908,79.36104765509862,1.407364257120463,1.7512823594556761,-0.34391810233521314,48.57750142736774,80.25243492126465,85.31605399883689,75.18881584369241,0.12619228519458975,-0.016307127575602154,-0.0164415521698641,0.383167200318555,13029515.0,1.9550919585264686,1
2023-02-10,80.37030792236328,82.40940145097656,78.18200298848835,78.94791237143204,37521000,80.30316390991212,75.87414367675781,82.38185153961182,80.70716514454895,79.435807674896,1.2713574696529548,1.655297381495132,-0.38393991184217713,52.547024864329394,80.30316390991212,85.34925616926441,75.25707165055982,0.12567605094646675,0.030349459957175196,0.029898026210407987,0.3943468430754967,14436470.0,2.599042563729222,0
2023-02-13,79.02748107910156,80.28078251151634,78.02285773303686,80.22110402053227,15898500,80.30167160034179,75.89483291625976,82.36613552093506,80.44875221140319,79.4055612603927,1.0431909510104873,1.5328760953982032,-0.48968514438771593,49.75735465901959,80.30167160034179,85.34933258841573,75.25401061226785,0.12571745736990259,-0.01670799674624701,-0.01684914978909495,0.39903917134429234,14800160.0,1.0742113598771905,0
2023-02-14,76.84913635253906,78.95089846598177,75.89424250706821,78.57988097315364,18802000,80.15644836425781,75.86956817626952,82.2923798751831,79.89496515619332,79.21619645240355,0.6787687037897712,1.362054617076517,-0.6832859132867459,46.7719463216936,80.15644836425781,85.4324618006504,74.88043492786522,0.1316428944659976,-0.027564395281460596,-0.02795142190964986,0.4094814896425853,15177170.0,1.2388343808496578,1
2023-02-15,77.49567413330078,78.37099151468405,75.64556510477756,76.12300818959717,14494600,80.18628883361816,75.93422241210938,82.2425463104248,79.5258434603637,79.08875035469222,0.4370931056714795,1.1770623147955097,-0.7399692091240302,44.71575485961817,80.18628883361816,85.39099457617336,74.98158309106297,0.12981535417743673,0.008413078031167087,0.008377885338334107,0.3900345871269816,15221805.0,0.9522260993357884,0
2023-02-16,76.32195281982422,78.30136786511817,76.1329608123405,76.46120769202652,11461800,80.18529434204102,75.99609161376954,82.16893985748291,79.03293720797302,78.88380238914644,0.14913481882658175,0.9714768156017242,-0.8223419967751424,40.76088164804332,80.18529434204102,85.39309972819582,74.97748895588622,0.12989427622327399,-0.01514563653524248,-0.01526150309208016,0.39315802898869306,15293725.0,0.7494446251648961,0
2023-02-17,74.2629623413086,75.92407947293526,73.19864530774663,75.79476595508191,15855700,79.96497268676758,76.04443313598632,82.0891166305542,78.29909492079388,78.54151794115846,-0.2424230203645834,0.7286968484084627,-0.9711198687730461,40.93888809185013,79.96497268676758,85.78021779986898,74.14972757366618,0.14544480958882866,-0.026977696487619385,-0.027348274641189226,0.387467943854574,15476850.0,1.0244784953010464,1
2023-02-21,74.83987426757812,75.16812116079203,73.29016099104389,73.31801196663216,14537400,79.75310554504395,76.06074600219726,82.00218143463135,77.76690712799146,78.26732211348585,-0.5004149854943876,0.48287448162789265,-0.9832894671222803,38.07708166709539,79.75310554504395,85.99746097188174,73.50875011820617,0.15659215736272541,0.0077685013912867085,0.007738481954809922,0.38826393972953743,15333355.0,0.9480899646554847,1
2023-02-22,75.07859802246094,75.8743390407992,74.48676103934905,74.95923345474068,9526700,79.54919548034668,76.08581192016601,81.9526959991455,77.35332111175599,78.03112032896547,-0.6777992172094827,0.2507397418604176,-0.9285389590699002,35.1578133206835,79.54919548034668,86.13267932818249,72.96571163251087,0.1655198096745633,0.003189793639007066,0.0031847170399481755,0.3886001292090803,15335125.0,0.6212339319046959,0
2023-02-23,74.79014587402344,75.87434566742706,73.23446017079833,75.48642027448248,9292000,79.35473556518555,76.11803985595704,81.92041858673096,76.95898645979713,77.79104814711792,-0.8320616873207882,0.034179456024176436,-0.8662411433449646,22.331923947242686,79.35473556518555,86.26790151938206,72.44156961098903,0.17423449035420777,-0.003842002328695693,-0.0038494017781910894,0.38840315118966146,15326555.0,0.6062680099996379,0
2023-02-24,73.15885925292969,73.6363023313253,72.59189085432183,73.10912212072056,12317700,78.99366607666016,76.11306640625,81.89067756652832,76.37435150489445,77.44792304384472,-1.0735715389502758,-0.18737074297071404,-0.8862007959795617,22.123894753764546,78.99366607666016,86.41683228418526,71.57049986913506,0.18794332700855323,-0.02181151810883597,-0.022052905745668025,0.3835735813789549,15414140.0,0.7991169147289436,1
2023-02-27,73.377685546875,74.16846348008787,73.06933656476984,73.92476366559822,8579300,78.59280891418457,76.11445892333984,81.86590991973877,75.91332597289146,77.14642396999511,-1.2330979971036555,-0.39651619379730235,-0.8365818033063532,26.86485047696125,78.59280891418457,86.32927157923594,70.85634624913321,0.19687456834629236,0.0029911113456371208,0.002986646872371717,0.3793993305532031,15298650.0,0.5607880433894494,0
2023-02-28,73.20858764648438,73.94465014092901,72.74108593081657,73.13896021577773,8607400,78.29241485595703,76.13375564575195,81.85810161590577,75.49721238421344,76.85473239047579,-1.357520006262348,-0.5887169562903115,-0.7688030499720365,22.90373374563292,78.29241485595703,86.38526048631707,70.199569225597,0.20673383610019716,-0.002304486699605701,-0.0023071461155914673,0.37053618871093424,15213970.0,0.5657563410470772,1
2023-03-01,73.42742919921875,73.82530354008131,72.8604607298567,73.23843717982412,7699600,77.9109546661377,76.21432510375976,81.85576412200928,75.17878420190657,76.6008580800123,-1.422073878105735,-0.7553883406533962,-0.6666855374523387,29.627085065922245,77.9109546661377,86.17265017675639,69.649259155519,0.21208045892959543,0.0029892880025377266,0.002984828965177821,0.3577884483183996,14812435.0,0.5198065004167107,1
2023-03-02,73.7059326171875,73.9745009994029,72.2139096589901,72.23778409048063,7729100,77.4727970123291,76.31061019897462,81.83223987579346,74.95219165041132,76.38641915684009,-1.434227506428769,-0.8911561738084708,-0.5430713326202983,33.952437991709814,77.4727970123291,85.6456683077198,69.29992571693839,0.21098686534036115,0.003792907105778287,0.0037857321704743005,0.34979568443357323,14537810.0,0.5316550429535123,1
2023-03-03,75.88429260253906,75.91413184907942,73.69598759411257,73.76562262113555,10040000,76.94213409423828,76.45662963867187,81.82547603607178,75.09559179689252,76.34922459726224,-1.253632800369715,-0.9636514991207197,-0.28998130124899535,33.006777162839754,76.94213409423828,83.94176219661357,69.942505991863,0.18194525495750297,0.02955474421123583,0.029126421604950523,0.31511696639967884,14194480.0,0.7073172106339929,1
2023-03-06,76.3716812133789,77.34647289290098,75.95391660307855,76.53083397281976,9608600,76.50745811462403,76.61617645263672,81.81070499420166,75.29191324558273,76.35088805030792,-1.0589748047251817,-0.9827161602416121,-0.07625864448356956,39.24253577518726,76.50745811462403,82.37059198134804,70.64432424790002,0.15326960302196482,0.006422786509886258,0.006402248311344858,0.3157863945771607,13935565.0,0.6895020044038401,0
2023-03-07,74.51162719726562,76.96848519563618,74.39226263340443,76.13295601507049,9680400,76.13843116760253,76.7295703125,81.79941535949708,75.17186923814933,76.21464650563811,-1.0427772674887876,-0.9947283816910473,-0.04804888579774036,40.281189571078365,76.13843116760253,81.480464130027,70.79639820517806,0.14032421946454665,-0.024355284400724098,-0.024656779743117842,0.3013376013453284,13710790.0,0.7060424672830669,1
2023-03-08,75.43667602539062,75.79476213724959,73.95460203336499,74.76029957945822,9467900,75.77089576721191,76.87419692993164,81.77235996246338,75.21260874387876,76.15701906265681,-0.9444103187780541,-0.9846647691084487,0.04025445033039454,41.63295069189831,75.77089576721191,80.10277253260374,71.43901900182009,0.11434144262199272,0.01241482521480819,0.012338393215364672,0.30239169150992584,13508145.0,0.7009030477537811,1
2023-03-09,75.52620697021484,78.84347063526174,75.32229533240002,76.55072824865006,17398200,75.58240356445313,77.0114631652832,81.74943256378174,75.26085462485355,76.11029224099444,-0.8494376161408894,-0.9576193385149369,0.10818172237404744,46.45390070921986,75.58240356445313,79.58390484267528,71.58090228623098,0.10588446753508858,0.0011868357613489255,0.0011861320285418565,0.26787999366798976,13699590.0,1.26997961252855,0
2023-03-10,73.03950500488281,75.53615913574967,72.71125809911179,75.53615913574967,13123800,75.33423080444337,77.11292068481445,81.710888671875,74.91910852947343,75.88282651980099,-0.9637179903275523,-0.95883906887746,-0.004878921450092388,44.74808589295411,75.33423080444337,79.31926870390615,71.34919290498058,0.10579620597195336,-0.032925021195791104,-0.03347924899159038,0.2853331378717193,13082085.0,1.0031887118911091,0
2023-03-13,72.22386169433594,73.5766298414311,70.70796423977654,72.23579891059204,14049000,74.92690849304199,77.21358245849609,81.68084926605225,74.5044551702215,75.61179208828506,-1.1073369180635524,-0.9885386387146785,-0.11879827934887388,38.99582922010653,74.92690849304199,78.37354216700629,71.48027481907769,0.09199989011382653,-0.01116715276879754,-0.011229973543239713,0.25741899224144876,11908485.0,1.1797470459088624,1
2023-03-14,72.85050964355469,74.27290524788373,72.28851945784253,73.68106822670596,12491500,74.61805992126465,77.26689758300782,81.64663219451904,74.25000201227276,75.40725264793467,-1.15725063566191,-1.022281038104125,-0.13496959755778515,40.923827780222624,74.61805992126465,77.59217935166043,71.64394049086886,0.07971580696507023,0.00867646695313562,0.008639042731292167,0.25814188577933794,11738135.0,1.0641809793463783,1
2023-03-15,73.51695251464844,73.54679176135106,71.38832598772741,71.72652182427436,10548700,74.45145072937012,77.32041152954102,81.61425533294678,74.1372251664844,75.26723041583939,-1.1300052493549941,-1.0438258803542988,-0.08617936900069534,44.968559527054246,74.45145072937012,77.26850960463868,71.63439185410157,0.07567505663545827,0.009148087972953745,0.00910649767156906,0.24618658041923128,11325470.0,0.931413883927113,1
2023-03-16,73.95460510253906,74.10877959816149,72.13433522318353,73.04447016286129,11641700,74.27439727783204,77.31583587646485,81.56024406433106,74.10912977203127,75.16999891115049,-1.0608691391192195,-1.047234532107283,-0.01363460701193664,53.47222222222222,74.27439727783204,76.70437450565662,71.84442005000746,0.06543243208652282,0.0059530839203845165,0.0059354343279999595,0.24494513613263627,11182825.0,1.0410339069063497,0
2023-03-17,72.60183715820312,74.6658068644262,72.09255894140038,73.55673096890023,27210400,74.08839149475098,77.2223356628418,81.49946895599365,73.8772386006731,74.97976470722845,-1.1025261065553593,-1.0582928469968982,-0.044233259558461135,46.91944735930127,74.08839149475098,76.42621594163946,71.7505670478625,0.06310906201963114,-0.018291868943932643,-0.01846123368979938,0.24738921371400638,11970255.0,2.2731679483853937,1
2023-03-20,72.82066345214844,73.74571795399946,71.63698952267752,72.61178115673961,16888500,74.01627655029297,77.16146118164062,81.45336540222168,73.71468857782315,74.81983128092624,-1.105142703103084,-1.0676628182181354,-0.03747988488494869,48.46578229231666,74.01627655029297,76.41949404451229,71.61305905607365,0.06493754093632009,0.003014060008818875,0.0030095268365018797,0.23014223772428974,12021895.0,1.4048118037963233,1
2023-03-21,76.31200408935547,76.43136107225192,73.67609527728551,73.74572271358224,12327600,74.08988304138184,77.1662355041504,81.39567386627198,74.11427557959736,74.93036260006915,-0.8160870204717838,-1.017347658668865,0.20126063819708118,59.062492359775824,74.08988304138184,76.6820616197235,71.49770446304018,0.06997388771403068,0.04794436732235008,0.04683049987373415,0.28726242077530934,11911405.0,1.0349408822888653,0
2023-03-22,73.94465637207031,76.70490044486291,73.8451896896534,76.45125926637657,11641300,74.0331859588623,77.1117268371582,81.33504795074462,74.08818031690089,74.85734732392108,-0.7691670070201866,-0.9677115283391294,0.19854452131894285,50.66298328493916,74.0331859588623,76.5835767959037,71.48279512182091,0.06889858389880872,-0.031021957102753794,-0.0315133268968678,0.30886428004055433,12017135.0,0.9687250746538172,0
2023-03-23,72.17412567138672,74.11376018326058,71.3286474636158,72.56205105599717,18567600,73.90238494873047,77.00509704589844,81.26417686462402,73.79371037143717,74.65859016447409,-0.8648797930369199,-0.9471451812786876,0.08226538824176777,39.457311671818424,73.90238494873047,76.55557696896746,71.24919292849349,0.07180260886242383,-0.023943997951315632,-0.024235315066922742,0.3197299872833433,12480915.0,1.4876793888909587,1
2023-03-24,73.48710632324219,73.50700421376611,71.14960504891445,71.53753043709209,9176200,73.91879730224609,76.9123927307129,81.19101802825928,73.74654051786871,74.5718135836421,-0.8252730657733878,-0.9227707581776277,0.09749769240423989,42.17063670380962,73.91879730224609,76.55664016403964,71.28095444045255,0.07137136853046148,0.018191847003918626,0.01802835519016149,0.31769354314443987,12323840.0,0.744589348774408,0
2023-03-27,72.91019439697266,74.77024489955255,72.79082982375036,74.41713703560484,11908900,73.89542274475097,76.78348205566407,81.12034587860107,73.6178718838847,74.44873068092585,-0.8308587970411452,-0.9043883659503312,0.07352956890918605,45.32793259854493,73.89542274475097,76.56158780327546,71.22925768622649,0.07216049274753951,-0.007850519024819258,-0.007881496582413458,0.3188556431069569,12490320.0,0.953450351952552,0
2023-03-28,72.3133773803711,73.19864374121794,71.47784815437595,72.71125169272078,9252400,73.85066223144531,76.64860305786132,81.06359924316406,73.41718042180568,74.29055636236623,-0.8733759405605497,-0.8981858808723749,0.024809940311825263,40.710076842465,73.85066223144531,76.59431045879658,71.10701400409404,0.07430260323875709,-0.00818564566365143,-0.008219332016764468,0.32006903703822903,12522570.0,0.738857918143001,1
2023-03-29,73.78550720214844,73.90487176787745,72.61178220001993,72.82066449842996,8746700,73.86856613159179,76.52924118041992,81.03813537597657,73.47384608031996,74.2531453134612,-0.7792992331412449,-0.874408551326149,0.09510931818490409,45.21594978358682,73.86856613159179,76.60525004749182,71.13188221569176,0.07409603459812164,0.020357641630176948,0.020153194889372818,0.3283550271735543,12574925.0,0.6955667727640523,1
2023-03-30,73.99440002441406,74.7801997857099,73.5070079254713,74.53152926335636,8429800,73.88298950195312,76.47115188598633,81.04146759033203,73.55393130248828,74.233978995754,-0.6800476932657205,-0.8355363797140634,0.1554886864483429,52.999997123684444,73.88298950195312,76.61910501198658,71.14687399191966,0.07406618298684645,0.002831082013075026,0.0028270820481001596,0.32824272037861524,12609960.0,0.6685033100818718,1
2023-03-31,75.5361557006836,75.62567344064736,73.72583471169611,74.11376009584902,8378600,73.86558265686035,76.45503814697265,81.058775100708,73.85888890221064,74.3304365294525,-0.4715476272418613,-0.762738629219623,0.2911910019777617,59.95218173690785,73.86558265686035,76.5520690264029,71.1790962873178,0.07273986809316908,0.020836112945855856,0.020622010084764983,0.31930836045026995,12526890.0,0.6688491716619209,0
2023-04-03,74.88960266113281,75.5162495387044,74.30771464864046,75.22282019364617,8911700,73.79147872924804,76.37944229125976,81.0560894393921,74.01746024973713,74.3718562429103,-0.3543959931731706,-0.6810701020103326,0.32667410883716197,56.119378106992265,73.79147872924804,76.25980447622582,71.32315298227026,0.06690002123509244,-0.008559517406641515,-0.008596360465612438,0.31971609163866244,12492045.0,0.713390001396889,0
2023-04-04,74.85977172851562,75.28748530511616,74.33259146664508,75.05870509905566,8949100,73.80888595581055,76.29509338378907,81.07613227844239,74.14704663108766,74.40799813073292,-0.2609514996452589,-0.5970463815373178,0.33609488189205894,54.18993668650153,73.80888595581055,76.30336735337316,71.31440455824794,0.06759298329082103,-0.00039833209894524213,-0.0003984114542496435,0.30736423675020264,12455480.0,0.7184869631680192,0
2023-04-05,73.21853637695312,74.71055924958961,72.7261660970076,74.71055924958961,10812700,73.69797897338867,76.176328125,81.0796633529663,74.00419889968235,74.31988985267516,-0.31569095299281,-0.5407752958284162,0.2250843428356062,47.86373310635765,73.69797897338867,76.08255144054706,71.31340650623028,0.06471201789724597,-0.021924129791826785,-0.022168035056279196,0.3136808650625434,12522720.0,0.86344659946082,1
2023-04-06,74.56136322021484,74.60115141162629,71.89561510621986,72.8803481799833,10524500,73.64973678588868,76.09396850585938,81.09254447937012,74.08991648745658,74.33777676878921,-0.2478602813326347,-0.4821922929292599,0.2343320115966252,55.690348480920946,73.64973678588868,75.91461049534843,71.38486307642893,0.06150391863705072,0.018339984786754027,0.018173835639604227,0.3213058498693415,12179035.0,0.8641489247711334,0
2023-04-10,74.12369537353516,74.45692050404234,73.06933493782243,74.06401688512003,7591800,73.70394630432129,75.96883743286133,81.1002532196045,74.09511323916098,74.32191888765928,-0.2268056484982992,-0.43111496404306776,0.20430931554476855,53.73643774456032,73.70394630432129,75.9592013067097,71.44869130193288,0.06119767300048038,-0.0058699013507445,-0.0058871969371469485,0.29858512002922555,11902435.0,0.6378358713994238,0
2023-04-11,73.1886978149414,76.03348872568618,72.82066277095664,75.62566549406895,14190900,73.75218811035157,75.80471481323242,81.09910930633545,73.95566471235797,74.23797658597648,-0.28231187361851084,-0.40135434595815644,0.1190424723396456,39.50535629871402,73.75218811035157,75.91345562167582,71.59092059902731,0.05860890549011135,-0.012614017068117933,-0.01269424919506097,0.2994039762427152,11909530.0,1.1915583570468355,0
2023-04-12,73.109130859375,75.29742833936498,72.95992703373436,73.54679339090173,10422300,73.76511917114257,75.68256805419922,81.07832046508788,73.82542873497599,74.154358384006,-0.328929649030016,-0.38686940657252833,0.05793975754251235,46.682499772803006,73.76511917114257,75.90667646420795,71.6235618780772,0.05806422648343439,-0.0010871481245313674,-0.0010877394987001017,0.29801362967403194,11806070.0,0.8827916487027436,1
2023-04-13,75.1183853149414,75.1581735077261,73.16880940142252,73.31801322715965,8724100,73.84519081115722,75.56380310058594,81.07623161315918,74.02434513189374,74.22576778629751,-0.20142265440377116,-0.34978005613877694,0.14835740173500578,61.47285116301194,73.84519081115722,76.06596756021086,71.62441406210358,0.060146821334182414,0.027482948189210488,0.02711207181425535,0.31197758626260635,11714840.0,0.7447050066411491,1
2023-04-14,76.12301635742188,76.3269279997529,74.75035785525617,74.80008740464936,8902700,73.95361137390137,75.4368817138672,81.09965641021728,74.34721762812883,74.3663047174919,-0.0190870893630688,-0.28364146278363533,0.26455437342056654,60.524215559173015,73.95361137390137,76.39740918907802,71.50981355872472,0.06609001966979211,0.013373970144172409,0.013285328061911897,0.3145594986734158,11577890.0,0.7689397636356884,1
2023-04-17,76.91876220703125,77.53546020081448,76.14291144787069,76.42639187656941,9717600,74.16945762634278,75.2453059387207,81.12880062103271,74.74283987103689,74.55537564264297,0.18746422839392096,-0.18942032454812407,0.37688455294204504,65.72986042211667,74.16945762634278,76.86060239179979,71.47831286088577,0.07256746514217995,0.010453419841813583,0.010399160650452693,0.3068671433193616,10703250.0,0.9079111484829374,0
2023-04-18,76.01359558105469,77.52551645015612,75.80471327456462,77.29673625419767,7558900,74.32910423278808,75.06427383422852,81.16152565002442,74.93834074950117,74.66339193437717,0.2749488151239916,-0.09654649661370093,0.37149531173769257,64.176804404267,74.32910423278808,77.0618527623921,71.59635570318406,0.07353104972301153,-0.011767826210466792,-0.011837615126864785,0.3113550188084552,10236770.0,0.7384067435333607,0
2023-04-19,74.91944122314453,75.53614673985913,73.70592807767231,74.89955092400827,8888300,74.25947608947754,74.9248193359375,81.18102138519288,74.93543313006168,74.68235854835993,0.25307458170175323,-0.026622280950610103,0.2796968626523633,54.47407285212775,74.25947608947754,76.84657925926912,71.67237291968597,0.06967738815378376,-0.014394192901234892,-0.014498794277498575,0.2654756438475276,10064805.0,0.8831070249249737,0
2023-04-20,73.1886978149414,74.57130508268132,73.07928219615731,74.00433668935503,8847600,74.2216781616211,74.73284561157226,81.17694313049316,74.66670462004318,74.57171701255115,0.09498760749202972,-0.0023003032620821373,0.09728791075411186,47.161847141529506,74.2216781616211,76.84991028085365,71.59344604238855,0.07082114509751326,-0.02310139237488673,-0.023372411623556508,0.2547850514286903,9925120.0,0.8914350657725045,1
2023-04-21,73.78550720214844,73.84518569060243,72.53220582286725,73.00965649696232,8591100,74.30224723815918,74.62263473510743,81.18161811828614,74.5311357865209,74.51347924881762,0.017656537703288677,0.0016910649309920256,0.01596547277229665,43.39337221013281,74.30224723815918,76.75942001354345,71.84507446277492,0.06613993160956086,0.008154392754958772,0.008121325335879614,0.24050664771508498,9426295.0,0.911397319943838,1
2023-04-24,73.89492797851562,74.47482777675395,72.98976370010595,74.01429255257165,7458400,74.32263832092285,74.54047409057617,81.17788806915283,74.4332576622124,74.46766063620267,-0.03440297399026804,-0.005527742853259987,-0.028875231137008052,46.08767046334341,74.32263832092285,76.75800078487399,71.88727585697171,0.06553487655901873,0.0014829575687189678,0.0014818590730245568,0.23202573986345795,9340405.0,0.7985092723495395,0
2023-04-25,71.39827728271484,73.89493138623203,71.37838698053235,73.50700598868744,10255800,74.24704246520996,74.36103347778321,81.169681930542,73.96633760382817,74.24029890631468,-0.2739613024865122,-0.05921445477991043,-0.21474684770660174,38.59765521921061,74.24704246520996,76.94654725593188,71.54753767448804,0.07271683022220927,-0.03378649609790085,-0.03437045065842285,0.2607158398386509,9257750.0,1.1078069725365234,1
2023-04-26,71.6767807006836,72.37803331447945,70.65225948049338,70.83130253957273,9068800,74.21521263122558,74.21401947021485,81.17758960723877,73.61409808026747,74.05040866886053,-0.4363105885930594,-0.13463368154254024,-0.30167690705051914,44.42045403717139,74.21521263122558,77.02353564301532,71.40688961943584,0.07568052188287215,0.003900702209746143,0.0038931141968664524,0.25977597994457763,9248570.0,0.9805624004575842,1
2023-04-27,73.87503051757812,73.97450479094677,72.571999495722,72.61178768730514,11420100,74.21968879699708,74.15453735351562,81.19171409606933,73.65424153216141,74.03741769469146,-0.3831761625300487,-0.18434217774004194,-0.19883398479000677,47.66101014492226,74.21968879699708,77.0254121787771,71.41396541521705,0.07560590531318817,0.03066892507455443,0.030208033265422995,0.2729056104072835,9382240.0,1.2172039939289552,1
2023-04-28,75.59583282470703,75.6455699607782,73.52689242081894,73.84519036073853,10718900,74.29976043701171,74.11654052734374,81.21479068756103,73.95294788486073,74.15285585247038,-0.19990796760964713,-0.18745533571396297,-0.012452631895684158,54.613492449840145,74.29976043701171,77.1690968926671,71.43042398135633,0.07723676197012483,0.023293422622945092,0.023026271476258783,0.2849223173474705,9496695.0,1.1286979312276535,0
2023-05-01,74.71056365966797,76.0931709961525,74.57130879044084,75.62566925425232,6857900,74.25848083496093,74.08431274414062,81.24244281768799,74.069504157908,74.19416754189241,-0.12466338398441223,-0.17489694536805284,0.0502335613836406,54.78424671990544,74.25848083496093,77.07621383503599,71.44074783488588,0.07588986384834474,-0.01171055509226071,-0.011779663705863018,0.27856042227145494,9420660.0,0.7279638581585579,0
2023-05-02,71.8956069946289,74.6608214807576,71.54746984508405,74.42209994804409,12767000,74.10878105163575,74.03696563720703,81.2343360900879,73.73505844048044,74.02390379765068,-0.2888453571702314,-0.19768662772848855,-0.09115872944174286,46.744901931010155,74.10878105163575,77.09823088684774,71.11933121642375,0.08067734464905264,-0.037678161255242926,-0.038406332556648694,0.30753774072855133,9613425.0,1.3280386542777418,0
2023-05-03,71.05013275146484,72.60183418162731,70.97055637329726,72.02492441196506,11865700,73.91829910278321,73.96117080688477,81.22090789794922,73.32199294986266,73.80362446089617,-0.48163151103351254,-0.25447560438949335,-0.2271559066440192,38.36084323937329,73.91829910278321,77.17941043991438,70.65718776565204,0.08823556214670475,-0.01175974831434734,-0.011829441072913534,0.3094602718345432,9759255.0,1.2158407583365738,1
2023-05-04,71.42811584472656,72.66152705521365,71.37340802822253,71.38832765192164,10230500,73.82877807617187,73.88816116333008,81.1914155960083,73.03062724138019,73.62766085969842,-0.5970336183182354,-0.32298720717524176,-0.27404641114299366,36.068486439543705,73.82877807617187,77.26439917162305,70.39315698072069,0.09306997040927659,0.005319949148918646,0.005305848208194929,0.3017079723175093,9730145.0,1.0514231802300993,1
2023-05-05,74.5713119506836,74.68072757954484,72.55210867249757,72.57199897373528,11954200,73.82927551269532,73.88378448486328,81.1652057647705,73.26765565819609,73.69756094051213,-0.4299052823160423,-0.34437082220340187,-0.08553446011264043,43.88601400741345,73.82927551269532,77.26534606807446,70.39320495731617,0.09308151899142764,0.0440050261551046,0.04306430377367099,0.3354669900966526,9801630.0,1.2196134724530512,1
2023-05-08,75.1183853149414,75.9738124877577,74.5166069225248,75.30737733346322,22864000,73.87901000976562,73.92297500610351,81.12924800872803,73.55238329769537,73.80280719046985,-0.25042389277447796,-0.32558143631761716,0.0751575435431392,47.624086634973516,73.87901000976562,77.36150487215335,70.3965151473779,0.0942756233990519,0.007336244327035724,0.007309464980085025,0.33556341458804667,10565240.0,2.164077673578641,0
2023-05-09,65.55451965332031,69.30944593058597,65.49981183671511,69.16024210449706,68702600,73.49730110168457,73.76651168823243,81.05392570495606,72.32194273702228,73.19182292845878,-0.8698801914364935,-0.4344411873413925,-0.43543900409510106,32.85378040450405,73.49730110168457,78.59659898264616,68.39800322072298,0.1387615002054738,-0.127317242263976,-0.1361831823862749,0.5651834131498383,13290825.0,5.169174975970265,0
2023-05-10,63.042945861816406,66.23587035848294,62.446134388583864,66.14635262162928,46309100,72.99399185180664,73.56319885253906,80.96306148529052,70.89440475622138,72.44005425685565,-1.5456495006342692,-0.656682849999968,-0.8889666506343012,31.940523495365028,72.99399185180664,79.91596218277436,66.07202152083892,0.18965863231650076,-0.03831274799641826,-0.039065983040877564,0.5772092901582088,15085165.0,3.0698437836112498,1
2023-05-11,63.83869171142578,64.03265439984138,62.306880505221486,63.112574299386,27903300,72.43000717163086,73.37142410278321,80.89910343170166,69.80891044163744,71.8029162905275,-1.994005848890069,-0.9241474497779882,-1.0698583991120807,32.419141473597335,72.43000717163086,80.38428237673544,64.47573196652628,0.21964032631547448,0.01262228214007588,0.012543285190173408,0.5678655139029055,16044125.0,1.7391599728872718,0
2023-05-12,61.36193084716797,63.838690681901696,60.983954421403354,63.75911430106029,28711100,71.69195289611817,73.12454406738281,80.77611099243164,68.50937511941136,71.02950996138976,-2.520134841978404,-1.2433449282180715,-1.2767899137603325,29.558725555024367,71.69195289611817,80.8514100288344,62.53249576340194,0.25552260086953704,-0.038797174532549605,-0.03956983560328384,0.5726541664716448,17034545.0,1.6854632747748766,1
2023-05-15,61.91895294189453,62.39540569897111,61.25251783998159,61.421611954409435,20633500,70.94196243286133,72.84523727416992,80.65868877410888,67.495464015178,70.3546538858716,-2.859189870693598,-1.566513916713177,-1.292675953980421,33.494973068014616,70.94196243286133,80.73397464176638,61.14995022395628,0.27605698723578725,0.009077649399819476,0.009036695199171139,0.5720206991782072,17580340.0,1.173668996162759,0
2023-05-16,60.47666549682617,61.64541610061602,60.426932155169084,61.47134750761085,17517500,70.1651159286499,72.52733695983886,80.53072290420532,66.41564885850849,69.6229510422386,-3.207302183730107,-1.894671570116563,-1.312630613613544,31.258337396307965,70.1651159286499,80.70004836736423,59.63018348993557,0.30028974652952,-0.02329314977954844,-0.023568722915079013,0.573916016337826,18078270.0,0.9689809920971421,1
2023-05-17,61.133155822753906,61.39177527191107,60.078795313698485,60.82480682606522,19938700,69.47580165863037,72.25976753234863,80.39591863632202,65.60295762223855,68.99407732227677,-3.3911197000382174,-2.193961196100894,-1.1971585039373234,27.518439127456944,69.47580165863037,80.49394380941612,58.457659507844625,0.31717927358142434,0.010855266581491385,0.010796771117048966,0.5787468768255707,18630790.0,1.0702015319801255,0
2023-05-18,60.94416809082031,61.327119000676724,60.138474285061776,61.13315630946999,19820500,68.86357517242432,71.96991737365722,80.2548727607727,64.88622077125113,68.39778774957628,-3.511566978325149,-2.457482352545745,-1.0540846257794039,22.671622828512938,68.86357517242432,80.36327005368976,57.36388029115888,0.33398483457972916,-0.0030914113526469,-0.0030961996356372668,0.5768431324705376,19179435.0,1.0334246029666672,0
2023-05-19,60.59602355957031,61.62054856495523,60.38515298618476,61.570815225527355,19398000,68.20410099029542,71.67131370544433,80.07085660934449,64.22619043099255,67.81987929105732,-3.5936888600647734,-2.684723654049551,-0.9089652060152225,23.135181650578943,68.20410099029542,80.02364802096542,56.38455395962541,0.34659344112905416,-0.005712515933127271,-0.005728894758254614,0.5736397755606629,19719780.0,0.9836823737384495,1
2023-05-22,62.69480514526367,62.81416971704799,60.32746472103518,60.62586856167457,20220600,67.64409484863282,71.46441970825195,79.90200931549072,63.990592694726566,67.44024416914668,-3.449651474420115,-2.837709218123664,-0.6119422562964512,31.99690326448531,67.64409484863282,79.38944311819108,55.89874657907455,0.34726899061450467,0.034635632214877976,0.034049318565332116,0.5935128717203071,20357890.0,0.9932561773346845,0
2023-05-23,61.670284271240234,62.96337011804538,61.51113530231669,62.69480552153489,16815500,67.15769519805909,71.25334815979004,79.73629529953003,63.633622168036354,67.01283973226472,-3.3792175642283695,-2.946010887344605,-0.43320667688376435,31.77426836414773,67.15769519805909,79.05319247124172,55.26219792487647,0.3542556735486781,-0.016341399764296716,-0.016476393111276248,0.5864486326529919,20685875.0,0.8128976898487494,0
2023-05-24,61.47134780883789,61.88414175599492,60.904379363465175,61.32214778313551,14790300,66.6474235534668,71.0257649230957,79.56491157531738,63.30096457431351,66.60235884904792,-3.301394274734406,-3.0170875648225652,-0.2843067099118408,30.517713449556453,66.6474235534668,78.60210493435179,54.6927421725818,0.35874399169517923,-0.00322580744929557,-0.0032310215823578817,0.5852982464254943,20971950.0,0.7052420018167124,0
2023-05-25,59.05426788330078,61.41166689961858,58.99956007103957,61.41166689961858,24461300,65.90638542175293,70.73651123046875,79.39029514312745,62.64762662185001,66.04324099973331,-3.3956143778833052,-3.0927929274347132,-0.302821450448592,18.75,65.90638542175293,77.81196477027149,54.000806073234365,0.3612875830568317,-0.03932043157819942,-0.04011436117908671,0.5782853801568019,21624010.0,1.1312101686967404,1
2023-05-26,59.899749755859375,60.28468891789938,58.636503192129354,59.18357751956251,20632500,65.12158126831055,70.45541412353515,79.197873878479,62.22487633477453,65.58816757426116,-3.363291239486635,-3.1468925898450975,-0.21639864964153777,19.714976559793257,65.12158126831055,76.39011522307845,53.853047313542646,0.3460767916043032,0.014317032500163807,0.014215511628105752,0.572179717136882,22119690.0,0.9327662367781827,1
2023-05-30,61.72001647949219,61.85927135044244,59.23331151420716,60.71538934305772,21356700,64.47205390930176,70.23777770996094,79.01355926513672,62.14720558780802,65.30163786353754,-3.154432275729519,-3.148400527021982,-0.006031748707536977,38.96995308791101,64.47205390930176,74.87790921429423,54.06619860430929,0.322802041319523,0.030388553058266377,0.029935967084841288,0.5906248561819238,22844630.0,0.9348674064758327,0
2023-05-31,61.66033935546875,62.878823297702226,60.84469661791849,61.51113553648024,27790800,63.96029052734375,70.01457122802735,78.81904922485352,62.072303090525054,65.03191204812504,-2.9596089575999827,-3.1106422131375826,0.15103325553759994,45.36976047674699,63.96029052734375,73.82140213463481,54.099178920052694,0.3083510573822463,-0.0009669006495367505,-0.0009673683995059273,0.5811292488693078,23595820.0,1.1777848788471856,1
2023-06-01,62.714698791503906,63.27172207261017,61.501189342338044,62.07810292418856,16686200,63.5435188293457,69.74262512207031,78.62777187347412,62.171133198367954,64.86026662170866,-2.6891334233407065,-3.0263404551782074,0.3372070318375009,46.29992776867491,63.5435188293457,72.83084911447132,54.25618854422007,0.29231400640773275,0.01709947507678855,0.016954924551343564,0.5869799037496293,23836845.0,0.7000171373350794,1
2023-06-02,63.61985778808594,64.05254201591634,63.22397554851958,63.40103033523754,16438700,63.153105926513675,69.53612915039062,78.43818546295167,62.39401390447841,64.76838448588475,-2.374370581406339,-2.895946480423834,0.521575899017495,58.29071963595474,63.153105926513675,71.6693369438311,54.63687490919626,0.2697010983823057,0.014432964106090074,0.01432980033420201,0.5900983647413625,24147255.0,0.6807688907082813,1
2023-06-05,64.16693878173828,64.63444054204689,63.16728229626572,63.72927626760742,13498300,62.632887268066405,69.37598541259766,78.2645637512207,62.66677157790301,64.72383295224428,-2.0570613743412665,-2.7281694592073205,0.671108084866054,58.26024793527442,62.632887268066405,69.27785822301496,55.98791631311786,0.21218791739580278,0.008599217487637922,0.008562454820050008,0.5638357199267526,24224460.0,0.557217787310842,1
2023-06-06,64.6742172241211,64.82839930139606,63.888425159667044,64.08735851467446,13039200,62.11067886352539,69.19972763061523,78.09129009246826,62.97560936962887,64.72015771312405,-1.7445483434951825,-2.531445236064893,0.7868968925697106,66.56198928762689,62.11067886352539,65.43727406829935,58.78408365875144,0.10711830125326487,0.00790560453738176,0.007874518971809078,0.5640293164358625,23733220.0,0.5494071179553386,0
2023-06-07,63.69943618774414,64.97262793347446,63.21204033822573,64.9030004970305,15511900,62.01792469024658,69.01551246643066,77.9295548439026,63.086967341646606,64.64454871124406,-1.5575813695974503,-2.3366724627714044,0.7790910931739541,59.87750011672668,62.01792469024658,65.02866557072623,59.007183809766936,0.0970926033245076,-0.015072173707166181,-0.01518691329378434,0.34366893026494827,21073685.0,0.7360791432537783,1
2023-06-08,63.89836883544922,64.35095096166897,63.64472766028167,63.85858064523878,13568500,62.060695838928225,68.84721229553223,77.78363496780395,63.211798340693164,64.58927612785185,-1.377477787158682,-2.14483352764886,0.7673557404901779,61.361890470592996,62.060695838928225,65.15586958432704,58.96552209352942,0.09974666585859729,0.0031229891441857394,0.003118122742768508,0.31457989726650737,19436655.0,0.6980882255717354,0
2023-06-09,63.15235900878906,63.719323625322005,62.09799477022916,63.65964513642935,17151700,62.02637920379639,68.63454933166504,77.63587495803833,63.20265382809254,64.48283782273609,-1.2801839946435507,-1.9719036210477983,0.6917196264042476,59.539742664057925,62.02637920379639,65.053011306954,58.99974710063877,0.0975917711789428,-0.011674943198961452,-0.011743630485149191,0.3143551490702934,18899075.0,0.9075417712242531,1
2023-06-12,63.391082763671875,63.918266798540365,62.78432614270157,63.261773042544434,15945400,62.12783679962158,68.42248298645019,77.48652341842651,63.23164289510474,64.40196707762021,-1.170324182515472,-1.811587733341333,0.6412635508258611,53.017248362065175,62.12783679962158,65.19643618113459,59.05923741810859,0.098783396930752,0.0037801241098465166,0.003772997394968572,0.27971643105436167,18260790.0,0.8732042808662714,0
2023-06-13,63.221988677978516,63.89836894061588,62.794275118539005,63.2120397332042,19963400,62.192988586425784,68.17619964599609,77.32160514831543,63.23015763093147,64.31456127023934,-1.0844036393078653,-1.6661509145346396,0.5817472752267743,57.262587985922245,62.192988586425784,65.29802951472531,59.087947658126254,0.0998517999817502,-0.0026674743247998567,-0.002671038373853699,0.2787552610339198,18227285.0,1.0952481403566137,1
2023-06-14,63.261775970458984,64.75379902442651,62.689836835300106,63.7989051805459,24028100,62.332244110107425,67.94364311218261,77.17687894821167,63.23502199085878,64.2365771739593,-1.0015551831005212,-1.533231768247816,0.5316765851472949,58.506637841787956,62.332244110107425,65.36208779366716,59.3024004265477,0.09721593460385065,0.0006293268103780836,0.0006291288673038551,0.2634004886639984,18552815.0,1.2951188269812424,1
2023-06-15,65.49980926513672,65.85789539816263,62.29693575238325,62.78432781557125,21527700,62.550576782226564,67.75644386291503,77.04354181289673,63.58345080228615,64.33014992145392,-0.7466991191677721,-1.3759252384318073,0.6292261192640352,81.1539380601462,62.550576782226564,65.8352156303875,59.26593793406564,0.10502345516641955,0.03537733900677753,0.034765939025157996,0.2871699246287556,18632265.0,1.155398981283274,1
2023-06-16,66.07672882080078,66.79290111031587,64.87316445212973,65.59927809818346,29703700,62.80720481872559,67.61360771179199,76.91736642837525,63.967032035903785,64.45952613622036,-0.49249410031657703,-1.1992390108087614,0.7067449104921844,80.65162660568868,62.80720481872559,66.35486792076595,59.25954171668523,0.11296994070281088,0.00880795779616328,0.008769394015892724,0.28659229929713903,19126425.0,1.5530189253872588,1
2023-06-20,68.52364349365234,68.83199249027278,66.42486383221943,66.77300102014921,31379200,63.20358581542969,67.49285331726074,76.79526918411256,64.6680491832497,64.76057186640051,-0.09252268315080414,-0.9778957452771699,0.8853730621263658,81.78447724636824,63.20358581542969,67.41957242603706,58.987599204822324,0.1334097284581007,0.03703141357810802,0.036362221535062265,0.3064477152974769,19725485.0,1.59079485244596,0
2023-06-21,67.8273696899414,68.65295000290422,66.86252691181042,68.5783518865834,23910600,63.46021404266357,67.36692680358887,76.67356985092164,65.15409849197151,64.9877420755517,0.16635641641981636,-0.7490453129377728,0.9154017293575891,77.19305564059313,63.46021404266357,68.14462128678059,58.775806798546554,0.14763288510082065,-0.010161073874821569,-0.010213049974384188,0.292532394866739,19909985.0,1.2009351086904385,1
2023-06-22,68.2053451538086,68.27994326906463,66.70337319314135,67.16092600729517,16872500,63.78696708679199,67.26725975036621,76.56136972427367,65.62352105533107,65.22608304431147,0.3974380110196023,-0.5197486481462977,0.9171866591659,75.74634234296116,63.78696708679199,68.8426467063649,58.731287467219076,0.15851763614011882,0.005572609782673599,0.005557140236664887,0.2823856982729202,19912835.0,0.8473178229016611,0
2023-06-23,66.58401489257812,67.7975281355656,65.49980757641897,67.05648732044388,27683800,64.042600440979,67.13675743103028,76.43865087509155,65.77128933798446,65.32667058862751,0.44461874935694823,-0.3268751686456486,0.7714939180025968,63.02452721648074,64.042600440979,69.12225901895549,58.96294186300252,0.1586337388862854,-0.023771307916912288,-0.0240584043577697,0.29941900380534425,20557510.0,1.34665141838676,0
2023-06-26,66.08667755126953,67.22061447637398,66.05683830410706,66.51439113451572,12224400,64.39422092437744,66.95612327575684,76.29675951004029,65.81981060156677,65.38296740067506,0.43684320089171536,-0.1741314947381758,0.6109746956298912,58.47238253266404,64.39422092437744,68.96842718320161,59.82001466555326,0.1420688438546677,-0.00746932040837367,-0.007497355471208583,0.25629734658030756,19945665.0,0.6128850554744603,0
2023-06-27,65.87779235839844,66.74316084364551,65.4301809040231,66.51438823283225,16371200,64.6931230545044,66.75121879577637,76.14785566329957,65.82873087184856,65.41962110124716,0.40910977060140397,-0.05748324167025985,0.46659301227166383,55.45542257003641,64.6931230545044,68.7867596365818,60.59948647242699,0.12655554064466765,-0.0031607761293347414,-0.0031657819331377952,0.2560702237609664,19732600.0,0.8296524533006294,0
2023-06-28,65.6788558959961,66.12646738098083,65.27104019330898,65.6987537871449,15390600,64.8910650253296,66.52642066955566,75.99765867233276,65.80567318325588,65.43882367863597,0.36684950461990695,0.027383307587773506,0.33946619703213343,59.65085348620165,64.8910650253296,68.75584590061085,61.02628415004833,0.1191159637701332,-0.0030197803429728998,-0.00302434907967198,0.23882707628917693,19434295.0,0.7919299362287132,0
2023-06-29,65.50975799560547,66.98188312538227,65.2710364373106,65.94742050983066,14894200,65.08353595733642,66.31634391784668,75.83955396652222,65.7601477697712,65.44407807248557,0.31606969728562717,0.08512058552734424,0.23094911175828292,57.87940784314603,65.08353595733642,68.64215232684785,61.524919587824996,0.10935534823566352,-0.00257461702223305,-0.0025779370483935233,0.23926865244136358,18789465.0,0.7926888817749733,1
2023-06-30,66.37512969970703,66.61882192001359,65.40033805201777,65.73852627155381,16907100,65.26655750274658,66.14545768737793,75.69890592575074,65.85476037437671,65.51304485968716,0.34171551468955386,0.13643957135978618,0.20527594332976767,65.5769460534642,65.26655750274658,68.68599734194004,61.84711766355312,0.10478382712462075,0.013209813783156,0.013123325027369388,0.23664263989738446,18800510.0,0.8992894341696049,1
2023-07-03,67.73783874511719,68.26501896026453,66.48453737309268,66.76305469151444,8617900,65.47245655059814,66.03644050598145,75.5518918800354,66.14446473910601,65.67784440675605,0.4666203323499616,0.20247572355782129,0.2641446087921403,68.95057346857182,65.47245655059814,68.96944546698586,61.97546763421042,0.10682320782282527,0.020530416310676758,0.02032250812557929,0.24150840070313245,18409470.0,0.4681231996358396,1
2023-07-05,68.48384857177734,68.53358570323125,66.64368854029456,67.67815864620539,13980600,65.6883020401001,65.93040733337402,75.41487440109253,66.50436994413238,65.88569656712801,0.6186733770043702,0.28571525424713107,0.33295812275723913,71.84145180143504,65.6883020401001,69.37382833373225,62.002775746467954,0.11221256081127748,0.011013192042740316,0.010952988462343088,0.2423680613280445,18433585.0,0.7584308749491756,0
2023-07-06,65.78826904296875,67.48917440841579,65.28097908136542,67.34991953092808,17447500,65.74400463104249,65.76827415466309,75.27631521224976,66.39420057472259,65.87847971348658,0.5157208612360051,0.3317163756449059,0.18400448559109922,58.592710665130205,65.74400463104249,69.39854223171362,62.08946703037135,0.11117477924201663,-0.03936080674530695,-0.04015638977727543,0.28496655109794056,18654000.0,0.9353221829098317,1
2023-07-07,66.434814453125,67.30019056108443,65.62912442804597,65.83800674607306,12341800,65.88077354431152,65.6690048980713,75.13586614608765,66.40044886370758,65.91968969420054,0.48075916950703856,0.36152493441733247,0.1192342350897061,53.56603091706584,65.88077354431152,69.41592507037642,62.34562201824662,0.1073196726716376,0.00982767018439068,0.009779692715497916,0.27999563381062387,18495495.0,0.6672868176818193,1
2023-07-10,68.91156768798828,68.99114406923867,66.33534495278339,66.44476057979733,14872000,66.13143348693848,65.61370063781739,75.02471044540405,66.78677483667384,66.14131028633297,0.6454645503408756,0.41831285760204107,0.2271516927388345,59.443343699202075,66.13143348693848,69.78372430541644,62.479142668460504,0.11045551641336573,0.03728095359716588,0.03660282176886549,0.30641129018711305,18560670.0,0.8012641785021769,1
2023-07-11,70.24444580078125,70.35386142824336,69.04088148751947,69.26965409852465,14799000,66.48603782653808,65.54108894348144,74.92245714187622,67.31872421576729,66.44524625036617,0.873477965401122,0.5093458791618573,0.36413208623926474,56.191859268064356,66.48603782653808,70.29429574715476,62.67777990592139,0.11455812513756414,0.01934186316625186,0.01915718685435572,0.305197888359419,18443035.0,0.8024167388935715,0
2023-07-12,70.214599609375,71.4877989597971,69.9062506139684,71.33859514017983,14458500,66.82721366882325,65.4334642791748,74.83756101608276,67.76424350709155,66.72445761029275,1.0397858967988043,0.6154338826892467,0.4243520141095576,59.02254056407639,66.82721366882325,70.69023244671968,62.96419489092681,0.1156121455860919,-0.00042489041042326203,-0.00042498070193059973,0.3058784077532781,18368690.0,0.7871274434921598,1
2023-07-13,72.0050277709961,72.34819426757308,70.6224204288607,70.99045549264874,14536300,67.26636562347412,65.37935356140137,74.76504865646362,68.41667185538456,67.11561095553003,1.3010608998545337,0.752559286122304,0.5485016137322296,62.97554397384632,67.26636562347412,71.39173934763242,63.14099189931581,0.12265784499939346,0.025499371520763203,0.025179685678587495,0.31241736666005837,18097335.0,0.8032287626879869,0
2023-07-14,71.7165756225586,72.5919006997026,71.53753254667204,72.27360274132896,12202200,67.6891056060791,65.37577293395996,74.70457197189332,68.92434935802672,67.4564231530877,1.467926204939019,0.895632669885647,0.5722935350533719,69.2825388454009,67.6891056060791,71.81941242832407,63.55879878383412,0.1220375652850711,-0.004006000099810891,-0.004014045612281644,0.3140427983315745,17506040.0,0.6970279971941112,1
2023-07-17,73.09918212890625,73.38764083564045,71.57731979830514,72.13433932092468,13168800,68.06907424926757,65.41675392150879,74.64359800338745,69.56663132277741,67.87440529944463,1.692226023332779,1.0549513405750734,0.6372746827577056,74.7021821076525,68.06907424926757,72.7171230699234,63.42102542861174,0.13656859218137063,0.01927875800462453,0.0190952771876015,0.29924396246468704,17088095.0,0.7706417830659298,1
2023-07-18,73.97450256347656,74.01429075386163,72.8704049439604,73.08923619666758,11903000,68.46396293640137,65.4676816558838,74.56029336929322,70.24476535980804,68.32626435603959,1.918501003768455,1.2276612732137497,0.6908397305547052,77.24232467399116,68.46396293640137,73.70362145278756,63.22430442001519,0.15306325522679698,0.011974421725085005,0.011903295570643787,0.29989442076921674,16198060.0,0.7348410859078186,0
2023-07-19,73.82530212402344,74.64094109217693,73.5070041752031,74.07397263369,12167200,68.72904586791992,65.45276145935058,74.48827840805053,70.79561716968733,68.73360048700135,2.0620166826859787,1.3945323551081956,0.6674843275777831,77.50171149874748,68.72904586791992,74.49175024774163,62.966341488098216,0.16769342006860358,-0.002016917103634386,-0.002018953819988674,0.2771835575181768,15237460.0,0.7985057877100251,0
2023-07-20,72.63167572021484,74.28285146964767,72.41285205657437,72.43274235733392,14221100,68.9692611694336,65.40302726745605,74.42337537765503,71.07808771592234,69.02234680057272,2.0557409153496167,1.5267740671564798,0.5289668481931369,72.48743476484509,68.9692611694336,74.96934977257311,62.96917256629408,0.17399312393384575,-0.01616825626806584,-0.016300388693050054,0.28199741826942004,14752985.0,0.963947296089571,0
2023-07-21,72.60183715820312,73.22849167593849,71.44800998275217,72.34322530178738,25515000,69.18908576965332,65.54397361755372,74.35280267715454,71.31251070704246,69.28749423447127,2.0250164725711954,1.626422548239423,0.39859392433177243,70.75597656828174,69.18908576965332,75.39011512315611,62.98805641615053,0.17924877267919018,-0.0004108202339522249,-0.00041090464370348463,0.28223577416589846,15185110.0,1.6802644169189422,1
2023-07-24,73.2981185913086,73.57662833551227,72.62670520960081,72.65157377722358,8845400,69.52479095458985,65.74907707214355,74.25781057357788,71.61798884308341,69.58457752016291,2.0334113229205,1.7078203031756387,0.3255910197448615,69.39628030614737,69.52479095458985,75.85757002335092,63.19201188582877,0.18217326458118605,0.009590410661210136,0.0095447146032163,0.26408836107305034,14243190.0,0.6210266099097183,0
2023-07-25,72.5719985961914,73.90487643683005,72.55210829505717,73.28817085816782,8536000,69.84905700683593,65.92374320983886,74.1540154838562,71.7647595743308,69.80586797023909,1.9588916040917042,1.7580345633588519,0.20085704073285227,64.28077241249915,69.84905700683593,76.10426640918578,63.59384760448608,0.17910648104347843,-0.009906393357322685,-0.009955788158955061,0.2657445262891025,14058770.0,0.6071654917179811,1
2023-07-26,73.03950500488281,73.36775191065384,72.02493262838017,72.50237577420894,11332500,70.20714263916015,66.15729469299316,74.04962366104127,71.96087425595418,70.04539663947196,1.915477616482221,1.7895231739835258,0.12595444249869514,79.99997474839937,70.20714263916015,76.32355406190233,64.09073121641798,0.17423900739497014,0.006441966843061975,0.006421306057916601,0.2640982456699872,13806835.0,0.8207891236478164,0
2023-07-27,71.64694213867188,74.65585665994124,71.42811088784191,73.9347137388489,11836600,70.50554695129395,66.35185447692871,73.95940599441528,71.91257700714152,70.1640296394127,1.7485473677288184,1.7813280127325846,-0.03278064500376621,70.31001759977167,70.50554695129395,76.26359048577541,64.74750341681249,0.1633359014563544,-0.01906588586707758,-0.019249983616252162,0.276650502985956,13629135.0,0.8684777133691903,1
2023-07-28,73.5865707397461,73.7954530293328,72.5719909459584,72.65156731974973,10182300,70.90938758850098,66.6140525817871,73.90698625564575,72.1701145044653,70.41755120240036,1.7525633020649423,1.7755750705990563,-0.02301176853411402,69.01289407349212,70.90938758850098,76.31425119705732,65.50452397994464,0.15244423319297767,0.027072036058706894,0.026712070705370086,0.28643361374129506,13393540.0,0.7602396379149948,1
2023-07-31,75.41678619384766,76.13295842201484,74.34252785159688,74.50168060844344,15661100,71.36147041320801,66.89972518920898,73.87082956314087,72.66960245667798,70.78786490547054,1.8817375512074364,1.7968075667207324,0.08492998448670397,70.21766942518451,71.36147041320801,76.68132766210802,66.041613164308,0.1490960659329513,0.024871595940711755,0.02456733249018331,0.29324515169171345,13331240.0,1.1747669384093302,0
2023-08-01,75.12833404541016,75.87434558313976,74.16349124240173,75.78482784124667,14608700,71.73099517822266,67.18340850830079,73.82964975357055,73.04786885494447,71.10938113805867,1.9384877168858026,1.8251435967537466,0.11334412013205597,68.8262231214934,71.73099517822266,77.01765703563899,66.44433332080632,0.14740244002696762,-0.0038247738069356885,-0.003832106958675891,0.2905965363323339,13630780.0,1.0717435099091908,0
2023-08-02,72.81071472167969,74.59119629880544,72.11444040160634,73.98443971038971,24567800,71.94733848571778,67.42770233154297,73.77573797225952,73.01138360367297,71.23540584795651,1.775977755716454,1.815310428546288,-0.03933267282983399,52.96700814386883,71.94733848571778,77.02448053818567,66.87019643324989,0.14113495118310046,-0.030848804957256504,-0.031334647227247825,0.3166049272415066,14160140.0,1.734996970368937,0
2023-08-03,63.83869171142578,66.574067239186,63.75911532930105,66.34528703778278,51260800,71.84985961914063,67.45058006286621,73.69472108840942,71.60020023563494,70.68750109710238,0.9126991385325596,1.6347881705435425,-0.722089032010983,32.305639123255446,71.84985961914063,77.47065723570907,66.22906200257219,0.1564595295345872,-0.12322393818752686,-0.13150366492605725,0.5325993999764471,15850805.0,3.2339556255975643,0
2023-08-04,62.416297912597656,64.62449325216318,62.32578224171763,64.45539912694427,25279500,71.64893379211426,67.46550033569336,73.58575365066528,70.1872921859369,70.07481937973166,0.1124728062052327,1.3303250976758807,-1.217852291470648,26.048192119832677,71.64893379211426,78.28107937384985,65.01678821037868,0.18512893997776486,-0.022281061229416532,-0.022533033920080027,0.5361760439832425,16497690.0,1.5323054318513682,1
2023-08-07,64.0774154663086,64.40566236221315,61.86922390837496,62.68486288106943,23738000,71.40722618103027,67.51762168884278,73.48195859909058,69.24731115214793,69.63056723799663,-0.38325608584869997,0.9876088609709646,-1.3708649468196645,28.565286574212536,71.40722618103027,78.77138835536752,64.04306400669302,0.20625817772749683,0.02661352257766114,0.02626554325452833,0.5269251760755465,16940990.0,1.4012168120044932,0
2023-08-08,62.85395431518555,63.649702951994996,62.157679949593344,63.43087169743133,17683700,71.03770160675049,67.59361541748046,73.37612442016602,68.26371779261525,69.128595910381,-0.8648781177657412,0.6171114652236235,-1.4819895829893648,27.295191802603924,71.03770160675049,79.33065530181926,62.744747911681706,0.2334803493777655,-0.01909348468909977,-0.01927811925745543,0.522885324644385,17085225.0,1.035028804127543,0
2023-08-09,61.69017791748047,63.052891191116856,61.600656385962125,62.764432501289896,13788700,70.61148052215576,67.62942398071289,73.26292961120606,67.25240396567145,68.57760198498096,-1.3251980193095108,0.22864956831699662,-1.5538475876265074,27.328955913216305,70.61148052215576,79.89913558465618,61.32382545965534,0.26306359798209394,-0.018515563744314956,-0.018689122492023934,0.524727450461257,17051735.0,0.8086391208871121,1
2023-08-10,62.456085205078125,62.71470086180826,61.74488740605675,62.267093192072636,13119100,70.13403339385987,67.64414535522461,73.15774196624756,66.51450877173401,68.12415629758075,-1.6096475258467393,-0.13900985051575057,-1.4706376753309887,29.600021599226352,70.13403339385987,80.07858421377227,60.18948257394745,0.2835870215553022,0.012415384643924554,0.012338945784279971,0.5163310735436505,16980875.0,0.7725809182389011,0
2023-08-11,61.212730407714844,62.16762420484267,61.143102972158275,61.93884780309813,12419300,69.60884113311768,67.63519317626952,73.04942108154297,65.69885056188491,67.61219882425735,-1.9133482623724376,-0.493877532887088,-1.4194707294853495,26.223101082471103,69.60884113311768,80.28410127930576,58.933580986929606,0.3067213868931694,-0.01990766461395488,-0.020108491974245593,0.5183710737101166,16991730.0,0.7309026214517298,1
2023-08-14,62.933528900146484,63.10262301427461,61.35198441097067,61.81948615258943,22668000,69.10055847167969,67.63956977844238,72.92026163101197,65.273416460079,67.26563068173061,-1.9922142216516079,-0.7935448706399921,-1.1986693510116158,31.75141735855989,69.10055847167969,80.04083547201351,58.16028147134587,0.31664800523479436,0.028111774805176237,0.02772389147748654,0.5252913748796973,17466690.0,1.2977845258603662,0
2023-08-15,59.15373992919922,62.43618978002717,59.084112492546105,62.42624083512775,32003500,68.35952033996583,67.55024742126464,72.77563486099243,64.33192776302057,66.6647498852468,-2.332822122226233,-1.1014003209572403,-1.2314218012689926,26.639886908422937,68.35952033996583,79.90099709363122,56.81804358630043,0.337669916238946,-0.06006001946823081,-0.06193925625473518,0.552476293791491,18471715.0,1.7325678747208908,1
2023-08-16,59.36262130737305,59.86493677340939,58.944852899601145,59.12389596087329,16592700,67.6363862991333,67.45416107177735,72.63802059173584,63.56741907753634,66.12385147207097,-2.5564323945346246,-1.3924067356727172,-1.1640256588619073,28.476818270711078,67.6363862991333,79.54249239938513,55.73028019888148,0.3520621591932799,0.0035311609785591003,0.0035249410676679955,0.5539565653355177,18692990.0,0.887642907849413,0
2023-08-17,58.28836441040039,58.880201422005314,57.840760540337286,58.696183883718625,20616700,66.91922073364258,67.32644401550293,72.50050580978393,62.75525682105389,65.54344502305833,-2.7881882020044344,-1.6715630289390608,-1.1166251730653736,22.358014359129328,66.91922073364258,79.2777595639838,54.560681903301344,0.36935692600282094,-0.01809652055980271,-0.018262265234194226,0.554272780796065,19012770.0,1.084360669171299,1
2023-08-18,59.10400390625,59.48198413691921,56.985333932070965,57.084800616473544,19035900,66.24432907104492,67.23453536987304,72.38034822463989,62.19352560339175,65.06644938477623,-2.872923781384486,-1.911835179428146,-0.96108860195634,19.40298187088443,66.24432907104492,78.76933520913009,53.71932293295974,0.37814576171954306,0.013993178640368198,0.013896177967239784,0.5600198443001704,18688815.0,1.0185718035092113,1
2023-08-21,59.19352722167969,59.45115254431156,58.43757053199804,59.143793877981444,14133700,65.53909950256347,67.14043853759766,72.26297578811645,61.73198739082066,64.63141811343574,-2.8994307226150795,-2.109354288065533,-0.7900764345495466,19.887216570827803,65.53909950256347,77.97987147339181,53.09832753173514,0.37964427540972645,0.001514674294683882,0.0015135283326013229,0.5570736441126327,18953230.0,0.7457145826859063,1
2023-08-22,60.65570831298828,60.988925874572836,59.29299502624986,59.60134401990273,17340200,64.94328498840332,67.09050552368164,72.17111692428588,61.56640599423106,64.33692109118037,-2.7705150969493104,-2.2415864498422886,-0.5289286471070218,26.26263092808081,64.94328498840332,77.10410884801854,52.7824611287881,0.37450596660722457,0.02470170574280406,0.024401551448678484,0.5705437203229676,19393440.0,0.8941270862724715,1
2023-08-23,61.431556701660156,62.038313309517676,60.60597264094381,60.954109812135535,13105400,64.36288757324219,67.05131500244141,72.09756013870239,61.54565994922015,64.12170891417887,-2.5760489649587157,-2.308478952865574,-0.2675700120931417,43.08569878254405,64.36288757324219,75.99318384770469,52.73259129877969,0.3613975914684599,0.012791020173541279,0.012709906031127727,0.5731560915647396,19482085.0,0.6726898070714711,0
2023-08-24,60.387142181396484,61.59070646825707,60.29861478687848,61.36193006785956,12846900,63.79989757537842,66.99461807250977,72.0255948638916,61.36742644647805,63.845074341380176,-2.477647894902127,-2.3423127412728846,-0.1353351536292422,44.042040870180955,63.79989757537842,75.02874159007806,52.571053560678784,0.35200194487563125,-0.01700127062278156,-0.017147451432735265,0.5726723853061588,19532600.0,0.6577158186826126,1
2023-08-25,60.86458969116211,61.27240915588236,59.76049586795169,60.665656328399585,11150100,63.16379852294922,66.94667434692383,71.94368276596069,61.29006694566021,63.62429770062329,-2.3342307549630803,-2.340696344010924,0.006465589047843778,39.86188367364872,63.16379852294922,73.46103960173616,52.86655744416228,0.32604882288849857,0.007906443201624258,0.007875351057561753,0.5610897993884358,19580990.0,0.5694349468540661,1
2023-08-28,61.342037200927734,61.630495891973055,60.705441327179926,61.26246461391462,10459300,62.46006107330322,66.86351890563965,71.84690021514892,61.29806236954752,63.4552413673125,-2.15717899776498,-2.303992874761735,0.14681387699675508,44.993408590105254,62.46006107330322,71.00635303876871,53.91376910783773,0.27365621546336777,0.007844421726791895,0.007813814211981249,0.5506880528709514,19320900.0,0.5413464176099457,1
2023-08-29,62.167625427246094,62.406350778427445,61.202782666403806,61.302253143733836,11627600,61.81202564239502,66.78533683776855,71.76643043518067,61.43184130150115,63.35986240878907,-1.9280211072879183,-2.228798521266972,0.3007774139790538,51.61725150974486,61.81202564239502,67.93595859472784,55.6880926900622,0.19814697508093299,0.013458767657391624,0.013369002961855211,0.5565085357111196,19171845.0,0.6064935325734169,1
2023-08-30,63.082733154296875,63.132470291824625,61.789647261203356,62.048266716468575,12041000,61.32562656402588,66.67651863098145,71.65015209197998,61.68582466346972,63.339334315863724,-1.653509652394007,-2.113740747492379,0.4602310950983721,52.10139588194359,61.32562656402588,64.69886458897052,57.95238853908124,0.11001071538740413,0.014720004516204588,0.014612716818535867,0.5560779671372382,18545505.0,0.6492678414526862,0
2023-08-31,62.17757034301758,63.072785663554264,62.117891851255614,62.38645644741662,13840200,61.24257049560547,66.56352264404296,71.50831045150757,61.76147784493862,63.25327772528252,-1.4917998803439048,-1.9893525740626843,0.4975526937187795,53.310575826868444,61.24257049560547,64.43207089300763,58.05307009820331,0.10415958610460446,-0.014348820446084987,-0.014452760243919865,0.34865257990953263,16674475.0,0.8300231341616453,1
2023-09-01,63.23193359375,63.31150997400662,62.39938677429427,62.794274885570566,11715200,61.283352279663085,66.46405441284179,71.37930017471314,61.98770180629422,63.25169667850234,-1.263994872208123,-1.844281033691772,0.5802861614836492,51.072961962075375,61.283352279663085,64.55582123774118,58.010883321584984,0.10679797486091736,0.016957292556074144,0.016815122631152864,0.3448135948110291,15996260.0,0.7323711917660753,1
2023-09-05,63.401031494140625,63.838690202247925,62.69977887228471,63.04294537186617,12739100,61.249533081054686,66.40039474487304,71.24939470291137,62.205137142885974,63.262758516697765,-1.0576213738117914,-1.686949101715776,0.6293277279039846,70.62801388192068,61.249533081054686,64.41257304246754,58.08649311964183,0.10328372486454848,0.0026742484497950247,0.0026706790097063317,0.33132156903032733,15446315.0,0.8247339252112883,0
2023-09-06,62.46603012084961,63.50050033270121,62.34666934083928,62.78432806381767,13621300,61.23013687133789,66.32798179626465,71.12883926391602,62.24527452411115,63.20374159848679,-0.9584670743756405,-1.541252696247749,0.5827856218721086,64.07942238267148,61.23013687133789,64.35629398192563,58.10397976075016,0.1021117139475514,-0.014747415795237084,-0.014857240018037558,0.3284017186945068,15243195.0,0.893598750130796,0
2023-09-07,61.322147369384766,61.75980608733385,60.79496332444322,61.670284554752136,12712700,61.21173534393311,66.23686889648438,71.00952714920044,62.10325496184556,63.06436424818294,-0.9611092863373827,-1.4252240142656758,0.4641147279282931,63.6771409958581,61.21173534393311,64.33081525798907,58.09265542987715,0.10191117427175195,-0.018312076968103108,-0.01848181845580123,0.32825115889095435,15189395.0,0.8369457769713672,0
2023-09-08,60.65570831298828,61.481296199863046,59.98927318981916,61.252519793652276,15367400,61.12171649932861,66.13640594482422,70.8904637336731,61.88055547740598,62.88594529002037,-1.0053898126143963,-1.34125717393542,0.3358673613210237,57.09090909090909,61.12171649932861,64.19314079805389,58.05029220060334,0.10050189931295578,-0.010867836254690677,-0.010927322571427209,0.3268855742706706,15301810.0,1.0042864210181672,1
2023-09-11,61.60065841674805,61.928901513529354,60.944168428774624,61.40172125188108,12280100,61.141112899780275,66.05822395324707,70.79746101379395,61.83749439115091,62.79073885496316,-0.953244463812247,-1.2636546319107855,0.3104101680985385,60.20236087689713,61.141112899780275,64.21984817429369,58.06237762526687,0.10070916699079167,0.015578914665108634,0.015458809176689268,0.3242912019385307,15294850.0,0.8028911692497801,1
2023-09-12,62.475975036621094,63.35129242612548,61.43155594705405,61.55092051377691,12224300,61.118235206604005,65.98024085998536,70.71241565704345,61.93572218276171,62.76742301656745,-0.8317008338057406,-1.1772638722897766,0.345563038484036,58.11889260790322,61.118235206604005,64.14728875894926,58.089181654258745,0.09912110656028755,0.014209533507762995,0.014109524361975935,0.31212805529787435,14772665.0,0.8274945651309361,1
2023-09-13,62.50581741333008,62.98326432091527,61.83440781811374,62.47597816735936,9426600,61.28583908081055,65.8756004333496,70.62334188461304,62.023429141310686,62.74804482373506,-0.7246156824243712,-1.0867342343166955,0.3621185518923242,55.133096204245504,61.28583908081055,64.22688641562284,58.34479174599825,0.09597803926398976,0.0004776616401984679,0.00047754759619206223,0.21780473834633238,13643820.0,0.6909062124830143,1
2023-09-14,64.09730529785156,64.25645045872726,62.97331366678762,63.55022720679584,14564700,61.52257328033447,65.7878695678711,70.54555772781372,62.342487011547746,62.84799004403998,-0.5055030324922356,-0.9704879939518035,0.4649849614595679,66.84732356072382,61.52257328033447,64.57202780731726,58.47311875335168,0.09913286666627577,0.025461436237166568,0.025142692983790533,0.2321538176305082,13542420.0,1.075487246740243,0
2023-09-15,63.8685302734375,65.38045116232756,63.570126432487385,64.31614172647872,21843500,61.80158157348633,65.74947479248047,70.4673756980896,62.57726289799232,62.92358561658794,-0.3463227185956228,-0.8456549388805674,0.4993322202849446,63.95563770794824,61.80158157348633,64.6172357829235,58.98592736404916,0.09111916354726825,-0.0035691831872022295,-0.0035755679182244743,0.21922682101824245,13603760.0,1.60569577822602,0
2023-09-18,62.60528564453125,63.17722857105003,62.41629742469139,63.01310512533049,14050000,61.97664566040039,65.67288421630859,70.39426656723022,62.581574089767535,62.90000784088004,-0.31843375111250793,-0.7402107013269555,0.4217769502144476,55.469432072796046,61.97664566040039,64.5070349481678,59.44625637263298,0.08165621939698445,-0.01977882728000746,-0.01997704633190301,0.23255339319360258,13354465.0,1.0520825806200398,0
2023-09-19,61.85927200317383,62.08804840706479,61.12519772175553,61.76975047170252,11441800,62.1099328994751,65.5318383026123,70.31359783172607,62.47045069183004,62.82291629734625,-0.3524656055162083,-0.6626616821648061,0.31019607664859783,48.65567229357444,62.1099328994751,64.27794682547376,59.941918973476426,0.06981214838881239,-0.011916144678154494,-0.011987711028311119,0.23848955262455,13219870.0,0.8655001902439282,0
2023-09-20,60.536346435546875,62.28698506600711,60.50650719009918,62.22730657511172,11138900,62.10396480560303,65.33767631530762,70.22571769714355,62.1728961908634,62.65354075202777,-0.48064456116437526,-0.62625825796472,0.14561369680034475,39.27972854998179,62.10396480560303,64.28942121557259,59.918508395633474,0.07038057608110666,-0.021386051351510837,-0.021618046551515724,0.2372096311584006,12909805.0,0.8628248064165183,0
2023-09-21,58.308258056640625,59.98429860065036,58.302289448572196,59.63118694428958,15361000,61.947799873352054,65.09954948425293,70.14594417572022,61.57833647790605,62.33166795977687,-0.7533314818708234,-0.6516729027459408,-0.10165857912488263,35.342879544852224,61.947799873352054,64.70669175669889,59.18890799000521,0.08907150500864273,-0.03680579536260087,-0.03750022122579023,0.2654134874142123,13022585.0,1.1795661153296368,0
2023-09-22,57.57219314575195,58.87522409032755,57.52743048427302,58.70612997774408,12756700,61.80705242156982,64.81089279174805,70.06766267776489,60.96200673449773,61.979114269849106,-1.0171075353513785,-0.7247598292670284,-0.2923477060843501,28.030885675439805,61.80705242156982,65.13060904262568,58.48349580051396,0.10754619386754592,-0.012623682055012853,-0.01270403770164802,0.26267593376741954,13018075.0,0.9799221467075585,1
2023-09-25,58.5469856262207,58.586773818577655,57.20615465796048,57.23400563372818,11493800,61.691172218322755,64.5475009918213,70.00116817474365,60.590465025532026,61.72488251846922,-1.134417492937196,-0.806691362001062,-0.327726130936134,32.26745085382362,61.691172218322755,65.30226247489618,58.08008196174932,0.11706991865202095,0.016931654453408163,0.016789911714199864,0.2691789085975413,13035260.0,0.8817468926588345,1
2023-09-26,58.616607666015625,58.91003702019368,57.920329541551915,57.98995697455723,11111900,61.55490074157715,64.25784950256347,69.92413005828857,60.2867946625295,61.494639936805996,-1.2078452742764938,-0.8869221444561484,-0.32092312982034543,34.98834446819683,61.55490074157715,65.41834683388387,57.691454649270426,0.12552846469613965,0.0011891652328508417,0.0011884587359142587,0.26704377724709333,13067890.0,0.8503209010789041,0
2023-09-27,57.03506851196289,59.253209013090085,56.22937469093921,58.735973895268685,19171000,61.298272895812985,63.9190608215332,69.84017889022827,59.78652910090387,61.16430131274354,-1.3777722118396696,-0.9850921579328527,-0.39268005390681693,33.833449278064236,61.298272895812985,65.64231465757693,56.95423113404904,0.14173455650691485,-0.026981076132279624,-0.02735174799479828,0.27420901566894107,13445060.0,1.4258768648113136,1
2023-09-28,57.870601654052734,58.14911141230842,56.71677063417946,57.10469602443871,11387600,61.03766632080078,63.599966812133786,69.76363815307617,59.491771032157544,60.92032356024792,-1.4285525280903784,-1.0737842319643578,-0.35476829612602057,39.62963204958011,61.03766632080078,65.55295346376992,56.52237917783164,0.1479508446223278,0.014649463284410524,0.014543196474466707,0.27414471474314017,13412390.0,0.8490358541617117,1
2023-09-29,58.14910888671875,59.014484959845994,57.76118351330826,58.53703426012924,10550300,60.83624324798584,63.31031547546387,69.68734603881836,59.28520762516696,60.71504839924576,-1.429840774078798,-1.1449955403872458,-0.2848452336915521,36.47697730955513,60.83624324798584,65.49457123368889,56.177915262282795,0.1531431836352674,0.00481258574657506,0.0048010422769340765,0.2731353816557153,13247895.0,0.7963755751385408,1
2023-10-02,58.24858093261719,59.32283554989173,57.69653210345846,58.30825942588139,12961500,60.5870756149292,63.02325035095215,69.61204864501953,59.12572659554392,60.53234710542142,-1.4066205098775058,-1.1973205342852977,-0.20929997559220803,32.365149454143406,60.5870756149292,65.23895847186614,55.93519275799225,0.15356023738470986,0.0017106374938991031,0.0017091760200452734,0.26339825214238527,13310210.0,0.9738013149304181,0
2023-10-03,56.995277404785156,58.33810037115148,56.81623434260298,57.582139932068806,12014000,60.266787910461424,62.69719352722168,69.53580627441406,58.797965181581034,60.27034194241133,-1.4723767608302936,-1.252331779594297,-0.22004498123599658,29.141548194112374,60.266787910461424,64.98452709836715,55.5490487225557,0.1565618262222598,-0.02151646456901446,-0.021751318622792223,0.2692432534327567,13273955.0,0.9050806636002608,1
2023-10-04,58.25852584838867,58.34307290977917,57.00522816755472,57.80097302795809,11019600,60.05641269683838,62.41092407226562,69.48010412216186,58.71497451493606,60.12131852803928,-1.4063440131032223,-1.283134226296082,-0.12320978680714023,27.335919479043355,60.05641269683838,64.73632149181333,55.37650390186343,0.15585042745056663,0.022164089747854332,0.021922036376762887,0.2833469686557392,13143870.0,0.8383832159021658,0
2023-10-05,57.174320220947266,58.34804527046404,56.95548896935275,58.07948067834641,13037200,59.8490213394165,62.09362037658691,69.42151733398437,58.47795077739932,59.90302235714358,-1.4250715797442552,-1.3115216969857166,-0.11354988275853861,25.633602400695153,59.8490213394165,64.65858405812669,55.03945862070631,0.1607231868148399,-0.018610248228095094,-0.01878559783866724,0.2835579922219036,13160095.0,0.9906615415770175,1
2023-10-06,57.4627799987793,57.93823863557852,55.56293751721681,56.52778027820246,18348600,59.689374923706055,61.80993713378906,69.36591463088989,58.32177065761162,59.72226366393141,-1.4004930063197847,-1.3293159588525303,-0.0711770474672544,29.851920071094142,59.689374923706055,64.59715947354293,54.78159037386918,0.16444415965521245,0.005045268167899408,0.005032583449769461,0.2835835932343173,13309155.0,1.3786450003775597,1
2023-10-09,57.65176773071289,57.78107745297153,56.01850158883642,56.69189945024558,10376600,59.491930389404295,61.4912410736084,69.31220176696777,58.21869328424259,59.56889359480411,-1.3502003105615188,-1.333492829194328,-0.016707481367190802,32.76284130596906,59.491930389404295,64.39368754460855,54.590173234200044,0.16478729545737764,0.0032888720653196923,0.0032834755546402574,0.27642960003031203,13213980.0,0.7852743836452,0
2023-10-10,57.413047790527344,58.18889855707691,57.10469499628828,57.6517693520453,17455200,59.23878402709961,61.131166305541996,69.2550573348999,58.094747823671014,59.40920131300583,-1.3144534893348165,-1.3296849612224257,0.015231471887609205,35.95707852403142,59.23878402709961,64.0129442790612,54.464623775138016,0.1611836005876686,-0.004140721951503501,-0.004149318479404457,0.2687008069929227,13475525.0,1.2953261561237874,1
2023-10-11,57.76118087768555,58.57681977800072,57.273788844146516,57.80096906658154,10866200,59.001552200317384,60.7838232421875,69.20283651351929,58.04342983198094,59.287125725204326,-1.2436958932233892,-1.3124871476226185,0.06879125439922928,47.039814396261505,59.001552200317384,63.55876982229592,54.44433457833885,0.15447788920895622,0.006063658010777795,0.00604534801629111,0.2706817356895569,13547505.0,0.8020812688388009,0
2023-10-12,56.055301666259766,57.79599510451335,55.9409153651873,57.781075482148296,13497100,58.59945201873779,60.4487149810791,69.13979854583741,57.73756396033153,59.04773135046769,-1.310167390136165,-1.312023196125328,0.0018558059891629064,42.5718337769316,58.59945201873779,62.655094108591484,54.5438099288841,0.1384191131533741,-0.029533316069803583,-0.029978205730791317,0.26208524951732504,13494125.0,1.0002204663140442,0
2023-10-13,55.453521728515625,56.57751345558242,55.23469047340242,56.199533231589825,12048500,58.1787015914917,60.2810115814209,69.07723300933839,57.38617284774447,58.781493600693466,-1.3953207529489973,-1.3286827074900618,-0.06663804545893548,34.27701039199043,58.1787015914917,61.63435078515598,54.72305239782742,0.11879430441499049,-0.010735468722066654,-0.010793509637798161,0.2622385597468388,13004375.0,0.9264958908059787,1
2023-10-16,56.69687271118164,56.776449090689866,55.51320252407637,55.81160635841099,14267700,57.88328094482422,60.16662307739258,69.02476350784302,57.28012667288865,58.627077238507404,-1.346950565618755,-1.3323362791158004,-0.014614286502954599,41.282744251773515,57.88328094482422,60.69595460049853,55.07060728914991,0.0971843202307561,0.022421497209015984,0.022173830641736406,0.27712963596773177,13015260.0,1.096228580911945,1
2023-10-17,56.85602569580078,57.28373927987251,56.18959054514676,56.20948084701954,10325200,57.633118629455566,60.02219528198242,68.95811986923218,57.21488036872129,58.49588823534395,-1.2810078666226588,-1.3220705966171722,0.041062729994513436,49.06638967007462,57.633118629455566,59.76424173159511,55.50199552731602,0.07395480768067812,0.0028070857704953767,0.0028031532627726323,0.2770422424109105,12959430.0,0.7967325723430737,0
2023-10-18,55.50325393676758,56.79335735005038,55.408761728506484,56.2293713296072,10514500,57.3814640045166,59.87518127441406,68.88142986297608,56.951553225343794,58.27421162063459,-1.3226583952907944,-1.3221881563518967,-0.00047023893889774904,38.28738270132341,57.3814640045166,59.24038264169182,55.52254536734138,0.06479160716530004,-0.023792935620773004,-0.024080558944715794,0.2791620250515909,12928210.0,0.813298979518433,0
2023-10-19,54.51852035522461,56.10006484549559,54.40910473099036,55.363998515271916,16298500,57.1919771194458,59.73174812316895,68.78310552597046,56.57724047609469,57.996012267641255,-1.4187717915465683,-1.341504883390831,-0.07726690815573733,33.210683355248975,57.1919771194458,59.39405228451734,54.98990195437426,0.07700643607660192,-0.01774190721619373,-0.017901181550981374,0.25693071849073595,12975085.0,1.2561382064163742,0
2023-10-20,53.10607147216797,54.18032985549327,53.05633813095714,53.702882949930036,20982500,56.968671035766604,59.544747848510745,68.66225164413453,56.04321447549057,57.633794430939524,-1.590579955448952,-1.3913198978024552,-0.19926005764649668,28.794082318245287,56.968671035766604,59.81882855668032,54.118513514852886,0.10006052341029005,-0.025907689237594678,-0.02624920492039293,0.26748289819396753,13386375.0,1.5674519800916977,1
2023-10-23,53.16575622558594,53.837165849117696,52.37001134605159,52.638572159935585,13629400,56.69960956573486,59.383808364868166,68.54875848770142,55.60052859088986,57.30282863795037,-1.7023000470605112,-1.4535159276540663,-0.24878411940644485,32.484099549071374,56.69960956573486,59.91501140230818,53.48420772916154,0.11341883519834595,0.0011238781510933826,0.001123247072836582,0.2568328101010355,13493155.0,1.0100973419485657,1
2023-10-24,53.95155334472656,54.31958462225872,53.30500852701997,53.5934672176528,9733900,56.46635684967041,59.20416885375977,68.43814981460571,55.34684009148012,57.0545860236375,-1.7077459321573798,-1.504361928554729,-0.20338400360265085,29.400568732277293,56.46635684967041,59.77179534424892,53.1609183550919,0.11707638597540594,0.014780136217877438,0.014671974465759971,0.2653449535769813,13424255.0,0.7250979663303476,0
2023-10-25,51.21617889404297,52.49931581645912,50.95755944389869,52.27053940712273,22784100,56.17541236877442,59.045417633056644,68.31088026046753,54.711353753412865,56.62211142144531,-1.9107576680324456,-1.5856410764502724,-0.3251165915821732,25.390308272868353,56.17541236877442,60.213288284818354,52.13753645273048,0.1437595469539775,-0.050700568956852154,-0.05203100743813507,0.3032382740499014,13604910.0,1.6746968557675133,1
2023-10-26,51.47479248046875,51.97213347061821,50.78846328005033,51.22612198539402,17045600,55.855621910095216,58.88766105651855,68.18072614669799,54.213421249883005,56.24082853692853,-2.027407287045527,-1.6739943185693236,-0.3534129684762035,25.20589947689166,55.855621910095216,60.31887399233444,51.392369827855994,0.159813889080789,0.00504945101353238,0.005036745289102765,0.296752990111092,13887810.0,1.227378542765202,0
2023-10-27,50.12202835083008,51.395220172263706,49.98277346966214,51.236071194584504,18382700,55.45426788330078,58.72433433532715,68.04072467803955,53.58397618849025,55.78758407869902,-2.2036078902087723,-1.7799170328972136,-0.42369085731155876,21.562719523952495,55.45426788330078,60.45984903059247,50.44868673600909,0.18053005975394182,-0.026280127892734262,-0.026631622345393076,0.3026502861457221,14279430.0,1.2873553075998132,1
2023-10-30,50.77851486206055,51.17141470368312,50.306042434282254,50.679048180763225,13168900,55.080764579772946,58.55782455444336,67.89783861160278,53.15236675365491,55.416541914503576,-2.2641751608486658,-1.876768658487504,-0.3874065023611617,25.71008630222734,55.080764579772946,60.317871836711234,49.84365732283466,0.19016102252369554,0.013097764253181765,0.013012730237809328,0.3097259347041392,14289800.0,0.9215594340018755,1
2023-10-31,51.5245246887207,51.61404621675744,50.52984273027277,50.818301408881204,12942500,54.807226943969724,58.40444450378418,67.76017459869385,52.9019295128958,55.12824434222336,-2.2263148293275634,-1.9466778926555162,-0.27963693667204725,27.813149190884573,54.807226943969724,60.192678399214,49.421775488725444,0.19652340596432327,0.014691446346682069,0.014584572531173873,0.31333031975260056,14336225.0,0.9027829850605721,0
2023-11-01,51.38527297973633,51.92140804534379,50.8232790046614,51.633943484631374,25259700,54.46356430053711,58.21903579711914,67.61833295822143,52.66859773856357,54.85098720426136,-2.1823894656977885,-1.9938202072639706,-0.1885692584338179,31.302264829649033,54.46356430053711,59.798669283386765,49.12845931768745,0.1959146468420556,-0.0027026296666615712,-0.0027062883637748412,0.29690237435130784,15048230.0,1.678582796780751,1
2023-11-02,54.76719284057617,55.135224121867964,52.270538870424346,54.757243895605434,35348000,54.343207931518556,58.085748519897464,67.50767459869385,52.99145852348859,54.84478021435875,-1.8533216908701604,-1.9657205039852088,0.1123988131150484,47.75244727744523,54.343207931518556,59.52729632246921,49.1591195405679,0.19079066504441425,0.06581496340738524,0.06373973038359051,0.38719167402116816,16163770.0,2.1868660590938873,1
2023-11-03,55.801658630371094,55.970756543307495,55.083498105617444,55.1252745674469,18742100,54.260151863098145,57.994038848876954,67.40497367858887,53.42379700147051,54.91566009702633,-1.4918630955558214,-1.8709490222993312,0.3790859267435098,47.027738071626096,54.260151863098145,59.28456702074311,49.23573670545318,0.18519723904650653,0.01888842089836862,0.018712249617470377,0.3935357849686503,16183445.0,1.1581032345090925,0
2023-11-06,54.32952880859375,56.41836324798565,53.89684457473356,56.34873581278032,17246800,54.09403991699219,57.86333763122558,67.28327434539796,53.563140356412546,54.87224296454985,-1.3091026081373016,-1.7585797394669254,0.44947713132962375,42.28430499960391,54.09403991699219,58.85931878677064,49.32876104721373,0.17618498736980345,-0.026381470692989573,-0.026735705744840445,0.4030495905381753,16526955.0,1.0435558153331936,1
2023-11-07,54.3394775390625,54.74729699840483,53.76256017030912,54.150485534755404,13038500,53.940361404418944,57.72328643798828,67.15958564758301,53.682576846051006,54.83277885895819,-1.1502020129071866,-1.6369041941549778,0.4867021812477912,46.1283927341801,53.940361404418944,58.44613612054535,49.43458668829254,0.16706505476833078,0.00018311829104566968,0.00018310152693792387,0.40313097326228153,16306120.0,0.7996077546344562,1
2023-11-08,54.787086486816406,55.53309798825295,53.26522044368659,54.04107498537987,20518500,53.79165668487549,57.57567565917969,67.03773708343506,53.85250140616876,54.829394238799544,-0.9768928326307815,-1.5049019218501385,0.528009089219357,50.9265691055541,53.79165668487549,57.94935208800893,49.63396128174205,0.1545851404982829,0.00823726999274399,0.008203528847591176,0.40381254601469624,16788735.0,1.2221587868293828,0
2023-11-09,53.991336822509766,55.73203029274304,53.86203089669667,55.503253891984514,12568700,53.68845844268799,57.39384773254395,66.91429704666137,53.873860700990456,54.76731591166697,-0.8934552106765139,-1.3826125796154136,0.4891573689388997,53.18996035419231,53.68845844268799,57.70980499830267,49.667111887073304,0.1498030180884199,-0.014524401922670682,-0.014630913652460224,0.3937944491368288,16742315.0,0.750714581585641,1
2023-11-10,54.478736877441406,54.533444694290175,53.582527370079454,54.051023288120625,9682100,53.63971920013428,57.23987106323242,66.7847894859314,53.9669185742906,54.745939686909516,-0.7790211126189135,-1.2618942862161138,0.4828731735972003,54.589711599853004,53.63971920013428,57.59406164724485,49.68537675302371,0.14744083325106855,0.00902737519787511,0.008986872022139223,0.3939511653331728,16623995.0,0.5824171626615624,0
2023-11-13,54.10075378417969,54.42900066799223,53.69293431285578,54.15048712567563,11861100,53.50991325378418,57.057247467041016,66.64831911087036,53.98750860658123,54.698148138559155,-0.7106395319779253,-1.1516433353684763,0.441003803390551,50.53685806807962,53.50991325378418,57.20355753954588,49.81626896802247,0.13805457946618874,-0.006938176524027173,-0.006962357583983782,0.38488036787498764,16503665.0,0.7186949080704195,1
2023-11-14,56.378578186035156,56.880893677380804,55.125276693982165,55.194907927461415,16775400,53.486040878295896,56.9167984008789,66.53412965774537,54.35536546495875,54.82262443837219,-0.46725897341343625,-1.0147664629774682,0.547507489564032,69.207989707988,53.486040878295896,57.093800373545996,49.878281383045795,0.1349047129309619,0.04210337643246587,0.041241148038311734,0.4155319187203837,16826175.0,0.9969823801309566,1
2023-11-15,57.94022750854492,58.24360582737857,56.686929836269925,56.69886325814665,15222100,53.607889556884764,56.826282348632816,66.41854763031006,54.90688270243355,55.05355799912573,-0.14667529669218027,-0.8411482297204107,0.6944729330282304,71.9298245614035,53.607889556884764,57.64193803239887,49.57384108137066,0.15050204396625122,0.027699338521037564,0.027322651998821935,0.4167865727368537,17061555.0,0.8921871423794607,0
2023-11-16,56.51782989501953,57.960119527325276,56.24926530463896,57.651766747019295,12748600,53.70785503387451,56.73019599914551,66.28879135131837,55.15472073206216,55.16202258400675,-0.0073018519445895436,-0.6743789541652465,0.667077102220657,71.59164460438436,53.70785503387451,57.931547385288404,49.484162682460614,0.15728397079905487,-0.024549396415739277,-0.024855757223866296,0.4218362865916265,16884060.0,0.7550672053996491,0
2023-11-17,56.23931884765625,56.652112771117295,56.05132477708104,56.56656778532422,12138000,53.86451740264893,56.64186820983887,66.13750019073487,55.32158198061509,55.24182230724005,0.07975967337504386,-0.5235512286571885,0.6033109020322324,68.91796848672587,53.86451740264893,58.224461746974065,49.50457305832379,0.16188558088188587,-0.004927843972081125,-0.004940025831868367,0.40973795833895094,16441835.0,0.7382387671449081,1
2023-11-20,56.686927795410156,56.93062381844347,55.96080660983144,56.239320144851575,11406700,54.04057598114014,56.54359359741211,65.99560882568359,55.53163518289125,55.34886715821561,0.18276802467563869,-0.3822873779906231,0.5650554026662618,68.26177697063716,54.04057598114014,58.56306005723561,49.51809190504466,0.16737364448794162,0.007959003717068702,0.007927497906486313,0.4100002718881119,16330700.0,0.6984820001592094,0
2023-11-21,55.105384826660156,56.32884324262945,54.981049575511925,56.249266860577436,13729000,54.098267555236816,56.39618179321289,65.86167491912842,55.46605820500954,55.33083142995224,0.13522677505729774,-0.27878454738103897,0.4140113224383367,61.94123989891631,54.098267555236816,58.645341155079166,49.55119395539447,0.16810422238381584,-0.027899606315903713,-0.02829619417207027,0.42226895078636423,16530455.0,0.8305276533525544,1
2023-11-22,56.040382385253906,56.437258761342,55.32421015208434,55.49330806020964,11451600,54.339477729797366,56.266873092651366,65.72793991088867,55.55441577120098,55.38339075997459,0.1710250112263907,-0.18882263565955304,0.35984764688594373,54.84846609564534,54.339477729797366,58.752667291890155,49.92628816770458,0.16243032677043162,0.01696744449811738,0.016825105244430896,0.3774917576521743,15963830.0,0.717346651774668,0
2023-11-24,55.46346664428711,55.83150171622186,55.254584334968925,55.70219199380125,6846600,54.53891143798828,56.09419631958008,65.60877698898315,55.540423597829616,55.3893223069607,0.15110129086891533,-0.12083785035385938,0.27193914122277474,48.66562170093008,54.53891143798828,58.76349122898846,50.31433164698811,0.15491984271829837,-0.010294643191417707,-0.0103479995362105,0.381254758183674,15453880.0,0.44303437065643064,1
2023-11-27,56.090118408203125,56.66703580016898,55.4137343321656,55.70219302814853,15183800,54.83731594085693,55.93862808227539,65.49921277999879,55.62499203019477,55.441233129274956,0.18375890091981262,-0.059918500099124986,0.2436774010189376,57.44322686482243,54.83731594085693,58.56177521951116,51.1128566622027,0.13583667306660774,0.011298460082472372,0.011235109213933836,0.36463113938089226,15293935.0,0.992798779385423,1
2023-11-28,58.1590576171875,58.38783402131921,55.83150159089484,56.16969362187448,23957900,55.20634307861328,55.849703521728514,65.3881565284729,56.01484827434749,55.64255346171292,0.3722948126345713,0.026524162447614276,0.345770650186957,63.75356654837237,55.20634307861328,58.69245285014954,51.72023330707702,0.12629381252701624,0.03688598397898546,0.03622197525569527,0.3803100453189477,15833385.0,1.5131255887480788,0
2023-11-29,57.66171646118164,59.87985685458004,57.60203417549709,58.91501410527182,19258300,55.51320266723633,55.76575241088867,65.2813277053833,56.268212610783515,55.792121091303194,0.47609151948032036,0.1164376338541555,0.35965388562616485,60.314044659469694,55.51320266723633,58.70253957275469,52.32386576171797,0.1149037256825643,-0.008551396401218159,-0.008588169381723831,0.3830768861268749,16149175.0,1.1925253147606611,0
2023-11-30,57.30363082885742,57.795003222547564,56.74660754090843,57.741289544410456,19039400,55.80912055969238,55.70109809875488,65.18360017776489,56.427507721256426,55.90408477556647,0.5234229456899584,0.19783469622131608,0.3255882494686423,62.26971099768821,55.80912055969238,58.43413639025132,53.184104729133445,0.09407121288540174,-0.006210110525677548,-0.0062294734676783,0.38432366279579977,15838160.0,1.2021219636624456,1
2023-12-01,59.33278274536133,59.49193171339069,57.14448158914954,57.32352465248391,18435700,56.03740005493164,55.721588592529294,65.09278572082519,56.87447310958026,56.15806240295868,0.7164107066215806,0.301549898301369,0.41486080832021155,66.13754936220067,56.03740005493164,59.04683136311396,53.027968746749316,0.1074079563017654,0.035410529614853914,0.03479799504459114,0.3330172352745987,14992545.0,1.229657806596545,1
2023-12-04,59.531715393066406,60.058899426277186,58.92496256841469,59.11395077992155,14107900,56.22390289306641,55.76077903747559,65.00883453369141,57.28327961473197,56.40796262444814,0.875316990283828,0.41630331669786086,0.4590136735859672,68.27308422519332,56.22390289306641,59.61050853057731,52.837297255555505,0.12046853609405134,0.0033528285460473484,0.0033472203484714897,0.3284757475057823,14760835.0,0.9557657137960014,0
2023-12-05,57.61198043823242,59.14876612318727,57.01517274750692,58.994591625205516,21506500,56.38802547454834,55.74207893371582,64.92557962417602,57.33384897219358,56.4971491291729,0.836699843020682,0.5003826219624251,0.3363172210582569,54.2523896338854,56.38802547454834,59.70552599050519,53.0705249585915,0.11766684461949292,-0.0322472642046121,-0.03277866256336597,0.3361106670987402,14973820.0,1.436273442581786,1
2023-12-06,59.21342086791992,60.13847547243671,57.442888043727336,57.522464428568334,25245600,56.631722640991214,55.75401519775391,64.84744735717773,57.6230138792284,56.69835444315416,0.9246594360742435,0.5852379847847888,0.33942145128945467,54.377566127795134,56.631722640991214,60.03067419001134,53.23277109197109,0.12003701778832679,0.02779700363545823,0.027417680253060222,0.34699517985100015,15584175.0,1.6199510079936859,0
2023-12-07,58.169002532958984,58.83544144179387,57.810916408141516,58.7757591561874,17422400,56.80081844329834,55.77669387817383,64.76289937973023,57.70701213364849,56.80729133869526,0.8997207949532324,0.6481345468184776,0.25158624813475483,55.82865325515563,56.80081844329834,60.14949671743916,53.452140169157516,0.11790950785273123,-0.01763820295555285,-0.017795609718715882,0.3553830546546055,15429370.0,1.1291711845655397,1
2023-12-08,58.626556396484375,59.42230504127625,57.094748982404724,57.95017232505772,15467500,57.03257942199707,55.79181297302246,64.68208143234253,57.84848048177709,56.9420517133463,0.9064287684307857,0.6997933911409393,0.20663537728984638,58.32177752529645,57.03257942199707,60.19920433767449,53.86595450631965,0.11104617563399462,0.007865939651726661,0.007835164427119169,0.3493785026990345,15574310.0,0.9931419112628425,1
2023-12-11,58.72602844238281,59.48198512182765,58.64645205801449,58.785706936248204,12082700,57.24494400024414,55.80335136413574,64.6099172782898,57.98348786033181,57.07419813771938,0.909289722612435,0.7416926574352385,0.16759706517719652,57.285011360811524,57.24494400024414,60.25630396593831,54.23358403454997,0.10520963967337713,0.0016967062712283099,0.001695268491240037,0.3490472455617006,15694340.0,0.7698762738668845,0
2023-12-12,58.57682418823242,59.07416520364538,57.825838192523825,59.07416520364538,13845500,57.468747520446776,55.809916229248046,64.53591297149659,58.07477037231652,57.18550377109071,0.8892666012258132,0.7712074461933535,0.11805915503245978,63.816300683241266,57.468747520446776,60.14262050138628,54.79487453950727,0.09305485490137647,-0.002540683545402267,-0.0025439165590452305,0.3475672460528316,15793560.0,0.8766547884074268,1
2023-12-13,61.40171813964844,61.56086710459316,58.22868399100838,58.41767220112692,19128100,57.71990451812744,55.89804504394531,64.4768786239624,58.58660849036758,57.49781594653943,1.0887925438281485,0.8347244657203126,0.25406807810783594,68.54782302521869,57.71990451812744,60.86478427904801,54.575024757206876,0.10897037294761601,0.04822545418881741,0.047098690804895905,0.3569722097627341,15911195.0,1.2021787175633256,1
2023-12-14,61.54097366333008,63.788953291352485,60.88448370165887,62.60528308915445,27947300,57.8999418258667,55.96369400024414,64.41744634628296,59.04112620928489,57.79730911074615,1.2438170985387416,0.9165429922839984,0.3272741062547432,71.68203424744037,57.8999418258667,61.480078104494034,54.31980554723936,0.1236663169505264,0.0022679418084836644,0.00226537391028988,0.3463207820036414,16547455.0,1.6889183261111753,0
2023-12-15,60.93421936035156,62.03831701843967,60.49656063405815,62.03831701843967,24011000,58.1207612991333,56.03889198303223,64.35358777999878,59.332371309448995,58.02967283293914,1.3026984765098533,0.9937740891291695,0.30892438738068373,67.30632105958648,58.1207612991333,61.88216968306131,54.359352915205285,0.12943424345627436,-0.009859354944526277,-0.009908280231279416,0.3344054932715503,17110575.0,1.4032842262752714,1
2023-12-18,61.143104553222656,61.40172020706151,60.53137344568791,61.093367417044135,13800100,58.36595058441162,56.1124984741211,64.27988183975219,59.610945654644944,58.260297404812,1.3506482498329433,1.0651489212699243,0.28549932856301896,62.295081967213115,58.36595058441162,62.24833439446725,54.48356677435599,0.1330359146448147,0.0034280441279765927,0.003422181778479781,0.3327653953372793,17193680.0,0.8026263138548583,1
2023-12-19,62.67491149902344,62.943476095846336,61.39177459563946,61.461402032473835,19929000,58.66534976959228,56.2129613494873,64.21139799118042,60.08232501531855,58.58730585623507,1.4950191590834834,1.1511229688326363,0.34389619025084706,69.03322365857947,58.66534976959228,62.90926859977734,54.42143093940722,0.14468229872839822,0.025052815963366726,0.024744139031999877,0.340632112860433,17619795.0,1.1310574271721094,0
2023-12-20,61.41166687011719,63.62483274903715,61.34203564093677,62.61523115046443,17421000,58.98066387176514,56.2929337310791,64.14589818954468,60.28683914682604,58.7965177831893,1.4903213636367383,1.2189626477934568,0.27135871584328153,64.59363873318895,58.98066387176514,63.04415915196156,54.91716859156872,0.13779076102063584,-0.020155507182900934,-0.020361400707527916,0.33162647428584685,17804395.0,0.9784662719513918,1
2023-12-21,61.72996520996094,62.117890576093224,61.26246346389863,61.87419455277613,12195100,59.26514301300049,56.37230941772461,64.07736463546753,60.50885854115449,59.01381018517239,1.4950483559820995,1.2741797894311853,0.22086856655091425,59.69428478603545,59.26514301300049,63.25794722426738,55.272338801733596,0.13474376364504936,0.005183027200954093,0.005169641547685705,0.32891371861002283,17841570.0,0.6835216855915707,0
2023-12-22,61.51113510131836,62.39640147521349,61.25251945056669,61.83937818859589,13175400,59.56752643585205,56.481426086425785,64.00728927612305,60.663054935025855,59.19879721599802,1.4642577190278345,1.3121953753505153,0.1520623436773192,57.9919768033941,59.56752643585205,63.25219819985871,55.882854671845394,0.12371411016956232,-0.0035449575890457163,-0.0035512558402942887,0.32559359305856767,18158010.0,0.7255971331660243,1
2023-12-26,62.22731018066406,62.35164543644786,61.5310319893926,61.62055352533338,9940600,59.8743860244751,56.61690185546875,63.95322830200195,60.90370958820096,59.423131509676985,1.4805780785239762,1.3458719159852075,0.13470616253876866,70.64057941246014,59.8743860244751,63.35632908081399,56.39244296813621,0.11630826760931005,0.011643015173855131,0.011575756829229747,0.32567886561928444,17895850.0,0.5554695641726992,1
2023-12-27,62.3466682434082,62.500842739641534,61.779699805325485,62.33671929850951,11112300,60.083766555786134,56.72989776611328,63.90384233474732,61.12570322746361,59.63968978624967,1.4860134412139416,1.3739002210309543,0.1121132201829873,66.1538394972765,60.083766555786134,63.63435372926965,56.53317938230262,0.11818790255723702,0.001918097735505775,0.0019162605349559783,0.30376117297217275,17253570.0,0.6440580123417936,1
2023-12-28,62.74454116821289,63.16230577881868,62.117890457893566,62.28698457330716,11233400,60.337907791137695,56.84766807556152,63.853312492370605,61.37475521834811,59.8696787775062,1.5050764408419113,1.400135464993146,0.10494097584876538,75.27473592647411,60.337907791137695,63.88617107546042,56.78964450681497,0.11761306993292478,0.006381622884022331,0.006361346546943357,0.30040894654492223,16852325.0,0.6665786471599616,0
2023-12-29,61.08342361450195,62.82411717566442,60.82480795495572,62.66496820184886,16807400,60.52689743041992,56.95927146911621,63.79114484786987,61.329934971602555,59.95958580246885,1.3703491691337035,1.3941782058212575,-0.023829036687553984,61.97867747684344,60.52689743041992,63.785503334292834,57.26829152654701,0.10767463862223953,-0.02647429597512907,-0.02683105079490998,0.31799934801434726,16740725.0,1.003982802417458,1
2024-01-02,61.133155822753906,61.82943399317835,60.10863455998171,60.89443426366658,15248400,60.61691608428955,57.0915641784668,63.72703760147095,61.29966125639507,60.046516915082556,1.2531443413125132,1.3659714329195087,-0.11282709160699556,61.79336685490781,60.61691608428955,63.83585694543601,57.39797522314309,0.1062060252841114,0.0008141686452582952,0.0008138373897532047,0.2946476397349547,16581360.0,0.9196109366179855,0
2024-01-03,58.318206787109375,60.426931567012936,58.039693246601225,60.37719822583992,21245800,60.5562406539917,57.195806884765624,63.65561944961548,60.84097595342804,59.9184939426401,0.9224820107879452,1.277273548493196,-0.35479153770525085,48.995362023839824,60.5562406539917,63.90446186301963,57.208019444963774,0.11058220169772777,-0.046046192082837,-0.047140028080149235,0.3396234803426387,16938255.0,1.2543086640270795,0
2024-01-04,58.139163970947266,58.75089127936075,57.134533020684856,57.71145040509863,16680400,60.582599830627444,57.29527503967285,63.58221195220947,60.425312571507924,59.7866917225147,0.6386208489932201,1.1495430085932008,-0.5109221595999807,34.04669340538936,60.582599830627444,63.84030245530774,57.324897205947146,0.10754581790111199,-0.003070101534769498,-0.0030748239645225282,0.31896797491297746,16696950.0,0.9990088010085675,1
2024-01-05,59.8002815246582,60.04895202776488,57.33347058916928,57.4329410670584,17420200,60.61194286346436,57.41224960327148,63.499653339385986,60.32915394891566,59.787698374525334,0.5414555743903264,1.027925521752626,-0.48646994736229954,42.5910242530007,60.61194286346436,63.82802501693667,57.39586070999204,0.10612041130959697,0.02857140420080717,0.028170853273036346,0.31985283450106294,16305680.0,1.0683516418818473,1
2024-01-08,61.41166687011719,61.59070613494624,59.74060084682076,60.07879287045005,14264400,60.77407608032227,57.61615936279297,63.43698839187622,60.49569439833128,59.90799233716177,0.5877020611695087,0.9398808296360026,-0.3521787684664939,51.872076563085216,60.77407608032227,63.79247521730583,57.755676943338706,0.0993317984133328,0.02694611637897637,0.026589462558271847,0.3250852707208604,16147780.0,0.8833660106838216,0
2024-01-09,60.725337982177734,61.690180778352,59.80028337839251,59.959432353537764,14877300,60.879015159606936,57.80117027282715,63.37974445343018,60.5310241804615,59.9685364590148,0.5624877214467006,0.8644022079981423,-0.3019144865514417,48.421050810401816,60.879015159606936,63.72400239723248,58.03402792198139,0.09346364195172419,-0.011175871343648835,-0.011238790618149723,0.32825050206848183,16118270.0,0.9230084866427972,0
2024-01-10,60.63581466674805,61.10331642757007,59.96937953864162,60.62586951614813,10137900,60.974504470825195,58.01144599914551,63.315487995147706,60.54714579373635,60.01796447440245,0.529181319333901,0.7973580302652941,-0.26817671093139306,41.35021206290849,60.974504470825195,63.63761323275002,58.31139570890037,0.0873515507846089,-0.0014742333003722186,-0.0014753210514815613,0.3284775308480288,16021030.0,0.6327870305467251,1
2024-01-11,61.023738861083984,61.167968205654226,59.760496066813516,60.327464500276854,11900700,61.09685020446777,58.21635047912598,63.256055717468264,60.62046780409752,60.0924662808233,0.5280015232742201,0.7434867288670793,-0.21548520559285922,48.22241450134158,61.09685020446777,63.5091820327632,58.68451837617234,0.0789674695249355,0.006397608351894846,0.006377230522319072,0.3284416112212183,15923790.0,0.747353488082925,0
2024-01-12,60.675601959228516,61.57877415563548,60.41698630894301,61.47134679981167,9282600,61.060544395446776,58.399372024536135,63.19786684036255,60.62894998180998,60.135661516260726,0.49328846554925576,0.6934470762035146,-0.20015861065425888,45.18181314231306,61.060544395446776,63.475412003343465,58.64567678755009,0.07909748043703203,-0.005704942180746686,-0.005721277521131091,0.2806271082839957,15431515.0,0.6015352348748648,0
2024-01-16,58.139163970947266,59.91964567116267,57.7860523143812,59.73065366172539,20907100,60.89045391082764,58.53444984436035,63.119635124206546,60.245905980138794,59.98777280920047,0.2581331709383221,0.6063842951504762,-0.3482511242121541,37.28431546863825,60.89045391082764,63.62137113755896,58.15953668409632,0.08969935519714381,-0.04180326039427895,-0.04270215716286474,0.31631082523649473,15079505.0,1.386457977234664,1
2024-01-17,59.57150650024414,59.66102803521746,56.170689895720045,57.11464065829592,29527400,60.82231826782227,58.63053611755371,63.0475206565857,60.14215221400115,59.956938267796296,0.1852139462048541,0.5221502253613518,-0.3369362791564977,40.49820214530618,60.82231826782227,63.615917146907776,58.02871938873676,0.09186097993780178,0.024636448677050726,0.024337865457535784,0.3293142872876456,15355325.0,1.9229420412788398,1
2024-01-18,61.75980758666992,62.13778782168121,59.80028276726052,60.16831785148162,25339500,60.85315341949463,58.749699096679684,62.978638916015626,60.391022271334805,60.09048414326842,0.30053812806638547,0.47782780590235857,-0.1772896778359731,48.171114155516044,60.85315341949463,63.67513074277671,58.031176096212555,0.09274711875089259,0.03673402294126671,0.03607540931064879,0.3553445706631961,15932295.0,1.5904488336426108,1
2024-01-19,65.46996307373047,65.85788841188675,61.928894104838925,62.664960388466234,38264600,60.99290599822998,58.97250778198242,62.931540718078615,61.17239777939567,60.48896406404339,0.6834337153522867,0.5189489877923442,0.16448472755994248,57.04007083693572,60.99290599822998,64.40904121927379,57.57677077718617,0.11201746055985416,0.06007394828511958,0.05833866822381511,0.40534950460115365,16849075.0,2.2710208127152383,0
2024-01-22,63.401031494140625,67.84725739395333,62.883796405789816,67.66026124808454,44006900,61.09237422943115,59.15373886108399,62.874247016906736,61.51526450474105,60.7046727625691,0.810591742171944,0.5772775386682641,0.23331420350367982,55.8631138784369,61.09237422943115,64.6717959244461,57.5129525344162,0.11718063801457465,-0.0316012333359631,-0.03211132750017134,0.41573442175256625,18178370.0,2.420838612042774,1
2024-01-23,64.43550109863281,65.38045358643033,63.83869339460483,64.18185991134689,19883700,61.227651023864745,59.34670715332031,62.830331840515136,61.964531673032084,60.98103041709234,0.9835012559397427,0.6585222821225598,0.3249789738171829,57.957824239351176,61.227651023864745,65.1009662696788,57.354335778050675,0.1265217652823023,0.016316289816006968,0.016184609583759533,0.41876062423014454,18562800.0,1.0711584459241064,0
2024-01-24,62.68486022949219,65.64901214050701,62.6251779433766,65.63906319561572,21694100,61.286337280273436,59.520577621459964,62.770949325561524,62.07535145094903,61.107240032825665,0.9681114181233639,0.7204401093227207,0.24767130880064314,61.09146945992393,61.286337280273436,65.21293822449145,57.35973633605543,0.12813952076336235,-0.027168887325961566,-0.027544785680887324,0.4314696008097285,18988735.0,1.1424721025386895,0
2024-01-25,60.387142181396484,63.987893686115335,58.586770223447694,63.122517630303605,43452600,61.19432888031006,59.63874572753906,62.70226655960083,61.81562694794094,61.053899451238316,0.7617274967026262,0.7286975867987018,0.033029909903924404,55.155106152703276,61.19432888031006,65.11432450450694,57.27433325611318,0.12811630410602248,-0.036655071729978395,-0.03734375034974576,0.44977929188500493,20664335.0,2.1027824026275224,1
2024-01-26,61.45145034790039,61.93486584174768,59.69086282127074,59.9992155952264,18430700,61.14956798553467,59.785759658813475,62.64358032226563,61.75959977870393,61.08334766580588,0.6762521128980481,0.7182084920185711,-0.04195637912052297,53.893053368983644,61.14956798553467,65.03444803468909,57.26468793638024,0.12706156975870767,0.01762474805161074,0.017471233327265332,0.45461553320846804,21030255.0,0.876389753714351,1
2024-01-29,63.420921325683594,63.450764365259495,60.57613405241228,60.87453788729689,15913900,61.183386993408206,59.926606521606445,62.595139274597166,62.015187709008494,61.256501270241266,0.7586864387672279,0.7263040813683024,0.032382357398925476,54.65866768652838,61.183386993408206,65.13788140567232,57.228892581144095,0.12926693361026784,0.03204921880009781,0.03154635855786709,0.46856040220801337,21264280.0,0.7483864960393675,0
2024-01-30,63.341346740722656,64.15698563438211,61.73990819762697,62.56549603563451,18786100,61.29628314971924,60.03462890625,62.53625408172607,62.21921217542606,61.4109342680547,0.8082779073713553,0.7426988465689129,0.06557906080244236,56.24109368825648,61.29628314971924,65.36600473649032,57.22656156294815,0.1327885273836454,-0.0012547055971057208,-0.001255493399215517,0.45740218140184796,21363215.0,0.8793667058071549,0
2024-01-31,61.023738861083984,63.0628399858813,60.86458989369797,62.664965670210925,15623100,61.29081230163574,60.124747085571286,62.460757694244386,62.035293203988815,61.382253126797615,0.6530400771911999,0.7247670926933704,-0.07172701550217042,50.83654761802913,61.29081230163574,65.36175120230291,57.21987340096857,0.13284010271009336,-0.03658917908906201,-0.03727535284687589,0.4777338831657988,21381950.0,0.7306676893360989,1
2024-02-01,61.69017791748047,61.729966108024335,60.31950397020675,61.18288797407296,13449400,61.4594108581543,60.233764266967775,62.38461477279663,61.982198544526,61.405062370551896,0.5771361739741039,0.6952409089495171,-0.11810473497541318,51.420098593955835,61.4594108581543,65.28382499743617,57.634996718872436,0.12445332898190162,0.010920980405897174,0.01086177714778738,0.44612098205065576,20992130.0,0.6406877243995726,1
2024-02-02,62.08804702758789,62.38645465546933,60.67560044510099,61.46140011562232,14618900,61.65685501098633,60.34178665161133,62.3149870300293,61.998482926535516,61.45565382662864,0.542829099906875,0.6647585471409887,-0.1219294472341137,53.00337890671895,61.65685501098633,65.15318818306287,58.16052183890978,0.11341263421410479,0.006449472566599335,0.006428763711509282,0.44562912000205807,20889055.0,0.6998353922664285,0
2024-02-05,61.212730407714844,61.7478675259083,60.97400506122756,61.67028321120393,10223300,61.72747745513916,60.46393356323242,62.24645347595215,61.877597923640025,61.437659499301695,0.4399384243383295,0.619794522580457,-0.17985609824212745,57.032320410789865,61.72747745513916,65.12147440948466,58.333480500793655,0.10996713600720563,-0.014097989255228316,-0.014198309901474873,0.43969857133653967,20529210.0,0.49798798882178125,1
2024-02-06,63.37118911743164,63.39108321270068,61.29230359195079,61.70012305893935,17564300,61.82545356750488,60.610549697875975,62.1973659324646,62.10738118422335,61.58088391545947,0.5264972687638831,0.6011350718171422,-0.07463780305325907,58.41409841970408,61.82545356750488,65.29339207634678,58.35751505866298,0.11218481414148901,0.03526159828748243,0.034654146749516855,0.4470034607648782,20694205.0,0.8487545184750996,0
2024-02-07,62.90369415283203,64.55486619463977,62.51576496823905,64.19678005157603,33211300,61.934371376037596,60.759354248046876,62.14295686721802,62.229890871701606,61.67886985896855,0.5510210127330595,0.5911122600003257,-0.040091247267266206,52.74202123330649,61.934371376037596,65.39365103359705,58.47509171847814,0.11170791212382762,-0.0073770899853765615,-0.007404435282517528,0.44572588579025835,21610905.0,1.5367843225445672,0
2024-02-08,55.83150100708008,58.27841778506978,55.47341488456243,57.671661165738286,68272700,61.6941556930542,60.75418190002441,62.05263973236084,61.24552320022137,61.24573142549533,-0.00020822527395836232,0.47284816294546894,-0.4730563882194273,30.102671855935284,61.6941556930542,66.0770442031041,57.311267183004304,0.14208439878344392,-0.11242890009876394,-0.1192666482766333,0.6036701929817868,24517645.0,2.784635310609971,1
2024-02-09,58.59671401977539,58.905066792878806,55.861338634072325,55.9061012952955,31421400,61.57280445098877,60.76293502807617,61.988631916046145,60.838014095537375,61.04950791396052,-0.2114938184231434,0.33597976667174645,-0.5474735850948899,40.35927096781997,61.57280445098877,66.16332773835998,56.98228116361756,0.14910879334805077,0.04952782860601679,0.04834037598800351,0.6317263142738463,25493680.0,1.2325172356442853,1
2024-02-12,59.770442962646484,60.292652542912165,58.10932200978664,58.29831402273385,21768200,61.52754650115967,60.80510955810547,61.92910022735596,60.67377238278493,60.95476236201133,-0.2809899792263977,0.2125858174921176,-0.49357579671851526,40.69074914334617,61.52754650115967,66.1728353025492,56.882257699770136,0.1509986685817865,0.020030627356936392,0.019832653665909635,0.6359127826342889,26117960.0,0.8334571306487949,0
2024-02-13,57.95016860961914,58.41767033929918,57.552298107143166,57.57219220142854,19540200,61.51809673309326,60.8180403137207,61.849475917816164,60.2547564176825,60.732199861834125,-0.4774434441516249,0.07457996516336911,-0.5520234093149939,40.57797846305717,61.51809673309326,66.19308220844363,56.84311125774289,0.15198732482357474,-0.03045442300243484,-0.03092779457659142,0.6272268798839715,26049615.0,0.7501147329816583,1
2024-02-14,58.55693054199219,58.70115989289889,57.323526939165816,58.28339525806086,16520600,61.46736793518066,60.80252326965332,61.76428140640259,59.993552436807065,60.57106880110509,-0.5775163642980274,-0.0558393007289102,-0.5216770635691172,46.09508390402569,61.46736793518066,66.25202316959395,56.68271270076737,0.15568114904346864,0.010470408403131515,0.010415973319075723,0.6220207368645089,25399275.0,0.6504358884259491,1
2024-02-15,59.38251876831055,59.92461866081474,57.7512408237335,58.546985699818535,13321000,61.348503494262694,60.7995393371582,61.6876411819458,59.89954725703837,60.48302805793512,-0.5834808008967514,-0.16136760076247844,-0.4221132001342729,45.54032519335799,61.348503494262694,66.21990007614724,56.47710691237815,0.15881060839047587,0.014098898604774313,0.01400043355374696,0.6092981348421531,24798350.0,0.5371728360959499,0
2024-02-16,58.82549285888672,59.432249485847954,58.139163645038,58.546983113164465,12195800,61.016279983520505,60.82380958557129,61.62229061126709,59.73430811886119,60.36024767282043,-0.6259395539592347,-0.2542819914018297,-0.371657562557405,39.45206539757278,61.016279983520505,65.60210715460951,56.430452812431504,0.15031487243494887,-0.009380301155583304,-0.009424573255058133,0.5648559579245286,23494910.0,0.5190826438577547,0
2024-02-20,58.318206787109375,58.71607731090419,57.88054427820116,57.92033246890385,12598700,60.762138748168944,60.80590530395508,61.55863098144531,59.51644637551476,60.20898538498998,-0.6925390094752188,-0.34193339501650755,-0.3506056144587113,38.6923559925998,60.762138748168944,65.35486538608312,56.16941211025477,0.15117067083332633,-0.008623575377332493,-0.008660973562747266,0.5561707677838688,21924500.0,0.5746402426509156,0
2024-02-21,57.174320220947266,58.13916296362055,56.84110266559065,57.77113169045668,13377900,60.39907970428467,60.786011657714845,61.48736200332642,59.15611927481207,59.98419537283866,-0.8280760980265924,-0.43916193561852457,-0.38891416240806786,40.85107085142988,60.39907970428467,64.91653168288182,55.881627725687515,0.14958678180908408,-0.019614570289135713,-0.019809489014639678,0.5537550790113691,21599210.0,0.6193698751019134,1
2024-02-22,58.03969192504883,58.32815060945915,57.06490404149281,57.462778350638814,17293000,60.1668212890625,60.774274368286136,61.40470390319824,58.98436122100234,59.840158080409786,-0.8557968594074481,-0.5224889203763093,-0.33330793903113876,41.40514850603007,60.1668212890625,64.66706824028594,55.666574337839045,0.1495923120020812,0.015135671062767031,0.015022269632928924,0.5520159663021172,21379155.0,0.8088720064006272,1
2024-02-23,58.84538650512695,59.11395109834271,57.92033194885401,58.53703372156575,13357000,60.08973350524902,60.776661529541016,61.32333890914917,58.96298049548305,59.7664712970555,-0.8034908015724511,-0.5786892966155377,-0.22480150495691342,42.5092026291514,60.08973350524902,64.62675909056975,55.552707919928295,0.15100834437631194,0.013881785952940318,0.013786316472340115,0.5404757454464334,19874375.0,0.6720714487876978,1
2024-02-26,59.014488220214844,59.85499197756924,58.39778261334742,58.61661387993979,11065600,59.967885398864745,60.78541481018066,61.29063875198364,58.9709047608264,59.71076884691916,-0.7398640860927586,-0.6109242545109819,-0.1289398315817767,44.75061179217576,59.967885398864745,64.48176565196124,55.45400514576825,0.1505432523782787,0.0028736613884448037,0.0028695403167124807,0.5363563804066296,19506120.0,0.5672886253134913,1
2024-02-27,59.84006881713867,59.91964519825489,59.123896564735446,59.253206286843955,11467600,59.7888427734375,60.75418182373047,61.27462436676026,59.10462230795137,59.72034662249097,-0.6157243145396052,-0.6118842665167066,-0.0038400480228986122,40.99443007394268,59.7888427734375,63.99994465934042,55.57774088753458,0.14086581009304278,0.013989456179695159,0.013892506870052728,0.525106399402054,19283805.0,0.594675169138041,1
2024-02-28,59.929588317871094,60.57613311209368,59.12389456121979,59.382513996673055,9851600,59.618254852294925,60.72195411682129,61.25507884979248,59.23154015563132,59.73584600733394,-0.5043058517026182,-0.5903685835538889,0.08606273185127067,42.26589994012264,59.618254852294925,63.48582775604944,55.75068194854041,0.1297445862290495,0.001495979241032952,0.0014948613788150589,0.5252738736587692,18837080.0,0.5229897627445442,1
2024-02-29,60.01911163330078,61.53699732659246,59.69583922656489,60.27772728204309,17117300,59.56802349090576,60.703651962280276,61.248364753723145,59.3527049983497,59.75682864629445,-0.40412364794475053,-0.5531195964320612,0.14899594848731068,67.09988700360798,59.56802349090576,63.384494935202866,55.75155204660865,0.12813826011466597,0.0014938082830613375,0.001492693661350759,0.5093803145799424,18911790.0,0.9051126307980366,1
2024-03-01,60.218048095703125,61.31219675804375,59.889801220354556,60.20809915101403,17590400,59.49441699981689,60.68515083312988,61.23986022949219,59.48583470563484,59.79099304995435,-0.3051583443195085,-0.5035273460095506,0.19836900169004212,58.37614791358491,59.49441699981689,63.193536158706216,55.79529784092757,0.12435180796546706,0.003314551931687726,0.0033090709125095097,0.5078678490241595,19118840.0,0.9200558192861074,0
2024-03-04,59.66102600097656,60.27772777953706,58.54698322161325,60.08873956521984,17125200,59.37306594848633,60.624873123168946,61.23578203201294,59.51278721261049,59.78136586114118,-0.268578648530692,-0.45653760651377895,0.18795895798308693,49.39625845686499,59.37306594848633,62.86750852599121,55.878623370981444,0.1177113737241313,-0.009250085519897588,-0.00929313322993864,0.5079949996544756,19244155.0,0.889890982482733,0
2024-03-05,57.96011734008789,60.5065044830618,57.56224304466961,59.193520825945676,18056700,59.21043529510498,60.55584213256836,61.21991683959961,59.27391492453009,59.64645856328538,-0.37254363875528895,-0.43973881296208095,0.067195174206792,50.05562793443753,59.21043529510498,62.646649437827364,55.774221152382594,0.11606785613367926,-0.02850954425190122,-0.0289238344557221,0.5152654827367258,19635825.0,0.9195793912402458,0
2024-03-06,57.810916900634766,58.60666174344663,57.60203459084866,58.4375676244038,17187400,58.93242168426514,60.477461166381836,61.20425058364868,59.048838305469275,59.510492514200145,-0.46165420873087015,-0.44412189211583886,-0.017532316615031296,45.60374319024511,58.93242168426514,61.80468080887413,56.06016255965614,0.0974763650473194,-0.0025741914664815235,-0.0025775103942617893,0.49591801231866706,19616980.0,0.8761491320274578,1
2024-03-07,58.18889617919922,58.74094498496499,57.64182184579828,58.14910798910189,19447900,58.69668178558349,60.411016387939455,61.19221494674682,58.91653951681235,59.412596489385265,-0.4960569725729158,-0.45450890820725426,-0.04154806436566155,42.57423721830723,58.69668178558349,60.890321080178026,56.50304249098896,0.07474491667545381,0.006538198991275612,0.006516917678855808,0.4971548952803736,18928810.0,1.0274232770047351,1
2024-03-08,58.69618225097656,59.24326037812149,57.9322687329742,58.40772735914909,18283500,58.83991584777832,60.3403938293457,61.17222183227539,58.88263839899146,59.35952876802166,-0.4768903690302011,-0.45898520037184365,-0.01790516865835745,49.190523358719126,58.83991584777832,60.57121732718457,57.10861436837207,0.058847857086852674,0.008717918797000346,0.008680137168912649,0.2858533304319733,16429350.0,1.1128559559568698,1
2024-03-11,59.760498046875,59.8997529236504,58.6315318205401,58.68623963561769,11172700,58.8981050491333,60.28867042541504,61.16267290115356,59.01769372943508,59.389230196084874,-0.37153646664979334,-0.4414954536274336,0.06995898697764025,58.44005207505523,58.8981050491333,60.67267854291094,57.12353155535566,0.060259103151018976,0.018132623879140386,0.017970188502443737,0.234730407548309,15416915.0,0.724704002065264,0
2024-03-12,59.710758209228516,60.15339138799168,58.98066427481257,59.481981808529284,13485100,58.895120811462405,60.227994766235355,61.15386995315552,59.12431903401868,59.41304708594736,-0.288728051928679,-0.41094197328768267,0.12221392135900366,67.02266233832731,58.895120811462405,60.66370819082881,57.126533432096004,0.06005887601548792,-0.0008323196638601038,-0.0008326662341897389,0.22382959828739185,15002760.0,0.8988412798711704,1
2024-03-13,62.117889404296875,62.96336755584574,59.4919296267125,59.66102373925804,19983400,59.103506851196286,60.24868408203125,61.1691880607605,59.58486832175379,59.61340577619548,-0.028537454441689647,-0.3344610695184841,0.30592361507679444,72.67696228930889,59.103506851196286,61.32693896208542,56.88007474030715,0.07523858496204043,0.0403131909099812,0.03952181292394649,0.23653154602386228,15024920.0,1.3300170649827088,1
2024-03-14,62.66496658325195,63.85858195883292,61.87916688527958,62.17757072917482,19342000,59.30890865325928,60.27932029724121,61.18301414489746,60.05872959275351,59.83944731745892,0.21928227529458866,-0.22371240055586955,0.4429946758504582,71.86785289343702,59.30890865325928,62.02431463923477,56.59350266728379,0.09156823309127822,0.008807079316465627,0.008768523205870503,0.23596222485658006,15165990.0,1.2753536036882525,0
2024-03-15,62.51576232910156,63.49055403047302,62.09799770943726,62.267091828517366,20040000,59.46557083129883,60.363271408081054,61.18699287414551,60.43673462911475,60.03769287387689,0.39904175523786023,-0.09916156939712359,0.49820332463498385,70.09126282959427,59.46557083129883,62.5370498926274,56.39409176997025,0.10330276892631615,-0.002380983542888626,-0.002383822591585155,0.23338172004836524,15501940.0,1.2927414246216926,1
2024-03-18,63.888427734375,64.41560797632901,62.76443222570492,62.784326320889505,14219900,59.71871757507324,60.478256683349606,61.19813331604004,60.96776433761633,60.32293249317305,0.6448318444432815,0.049637113370957414,0.595194731072324,71.85818675087648,59.71871757507324,63.35136834309683,56.086066807049654,0.12165869983584063,0.0219571089615338,0.021719523152832133,0.23836590688087553,15603145.0,0.9113483211237222,0
2024-03-19,62.67491149902344,63.7093854898459,62.46602918852032,63.43087194809768,9089300,59.93655281066894,60.53574928283692,61.19793437957764,61.23040236244819,60.49715316027308,0.7332492021751094,0.18635953113178783,0.5468896710433215,63.21836167033277,59.93655281066894,63.73434519885737,56.138760422480516,0.12672708756491596,-0.018994304264254636,-0.019177013382920185,0.24842121390438546,15427675.0,0.5891555273234625,1
2024-03-20,64.70406341552734,65.01241238937672,62.77935249019602,63.24187974538058,12641400,60.31303997039795,60.601597213745116,61.203355407714845,61.7648117552296,60.80877614214377,0.956035613085831,0.3402947475225965,0.6157408655632345,69.00722382593483,60.31303997039795,64.43677627372054,56.189303667075365,0.13674443554317756,0.032375824200972625,0.031862771502679,0.2521573647540616,15390850.0,0.821358144611896,1
2024-03-21,65.78826904296875,66.63374725309319,64.7040692698399,64.95273977804248,14022100,60.70046882629394,60.702855834960936,61.211462059020995,62.383805184112546,61.17762746813081,1.2061777159817382,0.5134713412144248,0.6927063747673133,71.08430081616835,60.70046882629394,65.34765710843855,56.05328054414933,0.15311869486357457,0.01675637618736059,0.016617536931203918,0.25297281804539223,15227305.0,0.920852376700933,0
2024-03-22,64.42555236816406,66.89236716554373,64.40566206645289,66.08667714186124,10208100,60.979477119445804,60.77865058898926,61.21021873474121,62.697920135505086,61.4182144977629,1.2797056377421896,0.6667182005199779,0.6129874372222117,66.9978339530982,60.979477119445804,65.82358823422908,56.13536600466252,0.1588767678441944,-0.02071367273570679,-0.02093121009665783,0.26872739463857687,15069860.0,0.677385191368732,1
2024-03-25,65.64900970458984,66.03196438606987,64.45539438185303,64.45539438185303,10224300,61.311203193664554,60.871156005859376,61.21996660232544,63.15193391536428,61.73160673530563,1.4203271800586492,0.8174399964277121,0.6028871836309371,78.39818553414904,61.311203193664554,66.48610657464991,56.1362998126792,0.16880775817232999,0.01899024985357145,0.018812185846990858,0.2733438625288687,15027795.0,0.6803592942277958,1
2024-03-26,66.31544494628906,67.60853453945796,66.14635083314548,66.38507238045531,14826400,61.63497200012207,60.983952865600585,61.23205198287964,63.63862792012194,62.07115030648959,1.5674776136323487,0.9674475198686395,0.6000300937637092,80.25471155028373,61.63497200012207,67.21661282897958,56.05333117126456,0.18111927847866807,0.010151489637057365,0.010100309345492482,0.2720960871606116,15195735.0,0.9756948248965911,0
2024-03-27,66.21598052978516,67.84725840497889,65.7882669656294,67.35986634916186,10591200,61.94929161071777,61.14548919677734,61.24737009048462,64.03514370622398,62.37817476747445,1.6569689387495288,1.1053518036448176,0.5516171351047112,79.13353078259021,61.94929161071777,67.8267465274996,56.07183669393595,0.18975051252288963,-0.0014998680410643894,-0.0015009939691045108,0.27285679511809724,15232715.0,0.6952929927462045,1
2024-03-28,66.63375091552734,67.35987217847068,66.07673137496067,66.51439392187567,10775800,62.2800235748291,61.286734085083005,61.263583431243894,64.43492943073218,62.69340263029318,1.7415268004390043,1.232586803003655,0.5089399974353492,78.99705846776104,62.2800235748291,68.43789665279861,56.1221504968596,0.1977479366420232,0.0063092078739854784,0.006289388142839308,0.272538614844906,14915640.0,0.7224497239139588,0
2024-04-01,64.68416595458984,67.00277085353878,64.65432671031952,66.64369060909858,9840500,62.50332946777344,61.345221252441405,61.270894317626954,64.47327351132567,62.84086658024108,1.6324069310845957,1.3125508286198433,0.3198561024647524,66.89413648293689,62.50332946777344,68.67027021373553,56.33638872181134,0.1973315917239819,-0.029258220258514656,-0.029694778352146817,0.29904968961665995,14528145.0,0.6773404312801118,0
2024-04-02,64.3161392211914,64.4951746888483,63.21203784330339,63.60991214534573,10329300,62.73608512878418,61.322144775390626,61.276166133880615,64.44909900515117,62.95014603512629,1.498952970024881,1.3498312569008508,0.1491217131240301,65.46425439568421,62.73608512878418,68.80190112422443,56.67026913334394,0.19337566196514747,-0.005689595405107384,-0.0057058428097922454,0.2972582426637607,14188350.0,0.7280127710410301,1
2024-04-03,64.99251556396484,65.10690945321079,64.06746862728426,64.13709606086735,7176100,63.087705039978026,61.35397445678711,61.273629665374756,64.53270155266097,63.10143266689211,1.4312688857688585,1.3661187826744523,0.06515010309440616,60.92212014642331,63.087705039978026,68.79238393737162,57.38302614258443,0.18084914941123958,0.010516432593183023,0.010461519573139183,0.271975851229859,13644320.0,0.525940464603586,0
2024-04-04,64.19677734375,66.00709828451426,63.99783638998274,65.63906321166088,9933400,63.40699806213379,61.34919998168945,61.2642299079895,64.4810209051362,63.18256930962232,1.2984515955138818,1.3525853452423382,-0.054133749728456415,55.712167797231736,63.40699806213379,68.55588764929686,58.258108474970705,0.16240761255145936,-0.01224353624890373,-0.01231910579800495,0.2780604943860195,13281620.0,0.7479057524609197,1
2024-04-05,64.80353546142578,65.12183340594616,63.719328107739074,64.35592399677982,8062300,63.73773002624512,61.39157348632813,61.24562936782837,64.53063852918075,63.30264087642257,1.2279976527581766,1.327667806745506,-0.09967015398732948,58.249657345246874,63.73773002624512,68.29061484252595,59.18484520996428,0.14286309896527874,0.009451535463015803,0.009407149161666236,0.2784110672239517,12712340.0,0.6342105387363774,1
2024-04-08,65.98719787597656,66.34528399026796,64.982574555879,65.18150791323148,8421400,64.10228080749512,61.50357460021973,61.23642850875854,64.75472458253395,63.50149695046361,1.2532276320703417,1.3127797718104732,-0.059552139740131516,57.67270203843017,64.10228080749512,68.08769016792569,60.11687144706455,0.12434532157753045,0.018265398733613214,0.01810059017558092,0.28189583699445314,12219235.0,0.6891920811736577,1
2024-04-09,66.6436996459961,66.9023191127761,66.03197228904108,66.59396250625385,8446300,64.44644088745117,61.60741958618164,61.228620281219484,65.0453361307589,63.73425270568824,1.311083425070656,1.3124405024625099,-0.001357077391853867,65.12512756993449,64.44644088745117,68.02077559530944,60.872106179592905,0.11092419251205707,0.00994892632436728,0.009899761578887924,0.2787110058062219,12082915.0,0.6990283387742113,0
2024-04-10,65.52964782714844,65.83800440942512,64.70406752962431,64.77369496649554,8566300,64.73738536834716,61.649594116210935,61.223348445892334,65.11984562251114,63.86724493690752,1.2526006856036176,1.3004725390907315,-0.04787185348711387,53.38222580344702,64.73738536834716,67.5560841683412,61.91868656835313,0.08708102077203185,-0.01671653621820779,-0.016857834400597505,0.2890917125983105,11836975.0,0.7236899630184233,0
2024-04-11,65.4500732421875,66.02499471609774,64.33602676201356,65.49483210718206,8785500,64.9039945602417,61.691768646240234,61.22016542434692,65.17064987169212,63.984491478039374,1.1861583936527467,1.2776097100031345,-0.09145131635038783,48.49021336192509,64.9039945602417,67.45164740520092,62.35634171528249,0.07850527112301439,-0.0012143295073221427,-0.0012150674028243295,0.2572972610812533,11277080.0,0.7790580540352644,0
2024-04-12,64.24650573730469,65.61917173278347,63.818799769230914,65.0323054157315,9934000,64.98307151794434,61.75622398376465,61.212008991241454,65.02847385101714,64.00389994168866,1.0245739093284811,1.2270025498682038,-0.20242864053972265,49.18917163385993,64.98307151794434,67.32823555903833,62.63790747685035,0.07217769139910232,-0.018389093323535444,-0.018560274526070758,0.2667302646123251,10806680.0,0.9192462439898285,0
2024-04-15,63.1722526550293,65.12183227435314,62.913637002504395,64.71400900846149,11008700,65.01589603424073,61.785865478515625,61.19947597503662,64.74290135932671,63.94229643897315,0.8006049203535568,1.1417230239652745,-0.3411181036117177,38.63013976900481,65.01589603424073,67.23039013813327,62.80140193034817,0.06812162067954226,-0.016720801698817178,-0.01686217240689818,0.27416603659616506,10355115.0,1.0631171165168132,0
2024-04-16,63.092681884765625,63.86853265909816,62.585391921232166,62.655023154651786,9912700,64.97610874176026,61.80595817565918,61.18739059448242,64.48902144016347,63.87936202755037,0.6096594126130981,1.0353103016948393,-0.4256508890817412,34.36295980406965,64.97610874176026,67.30170236021831,62.6505151233022,0.07158303762697918,-0.0012595841832361288,-0.0012603781261554471,0.2623837843477041,10139755.0,0.9776074471227362,0
2024-04-17,62.923580169677734,63.62980725681022,62.24719991645285,63.440815252834916,8000900,64.98854217529296,61.84017517089844,61.170132846832274,64.2481843216272,63.80856337141166,0.4396209502155486,0.9161724313989812,-0.4765514811834326,34.132304367186194,64.98854217529296,67.26446211447121,62.71262223611471,0.07004065218263968,-0.0026802112390268418,-0.0026838094358929082,0.2533650490819025,10085335.0,0.7933202020557572,0
2024-04-18,61.769752502441406,63.68948912256427,61.620552474691266,63.51044605373545,9240000,64.84182662963867,61.808146438598634,61.140292415618894,63.86688711867555,63.65754034408053,0.20934677459501927,0.7748073000381889,-0.5654605254431696,28.110991781845357,64.84182662963867,67.53502565572067,62.14862760355668,0.08306980743972305,-0.01833696786045791,-0.018507173975954742,0.23124613043267891,9915265.0,0.9318964243517445,1
2024-04-19,61.9786376953125,62.12783772085508,61.39674583302309,61.670284904800624,13177900,64.65134506225586,61.78964530944824,61.10776636123657,63.57638720738892,63.53317718491253,0.04321002247638717,0.6284878445258285,-0.5852778220494413,35.56265577532038,64.65134506225586,67.5903641540284,61.712325970483306,0.09091903931596254,0.0033816744346326644,0.0033759694316655613,0.22135360369065954,9873055.0,1.3347337779441115,1
2024-04-22,62.85395431518555,63.296587502345176,62.14773100470734,62.70475429159181,9958200,64.57276515960693,61.93009437561035,61.09309478759766,63.465243685511474,63.48286437974757,-0.01762069423609347,0.4992661367734441,-0.5168868310095376,42.59817050916387,64.57276515960693,67.61927629405525,61.52625402515861,0.09435901116881544,0.014122876081531732,0.014024077394926254,0.21866349229112475,9860560.0,1.0099020745272074,1
2024-04-23,64.08736419677734,64.35592500873057,62.86390574183711,63.042948812746495,9913000,64.4946828842163,62.03990737915039,61.08135753631592,63.56095453339853,63.527642143971995,0.03331238942653414,0.4060753873040621,-0.372762997877528,45.66258224057021,64.4946828842163,67.50488371255824,61.48448205587436,0.09334725573411952,0.019623425368064717,0.019433368312849274,0.21944689073522,9844995.0,1.006907570801204,1
2024-04-24,64.49517822265625,64.74384872645518,63.67953927374862,63.76906460130343,8189100,64.40366954803467,62.13440208435058,61.05927558898926,63.704681254822795,63.59931148313379,0.10536977168900563,0.34593426418105083,-0.2405644924920452,51.48512896533078,64.40366954803467,67.28958361793141,61.517755478137936,0.08961955398346723,0.006363407685588962,0.0063432466901237276,0.21726931362467825,9513130.0,0.8608207813832041,0
2024-04-25,63.759117126464844,64.05752477343297,62.61523505926013,63.13247017441781,11711200,64.28082637786865,62.2505810546875,61.02684894561767,63.71305600430618,63.61114893819535,0.101907066110833,0.29712882456700723,-0.19522175845617423,44.868024856493335,64.28082637786865,67.04866965491502,61.512983100822275,0.08611722757812323,-0.01141265310796269,-0.011478277207939926,0.2202187266548246,9569130.0,1.2238521161275895,1
2024-04-26,65.60922241210938,65.94741823109419,63.4109761495824,63.7889525695572,14200900,64.22959995269775,62.391626892089846,61.00382205963135,64.00477391319899,63.7591543807075,0.2456195324914887,0.28682696615190356,-0.04120743366041485,48.25689893940418,64.22959995269775,66.8479739817485,61.61122592364701,0.08153169351760116,0.02901710953705461,0.028604084057756194,0.24469624520048774,9740385.0,1.457940317554183,1
2024-04-29,66.63375091552734,67.1907780449161,65.64901777379066,65.64901777379066,19142400,64.32707920074463,62.53665153503418,60.976965675354,64.40923191355719,63.97208745736083,0.4371444561963642,0.3168904641607957,0.12025399203556852,49.955625912833504,64.32707920074463,67.15359685240826,61.50056154908102,0.08787955824460623,0.015615617221960365,0.015494948065682463,0.22629334499474982,10205480.0,1.8756981543249314,1
2024-04-30,67.55879974365234,70.28622216385864,66.86252537789295,69.62774012879659,43903400,64.48921222686768,62.71131767272949,60.95617679595947,64.89378081049492,64.23776984893797,0.6560109615569445,0.3847145636400255,0.271296397916919,59.20578891878664,64.48921222686768,67.66367829181524,61.31474616192011,0.09844952218613119,0.013882586758438675,0.013787106313121553,0.22860453210394233,11884185.0,3.6942709996520584,0
2024-05-01,65.78826904296875,67.43944486006828,65.14172420387771,66.64369619829135,17966500,64.52899990081787,62.86071891784668,60.91962223052978,65.03139438472166,64.3526216410884,0.6787727436332602,0.44352619963867246,0.23524654399458778,51.330220443046706,64.52899990081787,67.7496385583221,61.30836124331363,0.09981988446913521,-0.02620725512297084,-0.026556785582681597,0.2479975653957019,12423705.0,1.4461467010042495,1
2024-05-02,66.62380981445312,67.08136266579314,65.47992389169202,66.34529245427815,14480600,64.65035152435303,63.049708709716796,60.88286876678467,65.27638137391112,64.52085780207838,0.7555235718327395,0.5059256740774859,0.24959789775525365,59.62939568046518,64.65035152435303,67.99865104207052,61.302052006635535,0.1035817884596104,0.012700452278789243,0.012620477962884378,0.2464992985317487,12651065.0,1.144615097622216,0
2024-05-03,65.3506088256836,67.52896498281369,64.37582464887915,67.280294465838,15435200,64.67770519256592,63.19592704772949,60.84049530029297,65.28780098187612,64.58232084086396,0.7054801410121598,0.5458365674644207,0.15964357354773917,58.68359338052838,64.67770519256592,68.04018239320379,61.315227991928055,0.1039763915750169,-0.01911029994104796,-0.01929526196760734,0.25568290474587874,13019710.0,1.185525637667813,0
2024-05-06,65.2610855102539,65.74847755704288,64.6045917588546,65.6490108765094,11257600,64.64139957427979,63.32424102783203,60.80364234924316,65.28369090931885,64.63259970526322,0.651091204055632,0.566887494782663,0.08420370927296905,58.63706617444615,64.64139957427979,67.95973463371203,61.32306451484754,0.1026690350545127,-0.001369892599906497,-0.0013708317605716177,0.24698425600648236,13161520.0,0.855341936189741,1
2024-05-07,65.5694351196289,66.41491329542963,65.42023130300022,65.72858788105185,9232200,64.58768634796142,63.455339965820315,60.76848033905029,65.32765155705886,64.70199492114216,0.6256566359166982,0.57864132300947,0.04701531290722816,60.42320062491566,64.58768634796142,67.80272479822597,61.372647897696886,0.09955577083048792,0.004724861791129076,0.0047137346673056055,0.24475642269909267,13200815.0,0.6993659103623526,0
2024-05-08,63.47066116333008,65.3506057826093,63.430872971808085,65.11188422229894,11183800,64.4847370147705,63.52795181274414,60.7193430519104,65.04196072725443,64.61078501315609,0.43117571409834454,0.549148201227245,-0.1179724871289004,56.23633346116976,64.4847370147705,67.70463324242053,61.26484078712047,0.09986537517901323,-0.032008419051798964,-0.03253188911094327,0.2633425680101051,13331690.0,0.8388883929944365,1
2024-05-09,64.10724639892578,64.12714428696935,63.07278009087267,63.53033286120485,8368700,64.41759567260742,63.61150497436523,60.67701929092407,64.89815852289618,64.57348585654644,0.32467266634974123,0.5042530942517442,-0.17958042790200301,57.56715486845674,64.41759567260742,67.60860909326908,61.226582251945764,0.09907272655376634,0.010029598304601928,0.009979635675858689,0.26648959455582133,13310850.0,0.6287126667342807,0
2024-05-10,62.595340728759766,64.59465374278709,62.5456073859216,64.24650895968743,8745800,64.33503742218018,63.66302955627442,60.62479846954346,64.5438788622598,64.42695658782151,0.11692227443829495,0.4267869302890544,-0.30986465585075945,49.12044439393255,64.33503742218018,67.6284827661977,61.04159207816266,0.10238418989034657,-0.023584005788639728,-0.02386655979929812,0.27159996402755643,13251440.0,0.6599886502900817,1
2024-05-13,63.60991287231445,64.08735976357545,62.853952448676594,63.097652263807674,7311600,64.35692043304444,63.73086685180664,60.58461332321167,64.4001917868836,64.36643483111729,0.03375695576630733,0.348180935384505,-0.3144239796181977,48.35163127408297,64.35692043304444,67.62354191278241,61.090298953306466,0.10151577974078164,0.01620842912176279,0.016078474889956847,0.27173180315978024,13066585.0,0.5595647217693069,1
2024-05-14,64.23656463623047,64.51507437878857,63.92820805940857,64.04757262999975,7556500,64.41411457061767,63.82237762451172,60.53786329269409,64.3750183790908,64.35681481668122,0.018203562409581764,0.28218546078952034,-0.2639818983799386,49.12044439393255,64.41411457061767,67.62715177976138,61.20107736147397,0.09976189940859086,0.00985147967697908,0.009803270215509377,0.2736412123191581,12948775.0,0.5835687159596178,0
2024-05-15,63.5601806640625,65.1815095754118,63.14241225526558,64.76374496102555,10972600,64.44594459533691,63.93437889099121,60.47858026504517,64.2496587306249,64.2978048794502,-0.04814614882529611,0.21611913886655706,-0.2642652876918532,49.32065111194367,64.44594459533691,67.60903388528186,61.28285530539196,0.0981625549848429,-0.010529578846538712,-0.010585407106412655,0.2764607703202382,13097360.0,0.8377718868535339,1
2024-05-16,63.759117126464844,64.08736402036546,63.08273303698256,63.25183095655856,8113600,64.54541282653808,64.05334289550781,60.42173418045044,64.17419079152336,64.25790208293276,-0.0837112914094007,0.15615305281136552,-0.23986434422076622,42.87902413526792,64.54541282653808,67.47030545040029,61.62052020267588,0.09063053424796211,0.003129891393068851,0.0031250034794394407,0.26725672836404335,13041040.0,0.6221589689165895,1
2024-05-17,64.13709259033203,64.36586517880255,63.505467455621286,63.73921831046336,8204800,64.65333557128906,64.17230682373047,60.3783660697937,64.16848337595546,64.248953231629,-0.0804698556735417,0.10882847111438408,-0.1892983267879258,39.887141135387374,64.65333557128906,67.32803888212219,61.97863226045593,0.08273983970661203,0.0059281790730802975,0.005910676557485774,0.26761915478639736,12792385.0,0.6413815719273614,1
2024-05-20,64.42555236816406,64.68915009038366,63.43087412293858,64.18484253223248,6429000,64.73191547393799,64.28689422607422,60.381300373077394,64.20803245167986,64.26203464915012,-0.05400219747026824,0.07626233739745361,-0.13026453486772185,36.61850583019607,64.73191547393799,67.27304227810087,62.19078866977511,0.07851233153098881,0.004497549954041835,0.004487466199734992,0.2639194743706298,12615925.0,0.5095940250120383,0
2024-05-21,63.759117126464844,64.34598347514972,63.36124658785876,64.04757582818159,6576000,64.71550312042237,64.36686660766601,60.388014469146725,64.13896855549294,64.22478149932158,-0.08581294382864257,0.04384728115223438,-0.12966022498087695,40.431502487776974,64.71550312042237,67.27830581256134,62.1527004282834,0.07920212525799625,-0.010344268961650971,-0.010398142757220914,0.25779229899972655,12449075.0,0.5282320172382285,0
2024-05-22,61.85927200317383,63.57012625155406,61.51610929454273,63.45076547439588,14532200,64.58370780944824,64.40983688354493,60.37692375183106,63.7882460089823,64.04955857368101,-0.2613125646987129,-0.01718468801795507,-0.2441278766807578,29.582183430213462,64.58370780944824,67.44763635307065,61.719779265825835,0.08868888581226456,-0.029797230716396395,-0.030250188832068745,0.2769533685644018,12766230.0,1.1383313632920604,0
2024-05-23,61.25251770019531,62.351640824699764,60.89443158291755,62.20741148332896,10533400,64.45837783813477,64.39252944946288,60.368916568756106,63.39813396147661,63.842370360830216,-0.44423639935360626,-0.10259503028508532,-0.34164136906852094,31.374263753837695,64.45837783813477,67.67225031962117,61.24450535664836,0.0997193100191553,-0.00980862340163624,-0.009857044840096106,0.27628334733262644,12707340.0,0.8289224967617141,1
2024-05-24,61.312198638916016,61.729967057229096,60.94416735675291,61.620551428756364,8176800,64.2435266494751,64.36547409057617,60.36702667236328,63.07722083492882,63.65495023328102,-0.5777293983521972,-0.1976219038985077,-0.38010749445368947,32.00357572139414,64.2435266494751,67.69890894104476,60.78814435790543,0.10757137634809151,0.0009743426223363105,0.0009738682586669488,0.25154217503129844,12406135.0,0.6590932631315071,1
2024-05-28,61.839378356933594,62.535656518498314,61.4216137366412,61.96868807986679,11159600,64.00380802154541,64.35194641113281,60.36394313812256,62.88678353062187,63.52046342762566,-0.6336798970037876,-0.2848335025195637,-0.3488463944842239,33.33328788025477,64.00380802154541,67.42605332230512,60.58156272078569,0.10693880275397663,0.008598284349942809,0.008561529637766902,0.24572380855530587,12006995.0,0.9294248894082158,0
2024-05-29,60.725337982177734,61.26246719619707,60.526400814643445,60.90438105351752,8142800,63.66213493347168,64.28868461608887,60.361506175994876,62.554253446245845,63.31341709833322,-0.7591636520873735,-0.37969953243312565,-0.3794641196542478,36.549662353856746,63.66213493347168,66.9518785946011,60.37239127234226,0.1033500891720729,-0.018015064257691504,-0.018179311129950634,0.2416563676877786,10218965.0,0.7968321645098109,1
2024-05-30,62.17757034301758,63.003158226891486,61.799593913822726,62.436189788688495,11867500,63.481599998474124,64.27873779296876,60.357726383209226,62.49630219959534,63.22928030164317,-0.7329781020478308,-0.4503552463560667,-0.28262285569176404,41.245500766154755,63.481599998474124,66.67495137964724,60.28824861730101,0.10060714856745492,0.023914767856311636,0.023633288637810876,0.24925936734381945,9914015.0,1.1970427722774275,1
2024-05-31,62.65502166748047,63.22199011132919,61.44150839742705,62.39640221923429,14269000,63.28316059112549,64.23775695800781,60.375232791900636,62.52072057926998,63.186742625038534,-0.6660220457685568,-0.4934886062385647,-0.17253343952999212,50.2988051232903,63.28316059112549,66.12866590002548,60.43765528222549,0.08992930448859515,0.007678835339318013,0.007649503145595976,0.2457569552411565,9903435.0,1.4408132127892999,1
2024-06-03,63.12251663208008,63.182198916009334,62.24719923424778,62.70475202780701,9039800,63.171755981445315,64.18444190979004,60.39403226852417,62.61330458739461,63.181985144078645,-0.5686805566840363,-0.5085269963276591,-0.0601535603563772,47.41832133501771,63.171755981445315,65.84574459445834,60.4977673684323,0.08465772627243157,0.007461412543765089,0.007433713900529763,0.24063104996229878,9583665.0,0.9432508335798465,0
2024-06-04,62.99321365356445,63.788954710026765,62.69480601437765,62.80422164282471,9046100,63.05836238861084,64.15579513549805,60.41755651473999,62.671752136036126,63.16800207070722,-0.49624993467109135,-0.5060715839963456,0.0098216493252542,43.047825276423694,63.05836238861084,65.54508244700779,60.571642330213884,0.07887042936738507,-0.0020484446028868897,-0.002050545535118266,0.24063363927404116,9473090.0,0.9549260061922773,1
2024-06-05,63.19214630126953,63.470659841713335,62.51576223712283,63.420922706141106,8846100,62.93949794769287,64.10665786743164,60.43799722671509,62.75181277684126,63.16979053223035,-0.41797775538908866,-0.48845281827489423,0.07047506288580557,47.82606932206567,62.93949794769287,65.1305215417184,60.748474353667355,0.06962316718339297,0.003158001253898979,0.0031530252413560526,0.2401462816560188,9453785.0,0.9357204548231212,1
2024-06-06,66.66358947753906,67.45933817485982,63.82874707516964,63.943140978004074,22068800,63.09914436340332,64.11362075805664,60.47534753799439,63.35362457694862,63.42859045410507,-0.0749658771564512,-0.4057554300512057,0.3307895528947545,62.372905483670934,63.09914436340332,65.84753181982904,60.3507569069776,0.0871133034894131,0.05493472495330942,0.053478892931702424,0.28826475173285926,9998035.0,2.2073137371493496,1
2024-06-07,66.94210052490234,67.93578837281136,65.8479442719982,66.14635190257593,13195000,63.24088706970215,64.12814315795899,60.506779499053955,63.90569779971073,63.68885045934931,0.21684734036141862,-0.2812348759686808,0.4980822163300994,62.05131819180076,63.24088706970215,66.46023587930334,60.021538260100954,0.1018122597190304,0.0041778585513629896,0.004169155531894414,0.28701326857884657,10239350.0,1.2886560182042806,0
2024-06-10,66.73320770263672,67.13108199634529,65.45007467837854,66.61385072669881,11972300,63.44778041839599,64.13013229370117,60.53328775405884,64.3406993232378,63.91435840329653,0.42634091994126777,-0.1397197167866911,0.5660606367279588,59.98276517601832,63.44778041839599,67.00641582422446,59.889145012567525,0.11217525285712535,-0.0031204999638144715,-0.003125378876234337,0.2712785402508667,10400675.0,1.1511079809723888,0
2024-06-11,64.42555236816406,66.79290047934444,64.06249554856687,66.77300258881155,15108700,63.488562393188474,64.12496002197265,60.553479804992676,64.35375363784183,63.95222462291635,0.40152901492548665,-0.03146997044425555,0.4329989853697422,52.524487391868796,63.488562393188474,67.0736175108432,59.90350727553375,0.11293546372816785,-0.03458031486745805,-0.03519236531463373,0.2979265574144032,10790530.0,1.400181455405805,0
2024-06-12,63.092681884765625,65.50975953724404,62.565501619581816,65.11188520484174,14137500,63.43136825561523,64.10049087524413,60.56462026596069,64.15974259890703,63.888554790460745,0.2711878084462853,0.029061585333852624,0.2421262231124327,54.88191370787847,63.43136825561523,67.00264951081745,59.86008700041301,0.1126030023760704,-0.020688537923301942,-0.020905543966998116,0.30525712542446426,11119580.0,1.2714059343968027,0
2024-06-13,61.212730407714844,63.286641440529834,61.19283631264001,62.784325974519724,11985400,63.31399574279785,64.02489517211914,60.56397373199463,63.706356107954385,63.69034557692402,0.01601053103036776,0.026451374473155653,-0.010440843442787895,49.856938287319494,63.31399574279785,67.01924015397388,59.608751331621825,0.11704345516994198,-0.0297966645400235,-0.03024960526724537,0.32073479260806953,11170220.0,1.0729779717856944,0
2024-06-14,60.31254196166992,61.312198443406764,59.98927334419046,60.96406125793162,10366000,63.14166698455811,63.947210464477536,60.55469831466675,63.184230854679846,63.44013790172001,-0.25590704704016076,-0.03002030982950763,-0.22588673721065314,46.61044791331985,63.14166698455811,67.07341681414952,59.209917154966696,0.12453740983914666,-0.014705902514870806,-0.014815106247994802,0.3234191835125721,11282840.0,0.9187403171541917,0
2024-06-17,59.81023025512695,60.31751641010432,59.164679567218016,60.0489518123831,13558500,62.92532386779785,63.84734436035156,60.5383358001709,62.665153839364024,63.17125585382423,-0.506102014460204,-0.1252366507556469,-0.38086536370455704,43.108112135099034,62.92532386779785,67.09539596345174,58.75525177214397,0.13254034590000496,-0.008328478459127098,-0.008363354011031896,0.3224030099457873,11550525.0,1.1738427474075854,0
2024-06-18,58.80559539794922,59.79033219089613,58.71607387131768,59.601340193334835,13500300,62.64432601928711,63.70371231079102,60.52147592544556,62.0713756176079,62.847873597833484,-0.7764979802255851,-0.2554889166496346,-0.5210090635759506,43.430881510228005,62.64432601928711,67.13390254107347,58.15474949750074,0.14333545612428175,-0.016797040454322842,-0.01693971061922281,0.32443378513924587,11904090.0,1.1340892079948992,1
2024-06-20,59.48198318481445,59.68092034484608,58.47735602855026,58.934908840535506,12928500,62.43046932220459,63.56047798156738,60.50272617340088,61.6730075510243,62.5985483820543,-0.9255408310299984,-0.3894992995257074,-0.536041531504291,40.25881216377468,62.43046932220459,67.10031371589275,57.76062492851642,0.14960145084244134,0.011502099116384779,0.011436452874508072,0.32833055471532135,12221715.0,1.0578302635923027,1
2024-06-21,60.28767776489258,60.43687779106195,59.35267423882375,59.60134474351682,18848700,62.35188961029053,63.455638580322265,60.487159404754635,61.45987989161942,62.42737278078306,-0.967492889163637,-0.5050980174532933,-0.46239487171034366,41.64325617634314,62.35188961029053,67.11417931830015,57.58959990228091,0.15275526492540017,0.01354518691104789,0.013454270929402937,0.3177508492851729,12437540.0,1.5154684929656508,0
2024-06-24,59.17363357543945,60.237943006956556,59.14379053537841,59.68091972354892,10464700,62.247945404052736,63.33010978698731,60.47069742202759,61.108149689130194,62.18635506186872,-1.0782053727385232,-0.6197194885103393,-0.4584858842281839,36.66892633947429,62.247945404052736,67.19830467576689,57.29758613233857,0.15905293707547363,-0.01847880413967229,-0.01865167012403726,0.3223604994693452,12434105.0,0.8416126452205446,0
2024-06-25,59.014488220214844,59.25320978885114,58.656402072849474,59.25320978885114,9248800,62.133059883117674,63.22546943664551,60.45915912628174,60.78604792468168,61.95140196248695,-1.1653540378052654,-0.7288463983693245,-0.43650763943594084,36.59519056053749,62.133059883117674,67.27769265213675,56.9884271140986,0.1656004960546595,-0.0026894639657664143,-0.002693087071577695,0.32224519854784417,12487705.0,0.7406324861133411,0
2024-06-26,57.95016860961914,59.43224638139025,57.72139221695309,59.42230123145281,12599400,61.93859939575195,63.1210277557373,60.445631427764894,60.34975879928744,61.65501430671896,-1.305255507431518,-0.8441282201817633,-0.4611272872497547,33.31223509301239,61.93859939575195,67.41339240798855,56.463806383515355,0.1767812984357566,-0.018034886731952193,-0.018199497462358986,0.3247985844665565,12559695.0,1.0031613028819568,1
2024-06-27,58.05958938598633,58.17895396229673,56.90575837586163,58.169005017065444,11648900,61.80531196594238,63.02036590576172,60.42792608261109,59.99742504339496,61.38868653481284,-1.391261491417879,-0.9535548744289865,-0.43770661698889246,15.149140289000357,61.80531196594238,67.52863190093323,56.081992030951525,0.18520479075147042,0.0018881873684319928,0.0018864069834441844,0.32028452836800125,12735000.0,0.9147153513937967,0
2024-06-28,57.721397399902344,58.44751483167115,57.59209146705246,58.00985610132595,28102000,61.58250331878662,62.916322250366214,60.404153194427494,59.647266944396094,61.11703548778243,-1.469768543386337,-1.0567976082204567,-0.41297093516588035,12.83086446558849,61.58250331878662,67.58495484672989,55.580051790843356,0.1949401600929117,-0.005824911778752773,-0.005841942745490167,0.30535671474652115,13546725.0,2.074449728624446,0
2024-07-01,57.50257110595703,58.05461995138299,56.726716520963,58.049645478660786,12237500,61.32488079071045,62.830978622436525,60.37913696289063,59.31731373848239,60.84929738542499,-1.5319836469425994,-1.1518348159648852,-0.3801488309777141,12.820597130689876,61.32488079071045,67.5708551498901,55.078906431530804,0.20370114963601496,-0.0037910775518695816,-0.0037982819002981678,0.3024694701820711,13445150.0,0.9101795071085113,1
2024-07-02,58.65639877319336,58.95480261440778,58.009853955219846,58.467406764709345,13231600,61.10157489776611,62.764533843994144,60.35193243026733,59.21563451305331,60.68686045118561,-1.4712259381322994,-1.2157130403983682,-0.25551289773393115,24.381668418768484,61.10157489776611,67.39609918106481,54.80705061446741,0.2060347640410438,0.02006567089165845,0.019867008450784828,0.31202346194523073,13654740.0,0.9690114934447671,1
2024-07-03,59.32283401489258,59.69086529333852,58.58179698555379,58.7160773863345,6908300,60.91805591583252,62.693911437988284,60.32920394897461,59.23212674410551,60.58582145590464,-1.353694711799136,-1.243309374678522,-0.11038533712061405,32.20658619347343,60.91805591583252,67.19435986319205,54.641751968472995,0.20605726341730887,0.011361680151489084,0.011297621019827224,0.31643954898122295,13547850.0,0.5099185479614846,1
2024-07-05,59.442195892333984,59.84007021841071,58.517145103865545,59.06421945641296,12243800,60.73055839538574,62.601008071899415,60.31338850021362,59.2644450746022,60.501108451195705,-1.236663376593505,-1.2419801750615187,0.005316798468013806,39.977490463030506,60.73055839538574,66.94455833969897,54.51655845107252,0.20464162057779994,0.0020120730815293975,0.0020100515736469096,0.3161789338361043,13717735.0,0.8925525970577505,0
2024-07-08,58.775760650634766,59.71076038244561,58.31820783258334,59.40241138499872,10320400,60.33616695404053,62.48661972045898,60.29797094345093,59.18926285553029,60.37330491041342,-1.184042054883129,-1.2303925510258409,0.04635049614271192,41.06422451386,60.33616695404053,65.93550924499613,54.736824663084924,0.1856048394728406,-0.011211484227573232,-0.011274806653978148,0.23168421839280065,13130315.0,0.7859978987556658,0
2024-07-09,58.68623733520508,59.38251548619981,58.10931996042323,58.586770654096114,8473600,59.923373794555665,62.38516212463379,60.28872039794922,59.1118743139418,60.248336941879465,-1.136462627937668,-1.2116065664082063,0.07514393847053835,43.134871965017325,59.923373794555665,64.61605471359762,55.230692875513704,0.15662272071431035,-0.001523133251508546,-0.0015242943981633012,0.22917570638455054,12894245.0,0.6571613925437279,0
2024-07-10,58.58677291870117,58.99459239806878,57.8904947407926,58.775761137877595,7697100,59.516052055358884,62.244713134765625,60.29011297225952,59.03108948390478,60.12525812534774,-1.0941686414429626,-1.1881189814151576,0.09395033997219504,48.49732093880046,59.516052055358884,62.9708854826468,56.06121862807097,0.11609753362250577,-0.0016948508035330434,-0.001696288688052322,0.2295068565527145,12680485.0,0.6070035964712707,1
2024-07-11,59.67097473144531,60.60597444360699,59.11395144655987,59.233312223888646,13082000,59.27832317352295,62.105457611083985,60.300606880187985,59.12953336814178,60.09160750357719,-0.9620741354354081,-1.1429100122192077,0.18083587678379964,51.228990715902036,59.27832317352295,61.852932345208465,56.70371400183743,0.08686511472832896,0.01850591453891215,0.018336763775287066,0.22018831999982785,12579150.0,1.0399748790657557,1
2024-07-12,59.949485778808594,60.198156283717665,59.46208991964607,60.06884655872993,8166200,59.1211633682251,61.95327133178711,60.307619380950925,59.255679892859746,60.08107996840914,-0.8254000755493962,-1.0794080248852453,0.25400794933584914,47.638887631238745,59.1211633682251,61.007013817984756,57.23531291846544,0.06379612112887535,0.004667445916825441,0.004656587166442768,0.2125565224719425,12280585.0,0.6649683219488323,1
2024-07-15,60.14842224121094,60.69549658675826,59.501877418211826,59.92959098522772,9443000,59.067947959899904,61.840474395751954,60.315278453826906,59.393024869529164,60.08606828491298,-0.6930434153838192,-1.0021351029849601,0.3090916876011409,57.802552535589115,59.067947959899904,60.75486493176634,57.381030988033466,0.05711784580739638,0.0033184014811460383,0.0033129077372280216,0.18705635580663094,12153465.0,0.7769800628874153,1
2024-07-16,61.48129653930664,61.69017885120746,60.35730480309958,60.47666558212709,9198800,59.12638568878174,61.737624130249024,60.337509593963624,59.71429743411032,60.18941852597918,-0.4751210918688571,-0.8967323007617395,0.4216112088928824,66.62195820984527,59.12638568878174,61.058058533791744,57.19471284377173,0.0653404676273493,0.02215975495999767,0.021917795573264075,0.19628081312670925,12095105.0,0.7605390775855191,0
2024-07-17,60.914329528808594,61.511137232395676,60.332437654238724,60.785019801747424,8322100,59.18159065246582,61.64889854431152,60.3527282333374,59.89891775637159,60.24311563729987,-0.3441978809282844,-0.7862254167950484,0.442027535866764,71.40813646775405,59.18159065246582,61.25356443453787,57.10961687039377,0.0700208885644651,-0.009221780320386896,-0.009264564168490901,0.19687059905367388,11833285.0,0.7032789288857658,0
2024-07-18,59.6809196472168,61.003848520713895,59.621237361581734,60.22799398510081,9102000,59.225356864929196,61.537295227050784,60.36038728713989,59.86537958573239,60.20147148988631,-0.33609190415391765,-0.6961987142668223,0.3601068101129047,60.07417050018393,59.225356864929196,61.300865949775805,57.14984778008259,0.07008852946483937,-0.02024827148443742,-0.0204560776625005,0.20133628445001148,11613370.0,0.7837518308639094,0
2024-07-19,59.014488220214844,59.5118292483532,58.437570806257106,59.49193515189835,9352900,59.20198211669922,61.4061962890625,60.364216823577884,59.73447322180661,60.11354680324398,-0.3790735814373676,-0.6327736877009313,0.25370010626356376,57.71975531880975,59.20198211669922,61.27585143483016,57.12811279856828,0.07006080688457078,-0.011166574358125403,-0.011229388600592846,0.2014570696658628,11434590.0,0.8179479981354819,1
2024-07-22,60.44682693481445,60.46672103058459,59.2034744072621,59.58145463807304,7489500,59.209939575195314,61.34571960449219,60.381474571228026,59.8440661007309,60.138234220397344,-0.29416811966644474,-0.5650525740940341,0.27088445442758935,65.35270774280173,59.209939575195314,61.30248641999681,57.11739273039382,0.07068228273207436,0.0242709673132262,0.023981108129363108,0.21442665074971956,10866630.0,0.6892201170003948,0
2024-07-23,59.39246368408203,60.62587108293914,59.3725695879573,60.39709466912106,7572000,59.22088108062744,61.25142395019531,60.387144260406494,59.77458880586184,60.08299195844806,-0.308403152586223,-0.5137226897924718,0.20531953720624885,53.87841294510143,59.22088108062744,61.31491652032682,57.12684564092807,0.07071949628200935,-0.017442822133069802,-0.017596740629840818,0.2132568921909454,10721995.0,0.7062118570284728,0
2024-07-24,57.76118087768555,59.34272533940116,57.67165934987483,59.23330971714245,11801700,59.15821571350098,61.154740753173826,60.39007856369019,59.46483373998856,59.91100595246565,-0.44617221247708727,-0.5002125943293949,0.05404038185230764,42.530906994395146,59.15821571350098,61.35094358500824,56.96548784199372,0.07413096710443343,-0.02746615824986709,-0.027850405380207298,0.23485854661525113,10849640.0,1.087750376971033,0
2024-07-25,56.91570281982422,58.338098322538656,56.895808725345844,57.85070249384474,12515700,59.10649242401123,61.02085655212402,60.38734317779541,59.07265975227097,59.689131646344066,-0.6164718940730936,-0.5234644542781347,-0.09300743979495885,38.701056050050035,59.10649242401123,61.46196730125936,56.7510175467631,0.07970274603171164,-0.014637478753277255,-0.014745663646000468,0.23187488500238337,10845455.0,1.1540041427491976,1
2024-07-26,57.98001480102539,57.99990889639255,56.66703486207895,57.29368179129608,11323400,59.10251369476318,60.89572555541992,60.38898441314697,58.904560529002424,59.562530398542684,-0.6579698695402598,-0.5503655373305597,-0.10760433220970012,46.563571618725796,59.10251369476318,61.465690560573584,56.73933682895278,0.07996874305600958,0.018699795108749306,0.018527103483745897,0.24192027379224365,10829180.0,1.0456378045244423,1
2024-07-29,58.626556396484375,58.7857053665606,57.76118410884556,58.18889767737744,12346800,59.14777164459228,60.79705307006836,60.39505195617676,58.86179066246118,59.49319899098281,-0.6314083285216299,-0.5665740955687737,-0.06483423295285617,49.7540981287567,59.14777164459228,61.43296244672088,56.862580842463686,0.07727056281544717,0.011151111252347468,0.011089395983330644,0.24395649494548313,10041420.0,1.2295870504370896,1
2024-07-30,63.65964889526367,64.71400940166859,62.097998436854596,62.44116494589207,44232800,59.45562553405762,60.795063705444335,60.42454429626465,59.59992269827695,59.801824909818436,-0.20190221154148702,-0.49363971876331636,0.29173750722182934,64.86013532781998,59.45562553405762,62.37776721179858,56.53348385631666,0.09829655819757835,0.08585004489673742,0.08236313177221198,0.3868209841814772,11641185.0,3.7996819052355923,1
2024-07-31,65.43017578125,66.63373999927056,63.82873727565402,64.65432509432938,25825900,59.79431438446045,60.820925369262696,60.4714186668396,60.49688471104203,60.218739789183736,0.2781449218582921,-0.3392827906389947,0.6174277124972868,66.21847273452298,59.79431438446045,63.72321181707325,55.86541695184765,0.13141374637565392,0.027812388486453843,0.027432648905232043,0.3916707092830794,12270900.0,2.10464595098974,0
2024-08-01,64.96267700195312,66.94209958528039,64.67421832012923,65.43017874184629,19086400,60.07630653381348,60.83166786193848,60.518964443206784,61.183929678874506,60.57014254568517,0.6137871331893336,-0.148668805873329,0.7624559390626626,63.96894849111147,60.07630653381348,64.62363434096477,55.52897872666218,0.15138506574440846,-0.007145002649234011,-0.007170650422621923,0.3936640619852089,12879805.0,1.4818857894199484,0
2024-08-02,61.650390625,63.69943693492911,60.56618708055563,63.659648743805654,23117100,60.18671627044678,60.78949333190918,60.54373203277588,61.25569290135535,60.65016092193072,0.605531979424633,0.0021713511862633955,0.6033606282383696,53.56636652565402,60.18671627044678,64.7762522314794,55.597180309414156,0.15250993061026005,-0.05098752899073944,-0.052333339247531425,0.4408313640640099,13423470.0,1.7221404003584766,0
2024-08-05,60.13847351074219,60.73031052185627,58.33810149816713,60.37719886306718,17445400,60.25485191345215,60.75507736206055,60.56014427185059,61.08381299510718,60.61225815073157,0.47155484437561057,0.09604804982413284,0.37550679455147773,46.83839987986363,60.25485191345215,64.79640100899874,55.71330281790556,0.15074467702849578,-0.024524047600190113,-0.024829770786321696,0.44866011511596166,13779720.0,1.2660199191275294,1
2024-08-06,62.416297912597656,63.241885825826515,59.97932615951844,60.2777300121706,14358900,60.44135494232178,60.778352966308596,60.59470949172974,61.2888106747211,60.74589072568462,0.5429199490364809,0.18542242966660244,0.35749751936987845,53.27264675343588,60.44135494232178,65.01789818864734,55.86481169599622,0.15143748020516357,0.0378763255680008,0.03717663079350993,0.4665573823792306,14073985.0,1.0202440886500874,0
2024-08-07,62.40635299682617,64.66428168793708,62.306882515960204,63.00813517702457,13464400,60.63233394622803,60.8002360534668,60.634148654937746,61.46074026273727,60.86888793095436,0.5918523317829099,0.26670841008986396,0.3251439216930459,56.27290916197904,60.63233394622803,65.20179404745336,56.06287384500269,0.15072684173028122,-0.00015933203512663585,-0.0001593447298238105,0.4663629032735591,14362350.0,0.9374788944706124,1
2024-08-08,63.93815994262695,64.33106359586664,62.76443483874631,63.21204251300771,9761200,60.84569320678711,60.842211685180665,60.68830909729004,61.841881751951064,61.096241413300476,0.7456403386505883,0.36249479580200883,0.3831455428485795,60.89828015172182,60.84569320678711,65.62004722044169,56.07133919313253,0.15693317840684964,0.024545689216588062,0.024249284302309337,0.4694119878631252,14196310.0,0.6875871265138617,1
2024-08-09,64.37582397460938,65.15167476523581,64.12715346023825,64.45540036052539,8605300,61.06701011657715,60.9152214050293,60.744359436035154,62.23171901697542,61.33917345487891,0.8925455620965081,0.46850494906090867,0.4240406130355995,59.097200275787564,61.06701011657715,66.07127522734135,56.06274500581296,0.16389422377847004,0.006845114597841873,0.006821793165676483,0.46952483153344704,14218265.0,0.6052285563674612,0
2024-08-12,63.12251663208008,64.78363369346665,62.9484480469663,64.60459063608945,7519500,61.215714836120604,60.93412033081054,60.79021425247193,62.3687648039146,61.471272949486405,0.8974918544281962,0.5543023301343661,0.3431895242938301,58.5577253125355,61.215714836120604,66.28142454682977,56.15000512541144,0.16550357124050505,-0.01946860273234896,-0.01966061216780138,0.47685836034943396,14122090.0,0.5324636792429449,1
2024-08-13,64.76374816894531,65.29092843542459,63.381140741786616,63.65965049850611,8638600,61.37983741760254,60.97629486083984,60.85795209884643,62.73722378315009,61.715160002779655,1.0220637803704378,0.6478546201815805,0.3742091601888573,66.05840571806581,61.37983741760254,66.68863851334605,56.07103632185903,0.17298192107042135,0.026000730395960403,0.025668458635225377,0.47911220254721903,14094080.0,0.6129240078103715,1
2024-08-14,65.78826904296875,66.03693955117133,64.31614388414961,64.7140106262164,8944800,61.62353439331055,61.02960990905762,60.929519481658936,63.20661536158374,62.016871783534405,1.189743578049331,0.7562324117551306,0.4335111662942005,70.18099897719318,61.62353439331055,67.2785426176782,55.96852616894291,0.1835340436098555,0.015819357325502992,0.015695535440398842,0.4788650319905564,14125215.0,0.6332505381334018,1
2024-08-15,67.57869720458984,67.75774026733772,66.6934308356757,66.80284646228948,12968300,62.0184232711792,61.12131958007812,61.01680282592773,63.87924333743083,62.42885885176073,1.4503844856700994,0.8950628265381244,0.555321659131975,71.13447331150539,62.0184232711792,68.18236387890103,55.854482663457375,0.19877772708827615,0.02721500637829055,0.02685126285998241,0.47624907587829624,14318530.0,0.9057005153461982,1
2024-08-16,67.59858703613281,68.18545335560724,67.01172830547972,67.01172830547972,9526800,62.4476282119751,61.20944839477539,61.10090318679809,64.45145006030806,62.81180168023273,1.6396483800753288,1.0439799372455654,0.5956684428297634,70.31531369673885,62.4476282119751,68.9186574533498,55.97659897060041,0.20724659772214668,0.00029432102668014437,0.0002942777227434024,0.47228207109519865,14327225.0,0.6649438394385514,1
2024-08-19,69.0607681274414,69.09060737174534,67.80746674492929,67.8572038779832,9578100,62.87832527160644,61.25739196777344,61.1885844039917,65.16057591679012,63.27468808372967,1.8858878330604512,1.2123615164085426,0.6735263166519085,64.5889227427613,62.87832527160644,69.9109254046754,55.84572513853749,0.22368916801429567,0.021630349914370628,0.021399733511798042,0.4711097410575564,14431655.0,0.6636868744437142,1
2024-08-20,71.50768280029297,72.17411786704048,69.06076618164,69.62773457390324,23546000,63.484086227416995,61.34870361328125,61.28919645309448,66.13705389886749,63.88453954421584,2.2525143546516517,1.4203920840571644,0.8321222705944873,65.83722111086061,63.484086227416995,71.29633855631316,55.67183389852084,0.24611687095599302,0.03543132720933739,0.034818081169869744,0.47196776695295645,15230355.0,1.5459915412345937,0
2024-08-21,71.07997131347656,72.38300224096787,70.4931126049738,71.68175723296086,10455500,64.15002574920655,61.435638885498044,61.37076034545898,66.89750273188427,64.41753449008701,2.479968241797266,1.632307315605185,0.8476609261920811,65.97402576703837,64.15002574920655,72.17596955406637,56.12408194434672,0.25022418030624394,-0.00598133613154439,-0.005999295974218466,0.45537445633170476,15163045.0,0.6895382820535058,1
2024-08-22,71.1396484375,72.86045151893977,70.54284079606467,71.35847967675116,11811100,64.86122303009033,61.56992080688477,61.44745029449463,67.55014053274823,64.91546885656204,2.634671676186187,1.8327801877213856,0.8018914884648014,79.84978343009861,64.86122303009033,72.70681571758111,57.01563034259954,0.24191935708184428,0.000839577210298037,0.0008392249624977067,0.44714119202452784,15127815.0,0.7807538630000433,1
2024-08-23,71.31869506835938,71.68673013364659,70.46326795679978,71.61710269846482,8222200,65.52815704345703,61.73444107055664,61.532396125793454,68.12991815361148,65.38978190928778,2.7401362443237076,2.01425139904185,0.7258848452818576,88.38795194609916,65.52815704345703,73.17606960083418,57.880244486079874,0.23342370371579974,0.0025168332258020953,0.002513671305298666,0.4474168197360083,14972755.0,0.5491440953919302,1
2024-08-26,71.65689086914062,72.64162390610988,71.28885580395233,71.68673011437889,9063000,66.17967376708984,61.94332427978516,61.61898319244385,68.67252934061597,65.8540122026102,2.8185171380057596,2.175104546834632,0.6434125911711277,86.60359670442121,66.17967376708984,73.56771526809086,58.79163226608882,0.22327222485267026,0.004742035737713479,0.004730827704872874,0.44792405468491225,14808565.0,0.6120106843573297,0
2024-08-27,71.20928192138672,71.96524237882633,70.92083081475339,71.36843468666729,9396900,66.557155418396,62.16125907897949,61.7010941696167,69.06279896842685,66.25069884844551,2.812100119981338,2.302503661463973,0.5095964585173647,83.70139579144941,66.557155418396,74.17108422907798,58.94322660771401,0.22879369657007725,-0.006246558318743212,-0.006266149692541843,0.35117529685219984,13066770.0,0.7191448230894092,0
2024-08-28,70.05545806884766,71.20928531686361,69.65261304715196,70.8909873599466,9277700,66.78841953277588,62.366163635253905,61.78141477584839,69.21551575310697,66.5325328647716,2.682982888335374,2.3785995068382535,0.30438338149712063,74.11765095141828,66.78841953277588,74.53798601581902,59.038853049732744,0.23206317913362506,-0.01620327886205697,-0.016335987480748163,0.34942190626932446,12239360.0,0.758021661263334,1
2024-08-29,72.77093505859375,73.53683682052792,70.87108889266163,71.02029270283144,13181600,67.17883243560792,62.645470428466794,61.87287576675415,69.76250333856648,66.99463673098064,2.7678666075858303,2.456452926987769,0.3114136805980614,78.05849944845039,67.17883243560792,75.31806387146483,59.039600999751,0.24231535859628134,0.03876181905880105,0.03802944527807398,0.3681051159890933,11944120.0,1.103605790966601,0
2024-08-30,72.04481506347656,73.29811646485489,71.37837996792011,73.11907340751513,9635000,67.69855365753173,62.896727066040036,61.962596073150635,70.11362821932187,67.36872401486923,2.744904204452638,2.5141431824807428,0.23076102197189519,80.90973942236761,67.69855365753173,75.67728307559511,59.71982423946835,0.2357134380868923,-0.009978159474418269,-0.0100282749598935,0.3078250935034299,11270015.0,0.8549234406520311,0
2024-09-03,71.61710357666016,72.5600601643479,71.02029589795225,71.37340375612499,8571300,68.27248516082764,63.12331558227539,62.03878870010376,70.34493212045084,67.68341879722412,2.661513323226714,2.5436172106299373,0.11789611259677679,75.92176517200801,68.27248516082764,75.58502463023075,60.95994569142454,0.21421629671681514,-0.0059367421019758115,-0.005954434614042288,0.28822633684534316,10826310.0,0.7917101948863463,1
2024-09-04,72.22386169433594,72.85050863162,71.2092817896038,71.22420900154007,8369000,68.76286334991455,63.38432014465332,62.110206871032716,70.63399820874085,68.01974790071388,2.6142503080269677,2.557743830109344,0.056506477917623865,75.13600139219655,68.76286334991455,75.72905072581274,61.79667597401636,0.20261481376798562,0.008472251562453792,0.008436563469842562,0.2671864605935567,10526815.0,0.7950172963047227,0
2024-09-05,71.64694213867188,74.00434117422013,70.63734053137836,73.26827863046405,11473800,69.22489280700684,63.63696922302246,62.185852432250975,70.78983573642255,68.28842895537744,2.5014067810451053,2.5464764202964965,-0.04506963925139118,67.5536436040812,69.22489280700684,75.61814835440347,62.831637259610204,0.18470972761837254,-0.007987935595381024,-0.008020010073012498,0.2715556362688443,10427285.0,1.100363133835893,0
2024-09-06,68.52364349365234,71.6668423076961,68.18545525075528,71.55742667880081,12315800,69.4541669845581,63.84843872070312,62.24727405548096,70.44119077599636,68.30585225450892,2.1353385214874407,2.464248840534686,-0.3289103190472451,53.14828287989897,69.4541669845581,75.35940153310356,63.548932436012635,0.1700469476470257,-0.04359290922666903,-0.04457162940063832,0.3172505685302648,10555015.0,1.16681975345369,1
2024-09-09,68.98119354248047,70.27428314727094,67.8870448862538,70.01765197971105,11869300,69.68443546295165,64.06687080383301,62.30874538421631,70.21657581699391,68.35587753509941,1.8606982818945,2.343538728806649,-0.482840446912149,49.709302001496134,69.68443546295165,75.09426455463333,64.27460637126998,0.15526649690827604,0.006677258030952649,0.006655063886121547,0.3172287663324065,10718215.0,1.1073952145949675,0
2024-09-10,68.48384857177734,69.36911487214724,66.7928923458355,68.97124058697834,12317500,69.95250205993652,64.2821198272705,62.375637702941894,69.9500023946529,68.36535687114963,1.5846455235032693,2.191760087745973,-0.6071145642427038,37.118635694710946,69.95250205993652,74.44718025666415,65.45782386320889,0.12850657415731936,-0.0072098632273859264,-0.007235979898730571,0.30823659906870265,10958115.0,1.1240528138279258,1
2024-09-11,68.98119354248047,69.3293307164406,67.39965284270963,68.79220912737138,12344900,70.16337432861329,64.51169227600097,62.440341758728025,69.80095487893406,68.41097440235933,1.3899804765747348,2.0314041655117254,-0.6414236889369906,41.112053819227924,70.16337432861329,73.97722880817453,66.34951984905204,0.10871354224495777,0.007262222860940248,0.007235979898730718,0.2977064454230239,11143430.0,1.107818687782846,1
2024-09-12,69.98582458496094,70.00571488544124,68.67284467744544,68.7723113574894,8369100,70.3732521057129,64.73828079223632,62.5129535484314,69.82939637216897,68.52762997144093,1.3017664007280416,1.8854766125549887,-0.583710211826947,45.47585030106353,70.3732521057129,73.58835012281978,67.15815408860601,0.09137272815748929,0.014563839662498523,0.014458805521737911,0.29704026095274294,11114645.0,0.7529795148652971,0
2024-09-13,69.72720336914062,70.24444223430396,69.4884818253535,69.66752488039911,7572600,70.48067741394043,64.94636817932128,62.58113897323609,69.81367437170307,68.61648726015943,1.1971871115436414,1.7478187123527194,-0.5506316008090779,43.79845145608554,70.48067741394043,73.43567676101677,67.52567806686409,0.0838527510092253,-0.0036953371251110534,-0.003702181750680679,0.2839592252783446,10844860.0,0.6982662754521497,1
2024-09-16,70.69204711914062,70.86114123228053,69.6973651517466,70.08529051192457,6495000,70.63535041809082,65.17136520385742,62.64380392074585,69.94880864053962,68.77023243489877,1.1785762056408515,1.6339702110103458,-0.45539400536949426,46.41536666640211,70.63535041809082,73.2606066106204,68.01009422556125,0.07433264440512231,0.013837407831948312,0.013742545006216883,0.28711047377280846,10693270.0,0.6073913779414529,1
2024-09-17,71.3883285522461,71.78620289649133,70.74179128027224,71.54748132547296,6187200,70.75172843933106,65.42361656188965,62.71243698120117,70.17027324234061,68.96416548062821,1.2061077617124027,1.5483977211507574,-0.3422899594383546,50.653134198093255,70.75172843933106,73.28793562275342,68.2155212559087,0.07169315123084623,0.009849501626851831,0.009801311460084132,0.2795891747363441,10523725.0,0.5879287039522603,1
2024-09-18,72.73114776611328,73.47715923733324,70.98050538878053,71.07002312269279,13498200,70.81290168762207,65.70451477050781,62.78957456588745,70.56425393830564,69.24320120547895,1.3210527328266863,1.5029287234859432,-0.18187599065925686,59.6277466041486,70.81290168762207,73.4814490242103,68.14435435103384,0.07536895884764143,0.018810066590709384,0.018635344905434788,0.25850661733623836,10021335.0,1.3469462900900928,1
2024-09-19,77.15747833251953,77.8288916823363,74.41215403367053,74.6011460320411,21662400,71.11677703857421,66.07592887878418,62.87869804382324,71.57859615280009,69.82944395563011,1.7491521971699768,1.55217341822275,0.19697877894722682,64.05351036500561,71.11677703857421,75.01444058311927,67.21911349402916,0.1096130535395589,0.060858802622506536,0.05907877124959618,0.33284182526470435,10581680.0,2.047160753301933,0
2024-09-20,76.35179138183594,77.1574813621956,75.0606900354929,76.89886192092631,27274600,71.37738418579102,66.409545211792,62.96279842376709,72.31293388034406,70.31258080201573,2.000353078328331,1.6418093502438662,0.3585437280844648,63.72860301534912,71.37738418579102,75.9243899241092,66.83037844747282,0.12740746358769914,-0.010442110967019747,-0.010497012332951654,0.33679078971270876,11354855.0,2.402020985736938,1
2024-09-23,77.25695037841797,78.3809459135913,76.93865243678073,77.11769550325302,12839800,71.67429695129394,66.75569450378418,63.06102327346802,73.07355180312466,70.82697854841591,2.24657325470875,1.762762131136843,0.4838111235719067,67.4461458873196,71.67429695129394,76.92606760047353,66.42252630211435,0.1465454388132587,0.011855111454495137,0.011785390115888772,0.33796538131785947,11585735.0,1.1082421615892302,1
2024-09-24,77.92337799072266,78.41077759560221,77.25694292546383,77.46582521806044,14724800,71.98762130737305,67.11119361877441,63.15457305908203,73.81967890890897,71.35263776636455,2.467041142544417,1.903617933418358,0.5634232091260591,67.56587966130789,71.98762130737305,77.9364817704486,66.0387608442975,0.1652745390120637,0.008626118543903383,0.008589126164878521,0.3383260005590339,11868825.0,1.2406282846027303,0
2024-09-25,76.94860076904297,78.83849810257357,76.92870287913698,77.813976848238,13822400,72.27458724975585,67.42053970336914,63.24847105026245,74.30105150277574,71.76715354434073,2.5338979584350056,2.0296739384216878,0.5042240200133179,65.94856334198276,72.27458724975585,78.60672723592356,65.94244726358815,0.17522452156761625,-0.012509432301507029,-0.012588333950206509,0.3416573741662591,12090100.0,1.1432825204092605,1
2024-09-26,79.65413665771484,80.00227384115858,78.05269802505218,78.52517045892736,13316700,72.75452117919922,67.79533584594726,63.3536089515686,75.12460306507406,72.35137451570178,2.773228549372277,2.1783848606118057,0.5948436887604713,84.34626326510049,72.75452117919922,79.7939958670068,65.71504649139163,0.19351305111249073,0.03516030001367265,0.034556293965044546,0.3497242994621421,12292050.0,1.0833587562692961,0
2024-09-27,77.46583557128906,80.20121121759078,77.31663933436641,79.97243859509486,11575300,72.98926620483398,68.15103416442871,63.44730798721314,75.48479268141483,72.7302234827823,2.754569198632524,2.2936217282159497,0.46094747041657413,73.6550473718221,72.98926620483398,80.33739991384036,65.6411324958276,0.20134833766885354,-0.027472535366609097,-0.02785696262004452,0.3481346900968075,12211735.0,0.9478833269801548,1
2024-09-30,77.61503601074219,78.17703377470394,76.82923631233898,77.45589083536082,6846900,73.26777725219726,68.52304512023926,63.54249904632568,75.81252242438826,73.09206144781638,2.7204609765718857,2.378989577887137,0.34147139868474863,75.9615830964236,73.26777725219726,80.88259615725055,65.65295834714398,0.20786269737219082,0.0019260160089000777,0.00192416361817491,0.3446335462925055,12072330.0,0.5671564644107642,0
2024-10-01,77.05801391601562,78.5898250701333,75.9837555603246,77.79407645358708,10608700,73.53982276916504,68.85526885986329,63.62078052520752,76.00413650002325,73.38583570472004,2.618300795303213,2.4268518213703523,0.19144897393286087,72.88616766593928,73.53982276916504,81.29382972194952,65.78581581638056,0.21087913081116927,-0.007176729192646003,-0.007202605794167707,0.34513321737760577,12174200.0,0.8714083882308489,0
2024-10-02,77.02818298339844,77.35642230348591,75.77488143317613,77.05802223169529,8073300,73.78003883361816,69.2079832458496,63.69821657180786,76.1616821128502,73.65563920684436,2.5060429060058453,2.4426900382974512,0.0633528677083941,71.12178959122778,73.78003883361816,81.6590554893951,65.90102217784123,0.21358125531879857,-0.00038712304017718413,-0.00038719799164555315,0.345006051210772,12159415.0,0.6639546392651291,0
2024-10-03,76.89886474609375,76.98839007432348,75.63562191635314,76.12301398260344,9121300,74.04263496398926,69.59073692321778,63.77803979873657,76.2750948256569,73.89587813567763,2.379216689979259,2.429995368633813,-0.0507786786545541,71.67773917824192,74.04263496398926,81.97222817653535,66.11304175144316,0.21418992493723824,-0.0016788431492997802,-0.0016802539857295848,0.34295319162400173,12041790.0,0.7574704425172669,1
2024-10-04,78.9379653930664,79.1070595144611,77.57027762113223,77.74435000945248,10070400,74.56335105895997,70.03118217468261,63.86701410293579,76.68476722064297,74.26936608066939,2.415401139973582,2.4270765229017672,-0.01167538292818504,73.4049045080052,74.56335105895997,82.33312675960575,66.79357535831419,0.20840736341106597,0.026516654747835267,0.02617118213610774,0.302456727352239,11929520.0,0.8441580214459593,1
2024-10-07,79.83317565917969,80.0619482585913,78.19691959703098,78.86833295072111,9206600,75.10595016479492,70.4682453918457,63.95280542373657,77.16913774964861,74.681500123522,2.487637626126613,2.4391887435467368,0.04844888257987634,73.70187977701175,75.10595016479492,82.74900014249057,67.46290018709927,0.2035271496046727,0.011340680769457823,0.01127685733018338,0.3027886122560268,11796385.0,0.7804594373615307,1
2024-10-08,80.7283935546875,80.9671151062455,79.15181593011515,79.56460986459705,8618500,75.71817741394042,70.91028213500977,64.04938905715943,77.71671556580844,75.12941815546019,2.587297410348256,2.468810476907041,0.1184869334412153,73.02410049803566,75.71817741394042,83.08439057574971,68.35196425213114,0.19456921477492128,0.01121360747729283,0.011151201081477841,0.2979396419540106,11611435.0,0.7422424532368308,1
2024-10-09,81.21578979492188,81.5639269899194,80.42004113022325,80.44988037710566,6926000,76.3299072265625,71.26140495300292,64.14681818008422,78.25503467797974,75.58026049912402,2.6747741788557136,2.5100032172967754,0.1647709615589381,65.11116956874741,76.3299072265625,83.36504805220507,69.29476640091993,0.18433510746347065,0.006037482213791412,0.006019329645281253,0.29803462615319176,11340490.0,0.6107319877712515,0
2024-10-10,78.55998992919922,79.649160375508,78.11237846319982,79.51488376564765,11326100,76.75861549377441,71.52400123596192,64.23206245422364,78.30195087047504,75.80098119764811,2.500969672826926,2.508196508402806,-0.007226835575879775,57.22658581004186,76.75861549377441,83.1845956451611,70.33263534238773,0.16743345642829807,-0.032700536095614186,-0.03324714801235045,0.33044830445096496,11488340.0,0.9858778552863164,1
2024-10-11,80.08184814453125,80.2966952626718,78.73902899248377,79.11700541201068,7744800,77.27634773254394,71.82638465881348,64.32133514404296,78.57578122032984,76.11808245297279,2.4576987673570585,2.498096960193657,-0.0403981928365984,58.88612256280513,77.27634773254394,82.94036127450961,71.61233419057827,0.1465911293211997,0.019371924776258043,0.019186677614840254,0.3316157331535388,11496950.0,0.6736395304841719,1
2024-10-14,80.24099731445312,80.54935390328977,79.39551910908116,79.91275042415361,5865400,77.75379524230956,72.19819679260254,64.4108067893982,78.83196831173342,76.42348355382319,2.40848475791023,2.4801745197369716,-0.07168976182674136,57.530743978751545,77.75379524230956,82.63689164458691,72.87069884003222,0.12560406568090504,0.001987331381696489,0.001985359251105234,0.3311144818985822,11465470.0,0.5115708296301853,0
2024-10-15,79.12696075439453,80.62892519811706,78.23174538437398,79.72376847146761,7291600,78.14072685241699,72.57796653747559,64.4927188873291,78.87735176445051,76.62374112423589,2.2536106402146174,2.434861743832501,-0.18125110361788366,57.01475860279724,78.14072685241699,82.0241353030724,74.25731840176158,0.099395247704566,-0.013883633022316988,-0.013980912096082073,0.3386185926594751,11520690.0,0.6329134800085758,1
2024-10-16,80.39019775390625,80.42003699925588,79.02748070197613,79.38556682381439,5434800,78.52367935180663,72.93744453430176,64.58925275802612,79.11009730128985,76.90273791161887,2.2073593896709838,2.3893612730001976,-0.18200188332921385,52.61298505449576,78.52367935180663,81.58438487021085,75.46297383340242,0.07795624310194274,0.015964684950212193,0.01583858964491387,0.33726894527902607,11117520.0,0.48885003130194504,0
2024-10-17,79.39551544189453,80.46977380298968,78.80367844882393,80.32056998803402,8654000,78.6355812072754,73.27722778320313,64.68056455612182,79.15400778445981,77.08738809904669,2.066619685413116,2.3248129554827814,-0.25819327006966564,57.48456639424451,78.6355812072754,81.64926104296099,75.6219013715898,0.07664926714897267,-0.012373179066640483,-0.012450364191176575,0.2706673694591178,10467100.0,0.8267810568352265,1
2024-10-18,80.50955963134766,80.53939887569928,78.52019572714887,79.0772151919018,8844300,78.84346961975098,73.60865577697754,64.79152132034302,79.36255422244255,77.34088228662455,2.0216719358180057,2.264184751549826,-0.24251281573182037,60.445091488948144,78.84346961975098,81.76606801477593,75.92087122472603,0.0741367270902754,0.014031575754029024,0.013934044481030815,0.2702041826722222,9545585.0,0.9265330516673415,0
2024-10-21,80.13157653808594,80.92732514428478,79.61434525623147,79.88788431391364,7450300,78.98720092773438,73.92377082824707,64.90148338317871,79.48086534792614,77.54760037932539,1.9332649686007528,2.1980007949600116,-0.26473582635925874,61.23635682066924,78.98720092773438,81.86365758939341,76.11074426607534,0.07283348765050462,-0.004694884619820261,-0.004705940207327622,0.2692264434121258,9276110.0,0.8031707256597863,1
2024-10-22,80.47972869873047,80.98701108274079,79.61435257905465,79.62430152447304,7571300,79.11501846313476,74.27091506958008,65.00488061904908,79.63453663266526,77.76479506965168,1.8697415630135765,2.1323489485707245,-0.262607385557148,62.33118928115649,79.11501846313476,82.0194864317789,76.21055049449062,0.07342393454657505,0.0043447561583798144,0.004335344955084026,0.2682486507788407,8918435.0,0.8489493952694616,0
2024-10-23,80.400146484375,81.80264413381965,79.6640763532127,80.80796215110212,7632100,79.28759574890137,74.58364303588867,65.09982301712036,79.75232276369753,77.96000628555711,1.792316478140421,2.064342454484664,-0.27202597634424297,62.55349157319661,79.28759574890137,82.05709949976139,76.51809199804134,0.06985969809529506,-0.000988847945218363,-0.0009893371778921512,0.26319521100636184,8608920.0,0.8865339670945949,1
2024-10-24,80.95716094970703,82.04136818987254,80.48965923258746,80.80298646615074,7398800,79.35274696350098,74.88702087402343,65.20098213195801,79.93768248462207,78.18201774216081,1.7556647424612635,2.002606912079984,-0.24694216961872062,58.10052411915294,79.35274696350098,82.21820070658245,76.4872932204195,0.07222065656780517,0.006928027991096819,0.006904139475246591,0.2339355538703619,8313025.0,0.8900249909028302,1
2024-10-25,81.26551818847656,82.35967448409204,80.96711813507181,81.57387477579618,7201000,79.54273109436035,75.16075729370117,65.30413064956664,80.14196490059969,78.41042518262864,1.7315397179710459,1.9483934732581965,-0.21685375528715056,56.03014881690369,79.54273109436035,82.38518367648513,76.70027851223557,0.07146982616809623,0.0038088939280009892,0.0038016584584610992,0.20856554737734093,8094310.0,0.8896372884161837,1
2024-10-28,83.14546203613281,83.25487765968383,81.44455678205046,81.5937605949674,15243500,79.81925239562989,75.47169479370118,65.4147392654419,80.6040413829894,78.76116865325858,1.8428727297308143,1.92728932455272,-0.08441659482190578,59.39671884528411,79.81925239562989,82.9349910692206,76.70351372203918,0.07806985357736324,0.023133352122312933,0.022869832454903094,0.2210320064346724,8514140.0,1.7903746003706775,0
2024-10-29,79.85307312011719,80.8179159150997,76.40152522005468,77.62498747083559,35206400,79.95900535583496,75.68754089355468,65.51062662124633,80.48850780408597,78.84205046561847,1.6464573384674992,1.871122927335676,-0.22466558886817678,45.650782797734884,79.95900535583496,82.79108729943083,77.1269234122391,0.07083834850102215,-0.03959793878570117,-0.0404032684333657,0.2670501650370569,9744025.0,3.6131270188654074,0
2024-10-30,77.80403137207031,79.28610550564062,77.57525116088046,78.60972140628944,14910500,79.99779777526855,75.81346786499023,65.60895095825195,80.07551142992972,78.76516016239268,1.310351267537044,1.7589685953759497,-0.44861732783890584,47.4900892913685,79.99779777526855,82.67803204225721,77.31756350827989,0.06700770124992769,-0.025660148920814252,-0.025995113119856975,0.28444605836930825,10085885.0,1.478353163852255,1
2024-10-31,78.87828063964844,79.39551190780736,77.88359870264819,78.07258311028,13919300,80.09676856994629,75.96943405151367,65.70548482894897,79.89132207757875,78.7735394570042,1.1177826205745447,1.6307314004156688,-0.5129487798411241,45.88153963594517,80.09676856994629,82.41722192999973,77.77631520989286,0.0579412478551378,0.013807115757805688,0.01371266592850631,0.2880494743050831,10325785.0,1.3480137345489955,0
2024-11-01,76.83918762207031,77.89255402084217,76.05338789948374,77.45091495205554,16473600,79.99182968139648,76.08342483520508,65.78088172912598,79.42176293057746,78.63025413589799,0.7915087946794728,1.4628868792684298,-0.671378084588957,39.68636398542941,79.99182968139648,82.69173839152906,77.2919209712639,0.0675046119306479,-0.02585113419109153,-0.02619114737885327,0.2875363616013213,10645945.0,1.5474060780888874,1
2024-11-04,77.7145004272461,78.02285700168986,76.59051252092762,76.8491319608033,10257000,79.88589591979981,76.21134094238282,65.84210441589356,79.15910716083418,78.5624205278497,0.5966866329844862,1.2896468300116413,-0.6929601970271551,45.6547924165526,79.88589591979981,82.77186111091676,76.99993072868286,0.07225218313916819,0.011391489580563574,0.01132709513414103,0.2875657819766232,10698465.0,0.9587356690889768,1
2024-11-05,78.82854461669922,78.98769737149321,77.32458447470853,77.32458447470853,6573900,79.7909034729004,76.35477401733398,65.91924198150635,79.10825138481341,78.58213342332003,0.5261179614933837,1.1369410563079898,-0.6108230948146061,45.15131688972123,79.7909034729004,82.6851625768809,76.8966443689199,0.07254609179763173,0.014335087832110016,0.01423331195154783,0.28955758495633993,10596235.0,0.6203996041990386,1
2024-11-06,80.97706604003906,81.25557578850142,79.56959008586828,80.91240928099549,11546500,79.77896728515626,76.55012969970703,66.00194980621337,79.39576133177121,78.7595358393733,0.6362254923979123,1.0367979435259744,-0.40057245112806217,54.58215167517313,79.77896728515626,82.6503625454166,76.90757202489591,0.07198376609707248,0.027255627181586917,0.02689080667495656,0.305768432835672,10827260.0,1.0664286255248328,0
2024-11-07,80.9173812866211,82.29998869547228,80.6985500267186,81.2605477997571,7994300,79.89683685302734,76.7673681640625,66.09311241149902,79.62985670944043,78.91937624287314,0.7104804665672901,0.9715344481342376,-0.2610539815669475,51.25844709126248,79.89683685302734,82.7510319911893,77.04264171486538,0.07144701218678617,-0.0007370574946301556,-0.0007373292550489249,0.2803846401748372,10660670.0,0.7498872022114933,1
2024-11-08,82.56855773925781,82.62823623285468,80.91738192074239,81.02679755155108,8144200,80.02117233276367,76.96332061767578,66.20401948928833,80.08196456018158,79.18968598334608,0.8922785768354942,0.9556832738744889,-0.06340469703899476,56.97214112092088,80.02117233276367,83.11582711488384,76.9265175506435,0.07734589963894108,0.020405707975002407,0.02020030113012694,0.28127491238832836,10680640.0,0.7625198489978129,1
2024-11-11,86.4776611328125,87.00484141288817,82.93658782210734,83.62292087516836,15459400,80.33300552368163,77.2519775390625,66.32915054321289,81.06591787904786,79.72953599441767,1.3363818846301854,1.0318229960256282,0.30455888860455715,64.25532624774745,80.33300552368163,84.5677824673083,76.09822858005496,0.10543056159845249,0.04734372866120773,0.046257176635993075,0.3246624134828859,11160340.0,1.385208694358774,0
2024-11-12,85.9405288696289,87.45244221544131,85.21938591598003,86.41797199406582,10036900,80.67368392944336,77.53844604492187,66.44174858093261,81.81585803144495,80.18960954072962,1.6262484907153265,1.150708094963568,0.47554039575175855,62.88756907518667,80.67368392944336,85.54793169192054,75.79943616696617,0.12083860622356518,-0.006211225606097992,-0.006230595516773226,0.32018471696870016,11297605.0,0.888409534587198,1
2024-11-13,86.84568786621094,87.43255422533878,85.62223318727862,86.33840548168868,9256600,80.9964584350586,77.83088256835937,66.55927028656006,82.58967800602433,80.68265237965416,1.9070256263701708,1.3019716012448885,0.6050540251252823,63.47907970323779,80.9964584350586,86.59310186505198,75.39981500506522,0.13819476895969862,0.010532388018639649,0.010477308826020394,0.31814114696698403,11488695.0,0.8057137908178431,0
2024-11-14,85.33377075195312,87.00781924314066,85.02044348963342,86.59701356858262,8468300,81.29337120056152,78.104619140625,66.68082044601441,83.01184612078261,81.02717966649112,1.9846664542914851,1.438510571854208,0.5461558824372772,58.826080364514404,81.29337120056152,87.15614582395528,75.43059657716776,0.14423745840062455,-0.017409236444611675,-0.017562559296462846,0.322069321102912,11479410.0,0.737694707306386,1
2024-11-15,85.3735580444336,85.74158552829105,84.64843097957159,84.89610734443994,8083200,81.53657112121581,78.44161743164062,66.79923734664916,83.37518641672891,81.34913362041279,2.0260527963161223,1.5560190167465908,0.4700337795695315,55.25330507020273,81.53657112121581,87.66017927549736,75.41296296693427,0.15020519185625109,0.0004662549437328689,0.00046614628067173885,0.31995089238636576,11441355.0,0.7064897470623016,0
2024-11-18,84.2197265625,86.37818476944408,84.12523055442455,85.59736331370274,10148100,81.74097862243653,78.74638809204102,66.90989574432373,83.50511566992446,81.56177013464146,1.943345535283001,1.633484320453873,0.309861214829128,61.45018101155209,81.74097862243653,87.93958465828693,75.54237258658613,0.15166459076742667,-0.013515091889845676,-0.013607252054984377,0.32431403952482246,11576245.0,0.8766314119993142,0
2024-11-19,83.64280700683594,83.78704014876499,82.06126624546673,82.54865830799402,12442700,81.8991325378418,79.0495672607422,67.02204612731934,83.52629895252623,81.71592101406328,1.810377938462949,1.6688630440556882,0.14151489440726084,66.59126561894331,81.8991325378418,88.12359787283427,75.67466720284932,0.1520032054580416,-0.006850171322224874,-0.006873741447063569,0.32598625923042956,11819815.0,1.0526983713366072,1
2024-11-20,84.28935241699219,85.14477956299338,83.79201140600645,84.06057980167884,6076300,82.09359283447266,79.35573043823243,67.12663694381713,83.6436917932133,81.90654556242839,1.7371462307849157,1.682519681401534,0.05462654938338174,65.75896979656699,82.09359283447266,88.36371827767121,75.82346739127411,0.15275553734969696,0.007729838742779327,0.007700116605911096,0.3263490132448103,11742025.0,0.5174831428139525,1
2024-11-21,84.36892700195312,85.03536212115343,83.76217037437631,84.70712282840285,7250100,82.26418113708496,79.64339248657227,67.23396310806274,83.75526644071175,82.08894418757838,1.666322253133373,1.679280195747902,-0.012957942614528983,74.75469490869031,82.26418113708496,88.58952544415378,75.93883683001614,0.15378125010515256,0.0009440644954450406,0.0009436191468290982,0.32597905809780076,11734590.0,0.6178400779234724,1
2024-11-22,86.30855560302734,86.33840243826052,84.12025819286461,84.2296738222549,6786000,82.5163330078125,79.97501953125,67.38634838104248,84.14808015799106,82.40150799613015,1.746572161860911,1.6927385889705038,0.05383357289040713,76.40583083052579,82.5163330078125,89.07193220049487,75.96073381513014,0.15889215998150796,0.022989845550949406,0.02272956077257036,0.33419004118718626,11713840.0,0.5793147251456396,1
2024-11-25,87.30323791503906,88.26808069261496,86.50749684906238,87.52206917454967,12998300,82.7242218017578,80.30724334716797,67.5298810005188,84.63348904369076,82.76459910123452,1.868889942456235,1.7279688596676501,0.14092108278858495,76.23148992605181,82.7242218017578,89.61876173030858,75.82968187320704,0.16668733240121622,0.011524724345830961,0.01145882057540529,0.3274912824108767,11601580.0,1.1203904985355444,0
2024-11-26,86.4776611328125,87.7110647681614,86.43787293956616,86.93521397191255,5610400,83.05545120239258,80.60902999877929,67.66341709136962,84.91720782663256,83.03964073320327,1.8775670934292918,1.7578885064199785,0.11967858700931333,68.5446002144152,83.05545120239258,90.00550288971624,76.10539951506891,0.16735931445095695,-0.009456427985294114,-0.009501423892123766,0.2914154487621022,10121780.0,0.5542898581079613,0
2024-11-27,86.109619140625,87.19382645049643,85.81121150958703,87.08441082503725,5477900,83.47073059082031,80.87659942626954,67.80421434402466,85.10065572109293,83.26704654116044,1.8336091799324947,1.773032641122482,0.06057653881001279,67.1484632685736,83.47073059082031,90.08398171930317,76.85747946233745,0.15845676877806436,-0.004255919822140686,-0.004265002026823505,0.27160461860984414,9650150.0,0.5676492075252716,1
2024-11-29,86.30855560302734,86.61691218986434,85.36361071882561,85.93057916711096,4469700,83.84224433898926,81.05962097167969,67.94297246932983,85.28648647215977,83.49234350870613,1.7941429634536377,1.7772547055887131,0.01688825786492454,63.662755210397556,83.84224433898926,90.19907050443616,77.48541817354236,0.15163778631080327,0.00231026991395078,0.002307605343541902,0.26984496488742027,9177670.0,0.48701903642209843,0
2024-12-02,86.06983947753906,87.00484306452267,85.3835064114492,86.0897373689509,7273500,84.3037769317627,81.25398193359375,68.07640907287598,85.4070023191412,83.68326913602709,1.7237331831141063,1.766550401093792,-0.04281721797968574,47.9642403395294,84.3037769317627,89.80215975240696,78.80539411111843,0.13044214674022914,-0.002765845446264237,-0.0027696774642578855,0.24668821304342556,8717665.0,0.8343403881658679,0
2024-12-03,84.68722534179688,85.94052679360624,84.16501577114119,85.94052679360624,8189800,84.65241317749023,81.40258743286132,68.20571773529053,85.29626739954976,83.7576362623804,1.5386311371693608,1.7209665483089058,-0.182335411139545,44.230751670828376,84.65241317749023,89.19230740289092,80.11251895208954,0.10725965285554037,-0.01606386330141807,-0.01619428576517538,0.2574523416422084,8614305.0,0.9507209229299404,1
2024-12-04,88.85494232177734,89.66063229014593,84.7866891127796,85.22435160859521,15536000,85.15373306274414,81.62121871948243,68.35840141296387,85.84375584912323,84.1352144890024,1.708541360120833,1.7184815106712914,-0.009940150550458382,57.11266255249619,85.15373306274414,89.16996097729992,81.13750514818835,0.09432887485030146,0.04921305383615526,0.04804041063748772,0.3012881561192338,9062410.0,1.7143342664920258,0
2024-12-05,88.57145690917969,89.78994084197252,87.80057684106295,89.11355677811041,9025600,85.53345260620117,81.85367584228516,68.51538709640504,86.26340216605499,84.46382503864515,1.799577127409833,1.7347006340189997,0.06487649339083346,62.55300796539337,85.53345260620117,89.31625195619948,81.75065325620285,0.08845192693002693,-0.003190429313105092,-0.0031955295836301858,0.2922791718948827,8936365.0,1.0099856037661845,1
2024-12-06,89.40201568603516,89.56116844912874,88.07411612286145,89.01409031202132,6955500,85.95768432617187,82.04863342285157,68.67219871520996,86.74626578451348,84.82961693845182,1.916648846061662,1.771090276427532,0.14555856963412994,64.71654886396576,85.95768432617187,89.45290442199814,82.4624642303456,0.0813242032571151,0.009377273512697348,0.009333579822828014,0.2920114774809841,8884425.0,0.782886906018116,1
2024-12-09,89.5213851928711,93.16192516668234,89.2528243763741,91.75941982269286,10714200,86.30532569885254,82.28974441528321,68.82557870864868,87.17320723195311,85.17715532766806,1.9960519042850535,1.8160826019990364,0.17996930228601715,70.95125276551508,86.30532569885254,89.76411681949061,82.84653457821447,0.08015243770023925,0.0013351992784496058,0.0013343086925446488,0.2865985405560327,9012925.0,1.1887594759747806,0
2024-12-10,88.28797149658203,89.52137498258331,87.90501682317554,89.46169649435096,6697500,86.39584121704101,82.503203125,68.97194612503051,87.34470942651141,85.40758615499502,1.9371232715163984,1.840290735902509,0.09683253561388949,67.45139785796876,86.39584121704101,89.96656117256732,82.8251212615147,0.08265953326517327,-0.013777866524648963,-0.013873662252563718,0.2434421874078241,8574830.0,0.7810650473537085,1
2024-12-11,90.26739501953125,90.54590477617894,87.37286664403914,88.14872500889989,6657200,86.61218452453613,82.76739074707031,69.12408275604248,87.79435336389909,85.76757199681252,2.0267813670865706,1.8775888621393213,0.14919250494724934,70.41438741257721,86.61218452453613,90.57007406666877,82.6542949824035,0.09139336604566102,0.02242008157391906,0.022172446050273076,0.25299213947966015,8405845.0,0.7919727285002282,0
2024-12-12,88.92457580566406,90.68515967563825,88.85991904470517,89.94909709163755,4711100,86.71612892150878,83.00531860351562,69.26905769348144,87.96823373955525,86.00142413080152,1.9668096087537208,1.8954330114622013,0.07137659729151946,64.32145087681765,86.71612892150878,90.80680552504485,82.62545231797272,0.0943463841020567,-0.014876016014161442,-0.0149877736644309,0.258414719901216,8178570.0,0.5760297949397022,1
2024-12-13,90.53594970703125,90.70007314298762,89.34233437675732,89.93914204189429,8358100,86.97623786926269,83.27806030273437,69.4216418838501,88.36326696532079,86.33731491422594,2.0259520510948477,1.9215368193887308,0.10441523170611688,63.569582396397465,86.97623786926269,91.3486814841487,82.60379425437668,0.10054340638321001,0.018120681338853917,0.017958458586272697,0.2550372454838932,8173060.0,1.0226402351138986,1
2024-12-16,90.8144760131836,90.9736211981728,89.04393555423334,90.307186032688,7402500,87.2482837677002,83.51559051513672,69.5746240234375,88.74037604960738,86.66895647711169,2.071419572495685,1.9515133700101217,0.1199062024855635,61.813939280369446,87.2482837677002,91.87077022657652,82.62579730882388,0.10596165928452553,0.003076416683688965,0.0030716941969620936,0.254850139312974,8139025.0,0.9095069741154499,0
2024-12-17,90.3768081665039,91.51074505243928,89.75016123127273,90.41659635762007,8395600,87.55613784790039,83.7264631652832,69.72820293426514,88.99213483682222,86.94361215780741,2.048522679014809,1.9709152318110592,0.07760744720374979,63.470730289130884,87.55613784790039,92.14938422931218,82.9628914664886,0.10492117387340733,-0.004819362131387006,-0.004831012704355893,0.24908314083995323,8051400.0,1.0427503291353057,0
2024-12-18,84.99557495117188,90.6055808957922,84.72303760434937,90.2126848398503,12583700,87.62377624511718,83.8118067932129,69.86338022232056,88.37727946979908,86.79931310546404,1.5779663643350403,1.8923254583158555,-0.3143590939808152,47.14140286995165,87.62377624511718,92.00954050168976,83.23801198854461,0.10010443385375022,-0.05954219145931805,-0.06138849191645325,0.3342170132418284,8058450.0,1.561553400467832,1
2024-12-19,86.3185043334961,87.94978223639545,85.70180633899851,85.8211633243482,9522400,87.72523384094238,83.91386108398437,70.00591815948486,88.06054483344477,86.76369764087383,1.2968471925709366,1.7732298051668718,-0.4763826125959352,50.02413586567428,87.72523384094238,91.87367395780754,83.57679372407722,0.09457803496738096,0.015564685374317655,0.015444798064140716,0.33744639620570566,8230755.0,1.1569291031017204,1
2024-12-20,86.66664123535156,87.76079752291355,84.05063026786591,84.45845353665203,22052700,87.84011955261231,84.07599411010742,70.14830688476563,87.84609812604582,86.75650827750181,1.0895898485440085,1.6365018138422993,-0.5469119652982908,51.44020950644324,87.84011955261231,91.7154731551552,83.96476595006942,0.08823652841733039,0.004033166521403286,0.004025055107782025,0.33756839307291814,8970885.0,2.4582524466649613,0
2024-12-23,86.4378662109375,86.77605444397277,85.51281165922985,86.01015265286146,5633100,87.84658508300781,84.20311447143554,70.28701530456543,87.629447062183,86.73290516146001,0.896541900722994,1.4885098312184382,-0.5919679304954442,54.473811454953825,87.84658508300781,91.71159755193109,83.98157261408453,0.08799459797489369,-0.0026397125947549283,-0.0026432027794557346,0.3281164168050358,8913240.0,0.6319924068015671,1
2024-12-24,87.78069305419922,87.86026944145797,86.12951716827888,86.43787377170108,3276300,87.87045783996582,84.35390838623047,70.42711627960205,87.65271567633935,86.8105190794407,0.8421965968986598,1.3592471843544827,-0.5170505874558229,46.7914735832753,87.87045783996582,91.72722889255577,84.01368678737587,0.08778311044228533,0.01553516881114092,0.015415733453537759,0.33024133787703297,8427140.0,0.38877958595680145,0
2024-12-26,87.67127227783203,88.25813861342374,86.79595483578072,87.13414307856594,4800600,87.9301383972168,84.52479461669923,70.56691884994507,87.65557053810745,86.87427857561782,0.7812919624896324,1.2436561399815127,-0.4623641774918803,47.28311352900731,87.9301383972168,91.73272203039886,84.12755476403473,0.0864910189497081,-0.0012465244071339088,-0.0012473019649130316,0.32824486356356536,8386650.0,0.5724097225948382,0
2024-12-27,86.39807891845703,87.1888492852302,85.74457515303693,86.89541991725596,5125000,87.9445613861084,84.64495223999023,70.68831979751587,87.46211028893048,86.83900452693923,0.6231057619912406,1.1195460643834583,-0.4964403023922177,41.16962364168586,87.9445613861084,91.72016329129272,84.16895948092409,0.08586322668909702,-0.014522355228748451,-0.014628836795558967,0.33237664052015614,8369005.0,0.612378651942495,0
2024-12-30,84.9756851196289,85.61029273293443,84.20978330468513,85.23430456923475,5855000,87.87791786193847,84.75655563354492,70.79987339019776,87.07958333980716,86.70098086713847,0.37860247266868896,0.9713573460405045,-0.5927548733718155,37.58828401538533,87.87791786193847,91.81855474534662,83.93728097853032,0.08968434799739168,-0.016463257246386087,-0.01660028267077476,0.33756826548299274,8438270.0,0.693862604538608,0
2024-12-31,84.89610290527344,85.44318101324087,84.5977028735993,85.27905758085063,4533200,87.8192310333252,84.84428649902344,70.91177509307862,86.74366327295581,86.5672862032966,0.1763770696592104,0.8123612907642457,-0.6359842211050353,40.115955149305925,87.8192310333252,91.90551439385992,83.73294767279047,0.0930612421095803,-0.0009365292464947883,-0.000936968064007908,0.33747227543099817,8301255.0,0.546086103848153,1
2025-01-02,85.72169494628906,86.47765539012494,84.36892682103388,85.37852844254708,6224500,87.8709545135498,84.9560888671875,71.02094142913819,86.58643737654553,86.50464981388865,0.08178756265688492,0.6662465451427736,-0.5844589824858887,35.798655504166874,87.8709545135498,91.81399160652619,83.92791742057342,0.08974608537724173,0.009724734266504775,0.009677753377109683,0.3340656749497792,8202990.0,0.7588086782990104,1
2025-01-03,87.13414001464844,87.23360669498054,85.85099934854682,86.2687715480557,6132500,87.78491439819337,85.08917709350585,71.14323757171631,86.67069932086905,86.55127871764864,0.11942060322040504,0.5568813567582999,-0.4374607535378948,44.43067991099568,87.78491439819337,91.71261434851465,83.85721444787208,0.08948462220980685,0.01647710149973558,0.016342827024598407,0.2882345872119955,7732815.0,0.7930488444376337,1
2025-01-06,89.05387878417969,89.6108982791244,87.25350678171807,87.55190683022926,7869200,87.80903549194336,85.26225173950195,71.26498664855957,87.03734231522454,86.73665650035464,0.3006858148698939,0.5056422483806187,-0.2049564335107248,45.4766537418001,87.80903549194336,91.76291201004476,83.85515897384197,0.09005625664716864,0.022031993076519818,0.021792795671697188,0.29917769077683914,7674995.0,1.0253035995463189,0
2025-01-07,87.5021743774414,89.49153832340549,87.13413931546242,89.05387582687061,6080800,87.71404342651367,85.39315200805665,71.37355617523194,87.10885494018098,86.793361528287,0.31549341189398206,0.46761248108329134,-0.15211906918930929,40.61970650257545,87.71404342651367,91.59743642794132,83.83065042508602,0.0885466648149936,-0.017424332639107254,-0.017577923078642695,0.3036558046613635,7631260.0,0.7968277846646556,0
2025-01-08,87.47233581542969,87.76079450050526,86.32845001980488,87.59169279627388,7400000,87.6115909576416,85.5172883605957,71.48879009246826,87.16477507483462,86.84365591992719,0.3211191549074357,0.43831381584812024,-0.11719466094068454,41.580170787431356,87.6115909576416,91.40120359881242,83.82197831647078,0.08650938990488187,-0.00034100366332623366,-0.00034106181829651565,0.30355069204616936,7465550.0,0.9912196690129997,0
2025-01-10,82.91669464111328,86.62685436386414,81.80264803536004,86.3284543081096,11341200,87.34302711486816,85.51271301269531,71.57512851715087,86.5112242388775,86.55276989927431,-0.04154566039680674,0.3423419205991349,-0.3838875809959416,43.670525293229765,87.34302711486816,91.65598333377943,83.0300708959569,0.09875902774102696,-0.05208093658238422,-0.05348615651362099,0.3516129625095044,7697735.0,1.4733165015423368,1
2025-01-13,83.5433349609375,83.67264847144595,81.35503770370754,81.75291200197327,7402400,87.00682411193847,85.58651824951171,71.66126796722412,86.0546258884252,86.32984879273084,-0.275222904305636,0.2188289556181807,-0.4940518599238167,41.176453465384,87.00682411193847,91.40736576601276,82.60628245786418,0.10115394278528728,0.007557468644119103,0.007529054049769604,0.3412247636199328,7734995.0,0.9570012650299063,1
2025-01-14,86.71637725830078,86.93520851300366,84.29929968931964,84.83642888118449,8958400,86.89641418457032,85.76476516723633,71.7637699508667,86.15643379148298,86.35848053092121,-0.20204673943823082,0.1346538166068984,-0.3367005560451292,50.13405332933031,86.89641418457032,91.20418985455116,82.58863851458948,0.09914737473127512,0.03798079522258613,0.037277282860193335,0.36862003427911394,7947360.0,1.1272170884419481,1
2025-01-15,89.16329193115234,89.71037005476698,87.99951583781346,88.24818633239808,10024100,86.82778129577636,85.9704653930664,71.87641765594482,86.61902735143212,86.56624433834574,0.052783013086383335,0.1182796559027954,-0.06549664281641207,56.5612910880818,86.82778129577636,90.93025114848663,82.72531144306609,0.09449671041887676,0.028217445772244165,0.027826667789862505,0.37720706765361456,8030660.0,1.2482286636465745,0
2025-01-16,88.4471206665039,89.89239651105218,88.37749323080634,89.48159084602587,5816400,86.70941352844238,86.20262405395508,71.9952324295044,86.90027247682778,86.7055685108019,0.1947039660258838,0.13356451792741308,0.06113944809847072,51.65429715760121,86.70941352844238,90.44803236713265,82.97079468975211,0.08623328625014703,-0.00803213126318203,-0.008064562608116355,0.3778741114276413,7951355.0,0.7314979648122867,1
2025-01-17,91.32174682617188,92.74912057583431,89.52634561417177,90.27733533853946,16499700,86.75666046142578,86.4747689819336,72.1302604675293,87.58049929980379,87.04750764527374,0.5329916545300506,0.2134499452479406,0.31954170928211,57.96785049966112,86.75666046142578,90.70824178285386,82.8050791399977,0.09109574528136784,0.03250107112595502,0.03198408326263858,0.3957310537148179,8356560.0,1.9744607829058847,0
2025-01-21,89.2926025390625,91.71962912190975,88.91462609944762,91.71962912190975,12629300,86.97151184082031,86.68405014038086,72.25176090240478,87.84389979815128,87.21381097073957,0.6300888274117113,0.2967777216806948,0.3333111057310166,56.116015538981415,86.97151184082031,90.98668264288906,82.95634103875156,0.09233301151341423,-0.022219727037983472,-0.02247030396234322,0.33822252925078067,8358840.0,1.5108914634087984,1
2025-01-22,89.37217712402344,89.889416019214,88.66595380723996,89.52138094336,7345700,87.12419548034669,86.85195236206054,72.37763790130616,88.079019386747,87.3736899450569,0.705329441690111,0.3784880656825781,0.32684137600753294,59.848483035862905,87.12419548034669,91.26508561674709,82.98330534394628,0.09505717931902155,0.0008911665994517648,0.0008907697462551501,0.3348052106828996,8250005.0,0.8903873391591884,0
2025-01-23,89.25281524658203,89.30254479108694,87.77073366826357,89.2826544910492,7540600,87.25350418090821,87.01866104125976,72.49988430023194,88.25960336518317,87.51288441183652,0.7467189533466438,0.4521342432153913,0.29458471013125254,59.7420113845,87.25350418090821,91.49454090246415,83.01246745935227,0.09721183719481875,-0.001335559692987709,-0.0013364523477187825,0.33490497629872024,7524400.0,1.002152995587688,0
2025-01-24,88.63611602783203,89.54525685751,88.36754763081782,89.11355915102368,6004700,87.36341667175293,87.14001220703125,72.6131288909912,88.31752839020608,87.59608675376212,0.7214416364439558,0.5059957218611042,0.21544591458285156,56.578370467930014,87.36341667175293,91.6293181772129,83.09751516629296,0.09765876079430515,-0.006909577216653862,-0.00693355887791364,0.33597731191521396,7542980.0,0.7960646853100499,1
2025-01-27,89.76010131835938,89.80983845375674,86.92525914360145,87.07943363898333,6923800,87.46238708496094,87.20566101074219,72.72871089935303,88.53946268684504,87.75638412891747,0.783078557927567,0.5614122890743968,0.2216662688531702,56.00546893920307,87.46238708496094,91.85889704580313,83.06587712411874,0.1005348723576782,0.012680895112489043,0.01260116587992677,0.33454222826335395,7725355.0,0.8962436030447791,0
2025-01-28,87.72100830078125,89.3522861791123,86.41796971603989,89.2826587424331,8666000,87.46487388610839,87.24127059936524,72.8396677017212,88.4135466274506,87.75376369720368,0.6597829302469194,0.5810864173089013,0.07869651293801805,46.968328681468876,87.46487388610839,91.86193755814777,83.06781021406901,0.1005446752890761,-0.022717142556979875,-0.022979152522774313,0.3452433429624088,7918625.0,1.094381916052345,1
2025-01-29,88.28797149658203,88.93948695585503,87.70110520328707,87.70110520328707,5234500,87.55936851501465,87.27011627197265,72.95385719299317,88.39422737654775,87.79333464530578,0.6008927312419701,0.5850476800955151,0.015845051146454958,51.87115082061326,87.55936851501465,91.9411046746801,83.1776323553492,0.10008606124001618,0.006463254433382248,0.006442457168357427,0.3413449614330413,7924100.0,0.6605797503817469,1
2025-01-30,89.09367370605469,90.44147126510978,88.36755244772532,89.03399520960807,7708500,87.76526794433593,87.34531433105468,73.07809303283692,88.50183450416421,87.8896560572131,0.6121784469511056,0.5904738334666332,0.02170461348447239,53.72318059752536,87.76526794433593,92.02101172751041,83.50952416116145,0.0969801353736796,0.00912584348484935,0.0090844545903415,0.3357189795107141,8016775.0,0.9615462576909044,0
2025-01-31,88.10893249511719,89.91925341335612,88.06914430485881,89.09366554034274,8331400,87.92590942382813,87.40002182006836,73.20277643203735,88.44138804123389,87.9058987563171,0.5354892849167925,0.579476923756665,-0.043987638839872556,64.2623055260181,87.92590942382813,91.96255265034956,83.8892661973067,0.09181919761702219,-0.011052874687673575,-0.011114411566844356,0.33902966965149256,8206685.0,1.0151967572777558,1
2025-02-03,89.03398895263672,89.23292231935986,85.54265296824865,86.039993973878,11215000,88.09152412414551,87.4963070678711,73.3324829673767,88.53255741221894,87.98946099308152,0.543096419137413,0.5722008228328147,-0.02910440369540168,64.83874253445296,88.09152412414551,92.01767222325044,84.16537602504057,0.08913793099031636,0.010499008798804832,0.01044427695933053,0.3392723777694297,8456210.0,1.3262442630918578,0
2025-02-04,77.31165313720703,82.2502529709711,76.96848664984076,81.82253942841359,58801900,87.60039978027343,87.36968399047852,73.40442333221435,86.80626444683249,87.19851226301674,-0.392247816184252,0.3793110950294014,-0.7715589112136534,32.61627405200778,87.60039978027343,93.81895446927587,81.381845091271,0.1419754865183338,-0.13166135712133042,-0.1411734988419311,0.5789459751352956,11089680.0,5.302398265775027,1
2025-02-05,78.77880859375,79.0772162187833,77.25694640148669,77.79407557325393,23631900,87.08664627075196,87.25947311401367,73.4894686126709,85.57127123866596,86.57483050973772,-1.0035592710717651,0.10273702180916813,-1.1062962928809332,30.083927228926527,87.08664627075196,94.40085051889639,79.77244202260752,0.16797533402318904,0.018977157996339367,0.0187993378915409,0.5771325013741114,11877815.0,1.9895831009322842,0
2025-02-06,78.15216827392578,79.31594444975313,77.6946154421173,79.25626595524562,14440500,86.61914596557617,87.13513793945313,73.57033626556397,84.42987078255209,85.95092960338128,-1.5210588208291966,-0.22202214671850484,-1.2990366741106918,30.187596611491415,86.61914596557617,94.94658476730433,78.291707163848,0.19227709321995903,-0.00795442747878694,-0.007986232710930227,0.5755018746360654,12295800.0,1.1744254135558483,0
2025-02-07,76.89886474609375,79.06727185912075,76.81929595178259,78.57987979287047,13597300,86.09047241210938,86.94694412231445,73.64056081771851,83.2712544692508,85.28040628061925,-2.00915181136844,-0.579448079648492,-1.4297037317199481,20.396087296680562,86.09047241210938,95.4663725965602,76.71457222765855,0.2178150478619519,-0.01603670832828541,-0.016166687837412506,0.5765231844745632,12605665.0,1.0786658220728538,1
2025-02-10,77.82392120361328,78.50030529887587,77.197274246211,77.74435240738727,11815600,85.83583374023438,86.75735778808594,73.70924360275268,82.43320319761426,84.72807405269289,-2.294870855078628,-0.9225326347345192,-1.3723382203441088,25.342181055040626,85.83583374023438,95.83085178087485,75.8408156995939,0.23288684003206567,0.012029520339134958,0.011957740735416906,0.5526163884361484,12629385.0,0.9355641624671351,0
2025-02-11,75.8047103881836,77.43598817669661,75.63561627824748,77.40117825468435,15769400,85.44890251159669,86.54389877319336,73.76579126358033,81.41343507308646,84.06708415161813,-2.6536490785316715,-1.2687559234939498,-1.3848931550377217,23.075406696768013,85.44890251159669,96.37352849621017,74.5242765269832,0.25569962079105346,-0.025945888927220162,-0.026288421366551424,0.557266116421788,13047735.0,1.208592909037469,1
2025-02-12,75.86438751220703,76.44130485330571,74.89955241407829,75.01890938891188,11782500,84.90630302429199,86.338994140625,73.82631761550903,80.55973544833577,83.45947699314323,-2.899741544807455,-1.594953047756651,-1.304788497050804,23.367619991161234,84.90630302429199,96.61566547500286,73.19694057358112,0.2758184500710337,0.0007872482292701211,0.0007869385119218398,0.535103103915188,13188940.0,0.8933621655720626,1
2025-02-13,76.18268585205078,76.51591097884513,75.32726636862138,75.96386220069313,9958600,84.25727272033691,86.13647674560546,73.87918493270874,79.88634320275347,82.92045542713637,-3.034112224382909,-1.8827848830819027,-1.1513273413010063,24.92990246551645,84.25727272033691,96.40394900876814,72.11059643190569,0.28832350956214653,0.004195622614003636,0.00418684553109795,0.521295011423383,13185665.0,0.7552595944156021,1
2025-02-14,77.55535125732422,77.91343735904988,76.2224735256074,76.49104189631208,10504600,83.71268424987792,85.96618698120118,73.93379293441772,79.5277290573028,82.52304030344659,-2.9953112461437854,-2.1052901556942794,-0.8900210904495061,25.674083098873837,83.71268424987792,96.04366945409932,71.38169904565653,0.29460255192424734,0.01801807575988068,0.017857674119887618,0.5289454048405069,13420075.0,0.7827527044371958,1
2025-02-18,78.201904296875,78.34115917462155,77.0888518217205,77.7841320748137,11281200,83.05669212341309,85.83648056030273,73.98700845718383,79.32375601723699,82.20295615481166,-2.8792001375746707,-2.2600721520703577,-0.619127985504313,29.911873505893993,83.05669212341309,95.07524821943422,71.03813602739196,0.28940608610231866,0.00833666573703673,0.008302107672410968,0.5123206677571575,13159150.0,0.8572894145898481,0
2025-02-19,77.94327545166016,78.57987127003325,77.12266590746977,78.08253031262798,9082300,82.48922576904297,85.6182472229004,74.0477834892273,79.11137439176363,81.8874242508745,-2.77604985911087,-2.3632676934784604,-0.41278216563240955,27.881793938381563,82.48922576904297,94.33860612670716,70.63984541137879,0.2872952254598828,-0.0033071936999515827,-0.00331267455253311,0.5093524276525507,12981800.0,0.6996179266357516,0
2025-02-20,77.2171630859375,77.7542922916067,76.44131231846697,77.7045627435098,9319300,81.88147506713867,85.39116134643555,74.10075025558471,78.81995726779039,81.5414789793977,-2.721521711607309,-2.4349184971042304,-0.2866032145030788,24.519869446654155,81.88147506713867,93.48881873038273,70.2741314038946,0.283515744036771,-0.009315907774147703,-0.009359572237295492,0.5087437840736527,13080480.0,0.7124585642117108,0
2025-02-21,74.5514144897461,77.06796637921872,74.35248112093777,77.02817818769275,15171700,81.14640502929687,85.09414932250976,74.14675428390503,78.16325837886049,81.02369642460869,-2.8604380457481966,-2.5200224068330237,-0.3404156389151729,22.870251598233054,81.14640502929687,92.64977845369634,69.6430316048974,0.28352145533117146,-0.034522747141391474,-0.03513273735112002,0.5176154946315223,13462035.0,1.1269990012654105,1
2025-02-24,74.84982299804688,75.47646994698495,73.57663120976665,74.84485231985668,12873300,80.45709037780762,84.80071807861329,74.194697971344,77.65349908950455,80.56637246708559,-2.912873377581036,-2.5985926009826263,-0.3142807765984097,20.886113413972993,80.45709037780762,91.72048410149337,69.19369665412187,0.27998511183527763,0.004002720945580851,0.003994731371025335,0.519482533855583,13805465.0,0.9324785510665523,0
2025-02-25,73.67609405517578,77.15549271873468,72.31337700874815,76.72479675644189,20647200,79.65289001464843,84.50848052978516,74.23523126602173,77.04159062268474,80.05598147361079,-3.0143908509260484,-2.6817522509713108,-0.33263859995473766,36.838354711477905,79.65289001464843,90.40468609878477,68.9010939305121,0.26996625187508044,-0.01568111848309539,-0.01580536784589671,0.51433102435417,14491635.0,1.4247667706231906,0
2025-02-26,71.66683959960938,74.08391711136093,71.3883222709684,73.93471329679429,15277600,78.85018157958984,84.13646942138672,74.27621215820312,76.21470584990391,79.4345635570181,-3.219857707114187,-2.789373342199886,-0.43048436491430087,25.225294661071985,78.85018157958984,89.46200187419538,68.23836128498431,0.26916413081164997,-0.027271457334066662,-0.027650225786944826,0.5161589982207537,14822215.0,1.0307231409070776,0
2025-02-27,70.3538589477539,72.16417982627068,70.20465513476415,71.7663055212384,11661200,77.95347595214844,83.76505508422852,74.30744522094727,75.31303709572698,78.76191877114667,-3.4488816754196847,-2.921275008843846,-0.5276066665758385,24.074126681526764,77.95347595214844,88.23309265025561,67.67385925404126,0.263737224608619,-0.018320616050475635,-0.018490516861180823,0.513473036685601,15143550.0,0.7700440121371805,1
2025-02-28,70.67215728759766,70.74178472222418,69.31142852241192,70.12507916637405,13601300,77.03240013122559,83.36777923583985,74.34782930374145,74.599055586784,78.16267717977267,-3.5636215929886674,-3.0497443256728105,-0.5138772673158569,27.926712575883542,77.03240013122559,86.36689698374258,67.6979032787086,0.24235248639833545,0.00452424848621491,0.004514044838349441,0.5113654733102564,15438190.0,0.8810164922183236,0
2025-03-03,69.37906646728516,71.18938732459911,69.13039597815511,70.72188559082323,15753700,76.09590682983398,82.93907104492187,74.3766750717163,73.79598033763034,77.51203934921804,-3.716059011587703,-3.183007262855789,-0.5330517487319137,20.824793353576254,76.09590682983398,84.45904024498365,67.7327734146843,0.21980507923642606,-0.018297033371293847,-0.01846649435820174,0.512024326181991,15809305.0,0.9964827675852923,0
2025-03-04,67.12113952636719,68.7126290859542,65.9871951520393,68.63305271076965,20180000,75.00026435852051,82.47395767211914,74.391097946167,72.76908175128216,76.7423430660439,-3.973261314761743,-3.34105807323698,-0.6322032415247629,20.486876954169304,75.00026435852051,81.82696631487319,68.17356240216783,0.18204474383501615,-0.03254478700693775,-0.033086146629722826,0.5104605038194102,16257555.0,1.2412690592158537,1
2025-03-05,69.13040161132812,69.31939362688995,67.33997090816793,67.61848825329861,14464300,74.59120178222656,82.15665420532227,74.41894905090332,72.20928480667385,76.17849555087976,-3.9692107442059097,-3.4666886074307657,-0.502522136775144,29.79111954702499,74.59120178222656,81.80426682695115,67.37813673750198,0.19340256953584306,0.029934862535693885,0.029495559985187186,0.28825434656162585,14040675.0,1.0301712702558816,0
2025-03-06,67.71794891357422,69.48848156869626,67.29918259190953,68.45401143101148,11226900,74.03815879821778,81.78464309692383,74.43874320983886,71.5183100538893,75.55178839256084,-4.033478338671543,-3.580046553678921,-0.4534317849926217,26.162535375159308,74.03815879821778,81.58761514961115,66.4887024468244,0.2039342002539129,-0.020431715494655167,-0.02064333039256467,0.27776867149099993,13420425.0,0.8365532388132269,1
2025-03-07,70.10519409179688,70.6025351158655,67.46430687938211,67.6085400261022,16388300,73.63581008911133,81.45341415405274,74.46858371734619,71.30090759818277,75.14833696287461,-3.847429364691834,-3.6335231158815042,-0.21390624881032982,30.153756979669396,73.63581008911133,81.11952336597446,66.1520968122482,0.20326287625019987,0.03525276852772663,0.034645617700023286,0.31627681524985,13517815.0,1.2123482974134503,0
2025-03-10,67.79753112792969,69.59790318231755,66.63374737982376,68.65295069605756,15035200,73.18074340820313,81.08060745239258,74.48544361114502,70.76192660275922,74.60383282695277,-3.8419062241935507,-3.675199737543914,-0.1667064866496366,24.537530443562986,73.18074340820313,80.93111987174652,65.43036694465974,0.21181464146412643,-0.03291714677867519,-0.03347110651532958,0.32933343830244916,13589710.0,1.1063665081889165,0
2025-03-11,67.61848449707031,68.58331964530906,66.8078162530582,68.04619805301998,12133100,72.67047157287598,80.67736328125,74.50474044799805,70.27832012496093,74.08639961733184,-3.808079492370908,-3.701775688509313,-0.10630380386159466,24.633482975473072,72.67047157287598,80.47730623081237,64.86363691493959,0.2148557588513095,-0.002640901930802242,-0.002644395264028727,0.3226877673411071,13605585.0,0.8917734886078034,1
2025-03-12,68.25508117675781,69.0110340284292,67.54387960468875,68.50375167531793,11545800,72.2929901123047,80.28903945922852,74.53671949386597,69.96705259446814,73.65445010321525,-3.687397508747111,-3.6989000525568727,0.01150254380976179,27.8841845329855,72.2929901123047,80.19127832624793,64.39470189836146,0.21850771981276498,0.009414536341983304,0.009370495793170562,0.3192650923560038,13394405.0,0.8619867773148565,0
2025-03-13,66.5541763305664,68.54354033259696,66.34528643219035,67.96662295069096,9778300,71.82747955322266,79.89216140747071,74.56322778701782,69.44199470771403,73.12850389783385,-3.6865091901198213,-3.6964218800694626,0.00991268994964134,29.278394862091076,71.82747955322266,79.93419083392341,63.720768272521916,0.22572729354073584,-0.02491982745997523,-0.025235583118667543,0.3260119996195954,13294195.0,0.7355315609557405,1
2025-03-14,68.58332061767578,68.77231262541855,67.16092505924138,67.44938374886193,9828700,71.4475112915039,79.56431411743164,74.59958339691163,69.3098910015543,72.79182365485919,-3.481932653304881,-3.653524034716546,0.1715913814116652,35.09933678721134,71.4475112915039,79.40573609608921,63.48928648691858,0.22277122493787016,0.030488609415446177,0.030033067833086093,0.34975967036895295,13287700.0,0.7396840687252121,1
2025-03-17,69.27960205078125,69.84657048095158,67.61848495048834,68.30481036249158,7971200,71.03372383117676,79.2519841003418,74.63678451538085,69.30523116297384,72.53165909159415,-3.2264279286203106,-3.5681048134972992,0.34167688487698866,39.30301620649931,71.03372383117676,78.50018349913555,63.56726416321797,0.21022295510521305,0.01015234355575978,0.010101154682405064,0.343957300285182,13161030.0,0.6056668816954296,0
2025-03-18,68.5136947631836,69.0906121557434,67.92683601438146,68.70268677528942,7520800,70.54931335449218,78.90782409667969,74.67572629928588,69.18345633223687,72.23403210430448,-3.050575772067603,-3.46459900521136,0.414023233143757,41.83410845177451,70.54931335449218,77.27831985016348,63.82030685882088,0.19076036819408215,-0.011055307261093272,-0.011116871330717686,0.34055409384017044,12973010.0,0.5797266786967712,1
2025-03-19,69.62773895263672,70.10518964453617,68.45401390673942,68.73252364833856,6876400,70.13353652954102,78.55769607543945,74.71297714233398,69.25180750460608,72.04097335232909,-2.7891658477230123,-3.3295123737136905,0.5403465259906781,48.099944659745276,70.13353652954102,75.89728853322208,64.36978452585996,0.1643650752234149,0.016260168033614297,0.016129387274960084,0.3498465292049345,12862715.0,0.5345994216617564,0
2025-03-20,69.29949188232422,70.43342873498817,68.88172727109462,69.06574100938882,7453600,69.73765296936035,78.16260833740235,74.7461994934082,69.25914356271656,71.83790065084725,-2.5787570881306863,-3.17936131659709,0.6006042284664037,46.40998319904542,69.73765296936035,74.44335759087174,65.03194834784897,0.13495448788845435,-0.004714314657492835,-0.004725462087631838,0.34954359435776483,12769430.0,0.583706555421816,1
2025-03-21,69.81672668457031,70.03555792209484,68.1854489360686,68.25507636720633,14603800,69.50091857910157,77.80889938354493,74.77967054367065,69.34492558146329,71.68818406075266,-2.343258479289375,-3.012140749135547,0.668882269846172,51.193057575816816,69.50091857910157,73.62773601413626,65.37410114406687,0.11875576666912141,0.007463760385493012,0.007436044351069037,0.3342080087531302,12741035.0,1.1462020157703043,1
2025-03-24,70.59258270263672,71.27891571055814,70.1300516267875,71.16950008353236,9911000,69.28805656433106,77.47130432128907,74.81766738891602,69.53687283087459,71.60702840459592,-2.070155573721337,-2.8237437140527053,0.7535881403313685,60.294978095887565,69.28805656433106,72.61482843109101,65.9612846975711,0.09602728180638713,0.011112752701393447,0.011051459736095701,0.337142329329252,12592920.0,0.787029537232032,0
2025-03-25,70.48316955566406,71.32864776703146,70.17282469336259,70.6224244333565,6690600,69.12841033935547,77.22263381958008,74.85412250518799,69.68245694238065,71.52377960097134,-1.8413226585906841,-2.6272595029603014,0.7859368443696173,54.521271984178235,69.12841033935547,71.81302091395618,66.44379976475476,0.07767025341453097,-0.0015499241249402607,-0.0015511264998906925,0.33364451699217346,11895090.0,0.5624673709908878,0
2025-03-26,69.597900390625,71.23912719981534,69.17515750730489,70.55279419497796,7449600,69.02496337890625,76.94372512817382,74.86879405975341,69.66944824211055,71.38112188168643,-1.7116736395758778,-2.444142330283417,0.7324686907075391,56.51275041060017,69.02496337890625,71.44403925850112,66.60588749931138,0.07009278270284837,-0.01256000788017797,-0.012639551526875788,0.32277677123051873,11503690.0,0.6475835145070843,0
2025-03-27,68.4937973022461,69.58297521383149,68.3346445531465,68.69273064979981,7883100,68.93196029663086,76.57927352905273,74.87655254364013,69.48857886674679,71.16724598691307,-1.6786671201662813,-2.29104728825999,0.6123801680937087,43.8728816361958,68.93196029663086,71.27783421212884,66.58608638113289,0.06806346157582387,-0.015864028687388898,-0.01599120924790501,0.32116914839868055,11314785.0,0.6967078914888793,0
2025-03-28,64.80353546142578,67.87709927674865,64.60459450308704,67.69805620865459,16536300,68.63852920532227,76.0920783996582,74.86690418243408,68.76780295823586,70.69586002206216,-1.9280570638263015,-2.2184492433732523,0.29039217954695085,39.69883120298996,68.63852920532227,71.48304048425379,65.79401792639075,0.08288380627803299,-0.05387731424111453,-0.055383029376264256,0.37059816844909593,11461535.0,1.4427648652645566,1
2025-03-31,64.90299987792969,65.0820429397665,63.0628397133312,63.93815713296591,11562000,68.41472587585449,75.62119598388672,74.86929141998291,68.17321786895799,70.26675927064494,-2.0935414016869487,-2.1934676750359916,0.09992627334904292,40.60563317827559,68.41472587585449,71.68621149652438,65.1432402551846,0.09563688456799016,0.0015348609577499062,0.0015336842625585554,0.36716676290852085,11251950.0,1.0275552237612147,1
2025-04-01,65.74848175048828,66.00710120742714,64.25645868086076,64.27635657152932,8000600,68.34609298706054,75.10973068237304,74.88257041931152,67.80018154303957,69.93207204692963,-2.1318905038900624,-2.1811522408068056,0.04926173691674318,41.451829526254244,68.34609298706054,71.78514790355547,64.90703807056562,0.1006364743379264,0.013026853522160486,0.012942733821569057,0.3540507361711663,10642980.0,0.7517255505506917,1
2025-04-02,66.79289245605469,67.21065704120205,64.75379148421221,64.90299528999935,8123000,68.22921752929688,74.6597364807129,74.91047122955322,67.64521399119575,69.69954022538333,-2.0543262341875845,-2.1557870394829615,0.10146080529537693,50.85224595367708,68.22921752929688,71.71461000383789,64.74382505475586,0.10216715362577407,0.015884940271775116,0.015760094979277075,0.3411547721907322,10325915.0,0.7866615210371187,0
2025-04-03,61.38182830810547,63.59996882114181,60.62587162071447,62.76443574854603,18479900,67.91241149902343,74.09992950439454,74.9158176612854,66.68161619379724,69.08341341669608,-2.4017972228988356,-2.2049890761661364,-0.1968081467326992,29.2906307016289,67.91241149902343,72.55366440757143,63.27115859047544,0.13668349587658915,-0.08101257407753892,-0.08448283906775703,0.4393825419168746,10688565.0,1.7289411628221374,0
2025-04-04,58.05958938598633,59.86991038817488,57.015174006940754,59.68092216729967,22125000,67.31013126373291,73.47606498718261,74.9070644569397,65.35515053105709,68.26683385886572,-2.911683327808632,-2.3463279264946353,-0.5653554013139965,21.968184355907326,67.31013126373291,73.59018848976781,61.03007403769802,0.1866006530704428,-0.05412414412687738,-0.05564394911983898,0.44654190527691895,10975400.0,2.0158718588844144,1
2025-04-07,58.21873474121094,61.153047324260086,55.552986746550424,56.43825689097691,20263200,66.83119144439698,72.86771736145019,74.90413015365601,64.25724040954229,67.52253022052092,-3.2652898109786292,-2.5301203033914343,-0.7351695075871949,23.475122404578684,66.83119144439698,74.30273858513084,59.359644303663124,0.22359461141584241,0.002741069251568362,0.002737319372137249,0.43908201338296293,11236800.0,1.8032891926527126,0
2025-04-08,57.10469055175781,60.93421453841108,56.15974194113634,59.442191614612064,16533600,66.30550174713134,72.21460914611816,74.89224369049072,63.15684812372929,66.75083839320513,-3.5939902694758388,-2.7428942966083154,-0.8510959728675234,17.73447150393102,66.30550174713134,74.93375491326172,57.67724858100097,0.260257533350275,-0.019135492971552592,-0.019320946154153237,0.44070523949619483,11456825.0,1.4431223310123005,1
2025-04-09,63.60991287231445,63.828740325969115,56.20947657174254,56.36862553549621,22502000,66.07324333190918,71.73238723754883,74.90885486602784,63.22655039274239,66.51817724350953,-3.2916268507671376,-2.8526408074400798,-0.4389860433270578,38.88024799876538,66.07324333190918,74.73056193125521,57.41592473256316,0.2620521761239194,0.11391747784116824,0.10788306141937073,0.6166036492499073,12004635.0,1.8744426631880102,0
2025-04-10,60.237945556640625,62.117894000399055,58.6265579239241,61.96869017701057,14398100,65.75743179321289,71.17138671875,74.91417642593383,62.76676503334211,66.05297489633405,-3.2862098629919387,-2.9393546185504515,-0.3468552444414872,33.15844909264267,65.75743179321289,74.7934206603998,56.72144292602597,0.2748279128540893,-0.053010091720176566,-0.054466842368337834,0.6376643746535299,12235625.0,1.1767359656740053,1
2025-04-11,62.257144927978516,62.475976176552656,60.124545773191684,60.20809869477586,12919400,65.44112300872803,70.63465614318848,74.93038970947265,62.68836194020925,65.77180230608549,-3.0834403658762426,-2.9681717680156097,-0.11526859786063293,35.95842879838001,65.44112300872803,74.50346307930823,56.378782938147815,0.2769616306667459,0.033520389061729716,0.03297082811318657,0.6399395937095865,12390160.0,1.0427145412165784,0
2025-04-14,61.93885040283203,63.56018317258084,61.36193300467926,63.36124600789331,8997500,65.07408542633057,70.11125450134277,74.95033311843872,62.573052472920445,65.48787994288153,-2.9148274699610894,-2.957502908404706,0.04267543844361654,35.70714060367088,65.07408542633057,74.07626289622365,56.07190795643749,0.27667472883915717,-0.0051125782512947415,-0.005125692195956728,0.6377319361247785,12441475.0,0.7231859566490307,0
2025-04-15,61.670284271240234,62.45608396535493,61.317172615016446,62.02837039992089,9140800,64.7319149017334,69.56398040771484,74.96838659286499,62.43416505727734,65.20509507831551,-2.7709300210381684,-2.9201883309313987,0.1492583098932303,36.45938166996205,64.7319149017334,73.70379533307118,55.760034470395624,0.27720114397844053,-0.004335988315009476,-0.004345415974360532,0.6373075375099232,12522475.0,0.7299515471182814,0
2025-04-16,59.91964340209961,61.133152822460204,59.40240832358092,61.04860576586663,9833600,64.24651012420654,69.2161402130127,74.97937782287597,62.04731557186538,64.81358013933655,-2.7662645674711683,-2.8894035782393526,0.12313901076818423,35.671535207728226,64.24651012420654,73.15335008176507,55.339670166648,0.2772707790769993,-0.028387105553801195,-0.028797810589570226,0.6377307037391442,12670335.0,0.7761120759632638,1
2025-04-17,60.675601959228516,61.143103713125804,59.81221795345339,60.02905714189869,9023700,63.815315628051756,68.85407608032227,74.99524297714234,61.83628270838279,64.50706323710632,-2.670780528723533,-2.845678968336189,0.17489843961265583,42.35162752668558,63.815315628051756,72.52497423813537,55.10565701796815,0.27296452346480427,0.012616205875190856,0.012537284647599286,0.6414115198139695,12748840.0,0.7078055728991814,0
2025-04-21,59.96440505981445,60.635814660355436,59.13882096132107,59.91964619050341,7354100,63.322699546813965,68.49032081604004,75.00178300857544,61.54830153167997,64.1705700387884,-2.62226850710843,-2.800996876090637,0.178728368982207,41.052437479793014,63.322699546813965,71.71173239628746,54.93366669734048,0.26496131433157066,-0.011721299442434163,-0.011790535428346464,0.6397398246795146,12386355.0,0.593725918561191,1
2025-04-22,61.09336853027344,61.5807643950646,59.6311885247216,60.40703929478628,9390100,62.8477388381958,68.17421089172363,75.01063568115234,61.478311839155886,63.94262918630581,-2.4643173471499225,-2.7336609703024943,0.2693436231525719,41.65179193231624,62.8477388381958,70.55135869679692,55.14411897959468,0.2451518543390852,0.0188272270746761,0.018652188417300684,0.6431842278332865,12360310.0,0.7596977745703789,1
2025-04-23,62.127838134765625,64.22661780664633,61.83937943795313,62.38148311261184,9838900,62.42997226715088,67.86028923034668,75.0240638923645,61.57823896155738,63.808200219525055,-2.2299612579676733,-2.6329210278355304,0.4029597698678571,41.63098011991993,62.42997226715088,69.24512923752671,55.614815296775056,0.218329649137512,0.016932600532242326,0.01679084204062833,0.6483696910557949,12517725.0,0.785997455607948,1
2025-04-24,64.42555236816406,64.48523845094101,62.4262431380358,62.565501810890005,10877000,62.17135486602783,67.6327060699463,75.05231285095215,62.01628717795841,63.85393000831313,-1.8376428303547172,-2.4738653883393678,0.6362225579846505,56.147044512055515,62.17135486602783,68.1868737205729,56.15583601148276,0.19351416315464984,0.03698365020225425,0.03631616268361385,0.664862155016376,12689095.0,0.8571927312389103,1
2025-04-25,64.99251556396484,65.07209194200868,64.14206673868718,64.14206673868718,8693400,61.99629077911377,67.41526863098144,75.08384424209595,62.47416846811325,63.93826967910214,-1.4641012109888933,-2.271912552869273,0.8078113418803796,65.7549703239529,61.99629077911377,67.41086058383293,56.581720974394614,0.17467399215900503,0.008800284591443441,0.008761787777418208,0.6643114959119968,12729610.0,0.6829274423961142,0
2025-04-28,64.58470153808594,65.46996789692409,63.788952915192155,64.9577072821634,14251500,61.985349082946776,67.18330894470215,75.11383388519288,62.79886586349366,63.98615352050835,-1.1872876570146929,-2.054987573698357,0.8676999166836641,64.30489099035312,61.985349082946776,67.37686859232116,56.5938295735724,0.17396109206901855,-0.006274784447719117,-0.006294553649359264,0.6356870040533346,12615370.0,1.1296933819618449,1
2025-04-29,65.9673080444336,67.0714056398726,64.0177322910081,66.01704517853564,19706800,62.03856449127197,66.95154808044434,75.14531555175782,63.28631850671519,64.13290570746578,-0.8465872007505908,-1.8133074991088036,0.9667202983582128,69.6775842687874,62.03856449127197,67.57051885917502,56.50661012336891,0.1783392124968118,0.021407647220175186,0.02118172220178828,0.6399808805035396,13022610.0,1.5132757565495703,0
2025-04-30,65.48986053466797,65.63906435538786,63.20209644264202,64.80850577959373,10293800,62.02563343048096,66.69730720520019,75.17301742553711,63.625324972554075,64.23342087985112,-0.6080959072970487,-1.5722651807464527,0.9641692734494041,55.6996428825042,62.02563343048096,67.52216975463301,56.5290971063289,0.17723434716108585,-0.007237638216857856,-0.007263956987721111,0.6392143984777036,13137270.0,0.7835570099419438,0
2025-05-01,65.06214904785156,65.76837231144323,64.50512200353769,65.27103134366142,10073000,61.9390962600708,66.43968467712402,75.19758605957031,63.84637483029215,64.29480815155486,-0.44843332126271207,-1.3474988088497046,0.8990654875869926,67.80471294765344,61.9390962600708,67.16757042137563,56.71062209876597,0.16882629799283594,-0.00653095736232312,-0.006552377377429401,0.6370370411818497,13234770.0,0.7611012507206396,1
2025-05-02,66.88241577148438,67.39965466289755,65.62912191138157,65.78329640766889,10081500,62.214125633239746,66.23298973083496,75.2245916557312,64.31345805201403,64.48648279006817,-0.17302473805413854,-1.1126039946905915,0.9395792566364529,67.32491078825547,62.214125633239746,67.87959838004609,56.5486528864334,0.18212818034942846,0.027977353196465327,0.02759313682578224,0.5682282577650741,12814850.0,0.7867044873720722,1
2025-05-05,68.17550659179688,68.99114554500697,66.55417763045114,66.60390717818034,12000300,62.71992149353027,66.10547157287597,75.26089754104615,64.90761936582678,64.75974381241844,0.14787555340834047,-0.8605080850708051,1.0083836384791456,71.77084986774248,62.71992149353027,68.6248670446923,56.81497594236825,0.18829569331559617,0.019333793574839886,0.019149270350928282,0.5252384923881722,12308615.0,0.9749512841209186,0
2025-05-06,67.6881103515625,68.56342774358558,67.43943986179015,67.58863608459667,7659400,63.19339027404785,65.96223731994628,75.30093349456787,65.33538720978612,64.97665985235503,0.35872735743109274,-0.6166609965704256,0.9753883540015184,70.69084962571098,63.19339027404785,69.09724412596385,57.289536422131846,0.18685035970733757,-0.007149139985899611,-0.007174817541986818,0.5278598542741373,11678425.0,0.655858987834404,1
2025-05-07,68.32471466064453,68.57338518121601,67.35987182661565,67.97159918235133,8103700,63.754391479492185,65.85520973205567,75.34748462677003,65.79528374068741,65.22466391222832,0.5706198284590869,-0.3792048315645231,0.94982466002361,81.29633538373517,63.754391479492185,69.34625318905758,58.162529769926785,0.17541887169808923,0.009404965004571775,0.009361013680079008,0.5179788487869368,11256930.0,0.7198854394581826,1
2025-05-08,70.10519409179688,70.56871173719922,68.93146897144202,68.93146897144202,11791500,64.0791555404663,65.82397682189941,75.39577646255493,66.45834687162733,65.58618466627044,0.8721622053568865,-0.1289314241802412,1.0010936295371278,82.62219576925564,64.0791555404663,70.34904588444674,57.80926519648587,0.19569204029291457,0.026059083305296493,0.025725331158104298,0.34958138183245335,10721405.0,1.0998092134379776,0
2025-05-09,69.88636016845703,70.94072067095078,69.63768966588236,70.49311680184496,7470500,64.56157627105713,65.81462684631347,75.4482459449768,66.98573353267805,65.90471618495093,1.0810173477271263,0.11305833020123231,0.967959017525894,85.53616832325716,64.56157627105713,71.0673450410635,58.055807501050765,0.20153686281426486,-0.003121507987743355,-0.0031263900560594754,0.27687446325990783,10375025.0,0.720046457719379,1
2025-05-12,71.92545318603516,73.75567201717048,71.46790037545668,72.58194695044433,12513000,65.04499168395996,65.83969276428223,75.51906730651855,67.7456904024253,66.35069670354976,1.3949936988755383,0.3694454039360935,1.0255482949394448,86.42140880044944,65.04499168395996,72.23103590426862,57.858947463651305,0.220956111585782,0.029177267390418038,0.02875971353132008,0.27186556028028375,10354705.0,1.2084361650090467,0
2025-05-13,71.90556335449219,72.26364948490377,71.50768903305472,72.02492792756988,8076200,65.54332733154297,65.89022270202636,75.5940166091919,68.38567085658943,66.76216830732326,1.6235025492661634,0.6202568330021075,1.0032457162640558,85.2835877765921,65.54332733154297,73.1899834487755,57.89667121431044,0.2333313375609647,-0.0002765339759698282,-0.0002765722185401702,0.26944882624861266,10308640.0,0.7834399105992643,1
2025-05-14,72.29348754882812,72.94997371796686,71.85582504352139,72.27359724805116,7724000,66.07448749542236,65.99366966247558,75.6655839729309,68.98687342462615,67.17189565854585,1.814977766080304,0.8592010196177469,0.9557767464625571,82.93091974591934,66.07448749542236,74.05684289837484,58.09213209246988,0.24161686924943598,0.005394912107474781,0.00538041169806144,0.2659107593645041,10237800.0,0.7544589657934322,0
2025-05-15,71.18939208984375,72.28354079749143,71.06008615881629,71.95529390855064,8116500,66.63797492980957,66.03484947204589,75.7283981513977,69.32572245004424,67.46948798679014,1.856234463254097,1.058607708345017,0.7976267549090801,74.82075901247093,66.63797492980957,74.37837164034394,58.8975782192752,0.23231188278717668,-0.015272405529455968,-0.015390229895123618,0.24531329163220864,10151945.0,0.7995019673569942,1
2025-05-16,71.79615020751953,71.83593839992044,70.70200147737084,71.08992686725246,8717900,67.19400234222412,66.11641349792481,75.76908065795898,69.7057882588866,67.78998148462195,1.9158067742646523,1.230047521528944,0.6857592527357084,78.43138434476481,67.19400234222412,74.72588296236538,59.66212172208287,0.22418312223108292,0.008523153518575244,0.008487036520999773,0.2448912561350673,10136655.0,0.8600371621604957,1
2025-05-19,71.9354019165039,72.15423317065466,70.73183760749615,70.78157474301092,7434900,67.7925521850586,66.15301765441895,75.80160678863525,70.04880574467388,68.09704966476136,1.9517560799125278,1.3743892332056609,0.5773668467068669,76.08696522138155,67.7925521850586,74.78897799033192,60.79612637978528,0.20640691579731743,0.0019395428387438685,0.0019376643540743531,0.23446336170780066,10140695.0,0.7331745999657815,1
2025-05-20,72.22386169433594,72.39295581551745,71.35848560957282,71.50768942954184,8403200,68.34907684326171,66.24154426574707,75.83791271209716,70.38342973692959,68.40273944472985,1.9806902921997391,1.4956494450044766,0.4850408471952625,79.92927968771299,68.34907684326171,74.85535599908312,61.84279768744031,0.19038381954277508,0.004009983542829776,0.004001964987857263,0.23232114236578305,10091350.0,0.832713165235573,0
2025-05-21,71.26896667480469,72.81470334965206,71.12473353535401,71.81603722041446,8094300,68.80613327026367,66.31455390930176,75.8860055923462,70.51966618891036,68.61505257288354,1.9046136160268219,1.5774422792089458,0.32717133681787613,76.35135135135135,68.80613327026367,74.73055834412432,62.88170819640302,0.17220630755662714,-0.013221323218253422,-0.013309503010191992,0.24225611041534806,10004120.0,0.8090966521793022,0
2025-05-22,71.07002258300781,71.60218107107113,70.9009284721324,71.09489114962385,6451000,69.13835678100585,66.37085273742676,75.94066333770752,70.6043364033869,68.79690220326312,1.8074342001237795,1.6234406633919127,0.1839935367318668,70.61699458354931,69.13835678100585,74.76625001538984,63.510463546621864,0.16280089653302612,-0.0027914546973109022,-0.0027953580727305342,0.21675510118832816,9782820.0,0.6594213120552151,0
2025-05-23,69.4785385131836,69.76699721351972,69.04088357889918,69.09061312727474,7683600,69.3626579284668,66.4293399810791,75.97597454071045,70.43113672797101,68.84739378177575,1.5837429461952581,1.615501119952582,-0.031758173757323815,56.23215186233663,69.3626579284668,74.64159561750726,64.08372023942634,0.15221267023776947,-0.022393183679735196,-0.022647718084751446,0.23686440088054606,9732330.0,0.7894923415050661,1
2025-05-27,71.09986877441406,71.61212936903189,70.28920056073957,70.37374761541406,8770900,69.6884162902832,66.47967094421386,76.0194421195984,70.53401858126993,69.01424378123043,1.5197748000394995,1.5963558559699655,-0.07658105593046605,64.72102908218488,69.6884162902832,74.51020420702545,64.86662837354095,0.13838133145851284,0.023335698993190768,0.023067584648054466,0.24395778397574233,9458300.0,0.9273230918875485,0
2025-05-28,71.0600814819336,71.65191846093835,70.72188567015041,71.19933634889694,6292100,69.9430549621582,66.51528053283691,76.05505172729492,70.6149513352182,69.16578731461586,1.449164020602339,1.5669174888964403,-0.11775346829410127,62.44341064608695,69.9430549621582,74.4660671314768,65.4200427928396,0.12933413251010334,-0.0005595972702383545,-0.0005597539032277716,0.2366285435306716,8787565.0,0.7160231531715555,0
2025-05-29,70.55279541015625,72.06371459360035,69.87641133848707,71.7762576239187,7058300,70.19620170593262,66.55606254577637,76.08593658447266,70.60538888520867,69.26852865502626,1.3368602301824097,1.5209060371536343,-0.18404580697122452,52.30294199387327,70.19620170593262,74.20757928727073,66.18482412459451,0.1142904454614982,-0.007138833240802223,-0.007164436635834753,0.2365675016337756,8625790.0,0.8182786736055481,0
2025-05-30,69.90625,70.70199863842227,69.15028955238098,70.5826340660125,14937200,70.43840675354004,66.56163276672363,76.11985525131226,70.49782905671503,69.31576727317247,1.182061783542565,1.4531371864314204,-0.27107540288885534,50.098020563638926,70.43840675354004,73.64974431941144,67.22706918766863,0.09118143677234751,-0.00916399423151959,-0.00920624192984163,0.2382762008471409,8869000.0,1.6842034051189536,1
2025-06-02,70.55279541015625,70.58263465630287,68.68279595969275,68.90659789461401,7518200,70.62192573547364,66.58669883728027,76.14880048751832,70.50628541878291,69.40739898702311,1.0988864317597944,1.3822870354970953,-0.2834006037373009,42.1591058651668,70.62192573547364,73.36264024604216,67.88121122490512,0.07761653288340883,0.009248749720607963,0.009206241929841583,0.22166597674054347,8740835.0,0.8601237753601344,1
2025-06-03,70.95066833496094,71.05013501643072,69.48848459200907,70.62242145617147,7316400,70.76068382263183,66.60937767028808,76.17461248397827,70.57465202127183,69.5217152350185,1.0529367862533263,1.3164169856483416,-0.2634801993950153,44.771239645667514,70.76068382263183,73.24929916666844,68.27206847859523,0.0703389286139333,0.005639364429030236,0.005623522743568282,0.21326195714050705,8506640.0,0.8600810660848467,1
2025-06-04,72.41284942626953,72.68141021528578,70.9506657368605,71.10981090362023,7712300,70.99692077636719,66.64578300476074,76.19878324508667,70.85745162204071,69.73587332325933,1.1215782987813867,1.2774492482749509,-0.15587094949356417,50.58479554022848,70.99692077636719,73.12890850965624,68.86493304307814,0.060058597189153816,0.02060841885809417,0.02039893854384521,0.21998095388216038,8509285.0,0.9063393692889591,0
2025-06-05,72.08460235595703,73.15886068663086,71.69667700135055,72.40787095518874,6323600,71.1849151611328,66.67781166076661,76.2212133216858,71.04624404264322,69.90985325160732,1.1363907910359075,1.249237556827142,-0.11284676579123465,54.74681521576433,71.1849151611328,72.95757557450248,69.41225474776313,0.04980438367755635,-0.004532994805662494,-0.004543299980612064,0.22055641453206784,8420280.0,0.7509964039200596,1
2025-06-06,73.03950500488281,73.22849702738527,72.25370525568339,72.87538155199731,7240200,71.33163070678711,66.74664375305176,76.241107006073,71.35289957529547,70.1416793074055,1.2112202678899706,1.241634099039708,-0.03041383114973728,56.35809351998733,71.33163070678711,73.21055763148019,69.45270378209403,0.052681451582580974,0.013246971166053223,0.013159997295120037,0.20688048191517788,8192715.0,0.8837363438127653,1
2025-06-09,73.15885925292969,73.57662384373107,72.56204402170381,73.30805547191525,6166500,71.49525566101075,66.83994499206543,76.24936288833618,71.63073952570073,70.36517411818507,1.2655654075156662,1.2464203607348996,0.01914504678076656,56.269102151012646,71.49525566101075,73.41379321054272,69.57671811147877,0.05366894717122418,0.0016341053795325688,0.001632771682073973,0.2059652693675742,8127515.0,0.7587189934438755,1
2025-06-10,74.36243438720703,74.8697167837928,72.93008976432485,73.18870922986125,9510700,71.61710472106934,67.03112297058105,76.26577520370483,72.05100027362478,70.66126747144595,1.3897328021788269,1.275082849023685,0.11464995315514193,60.018657183194236,71.61710472106934,73.9214454822029,69.31276395993578,0.06435168721518103,0.01645152954225626,0.01631766927228955,0.1881836254249787,7977400.0,1.1922054804823627,0
2025-06-11,74.21322631835938,74.81003401419581,73.53684223939233,74.70061838459661,7706100,71.7324878692627,67.21732749938965,76.28114309310914,72.38365043435317,70.92437553418029,1.4592749001728862,1.3119212592535254,0.14735364091936076,64.91933176734022,71.7324878692627,74.31228013663345,69.15269560189195,0.0719281414600479,-0.0020064979055247623,-0.0020085136192487785,0.18852865358953164,7958895.0,0.9682374249189115,1
2025-06-12,74.41216278076172,74.90652140576418,73.60647273733017,73.62636303952888,8644600,71.83842163085937,67.39060111999511,76.29661043167114,72.69572925687757,71.18273014503816,1.512999111839406,1.3521368297707015,0.16086228206870445,66.93550943655906,71.83842163085937,74.67629727934079,69.00054598237796,0.07900718262057023,0.0026806065747491115,0.0026770201566990223,0.18805870156264048,8004925.0,1.0799101802952558,0
2025-06-13,70.45333099365234,73.82032424844068,70.15591748059015,72.91019685639789,16744400,71.8016185760498,67.46380989074707,76.2905926322937,72.35074490868908,71.12870057826885,1.222044330420232,1.3261183299006076,-0.10407399948037566,53.983751700845716,71.8016185760498,74.69351119484169,68.90972595725792,0.08055229606638721,-0.053201407393212885,-0.054668887817021866,0.26529137312439344,8436320.0,1.9847990593054792,1
2025-06-16,71.87571716308594,72.09951907576185,70.69204325811366,71.2490627010085,7195500,71.80559692382812,67.67368766784668,76.2939248085022,72.27766371705782,71.18403514010716,1.093628576950664,1.279620379310619,-0.18599180235995494,53.22312362681596,71.80559692382812,74.69767678062703,68.9135170670292,0.08055304824961915,0.020189054930018102,0.01998795809197277,0.27358875924635395,8360200.0,0.8606851510729409,0
2025-06-17,70.29417419433594,71.71656973918473,70.09026256570017,71.53752667798624,7374300,71.72353553771973,67.91837936401367,76.29511838912964,71.97251148279291,71.11811951449447,0.8543919682984438,1.1945746971081839,-0.3401827288097401,47.17948055173607,71.72353553771973,74.69223065866305,68.7548404167764,0.08278161690403768,-0.022003856534209998,-0.02224955224160778,0.2845497832794712,8357170.0,0.8823920059063056,0
2025-06-18,68.2053451538086,70.89695594904006,67.16092600729517,70.13503068252724,20427700,71.52260971069336,68.11811157226562,76.27229043960571,71.39294743217994,70.90235845073995,0.4905889814399842,1.053777553974544,-0.5631885725345598,42.257217847769034,71.52260971069336,74.86869554595347,68.17652387543325,0.0935672187800451,-0.02971553566804197,-0.03016598827976676,0.30136249748897787,8958395.0,2.2802856984984476,1
2025-06-20,69.67748260498047,70.1748236440201,68.18545948786159,68.46396925551225,18497900,71.44303550720215,68.36956741333007,76.26045377731323,71.12902976645694,70.81162690660962,0.31740285984732,0.9065026151490992,-0.5890997553017793,49.284410921151796,71.44303550720215,74.88873145400962,67.99733956039469,0.09645995364964866,0.021583901494114377,0.02135426748176009,0.3104111238501161,9478575.0,1.951548624133902,1
2025-06-23,71.6270523071289,71.7633247719953,69.78689214127729,70.62242137120377,11447900,71.4708869934082,68.52991020202637,76.26050352096557,71.20564861886801,70.87202878812957,0.33361983073844215,0.7919260582669678,-0.4583062275285257,53.10702024831448,71.4708869934082,74.91289091050213,68.02888307631427,0.09631904854941525,0.027979910141143316,0.02759562417775554,0.3267691746307042,9728420.0,1.1767481255949064,1
2025-06-24,73.1886978149414,73.54678391481283,72.16417664707292,72.73611571804545,9500900,71.6563949584961,68.78892524719238,76.26532770156861,71.5107331105716,71.04363390122674,0.46709920934486604,0.7269606884825476,-0.25986147913768154,56.06467765577611,71.6563949584961,75.0457984003341,68.26699151665808,0.09460156190668481,0.02180245392643454,0.021568179483838195,0.32317176778117707,9819285.0,0.967575541396344,0
2025-06-25,72.6814193725586,73.85514453197314,72.02990382355877,73.74572889593111,7851900,71.73547248840332,68.99741073608398,76.27050008773804,71.69083868933883,71.16495134354763,0.5258873457912046,0.686746019944279,-0.16085867415307442,50.767498628610205,71.73547248840332,75.14394963179811,68.32699534500853,0.09502905675977255,-0.006931103538219463,-0.006955235207055882,0.3154335018281713,9773335.0,0.8034002722714406,1
2025-06-26,72.78087615966797,72.98975845764696,71.22917475249773,72.85548185890254,10235600,71.82151222229004,69.2142512512207,76.29178625106812,71.85853676169717,71.28464947807505,0.5738872836221134,0.6641742726798459,-0.09028698905773247,52.016121549626966,71.82151222229004,75.24504724310637,68.39797720147371,0.09533452902579866,0.001368393572497073,0.0013674581752429378,0.31535774665538735,9970510.0,1.0265874062610638,1
2025-06-27,73.24838256835938,73.35779819650395,72.46756113713292,72.88034749288931,10449500,71.9562915802002,69.44581321716309,76.31312219619751,72.07235919349135,71.43011118846648,0.642248005024868,0.6597890191488504,-0.017541014123982346,50.62239079176257,71.9562915802002,75.38176332835923,68.53081983204117,0.09520979119222964,0.00642347871253679,0.0064029360962616615,0.3141669642059872,10140070.0,1.0305155684329594,1
2025-06-30,73.92476654052734,74.14359779652696,73.26828036134997,73.5467901094144,7738000,72.15721740722657,69.72591567993165,76.34032678604126,72.35734493918919,71.61490047380433,0.7424444653848639,0.676320108396053,0.0661243569888108,52.208844001121264,72.15721740722657,75.54762551004536,68.76680930440777,0.09397280617639908,0.009234114781124791,0.009191740999721434,0.3122269868538536,9780110.0,0.7911976450162626,1
2025-07-01,74.88960266113281,75.29244762448745,73.40752872532782,73.55672494225858,8633800,72.37405776977539,70.01019569396972,76.36986883163452,72.74692305025744,71.85747100619902,0.8894520440584159,0.7189464955285256,0.1705055485298903,51.54155851862957,72.37405776977539,75.88500255540785,68.86311298414293,0.09702218982389818,0.013051595098058533,0.01296715693896229,0.3135279387335905,9835890.0,0.8777853351348989,1
2025-07-02,75.90418243408203,76.45623125812618,74.6011514177417,74.61110036280077,9361500,72.62173347473144,70.32899124145507,76.39946062088012,73.23265526315353,72.15722740826443,1.0754278548890994,0.7902427674006404,0.28518508748845905,54.70653415256393,72.62173347473144,76.39869579308522,68.84477115637766,0.10401741015085977,0.013547671998475952,0.013456722802702319,0.31560217513108574,9938145.0,0.9419765962360179,1
2025-07-03,76.18268585205078,76.94859519267582,76.06829955425594,76.30205041637208,5263400,72.8102252960205,70.63077758789062,76.43173803329468,73.68650612298387,72.45540951521157,1.231096607772301,0.8784135354749725,0.3526830722973284,54.90626622624309,72.8102252960205,76.9061032402529,68.7143473517881,0.11250831672557018,0.0036691445588075133,0.0036624296681680157,0.309134959572732,9815700.0,0.5362225821897573,0
2025-07-07,75.77487182617188,76.42141661631338,75.21785235839265,75.8047110706856,5918600,72.99473876953125,70.90371826171875,76.45715215682984,74.00779315424356,72.70129561231974,1.306497541923818,0.9640303367647416,0.34246720515907647,68.35967544011578,72.99473876953125,77.28103818182493,68.70843935723758,0.1174413248008723,-0.00535310643511433,-0.0053674856479621336,0.30940388031611615,9795450.0,0.6042193059022302,0
2025-07-08,74.63098907470703,76.10809244842669,74.11375777497413,76.03349433412626,8758400,73.07431297302246,71.1078269958496,76.47336545944214,74.10366944969948,72.84423586879288,1.2594335809066024,1.0231109855931138,0.23632259531348865,59.69212899471995,73.07431297302246,77.42275231954484,68.72587362650007,0.11901416981170218,-0.015095805824507647,-0.015210907337029693,0.3129055416880018,9871360.0,0.8872536307053942,0
2025-07-09,74.43206024169922,75.38695410698028,73.9794780838689,75.0885464539704,6755700,73.13797302246094,71.2966178894043,76.48187002182007,74.15419111000713,72.96185248900815,1.1923386209989815,1.0569565126742873,0.13538210832469422,66.12412305398105,73.13797302246094,77.52869697903809,68.74724906588379,0.12006687566330941,-0.002665499083881695,-0.00266905785190008,0.3132104101418368,9900820.0,0.6823374225569195,1
2025-07-10,75.29742431640625,75.81466320581606,73.73577388095596,74.05905008404245,6380200,73.18472251892089,71.5108723449707,76.4725697517395,74.33007314176085,73.13485780955615,1.1952153322046968,1.0846082765803693,0.11060705562432749,80.54853565862992,73.18472251892089,77.6496238627327,68.71982117510909,0.12201730607525266,0.011626227621497787,0.011559162347385564,0.3105202641907981,9744295.0,0.6547626072486517,0
2025-07-11,70.98051452636719,74.80009010808746,70.4135460388049,74.77025085960872,21877700,73.0230869293213,71.61113647460938,76.44571336746216,73.81475643170029,72.97527682561622,0.839479606084069,1.0355825424811094,-0.19610293639704035,54.50793126256705,73.0230869293213,77.56461636286636,68.48155749577623,0.12438612566299177,-0.05733144034116011,-0.0590405325111463,0.37299026947007474,10452875.0,2.0929839876588976,1
2025-07-14,73.49705505371094,73.91481968763183,71.15955378621449,71.17944408785857,12993900,72.97733154296876,71.77128036499023,76.42691389083862,73.765879296625,73.01392706473435,0.7519522318906553,0.9788564803630185,-0.22690424847236323,56.225195603288135,72.97733154296876,77.47819271282734,68.47647037311017,0.12334956827541693,0.03545396288172764,0.034839942035364765,0.39583720975534153,10670340.0,1.2177587593272567,0
2025-07-15,72.5719985961914,73.51695105972975,72.55210829505717,73.37768859650411,7333600,73.0832649230957,71.92147735595704,76.40015699386596,73.58220534271214,72.98119162262006,0.6010137200920838,0.9032879283088316,-0.3022742082167479,47.85615850508218,73.0832649230957,77.43112820808162,68.73540163810978,0.11898382727047303,-0.012586306442394335,-0.012666184955375984,0.3471273034274817,10199800.0,0.718994490088041,1
2025-07-16,72.58194732666016,73.18870395855132,71.34854376180239,72.87040601959379,9671100,73.11857643127442,72.03546798706054,76.37832372665406,73.42831949408875,72.95161797106748,0.47670152302127633,0.8179706472513206,-0.3412691242300443,49.641818697294774,73.11857643127442,77.43651469723338,68.80063816531546,0.1181078318727245,0.00013708772889264864,0.00013707833322861918,0.3401995719920745,10323580.0,0.9367971188289334,1
2025-07-17,73.46721649169922,73.78551444272352,71.96524447804309,72.08460905548537,8522700,73.27722854614258,72.14130218505859,76.34738912582398,73.43430364756729,72.98981045407723,0.4444931934900609,0.7432751564990687,-0.29878196300900783,52.339021937300906,73.27722854614258,77.38633777604869,69.16811931623647,0.11215241928312311,0.012196823006895174,0.012123041091961637,0.33146280647276327,10381000.0,0.8209902706868317,1
2025-07-18,73.77555847167969,73.95460152638178,72.89426868477031,73.70593103867449,9011600,73.55573921203613,72.26305114746094,76.32893774032593,73.48680438973842,73.04801401093667,0.4387903788017553,0.6823782009596061,-0.2435878221578508,51.81629975123071,73.55573921203613,76.90161385654353,70.20986456752873,0.09097521635565071,0.004197000984994537,0.0041882181421847514,0.30895018652434375,9810195.0,0.9185953999895007,1
2025-07-21,74.42211151123047,75.82461686007781,73.84519409444978,73.95460972828135,8200400,73.79297065734863,72.38499908447265,76.31297311782836,73.6306977930449,73.14979901095843,0.4808987820864701,0.642082317184979,-0.1611835350985089,51.71705156422692,73.79297065734863,76.61244495987343,70.97349635482384,0.07641579617703113,0.00876378373738751,0.008725604684516332,0.30262283906170784,9295320.0,0.8822073903856995,1
2025-07-22,75.59583282470703,75.74503664409905,74.36739993419982,74.36739993419982,9094400,73.99140968322754,72.49481185913086,76.30566221237183,73.93302625945446,73.33098670086574,0.6020395585887286,0.6340737654657289,-0.032034206877000315,52.40354730106931,73.99140968322754,76.72642114792703,71.25639821852806,0.07392781071231457,0.01577113695973864,0.01564806488379893,0.2924422494656394,9177645.0,0.9909295903251869,1
2025-07-23,76.25232696533203,76.81929541072175,75.50631545356549,76.51591709238382,9283200,74.14459114074707,72.62213119506836,76.3017829322815,74.28984175266639,73.54738227601139,0.7424594766550001,0.6557509077035832,0.08670856895141688,51.21445809810838,74.14459114074707,77.02937795460369,71.25980432689045,0.07781516546177976,0.008684263617378063,0.008646772300054296,0.28478168204274407,9166760.0,1.012702416120854,1
2025-07-24,77.40615844726562,78.3411620222547,76.93865665977108,77.32658206028316,10504300,74.38082809448242,72.73174530029297,76.30431940078735,74.76927509029704,73.83321754795615,0.9360575423408903,0.7118122346310447,0.22424530770984563,54.022290234565666,74.38082809448242,77.52341394800732,71.23824224095753,0.08449988885665577,0.015131754372009976,0.015018411332580908,0.2861559646722837,9299380.0,1.1295699283178018,1
2025-07-25,77.56529998779297,78.39585848597872,77.0878493238672,77.17736705464155,6888100,74.62004928588867,72.84494003295899,76.29745607376098,75.19943276683487,74.10966809905517,1.0897646677797042,0.7874027212607766,0.30236194651892756,55.98405781210556,74.62004928588867,77.97130191106737,71.26879666070997,0.08982177463697963,0.002055928671822249,0.0020538181427069246,0.28610445553113084,9132005.0,0.7542812339677869,1
2025-07-28,77.80403137207031,79.07722318524388,77.51557266614476,78.09249007799586,15978400,74.84783172607422,72.95515090942382,76.28731035232543,75.6001402445634,74.38332463779703,1.2168156067663745,0.8732852983618962,0.3435303084044783,61.288082966244076,74.84783172607422,78.41862915402415,71.27703429812429,0.0954148529250178,0.0030778116543725975,0.0030730848883296145,0.28587346912690537,9408450.0,1.698303121130473,0
2025-07-29,71.07002258300781,72.89029238027898,69.93608576246994,71.34853990475803,42890700,74.70509452819825,72.9527635192871,76.23901849746704,74.90319906586255,74.1378948559608,0.7653042099017568,0.8516890806698684,-0.08638487076811152,41.835716463962534,74.70509452819825,78.6408319290693,70.7693571273272,0.10536730930406524,-0.08655089807441319,-0.0905276223676076,0.4265430673610094,11166085.0,3.8411582931707935,0
2025-07-30,69.33927917480469,71.82101342038281,69.18510468376222,71.80609379794781,20790400,74.42757835388184,72.90362609863281,76.17963594436645,74.04721139031518,73.78244184254181,0.26476954777336914,0.7343051740905686,-0.4695356263171995,36.114975243475904,74.42757835388184,79.03410150529433,69.82105520246935,0.12378538314144226,-0.024352650320065172,-0.024654079910831534,0.43013863095384935,11773915.0,1.7658017745159533,0
2025-07-31,68.39434051513672,69.68245196047734,68.09593286184939,69.10553454482684,16657600,74.05208625793458,72.83280487060547,76.12880769729614,73.17753894798004,73.38332322569698,-0.20578427771694408,0.5462872837290661,-0.7520715614460102,42.84928342004128,74.05208625793458,79.32755035352183,68.77662216234732,0.1424798236530978,-0.0136277542961728,-0.013721464486666814,0.4266719137879023,12138720.0,1.372269893366022,0
2025-08-01,66.75310516357422,67.98650863623114,66.21597600883148,67.63837147727405,15181100,73.58060722351074,72.72338973999024,76.06216398239135,72.18916451960992,72.89219596183605,-0.7030314422261341,0.29642353853802605,-0.9994549807641602,30.40462622517778,73.58060722351074,79.67607227723452,67.48514216978695,0.1656812924962147,-0.023996654389836114,-0.024289264695653453,0.43063714454111773,12634605.0,1.201549237194198,1
2025-08-04,67.64832305908203,68.2053425351315,66.91723120235649,67.46430173381331,11756800,73.17427978515624,72.65097686767578,75.9992006111145,71.49057352568255,72.50376093200242,-1.0131874063198723,0.034501349566446404,-1.0476887558863186,35.668806499264065,73.17427978515624,79.72063202081736,66.62792754949513,0.17892495163277514,0.013410880187732621,0.013321750323069264,0.43625421154790817,12926515.0,0.9095104132861797,0
2025-08-05,67.46928405761719,68.30481332193388,67.05151942545884,68.0959310058547,10714700,72.81619453430176,72.57896209716797,75.94091222763062,70.87191360751865,72.130836719085,-1.2589231115663466,-0.2241835426601122,-1.0347395689062344,35.263778944039814,72.81619453430176,79.79617235703493,65.83621671156858,0.19171498503523404,-0.0026466140381407044,-0.0026501225128269445,0.4347765939647111,13024330.0,0.8226680374345552,1
2025-08-06,69.05081939697266,69.2398113965777,67.84626100822756,67.93678046579618,11913000,72.54713249206543,72.57040771484375,75.88421533584595,70.59174526743465,71.90268728781741,-1.3109420203827682,-0.4415352382046434,-0.8694067821781248,37.76182853122324,72.54713249206543,79.67808163855723,65.41618334557363,0.19658803598534297,0.023440819944152258,0.02317030319116976,0.4460953500897278,13282195.0,0.8969150053887931,0
2025-08-07,67.85720825195312,69.79683514494396,67.32007905339685,69.62774102377482,10129300,72.17512168884278,72.50555450439452,75.82652379989624,70.17104726505288,71.60302217404968,-1.431974908996807,-0.6396231723630761,-0.7923517366337309,34.366812895903166,72.17512168884278,79.47621047890063,64.87403289878493,0.20231593987562305,-0.01728598089701827,-0.01743712781240745,0.445019395889606,13469650.0,0.7520091464885873,0
2025-08-08,67.29023742675781,68.24513121635992,67.06145723240567,68.07603710117253,9683400,71.9906078338623,72.43015762329101,75.7604271888733,69.72784575146902,71.28355663721324,-1.5557108857442188,-0.8228407150393047,-0.7328701707049141,31.081779564114868,71.9906078338623,79.59887361522344,64.38234205250116,0.2113682884556069,-0.008355351477033257,-0.00839045308712821,0.40002819415877017,12859935.0,0.7529898090464687,0
2025-08-11,66.7232666015625,68.11582284044094,66.54422354815212,67.44938017068947,10118600,71.65191841125488,72.35356704711914,75.69338563919068,69.26560280532955,70.94575737531318,-1.6801545699836282,-0.9943034860281694,-0.6858510839554588,25.68156525281286,71.65191841125488,79.57441673970986,63.7294200827999,0.2211384846106378,-0.008425751593051367,-0.008461448897178892,0.374533954263961,12716170.0,0.7957270152884084,1
2025-08-12,67.60853576660156,68.37443755633203,66.87247322222379,66.88241457812715,9747500,71.40374526977538,72.30761276245117,75.62902967453003,69.01066941475601,70.69855577466788,-1.6878863599118716,-1.13302006080491,-0.5548662991069617,26.60203389998526,71.40374526977538,79.51363528631951,63.29385525323126,0.22715587217179145,0.013267773149139073,0.01318052710685216,0.37839818738891073,12836865.0,0.7593364890882626,1
2025-08-13,70.25438690185547,70.35386117287554,67.78757979251431,67.86715617380182,12344700,71.28736724853516,72.30164459228516,75.57830087661743,69.20201056661746,70.66565437668177,-1.4636438100643119,-1.1991448106567903,-0.26449899940752153,32.08767018583099,71.28736724853516,79.39286881198419,63.181865685086144,0.22740358849808906,0.03913486818273837,0.038388509451221645,0.40725538932088523,12970545.0,0.9517487507271283,0
2025-08-14,69.01103210449219,69.44869459817939,67.86715391406254,69.07071818288118,10695400,71.0645580291748,72.26285186767578,75.51857023239135,69.17262926475203,70.54308976392699,-1.3704604991749534,-1.233407948360423,-0.13705255081453038,29.678638941398873,71.0645580291748,79.16274585865142,62.96637019969819,0.22791073508546944,-0.01769789549370393,-0.017856375876349594,0.4079341220888996,13079180.0,0.817742396694594,0
2025-08-15,68.86183166503906,69.78688614081695,68.79220423519861,69.20001987031537,8128000,70.81887168884278,72.19183151245117,75.45655179977418,69.12481424941157,70.41855212697233,-1.2937378775607584,-1.2454739342004901,-0.04826394336026829,28.666326902075,70.81887168884278,78.86875973718529,62.76898364050027,0.22733737085536584,-0.0021619795401294217,-0.0021643199918429962,0.40711111919952336,13035000.0,0.6235519754507096,1
2025-08-18,69.16024017333984,69.61282231727081,68.86184011831604,68.94140891302942,8410200,70.55577812194824,72.13334426879882,75.3866256904602,69.13026439155439,70.32534383411067,-1.1950794425562776,-1.2353950358716477,0.040315593315370046,43.42467689323673,70.55577812194824,78.45230194534876,62.65925429854771,0.2238377644918668,0.004333438438761217,0.004324076131985176,0.4056974302599147,13045490.0,0.6446825684585248,0
2025-08-19,68.68279266357422,69.99079428609953,68.56342809589455,69.41885519221267,9052800,70.2101261138916,72.04621002197266,75.3307742881775,69.06142258724975,70.2036733770339,-1.1422507897841427,-1.2167661866541466,0.07451539687000386,47.52624912244186,70.2101261138916,77.77602032480921,62.644231902974,0.21552145337681244,-0.006903496988572844,-0.006927436364466318,0.39946703237164877,13043410.0,0.6940516322035418,0
2025-08-20,67.71794891357422,68.74247010689847,67.32007461618453,68.57337599687469,9992300,69.78340721130371,71.93739181518555,75.28034387588501,68.8547343297612,70.01954563899984,-1.1648113092386438,-1.2063752111710462,0.041563901932402336,47.45506111458769,69.78340721130371,76.86137990474755,62.70543451785987,0.20285546310491215,-0.014047823517107871,-0.014147428108636227,0.39768190271396126,13078865.0,0.7640036042882926,0
2025-08-21,67.1907730102539,67.50907095084482,66.56909675216059,67.32007893996158,7039500,69.27263793945312,71.79395858764649,75.22190633773803,68.59874028060624,69.8100069257594,-1.2112666451531595,-1.207353497967469,-0.00391314718569058,51.797419206059956,69.27263793945312,75.45175001324282,63.09352586566342,0.17839979124774985,-0.007784877004959556,-0.007815337349626991,0.3900760077906258,12905625.0,0.5454598285631266,1
2025-08-22,69.52827453613281,69.77694504049036,67.4593341185609,67.54885944631683,9394100,68.87078666687012,71.70025955200195,75.18535177230835,68.74174555068724,69.78913785986114,-1.047392309173901,-1.1753612602087553,0.12796895103485428,56.902866433852836,68.87078666687012,73.67054961963979,64.07102371410045,0.13938458336438797,0.034789025652706584,0.034197565990070546,0.41630609445328687,13030925.0,0.7209081473494783,0
2025-08-25,69.11051177978516,69.43875108691263,68.67284925185285,69.27960590600564,6460300,68.43611068725586,71.59422653198243,75.14233182907104,68.7984788167023,69.738869261337,-0.9403904446347013,-1.1283670970939446,0.18797665245924322,55.92248534100977,68.43611068725586,70.77142015327647,66.10080122123526,0.06824787214143904,-0.006008530473894491,-0.006026654328076917,0.4151811035173438,12555020.0,0.5145591165924068,1
2025-08-26,69.80677795410156,69.87640538545237,68.8120960269065,69.03092726510076,9471500,68.37294845581054,71.58129547119141,75.09722299575806,68.95360176091756,69.74389953487513,-0.7902977739575618,-1.0607532324666682,0.27045545850910635,52.9141155717325,68.37294845581054,70.46385012316547,66.28204678845562,0.0611616645055545,0.01007467831427733,0.010024267044847558,0.2871591381321756,10884060.0,0.8702175474960631,0
2025-08-27,69.27960205078125,69.70731560959896,68.32570238760515,68.36449644222937,8648200,68.36996459960938,71.52937316894531,75.03873567581176,69.00375565166583,69.70950712864595,-0.7057514769801259,-0.9897528813693598,0.28400140438923394,55.78011528235247,68.36996459960938,70.4552225834946,66.28470661572415,0.06099924129248831,-0.00755193003846899,-0.007580590246554778,0.2747628703087099,10276950.0,0.8415142625000608,1
2025-08-28,69.68742370605469,70.18476474326906,69.16024342081897,69.627745210012,5882000,68.43461875915527,71.51723815917968,74.98258588790894,69.10893535234104,69.70787131956511,-0.5989359672240795,-0.9115894985403038,0.3126535313162243,59.86898477017054,68.43461875915527,70.60164097927853,66.26759653903201,0.06333116949916084,0.00588660504970151,0.0058693466858566285,0.27053256773066153,9738170.0,0.6040149227216202,1
2025-08-29,69.81672668457031,70.32400900193625,69.52826801590807,69.64762498996083,5636300,68.58779983520508,71.54946578979492,74.9188267326355,69.21782632653016,69.71593467993587,-0.498108353405712,-0.8288932695133855,0.33078491610767347,63.211578940508694,68.58779983520508,70.68638962190968,66.48921004850047,0.06119425879666236,0.0018554707813713822,0.001853751521823183,0.2538043868457117,9260930.0,0.6086105823065286,0
2025-09-02,68.88172912597656,69.00507024149259,67.78758043379754,68.55348224167642,12882500,68.6494701385498,71.53355072021485,74.83084707260132,69.16611906490652,69.65414167593889,-0.48802261103236333,-0.760719137817181,0.2726965267848177,55.41456741863224,68.6494701385498,70.70384103623144,66.59509924086817,0.05985103434987806,-0.0133921712316597,-0.01348265511531953,0.2561560316987536,9317215.0,1.3826556540768888,1
2025-09-03,69.26966094970703,69.51833147511202,68.43413162698093,68.54354726526489,11808200,68.7394889831543,71.48640289306641,74.7474927330017,69.18204858564506,69.62566162214394,-0.4436130364988742,-0.6972979175535198,0.2536848810546456,44.816790594645475,68.7394889831543,70.73299520871107,66.74598275759753,0.058001776127410885,0.005631853739051618,0.005616054143698899,0.25626730136511977,9371890.0,1.2599593038330583,0
2025-09-04,68.0959243774414,69.52826879264272,65.8777879115448,69.32932785229758,14063500,68.69174423217774,71.38454742431641,74.65374391555787,69.01495255361374,69.51234775216598,-0.49739519855224046,-0.6573173737532639,0.15992217520102348,45.14767147294436,68.69174423217774,70.6995435584408,66.68394490591469,0.05845824265217965,-0.016944453836980844,-0.01708965365316896,0.2503082396645007,9479415.0,1.4835831114050815,0
2025-09-05,67.8969955444336,69.56806161043689,67.80747021811518,68.51369352849221,7794300,68.69373359680176,71.28885894775391,74.56656003952027,68.84295916758603,69.3926920330747,-0.5497328654886644,-0.6358004721003441,0.08606760661167967,44.91082689253914,68.69373359680176,70.69812730547623,66.6893398881273,0.058357396045446305,-0.0029213030710206755,-0.0029255784052318436,0.24266893529323852,9362665.0,0.8324873313314104,1
2025-09-08,68.03624725341797,68.22523166450758,67.43943959806242,68.0959257423072,7954900,68.73103408813476,71.19396636962891,74.47987348556518,68.7188496423294,69.292214641989,-0.5733649996596029,-0.6233133776121959,0.04994837795259299,43.97008865349826,68.73103408813476,70.65146344919252,66.810604727077,0.05588245212767098,0.002050925933729131,0.0020488256563216483,0.24064063849717018,9276240.0,0.8575565099652446,0
2025-09-09,67.32007598876953,68.13571490007894,67.17087217560366,67.8373072737472,8776500,68.76087455749511,71.0754002380371,74.39537523269654,68.50365369562789,69.14613029730609,-0.6424766016781973,-0.6271460224253962,-0.015330579252801124,42.87197701332908,68.76087455749511,70.56496907171636,66.95678004327387,0.052474449338562025,-0.010526319330648515,-0.010582112909383847,0.24180515001066716,9209135.0,0.9530211035021204,0
2025-09-10,65.29093170166016,67.66822128678399,64.88808666990809,67.12115069123779,14352500,68.64499435424804,70.90272354125976,74.30361585617065,68.009388773479,68.86056003096195,-0.851171257482946,-0.6719510694369062,-0.17922018804603979,38.576773915541516,68.64499435424804,70.98026849033998,66.3097202181561,0.06803916754776229,-0.030141740889417346,-0.030605342790217496,0.2599487942247691,9439385.0,1.5204910065645167,1
2025-09-11,66.9122543334961,66.99183071425735,65.36055285275852,65.40034104313915,11154400,68.47788772583007,70.74317657470704,74.21673036575318,67.84059885963548,68.71624109040893,-0.875642230773451,-0.7126893017042152,-0.16295292906923586,48.811508179386536,68.47788772583007,70.80656031960852,66.14921513205162,0.06801239556634475,0.024832278994644907,0.024528968952354794,0.2338591455009852,9379870.0,1.1891849247377628,0
2025-09-12,66.5342788696289,67.3897060031211,66.50443962361756,66.85257680845241,7505600,68.35405006408692,70.55577850341797,74.12755712509156,67.63962655348062,68.55461425924004,-0.9149877057594153,-0.7531489825152552,-0.16183872324416015,34.65843297708395,68.35405006408692,70.82257011340282,65.88553001477102,0.07222746997439013,-0.005648822740051851,-0.005664837678066196,0.2271738822487677,9220380.0,0.814022849383648,1
2025-09-15,66.75310516357422,67.8273634730597,66.44773859923038,66.94209715935988,9597900,68.24861373901368,70.36718688964844,74.02977987289428,67.50323864734118,68.42116914104257,-0.917930493701391,-0.7861052847524824,-0.1318252089489086,37.668988217716056,68.24861373901368,70.80440816317457,65.69281931485278,0.07489659596411401,0.0032889256134285283,0.0032835289272121035,0.22785902889231008,9293875.0,1.0327124046751222,0
2025-09-16,66.49449157714844,66.78295027385826,65.75345832844884,66.47957195394117,9353900,68.11532630920411,70.18157928466798,73.92573614120484,67.34804679038845,68.27845228445783,-0.930405494069376,-0.8149653266158612,-0.11544016745351482,31.842925420774307,68.11532630920411,70.74783463606835,65.48281798233987,0.07729562403956425,-0.003874180621142087,-0.003881704698260818,0.22695369977561633,9341060.0,1.0013745763328787,1
2025-09-17,68.25508117675781,68.90161840195704,66.64369361411254,66.7829484862005,18607800,68.09394073486328,70.05406112670899,73.83462324142457,67.48759054213758,68.27672109129486,-0.789130549157278,-0.8097983711241447,0.020667821966866673,45.052829354553495,68.09394073486328,70.71395849037404,65.47392297935252,0.07695303656201354,0.026477224772321062,0.0261327699655578,0.2471598258771492,9818810.0,1.895117636454927,0
2025-09-18,68.15560913085938,69.9261495130074,67.96662470618381,69.70731825292047,14330500,68.11582374572754,69.92853210449219,73.74485319137574,67.59036263271017,68.26774983496631,-0.677387202256142,-0.7833161373505442,0.10592893509440215,42.376198374220834,68.11582374572754,70.72992307755985,65.50172441389523,0.07675453919754652,-0.0014573573744764978,-0.0014584203526198482,0.24178441417262211,10035720.0,1.427949364868689,0
2025-09-19,67.85720825195312,68.48385518919135,67.56377887895582,68.3943374505094,19774200,68.1491455078125,69.77972778320313,73.65259645462037,67.6314158049014,68.2373393473357,-0.6059235424343115,-0.7478376183672977,0.14191407593298622,40.40896285740745,68.1491455078125,70.73037956877965,65.56791144684536,0.0757524996603586,-0.004378229212702367,-0.004387841725672615,0.2405481771164001,10672455.0,1.8528258024981132,0
2025-09-22,67.32007598876953,67.7477895391404,66.6934290800583,67.39965236763415,13298200,68.03873558044434,69.70651901245117,73.55884763717651,67.58351737165034,68.16939391336784,-0.5858765417174965,-0.7154454030373375,0.12956886131984102,42.046582255659196,68.03873558044434,70.5597924355844,65.51767872530428,0.07410651693135405,-0.0079156257237879,-0.007947120600287861,0.20521947489716075,10867660.0,1.2236488811758925,0
2025-09-23,66.95204162597656,68.62310765544518,66.76305721022977,67.44441193790954,10449000,67.93081207275391,69.57561874389648,73.47017171859741,67.4863672569313,68.07921966985738,-0.5928524129260779,-0.6909268050150856,0.0980743920890077,38.1725148361887,67.93081207275391,70.44347290924995,65.41815123625787,0.0739770587110008,-0.0054669332645193025,-0.005481931632539644,0.20507177446964894,11067095.0,0.9441502038249423,1
2025-09-24,67.4991226196289,68.21529488967614,67.08135799170854,67.29024030566872,9180600,67.81542930603027,69.47416122436523,73.36339262008667,67.48832962042324,68.03624951798861,-0.5479198975653645,-0.6623254235251415,0.11440552595977693,46.746236026002165,67.81542930603027,70.17249261783482,65.45836599422572,0.06951407182480102,0.008171236908779855,0.008138033107257083,0.20375317778772983,11052550.0,0.8306318451398094,0
2025-09-25,66.38507080078125,67.13108225859123,65.84794164049954,66.90230966126926,10773700,67.67070274353027,69.35022369384765,73.25246068954468,67.31859749432448,67.91393998338066,-0.5953424890561791,-0.648928836631349,0.05358634757516989,42.504884640783175,67.67070274353027,70.00457273876027,65.33683274830027,0.0689772649199549,-0.016504685922001716,-0.016642405701233636,0.20961504027053202,11158825.0,0.965486957632188,1
2025-09-26,66.94210052490234,67.27033981195231,65.96730884199354,66.64369289432462,8431600,67.53343658447265,69.21972137451172,73.14016111373901,67.26067488364414,67.84195187534523,-0.5812769917010883,-0.635398467645297,0.054121475944208686,44.79168482524187,67.53343658447265,69.6835830308129,65.38329013813241,0.06367650026667257,0.008390888454314016,0.008355880644548588,0.21105599686025506,11286305.0,0.7470646947783176,1
2025-09-29,69.30944061279297,70.88103996121397,67.52895895940279,67.59858639439253,28497000,67.5080722808838,69.13039901733399,73.03910139083862,67.5758696112055,67.95065474478581,-0.3747851335803034,-0.5832758008322982,0.20849066725199483,58.18330862387349,67.5080722808838,69.55426391351284,65.46188064825475,0.06062065064205558,0.035363994695833956,0.034753050586871115,0.24910094735315894,12429340.0,2.2927202892510783,0
2025-09-30,66.703369140625,69.45864239194937,66.49448684177712,69.45366412535375,21464800,67.3991542816162,68.97602416992187,72.93117837905884,67.44163876957774,67.85826321855167,-0.41662444897393414,-0.5499455304606254,0.1333210814866913,55.54682673368485,67.3991542816162,69.36791704257348,65.43039152065893,0.0584209930211031,-0.0376005266977576,-0.03832566159712691,0.2790626078428488,12858455.0,1.669314081668443,0
2025-10-01,66.30550384521484,67.439440685318,65.8678413494483,66.54422539344151,17050100,67.25094642639161,68.79021759033203,72.81136892318726,67.26684878121421,67.7432440057119,-0.47639522449769345,-0.535235469268039,0.05884024477034555,47.363899127575515,67.25094642639161,69.06719426810957,65.43469858467364,0.05401404554821873,-0.00596469564485369,-0.005982555496387316,0.278189238766776,13120550.0,1.299495829062044,1
2025-10-02,68.56343078613281,68.58332108711596,66.59395708065782,66.71332165302103,13461600,67.27432174682617,68.63643966674805,72.7095631980896,67.46632293581706,67.80399858203937,-0.3376756462223085,-0.4957235046588929,0.15804785843658442,57.57800243781658,67.27432174682617,69.14750037948505,65.4011431141673,0.05568777459275535,0.03405338637029187,0.03348640567245173,0.29999081355436996,13090455.0,1.0283523376383785,1
2025-10-03,68.88172912597656,69.16023887429616,67.3897061124175,67.737843297817,12219800,67.32355842590331,68.46595108032227,72.60129209518432,67.68407773430314,67.88383047418286,-0.1997527398797132,-0.436529351703057,0.2367766118233438,57.89086067152482,67.32355842590331,69.3137629758125,65.33335387599413,0.05912356971147359,0.004642392251878569,0.0046316495839233834,0.3000443236931555,13311730.0,0.9179723446914864,1
2025-10-06,70.91088104248047,71.48779842665996,69.0826580672538,69.8465716007528,16769900,67.46729011535645,68.33286270141602,72.50177412033081,68.18050901248426,68.10805644220491,0.07245257027935281,-0.3347329673065751,0.4071855375859279,64.47195061888894,67.46729011535645,70.01213524286455,64.92244498784835,0.07543937582662318,0.029458492727336028,0.029032928778150613,0.31675811259527015,13752480.0,1.2194091538398892,1
2025-10-07,74.21322631835938,75.27256510092361,72.67146614769547,73.67609711546011,31977500,67.81194763183593,68.2610466003418,72.42095621109009,69.10861936723428,68.56029124784598,0.5483281193883016,-0.15812074996759978,0.7064488693559015,67.73236223204344,67.81194763183593,71.75555889742442,63.86833636624745,0.11631021975652753,0.04657036025120842,0.04551849451979719,0.349351408553278,14912530.0,2.1443376811312365,1
2025-10-08,75.72514343261719,76.09317853134601,72.88533036592621,74.83490631698572,17904800,68.33365821838379,68.35414901733398,72.37460405349731,70.12654614652396,69.09102103931052,1.035525107213445,0.08060842146860919,0.9549166857448359,70.78098399442352,68.33365821838379,73.4572227538024,63.21009368296518,0.1499572734433298,0.02037260996809387,0.0201678644792468,0.3270404489784035,15090145.0,1.1865227272501357,0
2025-10-09,75.34716033935547,76.9287010523592,74.63397050294456,76.77950482571454,15774400,68.75540351867676,68.474306640625,72.3197473335266,70.92971756080574,69.55443876523978,1.3752787955659613,0.33954249628807964,1.0357362992778816,70.47304407450954,68.75540351867676,74.70790463627635,62.80290240107716,0.17315005986351764,-0.004991513731473662,-0.005004012946823458,0.3233604531497293,15321145.0,1.0295836244614878,0
2025-10-10,69.46858978271484,76.49105012041836,69.3890209873037,75.70525040096787,22326500,68.90211906433106,68.49579162597657,72.23375707626343,70.70492867186869,69.54807958134906,1.1568490905196285,0.5030038151343894,0.6538452753852391,54.54545161073722,68.90211906433106,74.76813198983298,63.03610613882914,0.17027090037753603,-0.0780198023411125,-0.08123153324958754,0.4395504374232663,16062190.0,1.390003480222809,0
2025-10-13,68.4937973022461,70.5527885635922,67.79951126802796,70.34390627201456,20036800,68.98915367126465,68.53060546875,72.14403673171996,70.36475461500368,69.4699845977118,0.8947700172918758,0.5813570555658867,0.3134129617259891,53.180133329514504,68.98915367126465,74.77197718049672,63.206330162032565,0.16764442529002174,-0.01403213284619309,-0.014131514004039801,0.4434371376667064,16584135.0,1.2081908402216939,1
2025-10-14,68.78226470947266,69.33928422446773,66.41491659310013,67.05152008157958,12968500,69.10354232788086,68.55328430175781,72.04904458999634,70.12129462953737,69.41904238376816,0.7022522457692162,0.6055360936065526,0.0967161521626636,52.675240126438595,69.10354232788086,74.76788593817159,63.43919871759012,0.16393786539667354,0.004211584385570344,0.0042027404865745245,0.4430262502320962,16764865.0,0.7735523071614355,0
2025-10-15,67.61848449707031,69.50340351448187,67.4792220378302,69.01601146801593,11247300,69.07171249389648,68.55626831054687,71.94878065109253,69.73624691685013,69.28566772549425,0.4505791913558852,0.5745447131564192,-0.123965521800534,52.566239409853516,69.07171249389648,74.76322035464563,63.38020463314734,0.16479996384198728,-0.016919771649247073,-0.01706454634567269,0.4380685296048917,16396840.0,0.6859431451426007,0
2025-10-16,65.6987533569336,68.23518806661671,65.07209879982285,67.76768628236645,19258500,68.9488697052002,68.4892269897461,71.84528402328492,69.11509406147836,69.01997036486011,0.09512369661824494,0.4786605098487844,-0.38353681323053945,47.55191117611254,68.9488697052002,74.82663860103067,63.07110080936972,0.17049645399443486,-0.028390626533782992,-0.028801434446748007,0.44945884877303827,16643240.0,1.157136471023671,1
2025-10-17,67.05152130126953,67.34992136594987,65.10193778567972,65.18649243893545,11151500,68.90858535766601,68.47311325073242,71.75566320419311,68.79762132913854,68.87415932311266,-0.07653799397412797,0.36762080908420197,-0.44415880305832994,45.36925769177329,68.90858535766601,74.82874794131592,62.988422774016094,0.1718265598668629,0.0205904659558227,0.02038134799702932,0.4559906042728509,16212105.0,0.6878502205605009,1
2025-10-20,68.83199310302734,69.10056149955082,67.29024051737866,67.31510908577107,10016100,68.9841812133789,68.50394836425781,71.67534265518188,68.8029092943522,68.87103589940264,-0.06812660505043766,0.28047132625727406,-0.3485979313077117,54.5185906424395,68.9841812133789,74.85736296597551,63.110999460782296,0.17027618938985256,0.026553786807579804,0.026207354357963366,0.46458838942852504,16048000.0,0.624133848454636,1
2025-10-21,69.67748260498047,69.985831620762,68.46396925551225,68.65295368994835,9032000,69.12045326232911,68.56303268432617,71.59512159347534,68.93745903444886,68.93077269240841,0.006686342040453042,0.22571432941390987,-0.21902798737345683,57.02446002002575,69.12045326232911,74.92113248954159,63.31977403511662,0.16784262699196953,0.01228337962969639,0.01220855106409298,0.46531754205063586,15977150.0,0.565307329529985,0
2025-10-22,67.70800018310547,69.0010897565016,67.54885501693946,68.80214881276778,8173400,69.13089714050292,68.56502197265625,71.49799089431762,68.74831151885758,68.84019695097857,-0.09188543212098921,0.16219437710693008,-0.2540798092279193,48.19630242237889,69.13089714050292,74.92002591355299,63.34176836745285,0.16748310849443013,-0.02826569428520409,-0.02867285991812561,0.47716059015739487,15926790.0,0.5131856450672106,1
2025-10-23,69.28955078125,69.68741750455767,67.6881121768263,67.70800247746317,8199000,69.27612113952637,68.54572525024415,71.39916925430298,68.83157909768718,68.87348241988757,-0.041903322200383286,0.12137483724546741,-0.1632781594458507,50.81641068875774,69.27612113952637,74.91910215946346,63.63314011958927,0.16291273030635725,0.023358400689246217,0.02308976841851621,0.47919524142041936,15798055.0,0.5189879387051127,1
2025-10-24,69.39895629882812,70.87108892362109,69.36911705454533,69.77694029659956,8638200,69.39896392822266,68.55348373413086,71.30865316390991,68.91886789786271,68.9124064109202,0.006461486942512806,0.09839216718487649,-0.09193068024236369,46.721297642860335,69.39896392822266,74.93394349821656,63.86398435822875,0.15951187904530037,0.0015789612769105954,0.0015777160281809565,0.4787100747670804,15808385.0,0.546431529849507,1
2025-10-27,69.87641143798828,71.4877990315945,69.75704686441028,70.47819739514779,18821300,69.42731246948242,68.57377532958985,71.22067354202271,69.06618228865126,68.98381419070301,0.08236809794824751,0.0951873533375507,-0.012819255389303189,39.28221670234642,69.42731246948242,74.96616782141841,63.88845711754642,0.1595583972624797,0.006879860514101388,0.006856302263683804,0.46299081943103204,15324600.0,1.2281756130665726,1
2025-10-28,72.63167572021484,78.79373035739522,72.44269130212437,75.80471370326867,83722300,69.72372779846191,68.64320404052734,71.16924844741821,69.61471973966104,69.25402615585203,0.3606935838090095,0.14828859943184247,0.21240498437716704,42.79758519169575,69.72372779846191,75.28327528165023,64.16418031527358,0.15947361561786624,0.03943053493340476,0.03867300062211989,0.45893655903839115,18437475.0,4.540876665595479,0
2025-10-29,69.30944061279297,72.34322368481949,68.94638381526234,72.31337685083426,38505400,69.87392463684083,68.65573699951172,71.0980789756775,69.56775372014287,69.25813093044025,0.3096227897026296,0.1805554374859999,0.12906735221662968,37.63748520639808,69.87392463684083,75.20213942836934,64.54570984531232,0.15250938942448422,-0.0457408572014707,-0.04682000626721933,0.4917098670840666,19510240.0,1.973599504670368,0
2025-10-30,67.5687484741211,70.39364170774788,67.538909228372,69.46361646740168,19550800,69.82419052124024,68.65275299072266,71.0023408317566,69.26021445152413,69.13299148923142,0.1272229622927199,0.16988894244734393,-0.04266598015462403,45.31633932051034,69.82419052124024,75.2220237994223,64.42635724305818,0.15461212619543546,-0.02511479133696226,-0.025435549620140923,0.4864673716043638,19814700.0,0.9866816050709827,1
2025-10-31,68.90161895751953,69.20997553861893,67.26039972484647,67.9069369552588,18370100,69.82518501281739,68.68696990966797,70.90103246688842,69.20504591398496,69.1158527831787,0.08919313080626523,0.15374978011912818,-0.06455664931286295,50.98795615392406,69.82518501281739,75.22229446332962,64.42807556230515,0.1545891915509144,0.0197261383923506,0.019534099473605585,0.49141190856747713,20122215.0,0.912926335395979,0
2025-11-03,67.9765625,69.97587539377095,67.3449449100945,69.1552658002729,14619000,69.67846908569337,68.65593566894532,70.79867967605591,69.01604846567957,69.03146091035065,-0.015412444671071057,0.11991733516108834,-0.13532977983215938,48.10656928391188,69.67846908569337,75.11072969023711,64.24620848114962,0.15592364975364,-0.01342575793596179,-0.013516698303529896,0.48134140777044765,20014670.0,0.7304142411541135,0
2025-11-04,65.72859191894531,66.93116215740632,65.59927839513973,66.87247779827554,19711800,69.25423736572266,68.58829727172852,70.67071390151978,68.51028592002814,68.78680394802433,-0.27651802799618963,0.04063026252963274,-0.3171482905258224,45.77402699851373,69.25423736572266,74.51797564085238,63.990499090592934,0.152012020501579,-0.033069789032869834,-0.03362895679807898,0.45793111253267993,19401385.0,1.0159996309541819,1
2025-11-05,67.69805145263672,67.8472552637033,65.54954237526964,65.66889935306604,13606100,68.85288276672364,68.54612274169922,70.56274114608765,68.38532677119869,68.70615561503266,-0.32082884383396504,-0.03166155874308682,-0.2891672850908782,54.460693428693794,68.85288276672364,73.17991765704603,64.52584787640124,0.1256892875490069,0.029963513232111882,0.02952337756760473,0.46634769897314293,19186450.0,0.7091515105712626,0
2025-11-06,65.90763092041016,67.70800289766085,65.85789378527738,67.43944209887934,11480200,68.38090629577637,68.4786833190918,70.44541841506958,68.0041427941543,68.49885748950506,-0.4947146953507513,-0.12427218606461973,-0.37044250928613154,47.49671921488225,68.38090629577637,71.65694300401114,65.1048695875416,0.09581729420386809,-0.026447150158807498,-0.026803167157375754,0.47241835171690466,18971740.0,0.6051210906326989,0
2025-11-07,65.86784362792969,66.1612729982774,64.43549911138007,65.15167136965488,13449300,68.20086898803712,68.4022917175293,70.32849355697631,67.6754813839659,68.30396757383281,-0.628486189866905,-0.2251149868250768,-0.40337120304182816,42.97832502878128,68.20086898803712,71.61795110436748,64.78378687170675,0.10020640988987227,-0.0006036826377284754,-0.000603864927459145,0.3889662941320847,18527880.0,0.7258952454355274,1
2025-11-10,65.8976821899414,67.0714072479717,65.39238051865865,66.70337217772766,11129900,68.07106323242188,68.32391082763672,70.21480138778686,67.40197381565444,68.12572421206308,-0.7237503964086329,-0.324842068741788,-0.3989083276668449,40.68624170284316,68.07106323242188,71.63536017046633,64.50676629437743,0.10472282255602537,0.0004530065107379855,0.0004529039342659706,0.38659813676163357,18082535.0,0.615505514022232,1
2025-11-11,67.04157257080078,67.58864315221344,65.87779637828936,65.89768668046976,10032500,67.98402862548828,68.2871076965332,70.10120874404907,67.34652747029234,68.04541668308069,-0.6988892127883446,-0.3996514975510993,-0.2992377152372453,48.288217527868646,67.98402862548828,71.56019396878843,64.40786328218813,0.10520604370184047,0.01735858292499981,0.017209643835030052,0.3920194223199073,17935735.0,0.5593581751737523,0
2025-11-12,66.8426284790039,67.62842818276488,66.54422842732124,67.17087536579423,10134000,67.94523582458496,68.23856704711915,69.99681684494018,67.26900454855566,67.95632126055648,-0.6873167120008219,-0.45718454044104384,-0.23013217155977805,43.234300039701075,67.94523582458496,71.55477369641943,64.33569795275048,0.10624844635621736,-0.0029674735267699592,-0.002971885206192285,0.3876034019041085,17880070.0,0.5667763045670403,0
2025-11-13,64.98257446289062,66.92220125517586,64.80353140600113,66.1562994827615,14185800,67.90942687988282,68.17630004882812,69.88028985977172,66.91724607383796,67.73604371998864,-0.818797646150685,-0.5295071615829721,-0.2892904845677129,38.866604043430065,67.90942687988282,71.62544230631906,64.19341145344657,0.10944034126540564,-0.027827361946090257,-0.028221879126120036,0.38706662298047845,17626435.0,0.804802559337722,0
2025-11-14,62.475975036621094,64.30618998785565,62.41629275325966,63.769060820834405,21979900,67.68064956665039,68.06787963867187,69.74720136642456,66.23397360657383,67.34640900270216,-1.1124353961283333,-0.6460928084920443,-0.466342587636289,33.075496625882266,67.68064956665039,72.11333382779894,63.247965305501836,0.13098823044785773,-0.03857340905600726,-0.039337065340182026,0.4014918455773209,18167855.0,1.2098236142901846,0
2025-11-17,61.56087112426758,62.834062926959604,60.96406341535841,62.475980578260625,20632700,67.3170934677124,67.93837211608887,69.61446105957032,65.5150347631421,66.91785064133663,-1.4028158781945308,-0.7974374224325416,-0.6053784557619892,22.3546735318655,67.3170934677124,72.48407185498357,62.150115080441225,0.15351163043750346,-0.014647293008506312,-0.01475562374078079,0.38735215424484853,18698685.0,1.1034305353558285,0
2025-11-18,60.377197265625,61.31219696580419,60.148420864338945,61.06352646948317,18446600,66.85207920074463,67.79951454162598,69.47117710113525,64.72459822506255,66.43335779869132,-1.7087595736287682,-0.9797018526717869,-0.7290577209569813,25.027782055586286,66.85207920074463,72.7473024036213,60.956855997867954,0.1763661885571096,-0.019227698325665288,-0.019414954743074017,0.3845386309451217,19169415.0,0.9622933198535271,0
2025-11-19,59.92855453491211,60.5765901843313,58.98142141310308,60.427045251318724,25061900,66.46310691833496,67.69226699829102,69.38426160812378,63.9867453496548,65.95152051989285,-1.964775170238056,-1.1767165161850408,-0.7880586540530152,26.976704620566366,66.46310691833496,73.10042522979695,59.82578860687297,0.19972940234700276,-0.007430665069448672,-0.0074584099887169235,0.37617565351149573,20013840.0,1.2522284579071283,0
2025-11-20,57.92960739135742,60.531729615607084,57.82492479423252,60.39215281944054,21059300,65.89510974884033,67.51261405944824,69.28001560211182,63.0548779714552,65.35730473259393,-2.302426761138733,-1.4018585651757793,-0.9005681959629537,18.212525885889235,65.89510974884033,73.40140025918541,58.388819238495245,0.22782541948728396,-0.03335550405091414,-0.03392448716378124,0.3716783519134631,20656855.0,1.0194823945852358,1
2025-11-21,60.38716506958008,60.77598721979297,57.86480326206811,58.06420030922871,20849400,65.44452018737793,67.38967178344727,69.19119058609009,62.64446060193595,64.98914623903735,-2.3446856371014064,-1.590423979560905,-0.7542616575405015,29.805646418465273,65.44452018737793,73.14463340196609,57.744406972789776,0.23531727920203324,0.042423171654177416,0.041547975720131344,0.4126129965315742,21267415.0,0.9803448138854675,0
2025-11-24,60.377197265625,60.646382710316814,59.6693375540951,60.427045576897775,21013500,64.96955947875976,67.26215362548828,69.10858224868774,62.295650857888106,64.64752038915496,-2.351869531266857,-1.7427130899020955,-0.6091564413647614,33.83546427484998,64.96955947875976,72.69048292706728,57.248636030452246,0.23767818376024813,-0.0001650649429161266,-0.00016507856763314595,0.41030956199323115,21377025.0,0.9829945934946513,1
2025-11-25,61.03520584106445,61.78792410066848,60.53671511398142,60.676291909055486,11065200,64.38973598480224,67.1529679107666,69.024638671875,62.10173623991524,64.37994153374085,-2.278205293825607,-1.849811530686798,-0.4283937631388093,28.142329864638555,64.38973598480224,71.39660986265191,57.38286210695257,0.21763946600133557,0.010898296132306307,0.01083933768066482,0.3788125720809611,17744170.0,0.6235963699626412,1
2025-11-26,61.64336395263672,61.97236584853755,60.98535255447035,61.214661631324766,8335300,64.00643215179443,67.02073356628418,68.95383193969727,62.03121742648777,64.17723208328869,-2.146014656800915,-1.9090521559096214,-0.23696250089129367,34.834574584699936,64.00643215179443,70.71240696550154,57.30045733808732,0.2095406535956749,0.009964054404205891,0.009914740521033676,0.35693689793390365,16235665.0,0.5133944313337335,1
2025-11-28,62.50076675415039,62.8646666627557,61.9424595670507,62.04215619240922,7875900,63.7530330657959,66.90763671875,68.88701383590698,62.10345578458971,64.05304946631547,-1.9495936817257586,-1.917160461072849,-0.032433220652909656,38.68345564111131,63.7530330657959,70.27265002634778,57.23341610524402,0.2045272717871588,0.013909085204572014,0.0138132415877666,0.3555202696345482,15651920.0,0.5031906628707532,0
2025-12-01,62.3911018371582,63.019197421131565,61.64336573922399,61.86269907512062,10923300,63.42750720977783,66.7983145904541,68.81805591583252,62.1477090234464,63.929942234526045,-1.7822332110796424,-1.8901750110742077,0.10794179999456532,38.27749377867249,63.42750720977783,69.49950078792182,57.35551363163384,0.19146246936874559,-0.001754617146115356,-0.0017561582897886604,0.3448006095978914,15279580.0,0.714895304713873,1
2025-12-02,62.71013259887695,63.64230778896684,61.962396536743356,62.730068880400104,10834100,63.16418571472168,66.70611572265625,68.74382982254028,62.234235727358794,63.8395859652187,-1.6053502378599092,-1.833210056431348,0.2278598185714389,34.67479899745044,63.16418571472168,68.85003540200948,57.478336027433876,0.18003397409309438,0.00511340162819085,0.0051003725863598024,0.34487664280662744,15090335.0,0.7179496015164674,0
2025-12-03,61.055145263671875,63.73702397711653,60.22764884017037,62.66028219277949,24402800,62.93051338195801,66.58817779541016,68.65809602737427,62.052837194483885,63.63333109843746,-1.580493903953574,-1.7826668259357932,0.20217292198221926,31.435855092495615,62.93051338195801,68.55643139223983,57.304595371676186,0.1787977789450151,-0.026391067386049794,-0.0267455625214605,0.33810695979419597,15324885.0,1.5923643146424915,1
2025-12-04,61.543663024902344,61.91254508795678,60.20272178873079,60.31737632622218,15994300,62.622793960571286,66.46906860351562,68.57609796524048,61.97450270685596,63.47854087076819,-1.5040381639122344,-1.7269410935310816,0.22290292961884717,37.90500892476685,62.622793960571286,67.80661776238084,57.43897015876174,0.16555709108326916,0.008001254589122153,0.007969414280467949,0.3176773064344755,15444295.0,1.0356121791250426,1
2025-12-05,62.092002868652344,62.75001046695123,61.29441847725708,61.483843581718965,11152900,62.4320125579834,66.38320724487305,68.50047216415405,61.99257965482464,63.37583435209294,-1.383254697268299,-1.6582038142785251,0.27494911701022606,48.43378990602366,62.4320125579834,67.38241441722784,57.481610698738955,0.15858536851256497,0.00890976937021315,0.008870311575138496,0.3100739505482957,15427930.0,0.7229032021794239,0
2025-12-08,60.93550491333008,62.321308514731356,60.80590006364417,62.23656600458694,12544000,62.18539562225342,66.2630753326416,68.43239261627197,61.82995277151778,63.195069208480874,-1.365116436963092,-1.5995863388154385,0.23446990185234662,47.49841453536883,62.18539562225342,66.90096836589136,57.469822878615474,0.15166174296880877,-0.018625554047091875,-0.018801194025937044,0.3149449128571493,15382665.0,0.8154633803700464,0
2025-12-09,60.59653091430664,61.31435877059045,60.307409186132226,60.56662268802228,13214700,61.92033805847168,66.08881713867187,68.36112615585327,61.64019556271607,63.00258489039389,-1.3623893276778176,-1.5521469365879144,0.18975760891009674,50.94096672273484,61.92033805847168,66.34425116756249,57.49642494938086,0.1428904701687285,-0.005562832366869941,-0.00557836254011971,0.3146173635211807,15486905.0,0.8532821761352575,1
2025-12-10,60.97538375854492,61.29043177500465,59.978402334237,60.307408029786124,19985100,61.617028617858885,65.97425743103027,68.29762260437012,61.53791682361282,62.852421843590264,-1.314505019977446,-1.504618553265821,0.190113533288375,54.51807328096877,61.617028617858885,65.33860857515522,57.89544866056256,0.12079712510569457,0.006252055002522239,0.006232591987082125,0.30699595479101904,15984535.0,1.2502772210764967,1
2025-12-11,61.5037841796875,61.60348460643214,59.669338162592574,59.89366127038121,14023800,61.35008640289307,65.87822303771972,68.2468073272705,61.532665647624306,62.752522757375246,-1.21985710975094,-1.4476662645628449,0.22780915481190478,67.6688218648203,61.35008640289307,64.14365100067734,58.556521805108794,0.09106962228019083,0.008665799025308063,0.008628466511274805,0.3105494282116702,16179025.0,0.8667889443276093,0
2025-12-12,61.473876953125,61.962399544163524,60.81586933863753,60.89562968133055,15964000,61.174651527404784,65.73643196105957,68.20240741729737,61.52362123308595,62.65780825335671,-1.1341870202707653,-1.3849704157044291,0.2507833954336638,57.06877085892234,61.174651527404784,63.38818985720111,58.961113197608455,0.07236782799832432,-0.000486266446225847,-0.0004863847120949128,0.2975869893313892,16267935.0,0.9813169280550973,0
2025-12-15,60.55665588378906,62.63037535423442,60.44200134186401,61.77297068545301,18187500,61.07868556976318,65.56993049621582,68.15182991027832,61.37485733319412,62.502167337092445,-1.127310003898323,-1.333438333343208,0.20612832944488502,51.04409691520453,61.07868556976318,63.21991532672086,58.9374558128055,0.07011381260037093,-0.014920501435680356,-0.015032931864505638,0.2702576938859854,16078315.0,1.131181967762169,1
2025-12-16,61.144874572753906,61.95840952472114,60.7660205542684,61.50378470253853,17316800,61.0578857421875,65.37461036682129,68.11065895080566,61.33947537004947,62.401627132326624,-1.0621517622771535,-1.2791810191299973,0.2170292568528438,50.64328071598851,61.0578857421875,63.187443816480474,58.92832766789453,0.06975538207414772,0.009713526620321655,0.009666653611001148,0.268272522905859,15912520.0,1.0882500069127956,0
2025-12-17,59.99834442138672,62.22161261540703,59.94849610914423,61.20469107229408,16357800,61.03894309997558,65.09031272888184,68.07504497528076,61.13314753179366,62.22360619077552,-1.0904586589818592,-1.2414365471003697,0.15097788811851043,40.92407601658801,61.03894309997558,63.20049459420448,58.87739160574669,0.07082532509412864,-0.018751042656943828,-0.018929072466408323,0.26782917774084497,15808080.0,1.034774621585923,0
2025-12-18,59.26057434082031,60.13791905686832,58.737161376300826,59.41012307535863,23734500,61.005544090270995,64.7610213470459,68.02569583892823,60.84505934856699,62.004122350038095,-1.1590630014711039,-1.2249618379745164,0.06589883650341255,31.88402149696438,61.005544090270995,63.25806412448744,58.75302405605455,0.07384640421806093,-0.01229650730668197,-0.012372734885871936,0.27012349505888494,15741710.0,1.5077459818533057,1
2025-12-19,59.62946319580078,59.93354284894569,58.62250977952934,58.74214649125082,31927500,61.09053688049316,64.4466674041748,67.98525341033935,60.658044555833726,61.828221671946444,-1.1701771161127184,-1.2140048936021568,0.043827777489438446,34.99457982783959,61.09053688049316,62.94801153633522,59.2330622246511,0.06081055268758564,0.006224861285665462,0.0062055668653146785,0.24110022130665626,16285120.0,1.9605320685386414,1
2025-12-22,59.6793098449707,60.362239700058204,59.57960941866357,59.779006468095446,13976100,61.05514411926269,64.25088180541992,67.93312398910523,60.50746998493172,61.66904301809639,-1.1615730331646716,-1.2035185215146598,0.041945488349988125,33.035717335975264,61.05514411926269,62.994231498290894,59.11605674023449,0.06351921388443421,0.0008359399279889157,0.000835590724802353,0.18665000045896066,15941455.0,0.8767142020599751,0
2025-12-23,59.23066711425781,59.888674711597176,58.76208462110411,59.649401296118704,12153600,60.99781761169434,64.06561920166016,67.89028966903686,60.31103877405881,61.488422580775016,-1.1773838067162075,-1.1982915785549695,0.020907771838762024,38.19353793957395,60.99781761169434,63.08354162773591,58.91209359565276,0.0683868406348264,-0.0075175589643770024,-0.007545958229055932,0.18828039121825302,15498460.0,0.7841811379969365,1
2025-12-24,59.858768463134766,59.96345106126301,59.13097244530329,59.15290539874219,5491700,60.93899574279785,63.887149276733396,67.85149108886719,60.24145872622434,61.36770746094981,-1.126248734725472,-1.18388300978907,0.057634275063598084,39.29027799667811,60.93899574279785,63.085743443298284,58.792248042297416,0.07045563105637986,0.010604326769869443,0.01054849525367153,0.18803899426452955,15219785.0,0.3608263848668033,0
2025-12-26,59.788978576660156,59.928555370691406,59.35529027819243,59.81888680304331,7537800,60.846276473999026,63.73055915832519,67.8091605758667,60.17184639552216,61.25076458063206,-1.0789181851098988,-1.1628900448532358,0.08397185974333699,34.41299455857765,60.846276473999026,63.02487885925072,58.66767408874733,0.0716100478616028,-0.0011659091602860272,-0.0011665893611240387,0.18360386860985678,15179910.0,0.4965642088787088,0
2025-12-29,59.310428619384766,59.9584642852798,58.94652871375581,59.66933874964939,12910100,60.686759567260744,63.60279266357422,67.7729418373108,60.03932058380872,61.107035990910035,-1.0677154071013177,-1.1438551173028522,0.07613971020153443,37.89008622405063,60.686759567260744,62.82205406693275,58.55146506758874,0.07037101716744007,-0.00800398281870307,-0.008036186643532886,0.17557286540363928,15431620.0,0.8366004346918858,0
2025-12-30,58.921600341796875,59.420091051298314,58.901664060217236,59.280514261147076,11277900,60.51328449249267,63.44019424438476,67.72463323593139,59.8673636234992,60.945151868753506,-1.077788245254304,-1.1306417428931426,0.05285349763883862,37.610632204178955,60.51328449249267,62.629222748408516,58.39734623657683,0.06993301631737897,-0.006555816348641441,-0.006577400097083895,0.17610790795985373,15449350.0,0.7299918766808959,0
2025-12-31,58.20377731323242,58.861784909030874,58.16389714301861,58.85181296488624,13027300,60.28796672821045,63.22762992858887,67.66925411224365,59.61142726807354,60.74208708686306,-1.1306598187895176,-1.1306453580724176,-1.4460717099984421e-05,30.47757080964773,60.28796672821045,62.37849648977981,58.197436966641085,0.06935147675468531,-0.012182680449961514,-0.012257497571092993,0.17650402009724966,15559010.0,0.8372833490048531,0
2026-01-02,57.964500427246094,58.62250802681468,57.47598165046614,58.492899374468365,14693100,60.13343448638916,62.99337028503418,67.61650814056397,59.35805390794624,60.53633992689143,-1.1782860189451867,-1.1401734902469716,-0.03811252869821513,24.011759947385002,60.13343448638916,62.43177820216323,57.835090770615096,0.07644145841343164,-0.004111019886194334,-0.004119493359498216,0.15484064301194542,15073525.0,0.9747620413937682,1
2026-01-05,59.11103057861328,59.9235690842807,57.72522698345353,57.83489174734407,17115900,60.01180286407471,62.821430892944335,67.56392459869384,59.3200503188181,60.4307614566486,-1.1107111378304992,-1.1342810197636772,0.023569881933177994,35.09436613888623,60.01180286407471,62.25266751904921,57.77093820910021,0.07468079771074387,0.01977986772794238,0.019586788051568067,0.17035236282848285,15129605.0,1.1312853177594524,1
2026-01-06,59.62946319580078,59.75408587977222,58.80196674870281,59.09109228828036,11110800,59.88867588043213,62.62822914123535,67.51557445526123,59.367652299892356,60.37140602991913,-1.003753730026773,-1.1081755618162963,0.10442183178952336,43.84107584666266,59.88867588043213,61.90793837685648,57.869413384007785,0.06743386681167599,0.00877048855539786,0.008732251231345751,0.17023517151788894,15127500.0,0.7344769459593455,0
2026-01-07,58.33338165283203,59.95347647260861,58.07915412709683,59.68429483396925,18044300,59.75856971740723,62.40691764831543,67.45815773010254,59.20853373880615,60.22044126124601,-1.0119075224398557,-1.0889219539410082,0.0770144315011525,32.929802944255556,59.75856971740723,61.82851946137426,57.68861997344019,0.06927708456730602,-0.02173558964823996,-0.02197528725463747,0.1745743634587695,15402515.0,1.1715164698752119,0
2026-01-08,58.09410858154297,58.821904571554896,57.59561786483487,57.844863223188916,13105200,59.63344860076904,62.171271591186525,67.39566535949707,59.03708371461182,60.06293513682356,-1.025851422211744,-1.0763078475951555,0.05045642538341144,37.00683204334526,59.63344860076904,61.79080725654407,57.476089944994015,0.07235397939897797,-0.004101820681562507,-0.004110256223302886,0.17426921396580766,15397040.0,0.8511506107667448,0
2026-01-09,57.4859504699707,58.682328975083735,57.107096452662056,58.622508718714236,15061500,59.458976936340335,61.86835708618164,67.3306792640686,58.79844783082088,59.87204738372335,-1.073599552902472,-1.0757661886566188,0.002166635754146773,37.67318098688322,59.458976936340335,61.721234019602676,57.196719853077994,0.07609471941249252,-0.01046849889638346,-0.010523679071196819,0.1738119146598169,15150860.0,0.99410198496983,0
2026-01-12,57.117069244384766,57.60558803417832,56.58866647990406,57.43610301005718,19898900,59.239641189575195,61.62450965881348,67.2682751083374,58.539774202138396,59.66797492895753,-1.1282007268191308,-1.0862530962891213,-0.041947630530009494,32.548494437375496,59.239641189575195,61.517715877837134,56.96156650131326,0.07691048232286818,-0.006416893563908843,-0.006437570326600129,0.16868769596552372,15444615.0,1.288403757555627,0
2026-01-13,56.3892707824707,57.12703490738911,56.10513122839578,57.037306426987435,15900500,58.98541088104248,61.40092010498047,67.20775247573853,58.20892752218952,59.42510795514369,-1.2161804329541681,-1.1122385636221308,-0.1039418693320373,29.11395899626578,58.98541088104248,61.3469828985191,56.623838863565865,0.08007308865710086,-0.012742223498899419,-0.01282410191441775,0.17123992660287546,15441440.0,1.0297290926234859,1
2026-01-14,57.4859504699707,57.615559123846744,56.10014685779456,56.229755511670604,16039900,58.83187561035156,61.17260673522949,67.17116455078126,58.09770028338662,59.281466659945686,-1.1837663765590634,-1.1265441262095175,-0.05722225034954587,39.76610254594958,58.83187561035156,61.16240369367481,56.50134752702831,0.07922671372092688,0.01944837505933683,0.019261672241017738,0.18568864153785955,15334060.0,1.0460308620156697,0
2026-01-15,56.568729400634766,57.68734043235448,56.429148802334225,57.565710855115455,16405300,58.603068351745605,60.94445007324219,67.12949319839477,57.86247399373249,59.08052315925599,-1.218049165523496,-1.1448451340723134,-0.0732040314511826,31.33485690541734,58.603068351745605,60.87527000994159,56.33086669354962,0.07754548429300119,-0.015955569349332954,-0.01608422984898279,0.18558903223177914,15288485.0,1.0730494224901945,1
2026-01-16,56.7182731628418,56.7980335030768,56.070237512752996,56.6185765407304,15116900,58.43906478881836,60.76424369812012,67.08434215545654,57.68644309667239,58.90554167804012,-1.2190985813677315,-1.159695823531397,-0.05940275783633453,32.73541812242013,58.43906478881836,60.760202939957935,56.11792663767878,0.07943789516575911,0.0026435764739900502,0.0026400883717275048,0.17814416865445867,15226440.0,0.9928059349394869,0
2026-01-20,54.91373825073242,55.907726562854755,54.84893202461809,55.41222895902223,19744400,58.22172298431396,60.50855743408203,67.02494638442994,57.25987312037394,58.60985253527659,-1.3499794149026485,-1.1977525418056474,-0.15222687309700111,28.487800434960164,58.22172298431396,60.989955978029606,55.45348999059832,0.09509278845840605,-0.03181575903992073,-0.03233287824598555,0.2036670642408268,15026935.0,1.3139339459443993,1
2026-01-21,55.721290588378906,56.15996484432701,54.92869219022549,55.35240853029895,15117000,58.02631435394287,60.304830627441405,66.9966436958313,57.023168115451625,58.39588498365453,-1.3727168682029074,-1.2327454070850994,-0.139971461117808,34.957821612891195,58.02631435394287,60.92482686057498,55.127801847310764,0.09990338138493732,0.014705834338927248,0.01459875210299291,0.2112453037616622,14186410.0,1.065597286417071,1
2026-01-22,56.97748947143555,57.37627975610649,56.379298339655705,56.41917850907748,14540700,57.89122333526611,60.12702354431153,66.99123319625855,57.01614063175684,58.290818649416096,-1.2746780176592551,-1.2411319291999305,-0.03354608845932461,44.51382432168598,57.89122333526611,60.716268390966526,55.0661782795657,0.09759838859647854,0.0225443249751045,0.022293957604156773,0.23009475913390268,14214640.0,1.0229383227433124,0
2026-01-23,56.44908905029297,56.81298895562617,56.23972385701315,56.65845804675523,8758900,57.75214443206787,59.93805168151855,66.98238496780395,56.92890192691624,58.154394234666235,-1.2254923077499953,-1.2380040049099437,0.012511697159948376,43.3913059680139,57.75214443206787,60.57341554441646,54.93087331971928,0.0977027308714802,-0.009273845268445546,-0.00931711509771719,0.23071530652079483,14044905.0,0.6236354037282559,0
2026-01-26,56.42914962768555,56.94758044798014,56.32446702981584,56.39924140063206,9971400,57.58066349029541,59.72580322265625,66.97900726318359,56.852016957803826,58.026598337852846,-1.1745813800490197,-1.225319479937759,0.05073809988873923,37.029887164433084,57.58066349029541,60.276949315798774,54.88437766479204,0.09365247505207355,-0.0003532284212710568,-0.00035329082112455407,0.22581212341571916,14268890.0,0.6988210014934588,0
2026-01-27,55.342437744140625,56.4590596888388,55.03836190560937,56.3294510374898,14240700,57.358336448669434,59.495799407958984,66.93766988754273,56.61977400185564,57.8277716272075,-1.207997625351858,-1.221855109020579,0.01385748366872086,30.347321171881077,57.358336448669434,60.02101059527144,54.695662302067426,0.09284349273221557,-0.01925798794975553,-0.019445838661565677,0.23303947619088458,14604035.0,0.9751209169246718,0
2026-01-28,53.9167594909668,55.32250320548649,53.483071184238526,54.84394875514651,19222700,57.088652992248534,59.274483108520506,66.90606395721436,56.20392561556505,57.538067024522995,-1.3341414089579473,-1.2443123690080526,-0.08982903994989466,29.99096838728164,57.088652992248534,59.99982618428478,54.17747980021229,0.10198780456184602,-0.025761030978885158,-0.02609865736155806,0.24552422691635775,14919665.0,1.2884136473573635,0
2026-01-29,52.949684143066406,54.00648202058368,52.3714330904622,53.956633709920425,19463500,56.79005718231201,59.083957290649415,66.85952665328979,55.70327308133449,57.19818681108176,-1.4949137297472745,-1.294432641155897,-0.20048108859137748,28.135578930984835,56.79005718231201,60.10649447255977,53.47361989206426,0.11679640608922302,-0.01793645161598434,-0.01809925949946951,0.2499836918806352,15328945.0,1.2697220845922534,0
2026-01-30,52.53095245361328,52.79016976642674,51.90285686379046,52.28170708531399,18607800,56.506415939331056,58.903358917236325,66.81248716354371,55.21522375399276,56.852465747565574,-1.6372419935728146,-1.3629945116392805,-0.2742474819335341,28.596023534894172,56.506415939331056,60.25584154622491,52.756990332437205,0.13270796048786662,-0.007908105519982667,-0.007939540423139603,0.24886053139507242,15607970.0,1.1921986010993102,0
2026-02-02,52.17203903198242,53.27868520285806,52.164059955600635,52.34152404622366,27452900,56.21679286956787,58.73925575256348,66.76499593734741,54.747041489068096,56.50576747233719,-1.7587259832690947,-1.4421408059652434,-0.3165851773038513,28.6206703191949,56.21679286956787,60.365593486690436,52.0679922524453,0.14760004636865223,-0.006832417933936963,-0.006855865765974175,0.24891946890430502,16245960.0,1.6898293483426032,0
2026-02-03,41.574127197265625,43.568090095904914,41.30494174956743,42.755547780672664,141690600,55.33994770050049,58.37216720581055,66.67326835632325,52.72043929032925,55.39972004455411,-2.6792807542248553,-1.6895687956171659,-0.9897119586076895,15.441848942914334,55.33994770050049,62.91293978424316,47.76695561675782,0.27368988943493994,-0.20313393977605665,-0.22706866924077687,0.7353557920450599,22474695.0,6.304450405222407,0
2026-02-04,40.90614700317383,41.71370333352726,39.83937717348726,41.474426116065466,58018000,54.40378189086914,58.03169799804687,66.57442108154297,50.90285586153611,54.32612204148891,-3.4232661799527975,-2.036308272484292,-1.3869579074685054,10.536292153195205,54.40378189086914,64.08088480825862,44.72667897347967,0.3557511107151038,-0.016067209082280653,-0.016197686175452343,0.7293951441089818,24820055.0,2.337545182716154,0
2026-02-05,39.77956008911133,40.88620626812995,38.76263858663434,40.47744403898372,42842800,53.476090812683104,57.6195458984375,66.47349685668945,49.191579588855376,53.248598933905384,-4.0570193450500085,-2.4404504869974355,-1.616568858052573,10.432315685603243,53.476090812683104,64.95636147185417,41.99582015351204,0.4293608782805136,-0.027540773125738105,-0.027927130461762876,0.7301307521726011,26059980.0,1.6440074013871078,1
2026-02-06,40.29798889160156,40.48741780352687,39.261131060946155,40.12850386849203,34921700,52.58628482818604,57.21796173095703,66.3695199584961,47.823334866200945,52.28929448632733,-4.465959620126384,-2.8455523136232252,-1.6204073065031586,11.963041805069906,52.58628482818604,65.25647451450862,39.91609514186345,0.4818819099968597,0.013032542374246558,0.012948349503022039,0.7368996992029446,27150805.0,1.2862123240913115,1
2026-02-09,41.025787353515625,41.14542406018882,39.689832085587476,40.08862237555893,26034300,51.76327667236328,56.81777336120606,66.26400970458984,46.777558325787815,51.45496062463757,-4.677402298849756,-3.2119223106685313,-1.465479988181225,16.14001050962375,51.76327667236328,65.20810848501378,38.31844485971278,0.519473753477773,0.018060416460776274,0.01789926456059358,0.7471175668725848,27699445.0,0.939885257628808,1
2026-02-10,41.36476135253906,42.22216219074271,40.62699341829133,40.62699341829133,22787700,50.975661277770996,56.4122013092041,66.14870574951172,45.94482032990339,50.70753845633398,-4.762718126430585,-3.522081473820942,-1.2406366526096426,14.179117831260626,50.975661277770996,64.93564847796935,37.01567407757263,0.5477118628880212,0.008262461756127326,0.008228514482836263,0.7512972275874814,27843885.0,0.8184094999674075,0
2026-02-11,40.337867736816406,41.49436604325344,39.88922533277136,41.374729336568876,21538900,50.173091125488284,55.96894332885742,66.02543251037598,45.08221223865924,49.93941469933267,-4.8572024606734345,-3.789105671191441,-1.0680967894819937,8.002015759821873,50.173091125488284,64.65835775315972,35.68782449781685,0.5774117680508155,-0.024825324313387465,-0.025138669480178025,0.7520834321958384,28125805.0,0.7658056364964487,0
2026-02-12,38.9620361328125,40.163396779013325,38.34390490755815,40.163396779013325,28004800,49.24689540863037,55.50036201477051,65.89731918334961,44.14064668391359,49.126275546257105,-4.985628862343518,-4.028410309421856,-0.9572185529216615,7.6737489169431115,49.24689540863037,64.12685070845758,34.36694010880316,0.6043002376641002,-0.03410769287510418,-0.03470293429190614,0.7431452367718074,28724050.0,0.9749600073805749,1
2026-02-13,40.16838455200195,40.24814109236986,38.97100958720628,39.12155476358906,25092400,48.42687816619873,55.04952705383301,65.76832456588745,43.52952943285026,48.46272806520117,-4.9331986323509085,-4.209367974007667,-0.7238306583432417,12.779559634091356,48.42687816619873,63.41510949335604,33.438646839041425,0.6190046476140136,0.03096215031158267,0.030492492732983715,0.7633085074267012,29158405.0,0.8605546153844835,1
2026-02-17,40.68681335449219,41.47442579042559,40.24813909312023,40.37774774336034,20342500,47.62530517578125,54.642160415649414,65.64430932998657,43.092188497718254,47.886734382926434,-4.79454588520818,-4.32640355624777,-0.4681423289604103,15.557640607423068,47.62530517578125,62.460431408529764,32.790178943032736,0.6229934350233866,0.012906389148388042,0.012823811468771665,0.7674431141720025,29419685.0,0.6914587970605396,1
2026-02-18,41.32488250732422,41.63394432760525,40.46747783844949,40.64693480650153,17925500,46.94586238861084,54.23778480529785,65.52562299728393,42.82029526842686,47.40067128102997,-4.580376012603111,-4.377198047518839,-0.20317796508427222,19.2700750856623,46.94586238861084,61.61933166744281,32.272393109778875,0.6251230047652412,0.015682455818614383,0.015560756818780025,0.772322389979024,29328740.0,0.6111922980666745,1
2026-02-19,41.604034423828125,41.66385467849527,40.726689704621606,40.98092103297907,24646900,46.2399995803833,53.82802543640137,65.39923109054565,42.63317821541167,46.971290773089095,-4.338112557677427,-4.369380949550557,0.03126839187313024,21.349440050061048,46.2399995803833,60.48808693531356,31.991912225453035,0.6162667596984505,0.0067550565075273905,0.006732343341757276,0.7690698242767811,29805235.0,0.8269319131353938,0
2026-02-20,41.52427673339844,42.68077500254523,41.387689247454816,41.44950236793824,23174000,45.467338943481444,53.439800872802735,65.26597494125366,42.46257798740963,46.567808251630524,-4.105230264220893,-4.316550812484624,0.21132054826373103,21.72130569130806,45.467338943481444,58.917380866037554,32.017297020925334,0.5916353248328563,-0.0019170662541324601,-0.001918906177523239,0.7588073425377145,30236900.0,0.76641454646475,1
2026-02-23,43.917030334472656,45.55207923779049,40.40267314736363,40.92110013358156,75619500,44.84073600769043,53.10621086120605,65.14711954116821,42.68633988695778,46.37145433184105,-3.6851144448832684,-4.190263538964353,0.5051490940810845,30.797763810119434,44.84073600769043,57.26519599387831,32.416276021502554,0.554159502826047,0.057623004885469786,0.05602394185060306,0.8008643369535843,33579930.0,2.2519254804878988,1
2026-02-24,46.87806701660156,47.85510835581763,42.900109461124,43.36370597544828,58557200,44.36318187713623,52.82426452636719,65.03988630294799,43.33122098382606,46.408981197378864,-3.077760213552807,-3.967762873882044,0.890002660329237,69.13668842948226,44.36318187713623,55.58855217194905,33.13781158232341,0.5060669600256117,0.06742342684779934,0.06524773225771283,0.8477129848771918,36009220.0,1.6261724080666007,1
2026-02-25,47.177162170410156,48.35360059216484,46.30480339684017,47.23698242688634,42794100,43.95491809844971,52.53773208618164,64.92524614334107,43.92290424330053,46.465883491677474,-2.5429792483769447,-3.682806148781024,1.1398269004040795,73.24465562493832,43.95491809844971,54.03442619163138,33.87541000526804,0.45862936523306486,0.006380279154912127,0.006360011337737696,0.847973356932681,37436890.0,1.1430997606905915,0
2026-02-26,45.39256286621094,47.5859227523274,44.36068724794196,47.35661748195455,48091800,43.52870826721191,52.21610580444336,64.80277715682983,44.14900556990213,46.38637826016143,-2.237372690259299,-3.3937194570766795,1.1563467668173804,69.83790357264678,43.52870826721191,52.49388931503502,34.5635272193888,0.41192038104085665,-0.03782761026941406,-0.03856164506656456,0.8526871910801328,38880345.0,1.2369180366069283,1
2026-02-27,46.07051086425781,46.27987605132471,45.28289462355969,45.6717205750612,23641200,43.184749603271484,51.92638290405274,64.67350244522095,44.44462176903377,46.36298067527968,-1.9183589062459063,-3.0986473469105253,1.180288440664619,70.17421019344008,43.184749603271484,51.09368606827029,35.27581313827268,0.36628377089858855,0.014935221878637828,0.014824789647892342,0.8551012252328408,39089230.0,0.6048008620277248,0
2026-03-02,45.49226379394531,45.81628351988844,44.505250503149426,44.68470746511232,17355300,42.832815170288086,51.613330688476566,64.54143594741821,44.60579746517401,46.29848312851417,-1.6926856633401641,-2.8174550101964533,1.1247693468562892,65.77464803912903,42.832815170288086,49.523177730727674,36.1424526098485,0.31239424884127176,-0.012551349213735574,-0.012630782762648445,0.8554401407552381,39026605.0,0.4447043241399041,1
2026-03-03,46.2400016784668,46.818248953849285,44.52519233175133,44.59498073044952,22406400,42.5362133026123,51.33816383361816,64.4111685180664,44.85721349798828,46.29415116925141,-1.4369376712631237,-2.5413515424097874,1.1044138711466638,66.73511659315784,42.5362133026123,47.87214675042624,37.20027985479837,0.2508889735836564,0.016436594316526554,0.01630297566908071,0.8589897778092491,38774280.0,0.5778675967677543,1
2026-03-04,46.75,47.33000183105469,45.93000030517578,46.04999923706055,14612800,42.795006942749026,51.08795234680176,64.28897155761719,45.1484114213747,46.327917749306856,-1.1795063279321525,-2.2689824995142605,1.089476171582108,72.82059441814545,42.795006942749026,48.428250152782624,37.16176373271543,0.2632663767326747,0.011029375065327862,0.010968995071552147,0.4326696013301737,32420390.0,0.4507286926529878,1
2026-03-05,47.63999938964844,47.915000915527344,46.48500061035156,46.48500061035156,18317700,43.131699562072754,50.84816307067871,64.16819080352784,45.53173264726297,46.42510898192475,-0.8933763346617809,-1.9938612665437645,1.1004849318819836,81.99090761816046,43.131699562072754,49.08542832898217,37.17797079516334,0.2760720689126167,0.01903742009943188,0.018858475940657683,0.4265734225357625,30435375.0,0.6018555710254926,0
2026-03-06,46.970001220703125,47.72999954223633,46.35499954223633,47.16999816894531,15900100,43.49122161865235,50.59397689819336,64.04336380004882,45.75300473548454,46.46547136998241,-0.7124666344978721,-1.7375823401345862,1.0251157056367142,76.10620272376697,43.49122161865235,49.46102824490009,37.5214149924046,0.2745292683932078,-0.01406377366769851,-0.014163605647454563,0.4141884919391764,29088240.0,0.546616089526214,0
2026-03-09,46.15999984741211,46.5260009765625,44.959999084472656,46.04999923706055,18908300,43.78432216644287,50.33256355285644,63.91304449081421,45.815619368088775,46.44284384979202,-0.6272244817032444,-1.515510768448318,0.8882862867450736,70.54747221479909,43.78432216644287,49.669017594740055,37.899626738145685,0.2688037698026682,-0.01724507882137305,-0.017395507133685085,0.4237835536190398,28287570.0,0.6684313993743541,0
2026-03-10,45.02000045776367,45.81999969482422,44.810001373291016,45.61000061035156,17575900,43.984032821655276,50.035788192749024,63.781799659729,45.69321645880799,46.337448042975105,-0.644231584167116,-1.3412549315920779,0.6970233474249619,63.36842018098685,43.984032821655276,49.744341493164534,38.22372415014602,0.2619272632350894,-0.024696693964836536,-0.025006773247620857,0.4361771468341132,27864650.0,0.6307597619205696,1
2026-03-11,45.56999969482422,46.13999938964844,44.79999923706055,45.45000076293945,13794100,44.19429473876953,49.751408615112304,63.65429954528808,45.67426003357971,46.280600017186146,-0.606339983606432,-1.1942719419949488,0.5879319583885168,64.07251816229714,44.19429473876953,49.85823417822519,38.53035529931387,0.2563199378080338,0.012216775465751839,0.01214275293234086,0.43679364713995444,27414970.0,0.5031594052446529,0
2026-03-12,44.36000061035156,46.07400131225586,44.34000015258789,45.29999923706055,15293100,44.39540138244629,49.452400054931644,63.528706855773926,45.47206627616,46.13833339445766,-0.6662671182976609,-1.0886709772554912,0.4224038589578303,59.314916888919406,44.39540138244629,49.76054323954996,39.030259525342615,0.241698089893834,-0.026552536593720588,-0.026911422337715436,0.4384088145682939,27102680.0,0.5642652313350561,1
2026-03-13,44.900001525878906,45.25,44.172000885009766,44.20500183105469,13962500,44.69229965209961,49.17196807861328,63.39770751953125,45.384056314578295,46.046605107896276,-0.6625487933179812,-1.0034465404679893,0.3408977471500081,53.676401349802,44.69229965209961,49.409518740679154,39.97508056352006,0.21109762197515097,0.012173149416083051,0.012099652490929516,0.4135583862058701,26400565.0,0.5288712571113535,1
2026-03-16,45.41999816894531,45.900001525878906,45.189998626708984,45.25,14460200,44.95488033294678,48.91629249572754,63.26950710296631,45.38958583063476,46.00018977908509,-0.6106039484503327,-0.924878022064458,0.3142740736141253,43.32851592363359,44.95488033294678,49.16970394005259,40.740056725840965,0.18751350580358817,0.011581216601222133,0.01151466763142195,0.4045591711082162,25868955.0,0.5589788996115228,1
2026-03-17,46.130001068115234,46.97999954223633,45.74399948120117,45.84000015258789,21819800,45.22703971862793,48.679602508544924,63.1473931312561,45.503495867170216,46.00980543012436,-0.5063095629541436,-0.8411643302423952,0.3348547672882516,45.382288018781246,45.22703971862793,48.95645632520446,41.4976231120514,0.16491977497437096,0.015631944689407096,0.01551102436061888,0.4052497189297159,25942820.0,0.8410727900821885,0
2026-03-18,44.59000015258789,46.07699966430664,44.54999923706055,45.6150016784668,19662700,45.390295600891115,48.38918190002441,63.020811882019046,45.36295806492678,45.90463466882536,-0.5416766038985799,-0.7812667849736322,0.23959018107505237,46.382874396492404,45.390295600891115,48.65772797173856,42.12286323004367,0.14397052619253256,-0.03338393409645468,-0.033953898662783054,0.42748574817407936,26029680.0,0.7553953794284063,0
2026-03-19,44.189998626708984,44.84000015258789,43.53200149536133,44.19499969482422,22744600,45.51959381103516,48.080392608642576,62.888997898101806,45.182502766739425,45.77762459163155,-0.5951218248921251,-0.7440377929573309,0.1489159680652058,41.30678982628216,45.51959381103516,48.32868137588275,42.71050624618756,0.12342322633672521,-0.008970655405025618,-0.009011133995721045,0.4298523339571181,25934565.0,0.8769994792663768,0
2026-03-20,44.0099983215332,44.54999923706055,43.33000183105469,44.33000183105469,31695500,45.643879890441895,47.7939249420166,62.754294548034665,45.00211746747693,45.646689312365005,-0.6445718448880768,-0.7241446033434802,0.07957275845540335,42.88585607849585,45.643879890441895,47.86765103062344,43.42010875026035,0.09744005748500002,-0.004073326788179288,-0.0040816453809901536,0.43027156394446225,26360640.0,1.20237976012722,1
2026-03-23,45.4900016784668,45.7400016784668,44.0099983215332,44.720001220703125,21262500,45.7225284576416,47.54184280395508,62.61968030929565,45.07717657685999,45.63508282096514,-0.5579062441051477,-0.6908969314958138,0.1329906873906661,46.63677176070664,45.7225284576416,47.7952819312538,43.649774984029406,0.09066661637194634,0.03362879830444032,0.03307571579470715,0.3972200793730823,23642790.0,0.899322795659903,0
2026-03-24,44.209999084472656,45.26499938964844,43.9900016784668,44.94499969482422,19616500,45.589125061035155,47.276323776245114,62.480307292938235,44.94376465495425,45.529521062706436,-0.5857564077521857,-0.6698688267470883,0.08411241899490252,39.34563892627845,45.589125061035155,47.691955458890995,43.486294663179315,0.09225140403728084,-0.028138108304358367,-0.028541571349853065,0.3273318236987033,21695755.0,0.9041630494075915,1
2026-03-25,44.849998474121094,45.959999084472656,44.20000076293945,45.08000183105469,14861200,45.4727668762207,47.03098236083984,62.339359760284424,44.92933908867222,45.47918605614456,-0.549846967472341,-0.6458644548921388,0.09601748741979788,38.04627451031667,45.4727668762207,47.45997153537386,43.485562217067546,0.08740196806420134,0.014476349307892544,0.014372567353429774,0.3315523102232346,20299110.0,0.7321109152076125,1
2026-03-26,45.20000076293945,45.97200012207031,44.470001220703125,44.47999954223633,14613000,45.46313877105713,46.80719696044922,62.199565467834475,44.970979346251795,45.458505664055295,-0.48752631780349986,-0.6141968274744111,0.1266705096709112,42.20264796895276,45.46313877105713,47.453842474120954,43.47243506799331,0.0875744067337097,0.007803841710726456,0.007773549234398586,0.3052552143582959,18625170.0,0.7845834427283079,0
2026-03-27,43.59000015258789,44.790000915527344,43.54999923706055,44.720001220703125,17434200,45.33911323547363,46.52927795410156,62.04570329666138,44.75852100876504,45.32009784839104,-0.5615768396260066,-0.6036728299047303,0.04209599027872368,39.423877537949146,45.33911323547363,47.47432586452453,43.203900606422735,0.09418854832742042,-0.03561948192867381,-0.03626933396655049,0.32450943219831835,18314820.0,0.9519176273640692,1
2026-03-30,44.66999816894531,45.01499938964844,43.91999816894531,44.0,17778200,45.297999954223634,46.29130332946777,61.89798715591431,44.74490211033123,45.27194231658025,-0.5270402062490191,-0.5883463051735881,0.06130609892456895,48.55251421202572,45.297999954223634,47.45237545070659,43.14362445774068,0.09512011561923628,0.024776279251591316,0.024474324622497545,0.33611524892599,18335965.0,0.9695808210803195,1
2026-03-31,45.22999954223633,45.470001220703125,44.279998779296875,44.7400016784668,12695000,45.24749984741211,46.06153785705566,61.75207633972168,44.81953248447048,45.268835444406626,-0.44930295993614777,-0.5605376361261001,0.11123467618995231,48.59504184341154,45.24749984741211,47.35575864736817,43.139241047456046,0.09318785820501602,0.012536409139150884,0.01245847899563048,0.33375509569715894,17850395.0,0.7111887440025837,0
2026-04-01,44.630001068115234,45.5,44.0,45.290000915527344,15319900,45.14149990081787,45.85586311340332,61.62295969009399,44.79037380503121,45.22151437949615,-0.4311405744649406,-0.5346582237938682,0.1035176493289276,51.1749357660613,45.14149990081787,47.1421137701042,43.14088603153154,0.0886374566056493,-0.013265498124995778,-0.01335427079510215,0.3333861717276486,17885750.0,0.856542219364578,1
2026-04-02,45.34000015258789,45.41999816894531,43.67499923706055,44.02000045776367,12747700,45.02649993896485,45.6482373046875,61.490281105041504,44.87493170465531,45.23029110342887,-0.35535939877355815,-0.4987984587898062,0.14343906001624807,51.886785354058325,45.02649993896485,46.65157115270161,43.40142872522809,0.0721828796792825,0.015908560777066594,0.0157833458709453,0.33093010752093555,17607250.0,0.7240028965340982,1
2026-04-06,45.47999954223633,46.439998626708984,45.33000183105469,45.7239990234375,11006800,44.95199985504151,45.41828750610352,61.366210231781004,44.968019064283155,45.24878802482201,-0.28076896053885747,-0.4551925591396165,0.174423598600759,50.265963293041196,44.95199985504151,46.31786395740595,43.586135752677066,0.06076989263076155,0.0030877677365963585,0.003083010372373524,0.32840940812570707,17362585.0,0.6339378612113346,0
2026-04-07,44.869998931884766,45.459999084472656,44.560001373291016,45.09000015258789,10416300,44.88749980926514,45.18670570373535,61.24953350067139,44.95293904391417,45.22072957349333,-0.26779052957915894,-0.417712153227525,0.14992162364836603,44.364931833660215,44.88749980926514,46.12938145426024,43.64561816427003,0.05533307269382687,-0.013412502561374606,-0.01350326263394234,0.32623238885737277,16937985.0,0.6149668924609392,1
2026-04-08,45.849998474121094,46.349998474121094,45.55500030517578,45.9900016784668,15619000,44.928999710083005,44.975122680664064,61.13039608001709,45.090948187022924,45.26734208465094,-0.17639389762801727,-0.3694485021076234,0.19305460447960615,55.93219182240045,44.928999710083005,46.24290790350118,43.61509151666483,0.05848820146883009,0.021840863952861334,0.021605769239443077,0.3236170395013047,16840140.0,0.9274863510635898,1
2026-04-09,45.97999954223633,46.08000183105469,44.904998779296875,45.810001373291016,12716600,44.949499702453615,44.787873916625976,61.00216081619263,45.22772531859422,45.32013152595356,-0.09240620735934613,-0.314040043157968,0.2216338357986219,58.647342318567944,44.949499702453615,46.31721002046525,43.58178938444198,0.060855418950835356,0.0028353559965461628,0.002831343956651,0.32105066192529863,16786265.0,0.7575598264414389,0
2026-04-10,45.2400016784668,46.18000030517578,44.97999954223633,45.915000915527344,13130500,44.993499755859375,44.61433876037598,60.86241733551025,45.22961398934385,45.314195981695285,-0.08458199235143837,-0.26814843299666213,0.18356644064522376,55.63704373998249,44.993499755859375,46.337779004415076,43.649220507303674,0.05975437589207046,-0.016093907593230483,-0.0162248210300156,0.31129867059482363,16678135.0,0.7872882669435162,1
2026-04-13,47.5099983215332,47.875,45.060001373291016,45.10200119018555,15179300,45.12399959564209,44.50554504394531,60.73656023025513,45.58044234814221,45.476848006868465,0.10359434127374811,-0.1937998781425801,0.2973942194163282,58.63246653824935,45.12399959564209,46.87521455820991,43.37278463307427,0.07761789638598206,0.050176758595189774,0.04895849152081681,0.3552475498531423,16738975.0,0.90682374518153,1
2026-04-14,47.970001220703125,48.33399963378906,47.70000076293945,47.939998626708984,11045300,45.25149974822998,44.41432601928711,60.6125058555603,45.94806679007466,45.661526022708074,0.2865407673665885,-0.09773174904074637,0.3842725164073349,67.27942594401509,45.25149974822998,47.4160011533471,43.08699834311286,0.09566539969547799,0.009682233538649276,0.009635661091067938,0.35470739876527546,16568230.0,0.6666554001242136,1
2026-04-15,49.56999969482422,49.755001068115234,47.900001525878906,48.51499938964844,13074000,45.42349967956543,44.36228523254395,60.49411394119263,46.50528723695921,45.95104259101297,0.5542446459462411,0.03266352995665113,0.52158111598959,69.93244375252917,45.42349967956543,48.30867276650818,42.53832659262268,0.12703438120337945,0.033354147037848225,0.03280996491482941,0.36841076263142397,16130940.0,0.8104921349902734,1
2026-04-16,49.810001373291016,49.95000076293945,48.349998474121094,48.38999938964844,13420600,45.684499740600586,44.52700271606445,60.37354011535645,47.013704796394876,46.23689138970023,0.776813406694643,0.18149350530424951,0.5953199013903936,69.65047864224046,45.684499740600586,49.14021408622306,42.22878539497811,0.15128607581320733,0.0048416719778969775,0.00482998877975878,0.34113829654077427,15818835.0,0.8483937028232483,1
2026-04-17,50.810001373291016,51.20000076293945,49.77299880981445,50.345001220703125,18758600,46.015499877929685,44.7250798034668,60.25314210891724,47.59775042360967,46.57564027737362,1.0221101462360451,0.3496168334906087,0.6724933127454364,82.46404852077501,46.015499877929685,50.08257769536552,41.94842206049385,0.17676990701937464,0.02007628934811101,0.01987741797782716,0.3400726610736588,15619535.0,1.2009704514250905,1
2026-04-20,51.459999084472656,51.5099983215332,50.439998626708984,50.68000030517578,13091800,46.38799991607666,44.95868858337403,60.13092119216919,48.19194252528089,46.93744463345504,1.2544978918258565,0.5305930451576583,0.7239048466681982,81.75867264172018,46.38799991607666,51.008679723001286,41.76732010915203,0.1992187555093636,0.01279271193886089,0.012711576428942236,0.3379061754338553,14689350.0,0.8912443368835244,0
2026-04-21,50.880001068115234,52.29999923706055,50.755001068115234,52.0099983215332,13548100,46.65749988555908,45.170328826904296,60.004407768249514,48.60548999340926,47.22948585083727,1.3760041425719862,0.6996752646405239,0.6763288779314623,76.37724572226418,46.65749988555908,51.669796507294194,41.64520326382397,0.21485491653128466,-0.011270851664908599,-0.011334849037852372,0.3303546233935083,14303630.0,0.9471791426372187,1
2026-04-22,51.220001220703125,51.459999084472656,50.77000045776367,51.0,8569700,47.00799999237061,45.37421310424805,59.88163341522217,49.007722489916006,47.52507958193845,1.4826429079775565,0.8562687933079305,0.626374114669626,81.5311219269308,47.00799999237061,52.27365753674742,41.74234244799379,0.22403240066505406,0.006682392795800407,0.006660164579229865,0.3050344984023355,13751290.0,0.6231924423090488,0
2026-04-23,49.75,50.880001068115234,49.16999816894531,50.744998931884766,11581400,47.25300006866455,45.541917877197264,59.757228469848634,49.121919029928925,47.68988850179486,1.4320305281340637,0.9714211402731572,0.46060938786090655,69.66994517518859,47.25300006866455,52.551759650838726,41.95424048649037,0.22427188007002366,-0.028699749817829967,-0.029119640999325448,0.32956620010438725,13587300.0,0.8523694920992397,1
2026-04-24,50.47999954223633,50.59000015258789,49.560001373291016,49.79999923706055,8259300,47.51700000762939,45.744760513305664,59.63746816635132,49.33085449336083,47.896563393679415,1.4342910996814169,1.0639951321548091,0.37029596752660776,71.18644889693783,47.51700000762939,52.910365373738706,42.12363464152008,0.22700782310513495,0.014673357632891015,0.014566745560137357,0.3311286897628942,13269615.0,0.6224219768244972,0
2026-04-27,49.77000045776367,50.560001373291016,49.39699935913086,50.37799835205078,7992800,47.82600002288818,45.960919799804685,59.50983104705811,49.39841541096127,48.03533650953751,1.363078901423762,1.1238118860085997,0.23926701541516238,70.58825226509788,47.82600002288818,52.97463122262648,42.677368823149884,0.21530678698926553,-0.014064958219316193,-0.014164807096694014,0.30306668267988185,12797545.0,0.624557288136123,0
2026-04-28,49.63999938964844,50.47999954223633,49.45500183105469,49.77000045776367,9761400,48.07450008392334,46.15035209655762,59.403128471374515,49.43558217691314,48.15420042658276,1.2813817503303753,1.155325858872955,0.12605589145742035,67.14933251400737,48.07450008392334,53.05889923455094,43.09010093329574,0.20736145532148517,-0.002612036707244081,-0.002615454027197961,0.2970817570397261,12396705.0,0.787418914945544,1
2026-04-29,50.939998626708984,51.869998931884766,49.220001220703125,49.40999984741211,18531700,48.36000003814697,46.35541580200195,59.2903431892395,49.66703086149711,48.36055584881433,1.3064750126827818,1.1855556896349202,0.12091932304786157,70.29460591534365,48.36000003814697,53.31240104713154,43.407599029162405,0.20481393734814105,0.026188542567380457,0.025851494551472225,0.30523924387428986,12688540.0,1.4605068825885406,0
2026-04-30,50.13999938964844,50.45500183105469,49.41999816894531,49.801998138427734,12519900,48.63549995422363,46.53171813964844,59.178183193206785,49.73979525044347,48.49236648146871,1.247428768974764,1.197930305502889,0.04949846347187514,69.95113892679599,48.63549995422363,53.32001669344588,43.950983215001386,0.1926377540533715,-0.015704736133249297,-0.015829362035119036,0.307410674379961,12548540.0,0.9977176627719241,1
2026-05-01,50.439998626708984,50.90999984741211,50.28499984741211,50.56999969482422,8765800,48.890499877929685,46.70843742370605,59.06747344970703,49.847518846792006,48.63663552926428,1.210883317527724,1.200520907907856,0.010362409619868007,64.20951017943511,48.890499877929685,53.37046013209722,44.41053962376215,0.18326506234761963,0.0059832317653056855,0.005965403313288791,0.3051844314895202,12349445.0,0.7098132750095247,0
2026-05-04,50.38999938964844,51.060001373291016,50.220001220703125,50.5,13649500,49.135999870300296,46.88575187683105,58.95208736419678,49.930977391846845,48.766514333737184,1.1644630581096607,1.193309337948217,-0.028846279838556255,62.22222050967469,49.135999870300296,53.35984919341222,44.912150547188375,0.17192483451079538,-0.0009912616657778983,-0.000991753290535621,0.3059577073137369,12481580.0,1.0935714869431594,0
2026-05-05,46.4900016784668,46.71500015258789,44.5099983215332,45.369998931884766,39099400,49.217000007629395,46.93721130371094,58.815659580230715,49.401596512865304,48.59788376668012,0.8037127461851838,1.1153900195956103,-0.3116772734104265,37.377050205509114,49.217000007629395,53.14840157169906,45.28559844355973,0.15975787079506018,-0.07739626430681823,-0.08055545877363617,0.42068628061295327,13915735.0,2.8097258247588073,0
2026-05-06,46.27000045776367,47.459999084472656,45.755001068115234,46.685001373291016,19801400,49.238000106811526,46.92504997253418,58.67489902496338,48.919812504388126,48.42544796601965,0.4943645383684796,0.9911849233501843,-0.49682038498170467,35.46796779867407,49.238000106811526,53.09750371989861,45.37849649372444,0.15676930844935622,-0.004732226559695407,-0.004743458994094233,0.4146920133386631,14124855.0,1.4018834175642865,0
