Date,Close,High,Low,Open,Volume,SMA_20,SMA_50,SMA_200,EMA_12,EMA_26,MACD,MACD_Signal,MACD_Hist,RSI,BB_Mid,BB_Upper,BB_Lower,BB_Width,Daily_Return,Log_Return,Volatility_20d,Volume_MA20,Volume_Ratio,Target
2020-10-15,191.7586669921875,196.7075817980249,189.88480675808484,193.16165376725235,8885500,193.2409194946289,194.9747348022461,183.1884065246582,194.58897125466441,194.4425903297584,0.14638092490602617,0.0786032823448591,0.06777764256116707,54.07805941028911,193.2409194946289,199.30361187238492,187.1782271168729,0.06274750082551246,-0.013105640238407767,-0.01319227692680714,0.2176378387133493,6802965.0,1.3061216690075577,1
2020-10-16,192.44093322753906,194.73761616758327,191.62412989247028,192.18148581329066,6385900,193.12800827026368,195.0091372680664,183.2365648651123,194.2585038658759,194.29431943329772,-0.035815567421821015,0.05571951239152308,-0.09153507981334409,49.88392014394148,193.12800827026368,199.1603888782573,187.09562766227006,0.062470282399970614,0.003557942105320011,0.0035516276026318406,0.21378825054978842,6668055.0,0.9576855619817173,0
2020-10-19,189.27935791015625,193.21928032418722,188.82770776688395,193.0078689948677,7449600,193.1049430847168,195.02655700683593,183.27618476867676,193.49248141114978,193.9228408019539,-0.4303593908041137,-0.04149626824760427,-0.3888631225565094,45.62835632808012,193.1049430847168,199.19510818948055,187.01477797995307,0.06307622174220505,-0.016428808904416448,-0.016565258317122997,0.20186069614384655,6557735.0,1.1360019884914532,1
2020-10-20,189.98086547851562,191.86434437377164,189.02952908779693,189.83672804447178,7427000,192.96752471923827,195.049755859375,183.32127311706543,192.95223280612916,193.63084262984734,-0.6786098237181761,-0.16891897934171865,-0.5096908443764575,46.01050960124352,192.96752471923827,199.21537156999196,186.71967786848458,0.06475542306762873,0.003706202177061302,0.0036993511321266686,0.19372400026937564,6551930.0,1.1335591192213592,1
2020-10-21,190.68234252929688,192.59464874856232,190.10577817919116,190.10577817919116,6067200,193.11455001831055,195.0681771850586,183.37226013183593,192.60301891738573,193.41243521499175,-0.8094162976060204,-0.297018442994579,-0.5123978546114414,40.464967137554524,193.11455001831055,198.9707382125481,187.258361824073,0.06064989089307129,0.0036923563276458626,0.0036855563135969865,0.1695749222201165,6539760.0,0.9277404675400932,0
2020-10-22,190.25955200195312,191.97005132473203,188.11661104813376,191.55683290603028,4908200,193.2332290649414,195.05952850341797,183.40568550109865,192.2424855457807,193.1788883103222,-0.9364027645414978,-0.42489530730396285,-0.511507457237535,42.87462870520416,193.2332290649414,198.72834167459385,187.73811645528897,0.05687544151948785,-0.002217250542109306,-0.002219712281627888,0.16992049312793903,6291905.0,0.780081708163108,1
2020-10-23,190.2787628173828,192.0757592855798,188.36647106282456,191.9508303984123,5877200,193.26974487304688,195.06779235839844,183.43284606933594,191.9403743567964,192.9640641997341,-1.0236898429376993,-0.5446542144307102,-0.4790356285069891,37.595217962134356,193.26974487304688,198.67065763473815,187.8688321113556,0.05588989383971063,0.00010097162128031023,0.00010096652398927651,0.16715942114230922,6310960.0,0.9312687768580374,0
2020-10-26,185.53164672851562,188.7508381843063,183.2733959092926,188.34723871804366,12608700,192.9213981628418,194.99917938232423,183.43378402709962,190.95441626013783,192.41351475742164,-1.4590984972838044,-0.7275430710013291,-0.7315554262824753,34.71403923405258,192.9213981628418,199.3354188099671,186.50737751571648,0.0664936156196768,-0.02494821817515791,-0.02526469983061223,0.17933040932171831,6663130.0,1.8923088698554584,0
2020-10-27,182.63914489746094,186.13702127593305,181.83194604004728,185.46435556142166,8690400,192.47071075439453,194.81909606933593,183.41279876708984,189.67514374280293,191.6894873603875,-2.014343617584558,-0.9849031803179749,-1.029440437266583,25.30824062261668,192.47071075439453,200.35763041624642,184.58379109254264,0.08195449199453653,-0.01559034203629539,-0.015713149497816808,0.18578239226667856,6821975.0,1.2738832962595144,0
2020-10-28,173.80799865722656,177.48845960199424,172.33773806698719,176.79657054035033,17809500,191.5529983520508,194.47046173095703,183.34421424865724,187.23404449886812,190.36493264163482,-3.1308881427667075,-1.4141001728077214,-1.716787969958986,17.30250811082952,191.5529983520508,203.0405145510662,180.0654821530354,0.11994086542986672,-0.04835297627566337,-0.049561086343029595,0.24604505469820465,7254570.0,2.4549353028504792,1
2020-10-29,177.65179443359375,179.69863383197256,172.33771301256635,175.8548127874384,16820900,190.6650733947754,194.1606494140625,183.27691413879396,185.7598521811336,189.42321870029843,-3.663366519164839,-1.863953442079145,-1.799413077085694,18.125805856147608,190.6650733947754,203.55669380108168,177.7734529884691,0.1352279174866386,0.022115183455668763,0.021874189399262344,0.2527724946284168,7733885.0,2.174961225826347,0
2020-10-30,174.6151885986328,177.0271810481342,172.2320089711824,175.52809317271414,10252900,189.71612777709962,193.72937286376953,183.18893104553223,184.04528855305657,188.32632758165653,-4.281039028599963,-2.3473705593833087,-1.9336684692166544,16.698021638357233,189.71612777709962,204.37312221415837,175.05913334004086,0.1545150073301041,-0.017093020898789835,-0.017240792914658017,0.2561739420202034,7945545.0,1.2903960647129933,1
2020-11-02,177.52691650390625,179.62179236308697,176.7100984997939,177.30588619130097,8057100,188.8128303527832,193.35671447753907,183.09757179260254,183.0424620839565,187.52637120552689,-4.4839091215703775,-2.7746782718207226,-1.709230849749655,24.250361992140796,188.8128303527832,204.1555979931347,173.4700627124317,0.16251827390844825,0.01667511244950326,0.016537609244085167,0.26214160552913973,8043875.0,1.0016441080946683,1
2020-11-03,180.986328125,182.1298673440595,177.93049713293868,179.53529081696658,6467900,188.23097076416016,193.00942504882812,183.0111227416992,182.7261337825786,187.0419235699323,-4.315789787353708,-3.0829005749273195,-1.2328892124263886,32.45565689858179,188.23097076416016,203.84549865065273,172.6164428776676,0.1659081693421902,0.01948668793003927,0.019299253497431834,0.27244388416399984,8075215.0,0.8009570023832183,1
2020-11-04,186.39651489257812,189.19289854741274,184.0517814361401,185.35868133007202,8102700,187.82256469726562,192.7378594970703,182.94880752563478,183.29080779950158,186.9941155197579,-3.7033077202563334,-3.2069820039931223,-0.4963257162632111,43.432167119082735,187.82256469726562,203.16447863198707,172.48065076254417,0.16336603601861902,0.029892792586197592,0.029454711956569322,0.293310275517296,8144680.0,0.9948457152398866,1
2020-11-05,189.92320251464844,193.14240859432945,189.58686229867675,190.6150914949798,7132100,187.56598968505858,192.4953143310547,182.91072540283204,184.31117621721646,187.21108492678684,-2.899908709570383,-3.1455673451085744,0.24565863553819156,47.117041120629224,187.56598968505858,202.56648286058626,172.5654965095309,0.1599489673017476,0.018920351724938556,0.01874358801094627,0.3022866023258747,8303505.0,0.8589264413040035,1
2020-11-06,190.72084045410156,191.8835884051038,187.79952750449158,189.64457497951756,6180500,187.1734420776367,192.25392333984374,182.88390113830567,185.29727840750647,187.47106681769904,-2.1737884101925715,-2.951211558125374,0.7774231479328026,51.7450600442227,187.1734420776367,201.34950634996528,172.99737780530813,0.1514751677906159,0.004199791962709698,0.0041909974512584994,0.29452834643208786,8334385.0,0.741566414318513,1
2020-11-09,204.3759765625,209.15192581949697,203.9916002881522,206.30750619808734,17916900,187.47518081665038,192.19568878173828,182.94118270874023,188.23246273904394,188.72328235435097,-0.4908196153070321,-2.459133169561706,1.968313554254674,63.26605513875811,187.47518081665038,202.85768079999562,172.09268083330514,0.16410172179952967,0.07159750384848285,0.06915052931688662,0.3934195461607216,8899095.0,2.0133395586854617,1
2020-11-10,204.98141479492188,205.70213141793886,202.32918290090555,203.6649104557097,7943600,187.9071304321289,192.22105834960936,182.99594383239747,190.8092245937944,189.92758846105994,0.8816361327344566,-1.7909793091024735,2.67261544183693,63.20091621377195,187.9071304321289,204.75355654781336,171.06070431644443,0.17930587388507122,0.0029623747497384834,0.0029579955640539556,0.3909184564922589,9015190.0,0.8811350620452814,0
2020-11-11,204.39520263671875,205.91351386877483,203.40541978655168,203.88589746772075,5337200,188.4116325378418,192.20856567382813,183.0381610107422,192.8993750619366,190.99926358518283,1.9001114767537786,-1.0527611519312232,2.952872628685002,63.0107862138704,188.4116325378418,206.6145307144444,170.20873436123918,0.1932247805659943,-0.002859830774363692,-0.002863927903654764,0.38855356096598265,9016050.0,0.5919665485439854,0
2020-11-12,200.4301300048828,204.5492154479925,199.35224287886854,203.48094706949237,7302500,188.84520568847657,192.0566162109375,183.04453117370605,194.05795274546682,191.6978462829384,2.360106462528421,-0.3701876290392944,2.7302940915677154,58.71082694197181,188.84520568847657,207.78207067005232,169.90834070690082,0.2005543631625411,-0.019399049393949097,-0.019589680352817617,0.3925949798632015,8936900.0,0.8171177925231344,1
2020-11-13,202.566650390625,203.33657599774364,199.50621482584296,202.018088124438,6377500,189.35149154663085,192.09192413330078,183.10577491760253,195.36698315241424,192.50294288350779,2.86404026890645,0.27665795054985454,2.5873823183565956,65.30326175400427,189.35149154663085,209.2120334568457,169.49094963641602,0.20977433816858904,0.010659676694767084,0.010603262888989431,0.3936564813930369,8936480.0,0.7136478792544716,1
2020-11-16,204.70318603515625,207.0033294141059,203.86589983450506,206.5028902541194,12083200,190.12268295288087,192.25260528564453,183.1689012145996,196.80332205745145,193.4066645984447,3.3966574590067466,0.900657852241233,2.4959996067655137,70.09398107038088,190.12268295288087,211.1358113820129,169.10955452374884,0.22104809486977228,0.01054732178476181,0.01049208683408212,0.3877303660471958,9168160.0,1.31795256627284,0
2020-11-17,202.78797912597656,204.11608551937886,201.62346482473032,202.64360983890418,7268800,190.7630386352539,192.4622366333008,183.20929969787596,197.72403852953224,194.1015767856693,3.6224617438629423,1.445018630565575,2.1774431132973673,80.19617644496255,190.7630386352539,212.5251904602552,169.0008868102526,0.22815899747341883,-0.009356019055075993,-0.009400061524735485,0.3907139918401231,9160250.0,0.7935154608225758,0
2020-11-18,200.01625061035156,203.21142146697875,199.86226258024482,201.83519199630524,6977900,191.22973403930663,192.5407095336914,183.23942626953124,198.07668654196598,194.5397007726828,3.536985769283177,1.8634120583090956,1.6735737109740816,73.83553370023643,191.22973403930663,213.38144907448944,169.07801900412383,0.23167647172096775,-0.013668110543688328,-0.01376237913453709,0.39546187893108387,9205785.0,0.7579907634166994,0
2020-11-19,199.76605224609375,200.88242886991205,197.8027413669319,199.44845740725557,5657200,191.70505905151367,192.66261169433594,183.26720191955567,198.33658895798564,194.9268379188614,3.409751039124245,2.1726798544721255,1.2370711846521196,78.49781791059536,191.70505905151367,214.17481216306606,169.23530593996128,0.23442003275995418,-0.0012508901826443486,-0.0012516731988151397,0.39531789069446394,9243235.0,0.6120368031322367,0
2020-11-20,196.21481323242188,200.28577557191215,196.14743794442157,199.3426243356829,9653500,192.00186157226562,192.73001708984376,183.27865623474122,198.01016192328353,195.02224349764364,2.98791842563989,2.3357275687056784,0.6521908569342116,70.87230355599306,192.00186157226562,214.54897388752462,169.45474925700663,0.23486347612075337,-0.017776989502185647,-0.01793689814396569,0.4019342965444564,9432050.0,1.0234784590836563,1
2020-11-23,200.33387756347656,201.14229282360455,197.00395563231717,197.00395563231717,6101900,192.74197311401366,192.7971618652344,183.29516242980958,198.3676566371594,195.41569787289052,2.9519587642688805,2.458973807818319,0.4929849564505613,71.29527274070864,192.74197311401366,215.36646756635557,170.11747866167175,0.23476458279233992,0.020992626719653185,0.02077531753025575,0.3943366260250582,9106710.0,0.6700443958355982,1
2020-11-24,201.79672241210938,205.7810862807433,201.52725065555094,202.92274722678985,10110800,193.6998519897461,192.88568267822265,183.32878707885743,198.89520521792093,195.8883663572771,3.0068388606438248,2.5685468183834206,0.4382920422604042,68.56362671893267,193.6998519897461,216.14483744251336,171.25486653697882,0.23175015594700032,0.007302034316034822,0.007275503537609872,0.3874612926771411,9177730.0,1.1016667520182006,1
2020-11-25,202.96121215820312,203.9813572101239,201.01715356419686,201.78707906841686,6772900,195.15751266479492,193.00249114990234,183.3514949798584,199.52074474719512,196.4122808610494,3.108463886145728,2.6765302319358826,0.4319336542098453,66.66526238759428,195.15751266479492,215.88397166201662,174.43105366757322,0.2124074929446527,0.00577060782838501,0.005754021648665919,0.3317164196619988,8625900.0,0.7851818360982622,1
2020-11-27,203.06712341308594,204.05839776963003,200.9594575550575,204.029526841584,3512900,196.42827911376952,193.1187274169922,183.3734873199463,200.0663414650245,196.90523216120027,3.161109303824219,2.7734460463135497,0.3876632575106691,66.06517992582181,196.42827911376952,215.70110596904712,177.15545225849192,0.19623271091343167,0.0005218300273071019,0.0005216939213657885,0.3283560325557938,7960500.0,0.4412913761698386,0
2020-11-30,202.44155883789062,202.62440314638718,198.83254612757722,201.66199975697026,7725500,197.81959762573243,193.2735754394531,183.37851020812988,200.43175952238852,197.3153304335477,3.1164290888408175,2.842042654819003,0.2743864340218143,46.19149531890451,197.81959762573243,214.2735658395006,181.36562941196425,0.16635326743408402,-0.003080580276516587,-0.003085335031383593,0.3183884225277043,7834130.0,0.9861337506525932,1
2020-12-01,203.2595672607422,205.636704507466,203.10557921343906,204.15460993622168,8047900,199.10623016357422,193.54395355224608,183.38326469421386,200.86680686675064,197.75564427259914,3.1111625941514944,2.8958666426855015,0.2152959514659929,46.638145487804515,199.10623016357422,212.64505526359554,185.5674050635529,0.13599599659838463,0.004040713910460347,0.004032572150985111,0.3167701542767281,7833670.0,1.0273473352847389,0
2020-12-02,202.27793884277344,203.45207216140082,200.64185600562212,203.06711667681594,9728900,200.1708106994629,193.73492767333985,183.37300498962404,201.08390409383105,198.09062905557502,2.99327503825603,2.9153483217996072,0.0779267164564228,45.928967215683144,200.1708106994629,210.73127551063402,189.61034588829176,0.10551453305573755,-0.00482943278487602,-0.0048411321782089265,0.3157898331222652,7996720.0,1.2166113106373613,0
2020-12-03,200.22802734375,203.17297935454854,199.8045675043993,201.8929810892786,9203300,200.86238632202148,193.9846514892578,183.36140434265135,200.95223074766471,198.2489548546991,2.703275892965621,2.8729338360328103,-0.16965794306718918,49.58050582541061,200.86238632202148,209.20306334638323,192.52170929765973,0.08304867005801699,-0.01013413282116149,-0.010185832730931665,0.3070606851072676,8051750.0,1.1430185984413326,1
2020-12-04,204.68392944335938,204.72243379951854,200.67070939264917,201.85447604024327,5720100,201.60042266845704,194.32061065673827,183.3847275543213,201.52633823931004,198.72561963904428,2.8007186002657534,2.858490788879399,-0.057772188613645525,54.00874795601755,201.60042266845704,208.32018518463914,194.88066015227494,0.0666641709103271,0.022254137738467072,0.0220101279320624,0.3094626898785594,7981150.0,0.7167012272667472,0
2020-12-07,204.65504455566406,206.4354964362672,203.8370106069582,204.00061739669937,10624500,202.29713287353516,194.6227426147461,183.45589714050294,202.00767767259526,199.16483629953464,2.8428413730606223,2.855360905715644,-0.012519532655021592,49.90094583385398,202.29713287353516,206.7867593453652,197.80750640170513,0.04438645677333152,-0.00014111947026751448,-0.00014112942855684212,0.30979494167813276,8203350.0,1.2951416189727367,1
2020-12-08,204.7705535888672,205.11701936314813,201.99882739461955,202.0565692428149,8646200,202.3168617248535,194.8681820678711,183.57740715026856,202.43273550586787,199.58007461726297,2.852660888604902,2.854820902293496,-0.002160013688594198,54.405547741855855,202.3168617248535,206.84822557715052,197.7854978725565,0.04479472263127095,0.0005644084339768707,0.0005642492154434037,0.17784120970589776,7739815.0,1.1171068042324008,0
2020-12-09,201.70050048828125,205.47311994472528,201.094181664619,205.21326692242573,6251100,202.15281600952147,195.06913421630858,183.68926635742187,202.3200839647007,199.73714320030138,2.582940764399325,2.800444874714662,-0.21750411031533723,53.69365848173801,202.15281600952147,206.5123141794683,197.79331783957466,0.04313071918564304,-0.01499264931787947,-0.015106175216451228,0.1853453216381234,7655190.0,0.8165832592006208,0
2020-12-10,199.80453491210938,201.43099871834605,199.45806916234827,200.67069194395822,10492000,201.92328262329102,195.22197998046875,183.82613021850585,201.93307641814818,199.74213517895382,2.190941239194359,2.6785441476106016,-0.48760290841624254,50.078712829879166,201.92328262329102,206.26905443928206,197.57751080729997,0.043043791280855254,-0.009399905164251376,-0.009444363092340445,0.18777452460385152,7912930.0,1.32593110263834,0
2020-12-11,198.48605346679688,199.1116097112422,196.81146650912666,197.63913389945446,9227600,201.82607879638672,195.28349517822267,183.94802017211913,201.40276519486335,199.6490920891644,1.7536731056989368,2.4935699392282684,-0.7398968335293317,55.1125918801951,201.82607879638672,206.3937753958428,197.25838219693065,0.04526369066570643,-0.0065988564568491,-0.006620725168870098,0.1763514144730078,8009185.0,1.1521272139424923,1
2020-12-14,199.45806884765625,203.35580485504215,199.18859711883476,200.03551665804966,11967700,201.67064971923827,195.40077453613281,184.02414505004882,201.10358114144688,199.63494221942307,1.468638922023814,2.2885837357873777,-0.8199448137635637,47.70311855969202,201.67064971923827,206.34260769800278,196.99869174047376,0.046332552458860164,0.004897146997897117,0.004885194978186593,0.1726941273309926,8288695.0,1.4438581706770486,1
2020-12-15,200.5263214111328,201.56571857788404,198.40903741298328,200.69954692970467,9796100,201.4618064880371,195.49944366455077,184.13722206115722,201.0147719521678,199.70097030769787,1.313801644469919,2.093627317523886,-0.779825673053967,46.59785304778133,201.4618064880371,205.93206045004135,196.99155252603285,0.04437817807684253,0.005355775124306961,0.005341483964830979,0.16914973966917257,8174340.0,1.1983964454622635,0
2020-12-16,200.43975830078125,201.26742580422012,199.3522377700123,200.64185478917437,7504400,201.34439544677736,195.65576843261718,184.2088680267334,200.92630831349294,199.75569534422257,1.1706129692703655,1.9090244478731822,-0.7384114786028166,42.83378666241092,201.34439544677736,205.79127966365806,196.89751122989665,0.044171919531340295,-0.0004316795408323415,-0.0004317727412681074,0.16622712606036946,8186120.0,0.9167224521507137,1
2020-12-17,203.2403106689453,203.817758491235,200.99792402615023,201.14227863916858,6517200,201.50559844970704,195.82928192138672,184.32962379455566,201.28230867587024,200.01381499790574,1.2684936779645,1.7809182938914456,-0.5124246159269457,50.426836789645805,201.50559844970704,205.98340334055024,197.02779355886383,0.044443478744942165,0.013972040237453909,0.013875331058507542,0.16620774909025096,8163085.0,0.7983746340997306,1
2020-12-18,203.365478515625,204.01028708978805,201.97961514454124,203.08638796580675,13298200,201.6855697631836,195.99549743652344,184.4634582519531,201.60279634352483,200.26208636958864,1.3407099739361854,1.6928766299003937,-0.35216665596420826,52.33467565937718,201.6855697631836,206.15832561762377,197.2128139087434,0.0443537518295635,0.0006158613233158139,0.0006156717585574446,0.1660265190129159,8545135.0,1.556230533514099,0
2020-12-21,201.15188598632812,201.91219273209552,197.0905433389971,200.43971702231656,7576700,201.93242340087892,196.0470993041992,184.6495896911621,201.5334255193407,200.3279974523101,1.205428067030624,1.59538691732644,-0.3899588502958158,45.02494210190785,201.93242340087892,205.60775354486748,198.25709325689036,0.036401585065834095,-0.010884799846335724,-0.010944472693252246,0.1572910691738942,8441295.0,0.8975755497231171,0
2020-12-22,198.10107421875,200.56482409912954,197.8701068456567,200.55520535361987,7396200,201.82078323364257,196.0422967529297,184.76553169250488,201.00537147309598,200.1630401757501,0.8423312973458792,1.444775793330328,-0.6024444959844488,41.01813795714851,201.82078323364257,205.82177949489233,197.81978697239282,0.03964900142734959,-0.015166707250189426,-0.015282898073036934,0.14938680029116974,8506010.0,0.8695263701782622,0
2020-12-23,197.5813751220703,199.53505239604718,197.39851616887228,199.53505239604718,6523100,201.61001586914062,196.06707580566408,184.9250937652588,200.47860280370742,199.97180572732935,0.5067970763780636,1.2571800499398753,-0.7503829735618117,43.90774528515943,201.61001586914062,206.03771355331457,197.18231818496668,0.04392339006657133,-0.0026234037282696354,-0.0026268508820008747,0.14662444054034182,8326625.0,0.7834026391244953,1
2020-12-24,200.8535919189453,200.96909031585432,198.8325535369235,198.87104321248594,3367900,201.50463485717773,196.19804443359374,185.16265792846679,200.53629343682096,200.0371232230046,0.49917021381634186,1.1055780827151687,-0.6064078688988268,40.67489225186725,201.50463485717773,205.8971104771872,197.11215923716827,0.043596770100328044,0.01656136260238772,0.016425718818519876,0.15782283862150798,8156375.0,0.41291627714517787,1
2020-12-28,204.6358184814453,205.43461498306127,201.0941666994024,201.96033848090462,5816200,201.58306961059571,196.45558746337892,185.34369857788087,201.1669895975324,200.37776731622245,0.7892222813099465,1.0423069224341244,-0.25308464112417783,49.96042569390091,201.58306961059571,206.14574772615475,197.02039149503668,0.04526846549537027,0.018830763873151524,0.018655659852145134,0.1720927427202072,8271540.0,0.70315805762893,1
2020-12-29,206.31036376953125,207.14766451702098,205.51156737267235,206.54134581799514,6093400,201.77650985717773,196.73297607421875,185.64719772338867,201.95827793168607,200.81721890535644,1.1410590263296285,1.0620573432132252,0.07900168311640332,52.97833972310027,201.77650985717773,206.7974674879223,196.75555222643317,0.04976751391228361,0.008183050750901533,0.008149751129426216,0.17367338448446637,8189935.0,0.7440107888524146,1
2020-12-30,210.150390625,212.10406819985383,207.5422711529186,207.87911819069728,8875100,202.1210510253906,197.15039672851563,185.9417347717285,203.21860296142665,201.50856495866336,1.710038002763298,1.1916534751232397,0.5183845276400583,65.87124894530247,202.1210510253906,208.3668213210774,195.87528072970383,0.06180227407289885,0.018612864546923236,0.018441765024313245,0.18442341345303728,8231295.0,1.0782143028527102,1
2020-12-31,210.50645446777344,211.55548514956257,208.071575469737,210.1888596395372,5922200,202.53247680664063,197.56090850830077,186.28312149047852,204.33981088548,202.17507529267152,2.1647355928084835,1.3862698986602886,0.7784656941481949,71.335382017051,202.53247680664063,209.8191015385224,195.24585207475886,0.0719551239067537,0.001694328721990379,0.0016928949663550762,0.1827915176917985,8040960.0,0.7365040990130531,0
2021-01-04,209.5729217529297,211.96931107854962,206.18527296186457,211.96931107854962,10318300,202.9997215270996,197.93872009277345,186.60178421020507,205.14490486508765,202.7230639193573,2.4218409457303665,1.5933841080743043,0.8284568376560622,72.44735481136337,202.9997215270996,210.84146945334686,195.15797360085236,0.07725870624113551,-0.004434698770657719,-0.004444561216035014,0.1788258931199043,8096710.0,1.2743818168120138,0
2021-01-05,206.4451446533203,210.24664976891043,205.607858408321,208.17747368186224,6869700,203.08778228759766,198.26243194580078,186.93076713562013,205.344941755585,202.99877360335455,2.3461681522304616,1.7439409169055358,0.6022272353249258,63.01081599287154,203.08778228759766,211.04782844353406,195.12773613166127,0.07839020217044841,-0.014924528767589429,-0.01503702020473351,0.17250755823597214,8154190.0,0.8424748503530087,0
2021-01-06,204.62615966796875,208.04269389792393,204.096849666445,205.761803057932,7206200,203.0863380432129,198.5493798828125,187.30377059936524,205.23435989595174,203.1193207192519,2.115039176699838,1.8181605688643963,0.29687860783544195,57.42676939525426,203.0863380432129,211.04519729171176,195.12747879471402,0.07837907094277681,-0.008810984576102077,-0.008850030827180756,0.17564118948738763,7983275.0,0.9026621280113738,1
2021-01-07,205.77145385742188,207.12844607859725,204.22198390706285,204.22198390706285,10967900,203.13638305664062,198.95417602539064,187.59250564575194,205.31698973617793,203.315775025783,2.001214710394919,1.8547713971705009,0.14644331322441806,59.301472506434024,203.13638305664062,211.15221630179184,195.1205498114894,0.07892070464714492,0.005597007691057199,0.005581402644144414,0.17674130969653412,8099360.0,1.354168724442425,1
2021-01-08,207.3498077392578,207.99461624927994,204.75132151951053,206.11793257307968,6513000,203.41884841918946,199.44838928222657,187.85440879821778,205.62973096742098,203.61459226381817,2.0151387036028154,1.886844858456964,0.12829384514585151,57.48861636884967,203.41884841918946,211.6176926586894,195.2200041796895,0.0806104675472788,0.007670421976653685,0.0076411538605935525,0.16886096712747403,8112455.0,0.8028395843181872,0
2021-01-11,204.88607788085938,206.78201392617646,204.49148892652983,205.91585666141037,7353100,203.67292556762695,200.06995086669923,188.06998756408692,205.51532280025765,203.708776383599,1.806546416658648,1.8707851700973008,-0.06423875343865282,52.5533242870964,203.67292556762695,211.71359022751386,195.63226090774003,0.07895663733879166,-0.011881997312949366,-0.011953152448103192,0.17118726598312137,7955510.0,0.9242776390199999,0
2021-01-12,201.007568359375,204.78980655299966,199.66982826305326,204.35672797370745,9331600,203.79900131225585,200.53706634521484,188.3012329864502,204.82182211704492,203.50868690032314,1.3131352167217756,1.759255179422196,-0.4461199627004204,49.77050017276789,203.79900131225585,211.57184139213615,196.02616123237556,0.07627947173274849,-0.018930078420163365,-0.019111546136349862,0.18387105520775202,7960710.0,1.1722070016367887,1
2021-01-13,201.47914123535156,203.0671008418245,200.78620966904467,201.5368830850256,6688500,203.90005493164062,201.07434539794923,188.51563041687012,204.3075635198613,203.3583501843993,0.9492133354619909,1.5972468106301552,-0.6480334751681642,55.85199322243575,203.90005493164062,211.485564292389,196.31454557089225,0.07440419143870743,0.002346045374438166,0.0023432977065852272,0.1833199615168508,7696750.0,0.8690031506804821,0
2021-01-14,194.27073669433594,203.26921369985604,194.14561956225688,202.65327615633583,12887500,203.58727569580077,201.4092218017578,188.71529930114747,202.7634363159343,202.6851936295798,0.07824268635451403,1.293445985775027,-1.2152032994205129,45.34384944156066,203.58727569580077,212.20427050819504,194.9702808834065,0.0846516048996082,-0.03577742339389545,-0.036433122426716924,0.22293528705038204,7851320.0,1.6414437317546604,0
2021-01-15,194.01084899902344,195.61806050986067,192.89445781188041,193.96272590412633,8755000,203.26583023071288,201.66971221923828,188.95203247070313,201.41688442102495,202.04264958287192,-0.6257651618469708,0.9096037562506274,-1.5353689180975982,39.485291703986455,203.26583023071288,212.80725665911862,193.72440380230714,0.09388126295084555,-0.0013377603839604957,-0.0013386559842043998,0.22290148236102617,7913850.0,1.106288342589258,1
2021-01-19,194.07826232910156,196.49388944154833,192.54804453299116,195.41600239298398,9772000,202.8077278137207,201.82334716796876,189.16860359191895,200.28786563765212,201.45269497148152,-1.1648293338294025,0.4947171382346215,-1.659546472064024,31.686232408830833,202.8077278137207,213.19646648474864,192.41898914269277,0.10244914020801035,0.00034747196059359275,0.00034741160619246336,0.21545256236531576,8076590.0,1.2099165613210525,1
2021-01-20,198.2646942138672,199.4003377193077,194.62681099417117,195.39673655436852,12675700,202.5526885986328,201.99017700195313,189.43264045715333,199.97660849553137,201.21654676721377,-1.239938271682405,0.1477860562512162,-1.387724327933621,37.162251325089414,202.5526885986328,213.1324622654995,191.97291493176613,0.10446441111261652,0.021570843815917007,0.02134148560292539,0.2313580215765732,8045465.0,1.5755086871921014,0
2021-01-21,197.42739868164062,199.3810760703309,197.05206200807717,198.30318914832466,6513500,202.36646423339843,202.1243081665039,189.60824386596678,199.5844223703174,200.9358691312454,-1.3514467609279848,-0.152060507184624,-1.1993862537433608,27.547596787674607,202.36646423339843,213.17862025764933,191.55430820914754,0.10685719163211495,-0.004223119681224574,-0.004232062237014917,0.2288419256730554,7992305.0,0.8149714006159675,0
2021-01-22,194.42466735839844,197.61021908929914,194.21293751358584,196.32060253278976,7316200,202.18264389038086,201.92528198242186,189.77290466308594,198.79061390694528,200.45355788881227,-1.662943981866988,-0.4542372021210968,-1.2087067797458912,24.04482096241935,202.18264389038086,213.41690255935822,190.9483852214035,0.11112980276455715,-0.015209293863432838,-0.01532614146697824,0.22887734714130492,7988305.0,0.915863878507393,0
2021-01-25,193.42385864257812,194.05904850105784,188.39049225881027,192.8079209666588,19282400,201.97476806640626,201.694130859375,189.90214797973633,197.9649592508888,199.93283942612825,-1.9678801752394577,-0.756965796744769,-1.2109143784946887,23.99271836906408,201.97476806640626,213.71019436837196,190.23934176444055,0.1162068550870401,-0.005147539812813129,-0.005160834037198779,0.22931360921620766,8626270.0,2.2353114381998247,1
2021-01-26,194.4151153564453,195.83948303359037,193.41422223139452,194.17451449430595,9605300,201.65284423828126,201.49452911376954,190.04233444213867,197.41882942097442,199.52411912467025,-2.1052897036958313,-1.0266305781349816,-1.0786591255608498,29.194485641450584,201.65284423828126,213.86146680760896,189.44422166895356,0.12108554794200169,0.005124790296417769,0.00511170325182302,0.22117037115432983,8938140.0,1.0746419277388808,0
2021-01-27,187.63978576660156,192.19194958378128,186.6677636519091,190.20940099602853,13772400,200.80304260253905,201.2387222290039,190.17115501403808,195.91436116645554,198.6437981351837,-2.7294369687281517,-1.3671918562536156,-1.362245112474536,24.921953459075866,200.80304260253905,214.4220241313082,187.1840610737699,0.13564517103185517,-0.03484980875803667,-0.03547155116087223,0.237117625915628,9335950.0,1.475200702660147,1
2021-01-28,190.76759338378906,194.4054768752599,190.71947027922374,192.48067017352466,11041300,200.02590408325196,201.0027410888672,190.28864959716796,195.122550738353,198.0603755610063,-2.9378248226533117,-1.681318449533555,-1.2565063731197568,29.07384115755491,200.02590408325196,214.08828311352124,185.96352505298267,0.14060557900957107,0.01666921332492932,0.01653180685783983,0.2447936792139023,9583345.0,1.152134249575696,0
2021-01-29,185.98443603515625,195.4159912264835,185.56097623738637,190.38262612504687,21503000,198.81760635375977,200.62836608886718,190.42370544433595,193.7166869378612,197.16586152205446,-3.4491745841932584,-2.034889676465496,-1.4142849077277626,22.646607787174275,198.81760635375977,213.36171583677924,184.2734968707403,0.14630605155904422,-0.025073217435887973,-0.025392905610084938,0.24084045424392775,10214740.0,2.105095185976344,1
2021-02-01,190.90231323242188,191.72036188599876,187.6878898349163,187.8033735280863,12970700,197.8373992919922,200.3906527709961,190.60030563354493,193.28370636779363,196.70189498208168,-3.4181886142880558,-2.3115494640300076,-1.1066391502580482,33.155534316068085,197.8373992919922,211.69061020910982,183.98418837487458,0.140046431733278,0.026442412613150168,0.026098855185319677,0.2660048493116725,10567165.0,1.2274531532345714,1
2021-02-02,194.99253845214844,196.6671255258894,192.48066518409166,193.29871388516779,11305100,197.10838012695314,200.29017852783204,190.76325576782227,193.54660361154052,196.5752759798644,-3.0286723683238677,-2.45497404488878,-0.5736983234350879,42.79122587252096,197.10838012695314,209.85135150067183,184.36540875323445,0.12929913345654023,0.021425749905642943,0.021199445316647966,0.281772121462259,10616505.0,1.064860799293176,0
2021-02-03,193.78952026367188,195.85868139054222,193.42380232706643,195.43523629328806,13458600,196.4755989074707,200.1706478881836,190.94567085266112,193.5839754041761,196.36892370459088,-2.784948300414783,-2.5209688959939807,-0.26397940442080214,40.94308242913385,196.4755989074707,208.5032178680209,184.4479799469205,0.12243371723950874,-0.006169560117664674,-0.00618867049598438,0.2787403333978537,10945950.0,1.2295506557219793,1
2021-02-04,201.38290405273438,201.79673045068054,195.46412923418902,195.59886511783543,14534800,196.31343612670898,200.27400970458984,191.18372611999513,194.78381058087737,196.74032965630522,-1.956519075427849,-2.4080789318807545,0.45155985645290553,58.30150309492149,196.31343612670898,207.9597705630502,184.66710169036776,0.11865040586243097,0.03918366575618171,0.03843546815620882,0.3151758513161298,11312380.0,1.2848578283261347,0
2021-02-05,200.92095947265625,202.22982866805378,200.81509451254652,202.08545934875306,10284000,196.0709114074707,200.28575134277344,191.3904471588135,195.72798733345874,197.05000593899788,-1.3220186055391423,-2.1908668666124322,0.8688482610732899,58.02779070851665,196.0709114074707,207.07210808653963,185.06971472840178,0.11221650983410238,-0.0022938619454865306,-0.0022964968770163093,0.31435793353697356,11278185.0,0.9118488480194287,0
2021-02-08,199.1116180419922,202.73024916139738,198.16846692033238,202.10469289077903,8637100,195.65900192260742,200.2320492553711,191.5891275024414,196.24854590400236,197.2027179466271,-0.954172042624748,-1.9435279018148954,0.9893558591901475,55.620017023642966,195.65900192260742,205.43021706725827,185.88778677795656,0.09988004690441833,-0.00900523984860968,-0.009046032101657045,0.31382619564958475,11384390.0,0.7586792089870428,0
2021-02-09,198.75555419921875,199.82382256018988,196.04156956346648,198.0241182170447,7619400,195.35247573852538,200.14793609619142,191.78152534484863,196.6342394878818,197.31774285422648,-0.6835033663446666,-1.6915229947208497,1.008019628376183,50.59933711291996,195.35247573852538,204.25054891725208,186.4544025597987,0.09109762387282512,-0.0017882625146381503,-0.0017898633648270488,0.3115793976625889,11397705.0,0.6685030012620962,0
2021-02-10,198.6785125732422,200.15098824711677,198.19731098870523,200.15098824711677,8467600,195.23602294921875,200.06016387939454,191.95227279663087,196.94874303947572,197.41854061119062,-0.4697975717149063,-1.4471779101196611,0.9773803384047548,51.556499490677474,195.23602294921875,203.8798017077935,186.592244190644,0.08854696615924207,-0.000387619990228516,-0.000387695134275779,0.3045642695741891,11354505.0,0.7457480533057144,1
2021-02-11,203.05462646484375,203.9510439722634,199.70990136537694,199.84484641083498,8411100,195.31479721069337,200.0724252319336,192.14734313964843,197.88810972030157,197.83602845220196,0.052081268099613,-1.1473260744758063,1.1994073425754193,60.381688441229606,195.31479721069337,204.2228155459807,186.40677887540605,0.09121703488423268,0.022026105565836174,0.021787035061773652,0.31476492729938027,11440635.0,0.7351952055108829,0
2021-02-12,202.3798828125,203.50764088427735,200.1821834455557,201.80153855152957,6911000,195.72025451660156,200.05483154296874,192.28855850219728,198.57915173448595,198.17261025666846,0.40654147781748406,-0.8365525640171482,1.2430940418346323,60.8591289340943,195.72025451660156,205.15103519874054,186.28947383446257,0.0963700022302908,-0.0033229661598505045,-0.003328499473309619,0.2846955418322939,11141810.0,0.620276238779875,0
2021-02-16,200.39425659179688,203.4305421207069,199.8641248066011,203.05462273612642,9652700,196.03942489624023,200.01715789794923,192.43454956054688,198.85839863561068,198.33717665186316,0.5212219837475232,-0.5649976544642139,1.086219638211737,57.07897727170082,196.03942489624023,205.65684383935437,186.4220059531261,0.09811719196997686,-0.009811381413550646,-0.009859830176164047,0.28766517695346827,11186695.0,0.8628732614950171,0
2021-02-17,200.0183563232422,200.7605614845191,197.65681049144266,197.84958704156566,8373200,196.33642959594727,200.01296447753907,192.5937480163574,199.03685366447706,198.46170847937273,0.5751451851043328,-0.3369690865505046,0.9121142716548374,67.27294870932273,196.33642959594727,206.06508017266182,186.6077790192327,0.09910183858121227,-0.0018758036030962488,-0.0018775651258668038,0.28791969171779236,11116755.0,0.7532054093123398,1
2021-02-18,201.7919158935547,202.1292711409563,197.56040711981876,198.4471909159379,7328600,196.51279067993164,199.95512420654296,192.75903640747072,199.46070939202747,198.70839051005288,0.7523188819745883,-0.11911149284548603,0.8714303748200743,65.98747538226638,196.51279067993164,206.51272343103045,186.51285792883283,0.10177386129929941,0.008866984025437619,0.008827903172216872,0.27968372287877075,10849400.0,0.6754843585820414,0
2021-02-19,197.33871459960938,201.9654251553439,196.40373292595,201.78228229235182,15011500,196.50835647583008,199.80879760742187,192.89109077453614,199.13424865473237,198.6069330352052,0.5273156195271724,0.010173929629045675,0.5171416898981267,66.62508054332449,196.50835647583008,206.50666012833827,186.5100528233219,0.1017595773718452,-0.02206828392617266,-0.02231543135025868,0.29106985455280476,11274300.0,1.3314795597065894,1
2021-02-22,200.79910278320312,203.04497066318882,195.77719112394135,196.20130831072353,8337700,196.82707824707032,199.7293685913086,193.03881874084473,199.3903800591125,198.76931597950133,0.6210640796111591,0.13235195962546836,0.4887121199856907,65.1370793985086,196.82707824707032,206.95131631164364,186.702840182497,0.10287444344283471,0.017535272744705566,0.01738330382192077,0.291379400500097,11325375.0,0.7361963731885258,1
2021-02-23,204.45225524902344,206.18727331666776,199.09298865733743,199.9122925310129,10571700,197.37849807739258,199.78440368652343,193.185941696167,200.16913008832955,199.19027444391037,0.978855644419184,0.3016526965842115,0.6772029478349726,64.66464562742104,197.37849807739258,207.91521160569326,186.8417845490919,0.10676657924683579,0.018193071658116455,0.018029557962964026,0.29577155040000974,10889840.0,0.9707856130117615,1
2021-02-24,211.50799560546875,212.56828860949824,203.6618714993711,204.69324875855494,12039000,198.23314208984374,200.01847290039063,193.35699211120607,201.9135709371202,200.10269823365545,1.810872703464753,0.6034966979603198,1.2073760055044331,73.24880832633919,198.23314208984374,210.4039338071846,186.0623503725029,0.1227927034705909,0.03451045500990624,0.03392832449352896,0.31632788202129397,11011525.0,1.0933090557393277,0
2021-02-25,206.03306579589844,212.49117532604816,204.90530762175393,211.37305083089558,11404300,199.1528060913086,200.16941314697266,193.50799598693848,202.54733937693223,200.54198471974752,2.0053546571847107,0.883868289805198,1.1214863673795126,56.460756932498846,199.1528060913086,210.71784220516253,187.58776997745468,0.1161423365388236,-0.02588521438112834,-0.026226132571966442,0.3028860209700986,10893120.0,1.0469268676008343,0
2021-02-26,204.72218322753906,207.44038115489332,203.1317582839395,206.32225655890753,11730000,199.85053558349608,200.2746954345703,193.6720347595215,202.88193073856405,200.851629053658,2.03030168490605,1.1131549688253684,0.9171467160806814,55.15956272427861,199.85053558349608,210.96034563582938,188.74072553116278,0.11118118868079495,-0.006362486347982421,-0.0063828132297886,0.30200672873189666,10927555.0,1.0734331696340125,1
2021-03-01,208.8091278076172,209.93688615912598,207.0355451644075,207.20905436889842,6982000,200.99177017211915,200.4403515625,193.86648681640625,203.79380721072607,201.44107340580314,2.3527338049229343,1.3610707360448815,0.9916630688780528,62.39637761499012,200.99177017211915,210.70580513378405,191.27773521045424,0.09666102202439733,0.01996336945828525,0.019766714355519008,0.2870229234812295,10201505.0,0.6844088200711562,0
2021-03-02,207.9801483154297,210.06215554343575,207.06444871732833,209.1271885868238,6155200,201.84566192626954,200.59115936279298,194.03851554870604,204.43785968837278,201.92544932503472,2.512410363338063,1.5913386615035177,0.9210717018345451,61.650979595565346,201.84566192626954,210.79792623910842,192.89339761343066,0.08870405464655438,-0.003970034743649986,-0.003977936251356374,0.27840865662068426,9860730.0,0.6242134203045819,0
2021-03-03,207.09335327148438,209.34886955954667,205.17519223401408,207.38251071258995,6484600,202.45070266723633,200.66822021484376,194.19368453979493,204.84639716269766,202.30825702477173,2.5381401379259216,1.7806989567879985,0.7574411811379231,60.41519119305145,202.45070266723633,211.08272261369657,193.81868272077608,0.08527527771191296,-0.004263844655983062,-0.004272960763948849,0.27248971380977344,9619705.0,0.6740955154030192,0
2021-03-04,203.86431884765625,209.18503710317114,201.13648718985206,208.17294179851598,10658900,202.95444259643554,200.67819702148438,194.29485595703125,204.69530819115283,202.42352086350394,2.2717873276488945,1.8789166309601777,0.39287069668871677,51.03145847263906,202.95444259643554,210.57488672555306,195.33399846731803,0.07509512018192552,-0.015592168328044331,-0.015715004714726,0.27874660215465263,9479720.0,1.1243897499082252,1
2021-03-05,207.6331329345703,208.29822446331107,202.061807394899,206.01377772877896,7582000,203.26695404052734,200.80782196044922,194.42456245422363,205.14728122860168,202.8094180539533,2.3378631746483904,1.9707059396978204,0.36715723495057007,56.20307071612687,203.26695404052734,211.1249729856735,195.40893509538117,0.07731723026242071,0.018486874545861065,0.01831806955785668,0.2511125755517382,9132080.0,0.8302599188793791,1
2021-03-08,212.31764221191406,217.96608044143915,208.0186541909837,209.1464121598602,14750400,203.83678817749023,201.0921533203125,194.5561026763916,206.25041368757283,203.51373095454298,2.736682733029852,2.1239012983642267,0.6127814346656253,63.23560846863761,203.83678817749023,212.58137736486836,195.0921989901121,0.08579991144448176,0.022561472781995384,0.022310727207871254,0.26123335531176334,9355400.0,1.5766722962139512,1
2021-03-09,212.40443420410156,216.8769176055168,212.2405734090818,214.0430568622062,9228600,204.5014289855957,201.38861450195313,194.70362106323242,207.1971860747311,204.17230156562138,3.024884509109711,2.3040979405133237,0.7207865685963872,63.83804185504163,204.5014289855957,213.74052916755102,195.2623288036404,0.09035731659954391,0.00040878370390373675,0.0004087001746082827,0.25766048591009083,9384975.0,0.9833377286567092,1
2021-03-10,215.1129913330078,216.09617084648085,211.47909384212124,212.7514455310755,7822900,205.31930084228514,201.67380249023438,194.86353050231935,208.41500226831212,204.98272302987223,3.4322792384398895,2.529734200098637,0.9025450383412523,64.57807882826319,205.31930084228514,215.28425531421206,195.35434637035823,0.0970678784804692,0.012751885990777145,0.012671265346055192,0.25897225778491006,9395150.0,0.8326530177804505,1
2021-03-11,217.9853973388672,219.99030575295086,215.72988088848842,216.42388821289842,10053400,206.2846450805664,201.94079406738283,195.02647987365722,209.8873707407052,205.94588408979777,3.9414866509074216,2.812084690260394,1.1294019606470274,73.40473117357058,206.2846450805664,217.23302780554417,195.33626235558864,0.10614830513150185,0.01335301037868386,0.013264644698350132,0.26041155832587826,9474440.0,1.061107569418351,0
2021-03-12,216.26002502441406,218.36131433327023,215.35395909934496,217.14680888293287,8172400,206.9449150085449,202.13978729248046,195.1827212524414,210.867779092045,206.70989452939898,4.157884562646018,3.081244664737519,1.0766398979084988,68.24387610728458,206.9449150085449,218.64039058538467,195.24943943170516,0.11302984251975304,-0.007915082090434566,-0.007946572629552224,0.25575110669609435,9462505.0,0.8636613666254338,0
2021-03-15,215.20941162109375,218.89149263989083,213.73464953584894,216.13474503917584,9306100,207.5863914489746,202.24096771240235,195.32680122375487,211.5357225580525,207.33948838804304,4.196234170009461,3.3042425657919074,0.8919916042175537,63.5240836850649,207.5863914489746,219.62979761549136,195.54298528245786,0.11603271372899272,-0.0048581026623006895,-0.004869941601791665,0.25633402351026796,9582260.0,0.9711800765163959,1
2021-03-16,216.5877685546875,217.4360030739318,214.27442040317794,215.6335194284465,8949300,208.39606704711915,202.36259399414064,195.47307136535645,212.31296040368863,208.02454617816485,4.2884142255237805,3.5010768977382822,0.7873373277854983,57.4498795605639,208.39606704711915,220.5801269265929,196.2120071676454,0.11693176413659369,0.006404724232137893,0.006384301142347559,0.25183912152342985,9547090.0,0.9373851089703774,0
2021-03-17,214.9683837890625,218.07213432691879,213.75386375639346,216.92509416624503,8675600,209.14356842041016,202.4705032348633,195.6155143737793,212.72148707836155,208.53890451971282,4.182582558648733,3.6373780299203724,0.5452045287283602,64.77525444820732,209.14356842041016,220.9933109560844,197.29382588473592,0.11331682465945561,-0.0074768061762273685,-0.0075048976018822,0.2543482479206827,9562210.0,0.907279802472441,0
2021-03-18,212.69358825683594,214.4864378780177,211.65257737602983,213.43577861085674,9321800,209.68865203857422,202.59547210693358,195.7369404602051,212.717194951973,208.8466588706108,3.8705360813621894,3.6840096402087363,0.18652644115345307,62.774132780910904,209.68865203857422,221.109698301053,198.26760577609545,0.10893337480540204,-0.010582000441789141,-0.0106383879563828,0.25847641281872374,9661870.0,0.9648028797737912,0
2021-03-19,199.43040466308594,212.22132974770352,199.41113730106082,211.20923434080706,32209700,209.79323654174806,202.49155700683593,195.789603805542,210.67307336906728,208.1491585589423,2.523914810124978,3.451990674191985,-0.9280758640670066,38.386228330132504,209.79323654174806,220.76768859923874,198.81878448425738,0.10462160018496884,-0.06235817309985936,-0.06438725055272634,0.3373397223362892,10521780.0,3.0612405885696146,1
2021-03-22,200.4906463623047,204.62575947204851,198.7845439553348,199.09299816337946,11371600,209.77781372070314,202.3859408569336,195.86306449890137,209.10654613725768,207.58186135919138,1.5246847780663018,3.066529494966848,-1.5418447169005463,40.77848694380504,209.77781372070314,220.80622034352723,198.74940709787904,0.10514368919400832,0.005316349335046988,0.0053022674373967744,0.3320199720191297,10673475.0,1.0654074703880414,1
2021-03-23,200.63525390625,202.37992069384438,200.00872642951362,201.50277046008682,8820700,209.58696365356445,202.25164978027342,195.9086068725586,207.80327040941035,207.0672978441587,0.7359725652516431,2.600418109023807,-1.864445543772164,41.90037746363726,209.58696365356445,221.1238032919184,198.0501240152105,0.11009119496023322,0.0007212682814339288,0.0007210082924740432,0.3251369315915106,10585925.0,0.8332479211783571,0
2021-03-24,200.55816650390625,203.51732427845616,200.42320672985983,201.213609765742,10101600,209.03947219848632,202.16509155273437,195.9538119506836,206.6886390393328,206.58513996710298,0.10349907222982324,2.10103430166501,-1.997535229435187,45.497511362616244,209.03947219848632,221.21410115284064,196.864843244132,0.11648162738178285,-0.0003842166361239796,-0.0003842904662474969,0.29736870998115483,10489055.0,0.9630610193196623,0
2021-03-25,200.46176147460938,201.28108022142268,198.35082362558708,200.1725892870336,8390800,208.7609069824219,202.15417541503905,196.00102966308594,205.7306578755292,206.13155637506642,-0.40089849953722023,1.6006477414245641,-2.001546240961784,39.1481998521331,208.7609069824219,221.46846149932188,196.0533524655219,0.12174266437700419,-0.0004806836389531499,-0.0004807992043686153,0.2842362880213634,10338380.0,0.811616520189817,1
2021-03-26,205.82101440429688,205.9848752003406,200.2014906947181,200.73163721598164,7399900,208.81584854125975,202.24101287841796,196.0683270263672,205.744558879955,206.10855326612054,-0.3639943861655297,1.2077193159065456,-1.5717137020720753,40.36596232668879,208.81584854125975,221.45922026722823,196.17247681529128,0.12109590162137798,0.026734539745957075,0.02638341627436025,0.30012033913210245,10121875.0,0.7310799629515282,1
2021-03-29,206.765625,207.51746379180705,203.4980134177903,204.77999871866822,7792300,208.71367340087892,202.49091064453125,196.1959984588623,205.90164597534655,206.1572252464079,-0.25557927106135025,0.9150595985129665,-1.1706388695743168,41.84551032504096,208.71367340087892,221.39025858832696,196.03708821343088,0.12147345193910672,0.0045894759504372384,0.004578976418331092,0.29169995485173256,10162390.0,0.7667782873910566,0
2021-03-30,204.24986267089844,206.41863192170842,203.77756233600525,205.31978942294768,5498000,208.52715911865235,202.69569091796876,196.29487564086915,205.6475254669699,206.0159391297035,-0.36841366273358744,0.6583649462636557,-1.026778608997243,34.20233936192119,208.52715911865235,221.35801750321303,195.69630073409166,0.12306174829974931,-0.012167217491309557,-0.01224184403139367,0.2944953523549509,10129530.0,0.542769506581253,0
2021-03-31,204.0859832763672,206.3800636925232,203.91248881190486,204.87638616889055,13180000,208.37679061889648,202.89584533691405,196.39533233642578,205.40728820687718,205.87297943686377,-0.4656912299865894,0.43355371101360674,-0.8992449410001961,28.05832857202043,208.37679061889648,221.34811877913177,195.4054624586612,0.12449878051878388,-0.0008023476363130388,-0.0008026696894550285,0.2942017899436175,10464300.0,1.2595204648184781,1
2021-04-01,209.0308074951172,209.87904198158876,204.6354373523251,206.06200150037503,6138400,208.63511505126954,203.11116760253907,196.51513984680176,205.9647527127603,206.10689262636402,-0.14213991360372802,0.3184149860901398,-0.4605548996938678,39.64087866262482,208.63511505126954,221.4326776397871,195.83755246275197,0.12267889406222648,0.02422912215413575,0.023940253692195716,0.3010995920405351,10238275.0,0.5995541241078209,1
2021-04-05,211.13209533691406,212.54902579430976,209.46455683218952,210.7079928047979,10440500,208.81006317138673,203.38526153564453,196.64219146728516,206.75972850109162,206.47912986418254,0.28059863690907605,0.31085171625392705,-0.030253079344850997,44.32818745078228,208.81006317138673,221.64556036901,195.97456597376345,0.1229394503567406,0.010052527026887859,0.010002336458167876,0.29621003277260666,10381200.0,1.0057122490656185,0
2021-04-06,210.7561492919922,211.47907230311208,207.56565142284805,209.76333620002003,7828100,208.73198852539062,203.7118911743164,196.76568420410158,207.37456246892248,206.79594611809435,0.5786163508281277,0.3644046431687672,0.21421170765936048,41.65511236026204,208.73198852539062,221.49645129825913,195.9675257525221,0.12230480687741654,-0.0017806200631029778,-0.0017822072514069398,0.285109038142963,10035085.0,0.7800731134813507,1
2021-04-07,211.35374450683594,213.05983197199907,210.7464845604433,211.2091511011736,5614300,208.67945404052733,204.07048889160157,196.9003690338135,207.98674432090917,207.13356081355667,0.8531835073524974,0.4621604160055132,0.39102309134698415,44.67173531352749,208.67945404052733,221.3888059363054,195.97010214474926,0.12180740987859597,0.0028354817491744733,0.002831469353726077,0.28530919275120487,9854370.0,0.5697269333300861,1
2021-04-08,212.73214721679688,214.77561964833092,210.23565655136053,212.0285062529282,11042000,208.5604118347168,204.4368295288086,197.0287043762207,208.7168063048919,207.5482709175004,1.1685353873915005,0.6034354102827106,0.5650999771087899,50.058381823130105,208.5604118347168,221.05888938918523,196.06193428024838,0.11985474562999435,0.0065217804074266805,0.006500605612630936,0.2824322621428207,10015325.0,1.1025104028076973,1
2021-04-09,214.48643493652344,214.5635484867744,211.58509460146516,213.02130689756635,5724900,208.3854637145996,204.97376251220703,197.15137062072753,209.60444147898903,208.06220899298359,1.542232486005446,0.7911948254272577,0.7510376605781882,84.99092878207374,208.3854637145996,220.41771845152644,196.35320897767278,0.11548074920816892,0.008246462712280023,0.008212646421303278,0.27970212506964576,9798900.0,0.5842390472399963,0
2021-04-12,213.47434997558594,213.89846716820412,211.30558091071194,212.2887603383353,6315200,208.2461799621582,205.42789764404296,197.30044845581054,210.199812016927,208.4631083250282,1.7367036918988106,0.9802965987215684,0.7564070931772422,80.24243708051903,208.2461799621582,219.95476457740853,196.5375953469079,0.11244945398160927,-0.004718643215068652,-0.0047298111575041065,0.2788308844546954,9706040.0,0.6506464016220828,0
2021-04-13,213.04061889648438,213.61894854276923,212.26949799353,213.02133682923585,4764000,208.13774032592772,205.96902130126952,197.435027923584,210.6368592291666,208.80218318217308,1.8346760469935077,1.1511724883759562,0.6835035586175515,78.51131968807908,208.13774032592772,219.61262729020643,196.662853361649,0.11026243435054035,-0.0020317714008787346,-0.0020338382484404818,0.2784248831419355,9478935.0,0.5025881072082465,1
2021-04-14,213.96595764160156,215.04553281628756,212.1249246401306,213.02134223317105,4972600,208.00664978027345,206.43029418945312,197.59683044433595,211.14902821569504,209.1846849939826,1.9643432217124541,1.3138066350432558,0.6505365866691983,79.65878122263874,208.00664978027345,219.12958333778434,196.88371622276256,0.10694786507316505,0.004343485058907026,0.004334079353537001,0.27785655149356064,9280100.0,0.5358347431600953,1
2021-04-15,218.11073303222656,219.41200058757497,215.77810276259268,215.8070185120085,8698100,208.16376724243165,206.8926580810547,197.76923393249513,212.22005972593064,209.84587373755622,2.374185988374421,1.525882505709489,0.8483034826649323,83.11030652374173,208.16376724243165,219.77865226492963,196.54888221993366,0.1115937242716314,0.01937119080207883,0.019185957588689236,0.2851123077551546,9281225.0,0.9371715479368294,1
2021-04-16,218.23602294921875,219.57583980267998,217.6094807883911,218.96857970886904,6829400,208.44088897705078,207.38158813476562,197.93367645263672,213.14559252951344,210.46736627175346,2.678226257759974,1.756351256119586,0.9218750016403878,78.98290014946875,208.44088897705078,220.7543092073026,196.12746874679894,0.11814783836973115,0.0005744326070082906,0.0005742676837534678,0.2818943368262657,9156605.0,0.7458441201733612,0
2021-04-19,217.63839721679688,219.36378187645926,216.9540382685905,217.5998477905504,6541600,209.35128860473634,207.70669799804688,198.09220443725587,213.83679325063397,210.9985537491641,2.8382395014698716,1.9727289051896433,0.8655105962802283,75.8005298001735,209.35128860473634,221.5515930875492,197.15098412192347,0.11655342142027636,-0.0027384376068883,-0.00274219398645968,0.15282015347552688,7873200.0,0.8308692780572067,0
2021-04-20,215.2190399169922,217.24323061875407,213.8117577557292,216.66488621599092,5799100,210.08770828247071,207.9926596069336,198.22956809997558,214.04944658391986,211.31118235418842,2.738264229731442,2.125835970098003,0.6124282596334387,76.14893276491728,210.08770828247071,221.80452961967126,198.37088694527017,0.11154218809838072,-0.011116408367015662,-0.011178657388106618,0.16237742796997992,7594575.0,0.7635845323800212,1
2021-04-21,219.23843383789062,219.6432689313609,214.82378252161212,215.24789967893486,9490600,211.01786727905272,208.39519592285157,198.37700202941895,214.8477523153,211.898386167796,2.9493661475040085,2.2905420055792045,0.658824141924804,80.51245809661054,211.01786727905272,222.52696212621885,199.5087724318866,0.1090817094833619,0.01867582869270623,0.018503576731227416,0.17046175160120228,7628070.0,1.2441679218989863,1
2021-04-22,219.35415649414062,222.5928379060308,218.698698559895,219.09390005643218,7303000,211.95766677856446,208.80716796875,198.5420935821533,215.54104526589086,212.45066545122893,3.0903798146619295,2.4505095673957498,0.6398702472661797,75.80728958059163,211.95766677856446,222.92753383664115,200.98779972048777,0.1035099812599568,0.0005278392762810835,0.0005277000181320832,0.17014575949367042,7488140.0,0.9752755690999367,1
2021-04-23,221.69639587402344,223.45069615334353,219.4890773604958,220.35657911336193,5345200,213.01939849853517,209.26752563476563,198.71472229003905,216.48802228252663,213.13553437143594,3.352487911090691,2.6309052361347383,0.7215826749559526,76.09527155075585,213.01939849853517,223.39900341216847,202.63979358490187,0.09745220375978741,0.010677889205830349,0.010621283145844098,0.1703859558804051,7335860.0,0.7286398595393042,1
2021-04-26,222.0240936279297,224.53986609078757,221.2337055146901,222.43857710211427,5650000,213.8295524597168,209.64691497802735,198.902710647583,217.3397255664348,213.79394616821327,3.5457793982215264,2.813880068552096,0.7318993296694303,77.89987033438013,213.8295524597168,224.3715761670025,203.28752875243111,0.0986021210447204,0.001478137488948983,0.0014770461190616586,0.15025078688286986,7248365.0,0.7794861323898562,0
2021-04-27,221.60963439941406,222.8145060386942,220.7228506378526,222.68919468167923,6642100,214.5717529296875,210.0315100097656,199.0869953918457,217.99663461766238,214.3728860371911,3.623748580471272,2.975853770935932,0.6478948095353401,75.62639068721872,214.5717529296875,225.10991542150146,204.03359043787356,0.0982250678193152,-0.001866730865750954,-0.0018684753791762955,0.15156474779303766,7190855.0,0.9236870997955041,1
2021-04-28,225.0218505859375,227.74004838014133,222.34221692510383,222.61210702706495,10111400,215.61035232543946,210.52406188964844,199.3052764892578,219.0774370743201,215.16169822598712,3.9157388483329783,3.163830786415341,0.751908061917637,77.87511507659083,215.61035232543946,225.95789690839263,205.2628077424863,0.09598374541250888,0.015397418057977896,0.015280080744762607,0.14518393957442224,7421525.0,1.3624423551763283,1
2021-04-29,228.3087158203125,228.9256095060336,224.732650354024,226.73755850959392,7411400,216.8214889526367,211.08986907958985,199.51931465148925,220.49763380447277,216.13555138112233,4.362082423350444,3.403481113802362,0.9586013095480816,79.31331299846161,216.8214889526367,227.15987719748637,206.48310070778706,0.09536313300669205,0.014606871403004984,0.014501218651671484,0.14745120833760086,7133095.0,1.0390160231989058,0
2021-04-30,225.1278839111328,227.41231613920854,223.90373004315077,226.8243528199351,10260200,217.6263427734375,211.5565884399414,199.70200073242188,221.20997997472818,216.80165008704904,4.408329887679145,3.604450868577719,0.8038790191014256,72.63213731138057,217.6263427734375,227.91723272326837,207.33545282360663,0.09457393639651725,-0.013932152777220819,-0.014030116176070402,0.1459392151196832,7339185.0,1.3980026392576288,0
2021-05-03,224.21217346191406,227.22917701240786,223.03621746431168,225.60018806288127,8174400,218.2803466796875,212.0940576171875,199.894740524292,221.67185589583372,217.35057774444644,4.321278151387276,3.7478163251396306,0.573461826247645,71.29738714382374,218.2803466796875,228.49571147169473,208.0649818876803,0.09359857584427991,-0.004067512354801073,-0.004075807183699407,0.14646532361414652,7225880.0,1.1312670567460295,0
2021-05-04,223.65313720703125,224.00014089761075,221.91811875413376,223.23866833912425,5884500,218.92519607543946,212.55113830566407,200.0770573425293,221.97666840524872,217.8174340009342,4.159234404314503,3.8300999409746055,0.3291344633398978,68.72916102454448,218.92519607543946,228.76193373070694,209.08845842017197,0.08986391545245291,-0.0024933358713360443,-0.002496449409694373,0.14679857639120258,7128700.0,0.8254660737581887,0
2021-05-05,220.93495178222656,225.40743558046344,220.40480521723873,225.40743558046344,6523200,219.40425643920898,212.88079223632812,200.22956748962403,221.81640430939916,218.0483612439929,3.7680430654062604,3.8176885658609367,-0.049645500454676306,55.779131082063365,219.40425643920898,228.60081127550455,210.2077016029134,0.08383205490677155,-0.012153576107848285,-0.012228034721241201,0.15637103999593663,7174145.0,0.9092651458814953,1
2021-05-06,222.96876525878906,223.21937330101528,220.4047945111438,221.33977621454895,6124100,219.91608734130858,213.11000762939454,200.4017938232422,221.9936906093053,218.41283561545927,3.5808549938460317,3.770321851457956,-0.1894668576119245,58.9828692239744,219.91608734130858,228.6783054367562,211.15386924586096,0.07968692242008386,0.00920548541621069,0.00916337318042853,0.15762511237521956,6928250.0,0.8839317287915419,1
2021-05-07,223.73985290527344,224.8001458958503,222.38076879105157,223.95191150338883,4528700,220.3787582397461,213.46414337158203,200.56645751953124,222.26233096253117,218.80742948877884,3.4549014737523294,3.707237775916831,-0.25233630216450154,61.5049663567525,220.3787582397461,228.90792780404982,211.8495886754424,0.07740464310108312,0.0034582765240207536,0.0034523104367254814,0.15617903345009426,6868440.0,0.6593491389602297,0
2021-05-10,217.81190490722656,223.62420527281407,217.03115033690997,223.23865218136885,9627400,220.59563598632812,213.7259378051758,200.70834197998047,221.57765003094585,218.73368692718236,2.8439631037634854,3.534582841486162,-0.6906197377226766,54.317813604698195,220.59563598632812,228.58937231491728,212.60189965773895,0.07247411122026542,-0.026494823881718754,-0.026852137164725474,0.18531103286773118,7034050.0,1.3686851813677754,0
2021-05-11,217.33958435058594,218.2456502711771,214.02377489987234,215.6624122666814,7633300,220.8105842590332,213.89654693603515,200.8588031768799,220.9256399262751,218.6304200696567,2.295219856618388,3.2867102445126077,-0.9914903878942196,46.414306468557356,220.8105842590332,228.15366092900706,213.46750758905932,0.06651018740441984,-0.0021684790684044497,-0.0021708336236244577,0.1853420257332042,7177515.0,1.063501782998712,0
2021-05-12,212.66465759277344,216.8768839206131,212.35620340918084,215.5563493783816,7721300,220.7455192565918,213.99023712158203,200.97744590759277,219.65471956727487,218.18851173803571,1.4662078292391527,2.9226097614579167,-1.456401932218764,39.223465546544034,220.7455192565918,228.36193117310424,213.12910734007934,0.06900626515240137,-0.021509780520567623,-0.021744487618104408,0.20130707448292506,7314950.0,1.0555506189379285,1
2021-05-13,215.97567749023438,217.095411445437,213.22457360203458,213.82305336509734,6650100,220.63876647949218,214.16788360595703,201.11345932006836,219.08871309388402,218.02459809005043,1.0641150038335923,2.5509108099330517,-1.4867958060994595,41.06308636778189,220.63876647949218,228.46756068266262,212.80997227632173,0.07096481119874383,0.01556920616213131,0.015449249555824746,0.1967993964029464,7212550.0,0.9220178716265398,1
2021-05-14,219.06460571289062,219.61481760030378,217.11470073922138,217.98347728199448,4777200,220.6801956176758,214.47188934326172,201.2560900878906,219.08500426603888,218.1016356917423,0.983368574296577,2.237402362805757,-1.25403378850918,45.74386891801802,220.6801956176758,228.464093530217,212.89629770513457,0.07054459862838508,0.014302204111830585,0.01420089243484773,0.20363218047098047,7109940.0,0.671904404256576,0
2021-05-17,218.58197021484375,219.27698559941172,217.50084171852518,218.3309834358619,5534200,220.7273742675781,214.69086608886718,201.41799224853514,219.00761441200885,218.13721602678686,0.8703983852219892,1.9640015672890034,-1.0936031820670142,45.65434403527669,220.7273742675781,228.4447990182449,213.00994951691132,0.06992721021826045,-0.002203165118693007,-0.0022055956575382533,0.2035362097586764,7059570.0,0.783928766199641,0
2021-05-18,217.74217224121094,221.22688220568048,217.60701644608545,220.46430363320525,6900000,220.85353088378906,214.79935668945313,201.5932546234131,218.81293100111685,218.10795352415158,0.7049774769652686,1.7121967492242565,-1.0072192722589879,38.71826219793368,220.85353088378906,228.26837994992627,213.43868181765185,0.06714720870855198,-0.003842027651262292,-0.003849427198422599,0.19972939093649525,7114615.0,0.9698346291401573,0
2021-05-19,216.79612731933594,217.04711405593085,214.09329180572672,215.02963140932636,9311900,220.73141555786134,214.8871905517578,201.762395401001,218.5026535116121,218.01078121268375,0.4918722989283424,1.4681318591650736,-0.9762595602367312,30.76251907840286,220.73141555786134,228.336271054744,213.12656006097868,0.06890596408909604,-0.004344794176237898,-0.004354260223088767,0.1885915969170229,7105680.0,1.3104868218101575,1
2021-05-20,218.58197021484375,219.7017188599,217.42361615032087,217.61667270619617,7478600,220.69280624389648,214.95657012939452,201.93278930664061,218.51485608134004,218.05309150914005,0.46176457219999634,1.266858401772058,-0.8050938295720618,38.52693006127094,220.69280624389648,228.3348525120485,213.05075997574446,0.06925505546117798,0.00823742987289311,0.008203687421511424,0.19111359004750023,7114460.0,1.05118308346663,1
2021-05-21,218.90054321289062,221.35239266218346,218.68817656028187,219.006726539195,5603900,220.55301361083986,214.974873046875,202.0864973449707,218.57419256311707,218.11586570941787,0.4583268536991909,1.1051520921574849,-0.646825238458294,40.491228568572105,220.55301361083986,228.2200079859548,212.88601923572492,0.06952518353381608,0.0014574532278839314,0.0014563921737609173,0.18696993251532712,7127395.0,0.7862479910261744,1
2021-05-24,221.36203002929688,222.12460857431074,219.73067489570298,220.03956243684382,4040100,220.5199104309082,215.07691314697266,202.23970344543457,219.00309063483704,218.3563223257052,0.6467683091318293,1.0134753355523538,-0.36670702642052455,46.16006260517311,220.5199104309082,228.1658495359623,212.8739713258541,0.06934465999114112,0.011244772535865089,0.011182020067799352,0.1915457726316619,7046900.0,0.573315926151925,0
2021-05-25,221.07244873046875,222.20184509495044,220.4932643095322,221.9219005574315,4689100,220.49305114746093,215.19417388916017,202.40302383422852,219.32145341878038,218.55751687420621,0.7639365445741646,0.963567577356716,-0.19963103278255145,50.250870152771604,220.49305114746093,228.126636214218,212.85946608070387,0.06924104888595232,-0.0013081796313025862,-0.0013090360452534676,0.1914869164550955,6949250.0,0.6747634636831312,0
2021-05-26,219.1901092529297,221.39098636312005,218.52405162471695,220.13609667380464,4295600,220.20146408081055,215.246220703125,202.55486976623536,219.30124662403412,218.60437556892646,0.696871055107664,0.9102282729069057,-0.21335721779924166,43.06733063758453,220.20146408081055,227.54674358883182,212.8561845727893,0.0667141750276979,-0.008514581931618248,-0.008551038071047958,0.18458665084811868,6658460.0,0.6451341601511461,0
2021-05-27,218.9873809814453,220.49324265284966,218.5143799264959,219.8561427982493,5969600,219.7353973388672,215.32660064697265,202.701000289917,219.25295960209738,218.63274634022414,0.6202132618732321,0.852225270700171,-0.23201200882693884,41.09496138437557,219.7353973388672,226.0212122018848,213.44958247584958,0.05721258330831307,-0.0009248969863436818,-0.0009253249674740101,0.17487074677353864,6586370.0,0.9063566122158336,1
2021-05-28,219.41212463378906,221.4681982923032,219.26732117126747,219.69205442783067,5779700,219.449609375,215.46097137451173,202.844600982666,219.27744653004996,218.6904780656734,0.5869684643765538,0.7991739094354475,-0.21220544505889372,53.77749409991672,219.449609375,225.2000615117607,213.69915723823928,0.052407950537147904,0.0019395804929041027,0.0019377019353433987,0.16952983950930137,6362345.0,0.9084229163932481,0
2021-06-01,218.765380859375,222.09565434516585,218.4275208369199,221.47786452382863,5091500,219.17726974487306,215.8476708984375,202.9891000366211,219.19866719609996,218.69602642076242,0.5026407753375395,0.739867282615866,-0.2372265072783265,53.33825873657691,219.17726974487306,224.4762139979833,213.8783254917628,0.04835304554416917,-0.0029476209461692937,-0.0029519737364787383,0.16932776498265287,6208200.0,0.8201249959730679,1
2021-06-02,221.69020080566406,225.02047383552957,220.84073439414342,221.26546759990373,9081100,219.0791229248047,216.2716619873047,203.15273956298827,219.5819800591098,218.91781711594032,0.6641629431694867,0.7247264147265902,-0.06056347155710351,73.01813749754835,219.0791229248047,224.09411362008174,214.06413222952764,0.045782460951319055,0.013369665414150633,0.013281080134402707,0.17688289795802573,6368030.0,1.4260454174996036,0
2021-06-03,220.19400024414062,222.39487723516174,219.86580264864645,221.05311437897547,6382400,219.04207534790038,216.6628369140625,203.2954930114746,219.676137010653,219.0123491995107,0.6637878111422992,0.712538694009732,-0.04875088286743279,61.855571070300094,219.04207534790038,224.01006817949508,214.07408251630568,0.045361082556436984,-0.006749060427957421,-0.006771938330622102,0.1731124139684755,6360990.0,1.0033658282751585,1
2021-06-04,222.15354919433594,222.6941133966115,220.79247628764722,221.39097070811215,5085700,219.00131454467774,217.0947445678711,203.45006217956544,220.05727734660422,219.24503068060886,0.8122466659953602,0.7324802884068577,0.07976637758850247,59.26993381268082,219.00131454467774,223.84549005237176,214.15713903698372,0.04423878018965748,0.008899193202460909,0.008859828751493137,0.17289706175840694,6309070.0,0.8060934495892421,1
2021-06-07,223.29261779785156,226.5360031564784,222.09564363268893,224.7695217483943,5421300,218.97895278930665,217.55136169433592,203.60081321716308,220.5550220314115,219.54485194855275,1.0101700828587639,0.788018247297239,0.22215183556152485,63.6008145060317,218.97895278930665,223.73434218646048,214.2235633921528,0.04343238778504245,0.005127393227101651,0.005114292907693281,0.17345666304049853,6353700.0,0.85325086170263,1
2021-06-08,223.9972686767578,224.76950955661184,222.17285714685337,224.093789580946,4170600,219.2882209777832,217.91488677978515,203.73990447998048,221.08459843838787,219.87466059508645,1.209937843301418,0.8724021664980749,0.3375356768033432,68.20207377200586,219.2882209777832,224.50608032615858,214.0703616294078,0.047589052664201444,0.0031557285048455785,0.003150759644485842,0.14268743473721496,6080860.0,0.6858569347098931,1
2021-06-09,224.2482452392578,226.70010897769976,224.06483636953934,224.43165410897632,4659000,219.6336540222168,218.2645391845703,203.88034652709962,221.5713133308294,220.19862982798804,1.3726835028413689,0.9724584337667337,0.4002250690746352,72.59956391044246,219.6336540222168,225.2107112175129,214.0565968269207,0.0507850877418992,0.0011204447446284682,0.0011198175148893759,0.1420606464650493,5932145.0,0.7853820161172729,1
2021-06-10,225.83135986328125,226.13059974840513,224.0745259738271,225.0108657797596,4452500,220.2919891357422,218.69616912841798,204.0177493286133,222.22670510505276,220.6158690898616,1.610836015191154,1.1001339500516178,0.5107020651395362,72.25845322359088,220.2919891357422,225.50166610487508,215.0823121666093,0.04729792480944665,0.00705965222753191,0.007034849546529851,0.11379347499021358,5768705.0,0.7718370067458814,1
2021-06-11,226.80630493164062,227.26964360305413,225.59968306807468,226.25607829180458,5378300,220.8335205078125,219.15057556152342,204.15190689086913,222.9312589245278,221.07441989295634,1.856839031571468,1.251474966355588,0.60536406521588,73.33329130045522,220.8335205078125,226.39389017768377,215.27315083794122,0.0503580222521025,0.004317137659489045,0.00430784555463489,0.10393411405463446,5705115.0,0.9427154404424801,0
2021-06-14,225.95684814453125,227.05728674226145,223.53395664082188,226.5553279012334,5805800,221.17813262939453,219.48909637451172,204.27143882751466,223.39673418914373,221.43608124492485,1.9606529442188787,1.3933105619282462,0.5673423822906325,64.98741782766405,221.17813262939453,227.11824432152835,215.2380209372607,0.0537133723078046,-0.0037452961784523175,-0.003752327361583668,0.09613382328875862,5756545.0,1.0085563476008612,0
2021-06-15,224.89500427246094,226.65185276787753,224.54749658816266,226.30434508357922,7093800,221.4937843322754,219.76435455322266,204.38196189880372,223.62723727888482,221.69229776548306,1.9349395134017584,1.5016363522229488,0.4333031611788096,61.87041973754912,221.4937843322754,227.52328650992868,215.4642821546221,0.054443985377107346,-0.004699321488991215,-0.004710398015281941,0.09782579580500324,5834525.0,1.2158316229684507,0
2021-06-16,221.63229370117188,226.05334292655454,220.0878119362273,225.51277872760485,8905400,221.68829040527345,219.98187744140625,204.4536848449707,223.32032288231358,221.68785301997855,1.6324698623350287,1.5278030542453649,0.10466680808966378,56.98503322507073,221.68829040527345,227.45340687807942,215.92317393246748,0.05201101476552171,-0.014507705859647668,-0.01461397165854004,0.11179607803781867,5934795.0,1.5005404567470317,1
2021-06-17,224.0937957763672,225.24250209163327,221.2558336630435,221.2558336630435,6876700,222.053173828125,220.2366784667969,204.5555891418457,223.43931871216796,221.86607100193325,1.5732477102347104,1.5368919854432341,0.03635572479147631,62.93396779165526,222.053173828125,227.42491462064004,216.68143303560998,0.048382472539418825,0.011106242840739577,0.011045021402098995,0.11555500736838395,5813035.0,1.182979287067771,0
2021-06-18,222.41419982910156,224.1227657937957,221.265493450935,222.45280524810417,8840000,222.2447853088379,220.43031951904297,204.6425609588623,223.28160811477315,221.90667313727903,1.3749349774941209,1.5045005838534116,-0.1295656063592907,57.14943965579895,222.2447853088379,227.36257434589317,217.12699627178262,0.046055425147037254,-0.007495057779028258,-0.007523286865459865,0.11719989332540351,5881105.0,1.5031188866718075,1
2021-06-21,226.18850708007812,226.85454995248477,222.40452808879098,223.41809336398325,7298400,222.60918350219725,220.66436096191407,204.73336547851562,223.72882334020466,222.22384602193083,1.5049773182738306,1.5045959307374956,0.00038138753633498723,65.38615782828603,222.60918350219725,227.762090649537,217.45627635485752,0.04629554869454764,0.01696972249917783,0.01682734523600725,0.13038054061244603,5965830.0,1.2233670754949437,1
2021-06-22,227.7426300048828,227.8970811384836,225.1459921264146,226.16920511029596,8858400,222.92821350097657,220.9497265625,204.86807235717774,224.34633205784746,222.63264483548284,1.7136872223646265,1.5464141890629217,0.16727303330170473,63.300846769920824,222.92821350097657,228.5268115536247,217.32961544832844,0.05022781069049031,0.006870919061570557,0.006847421867339254,0.12700136942790652,6206745.0,1.4272215146586495,0
2021-06-23,226.5360107421875,227.7329849474316,225.82170001730572,227.27929394306406,6814700,223.2013916015625,221.21963439941408,205.01740676879882,224.6832057015921,222.9217830507943,1.7614226507978117,1.5894158814098998,0.17200676938791193,64.11690781876231,223.2013916015625,228.94989691382438,217.45288628930064,0.05150958308112652,-0.0052981704069609,-0.005312255483911069,0.12892671505538222,6313025.0,1.0794666582185244,1
2021-06-24,228.04190063476562,229.98214342576728,227.24070189330382,228.77552147704867,4611500,223.64398117065429,221.50115325927734,205.19608421325682,225.1999279990034,223.30105101997736,1.8988769790260278,1.6513081009331256,0.24756887809290218,63.37726337712471,223.64398117065429,229.45481804091906,217.8331443003895,0.05196506375756877,0.006647463631254347,0.00662546667372962,0.12486131556562316,6328820.0,0.7286508385449421,1
2021-06-25,229.0844268798828,230.20416086926747,228.11912930778675,228.19634015179506,7825200,224.14883346557616,221.72062713623046,205.36104331970216,225.7975432114464,223.72944923182223,2.068093979624166,1.7346652766713337,0.3334287029528322,63.21590872690353,224.14883346557616,230.01047822810895,218.28718870304337,0.05230136308902984,0.004571643378761925,0.004561225157365286,0.1246715097603518,6421600.0,1.2185748100161953,0
2021-06-28,225.96649169921875,230.09796388412437,223.81388236546104,229.7408085170235,9301700,224.47655181884767,221.87523651123047,205.5225210571289,225.8235352864883,223.89515608125902,1.9283792052292767,1.7734080623829225,0.15497114284635427,54.04764398923849,224.47655181884767,229.94269952990845,219.01040410778688,0.04870128008266948,-0.013610419630570969,-0.013703890479127564,0.1368664893255079,6597700.0,1.4098397926550161,1
2021-06-29,227.76194763183594,228.31217429005858,226.02440914438455,226.4298470658493,11897700,224.9263801574707,222.07770751953126,205.69710807800294,226.1217525703879,224.18158508500548,1.9401674853824318,1.8067599469828246,0.13340753839960717,56.79106863322201,224.9263801574707,229.86928794286882,219.98347237207258,0.04395133893976861,0.007945673356769545,0.007914272717368045,0.137622934262762,6938010.0,1.714857718567716,0
2021-06-30,225.70584106445312,228.1962953497477,225.70584106445312,226.9510682071004,7797100,225.12716217041014,222.28744354248047,205.84075408935547,226.05776618485947,224.29449293533492,1.763273249524559,1.7980626074911716,-0.03478935796661253,49.761760780715655,225.12716217041014,229.83733116291015,220.41699317791014,0.041844519755769284,-0.009027436710834502,-0.009068430919198817,0.1361510758500869,6873810.0,1.1343199768396275,1
2021-07-01,226.98971557617188,228.0515487849747,225.92789709664095,226.07268583908137,5329600,225.46694793701172,222.4424691772461,205.98884925842285,226.20114301429214,224.4941390568784,1.7070039574137468,1.779850877475687,-0.07284692006194016,50.34408488877642,225.46694793701172,229.62705846084438,221.30683741317907,0.036902176233785354,0.005688264449266622,0.0056721473629927095,0.1339841602496331,6821170.0,0.7813322347925649,1
2021-07-02,230.3489227294922,230.4937114474413,227.63643939860324,227.6460870700434,4383700,225.87671661376953,222.66236450195314,206.15498992919922,226.83926297047677,224.92782673633127,1.9114362341454978,1.8061679488096494,0.10526828533584842,57.53055373727004,225.87671661376953,230.27055984785846,221.4828733796806,0.038904791073283054,0.014798939876168316,0.014690504079622177,0.13978451208392215,6786070.0,0.6459850841503256,1
2021-07-06,231.2852783203125,232.26022345664367,228.97821796998264,231.18874268218173,8048700,226.27634963989257,222.8541421508789,206.3251397705078,227.52326533198993,225.39874907588543,2.1245162561044992,1.8698376102686194,0.25467864583587985,61.003974424528245,226.27634963989257,231.11226068276,221.44043859702515,0.04274340690543693,0.0040649445186244915,0.004056704953025294,0.13950469701256274,6917440.0,1.1635373779895453,1
2021-07-07,231.67138671875,232.67528958031906,230.03038400867953,231.92235875182473,4366100,226.6600555419922,223.04708801269533,206.51000091552734,228.16143785302995,225.8633889012828,2.2980489517471483,1.9554798785643253,0.34256907318282304,69.18815722855163,226.6600555419922,231.93265162339293,221.38745946059146,0.04652426356106586,0.0016694032635435896,0.0016680113588003241,0.1394123833837764,6927215.0,0.6302821552384328,0
2021-07-08,228.3990478515625,228.84309119369328,226.41053730785907,228.7465555495388,6388000,226.86759567260742,223.1828762817383,206.7032928466797,228.19799323741958,226.0512154901924,2.1467777472271905,1.9937394522968985,0.15303829493029197,57.98142611037405,226.86759567260742,232.06672691640634,221.6684644288085,0.045834057776164575,-0.014124915957619444,-0.014225622017498524,0.15035867401414996,7013665.0,0.9107934296833397,1
2021-07-09,230.19448852539062,231.140475920464,229.18092323746248,230.4744183104178,5615900,227.08575210571288,223.28632904052733,206.89061912536621,228.5051463586459,226.35812460391077,2.1470217547351353,2.024395912784546,0.12262584195058945,64.36204282848495,227.08575210571288,232.46484758522158,221.7066566262042,0.04737501520575027,0.007860981430163339,0.007830244890140746,0.15081603359555718,7071835.0,0.7941220348042622,0
2021-07-12,229.6152801513672,230.23306987755117,229.03611056828348,229.33535039560041,7010700,227.22620086669923,223.31246032714844,207.0999863433838,228.67593617291072,226.59939538520382,2.0765407877069038,2.0348248877690174,0.04171589993788638,57.171625047182374,227.22620086669923,232.720036228464,221.73236550493445,0.04835565036787024,-0.0025161695996016586,-0.0025193404744179686,0.15077326103857125,7153455.0,0.9800439088524356,1
2021-07-13,233.93984985351562,234.065328509842,229.98212429915662,229.98212429915662,8079200,227.62535095214844,223.4886996459961,207.3302557373047,229.48576904684992,227.14313275322692,2.342636293623002,2.0963871689398146,0.2462491246831875,61.62197954898337,227.62535095214844,233.84316896062379,221.4075329436731,0.05463203445896026,0.018833980470714273,0.018658816993251573,0.16284573170381716,7267125.0,1.1117463921426973,1
2021-07-14,237.45352172851562,238.2450579672964,234.393530622048,234.7796437049747,8693400,228.25327682495117,223.7535266113281,207.5697811126709,230.71157715172157,227.906865269915,2.8047118818065826,2.238052111513168,0.5666597702934144,68.84364011015059,228.25327682495117,235.7210083697474,220.78554528015493,0.06543372913347734,0.015019552578152684,0.014907875932005184,0.16740672493721126,7347105.0,1.183241562492982,1
2021-07-15,239.9246826171875,240.1660069781524,236.79711359654476,236.79711359654476,10135100,229.16789627075195,224.07895751953126,207.80691162109375,232.1289779925625,228.79707396230555,3.3319040302569647,2.4568224952619273,0.8750815349950374,69.84832945244862,229.16789627075195,237.63513393064642,220.7006586108575,0.07389549581491807,0.010406924566472409,0.010353145322893784,0.1562861392079637,7408590.0,1.3680200955917388,0
2021-07-16,239.50961303710938,241.76842040069326,238.9304433697136,241.31472939346747,8674500,229.93868713378907,224.4504507446289,208.04619522094725,233.26446030710818,229.590595375254,3.673864931854183,2.7002309825803787,0.9736339492738044,67.78647225833593,229.93868713378907,239.22783505580304,220.6495392117751,0.08079673792874277,-0.001729999496301926,-0.0017314976735771513,0.1552040494054214,7498480.0,1.1568344517822278,0
2021-07-19,232.06716918945312,235.96696450235925,230.6095605774191,235.5229359128445,11474600,230.42133560180665,224.63241882324218,208.245719833374,233.0802616736228,229.77404528741687,3.306216386205932,2.82142806330549,0.4847883229004424,59.07001772198534,230.42133560180665,239.04349571819844,221.79917548541485,0.074838209698531,-0.03107367488628998,-0.03156670185633657,0.19466239352298303,7630210.0,1.503838033291351,1
2021-07-20,234.27769470214844,235.73530331902782,231.19839339409666,232.28918425638062,7072300,230.82579498291017,224.84317565917968,208.44005683898925,233.2644821395498,230.10764894776736,3.1568331917824537,2.8885090890008827,0.26832410278157104,59.569011726194,230.82579498291017,239.3704853563156,222.28110460950472,0.07403583619446062,0.009525369402384909,0.009480289116089778,0.18887774838105395,7618905.0,0.9282567508060542,1
2021-07-21,235.20440673828125,238.33196140240562,233.89160146899698,234.84723662558085,11241400,231.1988838195801,225.1910256958008,208.64810836791992,233.56293207781619,230.4851865618795,3.077745515936698,2.926356374388046,0.1513891415486519,64.42819210579503,231.1988838195801,239.82794321229295,222.56982442686723,0.07464620287221362,0.0039556136033820355,0.003947810733881696,0.188127001527225,7738055.0,1.4527423234908514,1
2021-07-22,235.66770935058594,236.83572569886482,234.712059611085,235.3202016934283,10293600,231.65546875,225.55758819580078,208.84848258972167,233.8867439659346,230.8690771388207,3.0176668271139135,2.9446184649332197,0.07304836218069388,63.51876036094969,231.65546875,240.21174417962428,223.09919332037575,0.0738706966495844,0.0019697871257158273,0.0019678496389293238,0.18631137356177155,7912000.0,1.3010111223458038,1
2021-07-23,240.37841796875,241.33405318785154,238.19683591616734,238.19683591616734,6766000,232.2722946166992,226.1118634033203,209.08725708007813,234.88546304329083,231.5734727558525,3.3119902874383342,3.0180928294342424,0.29389745800409184,64.99283994739106,232.2722946166992,241.48520625867943,223.059382974719,0.07932854546585989,0.019988774156396216,0.019791621506592916,0.1964276652481125,8019725.0,0.8436698265838293,1
2021-07-26,241.5657196044922,241.67190292755515,239.10420782750305,240.5618166013013,4879000,232.8963592529297,226.62366424560548,209.32226249694824,235.91319482193717,232.31363918908505,3.599555632852116,3.134385390117817,0.46517024273429897,65.2535308396903,232.8963592529297,242.86035108960556,222.93236741625384,0.08556588749294086,0.004939302146070856,0.004927143812578442,0.1964781880344674,7872415.0,0.6197589939046658,1
2021-07-27,242.2220916748047,243.90171460702393,239.60614372984136,240.5424834718562,7038300,233.709139251709,227.08681396484374,209.55809944152833,236.88379433776294,233.0475986324717,3.8361957052912317,3.2747474531525005,0.5614482521387312,65.52998161425329,233.709139251709,243.94138320625638,223.4768952971616,0.0875639180162918,0.002717157349093835,0.002713472550340126,0.18677748760804405,7759245.0,0.9070856765058971,0
2021-07-28,238.37059020996094,242.77234488174963,237.3763348665206,241.37266631635745,9036500,234.23957138061525,227.48258636474608,209.75709342956543,237.11253216425493,233.4418943048783,3.670637859376626,3.3539255343973258,0.31671232497930024,64.4314367902649,234.23957138061525,244.27164887596882,224.20749388526167,0.08565655611666469,-0.015900702690713198,-0.016028475121465158,0.19816037793402794,7616185.0,1.186486410190929,1
2021-07-29,239.3165283203125,241.69116639209147,238.52499211589904,239.49993718198382,7495300,234.92010574340821,227.91407348632814,209.96197006225586,237.4516084959561,233.87705238009565,3.574556115860446,3.39805165068995,0.1765044651704959,63.534791601764844,234.92010574340821,244.34281792337032,225.4973935634461,0.08022056818120177,0.00396835074963886,0.003960497614942056,0.19357755149676323,7601095.0,0.9860816106100503,0
2021-07-30,237.83969116210938,239.83786439931495,237.46322566181647,238.6312423177,5804700,235.46260452270508,228.3349447631836,210.16945640563964,237.51131352151813,234.1705811787633,3.3407323427548192,3.3865877891029244,-0.04585544634810512,61.88632160582828,235.46260452270508,244.18628602739057,226.7389230180196,0.07409823332557493,-0.006171062101596458,-0.006190181805163985,0.19595832688113154,7624850.0,0.7612871072873565,0
2021-08-02,231.4590301513672,239.2296778641083,230.09795716027878,237.69485839548727,9989500,235.51810989379882,228.59248596191406,210.35522575378417,236.58019300303337,233.96972554710433,2.61046745592904,3.2313637224681475,-0.6208962665391073,46.615729386575325,235.51810989379882,244.1180448943776,226.91817489322005,0.07302992542235244,-0.026827570198925232,-0.027193997901639812,0.21576102725771368,7905140.0,1.2636714846289883,0
2021-08-03,228.86239624023438,233.01317871721034,225.9085880468639,232.27955787006164,9839000,235.39696578979493,228.79172302246093,210.5407444000244,235.39283965491046,233.59140485770655,1.8014347972039104,2.9453779374153006,-1.1439431402113902,37.97945293218443,235.39696578979493,244.31050171523935,226.4834298643505,0.07573195258093549,-0.011218546580078148,-0.01128194910922875,0.21904635613340462,7994655.0,1.2306972596065746,0
2021-08-04,228.4569854736328,229.30645209079952,226.8932080459148,228.77553545507033,8171800,235.23624572753906,228.93362213134765,210.72082466125488,234.32578516548313,233.2110774959233,1.1147076695598344,2.579243883844207,-1.4645362142843728,32.970158513776425,235.23624572753906,244.5400038974884,225.93248755758972,0.07910139988142265,-0.0017714171190272854,-0.0017729879336514515,0.21894833396419727,8184940.0,0.9983946125445025,1
2021-08-05,231.8740997314453,231.9127051473654,228.2252619330373,228.39902312785182,5337500,235.4099983215332,229.1496551513672,210.93379837036133,233.94860279101576,233.11204210596196,0.8365606850537972,2.2307072440861253,-1.394146559032328,39.5892982194074,235.4099983215332,244.2965648010859,226.5234318419805,0.07549863253824113,0.014957363858794759,0.014846605561023296,0.21947019953298172,8132415.0,0.6563241054471519,1
2021-08-06,233.02279663085938,234.18116534479356,231.53624505090656,231.67138610362954,4509700,235.55141372680663,229.42630889892578,211.14900802612306,233.80617107406863,233.10543133002844,0.7007397440401917,1.9247137440769386,-1.223974000036747,51.57290864029848,235.55141372680663,244.1746354494515,226.92819200416176,0.07321732089153253,0.004953968126429231,0.004941737602781687,0.2184782825522545,8077105.0,0.5583312337774488,0
2021-08-09,231.67138671875,233.77572807806231,229.78905964751416,233.36065724690755,5226900,235.6542190551758,229.67998901367187,211.3539532470703,233.47774271171193,232.99920580326707,0.47853690844485186,1.6354783769505215,-1.1569414685056696,45.58531240905419,235.6542190551758,244.0247855984991,227.28365251185247,0.07104109212968045,-0.005799475122814646,-0.005816357382471278,0.21942838422043626,7987915.0,0.6543509789475727,0
2021-08-10,229.8083953857422,232.9649077772319,227.38548910231745,232.16370904117213,7185700,235.4476463317871,229.88791442871093,211.55169746398926,232.9132277384858,232.76284947604302,0.15037826244278563,1.3384583540489743,-1.1880800916061887,41.140974131352856,235.4476463317871,244.19192532804044,226.70336733553376,0.0742779053644148,-0.008041525366572322,-0.008074032821989723,0.2102516835004305,7943240.0,0.904630855922772,0
2021-08-11,226.9028778076172,230.08836320281344,226.43953903009157,229.8180810218173,7375700,234.92011413574218,230.05066436767578,211.73481803894043,231.98855851835216,232.32877750060408,-0.34021898225191194,1.0027228867887972,-1.3429418690407091,36.67841094202818,234.92011413574218,244.397180089625,225.44304818185935,0.08068330793000351,-0.012643217726001632,-0.012723823333425045,0.20551050261560547,7877355.0,0.936316822080508,0
2021-08-12,224.05128479003906,226.29383467040358,223.30700318693104,226.08117856970185,9867000,234.12644424438477,230.0978860473633,211.92741622924805,230.76743948322707,231.71562989241409,-0.9481904091870206,0.6125402275936336,-1.5607306367806542,23.69813751010888,234.12644424438477,244.45889398121156,223.79399450755798,0.08826384196089887,-0.012567460779390749,-0.012647099253723511,0.20299852956609848,7863950.0,1.2547129623153759,1
2021-08-13,224.88262939453125,225.48193980613408,223.67436249524974,224.2543365066456,5445400,233.39509506225585,230.19165863037108,212.1386336517334,229.86208408496617,231.20948170738572,-1.3473976224195496,0.22055265759099696,-1.5679502800105465,22.812922566749066,233.39509506225585,244.18378195013818,222.6064081743735,0.09244998816281515,0.003710510320310112,0.0037036433582718392,0.20448344248226571,7702495.0,0.7069657299355598,1
2021-08-16,227.5021514892578,227.61814038821075,222.51442234336187,224.45732489693196,7575900,233.1668441772461,230.29863067626954,212.40710441589354,229.49901753178025,230.93486465419105,-1.4358471224107916,-0.11072729840936074,-1.3251198240014308,27.454644546174364,233.1668441772461,244.2626120772714,222.0710762772208,0.0951744913748598,0.011648396773816128,0.01158107647812385,0.1818549237038832,7507560.0,1.0091028243530522,0
2021-08-17,226.6998291015625,227.80176773693677,225.43356796566349,227.1541385586277,6850500,232.7879508972168,230.36677490234376,212.6523445892334,229.0683731579006,230.6211583169593,-1.5527851590587147,-0.3991388705392316,-1.1536462885194831,30.28320743987301,232.7879508972168,244.23594224372096,221.33995955071265,0.09835553173934507,-0.003526658462098986,-0.003532891781560792,0.17775741915562274,7496470.0,0.9138301093714775,0
2021-08-18,223.89666748046875,226.52585711920466,223.74200579599017,226.1102056858372,4996500,232.22256393432616,230.36476287841796,212.89875198364257,228.2727261306034,230.1230478846267,-1.8503217540232981,-0.6893754472360449,-1.1609463067872532,25.48762490794725,232.22256393432616,244.26932210484213,220.1758057638102,0.10375183157415196,-0.012365080433465736,-0.012442164130385906,0.1804331284768493,7184225.0,0.6954821153290717,0
2021-08-19,223.83865356445312,224.6699268601757,221.25778302094486,221.3931082957542,5761300,231.63111114501953,230.35657104492188,213.1303106689453,227.59056112042643,229.65753719424345,-2.066976073817017,-0.9648955725522395,-1.1020805012647774,26.691659037541385,231.63111114501953,244.1191299470642,219.14309234297485,0.10782678320120982,-0.0002591102255717903,-0.00025914380042613887,0.17988999698509936,6957610.0,0.8280573357805339,0
2021-08-20,223.6356964111328,224.4089901487664,222.6110884772426,224.1286639785655,5522200,230.79397506713866,230.3126577758789,213.34355751037597,226.9821203959197,229.21147491401302,-2.2293545180933165,-1.2177873616604549,-1.0115671564328617,33.603479947194444,230.79397506713866,243.05568919511154,218.53226093916578,0.10625679569326635,-0.0009067118216107284,-0.0009071231334207683,0.15934551026610794,6895420.0,0.8008504195538488,1
2021-08-23,226.32286071777344,226.81582824164096,224.25430863328523,224.93093506291223,6342000,230.03183212280274,230.30298889160156,213.54318923950194,226.88069583005105,228.99750349206934,-2.1168076620182887,-1.3975914217320218,-0.719216240286267,44.69764018847908,230.03183212280274,241.33161231849147,218.73205192711401,0.09824536101296039,0.012015811204399762,0.011944194462987374,0.16618210297316935,6968570.0,0.9100862874305632,1
2021-08-24,226.4195556640625,228.3044490734428,226.13922948433182,227.19283467863264,5081800,229.24170532226563,230.3122430419922,213.725671005249,226.80975118912974,228.80654439369846,-1.9967932045687178,-1.517431778299361,-0.47936142626935685,45.6904425780723,229.24170532226563,239.06610041854796,219.4173102259833,0.0857121096920065,0.00042724339018329616,0.0004271521477136381,0.16529686725742226,6870745.0,0.7396286719999069,0
2021-08-25,224.82461547851562,227.15415739848893,224.3316479360553,227.15415739848893,5277100,228.56440658569335,230.3108352661133,213.89618988037108,226.5043456951891,228.5115866962775,-2.0072410010884028,-1.6153936228571695,-0.3918473782312333,33.84356061003459,228.56440658569335,237.5727475406204,219.55606563076628,0.07882540496566474,-0.007044180353013685,-0.007069107722336519,0.15923190903952095,6682775.0,0.789656991294784,0
2021-08-26,222.82371520996094,224.8632699834292,222.4660582382741,224.37996330487604,5889100,227.7397659301758,230.33466369628906,213.9884285736084,225.93809485130782,228.09026288247628,-2.1521680311684577,-1.7227485045194273,-0.4294195266490304,27.503878891091517,227.7397659301758,235.54273774692552,219.93679411342606,0.06852533447445534,-0.008899827380093539,-0.00893966739946981,0.1584486203891247,6602465.0,0.8919547472042638,1
2021-08-27,224.9212646484375,225.2692460473155,222.5433892978797,223.30702211038803,6369000,227.09384460449218,230.35121307373046,214.08812782287598,225.78165943548163,227.8555222725475,-2.0738628370658603,-1.792971371028714,-0.2808914660371462,35.585700656368445,227.09384460449218,233.36493829197687,220.82275091700748,0.055229094372033403,0.009413492798556522,0.009369461982056668,0.16452599915394323,6630680.0,0.9605349677559466,0
2021-08-30,223.51004028320312,225.86857963383494,222.24377893086026,224.92130251327606,6448000,226.69639511108397,230.3731298828125,214.1837020111084,225.4321795659003,227.53363471778124,-2.1014551518809412,-1.8546681271991596,-0.2467870246817816,36.28580560662956,226.69639511108397,232.8081768779095,220.58461334425846,0.053920414251233846,-0.006274303887807919,-0.006294070055114618,0.1387709586107943,6453605.0,0.9991314931731955,0
2021-08-31,221.4511260986328,224.09963725854712,221.02581386144527,223.2006939157775,9405100,226.3258316040039,230.2783822631836,214.28880699157716,224.8197098017053,227.08307852377027,-2.2633687220649676,-1.9364082461723213,-0.3269604758926463,37.67481202748145,226.3258316040039,232.77410110015285,219.87756210785494,0.056982178750424856,-0.00921173018429744,-0.00925442054107005,0.13712011418083883,6431910.0,1.4622561571912542,1
2021-09-01,222.43710327148438,223.07507174820637,221.13218384111903,221.45116807948,8177600,226.02483749389648,230.17227172851562,214.38815925598144,224.45315495090207,226.73893220878614,-2.285777257884064,-2.00628204851467,-0.27949520936939365,46.014501762801316,226.02483749389648,232.6146908545012,219.43498413329178,0.05831087798731551,0.004452346620321235,0.004442464247416213,0.13879195926368104,6432200.0,1.271353502689593,0
2021-09-02,216.6953887939453,222.85272629123048,214.5495205771067,222.73672265160525,19708800,225.2659019470215,229.97545928955077,214.4481202697754,223.2596524652164,225.99496602990905,-2.7353135646926603,-2.1520883517502685,-0.5832252129423918,33.73033224072215,225.2659019470215,232.4854569089285,218.04634698511447,0.06409807165227281,-0.025812755125350195,-0.026151750618165163,0.1504230192276539,7150765.0,2.7561806324218456,1
2021-09-03,217.59434509277344,219.7112308184068,215.8931108026775,216.52140361879557,11532000,224.49447937011718,229.76650817871095,214.52215209960937,222.3880667156098,225.37269781234346,-2.984631096733665,-2.318596900746948,-0.6660341959867169,28.866043135120776,224.49447937011718,231.51866150069296,217.4702972395414,0.06257777162524542,0.004148479133918803,0.004139897918831246,0.14986033461178846,7501880.0,1.5372146715223385,1
2021-09-07,218.71563720703125,220.38787440493456,218.31932213865176,219.16994672456846,9662600,223.84669189453126,229.55913238525392,214.61564903259278,221.82307756044386,224.87958221194998,-3.056504651506117,-2.466178450898782,-0.5903262006073349,33.19786783122471,223.84669189453126,230.46175182187403,217.2316319671885,0.05910348615256334,0.005153130766241798,0.005139898825707576,0.15253111707416356,7723665.0,1.2510382053079723,1
2021-09-08,221.4414520263672,222.53372984751576,219.4598916802306,219.78855143350725,10652600,223.4283447265625,229.46863159179688,214.72402603149413,221.76436593981668,224.6249059019068,-2.8605399620901153,-2.545050753137049,-0.3154892089530663,44.81630843713817,223.4283447265625,229.49114446193627,217.36554499118873,0.05427064093227372,0.012462825494071739,0.012385803763113802,0.16039983553259177,7897010.0,1.3489409282753853,0
2021-09-09,219.8948974609375,222.3210918931355,219.51791880813622,221.65412625756,5853000,223.07794570922852,229.3112905883789,214.84242645263672,221.4767554046045,224.27453490627943,-2.7977795016749383,-2.595596502844627,-0.20218299883031143,42.165964267354674,223.07794570922852,229.10517511583006,217.05071630262697,0.05403698144555944,-0.006984033708582915,-0.007008536222907348,0.15653905675388766,7820875.0,0.7483817347803156,0
2021-09-10,217.40101623535156,222.35973278588352,217.31402457203598,222.17608863533377,6715400,222.74543228149415,229.14519409179687,214.9277621459961,220.8497186093348,223.76538537509958,-2.915666765764797,-2.659610555428661,-0.2560562103361361,38.648357913055456,222.74543228149415,229.2605876290256,216.2302769339627,0.05849866621999172,-0.011341241904119004,-0.011406044213074402,0.15544810128087136,7663295.0,0.876307123763342,0
2021-09-13,217.13038635253906,219.6145752763688,215.95111675077754,218.00033256725123,6808100,222.35782012939453,228.9480075073242,215.00443046569825,220.27751364675083,223.27390396602104,-2.996390319270205,-2.7269665081969703,-0.26942381107323454,31.64811691824788,222.35782012939453,229.2491678607994,215.46647239798966,0.06198430734205479,-0.0012448418480229817,-0.0012456173072524807,0.15425273348284937,7731430.0,0.880574486220531,0
2021-09-14,215.58380126953125,218.2709855391171,214.85884116623973,217.48803098745842,6575700,221.76190261840821,228.652705078125,215.0675434112549,219.5554040502555,222.704266729244,-3.1488626789885075,-2.811345742355278,-0.33751693663322957,29.551271271363504,221.76190261840821,228.83894529786585,214.68485993895058,0.06382559489161035,-0.007122840377102868,-0.007148328910574861,0.1469126931865571,7681420.0,0.8560526569306196,1
2021-09-15,216.33773803710938,217.33334863772936,213.96953820795844,215.09081326766528,6535800,221.24379806518556,228.35375427246095,215.133896484375,219.06037850977145,222.23267201130813,-3.1722935015366716,-2.8835352941915566,-0.2887582073451149,33.458914049972165,221.24379806518556,228.31592763433054,214.17166849604058,0.06393064692427039,0.0034971865378490286,0.0034910856009473996,0.14846168296403855,7665685.0,0.8526048226609886,1
2021-09-16,216.8404083251953,217.6813573507917,215.31315722456688,216.3860988000371,5928500,220.89098510742187,228.05713470458986,215.20589073181154,218.71884463522127,221.83324507159608,-3.114400436374808,-2.929708322628207,-0.1846921137466011,37.61512455560974,220.89098510742187,228.10841889043076,213.67355132441298,0.06534837788422161,0.002323544161304536,0.002320848906790957,0.14434563075550483,7712285.0,0.7687086252647561,0
2021-09-17,214.34654235839844,216.23143572239007,211.97834224726276,215.02316885452987,13787400,220.41637954711913,227.77608459472657,215.2613256072998,218.0461827464793,221.27867450024812,-3.2324917537688123,-2.990265008856328,-0.2422267449124842,28.464656898115095,220.41637954711913,228.05382038693224,212.77893870730603,0.06930012057638782,-0.011500928199032145,-0.011567575369409744,0.1484587054690899,8113590.0,1.699297105227156,0
2021-09-20,212.7033233642578,213.1382965297541,209.08818322899745,209.71649091191682,8822600,219.8697608947754,227.42626129150392,215.31345252990724,217.2242043799837,220.64346330498958,-3.4192589250058916,-3.076063792086241,-0.34319513291965054,28.19820901403422,219.8697608947754,228.08042511369223,211.65909667585856,0.07468661616315914,-0.007666179151110675,-0.007695715352539316,0.149658600884077,8278610.0,1.0657103064403324,1
2021-09-21,212.81927490234375,214.7525017422608,211.66900257269708,213.37991245584172,7033600,219.1945816040039,227.09034118652343,215.37640876770018,216.54652292188524,220.0638937936825,-3.5173708717972545,-3.1643252080284436,-0.35304566376881086,31.10452124408198,219.1945816040039,227.39176721551215,210.99739599249565,0.0747936883432388,0.0005451327052721222,0.0005449841744158437,0.14018131554577942,8313190.0,0.8460771376571449,1
2021-09-22,215.31314086914062,216.61807489536042,213.71823461429454,214.00820684292083,6005900,218.6392608642578,226.71780700683593,215.4295548248291,216.3567718368476,219.71198616964236,-3.355214332794759,-3.2025030329817072,-0.15271129981305176,35.37110241569387,218.6392608642578,226.26012566240234,211.01839606611327,0.06971176876486014,0.011718233547883372,0.011650106749799206,0.14931106521759108,8359395.0,0.7184610848033859,1
2021-09-23,220.6875,221.06447863091145,216.86938007167106,217.488012049304,7952700,218.43240509033203,226.38248657226563,215.5097171020508,217.0230377081018,219.78424645337256,-2.76120874527075,-3.1142441754395156,0.3530354301687657,58.323285551491196,218.43240509033203,225.55463702789393,211.31017315277012,0.06521222832863585,0.02496066477487191,0.024654236024607264,0.17696403099454358,8493175.0,0.9363636096041822,1
2021-09-24,223.85800170898438,224.2059831353053,220.98715862917442,221.28680643391039,6461200,218.4841194152832,226.06115295410157,215.60515434265136,218.07457063131451,220.08600610193642,-2.0114354706219046,-2.8936824344759935,0.8822469638540889,61.92935295912585,218.4841194152832,225.75409224651457,211.21414658405183,0.06654921053930685,0.014366476166454367,0.01426425621156505,0.18215554785642304,8521780.0,0.758198404558672,0
2021-09-27,221.93443298339844,225.53989668033168,221.13214212602253,223.98364858336865,6881100,218.33477783203125,225.70964935302734,215.70632400512696,218.66839560855817,220.22292661167435,-1.5545310031161819,-2.6258521482040313,1.0713211450878495,55.948526396943656,218.33477783203125,225.1568961230382,211.5126595410243,0.062492273184763254,-0.008592807542732284,-0.008629938573010977,0.18141147570512434,8547385.0,0.8050532414299812,0
2021-09-28,218.02932739257812,221.22881555174874,216.52141277067847,221.22881555174874,6951400,218.0607421875,225.42889251708985,215.7974479675293,218.5700774214843,220.06043778063017,-1.4903603591458534,-2.3987537903923957,0.9083934312465423,43.957567841140424,218.0607421875,224.43303770434164,211.68844667065838,0.058445141962897657,-0.017595762578727192,-0.017752408262575278,0.19033487566435006,8572555.0,0.8108901021924035,1
2021-09-29,219.11192321777344,221.37380983267963,218.54162483916198,219.227926857865,6432700,217.94378204345702,225.12557708740235,215.90057731628417,218.6534383132211,219.99017744264077,-1.3367391294196693,-2.1863508581978506,0.8496117287781813,48.59028903017226,217.94378204345702,224.13742731343385,211.7501367734802,0.05683709084888544,0.004965367907804552,0.004953081124057457,0.18904090977330318,8423935.0,0.7636217515923378,0
2021-09-30,215.31314086914062,221.15147947863906,215.1971519776901,219.9818854915787,7128500,217.58758392333985,224.72775177001952,215.9798526763916,218.1395463987472,219.64373028904816,-1.5041838903009648,-2.0499174646184737,0.5457335743175089,46.40957942294442,217.58758392333985,223.50648662273335,211.66868122394635,0.05440478351447515,-0.01733717769825438,-0.017489226524643315,0.19717366720626614,8371480.0,0.8515220725606464,1
2021-10-01,222.76573181152344,223.8289977074397,216.00909880064032,216.68572523428702,7925400,217.89110107421874,224.4697122192383,216.09104972839356,218.85126723148198,219.87498966108336,-1.0237224296013778,-1.8446784576150546,0.8209560280136767,57.77126124389671,217.89110107421874,224.22535953567723,211.55684261276025,0.058141506745618715,0.03461280120804244,0.03402725160955466,0.2144709991967456,7782310.0,1.0183865715963512,0
2021-10-04,217.22702026367188,222.6400610791041,213.4378975926092,222.3210768945074,10283400,217.87273483276368,224.00668426513673,216.174986038208,218.60138308258814,219.67884377979362,-1.0774606972054812,-1.69123490553314,0.6137742083276587,52.041279760528255,217.87273483276368,224.2127437411513,211.53272592437608,0.05819919517009884,-0.02486339125327286,-0.02517770626388949,0.2335391985234965,7719880.0,1.332067337834267,0
2021-10-05,216.7920684814453,219.7885761466143,216.44408704129245,217.95200169883776,5814000,217.77655639648438,223.51121124267578,216.2427448272705,218.32302699010464,219.46500857250857,-1.141981582403929,-1.5813842409072978,0.4394026585033688,50.568898097406056,217.77655639648438,224.1210855121172,211.43202728085157,0.05826641049536984,-0.002002291343400131,-0.0020042986085794133,0.23283246750579387,7527450.0,0.7723731144012913,1
2021-10-06,218.94760131835938,219.05392938495294,213.86322001886347,214.62683813396245,5420900,217.651863861084,223.04572143554688,216.32065544128417,218.41911534829768,219.42668210923824,-1.0075667609405627,-1.4666207449139508,0.45905398397338804,52.53368256469287,217.651863861084,223.78771035155046,211.51601737061753,0.056382209475427776,0.009942858389667242,0.0098937534008796,0.23116046979214214,7265865.0,0.7460777209595829,1
2021-10-07,222.85267639160156,223.44231103405627,220.86145555787328,221.2674313322827,6561900,217.79975280761718,222.73536315917968,216.42915939331056,219.1012016626521,219.68045946348738,-0.5792578008352791,-1.2891481560982165,0.7098903552629374,59.89204701125879,217.79975280761718,224.295269255973,211.30423635926135,0.059646683383459374,0.017835660449022406,0.017678471352908755,0.2385490382819904,7301310.0,0.8987291321694326,0
2021-10-08,222.5821075439453,224.959968630722,222.49510111444675,223.2877313096072,3735200,218.05880737304688,222.40067474365233,216.55156455993654,219.63672564438951,219.89539635833611,-0.2586707139466,-1.0830526676678933,0.8243819537212933,61.867216570433506,218.05880737304688,224.8918613528873,211.22575339320645,0.06267166240298375,-0.0012141153161687734,-0.0012148529512790878,0.23439928750744607,7152300.0,0.522237601890301,0
2021-10-11,217.59434509277344,222.63040744344252,217.3623525648444,222.33074489719453,5620200,218.0820053100586,221.99576782226563,216.65162940979005,219.32251325183321,219.7249481164426,-0.4024348646093756,-0.9469291070561898,0.5444942424468142,55.13514968187044,218.0820053100586,224.9049306514439,211.25907996867332,0.06257210751235322,-0.022408640596536356,-0.022663529184611706,0.24900775285040747,7092905.0,0.7923692760582582,0
2021-10-12,216.5697479248047,218.66729735593418,215.47746999893485,218.02932893466414,5448200,218.13130264282228,221.6979821777344,216.73021018981933,218.89901089382883,219.49122958372868,-0.5922186898998518,-0.8759870236249223,0.2837683337250705,51.39546398376813,218.13130264282228,224.8921927733778,211.37041251226677,0.06198917852359857,-0.004708749060238215,-0.004719870143755477,0.24820933580521914,7036530.0,0.7742736831932785,0
2021-10-13,215.0328369140625,218.31931678004534,211.33070559039925,215.68046616267998,9076000,218.06605758666993,221.42139099121093,216.7821952819824,218.30421489694172,219.1609782748645,-0.856763377922789,-0.8721422944844957,0.015378916561706646,43.13542142107728,218.06605758666993,224.92431032530516,211.2078048480347,0.06290068995179986,-0.007096609870349102,-0.007121910576727689,0.24927060241905644,7163540.0,1.266971357736538,1
2021-10-14,217.66200256347656,218.11631205025594,215.61278683543355,216.63739469945506,5590500,218.10713729858398,221.2054913330078,216.83895347595214,218.20541299948556,219.0499430369839,-0.8445300374983447,-0.8666198430872656,0.02208980558892093,42.3780797974,218.10713729858398,224.9442887364153,211.26998586075266,0.06269534800662126,0.012226810040481428,0.01215266634736661,0.2530430211984779,7146640.0,0.7822557173720798,1
2021-10-15,223.27804565429688,223.37469814948255,219.16026292639822,219.6339088256654,6355100,218.5537124633789,221.03357025146485,216.90459175109862,218.9858180233027,219.36313582345153,-0.37731780014883043,-0.7687594344995786,0.3914416343507482,51.51517967238187,218.5537124633789,225.52212495851182,211.58529996824598,0.06376842028067181,0.02580166967444164,0.02547442365199651,0.26434290805550564,6775025.0,0.9380186788978638,0
2021-10-18,222.94937133789062,224.98892617009918,220.52317705144387,222.49506186701836,5580200,219.06601486206054,220.83210174560546,216.9668063354492,219.59559545631623,219.62878289859515,-0.03318744227891557,-0.6216450360554461,0.5884575937765305,56.03509202747947,219.06601486206054,225.72302319459183,212.40900652952925,0.06077627638155571,-0.001472040457193624,-0.00147312497317903,0.2621902037781244,6612905.0,0.8438348955564914,1
2021-10-19,225.72357177734375,225.8395606688813,222.9783784330354,224.20598161609246,4409700,219.71122970581055,220.71314544677733,217.0475595855713,220.5383610441666,220.08024874146543,0.4581123027011813,-0.4056935683041206,0.8638058710053019,57.786917505589926,219.71122970581055,226.3202366345743,213.10222277704682,0.06016084783297674,0.012443185745738994,0.01236640558045807,0.2644152260796499,6481710.0,0.6803297278033111,0
2021-10-20,223.69366455078125,225.99420909359304,223.58733648999544,225.66556408729124,5401800,220.13025588989257,220.59085083007812,217.13380218505858,221.02379235287657,220.34790917178512,0.6758831810914501,-0.18937821842500652,0.8652613995164566,60.29935731452283,220.13025588989257,226.6268957144302,213.63361606535494,0.059025414732513576,-0.008992889889961608,-0.009033569995708977,0.2656575649588963,6451505.0,0.8372930037254873,0
2021-10-21,222.55308532714844,223.1233837209833,218.74462598641284,222.9977192530923,5982200,220.22353515625,220.50385498046876,217.22343681335448,221.25906819507225,220.5112555536639,0.747812641408359,-0.0019400464583334276,0.7497526878666925,49.69067515208767,220.22353515625,226.8068573674702,213.6402129450298,0.05978763538192498,-0.0050988445556708895,-0.005111888020195055,0.2523600630472044,6352980.0,0.9416368381452483,1
2021-10-22,223.51004028320312,225.04696699077178,221.07418483033746,222.6014212137612,3788000,220.20613708496094,220.49303009033204,217.3121297454834,221.60537159324622,220.733387755852,0.8719838373942252,0.1728447303121783,0.699139107082047,60.54519155614333,220.20613708496094,226.75074255846906,213.66153161145283,0.059440718230146725,0.004299895257115827,0.004290677122732661,0.2475288165543408,6219320.0,0.6090698018432883,1
2021-10-25,226.071533203125,227.01881014870347,224.53460677945645,225.65588179629984,4938700,220.41299209594726,220.5168081665039,217.40573837280274,222.29247337938142,221.12880593713146,1.1636674422499595,0.3710092726997346,0.792658169550225,64.5366567498971,220.41299209594726,227.431935243525,213.39404894836952,0.06368901470674061,0.011460303602810251,0.011395131776771115,0.24848881153089925,6122200.0,0.8066871386103035,0
2021-10-26,224.08035278320312,229.0487456748789,223.60670684969944,227.66648067471806,7814500,220.7155433654785,220.4483721923828,217.50170974731446,222.56753174920013,221.34743903684048,1.2200927123596443,0.5408259606317165,0.6792667517279278,58.08228078032765,220.7155433654785,227.82296506685753,213.60812166409949,0.06440345426520311,-0.008807745016409463,-0.008846762475384887,0.24161032424345585,6165355.0,1.2674858138744647,0
2021-10-27,208.57582092285156,217.24634357959116,208.45983204429143,217.24634357959116,22958100,220.18873825073243,220.0858920288086,217.53955101013185,220.41496085283882,220.40139325061907,0.013567602219751507,0.4353742889493235,-0.421806686729572,33.53401469966077,220.18873825073243,229.1235801186618,211.25389638280305,0.08115621115694965,-0.0691918397475576,-0.07170208066887743,0.34757606567092114,6991625.0,3.2836572327606244,0
2021-10-28,202.8341522216797,212.64528707671985,202.0318613301314,211.92998785128702,23199400,219.56478881835938,219.66464172363283,217.54632606506348,217.7102210634297,219.1001161373643,-1.3898950739345821,0.07032041637254238,-1.4602154903071245,29.77624833266036,219.56478881835938,231.25214676347989,207.87743087323886,0.10645930987403611,-0.02752796884973363,-0.02791396364576171,0.35524904542169145,7795170.0,2.976124959430006,1
2021-10-29,204.69972229003906,206.53628183632273,201.57755041226704,202.2251943647664,14329800,218.66148834228517,219.28186309814453,217.59847099304199,215.70860586752343,218.0334202968217,-2.3248144292982715,-0.40870655276162043,-1.916107876536651,35.89255355094268,218.66148834228517,231.98521649603904,205.3377601885313,0.12186625321874121,0.009197514560173703,0.009155474999503192,0.33039322995424375,8115390.0,1.7657561743797896,1
2021-11-01,205.36666870117188,208.06351332493858,204.39037982624302,206.36227922261625,13210300,218.06847076416017,218.9164825439453,217.65525009155274,214.11753861116165,217.09514240084764,-2.977603789685986,-0.9224860001464936,-2.0551177895394925,37.64652198624806,218.06847076416017,232.6567815877631,203.48015994055723,0.133795690614808,0.0032581695943281197,0.003252873260892313,0.32181884900323604,8261735.0,1.598974065374888,0
2021-11-02,202.15750122070312,206.22694962790197,200.88157935804088,206.04329074441426,14688700,217.33674240112305,218.4331753540039,217.69564628601074,212.2775328587834,215.9886504615777,-3.711117602794303,-1.4802123206760556,-2.230905282118248,36.30751975012705,217.33674240112305,233.56998043683086,201.10350436541523,0.14938328288501973,-0.01562652547643162,-0.01574990665968317,0.3250986961446447,8705470.0,1.687295459061946,0
2021-11-03,201.1522674560547,203.1338132547981,199.8279969828048,202.68917932166235,11486700,216.4469757080078,217.92782958984375,217.71008415222167,210.5659535660559,214.88965912783524,-4.323705561779349,-2.048910968896714,-2.2747945928826345,31.814328261878032,216.4469757080078,234.1891007143697,198.70485070164594,0.16393968960135927,-0.004972527650858649,-0.0049849318035573055,0.3213394787712526,9008760.0,1.2750589426291743,1
2021-11-04,201.8095245361328,205.27000193620873,200.92990288918298,202.17684231163904,11368200,215.3948181152344,217.4675277709961,217.73199478149414,209.21881063837543,213.92076026919062,-4.701949630815193,-2.57951870128041,-2.122430929534783,23.45197315612522,215.3948181152344,234.01173465755156,196.77790157291722,0.17286317939512622,0.0032674604586384604,0.0032621339094195505,0.3122234776631116,9249075.0,1.229117506345229,1
2021-11-05,209.43614196777344,210.36409740283432,204.3034267237228,204.8737251398726,14273600,214.73751983642578,217.19977630615233,217.80705215454103,209.25224622751358,213.58856632093747,-4.336320093423893,-2.9308789797091066,-1.4054411137147866,35.844480341061185,214.73751983642578,233.21372578030977,196.26131389254178,0.17208176715422688,0.03779116693907647,0.037094576582727586,0.3468720379464217,9775995.0,1.4600662132089879,1
2021-11-08,213.1286163330078,214.21121873528904,210.8667295291681,211.07938567952357,13500100,214.5142333984375,216.96392333984375,217.90557594299315,209.8486108591281,213.5544959514612,-3.7058850923331192,-3.085880202233909,-0.6200048900992101,37.05543300675375,214.5142333984375,232.9529704664695,196.0754963304055,0.1719115489533414,0.017630549964019915,0.017476934737220975,0.34597969752106783,10169990.0,1.3274447664156994,0
2021-11-09,206.26564025878906,213.05127070079763,205.81133076449208,212.35530784780443,11535000,213.99902801513673,216.61903533935546,217.9648285675049,209.29738461292206,213.014580714967,-3.7171961020449373,-3.212143382196115,-0.5050527198488224,33.706843204883015,213.99902801513673,232.76878972312574,195.22926630714773,0.17541913047064278,-0.03220110087655026,-0.03273096212775085,0.36341656335633743,10474330.0,1.101263756249803,1
2021-11-10,208.72996520996094,210.07592237979398,206.57062704008058,206.78365750799486,10063600,213.68388442993165,216.36461212158204,218.0702794647217,209.2100893201588,212.69720178867024,-3.487112468511441,-3.2671371994591807,-0.21997526905226028,37.38913611924076,213.68388442993165,232.59170367933908,194.77606518052423,0.17697000688516987,0.011947336202384529,0.011876530185474127,0.3662756455640466,10523710.0,0.9562787267988191,0
2021-11-11,203.75283813476562,209.9113220534734,203.50108155683458,209.61114677104797,13546900,212.9884262084961,215.99092681884767,218.13520568847656,208.3705122147137,212.03465633282545,-3.66414411811175,-3.3465385831896945,-0.31760553492205545,33.20724579262918,212.9884262084961,232.29906549321373,193.67778692377846,0.18133040962342523,-0.023844813418086974,-0.024133702563222698,0.37104977649509296,10921530.0,1.2403848178780812,1
2021-11-12,205.36993408203125,206.8127288163263,204.73084260708322,204.79863175229664,7660500,212.0930206298828,215.7644177246094,218.23213317871094,207.90888480968565,211.54097320313699,-3.6320883934513404,-3.403648545242024,-0.2284398482093164,32.11746506928148,212.0930206298828,231.0523059898526,193.133735269913,0.17878273696761662,0.007936556673610928,0.007905227860458382,0.3578201416489936,10986800.0,0.6972457858521135,1
2021-11-15,205.5732879638672,209.54337080162725,205.09880827049886,206.85145614604306,9596900,211.22421646118164,215.52399658203126,218.30548805236816,207.54956221802126,211.09892244467255,-3.549360226651288,-3.432790881523877,-0.11656934512741124,33.503626979932264,211.22421646118164,229.6744855000623,192.77394742230098,0.17469842566343632,0.0009901833135648186,0.0009896934054401496,0.35815062103673023,11187635.0,0.8578131124227775,1
2021-11-16,208.36203002929688,208.81713929500592,204.9535716152538,205.43772915108764,8719600,210.35613937377929,215.31692443847658,218.37233551025392,207.6745572659098,210.89618967316326,-3.221632407253452,-3.390559186669792,0.16892677941634027,49.75357536450127,210.35613937377929,227.52311305874653,193.18916568881204,0.1632181854646368,0.01356568303718464,0.013474492937425588,0.358847402516372,11403130.0,0.7646672448704873,0
2021-11-17,198.56268310546875,200.74139198241411,193.14012765470494,199.42448291467008,38379600,209.09959030151367,214.8593490600586,218.39620132446288,206.2727304719958,209.98259659407478,-3.709866122078978,-3.4544205737516296,-0.25544554832734834,45.49767256040229,209.09959030151367,225.82943380669198,192.36974679633536,0.16001794629109037,-0.047030387074124214,-0.04817226153841879,0.3902510674732717,13052020.0,2.9405103577836993,0
2021-11-18,196.8874969482422,201.2836406861015,194.89277034922307,199.95705382225796,18292200,207.81631088256836,214.39920104980467,218.37372428894042,204.82884839141832,209.012589212902,-4.183740821483667,-3.6002846232980374,-0.5834561981856297,41.73236865630765,207.81631088256836,224.13336026066426,191.49926150447246,0.1570333850004319,-0.008436560843291807,-0.008472350056799157,0.3903686166969721,13667520.0,1.3383700920137669,0
2021-11-19,194.49578857421875,197.05214007060854,193.51779555686454,195.63839339992066,18032600,206.36559829711913,213.94109649658202,218.34159843444823,203.23914688107993,207.93727064707357,-4.698123765993643,-3.819852451837159,-0.8782713141564837,38.900608162804915,206.36559829711913,221.95048172129555,190.78071487294272,0.15104148707710238,-0.012147588907853168,-0.01222197387847598,0.3890800469255179,14379750.0,1.2540273648707383,0
2021-11-22,189.383056640625,195.30913993680912,188.43411204179827,193.66300732957075,21185800,204.53117446899415,213.38614990234376,218.29295562744142,201.1074406902407,206.5628844243737,-5.4554437341329844,-4.146970708296324,-1.3084730258366601,37.4450599713865,204.53117446899415,218.94243792841874,190.11991100956956,0.14091996974876084,-0.026287108687922833,-0.026638791573845765,0.3888645984219614,15192105.0,1.3945269598913383,1
2021-11-23,192.20083618164062,192.6172045102716,188.2210612199042,190.7289933478375,14742700,202.93719863891602,212.91849060058593,218.2601820373535,199.73719384276376,205.49902899898606,-5.761835156222304,-4.469943597881521,-1.291891558340783,41.50504057920395,202.93719863891602,215.12479487393992,190.7496024038921,0.12011199835974047,0.014878730922390115,0.014769128432060867,0.39762660091544344,15538515.0,0.9487843593805457,1
2021-11-24,196.81004333496094,197.48786094734905,191.37779505337448,191.89100087241945,12026800,202.3489097595215,212.52793670654296,218.2508396911621,199.28686299540948,204.8554004312805,-5.568537435871008,-4.6896623654794185,-0.8788750703915893,45.58651268147178,202.3489097595215,214.5263645898592,190.17145492918377,0.12036096309893476,0.023981202396873735,0.023698169414520635,0.3385579244196876,14991950.0,0.8022171898919087,0
2021-11-26,191.38746643066406,192.87867990294242,186.44906847097073,187.1946752071099,10987600,201.7765754699707,212.01887786865234,218.19250389099122,198.07157121621788,203.8577756904941,-5.786204474276218,-4.908970787238779,-0.8772336870374389,33.42169764883832,201.7765754699707,214.8974377491857,188.6557131907557,0.13005337461649713,-0.027552338348241334,-0.0279390232907426,0.33858165521331174,14381360.0,0.7640167550217782,0
2021-11-29,190.07054138183594,194.87339019536677,189.17001554041306,194.63131144978246,14633500,201.04511642456055,211.5333578491211,218.1309571838379,196.8406435493899,202.83649907503792,-5.995855525648011,-5.126347734920626,-0.8695077907273854,27.85393628595814,201.04511642456055,215.07914782984741,187.01108501927368,0.1396107665271536,-0.006880936737334475,-0.006904719543973707,0.33589864796979907,14396545.0,1.0164591573881094,0
2021-11-30,187.6304168701172,191.39716193390913,186.45874912416767,189.08288948765107,16023000,200.1583038330078,211.03189971923828,218.0671379852295,195.42368559873256,201.71012261541418,-6.286437016681617,-5.358365591272824,-0.9280714254087936,30.440073442737216,200.1583038330078,215.24459106526652,185.0720166007491,0.15074355590907895,-0.012837994220349702,-0.012921113423707598,0.3364707210272614,14537180.0,1.1022082687288732,0
2021-12-01,184.1348114013672,190.57410120136723,184.07671485675502,189.8188165707762,13204900,199.257169342041,210.45821044921874,217.9877202606201,193.6869357222148,200.40824771066997,-6.72131198845517,-5.630954870709293,-1.090357117745877,24.731444746061584,199.257169342041,215.91215720724648,182.60218147683554,0.16717077654170465,-0.01863027075812418,-0.01880600026721079,0.3379783852220322,14462990.0,0.9130131459677425,1
2021-12-02,192.00717163085938,193.12074272738474,185.7712355466365,185.91647688407653,13976300,198.79991455078124,209.99209106445312,217.93879653930665,193.4285104773909,199.78594577883217,-6.357435301441285,-5.776250956855693,-0.5811843445855924,38.61031671251557,198.79991455078124,215.73561573789337,181.8642133636691,0.17037936083001778,0.04275324241830858,0.04186456357779215,0.37716962678653554,14587470.0,0.9581030843593852,0
2021-12-03,190.09962463378906,192.18149615700898,187.89185264606647,191.98783609501666,10660500,198.21441955566405,209.3803335571289,217.90260108947754,192.91637419375985,199.06844050882896,-6.152066315069106,-5.851414028498375,-0.30065228657073106,35.27544021910094,198.21441955566405,215.51769934461922,180.91113976670889,0.17459153403414154,-0.009934769523805231,-0.009984448654216922,0.3776096006410885,14552085.0,0.7325754350665213,1
2021-12-06,196.25808715820312,197.74930060874402,191.47462322450653,192.47198654355623,10722100,197.55551681518554,208.82833526611327,217.87989601135254,193.43048388059728,198.86026618656038,-5.429782305963101,-5.7670876839913205,0.33730537802821914,41.943025319880434,197.55551681518554,214.0440053708404,181.06702825953067,0.1669251137246646,0.032395974143967,0.03188228934286954,0.37034940701847247,14374510.0,0.7459106432149687,1
2021-12-07,200.7994842529297,201.35143091550657,199.36638213698257,199.47289738193697,11897200,196.93906021118164,208.4056362915039,217.86163215637208,194.5641762455715,199.0039119692544,-4.439735723682901,-5.501617291929637,1.0618815682467364,43.65142375070676,196.93906021118164,211.819532980907,182.05858744145627,0.1511175360923196,0.02313992335544235,0.022876255089854337,0.3749053105571731,14294365.0,0.8323000007345552,1
2021-12-08,202.36814880371094,202.84261367789657,199.1920769170271,201.08028813391022,11749200,196.74418563842772,208.09241271972655,217.8159329223633,195.76478740836217,199.25311469773266,-3.4883272893704884,-5.098959291417808,1.6106320020473195,53.70684317182529,196.74418563842772,211.20659147577055,182.2817798010849,0.14701736460889908,0.007812094521145951,0.007781738106366894,0.3597569996870263,14305075.0,0.8213308913095527,1
2021-12-09,204.692138671875,205.47647157819162,200.605847562751,201.9130789234898,10176800,196.54229431152345,207.8040170288086,217.80922828674318,197.13822606428724,199.65600536248394,-2.5177792981967,-4.582723292773586,2.064943994576886,57.507483485253644,196.54229431152345,210.40030708541184,182.68428153763506,0.14101812357927565,0.011483970584808878,0.011418530327390321,0.3595444883977633,14310735.0,0.7111304905024095,1
2021-12-10,206.63841247558594,207.46148612529853,204.17889890784082,205.1859399939619,8882700,196.68657302856445,207.6305224609375,217.8188094329834,198.59979320448704,200.1732207041952,-1.5734274997081457,-3.9808641341604987,2.407436634452353,61.7812583924065,196.68657302856445,210.91578533422526,182.45736072290364,0.14468920868934276,0.00950829776042772,0.009463378410502996,0.35048590432878374,14077525.0,0.6309844947886791,0
2021-12-13,204.33387756347656,206.5610054776941,203.32682148168135,205.71856120679826,8844300,196.63477020263673,207.26188537597656,217.7964331817627,199.481960028947,200.48141750858642,-0.9994574796394318,-3.3845828032562855,2.3851253236168537,65.34190176781112,196.63477020263673,210.737861541976,182.53167886329746,0.14344453246804426,-0.011152500082150296,-0.011215155489686586,0.35197526174511434,14136715.0,0.6256262505115227,0
2021-12-14,203.32679748535156,206.6093850336859,201.8452765867866,204.05303379936637,9832300,196.52244567871094,206.98388092041014,217.7731664276123,200.07347348377846,200.6921863957542,-0.6187129119757344,-2.8314088250001754,2.212695913024441,61.85763699727282,196.52244567871094,210.35905177085542,182.68583958656646,0.14081451148603716,-0.004928600632130409,-0.004940786239374884,0.35237697673018253,14148485.0,0.6949365956849797,1
2021-12-15,205.5829620361328,205.75726642501942,201.2739630997125,202.76516174753672,10892500,196.38349227905275,206.7596987915039,217.76561447143555,200.9210871072176,201.05446607281928,-0.13337896560167906,-2.291802853120476,2.158423887518797,59.84356231141256,196.38349227905275,209.76790160547267,182.99908295263282,0.13630890428815923,0.011096247905757695,0.01103513620511432,0.3511938435610353,14257130.0,0.7640036949933121,1
2021-12-16,207.5776824951172,209.41748986627266,204.90513840556272,208.46853052496866,8548400,196.83424224853516,206.53230041503906,217.78418128967286,201.945178705356,201.5376672892858,0.40751141607020713,-1.7519399992823395,2.159451415352547,69.67991815258696,196.83424224853516,211.1054792256251,182.56300527144523,0.14500766547591018,0.009702751819646416,0.009655982407851626,0.30622692541653396,12765570.0,0.6696449903921251,0
2021-12-17,205.16659545898438,206.4544562355717,201.20617571507015,206.05744352298836,11578400,197.24819717407226,206.17857879638672,217.7718486022949,202.4407812828373,201.80647678333756,0.6343044994997342,-1.2746910995259249,1.908995599025659,67.87445504985627,197.24819717407226,211.99819859009608,182.49819575804844,0.14955778179312726,-0.01161534808150455,-0.011683333196971695,0.3079218267353728,12429880.0,0.931497327407827,0
2021-12-20,202.12611389160156,203.12347733461053,200.30567664402005,202.4650153358891,9434400,197.6297134399414,205.76945892333984,217.72089096069337,202.39237091495488,201.83015360617193,0.5622173087829481,-0.9073094178641504,1.4695267266470986,66.92300840815163,197.6297134399414,212.474377897694,182.7850489821888,0.15022705036976955,-0.014819574115273793,-0.0149304810972313,0.30971845010755156,11999970.0,0.7862019655049137,1
2021-12-21,208.5557098388672,209.31099443075965,203.69476392605193,203.93684269974352,6993700,198.5883460998535,205.58868621826173,217.7016473388672,203.3405769032491,202.32834295674195,1.0122339465071377,-0.5234007449898929,1.5356346914970307,76.682298116557,198.5883460998535,213.66513073550152,183.5115614642055,0.1518395709692567,0.03180982320133929,0.031314370234090845,0.30772991665172267,11290365.0,0.6194396726766583,1
2021-12-22,211.05392456054688,212.00286903649933,207.0741496842335,207.0741496842335,6003400,199.53100051879883,205.47836975097655,217.6813520050049,204.5272457736026,202.97468233480157,1.5525634388010303,-0.10820790823170823,1.6607713470327385,73.57959289458313,199.53100051879883,215.26924246130733,183.79275857629034,0.15775234827257548,0.011978644572281594,0.011907468441316446,0.30666679699397753,10853400.0,0.5531354230010872,0
2021-12-23,209.7563934326172,211.5962008228976,209.7563934326172,211.51873384880338,4798200,200.17831802368164,205.37284088134766,217.64020698547364,205.33173002883564,203.47703130501014,1.8546987238254928,0.28437341817973205,1.5703253056457607,74.70796776559474,200.17831802368164,216.49952080151877,183.8571152458445,0.1630666391742415,-0.006147865435960909,-0.0061668413749933985,0.300341109580415,10491970.0,0.4573211703807769,1
2021-12-27,210.7344207763672,211.20888572104562,208.07155424081265,210.78282471130635,4818400,201.1456657409668,205.23428924560548,217.6125789642334,206.16291322076356,204.01461571029583,2.148297510467728,0.6571582366373313,1.4911392738303966,70.92090981781328,201.1456657409668,217.56612721931845,184.72520426261514,0.1632693542549184,0.00466268192232322,0.004651845293082859,0.2772471273253688,10183510.0,0.4731570941649785,1
2021-12-28,211.14108276367188,212.76784482574482,208.7493435989489,209.16571194508165,4279800,202.1991928100586,204.99154998779298,217.5922373199463,206.92878545813406,204.54250215869405,2.3862832994400094,1.002983249197867,1.3833000502421424,66.97401605369598,202.1991928100586,218.32893965573112,186.0694459643861,0.1595431378484724,0.0019297368973065776,0.0019278773469711145,0.27399706739448154,9665825.0,0.4427764831248238,1
2021-12-29,211.25726318359375,212.00286980505876,210.44388220125722,210.86025052246057,3223100,203.38053512573242,204.75770782470704,217.5655847930908,207.59470510820478,205.03989186424218,2.554813243962599,1.3133492481508133,1.2414639958117855,65.32048905053821,203.38053512573242,218.443137797101,188.31793245436384,0.14812236246754576,0.0005502501853318353,0.0005500988532097472,0.26618068860148913,9025830.0,0.3570973528196299,0
2021-12-30,210.96676635742188,212.2062082698544,210.26957843476444,211.0636037593016,3812800,204.72213287353514,204.4625717163086,217.5455767059326,208.1134837619305,205.4789196044777,2.634564157452786,1.577592230011208,1.056971927441578,61.629565693496716,204.72213287353514,217.10926396024308,192.3350017868272,0.12101408785497515,-0.0013750856268520684,-0.0013760319246858353,0.2515820412057393,8556225.0,0.4456170799622497,0
2021-12-31,209.84356689453125,211.0733164044265,208.66222131824668,209.9403895370681,4723300,205.61395263671875,204.1855697631836,217.5313265991211,208.3796503977152,205.80222681114833,2.57742358656688,1.7775585013223423,0.7998650852445377,56.127470570766974,205.61395263671875,216.6402067211177,194.5876985523198,0.10725200253195136,-0.005324058771359663,-0.005338282078537721,0.2162118547909898,8093575.0,0.5835863632572751,1
2022-01-03,214.4140167236328,215.02405999666456,210.134065530651,210.62791571370207,7694500,206.82967224121094,204.0227883911133,217.60624465942382,209.30801444785635,206.44013717503609,2.867877272820266,1.9956222556219272,0.8722550171983388,67.7343027694647,206.82967224121094,215.828901416407,197.83044306601488,0.08702067820037827,0.021780271355179126,0.02154646999199149,0.21735908255536804,7945275.0,0.9684372158295339,1
2022-01-04,215.41139221191406,219.60418375934185,214.781978506699,214.96596074706468,10629300,207.78733749389647,203.8608154296875,217.68084838867188,210.2469956423268,207.10467458517522,3.1423210571515767,2.224962015927857,0.9173590412237198,71.2680663197074,207.78733749389647,216.10003100969192,199.47464397810103,0.08001155042510347,0.00465163380417799,0.004640848389254654,0.1939306257656931,7940635.0,1.3385957168412854,0
2022-01-05,213.02932739257812,218.13235223584343,212.95186040957924,215.5856787302764,9594600,208.3988296508789,203.59997131347657,217.7428187561035,210.675046680827,207.54353775609397,3.1315089247330263,2.406271397688891,0.7252375270441354,63.04727825335095,208.3988296508789,216.33806017285914,200.45959912889865,0.07619265938566433,-0.011058211893419934,-0.011119808437932678,0.18881438564923445,7825505.0,1.2260678384334303,0
2022-01-06,212.78720092773438,214.87876467405476,210.6569110862508,210.89898981313104,7877500,208.91978225708007,203.3741082763672,217.80396392822266,210.99999348804351,207.93195725028954,3.0680362377539723,2.5386243657019074,0.5294118720520649,59.72524088708202,208.91978225708007,216.55432866707733,201.28523584708282,0.073085911994708,-0.00113658747275458,-0.00113723387814012,0.18847828314024578,7631920.0,1.0321780102516798,0
2022-01-07,210.0856475830078,213.2229790057939,208.80746457719448,210.42454899795604,10702100,209.18945770263673,203.4043048095703,217.85208335876465,210.8593248872688,208.0914898675279,2.767835019740886,2.5844664965097035,0.18336852323118258,59.08447128165792,209.18945770263673,216.5721072693233,201.80680813595015,0.070583380709185,-0.012696033092911674,-0.012777316437943925,0.1928205406697017,7658185.0,1.3974721164348993,0
2022-01-10,205.2537384033203,207.41307678641658,199.95705399913876,207.20004629746737,11978600,209.12022399902344,203.45269653320312,217.84924697875977,209.99692696666136,207.8812860553644,2.115640911296964,2.490701379467156,-0.3750604681701919,55.417603643664336,209.12022399902344,216.6285055040592,201.61194249398767,0.07180827718576689,-0.022999711000145084,-0.02326833113606652,0.2085137475844282,7812980.0,1.533166602243958,1
2022-01-11,207.58740234375,208.13933428480848,202.1261056003459,204.72118305717225,8803100,209.28290023803712,203.51045013427733,217.8533558654785,209.62623087082883,207.8595168915411,1.7667139792877435,2.3459038994312738,-0.5791899201435302,48.04535970445225,209.28290023803712,216.48946218722594,202.0763382888483,0.06886909480891294,0.011369653768956267,0.011305505030257587,0.20822717535623,7810920.0,1.1270247294812903,1
2022-01-12,208.87522888183594,210.68597314938663,207.0354215718684,207.68419082935813,6923300,209.56032180786133,203.58062133789062,217.8764826965332,209.51069210329146,207.9347548167481,1.5759372865433647,2.191910576853692,-0.6159732903103272,45.37609935963658,209.56032180786133,216.20690103474905,202.9137425809736,0.06343356575851934,0.00620377982259912,0.006184615600125466,0.20786362918759635,7665470.0,0.9031801050685737,0
2022-01-13,208.187744140625,213.4941066914,207.85852055643187,209.97913296544968,8867700,209.69056091308593,203.70122619628907,217.89699150085448,209.30716164749663,207.9534947666649,1.3536668808317245,2.0242618376492985,-0.670594956817574,46.58231753332974,209.69056091308593,216.1070882153757,203.27403361079615,0.061199963168102244,-0.0032913655912729656,-0.0032967940496341835,0.20524545847059666,7564230.0,1.172320249384273,0
2022-01-14,207.8682098388672,211.3347798215787,206.93863557637218,207.38405226768373,8838100,209.70508728027343,203.8355450439453,217.89117851257325,209.08578444616904,207.94717736460584,1.1386070815632081,1.8471308864320806,-0.7085238048688725,43.57078705833388,209.70508728027343,216.1027619461864,203.30741261436046,0.06101592239736561,-0.0015348372358652274,-0.0015360163051429162,0.20257303967361337,7578715.0,1.166173949013784,1
2022-01-18,208.87522888183594,210.03720389189687,207.5389494938432,209.03984065385745,9099300,209.89051895141603,203.97685913085937,217.87989418029784,209.05339128242548,208.0159219214377,1.0374693609877852,1.6851985813432215,-0.6477292203554363,45.05075067808666,209.89051895141603,215.9398199850354,203.84121791779666,0.05764244201063338,0.004844507218055849,0.004832810354777032,0.19827731644317678,7454760.0,1.2206026753376367,0
2022-01-19,207.87789916992188,211.31542107053392,205.38933679954891,206.25113673291318,9399800,210.17810821533203,203.94569427490234,217.8655029296875,208.87254634204032,208.005698013918,0.8668483281223303,1.5215285306990434,-0.6546802025767131,42.89214364757203,210.17810821533203,215.11843006688662,205.23778636377745,0.047010812814939976,-0.004774762987708181,-0.004786198584533263,0.19073039151166168,7453030.0,1.2612051742714037,0
2022-01-20,207.55831909179688,212.64197266867475,207.16130640924158,207.91659090149545,8532700,210.12823867797852,203.83428833007812,217.8465258026123,208.67035753431057,207.9725588345016,0.6977986998089705,1.3567825645210287,-0.6589838647120583,42.839732534955736,210.12823867797852,215.15686377269424,205.0996135832628,0.04786243987341548,-0.0015373451405903404,-0.0015385280681650757,0.15347201268132118,7529980.0,1.1331637003019928,0
2022-01-21,199.4051055908203,208.76872486534668,199.29860512259424,208.63316135314162,16200200,209.5457977294922,203.69707763671875,217.77989059448242,207.244934158389,207.33793266830298,-0.09299850991399694,1.0668263496340236,-1.1598248595480205,33.07155629484858,209.5457977294922,216.4657539784026,202.62584148058178,0.06604719659273292,-0.03928155487408158,-0.04007389407768552,0.20027021034248388,8039820.0,2.0149953605926503,0
2022-01-24,195.45440673828125,196.29683613809945,189.4508413627423,195.77393771555901,16054000,208.8306983947754,203.43156646728517,217.6847304534912,205.4310068629878,206.45767148830137,-1.0266646253135718,0.6481281546445045,-1.6747927799580764,18.62174124073894,208.8306983947754,218.18628363523007,199.47511315432072,0.08959971222974883,-0.01981242576930753,-0.020011323356381318,0.20902025961507853,8602610.0,1.866177822777041,1
2022-01-25,195.5996551513672,198.872565000318,190.74840169667732,193.2950604269281,12125500,208.0739601135254,203.26850280761718,217.5953569793701,203.91849121504617,205.6533739818618,-1.7348827668156162,0.1715259703524803,-1.9064087371680964,16.259807243743523,208.0739601135254,219.08339551217358,197.06452471487722,0.10582232772079138,0.000743131943197417,0.0007428559573757062,0.2074619054562947,8967965.0,1.3520904686849247,1
2022-01-26,199.34703063964844,204.1789284466676,197.21674031347086,197.80741313246392,10817600,207.48425750732423,203.14804473876953,217.52688903808593,203.21518958806192,205.18623743799415,-1.9710478499322335,-0.2569887937044625,-1.714059056227771,27.733944521284386,207.48425750732423,219.05130230529323,195.91721270935523,0.11149804748498267,0.019158395168852982,0.01897718393589242,0.22209172513695422,9294855.0,1.163826654638507,1
2022-01-27,199.61813354492188,204.27574115763537,199.32765086196457,202.86199474088036,12009800,206.9023010253906,203.02894165039064,217.45514991760254,202.66179635065575,204.77378529776658,-2.111988947110831,-0.6279888243857362,-1.4840001227250945,28.589347167699344,206.9023010253906,218.8354513384601,194.96915071232112,0.11535058096434683,0.0013599545696945103,0.0013590306690257907,0.22227109205337098,9734190.0,1.2337749725452247,1
2022-01-28,220.77586364746094,220.8920567423318,209.2529187794967,213.64906324747759,26425300,207.39275588989258,203.2772183227539,217.46847557067872,205.44857593477963,205.959124434781,-0.510548500001363,-0.6045007595088616,0.09395225950749864,60.861895536383166,207.39275588989258,220.75054726724338,194.0349645125418,0.12881637374492108,0.10599102259303383,0.1007417860627098,0.4455617706798508,10864815.0,2.4321905158992583,0
2022-01-31,219.00384521484375,219.20719790631566,215.01439135166405,218.40349452386897,12380600,207.85076980590821,203.6860415649414,217.47231468200684,207.5340019778664,206.92540004811897,0.6086019297474365,-0.36188022165760203,0.9704821514050386,64.89724662958034,207.85076980590821,222.15690165700946,193.54463795480697,0.1376577230333124,-0.008026323182894535,-0.008058707515963538,0.446304441183098,11247680.0,1.10072477168625,1
2022-02-01,224.9976806640625,227.1763894786793,219.24588702942376,219.71067410612054,12247200,208.37995300292968,204.2482452392578,217.50911109924317,210.22072177574273,208.2640875011518,1.9566342745909253,0.10182267759210345,1.854811596998822,67.4766905979387,208.37995300292968,224.38982058727618,192.3700854185832,0.1536603435563824,0.02736863110023835,0.02700080627056133,0.4499328578080602,11475315.0,1.0672648201814068,1
2022-02-02,227.96072387695312,228.3771070253683,222.72213598899305,223.97127065892371,10590500,209.00741958618164,204.9175439453125,217.57281951904298,212.94995286823666,209.72309760306302,3.22685526517364,0.7268291951084108,2.5000260700652293,68.53492821123044,209.00741958618164,227.03425046470608,190.9805887076572,0.1724994348450993,0.013169216696569785,0.013083256426203461,0.45141691826213914,11473375.0,0.9230501051347141,0
2022-02-03,224.20367431640625,226.09190060324892,223.2450518126475,225.65614698301383,9968000,209.56613693237304,205.61395629882813,217.59764572143555,214.6812946294935,210.79573291516252,3.8855617143309757,1.358575698952924,2.5269860153780517,64.67876000405,209.56613693237304,228.7719398586155,190.36033400613059,0.1832910908926108,-0.016481126646074484,-0.016618451348409048,0.45409166842347487,11492045.0,0.8673826111888702,0
2022-02-04,221.1534881591797,222.92550658974577,217.8224818050216,221.26000341266672,10848100,209.9844512939453,206.1930093383789,217.60664237976073,215.67701671098368,211.56297404434898,4.1140426666347025,1.9096690924892799,2.2043735741454227,61.595686817474984,209.9844512939453,229.83913564530243,190.1297669425882,0.18910623361882806,-0.0136045324258246,-0.013697922059250777,0.45771546276186037,11640575.0,0.9319213183197566,0
2022-02-07,219.9624481201172,222.63499231246865,218.84887695848454,220.77582920796567,5984500,210.4782913208008,206.65605743408204,217.5979726409912,216.3363138508504,212.1851573092207,4.151156541629689,2.3579665823173617,1.7931899593123273,59.646184947739414,210.4782913208008,230.8287106948259,190.12787194677568,0.19337309559405333,-0.005385581068498513,-0.005400135590112081,0.4552660433960093,11404695.0,0.5247400303120776,1
2022-02-08,220.7177276611328,221.2599817073938,217.62880038834467,219.09095074703518,7542000,211.2514907836914,207.24266265869142,217.5914408111572,217.01037751397075,212.8171995575105,4.193177956460261,2.7250088571459417,1.468169099314319,61.218252185401504,211.2514907836914,231.93841167848657,190.56456988889622,0.19585112339848357,0.003433674918016827,0.003427793316122669,0.44504969886851087,11182865.0,0.6744246666663686,1
2022-02-09,223.5548858642578,225.7626429468429,222.82864959300443,222.83834219948926,7772800,212.04986495971679,207.91234954833985,217.60116706848146,218.01722495247645,213.61258372838068,4.404641224095769,3.0609353305359073,1.343705893559862,63.38737314028258,212.04986495971679,233.36433381083245,190.73539610860112,0.20103260952479063,0.01285423800430241,0.012772323505783209,0.445407003553008,11131350.0,0.6982800828291268,0
2022-02-10,218.79757690429688,223.0262997392285,218.09925461600702,221.16411190357329,6794600,212.54598236083984,208.53569274902344,217.57004570007325,218.13727909891037,213.99665729696704,4.140621801943325,3.276872624817391,0.8637491771259342,67.20744413661592,212.54598236083984,234.0106996486698,191.0812650730099,0.20197716324168624,-0.02128027281340461,-0.02150996223302151,0.4542569168542623,11124915.0,0.6107552282421933,0
2022-02-11,217.92471313476562,222.20193407270685,216.80933010685064,220.40763061004458,7535200,213.03283081054687,209.2114907836914,217.5181256866455,218.1045766428881,214.28762439606325,3.8169522468248545,3.384888549218884,0.43206369760597063,71.09046672991168,213.03283081054687,234.52301459299096,191.54264702810278,0.2017546657074244,-0.0039893667100027175,-0.003997345460553661,0.4543856698312233,11058290.0,0.6814073423648683,1
2022-02-14,218.55508422851562,220.41727189316447,216.1012628683779,216.5668060847021,8280800,213.5671745300293,209.74244903564454,217.4852616882324,218.1738855022154,214.60373253180046,3.570152970414938,3.4219414334580947,0.1482115369568433,71.35135994359317,213.5671745300293,235.04810611859705,192.08624294146153,0.20116323246620807,0.002892609491977005,0.002888433947349163,0.45411516370753163,11030425.0,0.7507235668616576,1
2022-02-15,220.96046447753906,222.3861899207735,218.13807952389467,220.42702173382287,9461700,214.17143630981445,210.35966583251954,217.46900314331054,218.6025899599575,215.07460156481812,3.5279883951393742,3.443150825794351,0.0848375693450234,70.61785231444983,214.17143630981445,235.77620303724916,192.56666958237975,0.20175208328137514,0.011005830669710948,0.010945707251882935,0.4549941005779436,11048545.0,0.8563752059660344,1
2022-02-16,221.93032836914062,222.95840982495437,218.80728009807257,220.650065937812,9561300,214.8740577697754,210.87311065673828,217.4603890991211,219.11454971521644,215.5824331799531,3.5321165352633273,3.4609439676881464,0.07117256757518087,71.00440643043511,214.8740577697754,236.53098323721082,193.21713230233996,0.20157785162357308,0.004389309616518178,0.004379704692796228,0.45402818633859005,11056620.0,0.8647579459183729,0
2022-02-17,217.8470916748047,221.9206285508624,217.42033751457274,221.52296991979597,8131200,215.38849639892578,211.2140628051758,217.444949798584,218.9195561705377,215.75018566105322,3.16937050948448,3.4026292760474135,-0.23325876656293332,45.936621972472174,215.38849639892578,236.80114614998598,193.97584664786558,0.19882816500470257,-0.01839873227035571,-0.018570094093151693,0.4604815670050772,11036545.0,0.7367523079007062,0
2022-02-18,215.98489379882812,218.94306245479794,215.16048104574782,217.83738799970547,8121200,216.21748580932618,211.48639770507813,217.4100304412842,218.46806965181315,215.76757144903655,2.7004982027766005,3.262203061393251,-0.5617048586166504,45.821961720426835,216.21748580932618,236.26492897875943,196.17004263989293,0.1854377604511812,-0.008548187913182681,-0.00858493322522288,0.43546923869067866,10632595.0,0.7638022514729471,0
2022-02-22,214.6561737060547,217.58523237610737,213.29831811921568,214.3652035946353,9928800,217.17757415771484,211.6856784057617,217.36461204528808,217.88162412169646,215.68524569029717,2.196378431399296,3.0490381353944604,-0.8526597039951644,33.56597098455144,217.17757415771484,234.7210344416677,199.63411387376198,0.1615586724549448,-0.006151912151833305,-0.006170913131716846,0.4280561602577559,10326335.0,0.9615027984275156,0
2022-02-23,209.4478302001953,217.52701905749464,208.93378946900194,216.13037450506238,8669900,217.86998291015624,211.7418667602539,217.32279167175292,216.58411736454244,215.2232149132526,1.3609024512898316,2.711410998573535,-1.3505085472837033,22.54013189670431,217.86998291015624,232.71284757468118,203.0271182456313,0.13625433358248107,-0.02426365576138312,-0.02456286816296144,0.44039945283854026,10153555.0,0.8538782721913655,1
2022-02-24,210.7572021484375,211.30033844388922,195.38443227499693,197.24662020198306,13463400,218.44049148559571,211.87033325195313,217.2898797607422,215.68766886975706,214.89239915289593,0.795269716861128,2.328182742231054,-1.532913025369926,28.49343646003254,218.44049148559571,230.98479434882023,205.8961886223712,0.1148532744814091,0.0062515421954509875,0.006232082366058873,0.43678796173677337,10285845.0,1.3089250324110464,1
2022-02-25,212.66787719726562,214.03541144620144,207.79902312993548,210.747483504171,8463600,219.09297866821288,212.0571548461914,217.28989585876465,215.22308553552762,214.72761974877517,0.49546578675244746,1.9616393511353327,-1.4661735643828853,35.914507287761325,219.09297866821288,228.4736409144549,209.71231642197085,0.08563179252264207,0.009065763966075169,0.00902491661726687,0.43723018607491804,10108535.0,0.8372726611719701,0
2022-02-28,209.6127166748047,212.0665382984115,206.81944227759092,209.49633455806557,8409400,218.5348213195801,212.13774993896484,217.2580810546875,214.35995186464717,214.34873803959218,0.011213825054994686,1.571554245919265,-1.5603404208642704,33.82143180853245,218.5348213195801,228.78225887285683,208.28738376630335,0.093783109633509,-0.014365876796837762,-0.014470065045745705,0.215690349694861,9207740.0,0.9132968567748437,0
2022-03-01,202.67800903320312,208.6719249256773,201.0388918006597,208.02210009845575,9317800,217.71852951049806,212.03975646972657,217.17614807128905,212.56272989057885,213.48423959467445,-0.9215097040955982,1.0729414559162924,-1.9944511600118906,26.366371408980882,217.71852951049806,230.17214242156697,205.26491659942914,0.11440103824941938,-0.03308343001135827,-0.03364306440848845,0.24104852154509876,9054600.0,1.0290680979833455,0
2022-03-02,202.2027587890625,204.20073076710668,199.9817161492227,200.67033008761263,8865700,216.57878341674805,211.98047973632814,217.09425201416016,210.96888818265325,212.6485743498143,-1.6796861671610657,0.5224159313008209,-2.2021020984618866,20.18146832508316,216.57878341674805,230.33196050775135,202.82560632574476,0.12700391861135332,-0.0023448535260811587,-0.0023476070002818104,0.21141581014548128,8885525.0,0.9977688431465783,0
2022-03-03,200.99038696289062,205.13182318713058,200.34056215944952,204.2104302508888,8610000,215.23026657104492,211.9577651977539,217.01049308776857,209.4337341488436,211.7850049137459,-2.3512707649022957,-0.052321407939802445,-2.2989493569624933,22.399240525728757,215.23026657104492,229.56125259624244,200.8992805458474,0.13316887307266362,-0.005995822378648263,-0.006013869496012888,0.19991216017695213,8786500.0,0.9799123655608035,0
2022-03-04,194.2593231201172,200.15625796389867,190.93260647006298,198.82751297880841,10912300,213.73304901123046,211.6718374633789,216.89780906677245,207.09920937519337,210.486806262366,-3.3875968871726343,-0.7193765037863689,-2.6682203833862657,18.956676435748847,213.73304901123046,230.21248900163624,197.25360902082468,0.15420581951778434,-0.03348948148458564,-0.034063097293733094,0.21965511332733795,8833715.0,1.235301342640101,0
2022-03-07,184.95809936523438,194.15265636479248,184.32767651459645,193.8228971752081,13412400,211.92327957153321,211.14992095947267,216.72968971252442,203.69288475827662,208.59579093665255,-4.902906178375929,-1.5560824387042809,-3.346823739671648,14.096247231978921,211.92327957153321,232.42948519387062,191.4170739491958,0.19352480448393286,-0.04788044972817884,-0.04906467405841195,0.26269832167069984,8961930.0,1.4965972731320152,1
2022-03-08,185.9376983642578,190.50587394092267,181.04944237469093,184.28887281579117,11070900,210.22204208374023,210.67354705810547,216.56487548828125,200.96131762073526,206.91741370906774,-5.956096088332487,-2.436085168629922,-3.520010919702565,11.396178052562718,210.22204208374023,233.39250534967846,187.051578817802,0.22043800009048015,0.005296329289635748,0.005282353064405159,0.26721799230829163,9216250.0,1.2012369456123695,1
2022-03-09,193.74534606933594,194.46307046014923,189.36145109654404,190.58350795720358,8457600,208.8734230041504,210.33376556396485,216.42679206848143,199.85116815128922,205.94170499501354,-6.090536843724323,-3.1669755036488025,-2.92356134007552,23.002667971566964,208.8734230041504,232.6047297757918,185.14211623250898,0.22723146325006474,0.04199066554961162,0.0411329850853032,0.319478626826747,9262030.0,0.9131475497272197,0
2022-03-10,192.0092010498047,193.91988629565995,190.38948587984643,190.97141123228764,7061600,207.29613876342773,209.9511279296875,216.28147583007814,198.64471167413774,204.9096676657388,-6.264955991601056,-3.7865716012392534,-2.4783843903618026,24.085650656294263,207.29613876342773,231.11201579433384,183.48026173252163,0.22977636894708847,-0.00896096373282651,-0.009001354643714057,0.31141215725047705,9226470.0,0.7653631345465818,0
2022-03-11,190.78713989257812,194.7927770297859,190.54466730173263,194.7054904489261,5432100,205.8956169128418,209.54172546386718,216.13946098327636,197.43585447697473,203.86355449735652,-6.427700020381792,-4.314797285067762,-2.11290273531403,24.39894827575516,205.8956169128418,230.15394474777406,181.63728907790954,0.2356371466149385,-0.006364596855489069,-0.006384937253609193,0.30706050877158914,9158345.0,0.5931311825444444,1
2022-03-14,194.2981719970703,198.27471429754368,192.19351131914232,192.44567752962388,7994700,204.71428985595702,209.20835357666016,216.0160149383545,196.95313409545096,203.15500764548347,-6.201873550032502,-4.69221253806071,-1.509661011971792,30.194436197375452,204.71428985595702,228.80668494237366,180.62189476954038,0.23537580208366266,0.018402876139707702,0.01823559243196147,0.3196602910681055,9181320.0,0.8707571460312896,1
2022-03-15,199.9331817626953,200.19505628216012,195.33589650691331,196.00512316812822,8277700,203.783194732666,209.01014587402344,215.91862022399903,197.41160296733472,202.91635387638806,-5.504750909053342,-4.854720212259237,-0.6500306967941052,40.819754770237694,203.783194732666,227.0485259446404,180.5178635206916,0.2283341493639369,0.029001867118492397,0.02858927134831533,0.34147293093789166,9181165.0,0.9015958214453177,1
2022-03-16,205.49066162109375,207.23646719314334,200.76730040060175,203.67697142090032,9232300,203.00970458984375,208.83167877197266,215.85224662780763,198.65453506791303,203.10704333895885,-4.452508271045815,-4.774277824016553,0.3217695529707383,45.30355421565431,203.00970458984375,224.8558189266493,181.1635902530382,0.21522236467407266,0.027796685919772468,0.027417371130019637,0.35628453353619344,9169695.0,1.0068273808452735,1
2022-03-17,207.0231170654297,207.11040365554902,202.4355393037924,203.60909848034066,6668500,202.26434402465821,208.66391326904298,215.77891120910644,199.94200922137713,203.397122874253,-3.455113652875866,-4.510444989788416,1.05533133691255,44.93209040876173,202.26434402465821,222.33766545668269,182.19102259263374,0.198486011252456,0.007457542996098132,0.007429873003945489,0.3573371476457477,9025055.0,0.7388874638437106,1
2022-03-18,212.51266479492188,212.65814242057144,203.9582252222906,205.32577410080265,14620800,201.99762268066405,208.65358001708984,215.74050453186035,201.87595623269172,204.07234820170996,-2.1963919690182365,-4.04763438563438,1.8512424166161434,52.49455348843192,201.99762268066405,221.3271194041135,182.6681259572146,0.19138340805136345,0.026516592964626273,0.02617112194886132,0.36747161603852124,9349535.0,1.563799696990278,0
2022-03-21,210.50498962402344,211.49428189933133,208.08997218638459,209.8260693564011,6101500,201.72362747192383,208.60793579101562,215.6822617340088,203.20349983135813,204.54884015891838,-1.3453403275602511,-3.5071755740195543,2.161835246459303,57.356383523389745,201.72362747192383,220.36127995851206,183.0859749853356,0.18478403070738192,-0.009447320106008128,-0.009492229104866684,0.3677308778347758,9248550.0,0.6597250379789265,1
2022-03-22,211.8919677734375,212.9588531880682,210.64080080542934,211.28093205420777,6259900,201.58541717529297,208.64406219482422,215.6252584838867,204.54018720706264,205.09277553777164,-0.5525883307089998,-2.9162581253574436,2.3636697946484437,58.953203623512906,201.58541717529297,219.85666164746544,183.3141727031205,0.18127545859415328,0.006588813651834613,0.006567202296022821,0.3681572359479914,9065105.0,0.6905490890618476,0
2022-03-23,208.21609497070312,210.74750988359295,207.75055165320475,208.81743717180018,6008000,201.52383041381836,208.70330932617188,215.54635261535645,205.10571147839195,205.3241325328036,-0.2184210544116354,-2.376690711168282,2.1582696567566466,56.386091347009675,201.52383041381836,219.69149845661295,183.35616237102377,0.18030292502368833,-0.017347862882017062,-0.017500100286847765,0.36299174383148264,8932010.0,0.6726369540562539,1
2022-03-24,210.76686096191406,211.10632849025734,207.5565264027399,208.51672313769677,5487000,201.5243133544922,208.76689849853517,215.47894569396973,205.97665755277998,205.72729760162656,0.2493599511534228,-1.8514805787039412,2.100840529857364,65.75342346068044,201.5243133544922,219.69301533574114,183.35561137324325,0.18031275411705994,0.012250570694690266,0.012176139718258313,0.3649911459866763,8533190.0,0.6430186132032687,1
2022-03-25,211.85317993164062,212.33812519336138,209.19568936899802,211.843486354174,5051400,201.48357849121095,208.82645751953126,215.40905479431152,206.88073791875854,206.18106666310908,0.6996712556494629,-1.3412502118332603,2.040921467482723,80.43904440594511,201.48357849121095,219.55045139550836,183.41670558691354,0.17933841596014258,0.005154126055532338,0.005140889011946184,0.3640014344070563,8362580.0,0.6040480330233015,1
2022-03-28,214.12271118164062,214.3263798812653,210.96085895540807,211.92105579455563,4316800,201.70907821655274,208.94515686035157,215.3456368255615,207.99488765150963,206.76933662744474,1.2255510240648846,-0.8278899646536313,2.053440988718516,80.99398454607234,201.70907821655274,220.307914023927,183.11024240917848,0.18441248130048707,0.010712755176638389,0.010655780159974832,0.3616984300514809,8157950.0,0.5291525444505053,1
2022-03-29,221.2514190673828,221.92064588918186,217.0420977932338,218.07017936901303,8032500,202.63774871826172,209.21282104492187,215.32210968017577,210.0343540231824,207.84208347484758,2.192270548334818,-0.2238578620559415,2.4161284103907597,80.70588315453459,202.63774871826172,223.19227171693197,182.08322571959147,0.20286963439618866,0.033292628541840674,0.03275043031341358,0.35465039685639926,8093685.0,0.9924404026101831,0
2022-03-30,217.2069549560547,219.35041927975578,216.0236874686573,219.040047244014,7084000,203.38795852661133,209.37945556640625,215.28366943359376,211.13783108977816,208.53577765864068,2.6020534311374774,0.34132439658274233,2.260729034554735,76.7504004395764,203.38795852661133,224.94637968557075,181.8295373676519,0.2119930925619543,-0.018279946534925373,-0.018449089207916713,0.3632152097264096,8004600.0,0.8849911301001924,0
2022-03-31,215.09262084960938,219.11766051461314,213.80266470556356,217.16818593266063,10759500,204.09307022094725,209.52375,215.25097106933595,211.74626028359836,209.0214697468606,2.724790536737771,0.818017624613748,1.9067729121240231,75.32339358821577,204.09307022094725,226.23587636784669,181.95026407404782,0.21698733938323386,-0.009734191554193528,-0.009781878511795909,0.3647961472044295,8112075.0,1.3263560802877192,1
2022-04-01,219.54441833496094,219.80629291874587,215.53876575821255,216.36317861858686,6559600,205.35732498168946,209.7634719848633,215.2282241821289,212.9459769068849,209.8009474200532,3.145029486831703,1.2834199970573392,1.8616094897743638,75.79783568224158,205.35732498168946,228.01736692329243,182.6972830400865,0.2206889084051269,0.02069711860763568,0.02048584346617982,0.34160225501353075,7894440.0,0.8309139090296462,1
2022-04-04,220.88284301757812,222.33767860436444,218.1865489140157,218.9624493874861,8521200,207.15356216430663,210.19302673339843,215.2205673980713,214.16703323160695,210.6218285754254,3.5452046561815393,1.7357769288821794,1.80942772729936,73.46809077256366,207.15356216430663,228.67174088289653,185.63538344571674,0.2077509891094459,0.006096373083715356,0.006077865383135584,0.2752170352295565,7649880.0,1.1138998258796216,0
2022-04-05,219.2825164794922,222.0952075126308,218.52600315318148,220.00024070160748,4658000,208.82080307006837,210.66958892822265,215.18603744506837,214.95403065435852,211.2633610127637,3.690669641594809,2.1267554714247057,1.5639141701701034,66.9528074090496,208.82080307006837,228.5067953340072,189.13481080612954,0.18854435932164604,-0.007245137359802034,-0.007271510830973608,0.2810284938250975,7329235.0,0.6355369966988369,0
2022-04-06,212.4156951904297,216.1594727971531,212.03743851925557,216.0721862113483,7430000,209.75432052612305,211.00590972900392,215.1094027709961,214.56351750606177,211.34871909999822,3.214798406063551,2.344364058352475,0.8704343477110759,55.86002452731201,209.75432052612305,228.1593063093645,191.3493347428816,0.17549088607163413,-0.03131495113840821,-0.03181574689870776,0.28534903366035835,7277855.0,1.0209051980288149,0
2022-04-07,209.64181518554688,212.09563684405234,207.2461845862386,211.73678211276734,6995100,210.63595123291014,211.2118054199219,215.0249317932129,213.80633253367486,211.22228177300184,2.5840507606730228,2.3923013988165844,0.19174936185643832,46.684617119657155,210.63595123291014,227.04268650677108,194.2292159590492,0.15578285831860894,-0.013058733736205475,-0.013144748650802137,0.2883183913684799,7274530.0,0.9615878964001798,1
2022-04-08,210.4468231201172,212.80366458042005,206.6642563311788,208.34216264531264,5438600,211.61893539428712,211.42837921142578,214.93695640563965,213.28948493158907,211.16484039130668,2.1246445402823895,2.3387700271097454,-0.21412548682735588,49.93090753281893,211.61893539428712,225.11626356447056,198.12160722410368,0.12756257510732957,0.003839920646832029,0.0038325669705557117,0.28545180976662243,7274855.0,0.7475887835565107,0
2022-04-11,208.2839813232422,210.7572050159385,206.9843316272495,208.76892656497267,6942700,212.3182258605957,211.1785415649414,214.83295417785644,212.51940745338186,210.9514434233019,1.5679640300799633,2.184608827703789,-0.6166447976238256,45.791856041123786,212.3182258605957,223.24070680686762,201.39574491432379,0.10288783171580777,-0.010277379172602186,-0.01033055609395242,0.28583697751099985,7222255.0,0.961292560287611,0
2022-04-12,205.0348663330078,210.4565660189899,204.35594587482356,209.9813142985829,7446600,212.57331008911132,210.8991619873047,214.72829605102538,211.36793958870894,210.51317845365048,0.8547611350584532,1.9186392891747217,-1.0638781541162685,46.25229327618433,212.57331008911132,222.46785352988417,202.67876664833847,0.09309299870830473,-0.015599447300711833,-0.01572239900736038,0.2770485200506914,7180700.0,1.0370298160346485,1
2022-04-13,206.8485107421875,207.41104889841193,200.9321739261649,204.0940110118211,8052900,212.641202545166,210.5361785888672,214.62372886657715,210.67264284309024,210.2417215861347,0.43092125695554273,1.621095682730886,-1.1901744257753433,45.30232588770716,212.641202545166,222.34797373103757,202.93443135929445,0.09129718107016249,0.008845541451637962,0.008806648832433862,0.2607946836432044,7121730.0,1.130750533929256,0
2022-04-14,206.38296508789062,209.44782220547967,206.13079891974186,207.81841348940603,8191600,212.60919494628905,210.10462341308593,214.52711448669433,210.01269241921338,209.95588777144994,0.05680464776344252,1.3082374757373973,-1.2514328279739548,43.342717390093256,212.60919494628905,222.3978440595482,202.8205458330299,0.09208114555658821,-0.0022506599280143202,-0.002253196469713289,0.2596125911276915,7197885.0,1.1380565263268307,1
2022-04-18,206.75155639648438,209.33146868191582,205.1512429890016,205.296720644462,4744400,212.32113952636718,209.7555810546875,214.4259236907959,209.5109791849474,209.71852989182287,-0.20755070687548027,1.005079839214822,-1.2126305460903022,40.59405824925134,212.32113952636718,222.45474113329868,202.18753791943567,0.09545541842453291,0.0017859580049970347,0.0017843650783173294,0.24019010057537185,6704065.0,0.7076900358215501,1
2022-04-19,209.20538330078125,209.99099225820262,206.04354551677466,206.6836768151754,5028800,212.25615921020508,209.51661895751954,214.32020599365234,209.46396443353723,209.68051903322717,-0.2165545996899425,0.760752951433869,-0.9773075511238115,32.5463386507614,212.25615921020508,222.4552512731781,202.05706714723206,0.09610173010689868,0.011868480929793757,0.011798602864259275,0.24246547221602377,6650430.0,0.756161631653893,1
2022-04-20,211.23240661621094,214.17118790587705,210.84445640733617,212.07622125950888,7178300,212.22318115234376,209.3420181274414,214.21994163513185,209.7360324616409,209.79547366900374,-0.059441207362851856,0.5967141196745248,-0.6561553270373767,40.80589214884222,212.22318115234376,222.43149260344583,202.01486970124168,0.09620354756414731,0.009689154664416,0.009642515823988472,0.24386232906955,6696350.0,1.0719720444719885,0
2022-04-21,209.9327850341797,217.17786788278752,208.86591441832672,212.90064744457734,8850300,212.30901565551758,209.12631927490236,214.11124862670897,209.76630208818534,209.805644881239,-0.03934279305366317,0.46950273712888724,-0.5088455301825504,41.8554116695545,212.30901565551758,222.4036993132929,202.21433199774228,0.0950942533138061,-0.006152567226072159,-0.006171572261077512,0.23645139180279387,6838465.0,1.2941939455711187,0
2022-04-22,201.90208435058594,210.0394642774253,201.6887072769906,209.7291070426932,6201100,211.86577682495118,208.6932632446289,213.9787638092041,208.55642243624698,209.22019595304246,-0.6637735167954872,0.24284748634401238,-0.9066210031394997,24.97922523994849,211.86577682495118,222.97323563786992,200.75831801203245,0.10485373314535831,-0.038253675729049474,-0.03900455927442572,0.26893695057575523,6874170.0,0.9020870883321186,1
2022-04-25,203.6284942626953,204.19103249200708,199.14760518011144,200.13689756954616,6839400,211.4545425415039,208.38988159179686,213.8459338378906,207.79827964031597,208.80599582783157,-1.007716187515598,-0.00726524842790971,-1.0004509390876883,25.79584172937207,211.4545425415039,223.15703610119434,199.7520489818135,0.11068566717968217,0.008550728525970053,0.008514378114822382,0.270403147724209,6963570.0,0.9821686290221826,0
2022-04-26,195.0449676513672,202.28034183273948,195.0449676513672,200.74791320681229,8155300,210.50065536499022,207.9322866821289,213.6730822753906,205.83623164201614,207.7866604073527,-1.950428765336568,-0.3958979518096414,-1.5545308135269265,21.569895767930262,210.50065536499022,224.2231815860525,196.77812914392794,0.1303798907159561,-0.042152875718143634,-0.043067091739086176,0.30121380326006103,7155495.0,1.1397254837016866,1
2022-04-27,207.66326904296875,215.12172984058935,206.63518741405065,210.8251069506883,15955800,209.82124786376954,207.71445037841798,213.5416993713379,206.11731431908578,207.77752030628722,-1.6602059872014365,-0.6487595588880004,-1.0114464283134361,45.08823994173795,209.82124786376954,222.61681985993644,197.02567586760264,0.1219664083255731,0.06469431917954482,0.06268773371748744,0.36690589293999526,7551660.0,2.112886438213585,1
2022-04-28,214.01602172851562,218.1574431296041,212.66787464866172,213.76384074996895,10799100,209.66170120239258,207.5755615234375,213.4245118713379,207.3325000743827,208.23963152274857,-0.9071314483658739,-0.7004339367835751,-0.20669751158229877,54.20945607815221,209.66170120239258,222.1452904606179,197.17811194416726,0.11908316289177248,0.030591604932465932,0.030133011072935274,0.38051567295824523,7737415.0,1.3956986926512278,0
2022-04-29,206.7127227783203,214.53972974320843,205.95620953411108,212.037411012612,7965000,209.24270629882812,207.2712094116211,213.25845207214354,207.23714972114232,208.12652717130945,-0.8893774501671317,-0.7382226394602864,-0.15115481070684522,46.80601526526265,209.24270629882812,221.519603340321,196.96580925733525,0.11734599746535232,-0.0341250103203008,-0.03472086341331298,0.39784748475400683,7597690.0,1.0483449574804973,0
2022-05-02,205.16091918945312,205.7525529371393,200.72852766937228,205.39369821782833,8803700,208.52353134155274,207.01748596191408,213.08670860290528,206.91772963934397,207.90685250598676,-0.9891228666427878,-0.7884026848967867,-0.20072018174600115,47.30045174267154,208.52353134155274,219.91255576576452,197.13450691734096,0.1092349084147922,-0.007507054079740172,-0.007535373831177792,0.38930412440825457,7709895.0,1.141870284874178,0
2022-05-03,202.28033447265625,207.17828383185932,200.05929202308994,207.17828383185932,6616900,207.59340591430663,206.7433947753906,212.93777442932128,206.20428422908432,207.4900733924067,-1.2857891633223915,-0.8878799805819078,-0.3979091827404837,47.603739377703114,207.59340591430663,217.69858096342298,197.48823086519027,0.09735545312347457,-0.014040611282974624,-0.014140113141514414,0.3895578260985635,7614680.0,0.8689662599084925,1
2022-05-04,208.06092834472656,208.3324965192354,199.14763167603564,203.0465958948489,7191100,207.03232650756837,206.61148986816406,212.80669059753419,206.48992178533697,207.5323589444304,-1.0424371590934243,-0.9187914162842111,-0.12364574280921314,50.9866265213136,207.03232650756837,215.5217160780553,198.54293693708144,0.08201028036243985,0.028577142148495494,0.028176431817860947,0.406129038912008,7741335.0,0.9289224662154525,0
2022-05-05,199.06031799316406,208.1190910944804,196.95565752739913,205.87864655993562,7749600,206.36455764770508,206.40373962402344,212.6259701538086,205.34690581731036,206.90480035544772,-1.5578945381373615,-1.0466120406548414,-0.5112824974825201,44.76786693574325,206.36455764770508,215.1662943059076,197.56282098950257,0.08530279383757733,-0.04325949337614121,-0.044223077250917155,0.419436648339647,7757315.0,0.9990054548513242,0
2022-05-06,196.7131805419922,199.5258568181442,194.1914595500707,197.61517152181327,8825300,205.71812591552734,206.12285919189452,212.43119750976564,204.0186403903383,206.14986555445103,-2.1312251641127204,-1.2635346653464172,-0.8676904987663032,43.024661552284364,205.71812591552734,215.36490211367715,196.07134971737753,0.09378635115615432,-0.011791086615527635,-0.011861152792837086,0.4190538702219221,7848825.0,1.1244103416753464,0
2022-05-09,187.18887329101562,194.70552493871185,186.29657577456658,194.02660452395224,10314100,204.55522842407225,205.61327911376952,212.16524978637696,201.42944545198097,204.7453476090114,-3.315902157030422,-1.6740081636832183,-1.6418939933472037,36.070203039451705,204.55522842407225,217.00269611318174,192.10776073496277,0.12170275758783448,-0.0484172297185923,-0.0496286067687351,0.44804367729830963,8092600.0,1.2745100462150607,1
2022-05-10,187.75140380859375,191.79584539704894,185.21998902452705,190.78716579390812,11016500,203.52859954833986,205.17605285644532,211.89617820739747,199.3251313529983,203.4865369571286,-4.1614056041302945,-2.1714876517726336,-1.989917952357661,34.86311051392698,203.52859954833986,217.91681097256674,189.14038812411297,0.14138761290704555,0.0030051493322660328,0.003000642897094512,0.44863034423007403,8296290.0,1.3278827041966952,1
2022-05-11,190.79684448242188,192.34867507315525,185.6370203476837,187.66410257167558,9427300,202.81669845581055,204.9384295654297,211.63905197143555,198.01308721906346,202.54655973677995,-4.53347251771649,-2.643884624961405,-1.8895878927550847,37.93568058975717,202.81669845581055,218.26127281954402,187.3721240920771,0.15230081626734013,0.016220601348647445,0.016090452899227833,0.45266868976045904,8395325.0,1.1229225789353003,0
2022-05-12,188.48898315429688,190.51992238224983,184.58257230301305,189.0331568395263,9308600,201.89872207641602,204.66415405273438,211.38964393615723,196.54784043986862,201.50525776770715,-4.957417327838527,-3.1065911655368295,-1.850826162301698,40.88600111519453,201.89872207641602,218.47527476134044,185.3221693914916,0.1642066132409735,-0.012095909313309505,-0.01216966015002926,0.45137559965151336,8458110.0,1.1005531968725875,1
2022-05-13,193.600341796875,194.87332267593732,190.94748772223872,191.43335919226988,6684500,201.25959091186525,204.51635314941407,211.16106300354005,196.0943791101773,200.9197084365344,-4.825329326357092,-3.450338797700882,-1.3749905286562103,43.48568377894076,201.25959091186525,218.09188991873555,184.42729190499495,0.16726953414350754,0.027117545848257762,0.026756379945334266,0.46493798163813566,8382755.0,0.7974108750643434,0
2022-05-16,192.220458984375,194.2902760879918,190.34500232114308,191.74431445724346,5161300,200.53303604125978,204.47557586669922,210.93296684265135,195.4983913985154,200.2753195882263,-4.776928189710901,-3.715656676102886,-1.0612715136080149,47.97574042340529,200.53303604125978,217.61972805172633,183.44634403079323,0.1704127394445966,-0.007127481282795278,-0.007153003120766648,0.46485233118952846,8403600.0,0.6141772573658908,1
2022-05-17,198.23556518554688,199.01296252434773,194.4943488331046,197.11806670501008,7265600,199.98454513549805,204.74112518310548,210.76684951782227,195.91949505805871,200.1242266695093,-4.2047316114505975,-3.813471663172429,-0.3912599482781687,42.53703616020223,199.98454513549805,216.5967687783247,183.3723214926714,0.16613507440358613,0.031292747051763214,0.03081310949421454,0.4781437706637514,8515440.0,0.8532266095468937,0
2022-05-18,194.3388671875,199.6543020169771,193.50316770349755,197.08890136360546,8748200,199.1398681640625,204.90914855957033,210.5942318725586,195.6763215395112,199.6956815226938,-4.019359983182596,-3.854649327174463,-0.1647106560081335,33.793396921660076,199.1398681640625,215.04702038588005,183.23271594224497,0.15975858946248114,-0.01965690664235553,-0.0198526733236639,0.4797617785856904,8593935.0,1.017950449939405,0
2022-05-19,191.79287719726562,194.75669578787637,187.84760368842132,190.80171018869586,9012400,198.2328727722168,204.8700991821289,210.41091133117675,195.07886856378113,199.11028860969913,-4.031420045917997,-3.89000347092317,-0.1414165749948273,36.66678211912348,198.2328727722168,213.60863288161042,182.8571126628232,0.1551282579359218,-0.013100776118952995,-0.013187348225553785,0.480860489994639,8602040.0,1.0477049630087747,1
2022-05-20,193.40597534179688,195.96166374371506,188.53754907442737,194.0278901633428,6966600,197.80806732177734,204.89803466796874,210.21857070922852,194.82150037578356,198.6877468861508,-3.866246510367233,-3.8852520788119826,0.019005568444749432,39.506613089967985,197.80806732177734,213.22639631004859,182.3897383335061,0.15589181166398047,0.008410625921587922,0.008375453683475668,0.4651400071654419,8640315.0,0.8062900484530946,1
2022-05-23,201.6949005126953,202.08360646627997,195.09677449401573,195.2036667777995,12187400,197.71138763427734,205.11618988037108,210.0619312286377,195.87894655069306,198.91049900663555,-3.0315524559424887,-3.7145121542380837,0.682959698295595,49.52341391998541,197.71138763427734,212.99974777486963,182.42302749368505,0.15465330878029543,0.04285764778595813,0.04196468327723094,0.49045953195460185,8907715.0,1.3681847701683316,0
2022-05-24,196.90423583984375,198.88658450215908,193.40595605032556,198.14806535886856,7458500,197.80435104370116,205.16831115722655,209.88809547424316,196.03668336440853,198.76188692020654,-2.7252035557980037,-3.5166504345500678,0.7914468787520641,40.76885298265417,197.80435104370116,213.0469861562593,182.56171593114303,0.15411829954327505,-0.0237520366686218,-0.02403866404667541,0.47355472865109627,8872875.0,0.8405956355747151,1
2022-05-25,198.080078125,199.1587133858287,194.80530914891125,194.9219135573401,5457200,197.32519149780273,205.13124908447264,209.72945388793946,196.35105178911493,198.71138256500603,-2.3603307758911,-3.2853865028182745,0.9250557269271744,49.06829883936555,197.32519149780273,211.84842898288065,182.80195401272482,0.147201047923368,0.005971645455675523,0.005953885848596646,0.41027171647869115,8347945.0,0.653717771259873,1
2022-05-26,202.65695190429688,203.8133281402359,198.8865853187379,199.31415449783645,9212300,196.7572380065918,205.07457489013672,209.60822425842287,197.3211902683737,199.00364696050906,-1.6824566921353608,-2.964800540681692,1.2823438485463314,55.41972913806868,196.7572380065918,209.28328211986206,184.23119389332152,0.12732486225335837,0.023106179190865328,0.022843273558905457,0.4031739527814915,8268605.0,1.1141298925272158,1
2022-05-27,206.86465454101562,207.2047556943707,203.71620188373888,204.06602995676963,4897200,196.76483459472655,205.07140563964845,209.52229110717772,198.78941554108786,199.58594381832435,-0.7965282772364901,-2.531146087992652,1.7346178107561618,69.86731213080202,196.76483459472655,209.31645850436905,184.21321068508405,0.1275799503045845,0.020762685894465616,0.02055007915351286,0.3928625867932337,8115215.0,0.6034590580779438,0
2022-05-31,206.1746826171875,208.29308978074457,203.20115181218617,204.43526940683594,9586400,196.81552276611328,204.94464599609375,209.42875137329102,199.92561047587242,200.07399854416607,-0.1483880682936558,-2.054594484052853,1.9062064157591974,68.55486386919935,196.81552276611328,209.51720202204677,184.11384351017978,0.12907192560240896,-0.003335378512868803,-0.0033409532872208333,0.39203723497610826,8154350.0,1.1756179217227614,0
2022-06-01,203.9979705810547,208.0598634282668,202.91935024573576,206.058075517932,5246100,196.9014045715332,204.81450561523437,209.31123046875,200.55212741513122,200.36466313949114,0.18746427564008172,-1.6061827321142663,1.793647007754348,63.53220846085048,196.9014045715332,209.7806493316665,184.0221598113999,0.13081922689336983,-0.010557610704193032,-0.010613737670051618,0.3905114363412471,8085810.0,0.648803273883507,1
2022-06-02,208.97328186035156,209.16762744529984,205.11546194727646,205.9025712042685,5337200,196.94702224731446,204.75613189697265,209.22259773254393,201.8476896374728,201.00233860029562,0.8453510371771813,-1.1158759782559768,1.9612270154331581,69.90926437136858,196.94702224731446,209.9980123089248,183.89603218570412,0.13253300215142816,0.02438902340609328,0.0240963601414418,0.38681317952461614,7993115.0,0.6677246605359738,0
2022-06-03,206.64109802246094,208.15702922756608,205.30010305724772,206.93262382450493,4352500,197.3260612487793,204.72463195800782,209.1363198852539,202.58513708131713,201.42002448341898,1.165112597898144,-0.6596782630251526,1.8247908609232968,63.3985063212792,197.3260612487793,211.0580469408658,183.5940755566928,0.13918065971806812,-0.011160201041629514,-0.011222943333076824,0.35404120108652476,7823260.0,0.5563537451139294,1
2022-06-06,206.9228973388672,211.43178297025918,206.09691009514313,209.36196623012472,3965100,197.83654708862304,204.64775268554686,209.05174110412597,203.25248481324792,201.82764469493367,1.4248401183142505,-0.24277458675727204,1.6676147050715224,65.45449121254865,197.83654708862304,212.21640889750498,183.4566852797411,0.1453711361272427,0.0013637137970279323,0.001362784783877284,0.35025117419469887,7580250.0,0.5230830117740181,1
2022-06-07,208.4388427734375,208.89556310232078,204.76565596112212,205.15434717277546,4493300,198.89904556274413,204.57946594238283,208.9757568359375,204.05038603789248,202.31736307111913,1.7330229667733477,0.1523849239488519,1.5806380428244957,61.845621200601165,198.89904556274413,213.10552798332552,184.69256314216275,0.14285118744926148,0.007326136711142794,0.007299430925755977,0.29350837207194747,7289210.0,0.6164316846407224,0
2022-06-08,207.46710205078125,209.47861690220773,206.81603610937415,207.71974985819284,3646300,199.88483047485352,204.44635375976563,208.88147804260254,204.57603465526,202.69882521776077,1.877209437499232,0.4973498266589279,1.3798596108403043,66.35193302711423,199.88483047485352,213.5605555346993,186.20910541500774,0.13683604731141663,-0.004661994423527327,-0.004672895412959738,0.29564473859434676,6920700.0,0.526868669354256,0
2022-06-09,200.28590393066406,207.67115495105895,200.19845063955012,206.58279296037483,5138600,200.35928344726562,204.02704345703125,208.75080978393555,203.91601454378372,202.52009030760544,1.3959242361782742,0.6770647085627972,0.718859527615477,59.48348803521063,200.35928344726562,213.34865702838596,187.3699098661453,0.12966081089563414,-0.034613671512891075,-0.03522691735683895,0.32413364651476856,6706265.0,0.7662387334827956,0
2022-06-10,193.87240600585938,197.67192401666705,193.5517290937525,195.9519350617734,5162500,200.62845458984376,203.56035247802734,208.59604873657227,202.37084399948765,201.8795211000687,0.4913228994189467,0.6399163467340271,-0.1485934473150804,50.47039734479719,200.62845458984376,212.77808886163365,188.47882031805386,0.12111576392918029,-0.0320217139545923,-0.03254562372842902,0.3432886596373867,6498960.0,0.7943578664894075,0
2022-06-13,186.82728576660156,190.35471726016303,185.68063625479766,187.53666876385654,7119200,200.28980178833007,202.9950457763672,208.41606658935547,199.97952734827442,200.76454070499707,-0.7850133567226578,0.3549304060426901,-1.139943762765348,34.6201005539115,200.28980178833007,213.58759613265786,186.99200744400227,0.13278553601427145,-0.03633895294539691,-0.03701565714041987,0.3545171022710139,6520695.0,1.0917854615190559,1
2022-06-14,188.0517120361328,188.84853359646615,186.33172275130974,187.27431466017276,6441200,200.08136444091798,202.3651916503906,208.23171882629396,198.14447883871418,199.8228496924886,-1.6783708537744246,-0.05172984592073282,-1.6266410078536917,40.11296084408084,200.08136444091798,214.02664444568052,186.13608443615544,0.139396090622727,0.006553787175717529,0.006532404486760606,0.3549843300990256,6584690.0,0.9782085413284453,1
2022-06-15,190.6170654296875,193.21161684774145,186.79810863106525,190.44214402062718,6490000,199.700439453125,201.75987609863282,208.06725395202636,196.98641523732545,199.14093974709593,-2.154524509770482,-0.47228877869068275,-1.6822357310797993,41.91576859504132,199.700439453125,214.26066188787533,185.14021701837467,0.1458206348931746,0.013641744421139634,0.013549533491204588,0.33894821053630836,6545910.0,0.9914587887703925,0
2022-06-16,183.70797729492188,186.44828425056886,182.2309241033544,186.0012908709273,9887200,199.16889495849608,201.0483853149414,207.87853820800783,194.94357863080182,197.9977573432312,-3.054178712429376,-0.9886667654384215,-2.065511946990955,30.460966617618737,199.16889495849608,215.25001802176706,183.0877718952251,0.16148227429410655,-0.036245905471218975,-0.03691910557532863,0.35529880004530195,6602860.0,1.4974117276452932,1
2022-06-17,184.64085388183594,185.90412255435263,180.6567170871223,181.6478841198001,15089300,198.8112937927246,200.49288848876952,207.68955696105957,193.35854405403785,197.00835708683155,-3.649813032793702,-1.5208960189094776,-2.1289170138842244,25.42442777716846,198.8112937927246,215.87132854787043,181.75125903757876,0.17162037859813112,0.005078040707053422,0.005065190941073325,0.3540101039096125,6906705.0,2.184732082809386,1
2022-06-21,188.89710998535156,191.17098491200267,188.25575608472056,190.17981778661357,6241600,198.58585052490236,200.07799438476562,207.5505655670166,192.67216958193225,196.4075239682034,-3.7353543862711547,-1.9637876923818132,-1.7715666938893415,32.29085892938414,198.58585052490236,216.06076374623666,181.11093730356805,0.17599353806068854,0.023051540404159354,0.022789867327122137,0.3632295109480063,6870455.0,0.9084696719504021,0
2022-06-22,188.34323120117188,190.8406029454351,185.63205998781797,185.84584462928748,5138500,197.91826705932618,199.63592254638672,207.40430999755858,192.00617906181526,195.8101689484233,-3.8039898866080364,-2.331828131227058,-1.4721617553809785,33.40205805297434,197.91826705932618,215.90569844645444,179.93083567219793,0.1817662579041934,-0.0029321718274177844,-0.0029364790649982196,0.324297803995189,6518010.0,0.788354114215842,1
2022-06-23,191.08352661132812,191.88036292054898,187.98366433358882,190.597655152814,4752800,197.6272315979004,199.29191345214844,207.26614944458007,191.8642325309711,195.46004729382366,-3.5958147628525694,-2.5846254575521606,-1.0111893053004088,30.08871590361389,197.6272315979004,215.87028594995934,179.38417724584144,0.18462085619027377,0.014549476467403899,0.014444648406922599,0.32061124180351463,6382725.0,0.744634932571903,1
2022-06-24,199.70286560058594,199.82919691455453,191.92892288486294,192.14270749575485,7754800,197.7083709716797,199.1852734375,207.15745651245118,193.0701760801426,195.7743301313616,-2.7041540512190068,-2.60853117628553,-0.09562287493347688,43.22581337198077,197.7083709716797,215.97432674804304,179.44241519531636,0.18477675666024085,0.04510770311869905,0.04411994529128096,0.36005956945689177,6497605.0,1.1934859074997635,0
2022-06-27,197.80799865722656,201.23825019077836,196.8848457916535,199.93611815607022,6121200,197.46592330932617,199.00446319580078,207.0470220184326,193.79907186123242,195.92497224438864,-2.125900383156221,-2.512005017659668,0.3861046345034471,41.37236969888493,197.46592330932617,215.58343604708608,179.34841057156626,0.1835001445730888,-0.009488431413644194,-0.009533733369731899,0.35159066181322995,6343050.0,0.9650247120864568,0
2022-06-28,192.52169799804688,200.94670713525184,191.9192221467789,198.23555097692605,4354200,196.74877548217773,198.7272378540039,206.9226254272461,193.60255280535773,195.67287785577074,-2.070325050413004,-2.4236690242103354,0.3533439737973314,35.93748651913205,196.74877548217773,214.43006780876863,179.06748315558684,0.17973471279055084,-0.026724402931451285,-0.02708799222756438,0.35305130611914853,6315900.0,0.6894029354486296,1
2022-06-29,193.8626708984375,194.970456996181,191.74427890512428,191.74427890512428,4324600,196.13317489624023,198.46946014404296,206.80628684997558,193.64257097352387,195.53878845152383,-1.8962174779999543,-2.3181787149682593,0.421961236968305,38.05863561092244,196.13317489624023,213.28197298105036,178.9843768114301,0.1748689184670804,0.00696530788131855,0.0069411621810294075,0.3549456230595381,6052810.0,0.7144780688638831,0
2022-06-30,191.32644653320312,193.23106901737154,187.4006119969142,189.84939326962063,7045200,195.49959869384764,198.1118814086914,206.68500007629393,193.28624413655143,195.22676312424082,-1.9405189876893871,-2.242646769512485,0.30212778182309785,41.43758138910884,195.49959869384764,212.3588133233481,178.6403840643472,0.1724731379720322,-0.013082582394436715,-0.013168913155006307,0.3557863273222661,6142765.0,1.1469102269092175,1
2022-07-01,193.55174255371094,194.15423323090954,189.20806545795264,191.22927762962718,4131800,194.72852172851563,197.7582681274414,206.57107009887696,193.32709004688365,195.1026875264238,-1.7755974795401528,-2.1492369115180185,0.37363943197786575,49.66687981708587,194.72852172851563,210.35892477331694,179.09811868371432,0.16053532277714025,0.0116308856450833,0.011563766827513155,0.34551186003653744,6082495.0,0.6792936122430022,1
2022-07-05,194.87332153320312,194.90248746264487,188.6541726843217,190.68511185851358,4110200,194.14013290405273,197.45707885742186,206.461234664917,193.56497181400974,195.0856974528519,-1.5207256388421513,-2.023534656982845,0.5028090181406939,59.48673866180862,194.14013290405273,208.73398587625877,179.5462799318467,0.15034349419569584,0.0068280396862117065,0.006804834195354762,0.3461908645970963,6070380.0,0.67709105525519,1
2022-07-06,195.4369354248047,196.78765751883094,193.0561681863927,194.34858807641533,4111200,193.56583480834962,197.32777587890624,206.36668663024903,193.85296621567048,195.11171508040394,-1.2587488647334624,-1.8705774985329686,0.6118286337995062,58.845438841578996,193.56583480834962,206.89047641194728,180.24119320475197,0.13767555226665326,0.002892206522510321,0.0028880321400730617,0.34647127394596033,6077685.0,0.6764417701805868,1
2022-07-07,197.06944274902344,197.68163063006742,194.3874231321166,196.8167801314201,4650700,192.99736480712892,197.1965948486328,206.28851722717286,194.34780875926322,195.25673194474612,-0.9089231854829052,-1.678246635922956,0.7693234504400508,57.90478804005044,192.99736480712892,204.4951869412474,181.49954267301044,0.11915004275430162,0.008353115651707821,0.00831842145038839,0.3468813929376208,6085555.0,0.7642195329760392,1
2022-07-08,197.81768798828125,198.3327104836636,194.79556730130764,196.60300949396097,3621800,192.5148941040039,197.2520492553711,206.21350929260254,194.8816363329583,195.44643239241537,-0.5647960594570804,-1.455556520629781,0.8907604611727005,70.35900958621205,192.5148941040039,202.10827176246787,182.92151644553994,0.09966374501165874,0.0037968607858231973,0.0037896709034845487,0.3475046804169871,6084330.0,0.5952668576490756,1
2022-07-11,199.2655792236328,200.8981148628025,196.2920485828658,196.2920485828658,5353600,192.46387786865233,197.08409545898436,206.133271484375,195.55608908536976,195.72933215769075,-0.1732430723209859,-1.199093830968022,1.025850758647036,70.79309348372601,192.46387786865233,201.8926954369601,183.03506030034455,0.0979801266889417,0.007319321391711542,0.007292665150265438,0.3268099535785888,6095080.0,0.8783477821455994,0
2022-07-12,199.03236389160156,202.23910321276716,197.03056130382174,197.50672060533927,6779500,192.72187576293945,196.7844223022461,206.024995803833,196.0909005940208,195.9740011750175,0.11689941900331746,-0.9358951809737541,1.0527945999770716,66.27148140091364,192.72187576293945,202.58533466675297,182.85841685912592,0.10235951538730585,-0.0011703743965209013,-0.0011710598194881038,0.30436068926495335,6175930.0,1.0977294107931923,0
2022-07-13,198.3813018798828,199.76118980985112,193.8627034449212,194.7664172008657,7597300,193.29957656860353,196.61779388427735,205.8976123046875,196.44327002261497,196.15231974574826,0.2909502768667096,-0.6905260894056615,0.9814763662723711,66.0653294826654,193.29957656860353,203.0622908231992,183.53686231400786,0.10101123269797542,-0.0032711364071088544,-0.0032764982699219174,0.2706133956467971,6199835.0,1.2254035792888036,1
2022-07-14,200.09158325195312,200.25677776494055,192.38565437715943,194.34857917859682,5605500,193.90157012939454,196.51640716552734,205.78839805603027,197.00454898097468,196.4441170425042,0.5604319384704866,-0.44033448383043194,1.0007664223009185,64.90837573373658,193.90157012939454,203.78583352202807,184.01730673676101,0.10195134970838611,0.008621182318411469,0.00858423214371432,0.2710581705600056,6158050.0,0.9102719204943123,1
2022-07-15,204.10484313964844,205.72766659996196,201.32565824813167,203.4537772686353,7245700,194.5759590148926,196.55289733886718,205.71877563476562,198.09690192846296,197.01157823488523,1.0853236935777204,-0.13520284834880147,1.2205265419265219,58.595827349276256,194.5759590148926,205.3197841691774,183.83213386060777,0.11043322318624679,0.020057114959412647,0.019858620786762652,0.2752457336589474,6195835.0,1.1694468945670762,0
2022-07-18,201.35484313964844,206.89377443747253,200.80094259605642,205.52361345580522,4648900,195.45830230712892,196.41877563476564,205.629990234375,198.59812365326073,197.333301561164,1.264822092096722,0.14480213974030323,1.1200199523564187,56.70216225941578,195.45830230712892,205.30514096195054,185.6114636523073,0.10075641237637499,-0.013473467643873804,-0.013565058436514319,0.24133951475169169,5933920.0,0.7834450076846334,1
2022-07-19,207.62258911132812,208.0598704456203,202.025340584005,202.33630542557617,4927100,196.6073890686035,196.5900210571289,205.59153747558594,199.98650295450187,198.0954710093243,1.8910319451775592,0.4940481008277544,1.3969838443498048,77.51430134695111,196.6073890686035,206.50269124914354,186.71208688806348,0.10066053190999037,0.031127863000209643,0.030653215774086615,0.25894502355220494,5425810.0,0.9080856130236775,0
2022-07-20,207.3407745361328,208.0793086180836,205.24182117444985,206.0094915291085,4460300,197.5295722961426,196.80257293701172,205.514412689209,201.11792935167585,198.78030830760642,2.3376210440694365,0.8627626894760909,1.4748583545933456,75.54341508103728,197.5295722961426,207.82882619717125,187.23031839511393,0.10428062776937214,-0.0013573406265741106,-0.0013582626477880607,0.2520399725733652,5336745.0,0.8357716173435306,1
2022-07-21,210.0811004638672,210.7710296211749,206.71886349706483,207.1269937368004,4801300,198.61646575927733,197.26041748046876,205.47868309020996,202.49687875355144,199.617404022885,2.8794747306664306,1.266105097714159,1.6133696329522715,85.27056149724947,198.61646575927733,209.4100286117396,187.82290290681507,0.1086874928642022,0.013216531740392501,0.013129955376655329,0.25199833237749497,5319885.0,0.9025195093502961,0
2022-07-22,207.66143798828125,211.90796420100176,206.12608255100253,211.77190597147825,5071500,199.445361328125,197.6586181640625,205.43302993774415,203.29142632812525,200.21325839069215,3.0781679374331077,1.6285176656579488,1.449650271775159,76.34253358577384,199.445361328125,210.34881069661577,188.5419119596342,0.10933770829147102,-0.011517754192277296,-0.011584597273557942,0.25665748029783825,5335820.0,0.950463096581219,1
2022-07-25,208.21534729003906,208.73036982093083,205.6402198079608,208.5165852049811,4357200,199.87098541259766,198.00698822021485,205.37936866760253,204.04895262995814,200.8060057165697,3.2429469133884368,1.9514035152040465,1.2915433981843902,75.64439240906535,199.87098541259766,211.45980004449777,188.28217078069756,0.11596295088030997,0.002667367168039503,0.0026638160575769222,0.2064405314798559,5165940.0,0.8434476590901172,0
2022-07-26,206.4856414794922,209.0704661657774,205.76654643970573,207.80721233544466,6141000,200.30486755371095,198.36692138671876,205.29753349304198,204.42382783757876,201.22671947678617,3.1971083607925834,2.200544484321754,0.9965638764708293,70.32534565730467,200.30486755371095,212.21382617186683,188.39590893555507,0.1189083297235654,-0.008307292584621262,-0.008341990436760125,0.20559672414517388,5166930.0,1.1885200689771296,0
2022-07-27,204.52272033691406,210.72244451056156,195.51465989912074,204.81424615959196,17432200,200.9049186706543,198.58536895751953,205.20723655700684,204.43904206824573,201.4708676886475,2.9681743795982243,2.3540704633770484,0.6141039162211759,63.54646796435516,200.9049186706543,212.3635121354752,189.4463252058334,0.11406981512090399,-0.00950633239441534,-0.00955180599310976,0.18105712910098049,5820830.0,2.994796274758067,1
2022-07-28,205.3778839111328,206.70916704343017,202.04479779304953,204.68793987401116,7477100,201.48067932128907,198.84851745605468,205.14615425109864,204.58347927484374,201.76027629772048,2.823202977123259,2.4478969661262906,0.37530601099696836,63.687596862818765,201.48067932128907,212.60160447906475,190.3597541635134,0.11039197599727968,0.004181264422896458,0.004172547227627025,0.180535629452665,5978455.0,1.2506742962855788,1
2022-07-29,206.1163787841797,208.10845461421584,203.90080624790727,206.00948647639376,6059700,202.22017593383788,199.00613372802735,205.09388740539552,204.81930996858773,202.0829505559767,2.736359412611023,2.505589455423237,0.23076995718778592,62.73024939123768,202.22017593383788,212.42750352810452,192.01284833957124,0.10095261313199791,0.003595785772953164,0.0035893363910639462,0.17030808337457737,5929180.0,1.0220131620224044,0
2022-08-01,205.38755798339844,207.9432462820614,201.69493239257616,202.5597828880282,8028400,202.81196670532228,199.22710754394532,205.04566101074218,204.90673274009708,202.32773629134127,2.5789964487558166,2.520270854089753,0.05872559466606342,61.59572892386744,202.81196670532228,212.2463555859532,193.37757782469134,0.09303582065587605,-0.0035359674232603444,-0.003542233732072972,0.169547565524924,6124010.0,1.3109710794071205,0
2022-08-02,200.4316864013672,202.93878487750803,198.16752365166303,201.9281787796843,9939400,203.08988494873046,199.39988372802733,204.95950942993164,204.2182640726002,202.1872881513432,2.0309759212569816,2.422411867523199,-0.39143594626621736,53.23323134492838,203.08988494873046,211.8424535404228,194.3373163570381,0.08619403761937151,-0.024129366114922335,-0.024425248603103304,0.1941633850649188,6415470.0,1.5492863344384744,1
2022-08-03,202.5889434814453,204.38667366959857,201.0341638313308,202.11279897869895,9520100,203.4474853515625,199.5835430908203,204.8560639190674,203.9675993662687,202.21704039801745,1.750558968251255,2.2880412876688103,-0.5374823194175553,53.88332122467206,203.4474853515625,211.4344637736945,195.46050692943052,0.07851636414507929,0.010763054079973022,0.010705544696473055,0.19691435201615742,6685915.0,1.423903833656276,1
2022-08-04,207.4379425048828,208.80810344983882,202.6569695744586,204.5810162205469,6789700,203.96591033935547,199.69840393066406,204.77850677490235,204.50149831067085,202.6037738874149,1.8977244232559656,2.2099779147862417,-0.31225349153027615,55.05157538257176,203.96591033935547,211.54538674110796,196.386433937603,0.07432101167437113,0.023935161219109657,0.02365320549061259,0.2109824845490778,6792865.0,0.9995340699395616,1
2022-08-05,209.77012634277344,209.84786755085048,204.55187193191387,204.7559444565685,5553700,204.56353225708008,199.95572174072265,204.6987395477295,205.31205646945585,203.13461481003404,2.1774416594218167,2.203470663713357,-0.026029004291540314,62.91762386775448,204.56353225708008,211.9850577520969,197.14200676206326,0.07255961424922999,0.011242802593048884,0.011180072028325163,0.21316326087433504,6889460.0,0.8061154284951215,0
2022-08-08,207.29220581054688,210.5086724877938,206.05808815637332,209.1482235097919,4063400,204.9648635864258,200.13996429443358,204.6167322540283,205.6166948296237,203.44258451377573,2.174110315847969,2.1975985941402794,-0.023488278292310483,49.426080115526155,204.9648635864258,212.04012009278387,197.88960708006772,0.06903872578506325,-0.011812552032206547,-0.011882874565958617,0.21879241467577756,6824950.0,0.5953743250866307,0
2022-08-09,204.31866455078125,207.4185268915494,203.82308099096352,206.0095025987331,4596800,205.22917861938475,200.17319854736328,204.52556015014648,205.4169978636479,203.5074793313317,1.9095185323162127,2.1399825817754663,-0.23046404945925358,45.19915587636003,205.22917861938475,211.74405602789716,198.71430121087235,0.06348880263848648,-0.014344684346131564,-0.014448563940642336,0.22624792671658045,6715815.0,0.6844738873837353,1
2022-08-10,206.10667419433594,208.7692402399794,205.33898900294804,208.75952814896152,5746400,205.6154472351074,200.1580389404297,204.43854331970215,205.52310191452298,203.70001228414682,1.8230896303761597,2.076603991495605,-0.2535143611194455,43.48934170532715,205.6154472351074,211.28159314703666,199.94930132317816,0.05511401004274152,0.008751083252652503,0.008713014457853843,0.2269739472251351,6623270.0,0.8676076922728502,0
2022-08-11,205.47879028320312,207.83457146535628,205.00178755867188,207.63013748230506,6639600,205.88480758666992,200.14412109375,204.33557960510254,205.51628474047376,203.83177361741028,1.684511123063487,1.9981854178091816,-0.3136742947456945,46.201538695221295,205.88480758666992,210.9226485390242,200.84696663431563,0.04893844292258953,-0.003046402614506283,-0.0030510523446524115,0.22624300957034074,6674975.0,0.9947003546829764,1
2022-08-12,205.72213745117188,207.5619837146036,204.5247809569083,207.34782045821422,6443700,205.9656723022461,200.17860443115234,204.2437885284424,205.54795438827347,203.97180056805928,1.5761538202141878,1.913779098290183,-0.3376252780759952,45.61365360547767,205.9656723022461,210.9346635805133,200.9966810239789,0.048250674228620075,0.0011842933649421905,0.0011835926427409378,0.2152817989656838,6634875.0,0.9711863448821568,1
2022-08-15,210.6770782470703,210.98859385863335,204.78761804415876,204.78761804415876,5290600,206.4317840576172,200.21268035888673,204.25429481506347,206.3370503665499,204.4684878035416,1.868562563008311,1.9047357912338088,-0.036173228225497844,56.62251495966556,206.4317840576172,211.32805654050975,201.53551157472464,0.04743719582955265,0.02408559845473368,0.023800115364630222,0.22409211862819728,6666960.0,0.7935550835763227,1
2022-08-16,211.3779754638672,211.83550473888343,206.50092609978506,208.85670723184631,6564400,206.61955337524415,200.30741790771484,204.29701393127442,207.11257730459872,204.98030170430647,2.132275600292246,1.9502437530454964,0.1820318472467497,61.281276334595894,206.61955337524415,211.9746433591645,201.2644633913238,0.05183526821582961,0.0033268793293919074,0.003321357509917787,0.19682585076925674,6748825.0,0.9726730208591866,0
2022-08-17,208.8275146484375,210.44345370170325,207.10447910036024,209.29477323890694,4902500,206.6938903808594,200.34551025390624,204.3176528930664,207.37641381903543,205.26528044090878,2.1111333781266524,1.9824216780617276,0.12871170006492472,55.37683637721453,206.6938903808594,212.1317713479541,201.25600941376467,0.05261772331126708,-0.012065877771005762,-0.0121392613632159,0.2021046274258133,6770935.0,0.724050666562299,1
2022-08-18,209.53811645507812,210.26821442182055,206.7929409702636,208.19473144303007,4516400,206.66674118041993,200.36749572753905,204.33851013183593,207.70898345534968,205.58178681232872,2.127196643020966,2.011376671053575,0.11581997196739069,55.338001796734744,206.66674118041993,212.03843694210553,201.29504541873433,0.051984133789540074,0.0034028169508071304,0.0033970404697027867,0.19680510712931365,6756690.0,0.6684338041259847,0
2022-08-19,207.17259216308594,209.51862884862282,206.75399496644215,208.42835404525695,4178800,206.64229888916014,200.36160552978515,204.36358558654786,207.62646171807833,205.69962424571813,1.926837472360205,1.9944688313149013,-0.06763135895469619,52.64940618007556,206.64229888916014,211.99936629010142,201.28523148821887,0.05184870115885351,-0.011289231439184588,-0.011353438502057556,0.19663019005104235,6712055.0,0.6225813107908085,0
2022-08-22,203.0742950439453,205.6442390226651,202.6751712991359,204.36900375138197,5139500,206.38524627685547,200.4173733520508,204.37319572448732,206.92612838359634,205.50515541595718,1.420972967639159,1.879769658579753,-0.45879669094059405,54.02470232921752,206.38524627685547,211.91508804036076,200.85540451335018,0.053587568523064705,-0.01978204296403485,-0.019980326907135963,0.20832250659429236,6751170.0,0.7612754529955549,0
2022-08-23,201.3123779296875,203.74603816855247,201.04953846480277,202.48053187356604,3525500,206.12658309936523,200.56617279052733,204.37070999145507,206.06247446761037,205.19457930586313,0.8678951617472421,1.6773947592132508,-0.8094995974660086,48.03208838419122,206.12658309936523,212.1026184590838,200.15054773964667,0.057984130623634916,-0.008676219281601005,-0.008714076804618194,0.20849425199831995,6620395.0,0.5325210957956437,0
2022-08-24,201.18582153320312,202.82124892708413,200.2220867374938,201.1468895053436,4230800,205.9597381591797,200.85334350585939,204.32945838928222,205.31222017000925,204.8976342856661,0.414585884343154,1.4248329842392315,-1.0102470998960775,38.71950329793039,205.9597381591797,212.29956628003524,199.61991003832415,0.06156376170915204,-0.0006286568058352371,-0.0006288544933810879,0.20616383242633934,5960325.0,0.7098270647993188,1
2022-08-25,204.2522430419922,204.3398512453954,201.02033512465198,201.88671757292252,4495000,205.90345611572266,201.17735412597656,204.28507652282715,205.14914676569893,204.84982752687546,0.2993192388234718,1.1997302351560797,-0.9004109963326079,40.30123512947242,205.90345611572266,212.28488277852415,199.52202945292117,0.061984648370496255,0.015241737640457886,0.01512674929994323,0.21328249465764643,5811220.0,0.7735036704857156,0
2022-08-26,197.50613403320312,204.6805598196796,197.321173474418,204.203571909006,5060200,205.47294387817382,201.31513549804689,204.24127899169923,203.97329865300728,204.30585023104788,-0.33255157804060786,0.8932738725167422,-1.22582545055735,35.0432233912848,205.47294387817382,212.87415638284426,198.07173137350338,0.07204075013456433,-0.03302832276560175,-0.03358607327071141,0.2423078729646938,5761245.0,0.8783170998629637,0
2022-08-29,196.9609832763672,198.54773443318328,195.2963532129834,195.9096403185273,4476200,205.05161514282227,201.58019561767577,204.18243408203125,202.89448090275494,203.76178601218265,-0.8673051094277184,0.54115807612785,-1.4084631855555685,37.853046430653286,205.05161514282227,213.37521596448906,196.72801432115548,0.08118542071340666,-0.002760171270145384,-0.0027639875669050744,0.2422591539766364,5583635.0,0.8016641488922539,0
2022-08-30,196.03616333007812,198.98575773461613,194.8972123588696,198.50875508012496,3918200,204.83183898925782,201.80810180664062,204.14385070800782,201.83935512234314,203.18951766536009,-1.3501625430169497,0.1628939522988901,-1.5130564953158399,32.886626862234934,204.83183898925782,213.87046568036783,195.7932122981478,0.08825411845844953,-0.004695447448043066,-0.004706505690588224,0.22810256603456486,5282575.0,0.7417216035740146,0
2022-08-31,193.4370574951172,197.77869905505113,193.36890787837706,195.66628374435666,6559000,204.3742446899414,201.89890075683593,204.08418632507323,200.54669394892375,202.46711320830505,-1.9204192593813048,-0.2537686900371489,-1.6666505693441558,30.82169309829122,204.3742446899414,214.72272317841927,194.02576620146354,0.10126988852414028,-0.013258297810004871,-0.013346973706871637,0.2275953767814579,5134520.0,1.2774319702718073,1
2022-09-01,194.81936645507812,195.11139378903363,191.44144498942094,193.44677856995645,5608300,203.74331588745116,202.02842346191406,204.0304167175293,199.66556664217828,201.90061344880675,-2.2350468066284748,-0.6500243133554141,-1.5850224932730606,33.243577897743535,203.74331588745116,214.8184688656639,192.66816290923842,0.10871672457054456,0.0071460400497243,0.007120628096929727,0.20906229953188166,5075450.0,1.1049857648090318,0
2022-09-02,192.51223754882812,197.10698887098874,191.62639658739636,197.06805684624047,4508100,202.88042144775392,202.05699768066407,203.95116775512696,198.56505447397058,201.20517819695647,-2.6401237229858907,-1.0480441952815096,-1.592079527704381,19.609070527728747,202.88042144775392,214.64614556651298,191.11469732899485,0.11598678704232675,-0.01184240021015559,-0.011913079997935365,0.2041305926424637,5023170.0,0.8974611649615681,1
2022-09-06,193.36888122558594,194.73172483370942,191.1883165987071,192.6485125447885,4547800,202.18425521850585,201.93031799316407,203.92519874572753,197.76564320498832,200.62471175463273,-2.8590685496444053,-1.4102490661540887,-1.4488194834903165,20.025853705613144,202.18425521850585,214.48629494619908,189.88221549081263,0.1216913722030243,0.0044498141399480495,0.00443994298936527,0.20425382685456456,5047390.0,0.9010201311965194,1
2022-09-07,195.10165405273438,195.80254932447644,191.9865722082596,193.4370389227584,4098300,201.72340469360353,201.87619110107423,203.91626953125,197.3557987200262,200.21559636930692,-2.859797649280722,-1.7001587827794153,-1.1596388665013067,26.515600083960692,201.72340469360353,214.37439370335377,189.07241568385328,0.12542906490167324,0.0089609704320881,0.008921059188328978,0.20443077567267234,5022465.0,0.8159937401256157,1
2022-09-08,195.38397216796875,195.77335183875655,191.73348205227458,192.16179374858822,4377600,201.18726959228516,201.93343658447264,203.92071044921875,197.05244078894043,199.8576982803189,-2.805257491378484,-1.9211785244992292,-0.8840789668792546,25.422629475484783,201.18726959228516,213.9643236155321,188.41021556903823,0.12701652593765195,0.001447030865038501,0.0014459849247599802,0.20084147745516984,4954025.0,0.8836451168494305,1
2022-09-09,199.75482177734375,200.92297567643925,196.00699406550058,196.70788937573442,4885600,200.90107116699218,202.05127960205078,203.97256927490236,197.46819171023324,199.85007779861704,-2.3818860883837942,-2.0133200372761424,-0.36856605110765184,37.958321257743854,200.90107116699218,213.5289337299353,188.27320860404907,0.12571224722287944,0.022370563771819674,0.02212401292366251,0.2194775697685603,4866325.0,1.0039608945148546,1
2022-09-12,201.14686584472656,201.69200329393541,199.51143864321853,201.02031077477398,3812300,200.67230758666992,202.24768798828126,204.01729942321776,198.03414157707837,199.94613617240293,-1.9119945953245576,-1.9930549488858256,0.08106035356126795,46.56969614018851,200.67230758666992,213.0965615891338,188.24805358420602,0.12382629324275737,0.006968763281891999,0.006944593674267373,0.2213059986972074,4734755.0,0.8051736573486907,0
2022-09-13,194.3715362548828,198.0707020670568,193.5927621596019,196.6883851035264,5217900,199.85703048706054,202.2640838623047,204.0051068878174,197.47066383520212,199.5332028451792,-2.062539009977087,-2.006951761104078,-0.05558724887300892,39.51773878585284,199.85703048706054,211.64043240969883,188.07362856442225,0.11791831284515347,-0.033683495695498,-0.03426385422570202,0.2292089090301132,4731120.0,1.1028889565261502,0
2022-09-14,194.11843872070312,195.54943183358597,192.80425652189066,194.69277885338937,4632800,198.99405364990236,202.2489862060547,204.01876174926758,196.95493689450996,199.13210920632912,-2.177172311819163,-2.040995871247095,-0.136176440572068,39.3672722597944,198.99405364990236,209.70396392528878,188.28414337451593,0.10764050562263297,-0.001302132704491199,-0.0013029812159442435,0.22785278599091133,4634540.0,0.9996245582085816,0
2022-09-15,190.18563842773438,194.99455249660085,189.36793231220287,192.83346143849582,6099300,198.06195983886718,202.14396026611328,204.01933723449707,195.91350636115985,198.46940766717395,-2.555901306014107,-2.1439769582004975,-0.4119243478136094,29.37476983491655,198.06195983886718,208.40706386340008,187.71685581433428,0.10446331070286424,-0.02025979767242636,-0.020467842128388467,0.23341624829149754,4694380.0,1.2992770078263796,0
2022-09-16,188.17059326171875,188.6767986983602,183.22539438314334,185.17232237373767,9398200,196.99358367919922,201.96598327636718,204.02203811645506,194.72228896124585,197.70653252602912,-2.98424356478327,-2.312030279517052,-0.6722132852662179,34.10669623234969,196.99358367919922,206.7447941496481,187.24237320875034,0.09900028506845752,-0.010595148943285171,-0.010651677171728316,0.232368188884549,4938470.0,1.903059044602883,0
2022-09-19,188.0050811767578,188.84226069559702,185.6493004037172,186.5059385050812,8133600,196.03520812988282,201.7697311401367,204.04138946533203,193.6888723790169,196.98790650015715,-3.299034121140238,-2.5094310478416895,-0.7896030732985486,34.55334406386949,196.03520812988282,205.33116414295944,186.7392521168062,0.09483965764881988,-0.0008795852853092923,-0.000879972347432435,0.2317233230725756,5136210.0,1.5835801106263179,0
2022-09-20,186.9732208251953,187.90773786312948,185.2404413951764,186.0289596416515,5292500,195.23015441894532,201.52388397216797,204.0162197113037,192.6556952168905,196.24607793164145,-3.5903827147509446,-2.725621381223541,-0.8647613335274036,34.426230367892416,195.23015441894532,204.74555944904714,185.7147493888435,0.097478845503371,-0.005488470551454738,-0.005503587544104016,0.22487064626327183,5143860.0,1.0288965873876816,0
2022-09-21,182.0572509765625,187.96617004209588,182.03777753645542,187.4210325501587,6705900,194.26739807128905,201.1843817138672,203.97600784301758,191.02516533376314,195.19505371274673,-4.169888378983586,-3.0144747807755503,-1.1554135982080358,31.887180767532556,194.26739807128905,205.00908154006837,183.52571460250974,0.11058657886422618,-0.02629237399311235,-0.026644199039919682,0.23801285435071473,5302880.0,1.264576984581963,0
2022-09-22,180.85984802246094,182.24217980571453,179.7598439369175,181.4050002734032,6604700,193.25109939575196,200.83395263671875,203.89901664733887,189.46127036279358,194.1331866245774,-4.671916261783821,-3.345963076977205,-1.325953184806616,27.649590126887944,193.25109939575196,205.03256059488632,181.4696381966176,0.12192904708922277,-0.006577068189696611,-0.006598792409524521,0.2375309634083795,5421575.0,1.2182253311998819,0
2022-09-23,179.0784454345703,179.6819883662449,177.39434200605584,178.60144272328694,10755800,191.99240951538087,200.4136898803711,203.79041145324706,187.86391268152846,193.0180206105028,-5.154107928974327,-3.7075920473766297,-1.4465158815976968,28.123032271370747,191.99240951538087,204.19651915466196,179.78829987609979,0.12713116805071809,-0.009849630016660171,-0.009898458515387832,0.22526738172236632,5734615.0,1.8755923457808414,0
2022-09-26,175.7978515625,179.60409918052554,175.1261590588624,178.1828352746088,9914600,190.9069953918457,199.8475500488281,203.657559967041,186.0075955862933,191.74245253287293,-5.73485694657964,-4.1130450272172325,-1.6218119193624077,23.47929144532202,190.9069953918457,204.7919850929995,177.02200569069188,0.1454633935509195,-0.01831931176367585,-0.018489188233978646,0.2076163437819004,5977335.0,1.658699069066733,0
2022-09-27,173.15003967285156,179.94482919540926,172.32260417205785,177.66691211033216,9799600,189.71644821166993,199.28345397949218,203.4998494720459,184.02951006114841,190.36523676546395,-6.335726704315533,-4.557581362636893,-1.7781453416786404,17.758078404144555,189.71644821166993,205.38456612901598,174.04833029432388,0.1651740591291785,-0.015061685146402826,-0.01517626428515947,0.20986770837535354,6243505.0,1.569567094124214,1
2022-09-28,174.42529296875,175.32089302582847,170.1907329814877,172.55624365070625,9751000,188.63590469360352,198.61950805664063,203.3387838745117,182.55193820077943,189.1845001879296,-6.632561987150154,-4.972577487539546,-1.6599844996106086,20.088917846808343,188.63590469360352,205.41061158844883,171.8611977987582,0.17785274677259386,0.007365018791262612,0.0073380294772197605,0.21541285397019372,6535145.0,1.492086250572864,1
2022-09-29,175.2819366455078,177.40409602490973,173.9872276604459,174.08458000820923,9105200,187.72814865112304,197.97833129882812,203.1935241699219,181.43347642304533,188.15468066626872,-6.721204243223383,-5.322302838676314,-1.3989014045470691,11.179743869645094,187.72814865112304,205.35231407632523,170.10398322592084,0.18776262965182938,0.00491123541877192,0.004899214643940095,0.21664805381979632,6662455.0,1.3666433769533903,0
2022-09-30,172.93589782714844,178.0660579832022,172.88723650345324,175.2819499599532,9472300,186.63397521972655,197.23542724609376,203.04156967163087,180.12615663906118,187.02736341892648,-6.901206779865305,-5.638083626914112,-1.2631231529511933,6.56478090614614,186.63397521972655,205.10149571255823,168.16645472689487,0.19790094993250434,-0.013384372989351578,-0.013474751051250837,0.21383874043306084,6855655.0,1.3816768784310178,1
2022-10-03,176.82972717285156,178.4943571251608,173.42260322074358,174.58102774108136,8842300,185.84984970092773,196.61879302978517,202.89780349731444,179.61901364425972,186.27198295625425,-6.652969311994525,-5.841060763930194,-0.8119085480643307,20.361818766809108,185.84984970092773,204.59611384887987,167.1035855529756,0.2017355857765706,0.022516027005538453,0.022266283145023626,0.23482475684771517,7072365.0,1.2502606978005235,1
2022-10-04,180.7235870361328,181.26873935754935,178.21206296840307,180.13951754400946,7081400,185.21758499145508,196.06895782470704,202.76353302001954,179.7889480122402,185.86099066587488,-6.072042653634668,-5.887257141871089,-0.18478551176357882,29.847683107402347,185.21758499145508,203.74781095781412,166.68735902509604,0.20009143264894555,0.02202039173806436,0.021781444359429684,0.2510655735503969,7199045.0,0.9836582491149868,1
2022-10-05,182.6899871826172,183.80947969546767,177.52089571683092,178.4748862781883,6119900,184.5970016479492,195.59304473876952,202.6511499786377,180.23526173075976,185.6261015189669,-5.390839788207131,-5.787973671138298,0.3971338829311666,38.01371784955262,184.5970016479492,202.5559929980159,166.63801029788252,0.19457511432733732,0.010880705605357477,0.010821936642337531,0.2523935859798511,7300125.0,0.8383281108200202,0
2022-10-06,180.66517639160156,183.0599043168944,180.33420220350106,181.69704583325696,5163000,183.86106185913087,195.1158938598633,202.5438452911377,180.30140244781234,185.2586255836065,-4.957223135794152,-5.6218235640694685,0.6646004282753166,38.00184896538435,183.86106185913087,201.1527628096615,166.56936090860023,0.18809530169883443,-0.011083315633448554,-0.011145193206741316,0.2532771571552779,7339395.0,0.7034639776166837,0
2022-10-07,178.95188903808594,179.7111897703508,177.1022985243551,178.5819679645634,5610300,182.82091522216797,194.58737396240235,202.3958261871338,180.09378500016211,184.79145991356793,-4.6976749134058196,-5.436993833936739,0.7393189205309199,36.20998219623193,182.82091522216797,198.51613173309826,167.12569871123767,0.1717004478602147,-0.009483218557858608,-0.009528470592159308,0.23416177279562356,7375630.0,0.7606536661952945,0
2022-10-10,177.3456573486328,179.8766695896918,176.09962466641707,179.24392395636767,4743800,181.63085479736327,194.0119595336914,202.22728485107422,179.67099613069607,184.239918982832,-4.568922852135927,-5.263379637576577,0.69445678544065,35.58727965819838,181.63085479736327,194.8967767706884,168.36493282403814,0.14607564323941855,-0.008975773869094317,-0.009016298804729546,0.22980896039717652,7422205.0,0.6391362135645674,0
2022-10-11,174.38633728027344,176.81999723721253,173.46154946741288,175.58369382000063,6294500,180.6315948486328,193.3919351196289,202.0504345703125,178.8579716921695,183.51002404190172,-4.652052349732202,-5.141114180007702,0.4890618302755003,37.80182962485945,180.6315948486328,192.82404219772528,168.43914749954033,0.13499794827488076,-0.016686735455505586,-0.01682752746244873,0.2098823424418111,7476035.0,0.8419569999337885,0
2022-10-12,173.51022338867188,175.79785480621848,173.4907499501819,174.33765885097884,4884300,179.60118408203124,192.853505859375,201.864313583374,178.03524118393912,182.7692980675884,-4.734056883649288,-5.059702720736019,0.3256458370867312,38.19208319339474,179.60118408203124,190.3978596482895,168.80450851577297,0.12022944749993393,-0.005023982413217776,-0.0050366450418815765,0.20935077300644211,7488610.0,0.652230520750847,1
2022-10-13,179.75982666015625,180.45097763147632,169.96678332932547,170.35616290298083,8426400,179.07989349365235,192.3969235229492,201.70740730285644,178.30056202643405,182.54637425963045,-4.245812233196403,-4.896924623228096,0.6511123900316926,50.9572704319518,179.07989349365235,188.66341643357487,169.49637055372983,0.10703069733802599,0.03601864575717206,0.03538514151044039,0.2484368952151452,7604965.0,1.1080129888829207,0
2022-10-14,177.7740020751953,182.1643344970031,177.23860872472557,181.83334542729617,6449400,178.56006393432617,191.80364471435547,201.53999099731445,178.21955280316655,182.19286520893155,-3.973312405765,-4.712202179735477,0.7388897739704765,52.881103454903744,178.56006393432617,187.14301713021993,169.9771107384324,0.09613519402693033,-0.011047098908897102,-0.011108571252673378,0.2486325057090807,7457525.0,0.8648177511976158,1
2022-10-17,180.33419799804688,183.56610546450102,177.99789044326837,181.0642959656503,13952100,178.17651977539063,191.21492614746094,201.38682815551758,178.54488283314814,182.05518615627344,-3.5103033231252994,-4.471822408413441,0.9615190852881419,60.50087942057714,178.17651977539063,185.58797229235012,170.76506725843115,0.08319224695041036,0.014401407927851162,0.01429869264135489,0.2559436759742168,7748450.0,1.8006310939607277,1
2022-10-18,182.20326232910156,185.14312788487047,180.81121588371514,184.4617060286015,5209200,177.93802185058593,190.71314727783204,201.24862663269042,179.1077104479102,182.0661547616681,-2.9584443137578944,-4.169146789482332,1.210702475724438,61.17485036608845,177.93802185058593,184.4043038862805,171.47173981489135,0.07268016097340112,0.010364447519127351,0.01031110489423562,0.2592085923816617,7744285.0,0.6726508644761912,0
2022-10-19,181.4634246826172,182.6607812229282,179.85720019792527,180.56783960049273,4927000,177.90833053588867,190.25604248046875,201.08387367248534,179.4701280224805,182.0215080891458,-2.5513800666653026,-3.8455934449189266,1.294213378253624,58.911044847559126,177.90833053588867,184.29999617889393,171.5166648928834,0.0718534722208065,-0.0040605071337749266,-0.0040687733772151406,0.24207139795993454,7655340.0,0.6436030274292194,1
2022-10-20,182.25189208984375,185.91211059561357,181.48284737699052,181.51206495628094,5706700,177.97793273925782,189.7789468383789,200.918076171875,179.89809172515177,182.03857357067898,-2.140481845527205,-3.504571125040582,1.3640892795133772,64.06109439839042,177.97793273925782,184.53315216554316,171.4227133129725,0.07366328314296015,0.004345048643304317,0.004335636174687773,0.24127098377765713,7610440.0,0.7498515197544425,1
2022-10-21,185.3183135986328,185.88292443002464,180.13949349456837,180.86959140266265,7582500,178.28992614746093,189.3757373046875,200.77952110290528,180.73197201337965,182.28151727645334,-1.5495452630736963,-3.1135659526472055,1.5640206895735091,63.140455107200765,178.28992614746093,185.61450694645836,170.9653453484635,0.08216483070321516,0.01682518339660044,0.016685207892264547,0.24466165936404968,7451775.0,1.0175428002053202,1
2022-10-24,185.6493377685547,188.0051190157332,184.08206003484256,186.3307596410637,7299200,178.78250045776366,188.97428131103516,200.64383178710938,181.48848982186811,182.53098546105343,-1.0424956391853186,-2.6993518899548286,1.65685625076951,58.57051678930718,178.78250045776366,186.70226870375126,170.86273221177606,0.08859668284881828,0.0017862463967743825,0.0017846529559158648,0.23282737534916736,7321005.0,0.9970215837852863,1
2022-10-25,189.221923828125,190.04935925787723,185.65904227258721,185.80505592081383,11907200,179.58609466552736,188.54517822265626,200.53951316833496,182.6782488997538,183.02661052528097,-0.3483616255271613,-2.229153837069295,1.8807922115421336,60.76357336645638,179.58609466552736,188.31926959769544,170.85291973335927,0.09725892139292085,0.019243731771476424,0.01906091285428929,0.22968329645408186,7426385.0,1.6033642209500316,1
2022-10-26,197.9344482421875,200.89377243602004,191.28568695881222,191.36356586573976,15450000,180.7615524291992,188.27630767822265,200.5029167175293,185.02535649089745,184.13089480060736,0.8944616902900862,-1.604430731597419,2.498892421887505,73.31763109998182,180.7615524291992,192.4114344852314,169.11167037316702,0.12889778716184935,0.046043947962268295,0.04501538002040957,0.2729403522984945,7711335.0,2.0035441334088064,1
2022-10-27,198.86895751953125,200.84510313983446,196.2406076441128,197.92471108850685,7946700,181.9409034729004,188.07713653564454,200.4593244934082,187.15514126453343,185.22260315015728,1.9325381143761433,-0.8970369624027066,2.82957507677885,77.47051195116745,181.9409034729004,195.8178314956094,168.0639754501914,0.1525432462720064,0.004721306905609124,0.004710196492881892,0.27295566866382337,7653410.0,1.0383214802290743,1
2022-10-28,203.7849578857422,205.90711720984928,197.91497093252434,199.56012753123227,8455600,183.48335647583008,187.9620733642578,200.43387313842774,189.71357459087324,186.59759238983025,3.115982201042982,-0.09443312971356888,3.210415330756551,83.41544843950442,183.48335647583008,199.79087966759076,167.1758332840694,0.17775479482150022,0.02471979753666753,0.024419206961548815,0.2696848170325981,7602575.0,1.1122021157305255,0
2022-10-31,201.6627960205078,204.05750902614554,200.72826409014212,203.37608722998363,8674100,184.7250099182129,187.85187744140626,200.40124839782715,191.55191634927854,187.71353339951008,3.8383829497684587,0.6921300861828367,3.146252863585622,85.21875706802405,184.7250099182129,202.6051954166274,166.84482441979839,0.19358705685094799,-0.01041373164757442,-0.010468333957663658,0.2721062962342152,7594165.0,1.1422058909702384,0
2022-11-01,201.4389190673828,204.39825824932606,199.88138541983463,203.3663886800281,5919500,185.7607765197754,187.819169921875,200.36910194396972,193.07299369052535,188.73022863416733,4.342765056358019,1.4222570802178731,2.9205079761401453,86.6786929384997,185.7607765197754,205.0123904443621,166.50916259518868,0.2072731852791028,-0.001110154959381937,-0.0011107716378468764,0.26721023685076917,7536070.0,0.7854889882923062,0
2022-11-02,195.6175994873047,201.50706000907098,195.25742253908166,200.2999592297348,6985600,186.40715713500975,187.70527435302733,200.30281379699707,193.46447150541448,189.24040425291824,4.224067252496241,1.9826191146735468,2.241448137822694,71.06291991366119,186.40715713500975,206.087968455986,166.72634581403352,0.21115939563116606,-0.02889868356636116,-0.029324473771956842,0.29281251307608347,7579355.0,0.92166153980121,0
2022-11-03,189.58212280273438,193.5733313296081,189.02724116710667,193.0184496939804,8236200,186.8530044555664,187.47320037841797,200.21133491516113,192.86718708961754,189.2657167380898,3.6014703515277517,2.306389362044388,1.2950809894833637,64.16063691456264,186.8530044555664,206.38959660123786,167.31641230989496,0.2091118866682954,-0.03085344417061009,-0.03133943412167775,0.3136177790227024,7733015.0,1.0650697043779174,1
2022-11-04,191.7529296875,196.10431484521982,190.15644936222992,191.772403126092,9680100,187.4930564880371,187.22321411132813,200.13230796813966,192.69576287390714,189.44995473434238,3.245808139564758,2.4942731175484623,0.751535022016296,63.822765787039366,187.4930564880371,206.77686952830908,168.20924344776512,0.20570162331854006,0.011450483055432503,0.011385422453510204,0.3117214514353063,7936505.0,1.219693051286429,1
2022-11-07,194.79014587402344,195.1211200581026,191.9378887247071,193.0573811998662,7821300,188.36528091430665,187.16889434814453,200.10923316955567,193.0179756431558,189.84552444839284,3.1724511947629708,2.629908732991364,0.5425424617716068,64.8177807477025,188.36528091430665,207.2913039944043,169.439257834209,0.2009502280699775,0.015839216597489214,0.015715085252795233,0.3108426481339048,8090380.0,0.96674074641735,1
2022-11-08,196.42555236816406,198.70345441985546,194.43969246886718,196.30874144875864,6943700,189.46724166870118,187.15818572998046,200.11408889770507,193.542218216234,190.33293392393145,3.2092842923025557,2.7457838448536025,0.46350044744895325,67.25027373623931,189.46724166870118,207.5121792672092,171.42230407019315,0.19048081810428277,0.008395735250376957,0.00836068709854425,0.30033097806045067,8122840.0,0.8548364857611377,0
2022-11-09,189.20582580566406,196.42556950737068,188.62045083768726,195.81091164826674,7320200,190.25202178955078,187.02157897949218,200.08211975097657,192.87508092230019,190.2494444336894,2.6256364886107804,2.7217543736050382,-0.09611788499425789,56.981993368735615,190.25202178955078,206.6665098094574,173.83753376964415,0.17255520194222884,-0.03675553651476027,-0.03744804323675414,0.3350825048751217,8244635.0,0.8878743570819084,1
2022-11-10,200.5623016357422,200.74766071182032,195.14749720665853,198.142703962063,8048900,191.2921455383301,187.1640838623047,200.08819610595702,194.05773026282972,191.0133597819896,3.044370480840115,2.7862775950520535,0.25809288578806155,63.12120954218204,191.2921455383301,207.54279277504284,175.04149830161734,0.16990396747321268,0.060021808428576184,0.05828948190155698,0.37359852910083,8225760.0,0.978499251133026,0
2022-11-11,200.0061798095703,201.4013377229297,197.22560013543313,200.9818197110804,9601000,192.40375442504882,187.26782012939452,200.09013633728028,194.97287634694368,191.67949459884744,3.2933817480962375,2.8876984256608904,0.4056833224353471,62.30990035795775,192.40375442504882,207.77890524780722,177.02860360229042,0.15982173392305413,-0.0027728133434661295,-0.0027766647114488415,0.3697993520835555,8383340.0,1.1452475982126455,1
2022-11-14,201.8208465576172,204.07457207944768,198.2597672965464,198.5426962839324,5796100,193.47808685302735,187.4539923095703,199.99536125183104,196.02641022550884,192.43070585505262,3.595704370456218,3.0292996146199562,0.5664047558362619,61.1383922127586,193.47808685302735,208.29487055814243,178.66130314791226,0.15316239628077807,0.009073053391523533,0.009032140526133497,0.368707334831086,7975540.0,0.7267344907053316,1
2022-11-15,204.8745880126953,208.5234709994812,202.45499081378256,204.8745880126953,7316100,194.61165313720704,187.6841064453125,199.9247149658203,197.38766834661445,193.3524749037669,4.035193442847543,3.230478380265474,0.8047150625820692,56.81776006192554,194.61165313720704,209.2645511599206,179.9587551144935,0.1505860290121765,0.015130951569992224,0.015017620496975838,0.369859514572609,8080885.0,0.9053587571163307,1
2022-11-16,205.0209503173828,205.7526801793065,203.14772365730795,203.49895458651463,6125300,195.7895294189453,187.88249237060546,199.8248313140869,198.56201941904035,194.2168064158866,4.345213003153759,3.4534253048431314,0.8917876983106279,56.1385665568503,195.7895294189453,209.76386644525863,181.81519239263199,0.14274856339647665,0.0007143995070701958,0.0007141444452124925,0.3684993445117959,8140800.0,0.752419909591195,1
2022-11-17,205.8502655029297,206.13319452037285,202.2696688973851,202.89407783075094,5385600,196.9694480895996,188.0918182373047,199.7142790222168,199.68328804733102,195.07854412603794,4.604743921293078,3.683689028133121,0.9210548931599574,52.243793561443724,196.9694480895996,210.08991484560894,183.84898133359027,0.1332233692409084,0.004045026541253716,0.004036867416577112,0.3685228066306958,8124745.0,0.6628638806510235,0
2022-11-18,205.66488647460938,208.95278805507652,204.63071059986797,207.97714819028909,8028500,197.98677673339844,188.21001953125,199.6215850830078,200.60353395922,195.86271763333954,4.740816325880445,3.8951144876825863,0.8457018381978587,54.53896960867891,197.98677673339844,210.4418255080067,185.53172795879019,0.12581697606380812,-0.0009005527773665589,-0.0009009585186315419,0.3672157959831903,8147045.0,0.9854493254916353,0
2022-11-21,201.2940216064453,205.42097401604067,200.8744887283938,205.1770640528032,10450900,198.76901092529297,188.21296264648439,199.52228775024415,200.70976282802388,196.2650364461622,4.4447263818616705,4.005036866518403,0.43968951534326717,49.84979389368521,198.76901092529297,209.85097162692603,187.68705022365992,0.11150591986190633,-0.021252363216137438,-0.021481446204828374,0.37919514314219727,8304630.0,1.2584425796212475,1
2022-11-22,205.2063446044922,205.35268463654938,200.34766200810668,202.48430091155964,5273100,199.56823196411133,188.42965881347655,199.448507232666,201.40154463978826,196.92735556900146,4.474189070786792,4.098867307372081,0.37532176341471146,60.34967762251629,199.56823196411133,210.03988904097423,189.09657488724844,0.10494312620603896,0.0194358628578446,0.01924939866387226,0.37929601922520517,7972925.0,0.661375843871603,1
2022-11-23,206.57220458984375,207.645414293007,204.80629898588725,204.8843519540338,3807300,200.00011978149413,188.67873413085937,199.37777961730956,202.19703078595063,197.6417888298046,4.555241956146034,4.190142237126872,0.36509971901916227,70.39416760017203,200.00011978149413,210.89212506542046,189.1081144975678,0.10891998760626895,0.006656031946692842,0.006633978371501334,0.3461669968937639,7390790.0,0.515141141880638,1
2022-11-25,208.58203125,208.7869221631866,206.240501629171,206.55271351839207,1993500,200.48577346801758,189.04666198730467,199.30291534423827,203.17933854965054,198.4521771572265,4.727161392424051,4.297546068186308,0.4296153242377434,70.27930676378955,200.48577346801758,212.01306316704174,188.95848376899343,0.11499359280834995,0.009729414778463674,0.009682388799965032,0.34707491368958965,7093130.0,0.28104659015131545,0
2022-11-28,206.11361694335938,209.24542661585383,205.51847619070188,207.0892565452845,10229400,200.60220642089843,189.4055224609375,199.2394955444336,203.6307659948365,199.01969121545858,4.61107477937793,4.360251810424632,0.2508229689532975,63.834592269205345,200.60220642089843,212.31535071344246,188.8890621283544,0.11677981515285839,-0.01183426152218292,-0.011904843807211785,0.3403837606481224,7181820.0,1.4243464748489938,0
2022-11-29,203.96726989746094,205.03071378837302,202.29893404788015,204.25021379799395,8986900,200.7174301147461,189.72476623535155,199.16970832824708,203.68253582600948,199.38617852523652,4.296357300772968,4.3474729084943,-0.05111560772133217,59.10056740680947,200.7174301147461,212.5195046932644,188.9153555362278,0.1175989008206342,-0.010413417015957105,-0.010468016015128116,0.3403836233563672,7197460.0,1.2486210413117962,1
2022-11-30,211.7138214111328,211.7138214111328,202.94281487903677,203.14770577265344,13918100,201.2311752319336,190.2195782470703,199.13550201416015,204.91811822372077,200.2993372575251,4.618780966195658,4.401734520034572,0.2170464461610857,76.81933849641351,201.2311752319336,214.01886647675437,188.44348398711284,0.12709453423488698,0.03797938521002053,0.037275924440529136,0.3648953054156769,7597390.0,1.8319580803407487,0
2022-12-01,211.7138214111328,213.3236210108091,210.0552368475401,211.7138214111328,11261500,202.035986328125,190.81270965576172,199.08926879882813,205.96361102178417,201.1448546022368,4.818756419547384,4.485138899937135,0.3336175196102493,68.21799998005764,202.035986328125,215.3512976199199,188.7206750363301,0.13181128306686524,0.0,0.0,0.3455693853253415,7811185.0,1.4417146694131555,1
2022-12-02,212.35777282714844,213.15778976099404,209.0210863344036,210.4747801797702,5132800,203.1747688293457,191.44266815185546,199.04140602111818,206.94732822260943,201.97544113741543,4.971887085193998,4.5824885369885076,0.3893985482054907,70.12079326445064,203.1747688293457,215.88752449076745,190.46201316792397,0.1251410865105959,0.003041612549069761,0.0030369962040070063,0.3199860450180787,7656015.0,0.6704271086198238,0
2022-12-05,208.47471618652344,211.62604362350922,207.86007320369623,210.3967278836894,9006300,204.01085815429687,192.03059356689454,198.99454414367676,207.1823109862885,202.45686891883082,4.725442067457692,4.611079243082345,0.1143628243753474,60.154860765035465,204.01085815429687,215.7206594365248,192.30105687206893,0.1147958632022578,-0.018285446249173387,-0.018454691344323818,0.33036005979956024,7622325.0,1.1815686158750776,0
2022-12-06,203.9867706298828,206.96247498941355,202.58184693967277,206.83563705188345,5986000,204.47068939208984,192.59437194824218,198.93455352783204,206.69068939299532,202.57019497150134,4.120494421493987,4.5129622787646735,-0.39246785727068634,48.70187703975133,204.47068939208984,215.34864894086033,193.59272984331935,0.10640116273986912,-0.021527529279019353,-0.021762626705314495,0.3396832559710739,7530560.0,0.7948944036034504,0
2022-12-07,202.7477264404297,203.92825727675316,200.13301863871072,203.71361530651254,7923800,204.78679809570312,193.18632568359374,198.8750112915039,206.08407970798524,202.58334545068124,3.5007342573040034,4.31051667447254,-0.8097824171685364,46.77912147402248,204.78679809570312,215.02926280819264,194.5443333832136,0.10003051766748075,-0.006074139933815892,-0.006092662565913125,0.3402486321213771,7579565.0,1.0454161947288532,1
2022-12-08,204.00628662109375,205.17705139499023,202.68916694603408,204.40628762194345,4896500,205.5268211364746,193.77794555664062,198.8478035736084,205.76441923307885,202.68874850034143,3.0756707327374215,4.0635474861255165,-0.987876753388095,47.41870701031219,205.5268211364746,212.71164746815444,198.34199480479478,0.06991619188143758,0.006207518095320497,0.006188330817511941,0.3083601517388877,7458380.0,0.6565098587092639,0
2022-12-09,203.61602783203125,205.39169945350488,202.46477998810795,202.84527892312624,4928400,205.67950744628905,194.3446273803711,198.81209770202636,205.43389747907153,202.75743585824438,2.6764616208271548,3.7861303130658444,-1.1096686922386896,47.14826377827334,205.67950744628905,212.5427064813096,198.8163084112685,0.06673682877048707,-0.001912974328028172,-0.0019148064002623012,0.2264861716719034,7302355.0,0.674905561288105,1
2022-12-12,209.36253356933594,209.5869414339533,204.36726273709664,204.88435062150822,5941700,206.14732513427734,195.07316009521483,198.7955709838867,206.0383030314199,203.2467023553623,2.7916006760576124,3.5872243856641983,-0.7956237096065859,60.816092593532005,206.14732513427734,212.64821733035006,199.6464329382046,0.0630703521555593,0.02822226618645729,0.02783135590611031,0.24580578548962967,7119390.0,0.8345799288984028,0
2022-12-13,207.8502960205078,214.62123860072066,207.44052909178797,214.19195470765743,14585000,206.44879760742188,195.69357147216797,198.78675888061522,206.31707118358727,203.58770929352124,2.7293618900660306,3.415651886544565,-0.6862899964785343,53.78805235598431,206.44879760742188,212.65756181724032,200.24003339760344,0.0601482234992221,-0.007223057168093128,-0.007249269745085219,0.2467442692480777,7558835.0,1.929530145849195,1
2022-12-14,208.12350463867188,211.0113903229953,206.47467087307578,207.66495270787001,7001700,206.6112434387207,196.24156982421874,198.81398635864258,206.59498402283106,203.92369413390276,2.6712898889282997,3.266779487021312,-0.5954895980930122,52.29442149506387,206.6112434387207,212.81659446815013,200.40589240929125,0.06006789297766263,0.0013144490212182447,0.0013135858893826263,0.2415038858466018,7543115.0,0.9282239499198939,0
2022-12-15,202.84527587890625,206.6600310977897,201.78183206200484,204.49410953493467,10831800,206.50245971679686,196.64467559814454,198.81719894409179,206.01810584684262,203.8438113001993,2.174294546643324,3.0482824989457145,-0.8739879523023903,42.26316642946337,206.50245971679686,212.89854590708018,200.10637352651355,0.06194682813032911,-0.025361041122814454,-0.025688175149243778,0.25887625354903454,7778440.0,1.3925414350435306,0
2022-12-16,201.85009765625,203.32330824914675,200.29883410062567,202.43548743316657,12472900,206.30245132446288,197.0683740234375,198.8214974975586,205.37687381752067,203.6961288080549,1.6807450094657668,2.774775001049725,-1.0940299915839584,44.01209179684821,206.30245132446288,213.02619028177733,199.57871236714843,0.0651833161859979,-0.004906095142439226,-0.004918169535481635,0.25878410273376135,8132805.0,1.53365290327261,0
2022-12-19,199.83055114746094,202.41599066477153,198.98173439754157,201.5964568049918,4893600,206.01073455810547,197.485947265625,198.84935363769532,204.52359340674224,203.409789722085,1.1138036846572277,2.442580737771226,-1.3287770531139982,44.169410222286075,206.01073455810547,213.3307603125445,198.69070880366644,0.07106450807178119,-0.010005179745953607,-0.010055567933808554,0.2608153146051703,7976060.0,0.6135360064994496,1
2022-12-20,200.35739135742188,201.49888814514162,198.59148568871657,198.91344861147064,5024900,205.9639030456543,197.9461819458008,198.92635009765624,203.88263924530833,203.18368613951736,0.698953105790963,2.0938552113751734,-1.3949021055842104,29.903369406666656,205.9639030456543,213.42167518980773,198.50613090150085,0.0724182444969528,0.002636434754023975,0.002632965456298121,0.2501565521408056,7704760.0,0.6521812489941283,1
2022-12-21,201.77207946777344,202.89407425238608,200.57204659406423,201.53793542631777,4086900,205.79218978881835,198.49389678955077,199.00552200317384,203.55793774107218,203.07912268235114,0.4788150587210396,1.7708471808443467,-1.292032122123307,33.245714368001714,205.79218978881835,213.47806222427266,198.10631735336403,0.0746954725866076,0.00706082316587886,0.007036012275732256,0.2410180600604973,7645450.0,0.5345532310066772,0
2022-12-22,200.06468200683594,201.6159456151427,197.2060647243743,200.73787580702816,5690300,205.46681365966796,199.02498596191407,199.03711868286132,203.02051378195893,202.85583078046113,0.16468300149779225,1.4496143449750358,-1.2849313434772436,29.999980139993184,205.46681365966796,213.5541467896968,197.37948052963912,0.07872155104740731,-0.008462010529113884,-0.00849801660663477,0.24084352032543319,7739600.0,0.7352188743604321,1
2022-12-23,200.8159637451172,201.21597967968975,198.56223794299322,199.15737888145273,3246000,205.07851028442383,199.44610870361328,199.0811524963379,202.6813522378294,202.7047295185838,-0.02337728075440282,1.1550160198291481,-1.178393300583551,36.12591176512865,205.07851028442383,213.28099746254415,196.8760231063035,0.07999362943239909,0.0037551942239140157,0.003748161083790272,0.23806978096057693,7802225.0,0.416035169454867,1
2022-12-27,201.26470947265625,201.8403482164441,199.61589086587983,200.9037275433789,2904900,204.83606491088867,199.9159228515625,199.13354034423827,202.46340719703352,202.5980613670336,-0.13465417000008983,0.8970819818633006,-1.0317361518633903,44.223552123802165,204.83606491088867,213.19488396891387,196.47724585286346,0.08161472015840182,0.0022346118265210713,0.002232118794794793,0.23541978059613156,7436000.0,0.39065357719203875,0
2022-12-28,199.9964141845703,203.4501726337237,199.81104023486898,201.64523299272724,3139200,204.63752212524415,200.30916717529297,199.1620315551758,202.08386981050072,202.40534676092523,-0.3214769504245112,0.6533701954057383,-0.9748471458302495,44.16871812053622,204.63752212524415,213.2674681009925,196.0075761494958,0.08434373018323162,-0.006301627798579568,-0.006321566864888644,0.23370525047518192,7143615.0,0.43944137527008387,1
2022-12-29,202.99163818359375,203.45019013427302,200.49400238496503,200.93303736897525,3675500,204.2014129638672,200.72493469238282,199.17732383728028,202.22352648328425,202.44877575519695,-0.22524927191270194,0.47764630194205027,-0.7028955738547522,47.9969539819938,204.2014129638672,212.18286441066775,196.21996151706665,0.07817234299169949,0.01497638850794214,0.014865349669421669,0.19383928657060082,6631485.0,0.5542499153658645,0
2022-12-30,202.6989288330078,202.97210679863468,200.68911313428904,201.28425403520814,4159400,203.75066833496095,201.1496447753906,199.16336517333986,202.29666530631863,202.46730561281257,-0.17064030649393658,0.3479889802548529,-0.5186292867487895,48.182529079595206,203.75066833496095,210.9229792400127,196.5783574299092,0.07040282089539601,-0.0014419773799805302,-0.0014430180298787654,0.19370648215581493,6276380.0,0.6627068469404338,0
2023-01-03,202.3379364013672,207.15759936849938,201.13790362242318,204.18189501763013,4202800,203.2496765136719,201.5513656616211,199.13993927001954,202.30301470555688,202.45772270826106,-0.15470800270418295,0.24744958366304579,-0.40215758636722876,32.300962527700165,203.2496765136719,209.18340553274007,197.3159474946037,0.058388570361823336,-0.0017809291530002103,-0.0017825168927055343,0.19276195183731565,6229880.0,0.6746197358536601,1
2023-01-04,207.4307861328125,208.0064100631676,204.5136176637473,204.5136176637473,6606200,203.19748001098634,201.9936151123047,199.11452987670899,203.09190261744237,202.82609777674637,0.2658048406960063,0.2511206350696379,0.014684205626368407,49.10457512508199,203.19748001098634,208.9533843280154,197.44157569395728,0.05665330413268764,0.025170019137404243,0.02485847116425264,0.20633584347235068,6109875.0,1.0812332494527301,0
2023-01-05,205.96731567382812,208.94301999646237,205.33315576820453,208.59178907826487,5246000,203.2965072631836,202.39997467041016,199.09184150695802,203.53427385688633,203.0587805839376,0.47549327294873933,0.2959951626454582,0.1794981103032811,45.62025244266358,203.2965072631836,209.176400672382,197.4166138539852,0.057845493642312264,-0.007055223027730095,-0.007080228797314112,0.1923922865715306,6072875.0,0.8638412613465616,1
2023-01-06,212.44554138183594,212.82604026345453,207.89905687741268,208.78689256354946,6829700,203.7813980102539,202.86444702148438,199.094609375,204.90523809149397,203.75409619859673,1.1511418928972432,0.46702450869581524,0.684117384201428,68.59403454579952,203.7813980102539,210.93275018379785,196.63004583670994,0.0701865061617068,0.03145268795106704,0.030968185246084166,0.21945900063869656,6018170.0,1.1348466394269354,1
2023-01-09,213.2748565673828,216.79691668121603,213.0309466284389,213.73340844356386,6294500,204.24482650756835,203.1712551879883,199.1199031829834,206.19287170316917,204.4593377073957,1.7335339957734845,0.7203264061113491,1.0132075896621355,72.27084821808347,204.24482650756835,212.56352568622827,195.92612732890842,0.08145811397922165,0.003903660110504914,0.0038960606002255475,0.21908495051325427,6088070.0,1.033907297386528,1
2023-01-10,215.7041778564453,216.97251244478068,212.8650627544882,213.6553434172085,10857000,204.84923400878907,203.50795959472657,199.14458976745607,207.65614957290398,205.29228882954752,2.3638607433564687,1.0490332735603731,1.3148274697960955,80.4566741576718,204.84923400878907,214.607563979488,195.09090403809014,0.09527328738051559,0.011390565808656161,0.011326181766430504,0.2207636879200174,6384500.0,1.7005247082778605,1
2023-01-11,216.68960571289062,216.7676437963227,214.3480612587174,215.89932496909245,5408200,205.2155876159668,203.76605255126952,199.1687718963623,209.04591205597885,206.13653452460997,2.9093775313688752,1.4211021251220735,1.4882754062468018,80.79464635072617,205.2155876159668,216.16483895292237,194.26633627901123,0.10670974329148536,0.004568422671447525,0.004558019101830558,0.199868678661368,6357825.0,0.8506368136902164,1
2023-01-12,218.1725616455078,218.35793558462618,215.23589128313185,216.68959990672397,4264400,205.7317008972168,204.09624786376952,199.18902114868163,210.45001199282947,207.02809208912092,3.421919903708556,1.8212656808393701,1.6006542228691858,80.8439616748376,205.7317008972168,218.0867384569182,193.3766633375154,0.12010825269824563,0.006843687438252477,0.006820375707737647,0.1976745230753986,5841795.0,0.7299811102580628,0
2023-01-13,217.62620544433594,218.30915030821072,214.77733909282864,216.50422565990462,4283200,206.2068359375,204.41999359130858,199.1708950805664,211.5540417545997,207.81313752284055,3.7409042317591457,2.2051933910233252,1.5357108407358204,84.53570382604437,206.2068359375,219.63356869355096,192.78010318144902,0.1302258743751883,-0.002504238833018868,-0.0025073796838080164,0.19844145258322893,5705870.0,0.750665542677979,0
2023-01-17,217.5677032470703,218.93359318706146,216.9530453305324,216.9628112575148,6101100,206.9429573059082,204.85899566650392,199.1726988220215,212.479220445749,208.53569794685757,3.94352249889144,2.5528592125969483,1.3906632862944917,83.86599229298977,206.9429573059082,221.18336091494336,192.70255369687305,0.13762636616799323,-0.0002688196356968042,-0.0002688557741717052,0.16998563289835553,5469335.0,1.1155103865460791,0
2023-01-18,214.11392211914062,219.5092091496978,214.0944051542964,218.62137333781314,6558000,207.55614852905273,205.34963165283204,199.16780532836913,212.73071301088618,208.94889973739706,3.7818132734891208,2.798650024775383,0.9831632487137378,73.1622290681043,207.55614852905273,221.92873682778253,193.18356023032294,0.13849349586208945,-0.015874512054795065,-0.016001861661340183,0.18131509507298896,5173590.0,1.2675917496361326,1
2023-01-19,215.04078674316406,216.12374759144438,212.20167115617463,212.78706103143864,4853100,208.3166603088379,205.81538879394532,199.14528717041014,213.08610896969816,209.40015062671313,3.6859583429850318,2.976111688417313,0.7098466545677189,77.45724686759229,208.3166603088379,222.57725038574546,194.05607023193033,0.13691262192630832,0.004328838661447287,0.004319496191030066,0.17468086215945156,5171565.0,0.9384199947211337,1
2023-01-20,218.84576416015625,218.9628361738971,215.04077484275805,215.75298773815163,5211000,209.2410789489746,206.29650115966797,199.13510177612304,213.97220976823016,210.0998257032645,3.8723840649656722,3.1553661637269848,0.7170179012386875,78.1044224156772,209.2410789489746,223.72447858332046,194.75767931462875,0.1384374397904703,0.017694212686901523,0.017539492540349606,0.18147409410748155,5180870.0,1.0058156255609578,0
2023-01-23,218.71893310546875,220.68972975894226,217.71402525700807,219.12871494062517,5501500,210.0884216308594,206.74236877441408,199.13228385925294,214.7024748970361,210.73827810342777,3.9641967936083233,3.3171322897032525,0.6470645039050709,78.56647262955745,210.0884216308594,224.71418176296896,195.4626614987498,0.13923432827543536,-0.0005795453943293616,-0.0005797133956741453,0.18206105269199796,5251600.0,1.0475854977530656,0
2023-01-24,218.43600463867188,224.39716469630486,211.35286471239044,216.61156288957272,5274900,211.00698776245116,207.32697235107423,199.16238540649414,215.27686408805698,211.3084800690014,3.968384019055577,3.447382635573718,0.5210013834818592,78.78581504552511,211.00698776245116,225.28555170033766,196.72842382456466,0.13533735625818344,-0.0012935709898531655,-0.00129440837502874,0.17721323968899372,5230830.0,1.0084250491795756,1
2023-01-25,219.42138671875,219.48968865106406,215.78225440570804,216.22128934160028,4729600,211.9372589111328,207.70415405273437,199.21128326416016,215.91448295431744,211.90943611713092,4.005046837186512,3.558915475896277,0.44613136129023534,75.13295439571476,211.9372589111328,225.83958468915688,198.03493313310872,0.13119284310318885,0.0045110790307125725,0.004500934610448369,0.17719362754610188,5305010.0,0.8915346059668126,0
2023-01-26,219.2360382080078,221.5482998988106,218.22136442277903,220.49460706972658,7043400,212.8358253479004,208.08875122070313,199.25522933959962,216.42549145488516,212.4521473831218,3.973344071763364,3.6418011950696947,0.33154287669366944,79.38650472608319,212.8358253479004,226.1441138579274,199.52753683787338,0.12505684593534336,-0.0008447148817802841,-0.0008450718544369355,0.17805054023077865,5511935.0,1.27784525760917,1
2023-01-27,225.80209350585938,227.16798336667387,221.71416007566629,222.44588997690613,11382600,214.12610931396483,208.56837615966796,199.3428199005127,217.8680456165735,213.44103228110237,4.427013335471145,3.7988436231499847,0.62816971232116,79.46638784739358,214.12610931396483,227.1947705527368,201.05744807519287,0.12206508847185836,0.029949707865190467,0.029509973734103176,0.19499415703652193,5924105.0,1.9214041614724924,0
2023-01-30,223.51907348632812,224.80691021969267,222.37756187407794,224.5922682829517,5677400,215.15248107910156,208.94126586914064,199.43524093627929,218.7374345196127,214.18755385185983,4.549880667752859,3.94905103207056,0.6008296356822993,71.23791820855749,215.15248107910156,227.75519260697524,202.54976955122788,0.11715144036140814,-0.010110712368005648,-0.010162172781770756,0.2002095336236596,6024200.0,0.9424321901663292,1
2023-01-31,224.60206604003906,225.17769000329707,222.88493030274964,223.23616125927853,11294200,216.2476379394531,209.33288818359375,199.52400871276856,219.6396855227552,214.95899919913236,4.680686323622837,4.095378090381016,0.5853082332418209,69.5374001238317,216.2476379394531,228.07669161181863,204.4185842670876,0.10940284744915936,0.004845190778661523,0.004833490619602349,0.19880578818141478,6380940.0,1.7699900014731371,1
2023-02-01,225.27523803710938,226.99237372086586,222.25076339909046,223.78251024016922,5792700,217.39450302124024,209.72138763427733,199.61847007751464,220.50669360188658,215.72316503898253,4.783528562904053,4.233008184885623,0.5505203780184296,69.11387038652502,217.39450302124024,227.9212879310308,206.86771811144968,0.09684499620270581,0.0029971763347462765,0.002992693756240802,0.19729270140231298,6460435.0,0.8966424087542093,0
2023-02-02,223.96786499023438,228.592402895951,222.80685127282092,228.2606889444276,7190000,218.22135696411132,210.08744720458984,199.7045516204834,221.03918150778622,216.33388355389008,4.7052979538961495,4.327466138687728,0.37783181520842124,63.0035258018991,218.22135696411132,228.02600019320462,208.41671373501802,0.08985961196003169,-0.005803447632622749,-0.005820353073124388,0.18658825767056522,6489625.0,1.1079222605312324,1
2023-02-03,224.52403259277344,225.23624560735198,222.09468369153805,223.1191086444486,5243600,219.1491928100586,210.5520474243164,199.78114486694335,221.57531244393812,216.94056126047403,4.63475118346409,4.388923147643,0.24582803582108959,65.47056166240024,219.1491928100586,227.47122434381856,210.82716127629863,0.07594854835694381,0.0024832473290903323,0.0024801691652831808,0.1821750732676149,6489505.0,0.8080123214328365,0
2023-02-06,223.85081481933594,224.650831773828,222.48491006503085,223.12883595404256,3402400,219.7194564819336,210.92493682861328,199.844236907959,221.92538973246087,217.45243189446379,4.472957837997086,4.4057300857138175,0.0672277522832685,63.71372658205589,219.7194564819336,227.6617388791987,211.7771740846685,0.07229475736408583,-0.0029984218867943335,-0.0030029261597604067,0.1529896105232254,6318140.0,0.5385129167761398,1
2023-02-07,225.6850128173828,226.4752786984359,222.3970964642116,222.46539839817044,4042600,220.3399642944336,211.30719299316405,199.922998046875,222.50379328398733,218.0622527035689,4.441540580418433,4.412892184654741,0.02864839576369249,77.17682137955009,220.3399642944336,228.09928712700608,212.58064146186112,0.07043046282973825,0.008193841061187257,0.008160453801461036,0.15420456837191737,6205545.0,0.6514496309349138,0
2023-02-08,224.59228515625,226.21185084166882,224.38740912938417,224.72887413652134,4978600,220.78436965942382,211.62739807128906,200.03644905090331,222.82509972587388,218.5459588111749,4.279140914698985,4.38614193066359,-0.1070010159646051,72.26000775229635,220.78436965942382,228.44322041339257,213.12551890545507,0.06937855941326909,-0.004841826435400098,-0.004853586051049434,0.15307825697982078,5911625.0,0.8421711458355359,0
2023-02-09,224.20127868652344,227.26100250298967,223.9862163203512,227.1925817044301,5238400,221.15995330810546,211.98915130615234,200.13931297302247,223.03681956597381,218.96487139453404,4.071948171439772,4.3233031788188265,-0.2513550073790549,64.8430978002989,221.15995330810546,228.70926334445568,213.61064327175524,0.0682701359213349,-0.001740961268792196,-0.0017424785030817208,0.15334769701493395,5903135.0,0.8873928853058587,0
2023-02-10,222.0995330810547,224.74870224426354,221.08288683827263,223.8200319913274,4509700,221.3563018798828,212.35179656982422,200.2745858001709,222.89262164521702,219.19706855649855,3.6955530887184693,4.197753160798755,-0.5022000720802859,58.44502468124035,221.3563018798828,228.7817153624638,213.9308883973018,0.0670901475993247,-0.00937436939602554,-0.00941858534485881,0.15696498928643737,5915400.0,0.7623660276566251,1
2023-02-13,223.74180603027344,224.67047619974403,221.1903981403655,221.7867046561291,4946700,221.66208190917968,212.59235626220703,200.3549784851074,223.02326539676417,219.53371577677817,3.4895496199860077,4.0561124526362065,-0.5665628326501988,62.41141738607135,221.66208190917968,228.94301038809127,214.38115343026809,0.06569394653520184,0.007394310678804583,0.007367106783988445,0.15801464892725803,5948575.0,0.8315773105323544,1
2023-02-14,224.24038696289062,226.22481397808278,222.0702229011917,223.53654916362385,4829400,221.9957160949707,212.8428875732422,200.4061003112793,223.2105148684759,219.88235808686056,3.3281567816153483,3.910521318432035,-0.5823645368166868,61.535399018779934,221.9957160949707,229.09596223776205,214.89546995217935,0.06396741583746449,0.0022283762764914172,0.0022258971283767213,0.15790645835531306,5884990.0,0.8206301115210052,0
2023-02-15,223.78091430664062,223.92755586784088,221.708511504594,222.48077002844929,4407300,222.47906570434571,213.07135040283202,200.4914412689209,223.29826862819357,220.1711400290665,3.127128599127076,3.7538427745710434,-0.6267141754439676,60.738293989428016,222.47906570434571,228.5636592270566,216.39447218163482,0.0546981218520286,-0.002049018298947325,-0.0020511204089407814,0.14473978982881838,5777455.0,0.7628445396805341,0
2023-02-16,220.76028442382812,223.23348659174624,220.60387272622495,220.99490197023286,3865900,222.7650405883789,213.31706176757814,200.56943809509278,222.90780951982964,220.2147803546044,2.693029165225255,3.541680052701886,-0.848650887476631,35.690156948342164,222.7650405883789,227.82980856454458,217.7002726122132,0.04547183851459231,-0.013498156856546872,-0.013590085154812888,0.15482444131930448,5728095.0,0.6749015161235978,0
2023-02-17,218.541259765625,219.7241028254801,216.7621250228891,219.14733650313786,4520200,222.74981536865235,213.60815155029297,200.6507427215576,222.23603263456738,220.09081586653184,2.1452167680355387,3.2623873957686165,-1.1171706277330777,35.820280511785356,222.74981536865235,227.86576288433716,217.63386785296754,0.04593447143574852,-0.010051738536189347,-0.010102598366828808,0.14712999211150055,5693555.0,0.7939152251976138,0
2023-02-21,215.667236328125,217.4463858086728,215.05138951398487,215.217571347403,7276100,222.59723052978515,213.86654174804687,200.6887742614746,221.2254485874224,219.76314330813133,1.4623052792910585,2.902370972473105,-1.4400656931820466,26.90496117781531,222.59723052978515,228.36046493883785,216.83399612073245,0.05178172608289964,-0.01315094202615219,-0.013238181361340334,0.15434400348750513,5782285.0,1.2583433711759278,0
2023-02-22,215.08070373535156,216.7718622269107,214.5234926906892,215.46194790203228,4621800,222.42946548461913,214.08803009033204,200.76887619018555,220.2801032255653,219.41629593236988,0.8638072931954355,2.494658236617571,-1.6308509434221357,23.530278718725853,222.42946548461913,228.85949549980643,215.99943546943183,0.05781635091535956,-0.0027196184397757506,-0.0027233233207710895,0.15450484363687186,5749630.0,0.8038430298993152,1
2023-02-23,216.1658172607422,217.10425769337488,214.01519352712202,216.58615695288685,5533800,222.26668701171874,214.33902587890626,200.8661393737793,219.64713615405407,219.17551973447152,0.47161641958254563,2.090049873210566,-1.6184334536280205,29.505739266781518,222.26668701171874,229.16512196875223,215.36825205468526,0.062073494231456965,0.005045145875688606,0.005032461771450965,0.15475650734798027,5789840.0,0.9557777071559835,0
2023-02-24,214.6212921142578,215.29580458739903,212.57821441752733,213.5753055448957,4414400,222.03594970703125,214.4442010498047,201.0033014678955,218.87392937870078,218.8381695403816,0.03575983831916574,1.6791918662322862,-1.6434320279131205,25.271674520968844,222.03594970703125,229.63438943550182,214.43750997856068,0.06844332855554648,-0.007145094289451648,-0.007170742722325415,0.1564401618038233,5658390.0,0.7801512444352545,1
2023-02-27,215.40330505371094,216.4688317483995,214.41596928958148,215.7747641807069,4255300,221.51601028442383,214.59526123046874,201.1415609741211,218.3399871748562,218.58373513396157,-0.24374795910537728,1.2946039011647537,-1.538351860270131,29.019556421967593,221.51601028442383,229.44528656226825,213.5867340065794,0.0715909993834155,0.0036436875938516966,0.0036370654453628626,0.10762866287172619,5302025.0,0.8025801462648705,0
2023-02-28,215.0025177001953,216.79143739058927,214.57239297687775,215.061168359513,5385400,221.09018249511718,214.73284149169922,201.26258934020996,217.82653033260067,218.3184597684974,-0.4919294358967363,0.9372972337524557,-1.429226669649192,21.434820004863624,221.09018249511718,229.46854426452234,212.71182072571202,0.07579135061404364,-0.0018606369731221095,-0.0018623701082521869,0.10363084856559707,5287425.0,1.0185298136616594,0
2023-03-01,213.45799255371094,215.32511815521534,211.5713117597259,214.53330439652535,4792700,220.5329788208008,214.94509582519532,201.38743438720704,217.15444759738685,217.9584251599947,-0.8039775626078551,0.5890422744803936,-1.3930198370882487,20.929124459873904,220.5329788208008,229.39618451133683,211.66977313026476,0.08037986643020896,-0.00718375376719127,-0.007209681171631757,0.10199903386065151,4962350.0,0.9658125686418733,1
2023-03-02,214.14224243164062,214.67012813432757,212.21646646297432,212.99850996413775,5539300,219.97632904052733,215.19093872070312,201.49014389038086,216.6910314180413,217.6757449578944,-0.9847135398531179,0.27429111161369124,-1.2590046514668092,24.13264597421697,219.97632904052733,228.982739404953,210.96991867610166,0.08188526832599684,0.0032055481724702073,0.003200421356176543,0.1021511340058985,4949680.0,1.119122852386417,1
2023-03-03,218.74652099609375,218.99090866738518,214.96338970145916,215.25665789025686,6055400,219.71526184082032,215.5692581176758,201.62277420043947,217.00726058389552,217.75506170146474,-0.7478011175692245,0.0698726657771081,-0.8176737833463326,42.360777469920144,219.71526184082032,228.53527769332013,210.8952459883205,0.08028587344005031,0.02150102899909112,0.021273142616286485,0.13207592231782972,4892950.0,1.2375765131464658,1
2023-03-06,221.65963745117188,222.314594678168,218.66833447679764,218.9029371155777,5737600,219.57204208374023,215.99530303955078,201.73989456176758,217.7230108711688,218.0442895347764,-0.32127866360758617,-0.008357600099830748,-0.3129210635077554,45.515829018081014,219.57204208374023,228.15306534102848,210.99101882645198,0.07816134673480539,0.013317315593467827,0.013229419644958577,0.1413010701205364,4917650.0,1.1667361442965645,0
2023-03-07,218.1599884033203,222.27548342241278,218.07201242002665,221.65962170687715,4386800,219.28750076293946,216.32306121826173,201.8590001678467,217.7902381838075,218.0528598213352,-0.26262163752770107,-0.059210407585404815,-0.20341122994229627,38.40412659853022,219.28750076293946,227.6456425217117,210.92935900416722,0.07622998784420272,-0.015788391103105037,-0.015914355357787655,0.15112713145005885,4966870.0,0.883212163797321,0
2023-03-08,217.20199584960938,217.92537383263925,216.21466008062401,216.97716336160605,4194900,218.86334991455078,216.66580749511718,201.9860457611084,217.69973936316165,217.9898328604666,-0.2900934973049516,-0.10538702552931417,-0.18470647177563743,37.687518918949785,218.86334991455078,226.69918025441262,211.02751957468894,0.07160477387302286,-0.004391238561765376,-0.004400908368487351,0.14725637913052703,4974485.0,0.8432832745500288,0
2023-03-09,215.07093811035156,219.333060035912,214.72880429286704,216.42973307498312,5066700,218.38728256225585,216.95090698242188,202.09437057495117,217.29530840119088,217.77361843453218,-0.47831003334130173,-0.17997162709171172,-0.29833840624959,38.985614362831896,218.38728256225585,225.90820092873412,210.86636419577758,0.06887688951699168,-0.009811409563351137,-0.00985985860489001,0.14962280200619651,4978890.0,1.0176364611389286,0
2023-03-10,211.28782653808594,214.20092370724726,210.64263943866862,214.1129477163016,6638900,217.741609954834,217.15136932373048,202.14233520507813,216.37108042225165,217.29318940516578,-0.9221089829141249,-0.3283990982561944,-0.5937098846579305,36.75944727159287,217.741609954834,225.37728625540814,210.10593365425984,0.07013520568859587,-0.017590064029592622,-0.017746607664013075,0.15934881340887191,5048915.0,1.3149161750593938,0
2023-03-13,209.65528869628906,212.9594146601421,207.72951272618715,209.81170037988616,6810800,217.1193977355957,217.34454681396485,202.20609046936036,215.33788169518047,216.72741898228603,-1.3895372871055542,-0.5406267360260664,-0.8489105510794879,38.50465620957291,217.1193977355957,225.2705489142351,208.9682465569563,0.07508450432020568,-0.007726606253401935,-0.007756611132687178,0.15856820585021206,5163970.0,1.3189077395879527,1
2023-03-14,213.7512664794922,214.93409462190812,211.19007318087776,213.10607935658797,7985600,216.61987075805663,217.5597393798828,202.28444641113282,215.09378704661304,216.50696324133833,-1.4131761947252812,-0.7151366277659094,-0.6980395669593719,47.75879135352272,216.61987075805663,224.2714063289084,208.96833518720487,0.07064481706203016,0.019536725301199764,0.019348333239082516,0.17405540860553403,5315915.0,1.5022061112715308,0
2023-03-15,211.51266479492188,212.0405505874348,208.87328058108224,209.5966735530941,8372200,215.9834846496582,217.7360140991211,202.32872497558594,214.5428451617375,216.13701520827044,-1.5941700465329518,-0.8909433115193179,-0.7032267350136339,42.44922679531704,215.9834846496582,223.06206648434997,208.90490281496645,0.06554743614933117,-0.010472928284544603,-0.01052815532897108,0.1755782404591037,5493055.0,1.5241427584468024,1
2023-03-16,212.56838989257812,212.69547625268603,204.07347219629517,210.33957556158717,13674600,215.42285842895507,217.9406231689453,202.35724365234375,214.23908281263604,215.8726725922932,-1.6335897796571714,-1.0394726051468888,-0.5941171745102827,46.61501170690322,215.42285842895507,221.62272178079348,209.22299507711665,0.057559939525944855,0.004991309143024036,0.004978893854766646,0.17777405545041686,5956420.0,2.295774978930297,0
2023-03-17,212.509765625,213.75125930475147,210.04633345784313,210.04633345784313,18801200,215.01033248901368,218.04220275878907,202.3889190673828,213.97303401453817,215.62356837249374,-1.6505343579555642,-1.161684955708624,-0.4888494022469403,45.11230328045895,215.01033248901368,220.7991855146355,209.22147946339186,0.05384720779330556,-0.0002757901473862123,-0.000275828184482575,0.17306533899856877,6703185.0,2.8048159195964306,1
2023-03-20,213.25267028808594,215.59880081936055,211.97208131143188,212.1284929967647,9817400,214.74590301513672,218.1879098510742,202.43519256591796,213.8622088258532,215.44794629216725,-1.5857374663140433,-1.2464954578297078,-0.3392420084843355,47.077972707564896,214.74590301513672,220.33536418811207,209.15644184216137,0.052056510457211054,0.0034958612885436224,0.003489764969262261,0.17121751762642146,6968045.0,1.4089174223185987,1
2023-03-21,216.96737670898438,217.51480271899624,213.77078171651644,216.37107018031287,8971400,214.8109100341797,218.2783465576172,202.47516304016114,214.33992696171953,215.56049669341294,-1.2205697316934163,-1.2413103126024496,0.0207405809090333,55.46419694306607,214.8109100341797,220.4752292717317,209.1465907966277,0.05273772395127163,0.017419272714757517,0.017269296331844375,0.17712784347611743,7052810.0,1.2720319985934685,0
2023-03-22,215.10028076171875,219.85117845161895,214.9829794338483,217.5050623967575,6700600,214.81188888549804,218.3148550415039,202.5174589538574,214.4569044694117,215.52640662439856,-1.06950215498685,-1.2069486810793297,0.13744652609247976,51.43869560953344,214.81188888549804,220.47641119326312,209.14736657773295,0.05273937431632998,-0.008605422509071148,-0.008642662957798431,0.17969839289700107,7156750.0,0.9362629685262165,1
2023-03-23,217.59300231933594,220.19329070848798,215.31530744458908,215.49127432346444,6427700,214.88324813842775,218.35263153076173,202.57080947875977,214.93938106170776,215.67948778698653,-0.7401067252787641,-1.1135802899192166,0.37347356464045256,48.15045337709789,214.88324813842775,220.65453803637237,209.11195824048312,0.05371558693329843,0.011588648554013536,0.011522014471565664,0.18356307182458598,7201445.0,0.8925569798838983,0
2023-03-24,216.0778045654297,216.36130262729768,213.3504446200307,215.7161155722604,4791500,214.95607376098633,218.3403955078125,202.60900428771973,215.11452313920344,215.70899273353785,-0.5944695943344129,-1.009758150802256,0.415288556467843,40.63007639664783,214.95607376098633,220.75015897249807,209.1619885494746,0.053909481226888184,-0.0069634489057812665,-0.006987806858882793,0.18346525155308233,7220300.0,0.6636150852457654,1
2023-03-27,216.83053588867188,219.04958033339875,216.41996635146867,217.59302430294082,7210900,215.02743530273438,218.3135549926758,202.65582145690917,215.3785251006601,215.79207000428852,-0.4135449036284058,-0.8905155013674859,0.4769705977390801,47.54160066409823,215.02743530273438,220.87957848869812,209.17529211677063,0.054431595463384316,0.0034836124180179784,0.003477558695420133,0.18342860828229987,7368080.0,0.978667441178706,0
2023-03-28,215.3837432861328,218.3163953284718,213.74145038597837,217.81784985112046,6418400,215.04649658203124,218.26870574951172,202.73131065368653,215.37932789842515,215.76182358072145,-0.3824956822963088,-0.7889115375532505,0.4064158552569417,46.697423202430514,215.04649658203124,220.90078106296534,209.19221210109714,0.0544466854748404,-0.006672457809548948,-0.006694818177404216,0.18500136585420895,7419730.0,0.865044954465998,1
2023-03-29,218.28709411621094,218.53148181340413,215.96051846573448,217.299758273156,4483000,215.28795166015624,218.28309356689454,202.8533840942383,215.8266765473153,215.94888065742438,-0.12220411010909515,-0.6555700520644195,0.5333659419553244,55.68223849582191,215.28795166015624,221.26346640932175,209.31243691099073,0.05551183615326684,0.013479897720140688,0.013389852199289728,0.1886374732767974,7404245.0,0.6054634874994007,0
2023-03-30,217.36819458007812,219.20599484117264,216.2440171364247,218.8931714281177,5383900,215.44924926757812,218.34817901611328,203.00608863830567,216.06383316774034,216.05401502206539,0.009818145674955758,-0.5224924125165445,0.5323105581915003,61.95235052925526,215.44924926757812,221.468544751174,209.42995378398226,0.05587669025590503,-0.004209591684076419,-0.004218476959504523,0.18941931037158077,7396475.0,0.7279007905792962,1
2023-03-31,220.39859008789062,220.77004921540268,218.27729191658602,218.5803451669439,9509000,215.53185272216797,218.4553350830078,203.16782302856444,216.73071884776346,216.3758353973117,0.3548834504517515,-0.34701723992288536,0.7019006903746369,70.01828184751858,215.53185272216797,221.78256414532814,209.2811412990078,0.05800266962134519,0.013941301365026026,0.013845015293233325,0.18014332344985912,7569155.0,1.2562829007993628,1
2023-04-03,223.85911560058594,224.01552729618706,219.08866329843332,220.17374519777573,6421500,215.64182662963867,218.5556021118164,203.33403327941895,217.8273952712746,216.93015244940608,0.8972428218685309,-0.09816522756460214,0.995408049433133,69.29106020629845,215.64182662963867,222.40302855189134,208.880624707386,0.06270770404727577,0.015701214383065265,0.015579225574561205,0.18258614926657615,7603350.0,0.8445619365148257,0
2023-04-04,222.5491943359375,224.88553989542837,221.73782547084372,223.8591086845873,5254700,215.86128692626954,218.63220733642578,203.52823936462403,218.55382589660735,217.34637777433431,1.2074481222730356,0.1629574424029254,1.0444906798701101,71.83756947178497,215.86128692626954,223.22475475610196,208.49781909643713,0.06822407051012822,-0.0058515431061811896,-0.005868730465723564,0.17399285820808283,7646745.0,0.6871812777855153,1
2023-04-05,223.04776000976562,223.34102822744396,221.4641325170403,221.6889650202225,4813600,216.15357513427733,218.72444244384766,203.72027389526366,219.2452003755548,217.76870238436626,1.4764979911885234,0.425665552160045,1.0508324390284784,71.20262739000984,216.15357513427733,224.17574671081937,208.1314035577353,0.07422659164030539,0.002240249286526552,0.002237743669533671,0.17282900637227752,7677680.0,0.6269602275687447,0
2023-04-06,220.9166717529297,221.6400496711303,219.636067900833,221.08285356971194,4285200,216.44586181640625,218.75434814453126,203.88037170410155,219.50234981822786,218.00188530055615,1.500464517671702,0.6406253452623765,0.8598391724093255,65.69337036245817,216.44586181640625,224.72384442340683,208.16787920940567,0.0764900981477034,-0.009554403311392345,-0.009600339451810797,0.17261044977965243,7638605.0,0.5609924848843474,1
2023-04-10,221.3468017578125,221.39568227692538,219.28418406390597,220.49633740696078,4952200,216.94881057739258,218.79656341552734,204.04538955688477,219.78611165508704,218.24965688998253,1.5364547651045086,0.8197912292308029,0.7166635358737057,65.28802906488471,216.94881057739258,225.12899802154394,208.76862313324122,0.075411221867319,0.001947023741892373,0.0019451307479045235,0.15736378577832516,7554270.0,0.6555497751602736,1
2023-04-11,223.3214569091797,223.99596928626082,221.12196780977956,221.90401136170317,4513300,217.63211898803712,218.74695068359375,204.20657920837402,220.33001092494746,218.62534578029343,1.7046651446540295,0.9967660123154483,0.7078991323385813,62.845831269075745,217.63211898803712,225.52515947498247,209.73907850109177,0.07253562133794433,0.0089210918598579,0.008881534011926847,0.15425519293926684,7439395.0,0.6066756772560135,0
2023-04-12,222.69580078125,226.3909408722425,222.226580667728,224.76820328919078,4373000,218.079345703125,218.7304852294922,204.32154388427733,220.69397859514785,218.92686096554945,1.7671176295984026,1.150836335772039,0.6162812938263635,66.1671263450953,218.079345703125,226.05965094760657,210.09904045864343,0.07318717156594272,-0.0028015943321744174,-0.002805526142851498,0.1428490693901022,7258765.0,0.6024440796747105,1
2023-04-13,227.4662628173828,227.61288944818233,223.66359139084378,224.30877839884002,7615500,218.87702560424805,218.78776916503907,204.4698352050781,221.73586847549169,219.55940925087043,2.1764592246212544,1.3559609135418822,0.8204983110793722,69.15771135676202,218.87702560424805,227.27216318555887,210.48188802293723,0.07671099840775508,0.021421427882327926,0.02119521394451008,0.15031424347398,7220930.0,1.0546425460432383,1
2023-04-14,228.7664337158203,229.71465914915504,227.0263945511164,227.75955762330875,9781300,219.68692779541016,218.8575930786133,204.651058883667,222.8174938970807,220.24141106308892,2.5760828339917907,1.599985297631864,0.9760975363599267,74.82772663650738,219.68692779541016,228.62713582740744,210.74671976341287,0.08139044158624782,0.0057158845550706605,0.00569961086983637,0.15041973872189876,7026265.0,1.3921051938690043,0
2023-04-17,228.23854064941406,228.79575172625073,225.75556835416535,228.7664263976004,4865000,220.47336654663087,218.9430065917969,204.82293823242188,223.65150108974737,220.83379103244633,2.817710057301042,1.8435302495656996,0.9741798077353425,72.52008971468057,220.47336654663087,229.52181480858593,211.4249182846758,0.08208200748856694,-0.00230756347350336,-0.0023102300010062592,0.1513060609006428,6329455.0,0.768628578605899,1
2023-04-18,228.35586547851562,229.06947336294323,226.48873993086113,228.5024921272881,4796200,221.22852630615233,219.01964324951172,205.00808532714845,224.37524945725016,221.39098173215518,2.9842677250949805,2.0716777446715557,0.9125899804234248,77.02633708905323,221.22852630615233,230.26055685787054,212.19649575443412,0.08165339888599193,0.0005140447742424392,0.0005139126984874389,0.1517080447083236,6078395.0,0.7890569796796687,0
2023-04-19,227.34901428222656,228.80555554037366,226.64517645854426,228.74690487444056,3833900,221.74760818481445,219.08960723876953,205.17707168579102,224.83275173801576,221.8323174766049,3.0004342614108452,2.257429048019414,0.7430052133914313,70.49972661600319,221.74760818481445,230.94036898316787,212.55484738646103,0.08291192742599286,-0.004409132185762887,-0.004418881075728875,0.1447141424784349,5821520.0,0.6585737058362764,1
2023-04-20,229.3334503173828,229.40187112489443,226.30303651845696,227.24149195874315,4925700,222.45926666259766,219.16257598876953,205.3493723297119,225.52516690407222,222.38795694629218,3.137209957780044,2.43338522997154,0.7038247278085041,75.82272253370945,222.45926666259766,231.68892624365174,213.22960708154358,0.08297842314703516,0.008728588691802264,0.008690714792420793,0.1402760751642075,5732775.0,0.8592173947172181,0
2023-04-21,228.7957305908203,230.28161174221668,228.14077345106563,229.7244007168534,6771500,223.01940307617187,219.24664489746092,205.516166305542,226.0283305481873,222.86260684588683,3.1657237023004825,2.5798529244373283,0.5858707778631542,70.30708134345596,223.01940307617187,232.3646142487358,213.67419190360795,0.08380626119218947,-0.0023447069139644894,-0.0023474600435839828,0.13798531986799173,5749965.0,1.1776593422742574,0
2023-04-24,227.53469848632812,229.8710440927042,226.31276009562433,228.971699227095,9124100,223.5922477722168,219.31331329345704,205.66849258422852,226.26007946174744,223.20868770814172,3.0513917536057136,2.674160690271006,0.3772310633347078,59.946962307891155,223.5922477722168,232.5420575105652,214.64243803386842,0.08005474096280793,-0.0055116067998114415,-0.0055268517464745585,0.13674854262994574,5966595.0,1.529197138401383,0
2023-04-25,224.43585205078125,229.74395988159557,224.27944036556167,227.7888585650689,6076500,223.97251358032227,219.36003967285157,205.80158340454102,225.97942909082957,223.29958877055947,2.6798403202701024,2.675296616270825,0.004543703999277504,54.655004683466906,223.97251358032227,232.3399891734995,215.60503798714504,0.07471877204411015,-0.013619225797919632,-0.013712818195755417,0.14830601255847273,5909875.0,1.0281943357516021,0
2023-04-26,223.02818298339844,227.5444772945261,221.63029266259588,226.0292707483926,8400400,224.35473556518554,219.34576721191405,205.92039642333984,225.52539122814784,223.27948463817717,2.245906589970673,2.589418611010795,-0.34351202104012213,49.9537709300943,224.35473556518554,231.70710703018932,217.00236410018175,0.06554237820282226,-0.006272032986353371,-0.006291784817982622,0.14801032851735205,6008975.0,1.3979755282722928,1
2023-04-27,223.86888122558594,224.47497280476367,221.52276550381924,223.536517566313,7128200,224.6338249206543,219.33833709716797,206.04457901000976,225.270543535446,223.3231436446519,1.9473998907940882,2.461014866967454,-0.5136149761733657,57.42375035300763,224.6338249206543,231.41824133005102,217.84940851125756,0.06040422818596562,0.003769470884538828,0.0037623842322010354,0.14171494536778212,6141235.0,1.1607111598888498,1
2023-04-28,227.50537109375,228.32652502119387,222.940211097456,223.51696243273682,11627900,225.14068374633788,219.41282623291016,206.1901993560791,225.61436315980046,223.63293827051103,1.9814248892894284,2.3650968714318488,-0.3836719821424204,63.33606481542671,225.14068374633788,231.10465856663293,219.17670892604283,0.05297998319143916,0.0162438381263883,0.016113318517233792,0.14954758611219177,6453435.0,1.8018156222228936,0
2023-05-01,227.29031372070312,229.32362101883803,226.31276299561367,227.64223257838495,4571100,225.48526992797852,219.54342681884765,206.32619300842285,225.87220170763163,223.90385497052526,1.9683467371063728,2.2857468445667535,-0.3174001074603807,59.303327913310156,225.48526992797852,231.08059492020365,219.8899449357534,0.04962918415036436,-0.0009452848168505223,-0.0009457318803000716,0.14341934201189008,6206540.0,0.7364973076786744,0
2023-05-02,221.88446044921875,227.15345828561559,221.13175712704805,226.74288876909327,5244000,225.38653717041015,219.61029083251952,206.4150910949707,225.25870305249117,223.7542701911692,1.504432861321959,2.1294840479177948,-0.6250511865958357,48.446333461510136,225.38653717041015,231.16923152072323,219.60384282009707,0.05131357376453148,-0.023783913986440863,-0.024071317470263507,0.15944347382663565,6147665.0,0.8530067920096492,0
2023-05-03,220.90692138671875,223.53653537507495,220.84827072643796,221.88447216804127,4093300,225.3044235229492,219.7150845336914,206.51285148620605,224.58919818083388,223.54335546491362,1.0458427159202586,1.9127557815182876,-0.866913065598029,35.304542237993175,225.3044235229492,231.2994999492318,219.3093470966666,0.0532175652172399,-0.004405622009404864,-0.0044153553602130306,0.158868742514295,6089595.0,0.6721793485445255,0
2023-05-04,220.5354461669922,220.98511114054767,218.4630285185187,219.792498080916,5648700,225.17880783081054,219.82417938232422,206.57741577148437,223.96554402485822,223.3205473687713,0.6449966560869314,1.6592039564320165,-1.014207300345085,30.758727354962616,225.17880783081054,231.47089978003783,218.88671588158326,0.05588529408997392,-0.0016815915834355044,-0.001683007045604323,0.15863937071142423,6131350.0,0.9212816100858702,1
2023-05-05,226.57669067382812,227.12411665656967,222.18748284266778,223.21391401842786,6237500,225.46180877685546,220.03239685058594,206.67359535217284,224.3672588939305,223.56174316914587,0.805515724784641,1.4884663101025415,-0.6829505853179005,46.91131637234022,225.46180877685546,231.44847786215973,219.4751396915512,0.053105837461185364,0.02739353066291872,0.02702504222657117,0.18306167317982067,6228965.0,1.0013702115841074,1
2023-05-08,227.0166015625,228.20921464488177,226.05860602486624,226.05860602486624,2938400,225.74529876708985,220.28030303955077,206.75827285766601,224.77485007371044,223.81765860569064,0.9571914680198006,1.3822113416859936,-0.425019873666193,47.54036249177505,225.74529876708985,231.44142392000074,220.04917361417895,0.0504650611465252,0.001941554037900417,0.001939671657960481,0.1830614291464026,6128275.0,0.4794823992069546,1
2023-05-09,228.02349853515625,228.8348675043951,225.6382870678508,225.89244491079336,4352100,225.98040084838868,220.5327069091797,206.8600831604004,225.2746421447021,224.12920230416958,1.1454398405325321,1.3348570414553014,-0.18941720092276926,51.23872819832206,225.98040084838868,231.64334546845407,220.3174562283233,0.05011890056664414,0.004435345105714861,0.004425537950663234,0.18127758029419752,6120215.0,0.7111024694393906,0
2023-05-10,226.0782012939453,229.5387249240599,223.76139551303856,229.04017933386123,5245000,226.14952087402344,220.75422058105468,206.94939743041994,225.3982666292011,224.27357259970853,1.1246940294925594,1.2928244390627532,-0.16813040957019387,44.01294534710638,226.14952087402344,231.59738687963753,220.70165486840935,0.04817932830066725,-0.008531126194044503,-0.008567724549898664,0.1840347363153873,6163815.0,0.8509340400385151,1
2023-05-11,226.2642364501953,226.76376882085154,223.5805352554251,226.00958314527634,3818000,226.08941955566405,221.01034545898438,207.04829040527343,225.53149275550788,224.42102918122606,1.1104635742818232,1.2563522661065674,-0.14588869182474418,45.283055346424085,226.08941955566405,231.50253260144638,220.67630650988173,0.047884709124564724,0.000822879672543575,0.0008225412926837141,0.16720334204890486,5973940.0,0.6391091976149744,1
2023-05-12,226.62664794921875,227.94890524650538,225.09869821262797,227.2339061918843,3432700,225.982430267334,221.26003356933595,207.15881004333497,225.69997816992495,224.58440834922553,1.1155698206994202,1.228195777025138,-0.1126259563257177,48.249401072186686,225.982430267334,231.2555356421743,220.7093248924937,0.046668277428491146,0.001601717994452967,0.0016004366122788704,0.16590136089951707,5656510.0,0.6068582924806992,1
2023-05-15,228.0272674560547,228.04686077092325,225.81370112615602,226.44055269406752,2843200,225.97186660766602,221.44564849853515,207.27205696105958,226.05802267548336,224.8394349497314,1.218587725751945,1.2262741667704993,-0.007686441018554202,57.40889153864024,225.97186660766602,231.2267567542756,220.71697646105642,0.04650924228309514,0.006180294857248025,0.006161275159652245,0.1673486893329026,5555420.0,0.5117884876390983,0
2023-05-16,225.7353515625,228.31132706338198,224.91261164997067,227.78241215866967,4289700,225.84084091186523,221.52716278076173,207.37015182495117,226.0083809657936,224.90579914326983,1.1025818225237742,1.2015356979211544,-0.09895387539738021,55.38816260609017,225.84084091186523,230.97473281285778,220.70694901087268,0.045464689914044926,-0.010051060643422316,-0.01010191359110737,0.17108398895611607,5530095.0,0.7757009599292598,1
2023-05-17,227.87059020996094,229.08512187127107,225.81374015289077,227.94894853765734,4990100,225.86691970825194,221.72137481689452,207.48256698608398,226.2948746956655,225.12541329635806,1.169461399307437,1.1951208381984109,-0.025659438890973885,57.57440801109983,225.86691970825194,231.0382315029058,220.69560791359808,0.04579078513430428,0.009459035249380188,0.009414578699629151,0.17396275398541117,5587905.0,0.8930180452244625,1
2023-05-18,228.8010711669922,229.33976034880777,226.3818121331109,227.62571127312066,6621900,225.8403007507324,221.9533563232422,207.6244139099121,226.6804433835619,225.39768424973838,1.2827591338235322,1.212648497323435,0.07011063650009719,52.7323942936834,225.8403007507324,230.94148639019116,220.73911511127366,0.045175158043108524,0.004083374498542902,0.004075060150940105,0.17169890863398946,5672715.0,1.1673246408465787,0
2023-05-19,228.5170135498047,229.52585263714707,227.17516281030143,229.1928409849862,5399400,225.82636489868165,222.22227783203124,207.7540542602539,226.96299263990696,225.62874567937294,1.334246960534017,1.2369681899655516,0.09727877056846546,52.579378957236976,225.82636489868165,230.8949740221028,220.7577557752605,0.044889436410095004,-0.0012415047523102185,-0.0012422760577875905,0.17154886431844893,5604110.0,0.9634714522020446,0
2023-05-22,226.52870178222656,229.06549057131232,226.43075015251685,228.51699731370678,3987800,225.77606506347655,222.52709533691407,207.84950805664062,226.89617866180225,225.69540909439914,1.200769567403114,1.229728465453064,-0.02895889804995,61.40450402313537,225.77606506347655,230.7929956537564,220.7591344731967,0.044441651411272085,-0.008700935377596197,-0.008739009530531805,0.17327144161264899,5347295.0,0.7457602395229738,0
2023-05-23,219.9663543701172,224.77548963012404,219.06525613518923,224.56000799293247,8537200,225.55259017944337,222.73331665039063,207.90048919677736,225.83005184769686,225.27103467037824,0.5590171773186228,1.0955862078261758,-0.536569030507553,48.187469749996026,225.55259017944337,231.18171204321703,219.9234683156697,0.04991405205584462,-0.028969165322008883,-0.029397055604906082,0.19613781610832517,5470330.0,1.560637109644208,0
2023-05-24,217.68423461914062,218.51677872742138,215.50983971888274,217.97807459531748,6730800,225.28539276123047,222.8119760131836,207.95244934082032,224.57684919714973,224.70904948139767,-0.1322002842479435,0.8500289094113519,-0.9822291936592954,44.88239395846582,225.28539276123047,231.84882911845224,218.7219564040087,0.0582677489807611,-0.01037485827099105,-0.01042905227568632,0.19814956709487294,5386850.0,1.2494871771072147,1
2023-05-25,218.791015625,220.07410135356088,215.96038670658572,217.88011323402415,6827600,225.03149948120117,222.95754302978514,208.0248110961914,223.68672095528055,224.270676603146,-0.5839556478654515,0.5632319979559912,-1.1471876458214427,33.01733939360051,225.03149948120117,232.19140249990303,217.8715964624993,0.06363467368087282,0.005084341582181073,0.005071459962106836,0.1986358239305488,5371820.0,1.2710031237085382,1
2023-05-26,220.38754272460938,221.56290269973758,218.75185185845422,219.22200182663465,5067300,224.67560806274415,223.11392608642578,208.09621543884276,223.1791550736388,223.98303705658773,-0.8038819829489228,0.28980920177500846,-1.0936911847239312,36.23479446707443,224.67560806274415,232.02290434947605,217.32831177601224,0.0654035954332885,0.0072970414029511765,0.007270546806373535,0.19067060309967712,5043790.0,1.0046611774082586,0
2023-05-30,217.0867462158203,220.8380665451558,215.23557395910433,220.38750996229237,6916000,224.1654296875,223.2054656982422,208.15425521850585,222.2418614032052,223.4722006980124,-1.2303392948071803,-0.014220497541429289,-1.216118797265751,29.265200821348586,224.1654296875,232.13862982303908,216.1922295519609,0.07113675062791087,-0.014977237224853779,-0.015090528660674517,0.19652609977792904,5161035.0,1.340041290167573,0
2023-05-31,216.48928833007812,216.9790166238068,211.6997462152244,215.44127755306587,20460600,223.89567108154296,223.27019805908202,208.20809097290038,221.35685016118566,222.95494793001725,-1.5980977688315932,-0.3309959517994621,-1.267101817032131,30.84140983936416,223.89567108154296,232.53135656946355,215.25998559362236,0.07714026310741376,-0.0027521619636244887,-0.0027559561243903916,0.17934889335095822,5921865.0,3.455093961108536,1
2023-06-01,221.84689331054688,222.05258574783514,217.86049825258175,218.15433818642788,7003600,223.9426696777344,223.3677883911133,208.26394004821776,221.43224141493354,222.8728698100565,-1.4406283951229568,-0.5529224404641611,-0.8877059546587958,42.685711600333306,223.9426696777344,232.51990075499663,215.36543860047215,0.07660202577387633,0.02474766775666093,0.024446404485263716,0.20092836696097607,6067380.0,1.154303834604063,1
2023-06-02,224.08982849121094,225.53943475819742,222.74797797390968,224.10942180436453,5897100,224.12038879394532,223.54757934570313,208.32749931335448,221.84110096513007,222.9630148975494,-1.1219139324193463,-0.6667207388551981,-0.4551931935641482,46.045758489514135,224.12038879394532,232.54632673648132,215.69445085140933,0.07519117727644799,0.010110284382140788,0.010059517349670756,0.20373518983582603,6079800.0,0.9699496693970197,0
2023-06-05,222.1113739013672,223.63932378227707,220.68136071173635,223.22795381013376,4858900,223.89712295532226,223.63794677734376,208.39391860961913,221.88268141685884,222.8999303793137,-1.0172489624548575,-0.73682638357513,-0.28042257887972755,40.9418339501327,223.89712295532226,232.2855713122378,215.5086745984067,0.07493127420480009,-0.008828846017530645,-0.00886805120683195,0.18045109210441845,6010870.0,0.808352201927508,1
2023-06-06,223.53155517578125,224.54039413701994,221.5138772533039,222.03298798305505,6020100,223.72287063598634,223.78702178955078,208.46388580322267,222.1363543028469,222.94671740127427,-0.8103630984273593,-0.7515337265455759,-0.05882937188178339,46.533090088576294,223.72287063598634,231.9822707458319,215.46347052614078,0.07383599259535886,0.006394005176181272,0.0063736502453650545,0.18207665484166827,6164955.0,0.9765034781275775,0
2023-06-07,220.6421661376953,222.87532572358901,216.47947608442468,222.33662166880768,8517200,223.3538040161133,223.86325439453125,208.5312336730957,221.9064792005159,222.77600990026843,-0.8695306997525449,-0.7751331211869698,-0.09439757856557518,38.89214556170728,223.3538040161133,231.46234616309482,215.24526186913175,0.07260715511607373,-0.012926090170194415,-0.013010359039397847,0.18595679839746682,6373210.0,1.336406614563148,0
2023-06-08,218.46775817871094,220.5148185162745,217.84090666569037,220.46584270605186,6248200,222.97328186035156,223.9249346923828,208.60820098876954,221.37744519716128,222.45688014311602,-1.0794349459547448,-0.8359934861405248,-0.24344145981421994,34.70560496066662,222.97328186035156,231.2559247895107,214.69063893119244,0.07429269426411864,-0.00985490668917477,-0.009903787692384312,0.1866712311374569,6423370.0,0.9727292682812916,1
2023-06-09,218.96730041503906,220.5540152180893,218.18373219854143,219.0456587312209,6385000,222.60843505859376,223.93853881835938,208.69647560119628,221.0066536922194,222.19839275585107,-1.1917390636316725,-0.9071426016387545,-0.284596461992918,35.95500574950472,222.60843505859376,230.9234888444055,214.293381272782,0.07470564880996637,0.0022865718973483773,0.002283961670051831,0.1869998769401313,6551720.0,0.9745532470862613,1
2023-06-12,221.52366638183594,221.7979129957743,219.0358535424465,219.79982838774905,8621100,222.3532859802246,224.02164825439453,208.79816482543944,221.08619410600656,222.14841302444253,-1.062218918435974,-0.9381578649981985,-0.12406105343777551,42.75994748473234,222.3532859802246,230.45973870101324,214.24683325943596,0.0729150701331178,0.011674647136588057,0.011607024250381383,0.1926014230699393,6811140.0,1.2657352513676126,0
2023-06-13,218.8105926513672,222.48355480383185,218.05642185002574,220.98498744125197,6868700,221.89245223999023,223.98988830566407,208.87095657348632,220.73610157452356,221.9011670708814,-1.1650654963578404,-0.983539391270127,-0.18152610508771339,48.118610219674316,221.89245223999023,229.6825064949842,214.10239798499626,0.07021468442350222,-0.012247331288713359,-0.012322947885846784,0.1945016855151442,7012415.0,0.9795056339363828,1
2023-06-14,218.84979248046875,220.83808824993926,218.00745917823085,219.1436324594489,9160700,221.54817428588868,223.88970184326172,208.97767486572266,220.4459001754382,221.67513932344343,-1.2292391480052345,-1.0326793426171486,-0.19655980538808593,52.046797728602755,221.54817428588868,229.231003358711,213.86534521306635,0.06935583285744712,0.00017914959521192486,0.00017913354983951194,0.1922547358315285,7255965.0,1.2625060898171367,1
2023-06-15,221.52366638183594,222.4443578480517,216.82227237167587,217.45892803964105,12534000,221.23082809448243,223.8691912841797,209.10048828125,220.61171036103784,221.66391910554657,-1.0522087445087323,-1.0365852229954653,-0.015623521513266958,54.54838219749284,221.23082809448243,228.31507797249188,214.146578216473,0.06404396655771617,0.01221784983691876,0.012143814336007338,0.19457172642779955,7633160.0,1.6420460202589753,1
2023-06-16,224.20741271972656,225.07912849135252,221.43554876279157,221.79794292039244,13628900,221.00114517211915,223.89238433837892,209.24134452819825,221.16489533929766,221.8523260399303,-0.6874307006326319,-0.9667543185228986,0.2793236178902667,56.135937264852274,221.00114517211915,227.30707760944756,214.69521273479074,0.057066966168136814,0.012114941855759565,0.012042143324531213,0.19956540673597847,7983510.0,1.707131324442507,0
2023-06-20,221.81752014160156,224.8538413435233,221.53346938031882,222.33663090359224,12312300,220.666170501709,223.91040130615235,209.38324684143066,221.26529915503673,221.84974782523926,-0.5844486702025335,-0.8902931888588257,0.30584451865629214,57.82822722856375,220.666170501709,225.9140623805794,215.41827862283859,0.047564081679930745,-0.010659293326365282,-0.010716510553516072,0.20253307134448986,8329155.0,1.478217178093096,1
2023-06-21,222.58152770996094,223.93318269373918,220.35815688983993,221.4747368930803,7032100,220.46881179809571,223.9350958251953,209.52205764770508,221.4677958557943,221.90395374262604,-0.43615788683175083,-0.7994661284534108,0.36330824162166,60.025844244482734,220.46881179809571,225.04189240508975,215.89573119110167,0.041485056953833865,0.0034443066889922047,0.003438388649842922,0.20131832898085036,8481370.0,0.8291231251554878,1
2023-06-22,223.6980743408203,224.22697428647336,220.8674455915836,221.70977879786096,6275500,220.65539779663087,223.94262817382813,209.67798683166504,221.81091562272138,222.0368515647145,-0.2259359419931286,-0.6847600911613544,0.4588241491682258,53.54067815110403,220.65539779663087,225.44170394376033,215.8690916495014,0.04338263368966672,0.005016349031058409,0.005003809071317029,0.17230561421702562,8368285.0,0.749914707732827,1
2023-06-23,224.83425903320312,225.25541818529945,221.73917267961082,222.552123427598,5424400,221.01289901733398,223.9853973388672,209.8353137207031,222.27604537818013,222.2440669327507,0.031978445429416524,-0.5414123838432002,0.5733908292726168,51.48678753081792,221.01289901733398,225.93107966485636,216.0947183698116,0.04450582449612269,0.005079099119341235,0.005066244005300835,0.16756353600724377,8302965.0,0.6533087878848098,0
2023-06-26,221.6510467529297,225.3729850769597,221.553095108091,224.7265400897988,5165400,221.15590057373046,223.86909301757814,209.9680606842041,222.1798917435262,222.2001395120232,-0.020247768497000607,-0.43717946077396036,0.41693169227695975,49.122839664115745,221.15590057373046,225.96722180617869,216.34457934128224,0.04351067477708279,-0.014158039321771398,-0.014259220514041179,0.17606862343152554,8219855.0,0.6284052455913152,1
2023-06-27,222.66964721679688,223.91356121287347,221.8665006219565,222.80677053519992,4628500,221.27000579833984,223.74715728759764,210.10448905944824,222.255238739414,222.23491786052494,0.020320878889066307,-0.34567939284135507,0.3660002717304214,48.33209513606981,221.27000579833984,226.1127434337994,216.42726816288027,0.043772201460265926,0.004595513889012137,0.0045849867544678355,0.17498551344615995,8197915.0,0.5645947780624707,1
2023-06-28,223.27691650390625,223.37485318942842,221.37676844999373,222.82635992547853,5324500,221.57951431274415,223.6479248046875,210.22209953308106,222.4124199339513,222.31210294521986,0.10031698873143569,-0.2564801165267969,0.3567971052582326,55.592543146251266,221.57951431274415,226.07535172115487,217.08367690433343,0.040579901281534166,0.0027272207716668717,0.002723508652745072,0.16512581406280188,8118340.0,0.6558606808781106,1
2023-06-29,229.5062713623047,229.87845469723143,223.90377856904112,224.08986276384385,7118900,222.23036346435546,223.67093292236328,210.36389656066893,223.50378169215952,222.84500430944837,0.6587773827111505,-0.07342861667920744,0.7322059993903579,69.98943358021471,222.23036346435546,227.34917533140546,217.11155159730546,0.04606761908906321,0.02789968150733335,0.02751757618878128,0.18889532343821216,7451255.0,0.9553961044146254,1
2023-06-30,232.60133361816406,233.3849018347938,231.10276631607047,231.41619958085062,6879400,222.76808547973633,223.77597930908203,210.55504554748535,224.90340506539098,223.56769536935323,1.3357096960377532,0.20839904586418467,1.1273106501735686,72.56812719298688,222.76808547973633,229.66717297354788,215.86899798592478,0.06193963986317162,0.013485741533282303,0.013395618269546137,0.1754419424486459,7445045.0,0.9240239649323811,1
2023-07-03,233.08126831054688,233.50242743867744,230.5738620208123,232.13119429439146,3087400,223.21765747070313,223.8509356689453,210.74985969543457,226.16153787233804,224.27240447610833,1.8891333962297097,0.5445459159372896,1.34458748029242,70.54322561397322,223.21765747070313,231.51045872666413,214.92485621474214,0.07430237688117848,0.0020633359444561794,0.002061210190440553,0.17307755851011108,7304560.0,0.42266748442069063,1
2023-07-05,234.53086853027344,235.06957262326594,229.18304412247386,229.59441408112608,7601200,223.83863220214843,223.96563842773438,210.97158584594726,227.4491272043281,225.03229070234278,2.4168365019853297,0.9190040331468977,1.497832468838432,79.25629372496056,223.83863220214843,233.52544161644562,214.15182278785124,0.08655172093393637,0.006219290937593325,0.006200030962053962,0.16874963942293716,7441675.0,1.0214367061179104,0
2023-07-06,233.9725799560547,234.67778985113176,231.82756777063864,233.3751108767622,6441800,224.3606834411621,224.0943960571289,211.20059577941893,228.45273531997833,225.69453435076588,2.758200969212453,1.2868434203600088,1.4713575488524442,77.61086418597446,224.3606834411621,235.05120718238678,213.67015969993744,0.09529765712296222,-0.002380448158987969,-0.0023832859300458643,0.16912952383427884,7462760.0,0.8631927061837712,0
2023-07-07,231.59249877929688,233.54162269849607,231.27908045415887,231.86674541828802,5729500,224.9082000732422,224.2375289916992,211.41853286743165,228.9357758521812,226.13142060473115,2.8043552474500473,1.5903457857780166,1.2140094616720307,68.58281699612557,224.9082000732422,235.91385371837177,213.90254642811263,0.09786796249799284,-0.010172479087954822,-0.01022457233275971,0.16608832639183752,7323375.0,0.7823578609589158,1
2023-07-10,233.26739501953125,234.1880866446873,231.64149342384388,232.14101092575268,4858900,225.6481819152832,224.44231323242187,211.6500037384033,229.60217880100427,226.66001130212373,2.9421674988805364,1.8607101283985208,1.0814573704820156,67.36764575975607,225.6481819152832,236.81944527093071,214.4769185596357,0.09901487581975398,0.007232083288805091,0.0072060571811083385,0.16023356818167914,7253910.0,0.6698318561989327,1
2023-07-11,235.6082763671875,235.755188871731,233.22818917633631,233.90401658787826,3856500,226.48023071289063,224.6771011352539,211.91775886535643,230.52619381118632,227.32284575138772,3.2033480597986,2.1292377146785366,1.0741103451200633,76.48613054234687,226.48023071289063,238.02884232599814,214.93161909978312,0.10198339675614077,0.010035184503433214,0.009985166388416863,0.1619155876639963,7127485.0,0.5410744463159165,1
2023-07-12,237.2341766357422,238.9384214611586,236.27429845981618,236.58773172836038,6116000,227.26575622558593,224.87167724609375,212.19963050842284,231.5581911688103,228.05701840948805,3.501172759322259,2.4036247236072814,1.0975480357149774,77.239646803325,227.26575622558593,239.51104197563114,215.02047047554072,0.10776181993639584,0.00690086228558795,0.0068771603156549494,0.1596755607582193,7002230.0,0.8734360339491848,1
2023-07-13,238.31158447265625,239.25186939058685,238.15486782878085,238.78171945896068,5819600,228.24080581665038,225.0921026611328,212.49579620361328,232.59717475401737,228.81661589564865,3.780558858368721,2.6790115505595695,1.1015473078091516,77.20647766378669,228.24080581665038,240.75399428004891,215.72761735325184,0.10964900354803853,0.004541537194147072,0.004531255532051772,0.14847166723626,6949775.0,0.8373796273980093,0
2023-07-14,238.1646728515625,239.71221608865224,236.98932790873997,239.7024119575472,4941200,229.20654983520507,225.41770690917969,212.80763031005858,233.45371292287047,229.50906455904968,3.9446483638207894,2.932138913211814,1.0125094506089756,75.76682086257688,229.20654983520507,241.64920339786107,216.76389627254906,0.10857153577506423,-0.0006164686514037454,-0.0006166587463318846,0.14879242141735996,6738800.0,0.7332462753012405,1
2023-07-17,238.97760009765625,240.32923992340324,238.0079327690227,238.11567358331533,4328100,230.0792465209961,225.77912048339843,213.1367681121826,234.30354171899137,230.21043756190943,4.093104157081939,3.164331961985839,0.9287721950960997,86.8695317314617,230.0792465209961,242.7000978263958,217.4583952155964,0.10970873293648385,0.003413299026931771,0.0034074869436385704,0.14581452169167247,6328505.0,0.6839055985576372,0
2023-07-18,235.8237762451172,238.18425535751857,232.7972439095294,238.1059119792494,7674000,230.66006469726562,226.08488708496094,213.44376052856444,234.53742395377995,230.62624042733222,3.9111835264477293,3.3137022748782177,0.5974812515695116,75.65924394034911,230.66006469726562,243.2121218650489,218.10800752948234,0.10883598063893275,-0.0131971525835487,-0.01328500882597961,0.15420119608344646,6030760.0,1.2724764374639348,1
2023-07-19,236.4603729248047,237.606335170884,235.18707655849903,236.29386712275755,4835500,231.39220733642577,226.28256072998047,213.74965270996094,234.83326225701452,231.05839839010795,3.7748638669065713,3.405934593283889,0.36892927362268235,75.6870617322417,231.39220733642577,243.4718943780733,219.31252029477824,0.1044087627729367,0.0026994592734610467,0.002695822277088622,0.1460733099443117,5656920.0,0.854793774704256,0
2023-07-20,234.69737243652344,236.64649634060933,234.15868329324556,236.2057438845998,4695000,231.9979995727539,226.43617614746094,214.05846008300782,234.81235613078513,231.32795202317575,3.484404107609379,3.421628496148987,0.0627756114603919,62.24587057685219,231.9979995727539,243.41424691960677,220.58175222590106,0.09841677400561166,-0.007455796785205471,-0.007483730168419714,0.15091647821669418,5540065.0,0.847462981030006,0
2023-07-21,234.3349609375,235.41236903488075,233.8256393873455,234.81489998911863,5427400,232.52984390258788,226.56240539550782,214.34598625183105,234.73891071643357,231.5506934242368,3.1882172921967538,3.3749462553585405,-0.18672896316178678,54.694954994714735,232.52984390258788,243.29026165316156,221.7694261520142,0.09255085343007814,-0.001544165131722841,-0.0015453585834491095,0.1513749056554321,5497660.0,0.9872200172437,1
2023-07-24,235.79437255859375,236.32327251366647,233.29675539529762,234.75613607327497,6010000,233.0778495788574,226.7567288208008,214.62134017944337,234.90128946138128,231.86504002678177,3.0362494345995117,3.307206891206735,-0.27095745660722326,56.977381176618316,233.0778495788574,243.2904859180321,222.86521323968273,0.08763283475995372,0.006227886847336439,0.006208573705275305,0.15170232113303,5526940.0,1.0874009849935045,0
2023-07-25,233.78646850585938,235.85312226677837,233.6591343815543,235.08914741158745,4997500,233.68462066650392,226.90717346191406,214.87682258605957,234.72977854514716,232.007368062269,2.7224104828781606,3.1902476095410206,-0.46783712666286004,48.13904111313455,233.68462066650392,242.36590258296496,225.00333875004287,0.07429912924265804,-0.008515487587539505,-0.008551951504890132,0.1446808533002583,5518545.0,0.905582902739762,0
2023-07-26,232.22918701171875,233.94323621799788,223.00269184660627,226.6658652449134,7551400,234.16259765625,227.01922424316408,215.13464263916015,234.34507215538895,232.02379909556157,2.3212730598273765,3.0164526995982923,-0.6951796397709158,45.8489528192824,234.16259765625,241.18439112348352,227.14080418901648,0.05997365537891319,-0.006661127584044024,-0.006683411908670075,0.14820762585437292,5664690.0,1.333065004439784,0
2023-07-27,229.62380981445312,233.75711790022524,228.1742182177649,232.5425863247005,8160100,234.47994232177734,227.05115509033203,215.388002243042,233.61872410293728,231.84602211177577,1.7727019911615116,2.7677025579109364,-0.9950005667494248,45.362275914029205,234.47994232177734,239.7970430314711,229.16284161208358,0.0453522860594796,-0.011218991164681391,-0.01128239873811454,0.15556612146322674,5806470.0,1.4053461052928888,1
2023-07-28,230.9068603515625,231.03419447381322,228.90877574991163,229.76089808726456,6794800,234.54997177124022,227.1545852661133,215.65580825805665,233.20151429503346,231.77645457398222,1.425059721051241,2.4991739905389974,-1.0741142694877563,44.33459507919115,234.54997177124022,239.62252618375854,229.4774173587219,0.04325350691123209,0.005587619760103024,0.005572066921480165,0.12172811357918951,5790265.0,1.1734868784071195,1
2023-07-31,232.84620666503906,233.52203409093613,231.15175098025512,231.15175098025512,4799600,234.56221542358398,227.25409759521483,215.94810760498046,233.14685158272664,231.85569546961605,1.2911561131105884,2.2575704150533156,-0.9664143019427271,43.2406091461543,234.56221542358398,239.61611367965347,229.5083171675145,0.0430921770323742,0.008398825009026778,0.008363751127683068,0.11562387332854453,5686275.0,0.8440675134424558,1
2023-08-01,234.85409545898438,235.78457621260875,232.13120738653177,232.2683307086941,4627300,234.65085678100587,227.37515808105468,216.25482696533203,233.4095044867663,232.07779917253222,1.3317053142340853,2.0723973948894696,-0.7406920806553843,44.282317820154056,234.65085678100587,239.65735381914754,229.6443597428642,0.04267188372394583,0.008623240303990753,0.00858627253659503,0.11940092086805308,5763270.0,0.8028948843278209,0
2023-08-02,232.67971801757812,233.88444550531952,231.9255322168128,233.72774380068395,4868200,234.55829925537108,227.45841217041016,216.51942642211915,233.29722964535276,232.12238575364674,1.1748438917060184,1.8928866942527796,-0.7180428025467611,37.147907186642094,234.55829925537108,239.64198757141457,229.4746109393276,0.0433469063527675,-0.009258418241150035,-0.009301543784582263,0.12201732748524412,5626620.0,0.8652085977016397,1
2023-08-03,233.8550567626953,234.13910755133122,230.41716941340002,231.15176187699217,5033800,234.55242309570312,227.60493927001954,216.79983169555663,233.383049201867,232.250731754317,1.1323174475500082,1.7407728449122255,-0.6084553973622173,40.60624766765138,234.55242309570312,239.63923276841922,229.46561342298702,0.043374607736544744,0.005051315839347925,0.005038600744158846,0.12323723842115275,5556220.0,0.9059756453128206,1
2023-08-04,234.080322265625,236.94033354932407,232.95393828517638,233.11065491737594,5169700,234.67681427001952,227.88721862792968,217.06856231689454,233.49032198090669,232.38625697737686,1.1040650035298256,1.6134312766357457,-0.5093662731059201,39.044647733478975,234.67681427001952,239.57711542124926,229.77651311878978,0.04176212436215745,0.0009632697537016455,0.000962806107113049,0.11723469687949664,5528230.0,0.9351456071834927,1
2023-08-07,236.5485382080078,237.20477228142445,234.2958001735675,234.3055893584291,5649800,234.84087142944335,228.26450469970703,217.34028869628906,233.96081678507608,232.69457410557175,1.2662426795043302,1.5439935572094627,-0.2777508777051325,51.67262027174357,234.84087142944335,239.76214879605328,229.91959406283343,0.041911591765562826,0.010544311963061936,0.010489108422168858,0.1202846363129506,5567775.0,1.0147320967531914,0
2023-08-08,234.37413024902344,236.40161229940216,232.51316894908936,235.48092083374146,5080600,234.77916412353517,228.5761669921875,217.6048422241211,234.02440347183722,232.81898567175335,1.2054178000838647,1.4762784057843432,-0.27086060570047854,45.504422450925595,234.77916412353517,239.6908664337485,229.86746181332182,0.041841040950541274,-0.009192227419610233,-0.009234736645593294,0.11991048397970899,5628980.0,0.9025791528838262,1
2023-08-09,234.83450317382812,236.99910878173753,234.57006065906066,235.55930642005166,4055000,234.65918045043946,228.86510620117187,217.86775527954103,234.14903419522042,232.96828326449963,1.1807509307207908,1.4171729107716329,-0.23642198005084203,50.31307458260786,234.65918045043946,239.43369497222324,229.8846659286557,0.04069318330200305,0.0019642651017650614,0.001962338455620031,0.11726505465026078,5525930.0,0.7338131319072084,1
2023-08-10,235.6686248779297,239.38773918680585,235.59992680340255,236.12001375210033,4778000,234.52703247070312,229.23674377441407,218.1195068359375,234.38281737717568,233.16830856919816,1.2145088079775235,1.376640090212811,-0.1621312822352876,52.980606263150534,234.52703247070312,239.0135176382552,230.04054730315104,0.03825985533767859,0.0035519554955862898,0.003545662199600452,0.11675426299880425,5473850.0,0.872877408040045,0
2023-08-11,235.5508575439453,236.21814823135085,233.96115895311235,235.51161219688618,3607100,234.39634170532227,229.6179751586914,218.36901443481446,234.56251586437102,233.3447936784387,1.217722185932331,1.344856509356715,-0.12713432342438402,49.42104915658699,234.39634170532227,238.5786301048693,230.21405330577525,0.035685611551095765,-0.0004997157939262697,-0.0004998406934748707,0.11675387450232143,5407145.0,0.667098810925174,1
2023-08-14,238.3573760986328,238.77934219810277,235.7667489136574,236.21815276734324,4351100,234.3653305053711,229.94818481445313,218.614691696167,235.14634051579588,233.71609607993454,1.43024443586134,1.3619340946576401,0.06831034120369983,60.46964680027429,234.3653305053711,238.41157446445195,230.31908654629027,0.03452937301226053,0.011914703193826925,0.011844281931467478,0.12421934762014138,5408295.0,0.8045234218917422,0
2023-08-15,235.3448028564453,238.13168678735872,234.87378380542103,237.4840262338093,3770100,234.3413818359375,230.1732843017578,218.8017434692383,235.1768731835881,233.83674102634274,1.340132157245364,1.357573707175185,-0.017441549929821054,56.69028644524408,234.3413818359375,238.35683251322666,230.32593115864836,0.0342700947295802,-0.01263889245424854,-0.012719442685662247,0.1234521562984144,5213100.0,0.7231973298037636,0
2023-08-16,234.8148651123047,236.56158987296513,231.60603043175905,232.1064871775098,3218600,234.2591064453125,230.42735412597656,218.98147300720214,235.1211796341599,233.90919466233993,1.211984971819959,1.32845596010414,-0.11647098828418101,62.23775418805509,234.2591064453125,238.15747150217052,230.3607413884545,0.03328250599101538,-0.002251750358234439,-0.0022542893602542145,0.12322825642382128,5132255.0,0.6271317383879016,0
2023-08-17,232.93077087402344,235.88448831711995,232.06723855864496,235.51159017451474,4177600,234.1707763671875,230.6153384399414,219.12720207214355,234.78419367106196,233.83671882616832,0.9474748448936339,1.2522597370620387,-0.3047848921684049,54.639820058697794,234.1707763671875,238.10719986575606,230.23435286861894,0.033620108876404944,-0.008023743460109034,-0.00805610692333554,0.12368009195816095,5106385.0,0.8181130094969338,1
2023-08-18,233.71583557128906,234.57938294532667,230.89951398563244,231.17427633674893,4344800,234.13982009887695,230.87681182861328,219.28746726989746,234.6198308864815,233.8277645109921,0.7920663754894122,1.1602210647475135,-0.36815468925810135,52.10503299086656,234.13982009887695,238.08054247599148,230.19909772176243,0.03366127449359416,0.003370377792164758,0.003364710798636643,0.12427897438087213,5052255.0,0.8599724281533692,1
2023-08-21,234.98171997070312,236.03170146590165,233.3135007224813,234.90321430238708,3573600,234.09918746948242,231.20709106445312,219.45518127441406,234.6755061302079,233.9132426931929,0.7622634370150081,1.0806295392010126,-0.3183661021860045,50.32044012627577,234.09918746948242,237.98444631461211,230.21392862435272,0.03319327065700463,0.005416339874102949,0.005401724256968063,0.12376296673371816,4930435.0,0.7248042008463756,1
2023-08-22,236.07095336914062,236.91485558324018,234.20647750332333,235.51160611736805,3848400,234.2134117126465,231.54916412353515,219.65744804382325,234.89019032081293,234.07307311363348,0.8171172071794501,1.0279270727967003,-0.21080986561725013,59.00544910548444,234.2134117126465,238.19313654982057,230.23368687547242,0.0339837484802685,0.004635396313267703,0.004624685948879282,0.12073085177283825,4872980.0,0.789742621558061,1
2023-08-23,237.7686004638672,238.00410249207044,236.21814722668762,236.80693224404567,4947700,234.4903823852539,231.87406280517578,219.8983804321289,235.33302265051358,234.34681588031748,0.9862067701961053,1.0195830122765814,-0.03337624208047618,60.11193870969269,234.4903823852539,238.655385974727,230.32537879578078,0.03552387562429115,0.007191257842179333,0.007165524046093702,0.11982184265714987,4742795.0,1.0432034275147881,0
2023-08-24,234.9915313720703,239.00503827417822,234.88358794806476,237.71953975320102,4570700,234.75876846313477,232.19768157958984,220.11457344055177,235.28048553075308,234.39457258341028,0.8859129473428027,0.9928489992898257,-0.10693605194702305,52.08010984869331,234.75876846313477,238.23883079653447,231.27870612973507,0.029647985940479925,-0.011679713327912289,-0.011748456974601735,0.12046494580448183,4563325.0,1.0016161461215232,1
2023-08-25,238.03355407714844,238.85784111875554,235.7176893125678,236.8658066148259,3541500,235.11510314941407,232.58135681152345,220.3307904815674,235.70403453789083,234.66412676813164,1.0399077697591963,1.0022607533837,0.03764701637549628,53.30345395965062,235.11510314941407,238.38776494407122,231.84244135475691,0.027838805341036717,0.01294524397247998,0.01286217047143648,0.12670228876211287,4400660.0,0.8047656487890453,1
2023-08-28,239.26998901367188,240.64380077479848,238.0629961825803,238.465317143994,3741500,235.4362922668457,232.93628326416015,220.5450126647949,236.25264291878023,235.00530174928278,1.247341169497446,1.0512768366064493,0.19606433289099656,61.36523839176856,235.4362922668457,239.0177043262247,231.8548802074667,0.030423619272085707,0.005194372454409013,0.00518092823789321,0.12490315425390193,4347755.0,0.8605590701407968,1
2023-08-29,240.75173950195312,241.23258109568286,238.84801826049952,238.946154087277,3975600,235.73117446899414,233.2671697998047,220.80274223327638,236.94481162388374,235.43096380503613,1.5138478188476086,1.1437910330546812,0.37005678579292733,63.11437267500845,235.73117446899414,240.01337384324123,231.44897509474706,0.036331209768017556,0.006192797075761147,0.006173700508175738,0.1233246298197441,4315170.0,0.9213078511391208,1
2023-08-30,241.62509155273438,243.58768827730322,241.44846503476703,241.81154063731637,4573300,236.17844314575194,233.66332122802734,221.00805618286134,237.66485468986076,235.8897880826434,1.7750666072173544,1.270046147887216,0.5050204593301384,63.17840265591588,236.17844314575194,240.95839549664316,231.39849079486072,0.04047746515071561,0.0036276043221452614,0.003621040434920525,0.11705780644752317,4300425.0,1.063453030805095,0
2023-08-31,241.0853729248047,243.38162245774234,240.85967849547424,240.99705966638294,5532600,236.53995895385742,234.0333981323242,221.2134521484375,238.1910882644675,236.2746462190998,1.9164420453677167,1.3993253273833162,0.5171167179844005,62.02042255574909,236.53995895385742,241.6615067923867,231.41841111532815,0.043303870189039334,-0.00223370273534651,-0.002236201170502454,0.11732405492999912,4325365.0,1.279105925164697,1
2023-09-01,243.46994018554688,244.21572155939518,242.15500395793612,242.84190982508915,4112900,237.00943984985352,234.42883544921875,221.42169761657715,239.00321932924896,236.80763095735514,2.1955883718938196,1.5585779362854169,0.6370104356084028,61.31130783061716,237.00943984985352,242.85229926600815,231.1665804336989,0.04930486667413839,0.009890966141218094,0.009842370710055897,0.12095596481627616,4272525.0,0.9626391887701067,0
2023-09-05,240.75173950195312,244.03909504447452,240.61435832851961,243.70545719091098,4459600,237.21959991455077,234.74718505859374,221.60108337402343,239.2722224327419,237.0997871458439,2.1724352868980077,1.681349406407935,0.4910858804900726,62.120471015112415,237.21959991455077,243.29057157964473,231.1486282494568,0.05118440185617713,-0.01116442005745033,-0.011227209974473925,0.12508302285892026,4213015.0,1.058529343000203,1
2023-09-06,241.55638122558594,242.0470303514227,239.64285262950708,240.8302151289152,4520300,237.5787124633789,235.14529174804687,221.78376052856444,239.62363147779485,237.42990522582477,2.1937262519700766,1.7838247755203636,0.4099014764497131,64.9282799763749,237.5787124633789,243.78907813818026,231.36834678857755,0.05228048936209835,0.003342205233064499,0.003336632478561888,0.11944151726513984,4185000.0,1.0801194743130227,1
2023-09-07,242.51806640625,242.77319857922814,240.52603201287795,240.9087377590572,4007900,237.962890625,235.54226013183595,221.96709953308107,240.06892915909566,237.8068060540044,2.2621231050912627,1.8794844414345435,0.38263866365671917,72.13412516178397,237.962890625,244.4047884194283,231.5209928305717,0.054142036831952234,0.00398120379095257,0.003973299770538864,0.11975131753418836,4182645.0,0.9582214125272406,1
2023-09-08,242.665283203125,243.49939286155882,241.83118851811696,243.15593242022118,3309100,238.31272354125977,235.9300274658203,222.15210151672363,240.4683682427925,238.16669325023554,2.3016749925569684,1.9639225516590284,0.33775244089794,71.288517337929,238.31272354125977,244.98579437898997,231.63965270352958,0.05600264004850639,0.0006070343502919684,0.0006068501794689928,0.11958322550282098,4109200.0,0.8052905675070573,0
2023-09-11,242.59657287597656,243.7152523664864,241.66434246278905,242.70451629056188,2995800,238.66500930786134,236.19183349609375,222.35861427307128,240.79578434020544,238.4948324817719,2.3009518584335353,2.03132841301393,0.26962344541960537,69.20784160373067,238.66500930786134,245.46683970445181,231.86317891127086,0.05699897455698321,-0.0002831485667891265,-0.00028318866091313826,0.11953787413390338,4078635.0,0.7345104428319769,1
2023-09-12,242.67510986328125,243.12649876550415,241.40922647670496,242.32184182207695,3499600,238.88089599609376,236.3933090209961,222.54595809936524,241.08491134375558,238.80448265818,2.280428685575572,2.0811484675262584,0.19928021804931362,67.553458129805,238.88089599609376,245.9118409286788,231.8499510635087,0.05886569458195615,0.0003237349414033641,0.0003236825505540821,0.11305078986256258,4036060.0,0.8670832445503783,1
2023-09-13,243.19515991210938,245.3834509323866,241.99797478613692,242.52786928075932,5657000,239.27341384887694,236.59558685302736,222.72907287597656,241.40956496965615,239.1297180103229,2.2798469593332413,2.120888165887655,0.15895879344558628,65.38667548126222,239.27341384887694,246.34953975465706,232.19728794309682,0.059146779342976546,0.002142988826176362,0.002140695900846377,0.1010753367362514,4130405.0,1.36959934921636,0
2023-09-14,236.9835662841797,240.94800527677552,234.2849956536145,240.41811072308084,12000000,239.3818489074707,236.64464080810546,222.87108055114746,240.72864209496746,238.97074380838637,1.7578982865810815,2.0482901900263406,-0.2903919034452591,54.7275237118539,239.3818489074707,246.23319501428819,232.5305028006532,0.05724198503843763,-0.02554160054079424,-0.025873450058908013,0.13952816429868434,4569475.0,2.6261222569332365,0
2023-09-15,236.56161499023438,239.53494797597116,235.5410562582662,237.37607949427905,13077900,239.56339111328126,236.69642150878906,223.02332054138185,240.0875610019316,238.7922898218566,1.295271180074991,1.8976863880360706,-0.6024152079610796,46.01066139524496,239.56339111328126,245.86539817223365,233.26138405432886,0.05261243823328913,-0.0017805086680117155,-0.0017820956576157494,0.13619159485196933,5014490.0,2.608021952381997,1
2023-09-18,240.08445739746094,240.64378966959862,236.26720742296158,236.43402634529824,4771600,239.88182220458984,236.86626068115234,223.20390647888183,240.08708352432072,238.88800593856803,1.1990775857526899,1.7579646275793945,-0.5588870418267047,51.96401145946248,239.88182220458984,245.55163662038206,234.21200778879762,0.047271730418627214,0.014891859811542174,0.01478206476014856,0.14492608608107171,5035830.0,0.9475300000198577,0
2023-09-19,239.00502014160156,240.5358431488684,236.94430262159787,240.41809214013227,4709000,240.08298721313477,236.98101318359375,223.34036247253417,239.92061223467164,238.89667365731125,1.0239385773603829,1.6111594175355923,-0.5872208401752095,45.704613320265274,240.08298721313477,245.2871497457337,234.87882468053584,0.04335303049173501,-0.004496073038465664,-0.004506210772924756,0.1455389785986382,5092600.0,0.9246750186545183,0
2023-09-20,237.33682250976562,239.9568873403503,237.15037342517678,239.07372480363176,5756600,240.14628067016602,237.01558410644532,223.46847747802735,239.5231061231476,238.78112912786344,0.7419769952841762,1.4373229330853092,-0.6953459378011331,39.85137967444797,240.14628067016602,245.17274945662083,235.1198118837112,0.041861725048813254,-0.006979759801060248,-0.007004232265599111,0.14740185576712242,5188010.0,1.109596936012074,0
2023-09-21,232.18499755859375,236.27700978199235,231.85135972131118,236.26720218916316,6881500,239.86710052490236,236.91460052490234,223.56761360168457,238.3941663439855,238.292526789399,0.10163955458648388,1.1701862573855442,-1.0685467027990603,32.710638280213956,239.86710052490236,245.95730715418088,233.77689389562383,0.05077984113662355,-0.021706808478738626,-0.021945867042857496,0.16423639384742675,5284700.0,1.3021552784453232,0
2023-09-22,230.68360900878906,233.3429190495031,230.48735234105087,232.32237539321014,5935500,239.65170440673828,236.762041015625,223.6786580657959,237.20792675395526,237.72890325009456,-0.5209764961392978,0.8319537066805759,-1.3529302028198735,24.279472872918703,239.65170440673828,246.69768664147077,232.60572217200578,0.058801853733316325,-0.006466346084336494,-0.006487343466683861,0.1608041833734585,5352940.0,1.1088299140285525,0
2023-09-25,228.9957733154297,231.06631334028282,227.8672862527596,230.97800008635363,5921600,239.19981536865234,236.57866302490234,223.80370307922362,235.94451853264366,237.08200473641568,-1.1374862037720277,0.4380657245900552,-1.575551928362083,25.32945233772348,239.19981536865234,247.6933329553213,230.70629778198338,0.07101608814855341,-0.007316669357704808,-0.0073435674663055416,0.15363105605876828,5471945.0,1.082174619810689,0
2023-09-26,225.35516357421875,228.31868882962132,225.30611063469956,227.5925226489552,6193200,238.5040740966797,236.3062142944336,223.91674026489258,234.31538700057828,236.21334983551222,-1.897962834933935,-0.02913998731474282,-1.8688228476191922,19.617263764419988,238.5040740966797,249.01374468438274,227.99440350897663,0.08812990409080283,-0.0158981525663191,-0.01602588379648711,0.1588871846790461,5594530.0,1.1070098828677297,0
2023-09-27,225.2079620361328,226.36588685412957,223.65750891027145,225.95374336093968,6006700,237.72688522338868,236.0938980102539,224.02274864196778,232.9142446983559,235.39813592444708,-2.483891226091174,-0.520090235070029,-1.9638009910211451,16.514801335352303,237.72688522338868,249.72957554112782,225.72419490564954,0.10097882119189316,-0.0006531979820265654,-0.0006534114087734349,0.15548812258278433,5696085.0,1.0545313140516688,1
2023-09-28,227.32757568359375,228.19110803572022,225.3747866081958,226.35608494234916,4203900,237.01200942993165,235.9112420654297,224.14130638122558,232.05475715762324,234.80031664734682,-2.7455594897235756,-0.9651840860007384,-1.7803754037228372,22.43382232758043,237.01200942993165,249.71953234825602,224.30448651160728,0.1072310466367412,0.009411805996099032,0.00936779090882562,0.16018376303929358,5677615.0,0.7404341435620414,0
2023-09-29,225.70840454101562,228.67192944133882,225.35513657294118,228.48548037854636,6045200,236.2431610107422,235.73146270751954,224.22303573608397,231.07839521660668,234.12684167650747,-3.048446459900788,-1.3818365607807483,-1.6666098991200395,21.24953696704452,236.2431610107422,249.748653417115,222.7376686043694,0.11433552064399191,-0.007122634100632741,-0.00714812115431146,0.16081381862343505,5703245.0,1.059957971295289,1
2023-10-02,226.94488525390625,227.04300610989142,224.49163925289716,224.9528506989609,5175200,235.41690826416016,235.58366119384766,224.31850868225098,230.44247060696046,233.59484490446292,-3.152374297502462,-1.735944108125091,-1.4164301893773708,24.236565675145044,235.41690826416016,249.08184431610215,221.75197221221816,0.11609137298335968,0.005478221847365683,0.0054632709680291274,0.15674598154593505,5756360.0,0.8990403657867124,0
2023-10-03,224.5308837890625,227.41590347156964,223.520147638174,226.1598427214669,5585700,234.60586547851562,235.35839141845702,224.40054557800292,229.53299571189922,232.92344037739622,-3.390444665497,-2.066844219599473,-1.3236004458975272,21.21678186084644,234.60586547851562,248.8507837873921,220.36094716963916,0.12143701761097668,-0.01063695029805567,-0.010693927053344739,0.15641301288318424,5812665.0,0.9609533664850805,1
2023-10-04,226.89581298828125,227.3668320188837,224.59957836899108,225.1883484138879,5430900,233.8728370666504,235.22057830810547,224.5207982635498,229.12727529288108,232.476949459684,-3.349674166802913,-2.323410209040161,-1.026263957762752,32.34893788349906,233.8728370666504,248.1206268559183,219.6250472773825,0.12184219397148274,0.01053275682752175,0.010477673790883641,0.16250909001725153,5858195.0,0.9270602975831292,1
2023-10-05,229.11354064941406,229.81026908472208,225.91451333389864,226.10096242109762,6126200,233.2026107788086,235.15826538085938,224.65711547851564,229.12516227080923,232.22780806633065,-3.1026457955214255,-2.4792573263364144,-0.6233884691850111,37.738286213249424,233.2026107788086,246.9918097360444,219.41341182157282,0.1182593875015813,0.009774211484666617,0.009726752875996114,0.1670821587228247,5964110.0,1.0271775671474872,1
2023-10-06,230.64434814453125,232.1653635193892,228.39718160342065,228.8093250967212,6401300,232.6015640258789,235.17867614746095,224.81118446350098,229.35888317445878,232.11051473878996,-2.751631564331177,-2.533732173935367,-0.21789939039580997,33.367923731934795,232.6015640258789,245.68390995869174,219.51921809306606,0.11248717082020411,0.0066814361594611515,0.006659214292624437,0.17008258471226342,6118720.0,1.0461828617750117,0
2023-10-09,230.05560302734375,230.77194667841653,227.36683997725106,228.44627422414882,5372200,231.97451553344726,235.16165100097658,224.95967552185058,229.4660708441334,231.95829905646062,-2.4922282123272055,-2.525431381613735,0.033203169286529555,33.95502442136386,231.97451553344726,244.21482728565007,219.73420378124445,0.10553152120227573,-0.0025526102066830703,-0.0025558736708676446,0.16988406329390282,6237540.0,0.8612690259300942,1
2023-10-10,232.17518615722656,233.76488462808058,229.89856689056876,230.50696705133038,4644000,231.44951934814452,235.1482305908203,225.11169105529785,229.88285781537854,231.97436476762846,-2.0915069522499152,-2.4386464957409713,0.347139543491056,40.893347009209684,231.44951934814452,242.61049441216693,220.2885442841221,0.09644414121451822,0.009213351476733633,0.009171167460167905,0.17477055065350355,6294760.0,0.7377564831701288,0
2023-10-11,231.27239990234375,234.04947617328725,230.49718075405562,233.10743809368202,4760900,230.85338134765624,235.0765966796875,225.2677296447754,230.09663352106548,231.92236737019996,-1.8257338491344797,-2.316063966419673,0.49033011728519327,48.10592721146172,230.85338134765624,240.5504635950066,221.1562991003059,0.08401074474839008,-0.003888383895906289,-0.0038959633147404335,0.17411510047886172,6249955.0,0.7617494845962891,1
2023-10-12,232.35183715820312,233.2840676563733,230.49718375556492,232.28315405543717,4472800,230.6217948913574,235.0700390625,225.42540901184083,230.44358792677897,231.9541799470891,-1.5105920203101277,-2.154969577197764,0.6443775568876364,53.52408863778046,230.6217948913574,239.91528130595282,221.328308476762,0.08059504019534176,0.0046673846784794915,0.004656526212593745,0.1526852766817766,5873595.0,0.761509773826762,1
2023-10-13,233.2251739501953,234.1868421278644,231.81210194921456,231.9691132767512,4966800,230.45497283935546,235.05744140625,225.58521133422852,230.8715242380738,232.0483276510229,-1.1768034129491127,-1.959336344348034,0.7825329313989213,59.25291162701263,230.45497283935546,239.41325925953146,221.49668641917947,0.07774435335288336,0.0037586825336679563,0.003751636337231188,0.15354556707604292,5468040.0,0.9083327846906752,1
2023-10-16,235.58030700683594,236.20833736505534,233.872842451634,234.53031056309615,6227300,230.22976531982422,235.0874411010742,225.76313079833983,231.59595235634487,232.3099557514535,-0.7140033951086195,-1.7102697545001513,0.9962663593915317,73.70338221051641,230.22976531982422,238.35664680846622,222.10288383118223,0.07059800870971242,0.010098108264863237,0.010047463031589496,0.1479443160739112,5540825.0,1.123894004954136,1
2023-10-17,236.68917846679688,236.96394082949172,233.83359644011952,235.14854771693132,4527600,230.11397323608398,235.09025390625,225.93161849975587,232.3795256041067,232.6343426192567,-0.254817015149996,-1.4191792066301203,1.1643621914801243,75.4791350477154,230.11397323608398,237.76656451173173,222.46138196043623,0.06651131322474384,0.004706978584287036,0.00469593540038529,0.14858683791706126,5531755.0,0.8184744262896676,0
2023-10-18,233.02890014648438,236.32606291524203,232.55788117192563,235.47233821633745,9528300,229.89857711791993,235.06334930419922,226.08326835632323,232.4794293798571,232.66356910275505,-0.1841397228979531,-1.172171309883687,0.9880315869857339,61.8425823562822,229.89857711791993,236.9108905789656,222.88626365687426,0.06100353946469967,-0.015464493746704888,-0.015585316288391772,0.15638387861103892,5720340.0,1.6656877038777416,0
2023-10-19,229.43736267089844,233.4704994505972,229.044849323941,233.02891819191402,5927400,229.76119537353514,234.95540649414062,226.2187654876709,232.01141911694037,232.42459084854343,-0.4131717316030574,-1.0203713942275612,0.6071996626245038,57.159052892640425,229.76119537353514,236.6920886982255,222.8303020488448,0.06033127842517026,-0.01541241225156309,-0.015532418127466648,0.14654664965778733,5672635.0,1.0449112273220469,0
2023-10-20,229.01539611816406,231.36069839552647,228.289230004526,229.75136982411573,5748300,229.67778472900392,234.8223419189453,226.32668853759765,231.55049250174403,232.17205790555238,-0.6215654038083471,-0.9406101961437184,0.3190447923353713,54.103411299145954,229.67778472900392,236.60208691651732,222.7534825414905,0.06029579391566639,-0.0018391361712941645,-0.0018408294586649825,0.14498295288571164,5663275.0,1.0150133977248148,0
2023-10-23,227.1999969482422,230.07520878818727,226.95467237027592,227.033178032036,5071700,229.58799591064454,234.65532470703124,226.43285194396972,230.881185493513,231.80375709389978,-0.9225716003867888,-0.9370024769923326,0.014430876605543874,55.41830035801305,229.58799591064454,236.59560629701755,222.58038552427152,0.061045093917718354,-0.00792697434623646,-0.007958559836357624,0.14538902954121957,5620780.0,0.9023124904372702,1
2023-10-24,230.2616424560547,232.10648807038177,228.53456282085787,228.53456282085787,6844100,229.83331985473632,234.49341003417967,226.52193244934082,230.78587118005785,231.68952637998532,-0.9036551999274707,-0.9303330215793603,0.02667782165188959,56.64467869628948,229.83331985473632,236.55468593037693,223.1119537790957,0.05848904832326996,0.013475552592150608,0.013385564854948325,0.14105845784325607,5653325.0,1.210632680767513,1
2023-10-25,232.4205322265625,234.02003843799037,226.96450054025618,227.9065535933626,10365300,230.1939483642578,234.43492462158204,226.6176608276367,231.0373574949047,231.74367496121326,-0.7063174663085476,-0.8855299105251978,0.17921244421665017,56.54372517725036,230.1939483642578,236.6386653945473,223.7492313339683,0.05599380067187002,0.009375811565835779,0.009332131456633678,0.14385544314366577,5871255.0,1.765431751814561,0
2023-10-26,226.95468139648438,231.20370505265873,226.05188871047446,230.1831613560376,6414500,230.17530364990233,234.27772094726564,226.67391334533693,230.40925347976312,231.38893469715927,-0.9796812173961484,-0.904360171899388,-0.07532104549676044,43.68282617805314,230.17530364990233,236.65698795405748,223.69361934574718,0.056319546027525376,-0.023517073890657936,-0.023798013601323872,0.16597494152348652,5981785.0,1.0723387751315034,0
2023-10-27,224.98228454589844,227.06263232712925,223.7654691600969,226.84674548491566,5540900,230.13899765014648,234.11875122070313,226.71537673950195,229.57433518224548,230.91436801928808,-1.3400328370425996,-0.9914947049280304,-0.3485381321145692,41.70677112199853,230.13899765014648,236.73318961600287,223.54480568429008,0.05730616743087391,-0.008690707935388287,-0.008728692372154553,0.1669541442481303,5956570.0,0.9302165508002088,1
2023-10-30,228.7210235595703,229.0154160622732,225.7280605667027,227.847668618054,5170300,230.2278045654297,234.01885498046875,226.76811904907225,229.44305647106466,230.75189805930899,-1.30884158824432,-1.0549640815912884,-0.25387750665303166,44.63743740139387,230.2278045654297,236.68733949491465,223.76826963594473,0.05611429029328375,0.016617926256807802,0.01648135941523913,0.17631804488351985,5956325.0,0.8680352398500754,1
2023-10-31,230.70326232910156,231.31166255219765,228.63272208372967,229.20187695870766,4828400,230.53642349243165,233.93328582763672,226.83350433349608,229.63693429537804,230.74829541262696,-1.1113611172489186,-1.0662434887228145,-0.045117628526104125,49.145072482835666,230.53642349243165,236.41345820052484,224.65938878433846,0.050985736822503715,0.008666622502303545,0.008629282913159486,0.17351294433863848,5918460.0,0.8158203316403253,1
2023-11-01,234.1181640625,234.5695529220893,231.27238984007445,231.72379367308838,4996200,230.89754104614258,233.8942300415039,226.91625663757324,230.32635425955067,230.99791531261755,-0.6715610530668812,-0.9873070015916279,0.3157459485247467,52.47932078801612,230.89754104614258,236.71999311553935,225.0750889767458,0.05043320983858564,0.01480213889878601,0.014693656445524178,0.17711333897110107,5896725.0,0.847283873675642,1
2023-11-02,238.7008056640625,238.7008056640625,234.72654465112726,235.42327301547252,6286700,231.376904296875,233.9128741455078,227.03919105529786,231.61473139870634,231.56849978309495,0.04623161561139,-0.7805992781510244,0.8268308937624144,56.9610519704077,231.376904296875,238.09125659523298,224.66255199851705,0.058038223985769265,0.01957405406758239,0.0193849460281124,0.18627134654310215,5904750.0,1.0646852110588934,1
2023-11-03,239.04428100585938,240.73211534424382,237.72932985379867,240.53584369800313,5029800,231.7969009399414,233.9939291381836,227.15920852661134,232.75773903057603,232.12226135515155,0.6354776754244824,-0.4973838874359231,1.1328615628604055,54.64105355994352,231.7969009399414,239.32042315137383,224.27337872850896,0.06491477824702913,0.0014389366673537296,0.001437902390041553,0.18549556403965672,5836175.0,0.8618315934666113,0
2023-11-06,238.9363555908203,240.20222395326468,238.07280819726108,239.43681239021916,5254100,232.24093856811524,234.01198516845704,227.25966148376466,233.70829542445978,232.6270090763122,1.0812863481475858,-0.18164984031922132,1.262936188466807,53.09376088438904,232.24093856811524,240.3567112777022,224.12516585852828,0.06989097408600631,-0.0004514871244144514,-0.0004515890754137379,0.18498259611956072,5830270.0,0.9011761033365522,1
2023-11-07,240.19239807128906,240.48679056698967,238.82839398218653,238.85783173441413,4219700,232.64179916381835,234.03043334960938,227.36702880859374,234.70584967781812,233.18740826112528,1.5184414166928377,0.1583684110831905,1.3600730056096473,60.561378407380666,232.64179916381835,241.50176224093389,223.7818360867028,0.07616828195931082,0.005256807727576307,0.005243038945979854,0.18345182553611686,5809055.0,0.7264004214110557,0
2023-11-08,239.85806274414062,240.6841046911439,238.76650195513517,239.44504177063902,5117500,233.0710823059082,234.0125598144531,227.4741390991211,235.49849784186773,233.68153081542272,1.8169670264450133,0.4900881341555551,1.326878892289458,66.99593499779255,233.0710823059082,242.4674255768329,223.67473903498347,0.08063070869162499,-0.0013919479959945136,-0.0013929176555211652,0.1826441755131342,5826885.0,0.8782565641848089,0
2023-11-09,237.62574768066406,240.41856449454508,236.9668798763169,240.2710623761472,4866600,233.33477783203125,233.9325729370117,227.56516090393066,235.8257670478364,233.97369502766284,1.8520720201735514,0.7624849113591544,1.089587108814397,63.26024183360405,233.33477783203125,242.9398255630018,223.7297301010607,0.08232847087959469,-0.009306816864679712,-0.009350395883472218,0.18651768178576747,5846575.0,0.8323847722812073,1
2023-11-10,241.17576599121094,241.19543794119613,237.95025643750182,239.926859759925,4094400,233.73230743408203,233.93438079833984,227.6748595428467,236.64884380835554,234.50718176570345,2.1416620426520865,1.038320337617741,1.1033417050343455,70.43156493372071,233.73230743408203,243.95641682217888,223.50819804598518,0.08748563260541367,0.014939535573045726,0.014829039855341909,0.19268176890673988,5802955.0,0.7055715579390156,0
2023-11-13,240.6053924560547,241.59860832442578,240.05469791496574,240.92991209747515,4088500,233.98356170654296,233.87708984375,227.74887603759765,237.25754360030925,234.95890107609983,2.298642524209413,1.2903847749360755,1.0082577492733373,66.30984391932078,233.98356170654296,244.63685950891556,223.33026390417035,0.09106022427108566,-0.0023649703477133244,-0.0023677713070814396,0.19058519646170316,5696015.0,0.7177825198845158,1
2023-11-14,242.8377227783203,243.81126684453713,241.50031511682462,242.08051016713813,14092000,234.29098892211914,233.91880950927734,227.84546928405763,238.11603270461865,235.54251749848655,2.5735152061321003,1.5470108611752806,1.0265043449568196,66.38768987920608,234.29098892211914,245.60726651529623,222.97471132894205,0.09660019487082147,0.009277972947648427,0.00923519693619778,0.19240678995866328,6174235.0,2.2823880205401963,1
2023-11-15,243.98828125,244.11612643090163,241.26429358392323,242.70987445689266,13258900,234.8389579772949,233.96744750976563,227.94240036010743,239.01945555775424,236.16812962822826,2.8513259295259843,1.8078738748454217,1.0434520546805626,81.00593168837027,234.8389579772949,246.9325871561028,222.745328798487,0.10299508465692611,0.004737972579037963,0.004726783714727459,0.18207280307842927,6360765.0,2.0844819766175924,1
2023-11-16,244.44064331054688,245.30601412546713,243.1622365321182,244.46030025714995,7051600,235.58912200927733,234.00589904785156,228.0382273864746,239.85348444279924,236.7809084195111,3.07257602328815,2.0608143045339675,1.0117617187541823,87.49453851559353,235.58912200927733,248.12518010524522,223.05306391330944,0.10642306392630664,0.0018540319159154883,0.0018523153201642525,0.16960393676411978,6416975.0,1.098897845168479,1
2023-11-17,245.4141845703125,246.08289587980323,244.52914181352165,245.30601134401115,7238200,236.40906143188477,234.06087707519532,228.145458984375,240.70897677010896,237.42041035660748,3.288566413501485,2.3063647263274714,0.9822016871740136,86.0029289322561,236.40906143188477,249.27556256248613,223.5425603012834,0.10884947516538843,0.003982730721784344,0.00397482064529715,0.16855347878662738,6491470.0,1.1150324964915497,1
2023-11-20,245.81736755371094,246.7614111237752,241.51996910316186,245.46334746361134,8604200,237.3399299621582,234.12529296875,228.25192565917968,241.49488304450927,238.04240718602256,3.4524758584867072,2.535586952759319,0.9168889057273883,84.97987060684824,237.3399299621582,250.0945087056438,224.58535121867263,0.10747941777449069,0.0016428674817812183,0.0016415194512216314,0.16327582564661866,6668095.0,1.2903535417536793,1
2023-11-21,248.03981018066406,249.1313708409966,245.87636081031445,245.87636081031445,7213700,238.22883834838868,234.23258697509766,228.37287063598632,242.50179491161,238.782955555996,3.7188393556139943,2.772237433330254,0.9466019222837403,84.10238238875795,238.22883834838868,251.37825254528272,225.07942415149463,0.11039313534043417,0.009041031758943996,0.009000406311682646,0.16059788194186075,6686575.0,1.0788333339564724,1
2023-11-22,249.50509643554688,250.31146644333924,248.4627080081232,248.79705618195655,5701400,239.08306655883788,234.35878570556642,228.49197105407714,243.5792259152926,239.5771882137405,4.002037701552098,3.018197486974623,0.9838402145774747,81.236765390968,239.08306655883788,252.84902116782914,225.31711194984663,0.1151562493080494,0.0059074640228742314,0.005890083374063573,0.15946126489193066,6453380.0,0.8834750161930647,1
2023-11-24,250.07542419433594,250.4687731606673,249.28871125637195,249.9672509777996,1640900,240.23910369873047,234.62062286376954,228.6193867492676,244.5786410351454,240.35483532341425,4.22380571173116,3.2593191319259303,0.9644865798052296,81.47970100822201,240.23910369873047,253.5936843619054,226.88452303555556,0.11117740998502973,0.0022858361089084234,0.0022832275599373596,0.12351444671067649,6214700.0,0.26403527121180426,0
2023-11-27,249.91810607910156,250.74414800238472,248.32502308344075,250.07545168505155,5478900,241.48589477539062,234.88775268554687,228.74797088623046,245.40009719575403,241.06322574976147,4.336871445992557,3.474829594739256,0.8620418512533012,81.25065132662206,241.48589477539062,253.42398696110251,229.54780258967872,0.09887196266113746,-0.000629082668723635,-0.0006292806242502937,0.11476195699344346,6211600.0,0.8820432738746861,0
2023-11-28,248.73800659179688,249.92789692003373,247.4300995742162,249.63289270992584,5234900,242.48674392700195,235.0608236694336,228.88116325378417,245.91362171822215,241.63172803435668,4.281893683865462,3.6362424125644974,0.6456512713009648,74.42371212339263,242.48674392700195,253.21376756942954,231.75972028457437,0.08847513450596572,-0.004721944743495965,-0.004733128344026994,0.11179514240607459,6214830.0,0.8423239251918395,1
2023-11-29,250.006591796875,251.8160361420876,249.30839509753974,249.70174408263267,4955100,243.45191040039063,235.28085510253905,229.01248718261718,246.54330942263027,242.25208831306173,4.291221109568539,3.767238151965306,0.5239829576032333,77.53451470756268,243.45191040039063,253.1379792793812,233.76584152140006,0.07957274899227923,0.005100085919559572,0.0050871245321466975,0.11062737800942656,6221165.0,0.7964906894448226,1
2023-11-30,252.4158935546875,252.50439482745327,248.9642088691026,250.0262691581985,6874700,244.366796875,235.5824365234375,229.15336471557617,247.44678390448522,243.0049627754044,4.441821129080807,3.9021547473884066,0.5396663816924008,89.74621620624187,244.366796875,253.7939524668062,234.93964128319382,0.07715578149210198,0.00963695293190514,0.009590813691949357,0.10536231588804655,6315090.0,1.0886147307480971,0
2023-12-01,252.1897430419922,252.64209290097372,249.682086844378,251.5406886682694,3939400,245.04124374389647,235.98253143310546,229.29540885925292,248.17646992564016,243.68531686922572,4.491153056414447,4.019954409193614,0.4711986472208327,86.03611339654442,245.04124374389647,254.68910640191052,235.39338108588242,0.07874480647100747,-0.000895944029159601,-0.0008963456269019453,0.08837709784889493,6197725.0,0.6356203284269631,0
2023-12-04,250.21311950683594,253.11412465469792,250.12461823254048,251.65870034153858,5247500,245.5996856689453,236.3731216430664,229.44267303466796,248.4898006304395,244.168857805345,4.320942825094505,4.080152092373793,0.24079073272071216,78.78614429189008,245.5996856689453,255.07745517142757,236.12191616646305,0.07718063218743501,-0.007837842694606079,-0.00786872003061705,0.09602946856771899,6208610.0,0.8451972341635245,1
2023-12-05,250.3802947998047,250.58681277946752,247.95132644697878,249.9672738457816,4199100,246.17188262939453,236.8008120727539,229.60186820983887,248.7806458872649,244.62896424937907,4.151681637885844,4.0944580014762035,0.05722363640964012,75.79017666148404,246.17188262939453,255.3323194579402,237.01144580084886,0.07442309601488058,0.0006681316043628538,0.0006679085038106352,0.0956851199439123,6155860.0,0.6821305227864182,0
2023-12-06,250.0655975341797,252.56339514949877,249.3182284457674,251.55052224334267,3874000,246.66554260253906,237.29502075195313,229.77386001586913,248.97833075602105,245.03167782603097,3.94665292999008,4.0648969871789795,-0.11824405718889963,72.0398737868698,246.66554260253906,255.52850385798578,237.80258134709234,0.0718621754942718,-0.0012568771271581625,-0.0012576676596854767,0.09586222374089576,6138575.0,0.6310910919879614,1
2023-12-07,251.5701904296875,251.8848816234477,249.28872429083196,250.6556322774611,3589300,247.25114898681642,237.82226531982423,229.9563074493408,249.3770783981236,245.51601209296848,3.8610663051551057,4.024130850774205,-0.16306454561909955,74.02247791796485,247.25114898681642,255.76092642300043,238.7413715506324,0.06883508910721184,0.006016792834936613,0.005998764217089682,0.09595826820521001,6062165.0,0.5920822016556792,0
2023-12-08,251.49151611328125,251.78653535432528,249.65257134711138,250.76380398607964,3732300,247.94443740844727,238.30554412841798,230.1329359436035,249.70237650814784,245.95864202039905,3.7437344877487817,3.968051578169121,-0.22431709042033932,71.79120744443375,247.94443740844727,255.33855837915544,240.5503164377391,0.05964337049052314,-0.00031273306376988774,-0.00031278197495217025,0.08621662833624542,6005450.0,0.621485484018683,1
2023-12-11,252.258544921875,253.3501206274029,250.76380675990796,250.76380675990796,6479300,248.49857635498046,238.83654693603515,230.3211222076416,250.09563318718278,246.42530149458247,3.670331692600314,3.90850760105536,-0.23817590845504588,72.50852876532059,248.49857635498046,255.4016966236335,241.5954560863274,0.05555863031417887,0.003049919219733299,0.00304527765132089,0.07350323160804587,6124695.0,1.057897576940566,1
2023-12-12,255.24807739257812,255.40542300636042,252.14056904424396,253.0256118624881,5946600,249.23071060180663,239.4026107788086,230.52034606933594,250.88831691108976,247.07884044998957,3.8094764611001892,3.888701373064326,-0.07922491196413661,73.90739295593741,249.23071060180663,255.70145579509702,242.75996540851625,0.051925745247572055,0.011851065230036095,0.011781391289867816,0.0787743009014813,6217600.0,0.9564140504374679,1
2023-12-13,258.0212097167969,258.11955446612217,254.39250754410347,254.84485737827492,4859900,249.98988494873046,240.07241729736327,230.73543952941895,251.9856850350447,247.88938632160492,4.096298713439779,3.9302208411394166,0.16607787230036264,75.990321246689,249.98988494873046,256.8533772091531,243.12639268830782,0.05491015975970592,0.010864459205910393,0.010805864983327083,0.08063851217131951,5755995.0,0.8443197049337257,0
2023-12-14,254.4318389892578,258.8767393414653,252.14052948563526,258.81773849687954,8168700,250.51206283569337,240.62313781738283,230.94030876159667,252.36201641261596,248.37401244513478,3.988003967481177,3.941777466407769,0.04622650107340798,61.22655220251222,250.51206283569337,257.0335909480475,243.99053472333924,0.05206558150161011,-0.013911146031284516,-0.014008812852734679,0.10024628985723413,5501485.0,1.4848172811522706,0
2023-12-15,253.74349975585938,254.0778479366472,250.222970367642,250.28197122245118,13374000,250.977205657959,241.1157369995117,231.13831504821778,252.5745523115765,248.7717522459292,3.80280006564729,3.9139819862556733,-0.1111819206083835,59.59548328968752,250.977205657959,256.9819749026186,244.97243641329933,0.04785111244598972,-0.0027053973910375895,-0.002709063592406627,0.10170069639096627,5817605.0,2.298884162812704,1
2023-12-18,254.0778045654297,255.2775384261003,253.6647986522659,254.40233922208958,6041100,251.41038665771484,241.5844061279297,231.31497146606446,252.80582188909236,249.1647931584848,3.641028730607559,3.8593913351260505,-0.21836260451849165,63.98767626041335,251.41038665771484,256.9579902063335,245.86278310909617,0.0441318564628079,0.0013174911274258516,0.00131662399753083,0.10141251548539455,5757750.0,1.0492119317441708,1
2023-12-19,255.67091369628906,256.0151053330688,252.92728410193234,254.3138341065097,8731200,251.90306396484374,242.0967123413086,231.48502784729004,253.2466052440457,249.64672801313696,3.5998772309087315,3.807488514282587,-0.20761128337385548,64.58971833543339,251.90306396484374,257.09822687196066,246.70790105772684,0.04124731811790872,0.006270162533811963,0.006250586850574742,0.10266672150680052,5764100.0,1.5147551222220295,0
2023-12-20,252.83872985839844,256.48711886215693,252.8092294356733,256.1724276793535,7240900,252.14300994873048,242.50998321533203,231.65842155456542,253.18385518471536,249.88317259426745,3.300682590447906,3.7061273295156507,-0.4054447390677449,51.06588886384424,252.14300994873048,257.0204643777552,247.26555551970574,0.038688000353581053,-0.011077458115767436,-0.011139270058283754,0.10897609125022323,5765460.0,1.2559101962375943,1
2023-12-21,255.2283935546875,255.6708999118847,252.76992486824497,253.23211818172032,6246700,252.4291748046875,242.9891030883789,231.84855354309082,253.49839954932645,250.2791148876319,3.2192846616945587,3.6087587959514327,-0.38947413425687394,56.906517286321815,252.4291748046875,257.3265127691532,247.53183684022179,0.03880167946716101,0.009451335630531688,0.009406951200202138,0.11179064796243009,5792725.0,1.0783698518400235,0
2023-12-22,254.13685607910156,256.8706724692162,253.9303530813478,255.68078184896638,5111500,252.6322463989258,243.42480346679687,232.04388313293458,253.59662363083032,250.56487349440744,3.031750136422886,3.4933570640457234,-0.4616069276228374,59.29207824908,252.6322463989258,257.45488790830547,247.8096048895461,0.038179144413451924,-0.004276708638813909,-0.004285879915129465,0.11332913288762145,5966255.0,0.8567350875884453,1
2023-12-26,254.85470581054688,255.4250573507542,254.23516688941874,254.23516688941874,2085100,252.87907638549805,243.8573941040039,232.26171752929687,253.7901747354021,250.8826388511585,2.9075358842436003,3.3761928280852986,-0.4686569438416983,60.32682689415843,252.87907638549805,257.62147540471864,248.13667736627747,0.0375072472345723,0.0028246581094946155,0.0028206762592582124,0.11340242323337264,5796565.0,0.35971303694515633,0
2023-12-27,254.6284637451172,255.45450546727656,254.01876842713756,254.94315488039652,4034700,253.17359924316406,244.23835723876954,232.48658340454102,253.91914227535827,251.16010736182213,2.7590349135361407,3.252761245175467,-0.49372633163932633,60.57415401675841,253.17359924316406,257.5507210563887,248.79647742993944,0.03457802730071039,-0.0008877295975765476,-0.0008881238628469905,0.11163825420579034,5736555.0,0.7033315291145993,1
2023-12-28,256.0740661621094,256.6346041677781,254.24498005173908,254.24498005173908,3020500,253.4769729614258,244.6260549926758,232.6981974029541,254.2506690271661,251.52410430999157,2.72656471717454,3.147521939575282,-0.42095722240074185,60.46606293126069,253.4769729614258,257.7701312375055,249.18381468534608,0.03387414821884466,0.005677300941654417,0.005661245806556664,0.11192452088236626,5639825.0,0.5355662631375974,0
2023-12-29,256.0249328613281,257.1164785438654,255.35623658676815,256.241279304345,4074900,253.6574249267578,245.08597564697266,232.92075874328614,254.52363269396025,251.857499017498,2.666133676462266,3.0512442869526786,-0.3851106104904125,60.54919349455394,253.6574249267578,258.06467230327786,249.25017755023777,0.03474960275885963,-0.00019187144374921417,-0.00019188985342957632,0.10747422170752216,5499835.0,0.7409131364850037,0
2024-01-02,254.56954956054688,255.7692836628986,253.38950241747534,255.2972467993048,5471000,253.77641525268555,245.58861938476562,233.13076454162598,254.53069682728128,252.05839165031642,2.472305176964852,2.935456464955114,-0.46315128799026173,55.210743102183606,253.77641525268555,258.1451534086767,249.4076770966944,0.034429820057480076,-0.005684537378902621,-0.005700755853730616,0.10975612315773925,5576415.0,0.9810962778057228,0
2024-01-03,253.6943359375,254.55969178959347,252.59291665094952,254.2548440439522,4148300,253.95047607421876,246.08219818115234,233.33668739318847,254.40202592116106,252.17957270862632,2.222453212534731,2.7928558144710376,-0.5704026019363067,46.1274702941002,253.95047607421876,257.98614895645284,249.9148031919847,0.031783148782557225,-0.0034380137944923783,-0.0034439373446462918,0.10638648707444022,5521455.0,0.751305588834827,1
2024-01-04,255.2971954345703,256.70346226277667,253.71395608270933,253.78280040512135,3843000,254.19632110595703,246.6441421508789,233.5469100189209,254.5397443078394,252.41050772536292,2.1292365824764943,2.660131968072129,-0.5308953855956347,42.79010070055015,254.19632110595703,257.9018014646081,250.4908407473059,0.029154476685809744,0.006318073642232136,0.0062981982870007605,0.1082296583956033,5503650.0,0.6982638794254722,1
2024-01-05,255.3759002685547,257.1164853260557,254.4515136249721,256.4477890338569,3748400,254.4618362426758,247.1464273071289,233.73895263671875,254.66838368641098,252.630166432266,2.0382172541449677,2.5357490252866968,-0.4975317711417291,53.06909456005842,254.4618362426758,257.6453080742829,251.27836441106862,0.025021212442805207,0.0003082871076998117,0.00030823959699379937,0.10793995860146763,5497370.0,0.6818533225888016,1
2024-01-08,258.1785888671875,258.2572466705079,255.6316185848529,256.6051627053084,4659000,254.7922561645508,247.6615884399414,233.9543441772461,255.2084152526843,253.04116068670464,2.167254565979647,2.4620501334252873,-0.2947955674456404,62.675684114859074,254.7922561645508,258.0820467307892,251.5024655983124,0.02582331673466391,0.010974757585525907,0.010914971957619502,0.11229837501613997,5550855.0,0.8393301572460459,1
2024-01-09,258.9554138183594,259.24060459263717,256.80182283099236,257.64752166495515,7055800,255.1654510498047,248.3016030883789,234.1611562347412,255.78487657048046,253.47925351127168,2.3056230592087843,2.4307647185819867,-0.12514165937320243,63.596505033096015,255.1654510498047,258.57007445962927,251.7608276399801,0.026685614340164306,0.0030088666708589784,0.0030043490911323347,0.11227637689438859,5717030.0,1.2341722887583237,1
2024-01-10,260.16497802734375,260.9615194507578,258.4932073795891,260.5681704779341,4355800,255.56077270507814,249.0052569580078,234.38159210205077,256.4587383330748,253.97449236431405,2.484245968760746,2.4414609686177386,0.042785000143007235,62.801084508376775,255.56077270507814,259.35769722820226,251.76384818195405,0.029714454866716387,0.00467093617062897,0.004660061199323089,0.11272218563477149,5610855.0,0.7763166219765081,0
2024-01-11,259.6437683105469,261.7678886490977,258.040842082108,261.0500050590714,5599000,255.78055725097656,249.62371185302734,234.59565826416016,256.94874294499357,254.39443873070167,2.5543042142919035,2.464029617752572,0.09027459653933168,72.3226128731614,255.78055725097656,259.98796900785044,251.57314549410265,0.032898604976808354,-0.0020033815494646667,-0.002005391002530368,0.10651660569440342,5593475.0,1.0009877580573794,1
2024-01-12,259.7815246582031,261.1385743851506,259.32914473861166,260.72556838452584,4656100,255.8685729980469,250.20527709960936,234.8176471710205,257.38455551625657,254.7934821327388,2.5910733835177666,2.489438370905611,0.10163501261215568,67.5247548011981,255.8685729980469,260.33878484567936,251.39836115041442,0.03494146854578028,0.0005305590369166779,0.0005304183402339156,0.09976552296437281,5583285.0,0.8339355773527591,1
2024-01-16,260.8336486816406,261.2466845694584,257.99167487211815,259.14222125496775,6196400,256.188663482666,250.7395867919922,235.03037994384766,257.91518523400794,255.2409018771019,2.674283356906045,2.5264073681056978,0.14787598880034736,75.85403296782273,256.188663482666,261.11884731371754,251.2584796516145,0.0384886962914743,0.00405003406158988,0.004041854750527997,0.08496550012683633,5484670.0,1.1297671509862945,1
2024-01-17,262.2005615234375,262.662754756488,259.997783567077,260.0272839857569,5118700,256.61151657104494,251.2095819091797,235.25454177856446,258.5744738939202,255.7564322212749,2.818041672645279,2.5847342290136144,0.23330744363166467,77.00638614883363,256.61151657104494,262.0799885524177,251.1430445896722,0.04262062790045332,0.005240554079988469,0.005226870163173216,0.08473206651167338,5071905.0,1.0092263163446475,1
2024-01-18,263.6855163574219,264.3148686986883,261.9940888000275,263.4298260256499,6694300,257.0919021606445,251.70240661621094,235.4709764099121,259.3607881190743,256.34377178691545,3.017016332158846,2.6711906496426607,0.3458256825161854,80.47679439717805,257.0919021606445,263.2657221460667,250.91808217522228,0.0480281170549237,0.0056634311740466625,0.005647454242167288,0.08589929740698803,5104565.0,1.3114339811521647,1
2024-01-19,266.3996276855469,266.6454745235754,262.61358037778814,263.72481288737293,7226500,257.6283378601074,252.25167205810547,235.68367897033693,260.4436865139162,257.0886500016289,3.355036512287313,2.807959822171591,0.547076690115722,82.01239819552515,257.6283378601074,265.0254999588531,250.23117576136173,0.057425065582361254,0.010292985999451165,0.010240373934578056,0.08973285199427206,5029330.0,1.4368713128786539,1
2024-01-22,266.6947021484375,267.825591771928,265.8686302386586,267.71740354135494,5984300,258.3211364746094,252.78171813964843,235.90440650939942,261.4053812269195,257.80020941991097,3.605171807008503,2.9674022191389735,0.6377695878695295,82.58266653992466,258.3211364746094,266.39409004603505,250.24818290318368,0.06250323671999782,0.0011076384207222567,0.001107025441884246,0.07531501398872412,4966500.0,1.2049330514446794,1
2024-01-23,266.753662109375,267.3535139876631,265.42608318502874,267.038822833184,5883000,258.89739990234375,253.31963012695311,236.12293601989745,262.2281936703742,258.46342813764903,3.764765532725164,3.126874881856212,0.6378906508689521,90.6761892147973,258.89739990234375,267.65700324640045,250.13779655828702,0.06766853083391985,0.00022107661105574827,0.00022105217722286996,0.0713328196208341,4948315.0,1.1888895512917024,1
2024-01-24,267.1371765136719,268.3270668437943,266.57663850297735,268.0419061104385,5021700,259.54741592407225,253.90985870361328,236.35403854370117,262.9834218001123,259.1059280173544,3.877493782757881,3.276998662036546,0.6004951207213352,96.4017924673393,259.54741592407225,268.73838764500584,250.3564442031387,0.07082306474299319,0.0014377099878000177,0.0014366774723155804,0.0671935955102385,4943825.0,1.0157519734213893,1
2024-01-25,268.08123779296875,268.24842686379344,266.3013089129451,267.4322284866226,6894900,260.20874252319334,254.44796813964842,236.58771072387697,263.7677011836287,259.770765778511,3.9969354051176538,3.4209860106527676,0.5759493944648861,96.23034638479425,260.20874252319334,269.8693935380618,250.54809150832486,0.07425308558960024,0.003533994375539695,0.003527764490687461,0.0672853156835516,5184315.0,1.3299539090506654,0
2024-01-26,263.4888610839844,266.3701793869311,261.1877378310415,261.52208599491115,8586500,260.6517623901367,254.90563751220702,236.78854774475099,263.72480270676033,260.0461802455831,3.6786224611772127,3.4725133007576567,0.20610916041955596,72.11805258003942,260.6517623901367,270.04384393879747,251.25968084147596,0.07206612733047962,-0.017130541274697264,-0.017278966508755496,0.09658725214233484,5411905.0,1.586594738821173,1
2024-01-29,269.11383056640625,270.5004105618207,262.27927534281287,262.53496569973623,6574500,261.3037506103516,255.43115966796876,237.02063789367676,264.55388391593664,260.71785804712556,3.8360258688110775,3.545215814368341,0.29081005444273655,75.8364698247891,261.3037506103516,271.15691149679395,251.45058972390925,0.0754153804790586,0.021348035204527882,0.02112335788913248,0.11859340943939141,5589605.0,1.1762011805843169,1
2024-01-30,272.54583740234375,274.01110517261696,269.63501882902864,270.0283678237029,6549000,262.12979583740236,256.00231079101565,237.24603576660155,265.7834152215377,261.5940046660306,4.189410555507095,3.674054762596092,0.5153557929110031,78.53021634815588,262.12979583740236,272.8513853373508,251.40820633745392,0.08180366879466826,0.012752993143139824,0.012672358557307441,0.1234787400717028,5713310.0,1.1462707257264177,0
2024-01-31,268.7204895019531,275.3386684570524,268.64180169260345,272.5163510114067,6139300,262.8373428344727,256.48790771484374,237.44580604553224,266.2352728031401,262.1218924316545,4.1133803714856185,3.761919884373998,0.3514604871116207,66.18315825202703,262.8373428344727,273.32334102582195,252.3513446431234,0.0797907791812752,-0.01403561300678935,-0.014135043699939792,0.13448062406490227,5746725.0,1.0683128216505924,1
2024-02-01,272.44744873046875,272.58513736224086,268.81874706915846,268.84827749933805,7065000,263.7749984741211,257.02857299804685,237.6668505859375,267.19099217657526,262.88674845378887,4.304243722786396,3.8703846520564777,0.4338590707299179,71.59928543113523,263.7749984741211,274.1720359982434,253.37796094999877,0.07883262313916667,0.013869278205853153,0.013773979901733987,0.1379193656358415,5892560.0,1.1989695480402405,1
2024-02-02,272.5753479003906,273.87342664033366,271.10026660789333,272.99819733502784,4848700,264.63890609741213,257.5637326049805,237.88794799804688,268.0193545956238,263.6044224868705,4.414932108753305,3.979294143395843,0.43563796535746224,71.58983697465835,264.63890609741213,274.9408080892618,254.33700410556247,0.07785629213610479,0.0004694452839175689,0.00046933512895341,0.13795761105312365,5942845.0,0.8158886863110177,0
2024-02-05,271.0019226074219,273.3817336372762,270.5594162248042,272.7916951165135,4899100,265.42020721435546,258.0229748535156,238.10621253967284,268.47821121282345,264.15238545876315,4.325825754060304,4.048600465528736,0.277225288531568,66.86248828410464,265.42020721435546,275.11654076451146,255.72387366419946,0.07306401914097793,-0.005772441657283522,-0.005789166592157139,0.1413621612314759,6000380.0,0.8164649572193761,1
2024-02-06,272.162353515625,272.28035522234484,269.4776946453215,270.2348922705116,4400000,266.11939544677733,258.4761199951172,238.32035705566406,269.0450023363314,264.7457164259381,4.29928591039328,4.0987375545016445,0.20054835589163567,66.6339858623248,266.11939544677733,275.6320232565554,256.6067676369993,0.07149142807729349,0.0042820024929643985,0.004272860807478657,0.13832535862500758,5987430.0,0.7348728920421617,1
2024-02-07,274.7486572265625,274.89615935437877,272.45734746892833,274.73881374783946,4785900,266.9090576171875,258.9695846557617,238.55012168884278,269.9224877040592,265.4866750037621,4.435812700297106,4.166152583660737,0.269660116636369,67.81765797009132,266.9090576171875,276.53903402311795,257.27908121125705,0.07215923275067103,0.009502797420470666,0.009457929861983181,0.14043663880102458,5873935.0,0.8147689751418767,0
2024-02-08,271.7043151855469,275.52697844708683,271.2117045604323,275.4087567077099,5833400,267.4860244750977,259.40530883789063,238.77096977233887,270.19661500890345,265.9472409431536,4.249374065749862,4.182796880078563,0.06657718567129933,58.45350436428503,267.4860244750977,276.79196131279684,258.1800876373985,0.06958073309408003,-0.011080461945643716,-0.011142307540301911,0.14883241715726817,5947815.0,0.9807635240840544,1
2024-02-09,272.3446960449219,273.08361196376455,270.0392819861207,270.935836908971,4618300,268.1210708618164,259.8774426269531,239.01051399230957,270.52708901444475,266.42112650624756,4.105962508197194,4.16743000570229,-0.06146749750509528,58.90576881819223,268.1210708618164,276.8917422810734,259.3503994425594,0.06542321639299428,0.0023569035292563267,0.0023541303886284244,0.14799610832397356,5898780.0,0.7829246047487786,0
2024-02-12,271.0047912597656,272.58115112653405,270.1870408610098,272.3446776032524,3676200,268.6822341918945,260.29740661621094,239.2503970336914,270.600581667571,266.7606572287304,3.839924438840626,4.1019288923299575,-0.26200445348933155,56.440729531064626,268.6822341918945,276.60105844310726,260.76340994068175,0.058945648379245506,-0.0049198857353007774,-0.0049320282159078365,0.15017348025904617,5849785.0,0.6284333526787736,1
2024-02-13,271.7338562011719,273.8914930300068,268.72894357405136,269.7043029387208,5493800,269.2272445678711,260.68376586914064,239.48972190856932,270.7749315958173,267.1290423378001,3.645889258017178,4.010720965467402,-0.3648317074502243,56.89209594318816,269.2272445678711,276.3299989543546,262.12449018138756,0.05276400906515945,0.002690228973507125,0.002686616784502235,0.15002393010661397,5814655.0,0.9448195980672972,1
2024-02-14,273.4579772949219,273.5368118234208,270.65009103176885,272.384089859988,4218400,269.7901153564453,261.1091305541992,239.71948493957518,271.187707857218,267.59785233462395,3.589855522594064,3.9265478768927347,-0.3366923542986706,57.87742188750513,269.7901153564453,276.30845666488267,263.27177404800796,0.048321572492197186,0.0063448887740862325,0.0063248447075455,0.15038215977709063,5769640.0,0.731137471315368,1
2024-02-15,276.82745361328125,276.96536894169213,273.4579840015479,273.54665029836144,4834800,270.4472122192383,261.64141723632815,239.96717063903807,272.0553610504585,268.2815265034134,3.7738345470451122,3.89600521092321,-0.12217066387809794,70.26856325106496,270.4472122192383,277.0237918577576,263.87063258071896,0.0486348488087798,0.012321733495181286,0.01224643881340355,0.1542546965393069,5676665.0,0.8516972553427056,0
2024-02-16,274.4432373046875,276.96540137573214,273.763432216278,276.8077623629709,6630700,270.8493927001953,262.12267608642577,240.22996452331543,272.4227266280322,268.73794952572996,3.6847771023022347,3.853759589199015,-0.16898248689678042,58.98299016692969,270.8493927001953,277.367294233897,264.33149116649366,0.04812934205775651,-0.008612644004320491,-0.008649947163012746,0.15613990886748977,5646875.0,1.174224681793027,0
2024-02-20,271.0835876464844,272.7486137599143,269.30033980821776,270.51217262091944,6157200,271.06883697509767,262.54303588867185,240.48084785461427,272.21670524625563,268.9117004976377,3.3050047486179324,3.7440086210827985,-0.43900387246486616,47.52927587647153,271.06883697509767,277.2863795563439,264.85129439385145,0.04587427054049307,-0.012241692275598792,-0.01231723896984293,0.16363420837884518,5655520.0,1.0887062551277336,1
2024-02-21,272.6698303222656,272.8767183566813,269.4875550060919,270.57130434492547,4770100,271.36464538574216,262.96502868652345,240.74151977539063,272.286416796411,269.1900804846472,3.096336311763821,3.6144741592190033,-0.5181378474551823,57.21936350531751,271.36464538574216,277.27301791204394,265.4562728594404,0.0435456322462573,0.005851489164478085,0.005834435694880233,0.16455740241696565,5599875.0,0.8518225853255653,1
2024-02-22,279.55645751953125,279.8618736228623,274.8569641941773,275.05399035337473,5100200,271.98560943603513,263.5263275146484,241.00641860961915,273.40488459996794,269.957960265009,3.4469243349589647,3.5809641943669956,-0.13403985940803098,61.6494969094437,271.98560943603513,278.5924556301655,265.3787632419048,0.04858232174731389,0.025256285923258792,0.024942616383900412,0.1854998996033509,5603800.0,0.9101324101502551,0
2024-02-23,279.40875244140625,281.7240283916237,279.31022430311833,280.51219543047165,5107700,272.551985168457,264.06933166503904,241.26837936401367,274.3285565755738,270.65801894474214,3.6705376308316886,3.5988788816599344,0.07165874917175419,61.19060160784592,272.551985168457,279.6717542917352,265.4322160451788,0.05224521933955228,-0.0005283550930483827,-0.0005284947217850933,0.1857132509606039,5514440.0,0.9262409238290742,1
2024-02-26,279.9505615234375,281.13283883615765,278.4825917478348,278.85698056574824,3856900,273.3750701904297,264.5633813476563,241.5280146789551,275.1934804137067,271.3463554320529,3.847124981653792,3.648528101658706,0.1985968799950859,65.16704339145411,273.3750701904297,279.86120306788047,266.88893731297895,0.04745226309723558,0.0019391270935396054,0.0019372494135787021,0.1712465335341423,5277960.0,0.7307558223252923,0
2024-02-27,278.985107421875,279.97032864655483,277.37919201499636,279.97032864655483,4145200,273.86863403320314,264.9826593017578,241.79254920959474,275.7768076457326,271.9121889127805,3.864618732952124,3.69174622791739,0.17287250503473395,61.64081993093652,273.86863403320314,280.49035853208585,267.2469095343204,0.048356939612733546,-0.0034486592786551196,-0.0034546196114487084,0.1583133741584532,5156495.0,0.8038793793070681,1
2024-02-28,281.40875244140625,281.90136306989547,277.91119893919273,277.930922606935,4358800,274.31177978515626,265.52219757080076,242.06827178955078,276.64326069122086,272.61563806304906,4.027622628171798,3.758921507968272,0.2687011202035263,61.42671941659529,274.31177978515626,281.70239117492673,266.9211683953858,0.05388475402375261,0.008687363429282557,0.008649845419417074,0.15522736272620724,5046985.0,0.8636443341916015,0
2024-02-29,278.46295166015625,281.438309044617,278.0097282321369,281.2806700348581,6633700,274.7989028930664,266.0165866088867,242.32745330810548,276.92321314798016,273.0487724035755,3.8744407444046374,3.782025355255545,0.09241538914909242,61.63512893013364,274.7989028930664,281.9170682666045,267.6807375195283,0.051806359476682565,-0.010468049610018348,-0.01052322503182302,0.150903367353986,5071705.0,1.307982226884253,1
2024-03-01,278.9752197265625,280.69935670992,277.94071949661026,279.014636990534,3955700,275.1252914428711,266.51453491210935,242.58219306945801,277.23890646776204,273.4877685015746,3.751137966187457,3.7758478774419273,-0.024709911254470196,61.465152677677175,275.1252914428711,282.3866675305226,267.86391535521966,0.05278595835061029,0.00183962736641341,0.0018379373243707382,0.14405497694984865,4916240.0,0.8046189771044538,0
2024-03-04,276.3840637207031,278.8175609500319,274.01953918178884,278.6303665426558,5920300,275.3157272338867,266.92879791259764,242.83543663024903,277.10739219898375,273.7023088881767,3.405083310807072,3.7016949641149566,-0.29661165330788464,58.91575284263343,275.3157272338867,282.4948343111537,268.13662015661976,0.052151812389331136,-0.009288122466214355,-0.009331526043239148,0.1488175187834352,4969820.0,1.191250387337972,0
2024-03-05,275.25115966796875,276.8373516907368,273.5762712605778,276.12799107975104,6227900,275.52818908691404,267.3770465087891,243.07233947753906,276.821817963443,273.8170385755687,3.0047793878742937,3.562311848866824,-0.5575324609925305,55.75266557724309,275.52818908691404,282.415331269623,268.6410469042051,0.049992287217744,-0.004099020896802585,-0.004107444910979467,0.1479629950594289,5036260.0,1.236612089129632,1
2024-03-06,276.28558349609375,277.8323880497936,275.1821405244189,275.86194558135537,4535200,275.7343505859375,267.7981903076172,243.30976203918456,276.73932035308155,273.99989375486683,2.7394265982147203,3.3977347987364035,-0.6583082005216832,54.73138518699325,275.7343505859375,282.4417730462076,269.0269281256674,0.04865133739062089,0.003758108882712108,0.003751064834209842,0.14781199135424275,5043020.0,0.8993024021320558,0
2024-03-07,274.1476745605469,277.01467200513804,272.0787039228808,276.7289494240888,5668500,275.70430145263674,268.1984066772461,243.5379153442383,276.34060561576854,274.0108404812135,2.329765134555032,3.1841408659001296,-0.8543757313450975,45.32321684027537,275.70430145263674,282.43565920556614,268.97294369970734,0.04883027009345212,-0.007738040141269664,-0.007768134120017269,0.1470048482169247,5087150.0,1.114278132156512,1
2024-03-08,275.9013366699219,277.5072519399692,274.7091974417077,274.8766982649203,3928800,275.91415252685545,268.6193392944336,243.78477851867675,276.273025777946,274.1508772359326,2.122148542013349,2.9717424011227735,-0.8495938591094245,52.60195940684104,275.91415252685545,282.37677827581933,269.45152677789156,0.0468451921713937,0.006396779079691495,0.006376406521409164,0.14266792664603523,4991920.0,0.7870318434590298,1
2024-03-11,276.41363525390625,276.6205232706424,273.8816097574058,275.32005424173826,4614000,276.1175994873047,269.0550427246094,244.0670149230957,276.2946580050168,274.3184889409677,1.9761690640490883,2.772627733708037,-0.7964586696589486,60.58729464024839,276.1175994873047,282.35951088597346,269.8756880886359,0.04521197786927571,0.0018568180573814708,0.0018550963017275569,0.1426068035816792,4991705.0,0.924333469225445,1
2024-03-12,279.7240295410156,280.2757510337411,276.14767160550036,277.15258645298604,7988700,276.5535614013672,269.5280419921875,244.37721389770508,276.8222536259397,274.7188993557861,2.103354270153602,2.63877304099715,-0.535418770843548,63.113816618065876,276.5535614013672,282.503018679002,270.6041041237323,0.043025714422099195,0.011976233676274761,0.011905086079898469,0.14621606327905953,5207330.0,1.5341259340199296,1
2024-03-13,280.9259948730469,281.87179883156864,279.62549563847585,280.45307786050313,5783800,277.01316833496094,270.02606323242185,244.68788879394532,277.453598433187,275.17868420891654,2.2749142242704465,2.56600127765181,-0.2910870533813634,53.22830567365172,277.01316833496094,282.81325988771823,271.21307678220364,0.041875926603921546,0.004296968458532113,0.00428776285094763,0.1464823505995135,5221830.0,1.1076193594965749,1
2024-03-14,282.1772155761719,284.7683522169831,280.34468845710944,284.6895176814504,5484500,277.4491302490234,270.5782165527344,244.99683715820314,278.18030876287696,275.69709393982436,2.483214823052606,2.549443986731969,-0.06622916367936327,56.203168698672755,277.4491302490234,283.4319440451313,271.4663164529156,0.04312728456375406,0.004453915714316192,0.004444026385007575,0.14584031196403677,5285135.0,1.0377218368121155,0
2024-03-15,278.8570556640625,281.40877531909587,278.46297314254673,279.35949810070326,9845000,277.5506103515625,271.08147094726564,245.30568870544434,278.28442367075166,275.9311651786568,2.3532584920948807,2.5102068878045514,-0.15694839570967067,47.821116537915195,277.5506103515625,283.55782701637366,271.54339368675136,0.04328736050842797,-0.011766222532637927,-0.011835992353826022,0.1474319680850386,5535645.0,1.7784738725116946,1
2024-03-18,280.8373107910156,281.9998947393958,279.06392453287924,279.67475690920253,4095600,277.8703140258789,271.5922732543945,245.62742881774903,278.6771755354077,276.2945833721649,2.382592163242805,2.484683942892202,-0.1020917796493972,53.5471865287215,277.8703140258789,283.8617820124895,271.87884603926824,0.04312420351641191,0.0071013269584927485,0.007076231274601684,0.14521767823011789,5408890.0,0.7571978723915628,1
2024-03-19,283.1033020019531,283.80280059619844,281.0343315843386,282.4234970066432,6595200,278.47129974365237,272.1468212890625,245.93371086120607,279.3581180687224,276.79893290029736,2.5591851684250173,2.499584187998765,0.05960098042625228,53.2649766035588,278.47129974365237,283.9890195733203,272.9535799139844,0.03962864277034874,0.00806869715621139,0.008036319267624777,0.1380159475439214,5430790.0,1.214408953393521,1
2024-03-20,285.0047607421875,285.5860375875582,282.48259711260226,283.3890137606855,6105000,279.0880462646484,272.6833447265625,246.23828552246093,280.22683232617857,277.4067719996966,2.8200603264819506,2.563679415695402,0.25638091078654845,63.1329629638706,279.0880462646484,284.6328189060461,273.54327362325074,0.03973493466029564,0.006716483795096373,0.006694028707888711,0.13835261234938723,5497535.0,1.11049770488046,1
2024-03-21,286.0787048339844,286.65998179454783,283.6452070138259,285.68462232624603,5057600,279.4141586303711,273.225810546875,246.55812217712403,281.12712040430256,278.049137394829,3.0779830094735416,2.66654013445103,0.4114428750225114,63.94604368702271,279.4141586303711,285.7811674288664,273.0471498318758,0.045573988302561555,0.0037681619387697207,0.0037610802010857964,0.10883971355009726,5495405.0,0.9203325323611271,0
2024-03-22,279.07373046875,286.19685957652536,278.7092034827693,285.7141108725575,8744100,279.3974075317383,273.60398559570314,246.83583305358886,280.8112142603714,278.12503317808245,2.686181082288954,2.670468324018615,0.01571275827033869,54.500545876614524,279.3974075317383,285.7662387896494,273.0285762738272,0.04558976630581389,-0.02448617896707639,-0.0247909508666746,0.14199097451650708,5677225.0,1.5402067030987852,0
2024-03-25,277.0540466308594,279.3102116088779,275.9013546583214,278.82746283974365,8519200,279.25258178710936,273.9521911621094,247.11789245605468,280.2331884712157,278.0457008412511,2.1874876299646075,2.5738721852078137,-0.38638455524320614,52.92977603035854,279.25258178710936,285.6997015211314,272.80546205308735,0.04617411013902122,-0.0072370976461964,-0.007263412476229648,0.14403159330261892,5910340.0,1.441406078161324,0
2024-03-26,276.4530334472656,279.9308625612171,274.2953969361662,279.9308625612171,8752400,279.12597808837893,274.28562133789063,247.40781883239745,279.65162615983877,277.92772547873363,1.7239006811051354,2.403877884387278,-0.6799772032821427,50.27600187119913,279.12597808837893,285.6935344640037,272.5584217127542,0.04705800886469463,-0.002169299423352311,-0.0021716557616987472,0.14375324366270875,6140700.0,1.4253098180989139,0
2024-03-27,274.89642333984375,277.0934775592105,272.8865936305422,276.10825630566666,5190700,278.8003616333008,274.5668768310547,247.68746444702148,278.9200564952241,277.7031845795566,1.2168719156675252,2.1664766906433277,-0.9496047749758025,51.25824771505087,278.8003616333008,285.5350063534413,272.06571691316026,0.048311592428982815,-0.005630649401858756,-0.005646561265730699,0.14067817864405055,6182295.0,0.839607297937093,1
2024-03-28,274.95550537109375,275.6648658019069,273.02448033532147,274.37422850045795,5844400,278.62498931884767,274.8219757080078,247.95462364196777,278.3101255530502,277.49965278633715,0.810472766713076,1.8952759058572775,-1.0848031391442015,48.31457008023371,278.62498931884767,285.5758287663643,271.67414987133105,0.04989386963824944,0.0002149246997549259,0.00021490160675042232,0.13631882839438408,6142830.0,0.9514181574290677,0
2024-04-01,274.1673583984375,276.73880140317823,272.6993884099726,276.21660529553327,5084000,278.3845962524414,275.03161254882815,248.23140747070312,277.6727767600329,277.25281616501127,0.419960595021621,1.6002128436901464,-1.1802522486685254,46.036201180857276,278.3845962524414,285.6115099625881,271.15768254229465,0.0519203562800099,-0.0028664527796689043,-0.0028705689231403315,0.13622604498551963,6199245.0,0.8200998669999331,1
2024-04-02,274.3249816894531,275.2018128856218,272.88656721714557,273.89148197452806,6912300,278.2816421508789,275.19011962890625,248.50878341674806,277.1577313645591,277.0359395371922,0.12179182736690564,1.3045286404254983,-1.1827368130585927,39.280001163399454,278.2816421508789,285.68506507864424,270.87821922311355,0.05320813022765875,0.0005749163282471326,0.000574751127169722,0.1325568133693176,6248845.0,1.1061724206633385,0
2024-04-03,272.86688232421875,276.3348805364022,272.4727998182619,276.3348805364022,4536600,278.1624282836914,275.31356323242187,248.76549949645997,276.49760074296825,276.7271204843793,-0.22951974141108167,0.9977189640581823,-1.227238705469264,34.159467633442546,278.1624282836914,285.8429196119109,270.4819369554719,0.055223067871598634,-0.005315226328475586,-0.0053294023989321265,0.13308344023572458,6164280.0,0.7359496972882478,0
2024-04-04,269.95062255859375,274.95553328039085,269.51712280317435,274.2461727775742,4018600,277.8456802368164,275.37750244140625,248.9942155456543,275.49037332998756,276.22515767506184,-0.7347843450742744,0.6512183022316911,-1.3860026473059655,27.44445858165723,277.8456802368164,286.3322872565435,269.3590732170893,0.06108863749469639,-0.010687481532331677,-0.010745002869006362,0.13691849591365057,6138450.0,0.6546603784342953,1
2024-04-05,273.044189453125,273.8520479026656,270.96535730233086,272.01955109286246,4392100,277.79050598144534,275.49564270019533,249.25034889221192,275.1140373489318,275.9895303993628,-0.8754930504310323,0.34587603169914644,-1.2213690821301788,39.186052849110254,277.79050598144534,286.3919140993932,269.18909786349747,0.06192730084535279,0.011459750917446998,0.011394585353434199,0.14149937636908574,6074630.0,0.7230234598650452,1
2024-04-08,273.65509033203125,273.87184023053345,271.0836469876838,272.1673964801948,5542400,277.6781936645508,275.60711975097655,249.50571670532227,274.8895839617163,275.8166089128938,-0.9270249511774864,0.09129583512381989,-1.0183207863013064,35.92127538659409,277.6781936645508,286.4406191089957,268.9157682201059,0.06311208906112618,0.0022373700027449317,0.0022348708175208426,0.13970047094656293,6155310.0,0.9004258112101584,0
2024-04-09,272.6304016113281,273.89148349815343,269.2806556681886,273.52695647824856,7313900,277.48903198242186,275.7899505615234,249.7503783416748,274.542017446272,275.58059355722224,-1.0385761109502596,-0.134678554090996,-0.9038975568592635,28.42067534427467,277.48903198242186,286.52546033168323,268.4526036331605,0.0651299857490137,-0.0037444533535255786,-0.0037514813685188488,0.13993008432123719,6290305.0,1.1627258137721461,0
2024-04-10,270.42352294921875,272.7289369249278,270.0688276863441,271.3496332727811,5276000,277.02400665283204,275.8161444091797,249.97832466125487,273.9084029082638,275.19858832699975,-1.2901854187359731,-0.36577992701999146,-0.9244054917159816,20.328929228797335,277.02400665283204,286.5216203131928,267.5263929924713,0.06856888523934462,-0.008094763639953761,-0.008127704123197767,0.13391427504717598,6154670.0,0.8572352376325619,1
2024-04-11,271.60577392578125,272.39396892782634,268.15749971656714,269.95060952133406,8102300,276.55799560546876,275.79734313964843,250.22809829711915,273.55415229557417,274.9324539269095,-1.3783016313353187,-0.568284267883057,-0.8100173634522617,20.67856467175379,276.55799560546876,286.16348271918037,266.95250849175716,0.0694645410101581,0.004371849621915169,0.004362320849502417,0.13395867557407767,6270595.0,1.2921102383426135,1
2024-04-12,271.8816223144531,272.90626073730317,270.0097081277627,271.4776780317279,9038400,276.0432159423828,275.8605657958984,250.47415817260742,273.29683999078634,274.7064664000609,-1.4096264092745514,-0.7365526961613559,-0.6730737131131955,29.967001412767956,276.0432159423828,285.48281272048735,266.60361916427826,0.06839216639234363,0.0010156204880507058,0.0010151050944961488,0.13242746738777847,6448290.0,1.4016739321587584,0
2024-04-15,267.2707824707031,273.8028032639335,266.34467221867743,273.7831096656257,10267500,275.46390228271486,275.7570324707031,250.6941275024414,272.36975421846586,274.15567499788625,-1.785920779420394,-0.9464263128131636,-0.8394944666072304,26.186946044800735,275.46390228271486,285.5746495458777,265.353155019552,0.07340887266445514,-0.01695899783331878,-0.01710444844679245,0.13873126223199234,6469415.0,1.5870832215895874,1
2024-04-16,267.33978271484375,270.07869648999673,266.1772288970704,266.54175593598535,8237100,274.7890258789063,275.6523211669922,250.8832950592041,271.59591244867784,273.65079408803126,-2.0548816393534253,-1.168117378121216,-0.8867642612322093,27.22802704363859,274.7890258789063,285.18738491028097,264.3906668475316,0.0756824913084923,0.0002581660572951172,0.0002581327381730018,0.13479324418231448,6676490.0,1.2337470736869223,1
2024-04-17,268.659912109375,269.95054919105866,267.48749673493586,269.26088247672095,5940900,274.06685638427734,275.60548095703126,251.06358795166017,271.1442200887851,273.2810991266493,-2.136879037864162,-1.3618697100698052,-0.7750093277943568,34.2299809239241,274.06685638427734,284.03106768652924,264.10264508202545,0.07271372710810955,0.004938020750691496,0.0049258687144769185,0.13198954989862038,6643775.0,0.8942054780602895,0
2024-04-18,267.35943603515625,269.11312833105865,265.8717426032765,268.54171334171195,8231800,273.1845901489258,275.50942260742187,251.2349787902832,270.56194561899605,272.8424574161683,-2.2805117971722666,-1.5455981274902975,-0.7349136696819691,31.926780035143253,273.1845901489258,282.1452059578487,264.2239743400029,0.06560118053538859,-0.004840603363591156,-0.004852357029281999,0.12748976403410828,6750115.0,1.2195051491715327,0
2024-04-19,265.79296875,267.9801609723635,264.3249988130329,267.457994949602,7905400,272.17030334472656,275.33030883789064,251.39128929138184,269.82825686991976,272.32027307052624,-2.4920162006064857,-1.7348817421135352,-0.7571344584929505,30.78654108447671,272.17030334472656,279.41333757990674,264.9272691095464,0.05322428013761857,-0.005859031229218603,-0.005876262692109515,0.12510902594179532,6892505.0,1.1469560051098984,1
2024-04-22,268.3052978515625,269.71418713202047,265.37918944840726,266.9457177415937,6463700,271.6318817138672,275.26232849121095,251.56295288085937,269.59395548248017,272.02286749875117,-2.428912016270999,-1.873687796945028,-0.5552242193259711,37.53571776112669,271.6318817138672,278.2916642736319,264.97209915410247,0.049035352682053966,0.00945220301867944,0.009407810466760591,0.10676618782946125,6778485.0,0.9535611571022139,1
2024-04-23,270.0589599609375,270.8274613359711,268.6796563388848,269.96046189737683,6438000,271.2821273803711,275.21661376953125,251.75528518676757,269.6654946330121,271.8773928663205,-2.211898233308432,-1.941329884217709,-0.2705683490907229,44.256253136868594,271.2821273803711,277.46023799870375,265.10401676203844,0.04554749461744067,0.006536069631935426,0.006514802149018309,0.10888260920886854,6674425.0,0.964577472965836,1
2024-04-24,270.9555358886719,278.8176122452037,270.4333698316527,278.39397432596604,8807200,271.0072525024414,275.2156286621094,251.94372589111327,269.8639625184982,271.80910716427246,-1.945144645774235,-1.9420928365290142,-0.003051809245220749,52.24074787316423,271.0072525024414,276.68565590736813,265.3288490975147,0.04190591471256332,0.003319926611077939,0.00331442782175003,0.11000913298590834,6677165.0,1.3190029001829369,1
2024-04-25,271.0934753417969,272.1378074329022,266.49247900087516,268.93583845799714,8064600,270.8171051025391,275.20282104492185,252.12115188598634,270.05311833746725,271.75609739964466,-1.7029790621774055,-1.8942700816586926,0.19129101948128713,44.989943990456595,270.8171051025391,276.193837112146,265.44037309293213,0.039707477174096194,0.0005090851998006407,0.0005089556598930145,0.10871849334612406,6820860.0,1.1823435754435658,0
2024-04-26,270.462890625,272.6796381416114,269.78308564791416,270.9456694183245,6840600,270.59247436523435,275.1429193115234,252.28729545593262,270.11616022785694,271.66030430522653,-1.5441440773695945,-1.824244880800873,0.28010080343127863,41.809694130027616,270.59247436523435,275.6042259340418,265.5807227964269,0.03704280084332851,-0.002326078545423549,-0.0023287880686479866,0.10881705564275915,6870670.0,0.995623425371907,0
2024-04-29,267.8225402832031,270.4136769744962,267.0836243476587,268.2954573059155,4128600,270.27523345947264,274.9628210449219,252.43485023498536,269.7632956209871,271.37602548878033,-1.6127298677932345,-1.7819418781993455,0.169212010406111,38.608762801620784,270.27523345947264,275.13513942807845,265.41532749086684,0.03596264375688375,-0.009762338691623906,-0.009810302736102637,0.11321722097748897,6822900.0,0.6051092643890428,0
2024-04-30,264.6402587890625,268.0589776421362,264.61070335497806,266.5318967701639,6376400,269.79099731445314,274.7667614746094,252.56722816467285,268.9751361083833,270.8770798073197,-1.9019436989364067,-1.805942242346758,-0.09600145658964876,36.90309008177189,269.79099731445314,274.87661262245337,264.7053820064529,0.03770040778694126,-0.0118820525366371,-0.011953208335850533,0.11918375951885492,6796105.0,0.9382433025975908,0
2024-05-01,263.3692626953125,266.9062021786426,262.7682623014544,264.1869828269729,6119900,269.3161163330078,274.61247497558594,252.68918647766114,268.112694044834,270.3209452064303,-2.2082511615963085,-1.8864040261966681,-0.3218471353996404,31.422085288222206,269.3161163330078,274.9378581970695,263.69437446894614,0.04174827663941526,-0.004802731449726538,-0.0048143016249099025,0.11899522520512794,6875270.0,0.8901323148036367,1
2024-05-02,263.655029296875,265.48755635234596,262.70922536926423,265.36933461971523,5061700,269.0013366699219,274.43217895507814,252.82834274291992,267.4268994682249,269.82717365757435,-2.4002741893494317,-1.989178058827221,-0.4110961305222107,31.452754816577198,269.0013366699219,275.15348641980506,262.84918692003873,0.045740663046832074,0.0010850415824457116,0.0010844533502936717,0.11451173019380137,6927425.0,0.7306755396124822,1
2024-05-03,264.5220642089844,265.46789832991874,262.5614833914534,265.0245367065702,3862000,268.57523040771486,274.13149108886716,252.96865119934083,266.98000173603407,269.4342025873084,-2.4542008512743223,-2.0821826173166413,-0.37201823395768097,42.544269177791904,268.57523040771486,274.7288838079317,262.421577007498,0.04582442983200799,0.0032885202850923,0.003283124927518938,0.10592485964394065,6900920.0,0.5596355268572886,1
2024-05-06,268.6402893066406,268.7486492113174,265.5860974428862,265.66490191296333,3958700,268.3244903564453,273.9161218261719,253.1383657836914,267.23543059305047,269.3753941961478,-2.1399636030973284,-2.0937388144727787,-0.046224788624549706,52.89222320103921,268.3244903564453,273.9964385532791,262.6525421596115,0.04227678352653621,0.015568550434426731,0.015448603880559787,0.1216686149331249,6821735.0,0.5803069160558127,1
2024-05-07,272.37420654296875,273.77323368112286,268.7978492751439,269.67471045279166,6377100,268.31168060302736,273.7645947265625,253.32856201171876,268.0260115084225,269.59752844406046,-1.5715169356379306,-1.9892944387058091,0.41777750306787853,57.459439184518004,268.31168060302736,273.94369959805647,262.67966160799824,0.04198116893287104,0.013899319591880177,0.013803609896065537,0.13188141624598881,6774895.0,0.941283960858434,1
2024-05-08,273.0934143066406,274.43330044897624,270.8569734367602,273.69438469109906,9029700,268.44517517089844,273.6467608642578,253.51505722045897,268.80561193891765,269.85648295239974,-1.0508710134820944,-1.8016097536610662,0.7507387401789718,61.79086681769405,268.44517517089844,274.404987309157,262.4853630326399,0.04440245301085696,0.0026405134788649587,0.002637033447848698,0.1286224406607,6962580.0,1.2968899459683048,1
2024-05-09,274.42352294921875,274.6698282505494,272.31513513787695,272.709217606693,8948800,268.5860626220703,273.5070562744141,253.71824249267578,269.6699059405024,270.1947822114234,-0.52487627092097,-1.5462630571130471,1.0213867861920771,67.9213454665281,268.5860626220703,274.9780186792782,262.1941065648624,0.04759707927363355,0.004870526248152762,0.004858703607964765,0.1288323883808701,7004905.0,1.2775048341126682,1
2024-05-10,276.5909729003906,276.87669544929577,275.11314119211056,275.4185573398301,8986400,268.8215301513672,273.46961669921876,253.94005142211915,270.73468547279293,270.6685741143099,0.06611135848305594,-1.2237881739938266,1.2898995324768825,67.45521197244764,268.8215301513672,276.02065599534666,261.62240430738774,0.05356063437274386,0.007898193011584453,0.007867165551990789,0.13145383496298096,7002305.0,1.283348840131928,0
2024-05-13,275.26092529296875,277.9801149625163,274.9752027680657,277.30031002848926,10528400,269.22103729248045,273.39533081054685,254.16823699951172,271.4310300605123,271.008748275692,0.4222817848202567,-0.89457418223101,1.3168559670512667,61.15799423437954,269.22103729248045,276.92679841356784,261.51527617139305,0.05724486614109498,-0.004808716616723663,-0.00482031569386275,0.1157019817001278,7015350.0,1.5007661770260927,0
2024-05-14,273.6353454589844,275.85209331284284,270.2166264550378,275.3102336418598,18526100,269.5358154296875,273.3403564453125,254.38187942504882,271.7701555064311,271.20331103000996,0.5668444764211245,-0.6022904505005832,1.1691349269217075,55.57376549713987,269.5358154296875,277.43004218029074,261.64158867908424,0.058576458479319096,-0.0059055960531056995,-0.005923103045655746,0.11861090647639112,7529800.0,2.4603707933809664,1
2024-05-15,277.3397521972656,277.56636388448015,272.975229742783,273.05403420506093,21288400,269.96980743408204,273.38212829589844,254.60434715270995,272.62701653579023,271.6578622275845,0.9691543082057592,-0.2880014987593147,1.257155806965074,61.31327714593983,269.96980743408204,278.5829139364511,261.35670093171296,0.06380792418405619,0.013537749416354217,0.013446932803704754,0.12591729367284007,8297175.0,2.56574074911039,0
2024-05-16,276.2145080566406,278.72160932835493,275.64203554436835,278.0898864382011,10341500,270.4125610351563,273.3807067871094,254.81114921569824,273.1789383082288,271.9953915482553,1.183546759973467,0.006308152987241661,1.1772386069862253,60.23397020637467,270.4125610351563,279.3644000017744,261.46072206853813,0.06620875104580895,-0.00405727679393264,-0.0040655298723369674,0.12541384916314738,8402660.0,1.230741217662026,1
2024-05-17,276.47119140625,277.2706951020043,274.49710225679047,276.4218211041876,6177800,270.94647216796875,273.42717712402344,255.0301065826416,273.6854387848474,272.32693227847716,1.3585065063702473,0.27674782366384276,1.0817586827064045,66.8150797502768,270.94647216796875,280.01124953438625,261.88169480155125,0.06691194237655874,0.0009292898892796497,0.0009288583667494811,0.12229184572880289,8316280.0,0.7428561808885704,0
2024-05-20,274.931396484375,276.63896427202883,274.5760447839983,275.60257954683095,5460900,271.27777709960935,273.4077783203125,255.23548828125,273.8771245847747,272.5198555529881,1.3572690317866432,0.49285206528840286,0.8644169664982403,71.37355616627286,271.27777709960935,280.4201245722072,262.1354296270115,0.06740211137339806,-0.005569458843226793,-0.005585026106859309,0.12177364192443178,8266140.0,0.660634830767444,0
2024-05-21,272.37493896484375,274.8227900209365,271.3187941316,274.39836811972134,6578200,271.39357604980466,273.32700439453123,255.4269613647461,273.64601910478535,272.50912099090334,1.1368981138820118,0.6216612750071246,0.5152368388748871,67.75572386804237,271.39357604980466,280.52958944071605,262.2575626588933,0.06732667385785723,-0.009298528841090503,-0.009342030035132723,0.12556706270064782,8273150.0,0.795126402881611,0
2024-05-22,272.00970458984375,274.4773157902539,271.55567256318625,271.96036441471836,4202500,271.44628448486327,273.1727178955078,255.6042671966553,273.39427841017897,272.47212718341746,0.922151226761514,0.6817592653580025,0.2403919614035115,66.42074477146059,271.44628448486327,280.58382060142975,262.3087483682968,0.06732481996507872,-0.0013409250365986614,-0.0013418248810815,0.12524698706320145,8042915.0,0.5225095627642465,0
2024-05-23,270.6772155761719,273.84561988742416,269.4927501644966,271.6741100067551,6115900,271.425471496582,272.9677423095703,255.78578262329103,272.97626874340864,272.3391707680659,0.6370979753427264,0.6728270073549473,-0.035729032012220885,61.880308652883315,271.425471496582,280.56828597656005,262.282657016604,0.06736887610117433,-0.004898681889607959,-0.0049107197609612775,0.12654776545303903,7945480.0,0.7697332319759159,1
2024-05-24,270.9338684082031,271.6741518740324,269.8086532036925,271.44715088939336,4339700,271.4490203857422,272.7428753662109,255.9662794494629,272.6620533072232,272.23507429696497,0.42697901025820784,0.6236574079355994,-0.1966783976773916,55.202446581403656,271.4490203857422,280.58381839383605,262.3142223776483,0.06730396739036212,0.0009481877943990913,0.0009477385483097125,0.12629904425859614,7820435.0,0.5549179809051542,0
2024-05-28,267.4693603515625,270.90425633014246,266.7290768910463,270.67725534713264,6212100,271.43136138916014,272.51512145996094,256.12528312683105,271.86317746789075,271.8820584491574,-0.018880981266647723,0.49514973009515,-0.5140307113617977,38.736849777010335,271.43136138916014,280.59699099490996,262.26573178341033,0.06753552396334,-0.012787283025911034,-0.012869744052062593,0.12984400215078962,7924610.0,0.7838997755094572,0
2024-05-29,265.3768005371094,267.6272911749943,264.7845978663093,265.51500124177016,5469700,271.4681884765625,272.20591125488284,256.2744128417969,270.86527332469365,271.4001874927094,-0.5349141680157459,0.28913695047297083,-0.8240511184887167,33.33144360886395,271.4681884765625,280.52419139094667,262.4121855621783,0.06671870442872196,-0.00782354962715226,-0.007854314155129107,0.12566426155099575,7879275.0,0.6941882343235894,1
2024-05-30,267.78515625,268.1207778818387,264.8339028842642,265.21886469138127,4901900,271.68898315429686,271.89954833984376,256.42155174255373,270.39140915935616,271.13240740065686,-0.7409982413007015,0.0831099121182364,-0.8241081534189378,36.2987830994432,271.68898315429686,280.10638703595123,263.2715792726425,0.061963527441773206,0.00907523079642325,0.009034298350627147,0.1280160773495293,7818375.0,0.626971717268614,1
2024-05-31,268.93011474609375,269.22624614597527,265.5248295639957,267.9233402797892,8910000,271.95273742675784,271.5780554199219,256.58947830200196,270.1665946342389,270.96927461142997,-0.802679977191076,-0.09404806574362608,-0.7086319114474499,33.49164491033322,271.95273742675784,279.6060942065396,264.2993806469761,0.05628446216205449,0.004275660802590675,0.00426654613651886,0.12858932659051586,8010790.0,1.1122498530107519,0
2024-06-03,266.8770751953125,269.5914473512905,264.5871249107581,269.5519571402588,4838800,272.0704879760742,271.19402282714844,256.749789352417,269.6605147205579,270.6661487287546,-1.0056340081966937,-0.27636525423423963,-0.729268753962454,32.47959837042063,272.0704879760742,279.3033955413127,264.83758041083576,0.05316936518211797,-0.007634100601636162,-0.007663389505812931,0.13183994582532685,8059630.0,0.6003749551778431,1
2024-06-04,268.89068603515625,269.45327852839233,265.82096186140245,266.13682334258647,4188500,272.0830078125,270.99036193847655,256.92958892822264,269.54207953818843,270.53463297367324,-0.9925534354848082,-0.4196028904843534,-0.5729505450004548,40.24294577399114,272.0830078125,279.29174175229684,264.87427387270316,0.05298922558783666,0.00754508733419712,0.007516765533847269,0.12239569993104786,8071120.0,0.5189490430076619,1
2024-06-05,270.9436950683594,271.36811694241584,268.4958140466986,269.98626076978695,5368700,272.01148223876953,270.86815490722654,257.115728225708,269.75771269667626,270.56493386957595,-0.8072211728996876,-0.4971265469674203,-0.31009462593226733,35.888517225777264,272.01148223876953,279.23641979077917,264.7865446867599,0.05312229831288991,0.007635106531487246,0.007606106623665465,0.11479530056730292,8020700.0,0.6693555425336941,1
2024-06-06,273.4508056640625,273.55936609601594,270.52913237413793,271.2398055903079,4862400,272.02935180664065,270.8081103515625,257.3080736541748,270.3258808455049,270.778702150649,-0.45282130514408436,-0.48826549860275315,0.03544419345866878,44.252934106200236,272.02935180664065,279.2673127144418,264.7913908988395,0.05321455835358472,0.009253253134643202,0.009210704064661243,0.11930606787587676,7812335.0,0.6224003450952884,1
2024-06-07,275.0596923828125,276.6981596756592,273.27311420128456,274.1121080150813,4515600,272.0611602783203,270.8113757324219,257.5030173492432,271.0541595435522,271.09581253821665,-0.04165299466444594,-0.39894299781509174,0.3572900031506458,47.22109401849079,272.0611602783203,279.3488433836672,264.7734771729734,0.05357385889181355,0.0058836422691932455,0.005866401239663441,0.11989697311850706,7590675.0,0.5948878064203776,0
2024-06-10,271.4767150878906,274.9511007223029,269.8382176794319,274.53655892001944,5213800,271.8054473876953,270.74179992675784,257.67155792236326,271.11916808883507,271.1240275418962,-0.004859453061158092,-0.32012628886430505,0.31526683580314696,43.70499216481361,271.8054473876953,278.77589079426207,264.8350039811286,0.051289946346250434,-0.013026180840540191,-0.01311176557477356,0.12484937472755811,7402045.0,0.7043729131611602,0
2024-06-11,271.1115417480469,271.2990525014602,268.6932705343072,270.9832211360724,6244600,271.59797821044924,270.68068359375,257.85215797424314,271.1179948056369,271.12310266827774,-0.0051078626408411765,-0.2571226036196123,0.25201474097877113,47.49808121158646,271.59797821044924,278.37982618702335,264.8161302338751,0.049940342128166795,-0.001345136873803443,-0.0013460423825212753,0.12401496574290967,7187855.0,0.8687710033104452,0
2024-06-12,266.81787109375,274.00355370409176,266.403299158331,273.18428991716115,7536600,271.2571044921875,270.5305413818359,257.9960795593262,270.45643731150045,270.8041966257201,-0.34775931421967243,-0.27524994573962436,-0.07250936848004808,41.10286672970236,271.2571044921875,278.28851679770173,264.2256921866733,0.05184315683585512,-0.01583728463425993,-0.015964034456485778,0.13411199170488025,6638380.0,1.1353071080594965,1
2024-06-13,267.6766052246094,268.3379081831795,265.8308367956515,266.81788131357195,7361200,270.77394714355466,270.42673583984373,258.1381126403809,270.0287708365941,270.5725231886008,-0.5437523520067202,-0.32895042699304355,-0.21480192501367668,44.77304720226932,270.77394714355466,277.35935616219774,264.1885381249116,0.048641378449542846,0.003218428088565428,0.0032132600345892675,0.1236375271320333,5942020.0,1.2388379709257122,0
2024-06-14,267.1534729003906,268.0319268580065,265.7814665614855,266.60073037999655,8537300,270.3208953857422,270.3707928466797,258.2701213073731,269.5864173079474,270.319260204289,-0.7328428963415945,-0.40972892086275375,-0.32311397547884074,43.47526546435193,270.3208953857422,276.5684072192171,264.0733835522673,0.046222929415499575,-0.00195434458599697,-0.0019562568092122857,0.12334036933922447,5851810.0,1.4589161302229567,1
2024-06-17,267.6568603515625,268.3082831897616,265.51496061255284,265.51496061255284,9258200,269.8801788330078,270.26304626464844,258.4002801513672,269.2895623915805,270.12204540038334,-0.8324830088028534,-0.4942797384507737,-0.3382032703520797,50.36045761220299,269.8801788330078,275.514388055924,264.2459696100916,0.04175341254981479,0.001884263175420342,0.0018824901784091708,0.12365015695959321,6005830.0,1.541535474697086,1
2024-06-18,270.0751037597656,270.35147500719154,267.7851533541184,267.7851533541184,6707500,269.63736419677736,270.19144653320313,258.54522880554197,269.41041490976284,270.11856824181905,-0.708153332056213,-0.5370544571718616,-0.17109887488435138,58.9205049819103,269.63736419677736,274.7493626001273,264.5253657934274,0.03791758177564217,0.009034864284916067,0.008994294079689748,0.12819931598773357,6068160.0,1.105359779570743,1
2024-06-20,273.2336730957031,274.4378686231006,269.5618662516886,269.6506966444218,10164400,269.6803009033203,270.2035119628906,258.69404747009276,269.99860847683055,270.3493167495142,-0.3507082726836188,-0.49978522027421307,0.14907694759059426,60.05836586836131,269.6803009033203,274.90235448869845,264.45824731794215,0.03872773478734912,0.011695151800245496,0.011627292086413051,0.13148694283019524,6247470.0,1.6269625944582367,0
2024-06-21,271.6544189453125,273.9443696713286,271.0226959358414,273.57916798494546,14594700,269.66253662109375,270.2281298828125,258.8485608673096,270.2533485489047,270.44599098623996,-0.1926424373352802,-0.43835666368642656,0.24571422635114637,54.94989664380705,269.66253662109375,274.85355044449716,264.47152279769034,0.038500074118173626,-0.00577986648753015,-0.0057966345585281675,0.13310658051312727,6767080.0,2.1567204761876613,1
2024-06-24,272.7203674316406,276.7574057092699,271.7037128606876,271.7530831561393,24149600,269.7646942138672,270.2504217529297,259.00438079833987,270.63288991547944,270.6144633155289,0.018426599950544187,-0.34700001095903243,0.3654266109095766,61.0119037349133,269.7646942138672,275.11767663597175,264.4117117917626,0.03968630837852162,0.003923913663788747,0.0039162351944477475,0.13251090576285027,7668765.0,3.1490859349582365,0
2024-06-25,269.98626708984375,274.3292566435725,269.98626708984375,273.26326189179235,18325800,269.7173141479492,270.2125146484375,259.1417218017578,270.5334094807663,270.56793026177445,-0.0345207810081547,-0.2845041649688569,0.2499833839607022,52.01007838745801,269.7173141479492,275.04343108410643,264.39119721179196,0.03949406772778166,-0.010025288421049772,-0.010075880039397614,0.13754824627245302,8368070.0,2.189967340139363,1
2024-06-26,270.055419921875,270.90426385484994,268.22938131077234,269.37435670950583,12172000,269.8466171264648,270.2682073974609,259.27867248535154,270.45987262555224,270.529966532893,-0.0700939073407767,-0.24162211344324086,0.17152820610246416,48.242316058227544,269.8466171264648,275.06747331199233,264.6257609409373,0.038694990814583614,0.0002561346277965004,0.00025610183092287934,0.1291785029118644,8666065.0,1.4045590472723202,0
2024-06-27,263.1361999511719,267.0843781058789,263.04736955735603,265.0313387192031,10529100,269.73458709716795,270.1841357421875,259.3813706207275,269.33315375257064,269.9822801194322,-0.6491263668615375,-0.3231229641269002,-0.32600340273463724,32.62390637579442,269.73458709716795,275.43355811226803,264.03561608206786,0.04225613835015614,-0.025621481593314455,-0.025955428239670748,0.15688856487692313,8919035.0,1.1805200898976178,0
2024-06-28,259.069580078125,265.12016789189846,257.8653845415974,263.73831156855744,13957300,269.2988082885742,269.9923291015625,259.46334297180175,267.75414241804054,269.1739319682242,-1.4197895501836797,-0.5424562813382561,-0.8773332688454236,25.122874853765623,269.2988082885742,276.7031571697879,261.8944594073605,0.05498983770681512,-0.015454429583620533,-0.015575094095711454,0.161384656703951,9371805.0,1.489286215408878,1
2024-07-01,259.82958984375,262.32681127482743,257.9147210648929,260.37248240315444,7955800,268.84378204345705,269.8417321777344,259.54651512145995,266.5349804835343,268.4817584775224,-1.9467779939881211,-0.8233206238682291,-1.123457370119892,30.134676103814172,268.84378204345705,277.3761353504458,260.3114287364683,0.06347443293748585,0.0029336125275527536,0.0029293178834861396,0.1608054750467203,9324095.0,0.8532517096833526,1
2024-07-02,264.75494384765625,264.75494384765625,259.00045783180497,259.82957155570443,8697800,268.73767547607423,269.8209716796875,259.68537200927733,266.2611286933992,268.20569813456933,-1.944569441170131,-1.0475703873286095,-0.8969990538415216,40.617677556171955,268.73767547607423,277.42439239487015,260.0509585572783,0.06464829989622578,0.01895609351832528,0.018778665499057795,0.17481671481692856,9517045.0,0.9139181332020601,1
2024-07-03,265.5050964355469,266.25525991166137,264.67598265141373,265.58407686577385,5017800,268.5683959960937,269.7649676513672,259.8300894165039,266.14481603834497,268.00565356427137,-1.8608375259263994,-1.2102238150481677,-0.6506137108782317,47.83598195016676,268.5683959960937,277.3736998475695,259.76309214461793,0.06557215206813738,0.0028333846272659002,0.00282937815916876,0.17278582711428017,9558510.0,0.524956295489569,1
2024-07-05,266.85736083984375,267.0449017216827,264.76483112902,265.51499465637585,7986400,268.364079284668,269.7009356689453,259.9639539337158,266.25443831549865,267.9205948439434,-1.6661565284447306,-1.3014103577274803,-0.36474617071725035,48.67115406890694,268.364079284668,277.12685011365903,259.60130845567693,0.06530509487222332,0.00509317682579824,0.005080250472931195,0.17141365913746562,9689395.0,0.8242413484020417,0
2024-07-08,262.9486389160156,267.92335144370156,262.52421702625963,266.74876612296725,8561100,267.83897094726564,269.54079772949217,260.0836720275879,265.74585379250124,267.552301812245,-1.8064480197437547,-1.4024178901307351,-0.40403012961301954,43.8545582350454,267.83897094726564,276.5769299846964,259.1010119098349,0.06524785401114132,-0.014647232931955578,-0.014755562771192462,0.17397535586684015,9874330.0,0.8670056601308646,0
2024-07-09,262.0010986328125,264.08374810208585,260.500801813083,263.5408856673846,6431300,267.1860412597656,269.3589501953125,260.2069934082031,265.1697376140876,267.1411015767315,-1.9713639626439203,-1.5162071046333723,-0.45515685801054806,41.83994082319167,267.1860412597656,275.59765291130947,258.77442960822174,0.06296445436957439,-0.0036035184936088482,-0.003610026806296688,0.17158946767185698,9970115.0,0.6450577551011197,0
2024-07-10,259.5926818847656,260.0664740493096,255.16086208789181,255.76294472409916,9635500,266.5918395996094,269.1415460205078,260.34403182983397,264.31172904034577,266.5819593773266,-2.2702303369808305,-1.6670117511028641,-0.6032185858779664,34.87180887516317,266.5918395996094,275.39704096528243,257.78663823393634,0.06605754608916352,-0.009192391790013854,-0.009234902540958476,0.16895200374652544,10191200.0,0.9454725645655075,0
2024-07-11,259.1485290527344,260.21455401254326,257.38174103372813,258.73398721897087,8803600,265.9936889648437,268.96806579589844,260.4863564300537,263.51739058071325,266.0313349088383,-2.513944328125035,-1.8363982665072984,-0.6775460616177367,27.944341649527104,265.9936889648437,275.12540862103987,256.8619693086476,0.06866117532136692,-0.001710960527879668,-0.0017124258925362405,0.16893297136184393,10319150.0,0.8531322831822389,1
2024-07-12,262.2972106933594,263.9357082711158,260.2441712704869,260.91535433929045,6627800,265.76765594482424,268.92120483398435,260.65286361694336,263.32967059804344,265.7547331150991,-2.4250625170556646,-1.954131116616972,-0.47093140043869264,36.034157481878665,265.76765594482424,275.0362480747186,256.49906381492985,0.06974958707404659,0.012150104236108739,0.012076884210286857,0.16817674678336253,10273710.0,0.6451223559940858,1
2024-07-15,264.9720764160156,265.7518197898653,261.81352234450475,262.2280942387446,6845200,265.6324295043945,268.95326110839846,260.8509481811523,263.582348416193,265.69675854479664,-2.1144101286036516,-1.986186919014308,-0.12822320958934363,38.96545729534274,265.6324295043945,274.86259100111886,256.40226800767016,0.0694957427746724,0.010197842804296142,0.010146195635058948,0.17216635206434092,10247910.0,0.6679605890371793,1
2024-07-16,265.7617492675781,266.7093036162633,263.90610066483777,265.04119589074946,7869900,265.5628433227539,268.9953955078125,261.0537171173096,263.9176408548676,265.70157267241007,-1.7839318175424523,-1.945735898719937,0.16180408117748457,43.63102659777593,265.5628433227539,274.76566602267417,256.36002062283364,0.06930805970273136,0.002980211583965886,0.0029757795568256264,0.17248580072583106,10214540.0,0.7704605395837698,1
2024-07-17,269.1670837402344,269.37435467915475,264.7648429846093,264.9622639602936,5324700,265.6383544921875,269.0882958984375,261.2629146575928,264.7252474526163,265.95827719595263,-1.233029743336317,-1.803194667643213,0.5701649243068958,48.78313469585683,265.6383544921875,274.9377981060498,256.3389108783252,0.07001582005459839,0.012813486071795888,0.01273208795083245,0.17849942775928423,10017865.0,0.5315204387361978,0
2024-07-18,265.66302490234375,270.07511508454115,265.0806722537845,268.7623591347733,5550800,265.4177505493164,269.02875061035155,261.4626877593994,264.8695209064205,265.9364066556853,-1.0668857492647703,-1.6559328839675245,0.5890471347027542,53.81858900509797,265.4177505493164,274.48035023824906,256.35515086038373,0.068289326318051,-0.01301815507750681,-0.013103633919965439,0.18139588297630127,9960030.0,0.5573075583105673,0
2024-07-19,262.0208435058594,267.43973868628376,260.885748273121,266.8178957867097,6839900,264.8571090698242,268.8216833496094,261.6380675506592,264.43126284479575,265.64636494088336,-1.2151020960876053,-1.567766726391541,0.3526646303039356,54.51796731414838,264.8571090698242,273.24613501126106,256.4680831283874,0.06334756103696083,-0.013709779137775047,-0.013804626044246713,0.18067219129394943,9793805.0,0.6983904621339714,1
2024-07-22,264.2416687011719,264.92273180058805,261.5865166462786,263.76790663006983,5313600,264.48647155761716,268.6446484375,261.8366214752197,264.40209451500743,265.5423133675714,-1.1402188525639758,-1.482257151626028,0.3420382990620521,56.46511053852146,264.48647155761716,272.24211797831686,256.7308251369175,0.05864682889090725,0.008475757751168489,0.008440040196757197,0.18380836404887274,9329750.0,0.5695329456845039,0
2024-07-23,261.35955810546875,264.23186161644196,260.4415836993347,264.06405077422465,8109200,263.9184310913086,268.383369140625,262.0089402008057,263.93401199046303,265.23247964445267,-1.2984676539896327,-1.4454992520987489,0.14703159810911615,44.707771575130046,263.9184310913086,270.7431522725733,257.0937099100439,0.05171841279174264,-0.010907101101312211,-0.010967019618409528,0.18572716048722454,8527730.0,0.9509212885492387,0
2024-07-24,250.87709045410156,253.86784904632853,249.85057083496315,252.7524839786918,13065900,262.9629722595215,267.86909149169924,262.1177579498291,261.9252548310228,264.16911748220446,-2.2438626511816437,-1.605171931915328,-0.6386907192663158,32.50711184992035,262.9629722595215,271.37649260083754,254.54945191820548,0.0639901524463499,-0.04010745858063125,-0.040933936807050014,0.228588750689632,8264735.0,1.5809218323394518,0
2024-07-25,250.4526824951172,254.87463773764222,249.4261477577695,252.08129993237114,8573300,261.9828353881836,267.3729266357422,262.216799621582,260.16024370242195,263.1530852609387,-2.9928415585167727,-1.8827058572356168,-1.110135701281156,29.937256866157554,261.9828353881836,271.4221815068205,252.54348926954674,0.07206079821718446,-0.001691696751649041,-0.0016931292864364078,0.2282613265840948,8084800.0,1.0604220265188997,1
2024-07-26,256.09857177734375,257.8160497859534,252.27871416947588,252.27871416947588,7062200,261.6309539794922,267.0221911621094,262.34701446533205,259.53537109856376,262.63052870659834,-3.095157608034583,-2.12519620739541,-0.969961400639173,41.96390212746457,261.6309539794922,271.4079286473029,251.85397931168143,0.07473866925224079,0.02254273831679421,0.02229240592614876,0.23081627144857833,7911455.0,0.892655017313503,1
2024-07-29,258.2108459472656,259.3064508781868,255.22995229379697,256.9474301984031,6068100,261.58801727294923,266.63961303710937,262.4771927642822,259.33159799836403,262.3031447984996,-2.9715468001355703,-2.294466325943442,-0.6770804741921284,45.67177879475145,261.58801727294923,271.4197434835973,251.7562910623012,0.07516954570888713,0.008247895157175389,0.00821406714920145,0.22677321577532222,7516995.0,0.8072507697557335,1
2024-07-30,259.69146728515625,260.8759028549783,257.628547471335,259.8197879160517,5941800,261.5811111450195,266.3091522216797,262.6192881011963,259.3869625040244,262.1096872049186,-2.7227247008942186,-2.380118000933597,-0.34260669996062143,50.115248555209654,261.5811111450195,271.41823066646066,251.74399162357838,0.07521276653639933,0.005734156256910428,0.005717778561272439,0.22748167552596188,7416295.0,0.8011817221402331,1
2024-07-31,262.2281188964844,262.90915187172476,260.82650248837655,261.1127538203112,7642500,261.45476989746095,266.0242907714844,262.7686695098877,259.82406348747975,262.11845992281235,-2.294396435332601,-2.362973687813398,0.06857725248079705,53.425569428951825,261.45476989746095,271.1845779776285,251.72496181729338,0.07442823157507107,0.009767943621123099,0.009720545663606223,0.2195655055144143,7363530.0,1.0378853620478221,1
2024-08-01,262.4847412109375,263.5408860735961,260.75741330596077,262.8795529933477,7269700,261.30375213623046,265.7753576660156,262.9149673461914,260.2333985218579,262.14559187008086,-1.9121933482229565,-2.2728176198953096,0.3606242716723531,50.22294283085515,261.30375213623046,270.86109270028817,251.74641157217278,0.07315119270905063,0.0009786224129320065,0.0009781438741988321,0.219303181766495,7476125.0,0.9723887709207645,1
2024-08-02,263.1263122558594,264.48843849938777,259.47426564171457,260.4119398530104,7017900,261.11719970703126,265.59038513183594,263.0526973724365,260.67846217324274,262.21823782458296,-1.5397756513402214,-2.126209226184292,0.5864335748440705,47.6942179700182,261.11719970703126,270.35853958712926,251.87585982693327,0.07078308047471872,0.002444222250642447,0.0024412399979742067,0.21861076470177238,7427700.0,0.9448281433014257,0
2024-08-05,253.11770629882812,259.51376581386165,251.21270248941428,258.06280912341373,9631300,260.6256530761719,265.2125451660156,263.1348400115967,259.51526896179433,261.5441243782307,-2.028855416436386,-2.106738464234711,0.07788304779832522,37.16174552170127,260.6256530761719,270.48216667574354,250.7691394766002,0.07563732490056112,-0.03803726761958748,-0.038779568796134166,0.2517771888908804,7481210.0,1.2873986962002135,1
2024-08-06,254.91412353515625,257.1152135033933,252.45637729537378,253.17691556701294,21586800,260.27130432128905,264.8972833251953,263.24426612854006,258.80740043461924,261.05301320466964,-2.2456127700504,-2.1345133253978488,-0.11109944465255106,35.03931080521804,260.27130432128905,270.42470712164635,250.11790152093175,0.07802168454055575,0.0070971614850494635,0.0070720951644147375,0.25360904712915855,8238985.0,2.6200800219930005,0
2024-08-07,253.1966552734375,258.6352803433375,252.98938435366935,256.29598959646995,12908600,259.95150299072264,264.5425390625,263.36306259155276,257.9442088713605,260.4710607653191,-2.5268518939586215,-2.2129810391100033,-0.3138708548486182,36.404708353773515,259.95150299072264,270.58639806548496,249.31660791596036,0.08182214722676055,-0.00673743862403875,-0.006760237625931942,0.2527371971732036,8402640.0,1.5362552721525615,1
2024-08-08,256.4637451171875,257.0757379762813,254.578516733113,254.78578763252847,8223700,259.8172637939453,264.3224267578125,263.50030433654786,257.71644521687233,260.1742225691612,-2.457777352288872,-2.2619403017457773,-0.19583705054309464,43.88967558353355,259.8172637939453,270.56204468165765,249.07248290623298,0.0827102920784645,0.012903368886219013,0.012820829686146664,0.25756518818560553,8373645.0,0.9820932222467038,1
2024-08-09,256.9088439941406,258.64950543959316,256.16707610935555,256.32532354668984,7228100,259.5478454589844,264.15306762695315,263.64884857177736,257.5921988749136,259.93234267471524,-2.3401437998016377,-2.2775810013569493,-0.06256279844468837,41.609521235472705,259.5478454589844,270.3010192560031,248.7946716619657,0.08286082111760765,0.0017355235795599722,0.0017340192987374394,0.2534582607196096,8403660.0,0.8601133315721959,1
2024-08-12,257.03741455078125,258.7286368284504,256.39452492298415,257.64070459211496,26769400,259.15111236572267,263.93811279296875,263.78272743225097,257.5068474404317,259.71790355442386,-2.2110561139921288,-2.264276023883985,0.05321990989185643,44.7218526510366,259.15111236572267,269.6439980336516,248.6582266977937,0.08097889738648728,0.0005004520461100448,0.000500326861748922,0.25013494652529505,9399870.0,2.8478478957687714,1
2024-08-13,257.2747802734375,258.80775517589905,256.4242040630365,257.2747802734375,12005700,258.7267639160156,263.70500610351564,263.9069986724854,257.47114479935567,259.536931459536,-2.065786660180322,-2.2245781511432527,0.15879149096293066,60.42014705743471,258.7267639160156,268.7708431410912,248.68268469094002,0.07764236736123636,0.0009234675935061443,0.0009230414596350507,0.24976359130771908,9606660.0,1.2497267520657545,1
2024-08-14,258.2737121582031,258.62974626961955,255.90003068497225,258.00665639202714,8552300,258.1820953369141,263.53293884277343,264.0635938262939,257.5946167007168,259.44335965943725,-1.848742958720436,-2.1494111126586892,0.3006681539382532,62.5043729772693,258.1820953369141,266.94167302644786,249.4225176473803,0.06785581066807128,0.0038827431266443835,0.0038752247345900767,0.24493962813923442,9768040.0,0.8755390027067866,1
2024-08-15,263.87152099609375,264.4550715617028,259.95499544814714,259.95499544814714,7397800,258.09252014160154,263.4325555419922,264.2580400085449,258.56029428462097,259.7713716103007,-1.211077325679753,-1.9617443552629021,0.7506670295831492,62.446637163990054,258.09252014160154,266.56182371113397,249.6232165720691,0.06562998079049928,0.021673939601184466,0.021442399390829484,0.2548987603385678,9860390.0,0.750254300286297,1
2024-08-16,264.4452209472656,265.4935838893964,262.4770730020113,263.92103947620024,5111100,258.2137390136719,263.30258605957033,264.4366609954834,259.4656676173355,260.1175826722981,-0.6519150549626147,-1.6997784952028447,1.04786344024023,60.50034540609888,258.2137390136719,266.9838370362825,249.4436409910613,0.06792898051134492,0.002174163960575237,0.0021718038862847534,0.24993212343685547,9773950.0,0.522930851907366,0
2024-08-19,263.5451965332031,265.36499686445364,262.3188165710289,264.48478129945835,6555900,258.1789154052734,263.10447387695314,264.6008706665039,260.0932874505459,260.3714799953281,-0.27819254478220046,-1.4154613051187162,1.1372687603365157,56.620179650073446,258.1789154052734,266.85324160195444,249.5045892085924,0.06719624011948921,-0.00340344367290335,-0.0034092485621387367,0.24850773799021955,9836065.0,0.6665165388801314,1
2024-08-20,265.09796142578125,265.09796142578125,262.86275786448476,264.0693681697936,6803600,258.36583557128904,262.9052392578125,264.7557696533203,260.86323729288983,260.72158973091723,0.1416475619726043,-1.104039531700452,1.2456870936730564,55.10247931911237,258.36583557128904,267.478771639479,249.25289950309906,0.07054288774705673,0.00589183530189108,0.005874546316277826,0.24588149180402302,9770785.0,0.69632071527518,1
2024-08-21,265.2562255859375,266.31445823424514,264.4551186308769,265.6122597070247,6639700,259.08479232788085,262.78082946777346,264.8885467529297,261.5390816456664,261.05748868314095,0.4815929625254398,-0.7869130328552737,1.2685059953807136,54.94489698131289,259.08479232788085,267.9762407651586,250.1933438906031,0.06863736275207775,0.0005970025544710378,0.0005968244193405746,0.1927084327670283,9449475.0,0.7026527928800277,0
2024-08-22,264.9990539550781,266.54192875328965,263.64409610380636,265.98807780945026,4425200,259.8121109008789,262.65857971191406,265.0183206176758,262.0713850778836,261.3494564810622,0.7219285968213853,-0.4851447069199419,1.2070733037413273,53.387826217532826,259.8121109008789,268.0890304528702,251.53519134888765,0.06371465535837938,-0.0009695215646354782,-0.0009699918546630787,0.1924990697604606,9242070.0,0.47881048293293604,0
2024-08-23,264.50457763671875,266.2551392288855,262.3979517140844,265.75075751943024,3697400,260.23241119384767,262.61231384277346,265.1461617279053,262.44572239462747,261.583169159259,0.8625532353684662,-0.21560511846226027,1.0781583538307264,81.41179441848718,260.23241119384767,268.56883680113464,251.89598558656073,0.06406908016601463,-0.0018659550325911267,-0.0018676980953382574,0.17844590129452115,9073830.0,0.40747953179638585,1
2024-08-26,265.26605224609375,267.4023471737226,264.7320011511438,264.7814402657322,4612200,260.5851715087891,262.5641027832031,265.2715299987793,262.87961929485306,261.85597531383934,1.02364398101372,0.03224470143293576,0.9913992795807841,80.2861367256416,260.5851715087891,269.1552293106381,252.01511370694004,0.06577548332645612,0.0028788711945122447,0.0028747351809669894,0.1768341450074565,9001035.0,0.5124077397765924,1
2024-08-27,267.74853515625,267.97602150517696,264.94961096956513,265.5726706353339,6594100,260.98802490234374,262.5760040283203,265.41098236083985,263.62868327352953,262.292461228092,1.3362220454375233,0.2930401702338533,1.0431818752036701,90.74964107472482,260.98802490234374,270.12023781599083,251.85581198869664,0.06998185389589563,0.009358464413882883,0.00931494528987589,0.17847042015362558,9033650.0,0.7299485811382996,0
2024-08-28,266.2353210449219,268.9947059178316,264.73201572388655,268.1836991521918,5455100,261.1883850097656,262.5475732421875,265.55403022766114,264.0297044691284,262.58452491822754,1.445179550900832,0.5234680463672491,0.921711504533583,80.3439668390797,261.1883850097656,270.60651573911235,251.7702542804189,0.07211753102263405,-0.005651624239307429,-0.005667655096364827,0.17748917764701683,8924280.0,0.6112649984088352,1
2024-08-29,271.3089904785156,272.9606431665216,267.4814735626241,268.00565491989545,5565100,261.62959747314454,262.5722509765625,265.70469635009766,265.14959462441874,263.230781626397,1.9188129980217354,0.8025370366981464,1.116275961323589,84.73276037204208,261.62959747314454,272.0742725955872,251.1849223507019,0.07984322281055968,0.019057086090908504,0.01887777435043947,0.18893690583527278,8839050.0,0.6296038601433412,1
2024-08-30,273.33648681640625,273.94967670738373,271.2496612079113,271.9815291187413,6296100,262.1401062011719,262.5743072509766,265.8683518218994,266.4091165001091,263.9793523812125,2.429764118896628,1.1279824531378428,1.3017816657587853,86.01392848569525,262.1401062011719,273.8180845967879,250.4621278055558,0.08909722792783278,0.007473015672332384,0.0074452310282386745,0.19003169960132554,8802960.0,0.7152253332969819,1
2024-09-03,275.4826965332031,278.993718935248,273.33650161596876,273.33650161596876,7278300,263.25835571289065,262.6508728027344,266.03157669067383,267.8050518898159,264.8314519480266,2.9735999417893026,1.4971059508681348,1.4764939909211678,87.101937563662,263.25835571289065,275.5649092049527,250.95180222082857,0.09349411500148988,0.007851896180397056,0.007821230461679969,0.11807063262113125,8685310.0,0.8380011766995076,1
2024-09-04,277.4112854003906,278.5585566691658,275.6409544699037,275.6508241840625,6107500,264.38321380615236,262.74469116210935,266.1986917114258,269.28293396836585,265.7632914630165,3.5196425053493385,1.9016132617643755,1.618029243584963,87.57276690385062,264.38321380615236,277.5602797926188,251.20614781968587,0.09968156296131563,0.0070007622673138314,0.006976370704672834,0.11804049428098137,7911345.0,0.7719926257798136,0
2024-09-05,275.56182861328125,278.4102222168674,274.3651181696265,277.9157102768729,6447400,265.50147247314453,262.8562023925781,266.35429763793945,270.2489177598913,266.48910902970283,3.7598087301884675,2.273252355449194,1.4865563747392736,76.9126358741471,265.50147247314453,278.4757698282579,252.52717511803115,0.09773427796281416,-0.0066668404799755665,-0.006689163130653092,0.11795346160696889,7588285.0,0.8496517987924808,1
2024-09-06,276.3035583496094,277.2035735779682,274.38484987290764,274.7211143237324,7187700,266.49346313476565,262.9811651611328,266.5087445068359,271.18040092754023,267.2161052756218,3.9642956519184054,2.6114610147430364,1.352834637175369,77.08988084116712,266.49346313476565,279.5914942877116,253.3954319818197,0.09829908020162041,0.002691699863006214,0.002688083726512571,0.11352353409813898,7536485.0,0.9537204678308256,1
2024-09-09,282.47509765625,283.82018583647124,278.5585715179422,278.993744442489,10933900,267.7717758178711,263.36794311523437,266.69203315734865,272.918046578111,268.3464010075202,4.571645570590761,3.0034979259125816,1.568147644678179,84.85073561882888,267.7717758178711,281.8823806166407,253.66117101910152,0.10539277155458784,0.022336083340742663,0.02209028639264255,0.1308829480201431,7721775.0,1.41598272417935,0
2024-09-10,282.2080383300781,283.25640110951537,280.4574771265144,282.79155873126604,5314400,269.0303070068359,263.8307122802734,266.8628742980957,274.34727607841364,269.3731889573393,4.974087121074319,3.3976157649449292,1.5764713561293902,83.06571943180063,269.0303070068359,283.59247641885435,254.46813759481748,0.1082567207689981,-0.0009454260867159947,-0.0009458732838421534,0.1316095792642044,6649025.0,0.7992750816849087,0
2024-09-11,280.8431396484375,282.03987996422296,275.2452623181027,281.891502274629,6281800,270.20872497558594,264.2509832763672,267.01956451416015,275.34663970457115,270.22281493445774,5.123824770113401,3.742857565978624,1.3809672041347776,78.77994906123921,270.20872497558594,284.5786271726888,255.83882277848306,0.10636149664228076,-0.004836498243342757,-0.004848231949626111,0.13534524354131197,6362830.0,0.9872651005920322,1
2024-09-12,282.23773193359375,282.86082178983133,278.38054494570946,280.8827740850073,4160800,271.4069259643555,264.60063903808594,267.18037605285645,276.4068077398054,271.1128087862456,5.2939989535598215,4.053085843494864,1.240913110064958,80.5467380336163,271.4069259643555,285.5816676865945,257.23218424211643,0.10445379514081118,0.004965733850226917,0.004953445258352453,0.13534213937798548,6143255.0,0.67729566817591,1
2024-09-13,284.1960144042969,285.5707418853645,282.4157533329681,283.34543818316337,4987600,272.42315063476565,264.9744573974609,267.3517655944824,277.6051472266503,272.08193512832344,5.523212098326837,4.347111094461258,1.176101003865579,83.17212930184448,272.42315063476565,287.223647726075,257.6226535434563,0.10865814492507794,0.006938414850796271,0.006914454816401873,0.1197199694754033,6022745.0,0.8281273738137677,1
2024-09-16,287.2916564941406,287.7070296055238,284.5817106428442,284.88830561925977,4458900,273.5654724121094,265.38314331054687,267.54453384399415,279.0953794216488,273.20858115542103,5.886798266227743,4.6550485288145556,1.2317497374131872,84.39903037281842,273.5654724121094,289.2722394133167,257.8587054109021,0.11483003949815744,0.01089263020219522,0.010833732818127056,0.12217861243382262,5990135.0,0.7443738747123395,1
2024-09-17,288.3597717285156,289.85320729913417,286.8960056640798,287.70701240988654,5135700,274.806201171875,265.89136596679685,267.73629974365235,280.52067054578214,274.33089156824286,6.189778977539277,4.9619946185595,1.2277843589797763,83.67794701795222,274.806201171875,291.08996268101663,258.52243966273335,0.11851087376996354,0.0037178776697150973,0.003710983445170177,0.1188870217305149,5919125.0,0.8676451333600828,0
2024-09-18,285.3136291503906,288.8147520692398,284.96746474448463,288.6367350088131,5890000,275.81698455810545,266.35761657714846,267.90078842163086,281.258048792645,275.144427685439,6.113621107206029,5.192319916288806,0.9213011909172231,79.686081363942,275.81698455810545,292.0730712555136,259.5608978606973,0.11787589312857215,-0.010563687715056447,-0.010619879543081611,0.13020783084603066,5873445.0,1.0028186183747358,0
2024-09-19,282.1091613769531,288.2806909014838,279.7651796146909,287.8949571013072,10382100,276.6596313476563,266.80794616699217,268.0503855133057,281.38898919023086,275.6603338848104,5.728655305420432,5.299586994115132,0.42906831130529977,67.84313369594372,276.6596313476563,292.34802780861764,260.9712348866949,0.11341297886171911,-0.011231386958203804,-0.011294935256425328,0.14033759866013854,6060565.0,1.713058105968668,0
2024-09-20,281.6443176269531,283.84985173088165,280.14101220478125,282.3663159204415,27810900,277.49189453125,267.25786193847654,268.20754150390627,281.4282704881881,276.10359193978394,5.324678548404165,5.304605304972939,0.020073243431226295,64.47278182825391,277.49189453125,292.3180610425009,262.6657280199991,0.10685837535035633,-0.0016477442552065291,-0.0016491032788592608,0.1406201955614538,7229850.0,3.846677316956783,1
2024-09-23,285.4619445800781,285.7092005303872,281.4959494786846,281.77287493572635,6505600,278.53976287841795,267.7211566162109,268.38294975280763,282.0488357330943,276.7968032464724,5.252032486621886,5.294090741302728,-0.042058254680842566,66.42783508262146,278.53976287841795,292.43419947761896,264.64532627921693,0.09976627003352415,0.013554780672626832,0.01346373643355412,0.14402778166681332,7370260.0,0.8826825647941864,0
2024-09-24,269.7859191894531,277.91569628084494,269.71668027751355,277.1046894962697,13690200,278.76575622558596,267.8174334716797,268.481551361084,280.16223318791873,276.27747850150797,3.8847546864107585,5.012223530324334,-1.1274688439135758,41.358461906652515,278.76575622558596,291.87605692039637,265.65545553077555,0.09405962104040598,-0.05491458910113167,-0.056479973669028086,0.2536359466581575,7824160.0,1.7497341567657103,0
2024-09-25,266.6705017089844,271.2397870017281,265.2858743752154,271.1804479861817,11671300,278.7118545532227,267.83560852050783,268.55705291748046,278.0865821911596,275.5658505909507,2.520731600208933,4.513925144301254,-1.9931935440923212,40.20485186801424,278.7118545532227,292.02024398790655,265.4034651185388,0.09549927078643518,-0.011547739369900167,-0.011614932297330885,0.2553150712899661,8078020.0,1.4448218746673072,1
2024-09-26,268.7078857421875,270.2408605996803,267.03643306137957,267.5309449744562,9552500,278.8354827880859,267.82642456054685,268.643134765625,276.64370581439465,275.057853194746,1.5858526196486764,3.9283106393707383,-2.342458019722062,41.86445896748137,278.8354827880859,291.69421043381993,265.9767551423519,0.09223164510598961,0.00764008024939522,0.007611042642270378,0.25582428499883975,8282890.0,1.1532810407961471,1
2024-09-27,272.14971923828125,274.92887397649326,269.78593763488186,270.1617715452645,6509600,278.87751922607424,267.95615844726564,268.74259063720706,275.95232326422337,274.8424358646375,1.1098873995858867,3.364625991413768,-2.2547385918278815,38.25389000367996,278.87751922607424,291.637767290686,266.1172711614625,0.09151148575921998,0.012808829508621278,0.012727490289028668,0.25075267250350475,8330115.0,0.7814537974565777,0
2024-09-30,271.9320983886719,272.66396632206624,270.201306786372,271.9815375042649,5969900,278.8072998046875,268.15438354492187,268.8260107421875,275.3338271295231,274.62685531086225,0.7069718186608611,2.833095156863187,-2.126123338202326,38.29696721140546,278.8072998046875,291.710590986523,265.90400862285196,0.09256064092206089,-0.0007996365023578145,-0.0007999563821621793,0.24931876864176758,8313805.0,0.7180707269415147,1
2024-10-01,274.55303955078125,275.99700598772864,271.3485816037428,273.92994966711785,5781600,278.7608169555664,268.36061096191406,268.9086698913574,275.2137059635628,274.62138747678216,0.5923184867806413,2.384939822846678,-1.7926213360660368,43.03559747203615,278.7608169555664,291.72110785609726,265.8005260550355,0.09298502595934571,0.009638219164415318,0.009592067837523647,0.25015723000831236,8238970.0,0.7017382027122322,0
2024-10-02,273.9596252441406,274.59261503921897,272.34751142882857,273.5343522032931,4741600,278.5882339477539,268.6126123046875,269.0063088226318,275.0207704682671,274.57236805214205,0.4484024161250204,1.9976323415023465,-1.549229925377326,40.66893014519974,278.5882339477539,291.71504800476635,265.46141989074147,0.09423810812824367,-0.002161383125138805,-0.0021637222848002228,0.24884357782794445,8170675.0,0.5803192514694319,0
2024-10-03,273.82110595703125,274.6420125868415,272.81231257927755,273.6332192090877,3036700,278.5011978149414,269.0714926147461,269.1066968536377,274.8362066973077,274.5167190080598,0.3194876892479215,1.6620034110514617,-1.3425157218035402,37.80512739573207,278.5011978149414,291.7351477673468,265.267247862536,0.09503693381742004,-0.000505619348055153,-0.0005057472166214141,0.24777938367300847,8000140.0,0.37958085733499664,1
2024-10-04,274.8793640136719,275.3837757853776,272.0804400772435,274.30574351814363,4259300,278.4299880981445,269.5600262451172,269.2107046508789,274.84284628444067,274.5435816010681,0.29926468337254164,1.3894556655156778,-1.0901909821431361,34.67641305559994,278.4299880981445,291.7288954000505,265.13108079623856,0.09552783730478191,0.003864778987514139,0.003857329915711847,0.24799575948752572,7853720.0,0.5423289854998651,0
2024-10-07,270.7848205566406,274.5727682330991,270.2408393853925,274.5529986238683,4339300,277.84547424316406,269.85375122070315,269.2862741851807,274.21853463400987,274.26515485703646,-0.04662022302659352,1.1022404878072236,-1.1488607108338171,29.811455422234133,277.84547424316406,291.4205441934312,264.2704042928969,0.0977166893737961,-0.014895783361997261,-0.015007839713460371,0.23826545111867548,7523990.0,0.5767285708779517,1
2024-10-08,271.9419860839844,273.06948774711844,271.0024315473182,271.6947301244493,4370900,277.33217163085936,270.1283740234375,269.3817904663086,273.8682963955444,274.09306828125483,-0.2247718857104246,0.836838013103694,-1.0616098988141185,33.943004816783386,277.33217163085936,290.98879990651045,263.6755433552083,0.09848571260480105,0.004273376642623505,0.0042642716986788206,0.23929016482889062,7476815.0,0.5845938410941023,1
2024-10-09,273.8903503417969,274.444201248417,271.40792115832073,271.9815416749592,4115800,276.98453216552736,270.4123516845703,269.47510025024417,273.87168931035245,274.07805213759127,-0.20636282723882005,0.6281978450351912,-0.8345606722740112,39.82365957395355,276.98453216552736,290.6188061507147,263.35025818034,0.09844790883152593,0.007164632007985672,0.0071390879686067275,0.24101642357631564,7368515.0,0.5585657354297304,1
2024-10-10,274.4244689941406,274.6222858516943,272.3277431075768,273.7420400729797,4063900,276.5938690185547,270.6562786865234,269.57653831481935,273.95673233862755,274.1037126454838,-0.14698030685627828,0.4731622146568973,-0.6201425215131755,41.07586084106748,276.5938690185547,290.0408349490084,263.146903088101,0.09723256685455772,0.001950118548087687,0.0019482195353776966,0.24023956833497118,7363670.0,0.5518851333642056,1
2024-10-11,274.7903747558594,275.7398291727192,272.34748471111936,273.0101439514207,4746300,276.1235870361328,270.9023913574219,269.6762166595459,274.0849850182017,274.15457650551167,-0.06959148730999232,0.36461147426351936,-0.4342029615735117,35.57876938304189,276.1235870361328,289.1007809159239,263.1463931563417,0.09399554756684336,0.001333356908951755,0.0013324687780044626,0.2385106072330866,7351605.0,0.6456141209980678,1
2024-10-14,277.59918212890625,278.28161093893755,274.93870579591123,276.0167380740133,3996600,275.6389633178711,271.1918487548828,269.7910702514648,274.62563072754085,274.40973247761497,0.21589824992588547,0.3348688293959926,-0.11897057947010714,66.18839683497161,275.6389633178711,287.539342057646,263.7385845780962,0.08634758015724509,0.010221636676839285,0.010169749033534747,0.2380569990519053,7328490.0,0.5453510886963071,0
2024-10-15,276.2245178222656,279.5377542157416,275.7695450566925,277.91574038915945,5807000,275.0322006225586,271.65398498535154,269.89182250976563,274.8716133574985,274.5441610216632,0.3274523358353463,0.33338553068386334,-0.005933194848517065,71.33398571128731,275.0322006225586,285.3314188381805,264.7329824069367,0.07489463555400983,-0.0049519753484081885,-0.00496427700680998,0.2374743790627562,7362055.0,0.7887743299934598,1
2024-10-16,284.3641357421875,284.4432745550265,275.2948036447478,275.5618292271988,9442700,274.98472595214844,272.2429852294922,270.03351852416995,276.3320014166814,275.27156655651686,1.0604348601645484,0.47879539658000037,0.581639463584548,77.47310653283124,274.98472595214844,285.09134878253127,264.8781031217656,0.07350679420748293,0.029467398419568358,0.029041579591927526,0.25987056575211037,7539690.0,1.2523989713104915,1
2024-10-17,287.2026672363281,287.7367184153602,284.4531517957774,285.4026364792854,8815800,275.23940124511716,272.92310546875,270.19668411254884,278.00441154278093,276.15535179205847,1.8490597507224606,0.7528482674084924,1.0962114833139682,76.9858247211174,275.23940124511716,286.3124266760666,264.16637581416774,0.08046104867876991,0.009982030563495892,0.009932539173605894,0.2586572079695711,7461375.0,1.1815248529929134,1
2024-10-18,287.4300842285156,287.84548749373874,284.9179553926671,286.73778569662414,5350900,275.5286895751953,273.54243225097656,270.36536285400393,279.45451503289394,276.99051715772197,2.4639978751719696,1.0950781889611878,1.3689196862107817,77.77390083085768,275.5286895751953,287.5665467976037,263.4908323527869,0.08738006369476883,0.000791834541008507,0.0007915212054340505,0.25846791085299836,6338375.0,0.844206914232749,0
2024-10-21,283.7015380859375,287.2521305946053,283.1872262933238,286.4213540634027,6313100,275.44066925048827,274.0782861328125,270.5073845672607,280.10790319490064,277.48762981907123,2.620273375829413,1.400117226334833,1.22015614949458,65.76899203602201,275.44066925048827,287.19511725198925,263.6862212489873,0.08535012664241948,-0.012972010750321505,-0.01305688204832336,0.2587279923689734,6328750.0,0.9975271578115742,0
2024-10-22,281.66412353515625,283.38501545418455,280.41794376890044,281.92124922370334,5736500,276.0345794677734,274.5708203125,270.6388256835937,280.3473217087861,277.79699972396645,2.550321984819675,1.6301581780318015,0.9201638067878735,62.650286065899884,276.0345794677734,287.786345966131,264.28281296941583,0.0851470603503109,-0.0071815421394157974,-0.007207453543588277,0.1623126878782569,5931065.0,0.9671956048365682,0
2024-10-23,280.6454162597656,282.92015903300995,280.4179299093962,282.90038942182616,5249300,276.7333251953125,275.0382330322266,270.75115982055667,280.3931824089368,278.00799354143305,2.385188867503757,1.7811643159261927,0.6040245515775644,60.890298814928386,276.7333251953125,287.78157370633556,265.6850766842894,0.07984761866483162,-0.0036167448754383935,-0.003623301110111218,0.15570625621234913,5609965.0,0.9357099375842808,0
2024-10-24,280.111328125,280.5069316173495,278.6376922883882,279.2904516329402,4679900,277.3034973144531,275.4749853515625,270.8569393920898,280.3498202114081,278.16379610317875,2.186024108229333,1.8621362743868208,0.32388783384251196,58.49127252447467,277.3034973144531,287.7695258427273,266.83746878617893,0.07548428800669657,-0.0019030709351449682,-0.001904884075358542,0.1552956079253208,5366335.0,0.8720849518339798,0
2024-10-25,278.6376647949219,281.96077002189736,277.69808018351637,280.8827377840056,4464600,277.62789459228514,275.7703082275391,270.94930282592776,280.0864116857948,278.19889748775233,1.8875141980424814,1.867211859117953,0.020302338924528485,63.929898487709394,277.62789459228514,287.8199268777707,267.4358623067996,0.07342224959385446,-0.005260991549118965,-0.005274879295451181,0.15201981975382828,5264085.0,0.8481246028512077,1
2024-10-28,281.0707092285156,281.5157820639608,278.43990198886377,278.94431384468635,4306200,278.08482513427737,276.1028179931641,271.0564375305176,280.23784207698264,278.4116242833644,1.826217793618241,1.8590130460180108,-0.03279525239976966,65.49190006629101,278.08482513427737,288.0177941379968,268.1518561305579,0.07143841091597262,0.008731929458942522,0.008694026646219372,0.15408964033861508,5180900.0,0.8311683298268641,0
2024-10-29,278.7860412597656,282.56411952375953,278.2618598386176,281.14979251198,7534800,278.2964752197266,276.40763488769534,271.1514601135254,280.0144881051031,278.43935887420895,1.575129230894163,1.8022362829932415,-0.22710705209907855,58.21446859062327,278.2964752197266,288.0920239113839,268.5009265280693,0.07039649843874818,-0.00812844559655812,-0.008161661528853907,0.15485155155272612,5268560.0,1.4301441000956618,1
2024-10-30,286.9751892089844,292.5334989062318,285.1652585018386,289.1312541480207,9606800,278.94725341796874,276.84517944335937,271.2821678161621,281.08536519800793,279.0716426027108,2.0137225952971107,1.8445335454540153,0.16918904984309546,66.75474619082539,278.94725341796874,289.2461265381437,268.6483802977938,0.0738410075308635,0.029374311253942187,0.028951152858048734,0.18445573233834014,5511820.0,1.7429451614893083,0
2024-10-31,286.6685791015625,293.08733445672664,286.4410927422733,288.88398294550905,7950200,279.5896270751953,277.2734265136719,271.4045079040527,281.9443211831702,279.63437863966277,2.309942543507418,1.937615345064696,0.3723271984427221,65.88210619435804,279.5896270751953,290.1418116337727,269.03744251661794,0.07548337661138896,-0.001068420264020098,-0.001068991431818125,0.18458356267737383,5757495.0,1.3808435786744062,1
2024-11-01,287.54876708984375,289.4576059436179,284.0377447078547,285.3234635620057,5470700,280.2230972290039,277.7244207763672,271.52382415771484,282.80654363035075,280.22062963597244,2.585913994378302,2.067275074927417,0.5186389194508849,64.02681214290632,280.2230972290039,291.1008048822544,269.34538957575336,0.0776360532790846,0.0030704027314043536,0.003065698671383978,0.18451912983353658,5818065.0,0.9402954418694188,1
2024-11-04,288.6466064453125,289.9323253317725,287.56857410887204,288.3498811912445,4281600,281.1161865234375,278.20726135253904,271.6350590515137,283.7050148326525,280.8447760662939,2.860238766358634,2.2258678132136605,0.6343709531449737,67.65028545064604,281.1161865234375,291.6589691304311,270.57340391644385,0.0750065852655172,0.0038179240571243334,0.003810654282826972,0.17295750234691376,5815180.0,0.736279874397697,1
2024-11-05,290.0707702636719,291.5444059225024,288.3795180002992,288.5080959108886,3753700,282.0226257324219,278.70335571289064,271.75193939208987,284.6843618220401,281.52818304387745,3.156178778162655,2.4119300062034594,0.7442487719591955,60.02077088046883,282.0226257324219,292.35957768755515,271.6856737772886,0.07330583443996991,0.00493393577668555,0.00492180380477689,0.17302497913335424,5784320.0,0.6489440418234123,1
2024-11-06,304.0259094238281,305.6083535369169,299.49619371000523,302.95777700249454,10320500,283.52940368652344,279.4289031982422,271.9383006286621,287.6599845300075,283.19468129424416,4.465303235763315,2.8226046521154307,1.6426985836478845,71.24649080479085,283.52940368652344,297.14172572672464,269.91708164632223,0.09602053165005277,0.04810942911438865,0.046987997541647425,0.23509979429945838,6094555.0,1.6933968107597683,0
2024-11-07,302.4434814453125,304.25341199420274,301.0786538848571,304.12483406440464,6237300,284.930354309082,280.15306640625,272.1148321533203,289.93436867082363,284.6205183424714,5.313850328352203,3.3208537873627852,1.9929965409894175,68.33332463794255,284.930354309082,300.2565752363222,269.60413338184185,0.10757871666150984,-0.005204911586366268,-0.005218504325194646,0.23782222958045232,6203225.0,1.0054931104385219,1
2024-11-08,304.49078369140625,307.7347808806575,302.3347188302057,303.5215595849181,6240600,286.4153747558594,280.8167022705078,272.2968798828125,292.1738171355286,286.09238984979993,6.081427285728694,3.8729684870359673,2.2084587986927264,76.47339998880784,286.4153747558594,303.28283003024984,269.5479194814689,0.11778316920848467,0.006769206055657451,0.006746397851447943,0.23750008758767321,6277940.0,0.9940521890938747,1
2024-11-11,307.50726318359375,309.01056834722874,305.9050194304755,306.68635660739875,4674100,287.91077880859376,281.50011779785154,272.51697189331054,294.532808835231,287.67867676341433,6.85413207181665,4.469201203992104,2.384930867824546,82.10848882761633,287.91077880859376,306.6827922143512,269.1387654028363,0.13040160207574078,0.009906636436144645,0.009857887408270479,0.2374152318378311,6311815.0,0.7405318438515704,0
2024-11-12,307.0316467285156,307.7252614664828,305.30745300158225,306.22901681287175,4616400,289.4511352539063,282.1310968017578,272.7065609741211,296.45570697265936,289.11223009416256,7.343476878496801,5.044056338893044,2.2994205396037577,83.23171153553457,289.4511352539063,309.21516557643344,269.6871049313791,0.1365621199252867,-0.00154668364627919,-0.0015478809962036497,0.23577969283099284,6252285.0,0.7383540577564842,0
2024-11-13,306.6650390625,308.12166942881066,305.03994167859054,306.6749275411851,4046400,290.56618041992186,282.716171875,272.87715698242187,298.02637344801946,290.4124381658913,7.613935282128182,5.558032127540072,2.05590315458811,83.5843213057756,290.56618041992186,311.5975087067051,269.5348521331386,0.14476101971942576,-0.001194038692499344,-0.0011947521246658893,0.21878231810850685,5982470.0,0.6763761456388415,0
2024-11-14,305.4461975097656,308.45855452661425,305.030004470335,306.48663474835115,4415800,291.4783569335938,283.31385925292966,273.06078552246095,299.16788484213424,291.52604996914124,7.641834872993002,5.974792676630658,1.6670421963623436,84.12658577972813,291.4783569335938,313.4566477678242,269.5000660993633,0.15080564516313413,-0.003974504418438052,-0.0039824237517055786,0.21922003429510464,5762470.0,0.766303338672479,1
2024-11-15,306.8236083984375,307.8937716895116,303.87070282862504,304.7625106111865,5106300,292.44803314208986,283.92426025390625,273.2326663208008,300.3456884661809,292.6592024453854,7.686486020795485,6.317131345463624,1.369354675331861,83.68819128236697,292.44803314208986,315.3654951794453,269.5305711047344,0.15672844020271245,0.004509504128391795,0.004499366779502305,0.21908166528056155,5750240.0,0.8880151089345836,1
2024-11-18,309.3206481933594,309.56837423494426,305.8921282450232,306.6650322851682,4585600,293.72898864746094,284.46117126464844,273.4163928222656,301.7264515011314,293.893383611902,7.833067889229426,6.620318654216785,1.212749235012641,89.72258923070082,293.72898864746094,317.43825770931886,270.019719585603,0.16143635785512633,0.008138356132228353,0.008105418297837041,0.21087227997106106,5663865.0,0.8096238169518518,0
2024-11-19,309.0134582519531,309.39000665885465,305.70384209444103,307.18027956782373,4885500,295.0964553833008,284.9972796630859,273.6064505004883,302.8475294627963,295.0133891407947,7.834140322001588,6.863082987773746,0.9710573342278419,86.06580792603751,295.0964553833008,319.02956204075423,271.16334872584736,0.16220531436995217,-0.0009931116567886145,-0.0009936051189057455,0.20747567798478278,5621315.0,0.8691026921636663,0
2024-11-20,304.59405517578125,309.4494796858251,303.4346839614257,309.0233678993548,6349900,296.29388732910155,285.4722979736328,273.76860900878904,303.11622572633246,295.7230681063493,7.393157619983185,6.969097914215634,0.4240597057675508,75.85481070916717,296.29388732910155,319.5700987118469,273.0176759463562,0.1571157042257295,-0.014301652430194545,-0.014404906714902854,0.21644528238677438,5676345.0,1.1186599827882202,1
2024-11-21,307.08123779296875,308.0919795367517,303.8607988046398,304.50488055430566,5757100,297.6423828125,285.9691680908203,273.9302719116211,303.72622758273803,296.56441400906186,7.16181357367617,7.007641046107742,0.15417252756842803,76.92452014248911,297.6423828125,320.08101249131295,275.20375313368703,0.1507757696789317,0.008165565200384917,0.008132407352284975,0.21563567615572563,5730205.0,1.0046935493581817,1
2024-11-22,307.10101318359375,308.75580610269594,305.0993675401375,305.16873808500833,5919200,299.06555023193357,286.42726806640627,274.1072554016113,304.24542536748504,297.344902836805,6.900522530680064,6.986217343022206,-0.08569481234214216,76.21768280416491,299.06555023193357,319.9882941163107,278.1428063475564,0.13992078905879324,6.439791231516168e-05,6.439583885862344e-05,0.2131900253340413,5802935.0,1.0200355509754977,1
2024-11-25,310.3412780761719,310.8070042436528,307.04155026997876,309.0233586013876,14189300,300.5290786743164,286.88826049804686,274.29723831176756,305.1832488611292,298.3075972989803,6.875651562148903,6.964104186847546,-0.08845262469864323,77.38467272334482,300.5290786743164,320.20998141885093,280.84817592978186,0.1309750313104493,0.010551137096513008,0.01049586231739362,0.21371419468371833,6297090.0,2.253310656191987,0
2024-11-26,308.9837646484375,311.63938073060933,308.7063126732852,311.3421215572309,7071500,302.03896484375,287.3007403564453,274.48713317871096,305.7679435976382,299.0984245100512,6.669519087586991,6.905187166995435,-0.2356680794084438,60.15410635688722,302.03896484375,319.16378275292686,284.9141469345732,0.11339475963331953,-0.004374259963578431,-0.004383855029792403,0.21104258654004288,6273925.0,1.1271253641062016,1
2024-11-27,311.8375549316406,313.49234796399094,306.67492242425953,307.94327855444243,5204300,303.28208312988284,287.83121887207034,274.6876516723633,306.70172995671544,300.0420638005393,6.659666156176115,6.856082964831572,-0.19641680865545652,68.28749552949228,303.28208312988284,319.3815781522107,287.182588107555,0.10616845450400793,0.009236052536450101,0.00919366102346683,0.19171658119255638,6053800.0,0.8596749149294658,1
2024-11-29,312.21405029296875,313.37342139471383,310.846628037568,311.43125782733915,3853300,304.5593566894531,288.4333166503906,274.88143203735353,307.5497792392159,300.9436924296082,6.606086809607746,6.806083733786807,-0.19999692417906179,66.08101891271582,304.5593566894531,319.0856539411361,290.03305943777013,0.09539222442274115,0.0012073445143920836,0.0012066162601141346,0.19105131733427316,5848955.0,0.6588014440186324,1
2024-12-02,313.76983642578125,314.532852080359,310.85657540284564,314.0175624975275,5597500,305.87041015625,289.07582702636716,275.066143951416,308.5067111140721,301.89377717006545,6.61293394400667,6.76745377583078,-0.15451983182410967,63.88417540127792,305.87041015625,318.54785623685177,293.1929640756482,0.0828942301030405,0.004983075333581555,0.004970700905138911,0.19100276435993577,5855295.0,0.9559723293190181,0
2024-12-03,310.16290283203125,314.4336970950434,309.9250652842114,314.21569698287135,5009900,306.94622497558595,289.56984619140627,275.24474227905273,308.761509839912,302.50630499687776,6.255204843034221,6.665003989271469,-0.40979914623724767,56.09567727041031,306.94622497558595,316.80872507967376,297.08372487149813,0.06426207134407509,-0.011495475903092967,-0.011562059652644731,0.1992222881972291,5891710.0,0.8503303794653844,0
2024-12-04,307.08123779296875,310.0044175860672,305.9912370104575,309.57833599290353,5981800,307.79674835205077,290.31575256347656,275.42473052978517,308.50300644807453,302.8451889076993,5.65781754037522,6.46356669949222,-0.8057491591170001,50.73276251144437,307.79674835205077,313.6510633758263,301.94243332827523,0.03804013560974667,-0.009935633858609405,-0.009985321662534812,0.20488696006033946,6003115.0,0.9964493433825605,0
2024-12-05,306.2686462402344,308.2603732901632,306.02092019880024,307.16048418139343,5200100,307.9088851928711,291.10771545410154,275.592724609375,308.1592587237914,303.09877833973894,5.060480384052482,6.1829494364042725,-1.1224690523517902,51.46902350001526,307.9088851928711,313.54077086958114,302.276999516161,0.03658150802099977,-0.0026461777950830268,-0.0026496851122341245,0.11666858113425768,5747095.0,0.9048223493782511,1
2024-12-06,308.18109130859375,309.71698055509125,305.9911714926289,306.06054203666247,4302700,308.19576568603514,291.89717956542967,275.7358477783203,308.1626175829918,303.4752459670615,4.687371615930317,5.883833872309482,-1.1964622563791645,52.37920514159057,308.19576568603514,313.2056211731247,303.1859101989456,0.0325108651375386,0.006244338399756577,0.00622492329978311,0.11646045661762902,5650365.0,0.7614906293664214,0
2024-12-09,305.49578857421875,310.1629696761031,304.8418183367571,308.9936796006417,5785300,308.24601593017576,292.56410095214846,275.86628295898436,307.75233619702675,303.6249157898139,4.127420407212867,5.532551179290159,-1.4051307720772925,43.34027292909391,308.24601593017576,313.11765415220964,303.3743777081419,0.03160876683082522,-0.008713392255743857,-0.008751575825468209,0.11916340798050964,5627600.0,1.0280226028857773,1
2024-12-10,309.5386657714844,310.1332143528081,303.8508852128141,304.56430722240617,4539500,308.3475860595703,293.3162322998047,276.0142234802246,308.0271561315587,304.0629713440117,3.9641847875469693,5.218877900941521,-1.254693113394552,50.80920604708723,308.3475860595703,313.23903807213395,303.4561340470066,0.031726870802346235,0.013233823013188317,0.013147020954162002,0.12327543940822495,5620870.0,0.8076151912426368,1
2024-12-11,310.9358215332031,312.67979227309525,308.37927189314206,310.19264342109153,4321800,308.5427947998047,294.0438879394531,276.1739770507813,308.47464311642705,304.57207135802594,3.902571758401109,4.95561667243344,-1.0530449140323306,60.774403616925305,308.5427947998047,313.52391865855367,303.56167094105575,0.03228805820587006,0.004513671202389213,0.0045035151378175235,0.12390892393982636,5606140.0,0.7709047579974814,1
2024-12-12,311.3718566894531,312.6798273310243,310.5791151369877,311.95648657439745,3218500,308.7781356811523,294.79213256835936,276.3237925720215,308.92036828150793,305.07575916035387,3.8446091211540647,4.733415162177565,-0.8888060410234999,57.835707351002014,308.7781356811523,313.82997211044903,303.7262992518556,0.03272146467334912,0.001402331690507408,0.0014013493417009723,0.12373602013771834,5564745.0,0.5783733127034573,1
2024-12-13,311.8771667480469,314.06708672221254,311.4808111306398,312.9572486574793,4682200,309.0996841430664,295.5532537841797,276.4908636474609,309.3752603532832,305.57956712981263,3.7956932234705505,4.545870774436162,-0.7501775509656117,58.5704225274984,309.0996841430664,314.0766692169779,304.12269906915486,0.03220310682432099,0.0016228507738826892,0.0016215353745045148,0.12246563174080749,5578065.0,0.8393950231845632,1
2024-12-16,313.0167541503906,314.67154729288836,311.24302709777555,311.8771900850808,6562500,309.4093414306641,296.31600158691407,276.66107131958006,309.93549016822277,306.1304698720777,3.8050202961450736,4.3977006787779445,-0.5926803826328708,55.19237921958546,309.4093414306641,314.55775909161287,304.2609237697153,0.03327900597404875,0.003653962276964018,0.0036473027742543423,0.12218433050644374,5650875.0,1.161324573627978,1
2024-12-17,315.40478515625,315.93988187514907,312.27355459082924,312.94736216870484,8843900,309.7135482788086,297.2084008789063,276.85617492675783,310.7769201663808,306.8174561894238,3.959463976957011,4.310053338413758,-0.35058936145674746,61.982195615875426,309.7135482788086,315.51719710931303,303.9098994483042,0.03747752633204077,0.007629083664678404,0.007600129375780885,0.12180403103914818,5863790.0,1.5082224977361058,0
2024-12-18,306.9622802734375,318.69458154734065,306.74428015517265,315.6029654992168,10479200,309.6109893798828,297.9088067626953,277.01473052978514,310.1900524905434,306.82818389935073,3.3618685911926605,4.120416388969539,-0.7585477977768784,42.472413503883175,309.6109893798828,315.53791450508487,303.6840642546808,0.03828627102076082,-0.026767206079736927,-0.027131971640641347,0.15675064323393084,6143475.0,1.7057447128864365,1
2024-12-19,312.0158996582031,313.98778921505397,308.3991056042829,308.9936238947946,8317100,309.9820816040039,298.67131774902344,277.1933821105957,310.4709520547987,307.2124591407472,3.2584929140514873,3.9480316939859286,-0.6895387799344412,49.732661274052454,309.9820816040039,315.5018045699973,304.46235863801047,0.035613174396607626,0.016463323703042487,0.016329272474231365,0.15829970549869776,6241835.0,1.3324767476230948,1
2024-12-20,314.82012939453125,317.08930822370513,309.43952745320854,310.7178021941834,24387000,310.36902618408203,299.47923095703123,277.3967443847656,311.1400562609114,307.7759902706572,3.3640659902542325,3.8312385532395896,-0.46717256298535714,51.37084297920952,310.36902618408203,316.11298707948515,304.6250652886789,0.03701375079867884,0.008987457816733047,0.008947310983742256,0.1588018812848125,7173330.0,3.3996763009648236,0
2024-12-23,314.3346252441406,315.0778033792705,310.4998309052697,312.7788984236697,7984600,310.7307067871094,300.2701159667969,277.5889108276367,311.63152841217743,308.26181508350777,3.3697133286696612,3.738933508325604,-0.3692201796559429,55.92795508771443,310.7307067871094,316.5190248213151,304.9423887529037,0.037256170103403694,-0.0015421636199831612,-0.0015433539782741352,0.15906891086778502,7276600.0,1.0972981887145095,1
2024-12-24,317.7333984375,318.61531761507683,314.394056408236,315.27597558581283,2684100,311.1003128051758,301.07280029296874,277.7955096435547,312.57027764684244,308.9634138504702,3.606863796372238,3.7125195659349313,-0.10565576956269318,65.00136669090608,311.1003128051758,317.67459820347716,304.52602740687445,0.042264730234575186,0.01081259562391379,0.010754557498895702,0.15927506623012805,6701340.0,0.4005318339317211,1
2024-12-26,317.9910583496094,318.5261550644452,316.55423521828936,316.86141308939995,2856000,311.55067749023436,301.90813110351564,277.98684478759765,313.40424390880656,309.63212825781386,3.7721156509927027,3.7244387829464856,0.04767686804621718,66.77072327346076,311.55067749023436,318.7214789052477,304.37987607522103,0.04603296948528125,0.0008109311560460242,0.0008106025290266928,0.15791472676868687,6490565.0,0.4400233261665202,0
2024-12-27,315.761474609375,318.5756383614361,314.67147415329737,316.36591153866004,3489200,311.7468734741211,302.53607788085935,278.1610221862793,313.7668947858171,310.0861539134851,3.6807408723320236,3.7156992008235936,-0.03495832849156999,60.74738534547361,311.7468734741211,319.16130496192295,304.3324419863193,0.047566998219902436,-0.007011466774588082,-0.007036162611481579,0.15786908560710447,6404810.0,0.5447780652353466,0
2024-12-30,312.4420166015625,314.2256321552965,310.3809490674699,311.8177420857562,3478500,311.7582717895508,303.0408648681641,278.3123461914063,313.56306737285485,310.26066226075005,3.3024051121047933,3.633040383079834,-0.33063527097504064,59.67432347655778,311.7582717895508,319.17642724506567,304.34011633403594,0.04758914920161229,-0.010512549106628577,-0.010568196290405802,0.16274860377105937,6386070.0,0.5447012012082548,1
2024-12-31,313.1653747558594,314.770634736431,312.32310013000483,313.24463378700017,3963800,311.72804870605466,303.5555706787109,278.48388778686524,313.5018838933171,310.47582614927666,3.026057744040429,3.511643855271953,-0.48558611123152406,55.56571325804977,311.72804870605466,319.11656286473607,304.33953454737326,0.047403589053665394,0.0023151756673600588,0.002312499777482269,0.16195763160590065,6304385.0,0.6287369822750356,0
2025-01-02,311.540283203125,316.77225631682643,309.56839346640714,314.8895443318197,5369500,311.7969177246094,304.1123455810547,278.6374026489258,313.20009917174906,310.5546748199321,2.6454243518169847,3.3383999545809595,-0.6929756027639749,50.921189831053965,311.7969177246094,319.149595538844,304.4442399103748,0.047163248872965156,-0.005189244034406015,-0.005202754922362082,0.1575315804693826,6322365.0,0.8492866198012927,1
2025-01-03,312.045654296875,313.04647724468725,309.1720380815693,311.3222833235061,4271300,312.0451385498047,304.71997619628905,278.78211441040037,313.0224922679223,310.66511774415005,2.3573745237722505,3.142194868419218,-0.7848203446469673,51.02469116321639,312.0451385498047,319.0546936605945,305.03558343901483,0.044926545841194515,0.0016221693341034182,0.0016208550385771261,0.15287534834146244,6236840.0,0.6848500202025385,0
2025-01-06,310.1926574707031,312.5212883754562,309.2314791925708,312.1447399431988,6567300,312.2413391113281,305.3109210205078,278.90805389404295,312.5871330683501,310.6301206868577,1.9570123814924045,2.9051583710338553,-0.9481459895414508,47.53912136316216,312.2413391113281,318.77352304663543,305.7091551760208,0.04184060927933897,-0.005938223463958114,-0.005955924824121278,0.15431274853108665,6305200.0,1.041568863794963,0
2025-01-07,308.8351135253906,312.3230852897886,308.48829102063627,310.0440178128232,4958600,312.27404022216797,305.8853967285156,279.0218359375,312.0098992925102,310.49715719341566,1.5127420990945666,2.6266751166459974,-1.1139330175514308,43.92974982545551,312.27404022216797,318.72670432072687,305.82137612360907,0.04132693254916828,-0.004376454157173915,-0.004386058865958015,0.15383953944843476,6337995.0,0.7823609832447012,1
2025-01-08,309.75665283203125,311.1835572709654,307.3883773257462,308.1712000954382,5161600,312.4870834350586,306.5077764892578,279.1752505493164,311.6632459908981,310.4423050184983,1.2209409723997737,2.3455282877967525,-1.1245873153969788,41.43631581772315,312.4870834350586,318.2409827446777,306.7331841254395,0.03682647773065399,0.002983920112325178,0.002979477058989995,0.15046652445159256,6306810.0,0.8184169175859111,0
2025-01-10,304.9111022949219,309.01345992069463,303.20674597658063,308.36937828225047,6660100,312.25570526123045,306.9845843505859,279.31453582763675,310.6244546530556,310.0325862982334,0.5918683548221679,1.9947963012018357,-1.4029279463796678,46.50926061535234,312.25570526123045,318.8234342341021,305.6879762883588,0.042066350508325405,-0.01564308786528934,-0.015766732111223262,0.15353655583989587,6412840.0,1.0385570199786678,0
2025-01-13,304.12835693359375,304.12835693359375,301.0763547966196,302.2258073978178,9568400,311.91533203125,307.4914306640625,279.45291244506836,309.62505500390756,309.5952359749268,0.029819028980739404,1.6018008467576166,-1.5719818177768772,34.29364900915792,311.91533203125,319.4111016790291,304.41956238347086,0.04806284833108586,-0.0025671264687864292,-0.0025704271880591214,0.15239556484549227,6675170.0,1.4334316579203226,1
2025-01-14,306.278564453125,307.33883916631174,304.72283765788785,305.94166066613013,5107600,311.6606674194336,307.8774981689453,279.6098231506348,309.1102103037872,309.3495566029415,-0.23934629915430605,1.2335714175752321,-1.4729177167295382,32.53643208868989,311.6606674194336,319.5689159367079,303.75241890215926,0.050749095692793296,0.007070065880113718,0.007045190144246353,0.15491832154563928,6769625.0,0.75448787783666,1
2025-01-15,313.4031982421875,314.3049247478721,310.2818558702013,310.82684111737416,5222000,311.7369689941406,308.4121905517578,279.80206161499024,309.77066998661803,309.6498263539968,0.12084363262124498,1.0110258605844347,-0.8901822279631897,48.50226468610911,311.7369689941406,319.6833680793936,303.7905699088877,0.05098143547679331,0.023261940651262636,0.022995505661417035,0.17685643595805775,6796615.0,0.7683236434607521,1
2025-01-16,314.36431884765625,316.2767564612195,312.87796273017324,312.87796273017324,4606700,311.8043472290039,308.94850158691406,280.0030464172363,310.4773851960085,309.99904802019375,0.4783371758147723,0.9044881236305022,-0.42615094781572993,44.12168753221417,311.8043472290039,319.8189956361849,303.78969882182287,0.05140818900318083,0.0030667223910267882,0.0030620295898127516,0.17672110087890405,6698825.0,0.6876877661380913,1
2025-01-17,316.7127685546875,317.67394675631306,313.82923394981077,314.61205666824657,5805800,311.86974639892577,309.50982482910155,280.2149853515625,311.4366749434976,310.4963606523785,0.9403142911191367,0.9116533571282293,0.02866093399090741,47.92132115977645,311.86974639892577,320.02815444532547,303.71133835252607,0.05231932972404406,0.007470471571455084,0.007442705795254814,0.17663441871766067,6546920.0,0.8867986778515698,1
2025-01-21,320.68634033203125,321.6276812051789,317.0893531439055,317.3965310355639,5653000,312.55594940185546,310.12213623046875,280.4540826416016,312.8597003878874,311.2511739619824,1.6085264259050405,1.0510279708835915,0.557498455021449,57.57866638614577,312.55594940185546,321.2663765154243,303.8455222882866,0.05573675452499424,0.012546294850937167,0.012468242262846069,0.14994144298453344,6305610.0,0.8965032724827574,0
2025-01-22,320.6169738769531,322.77713786526056,319.4477141298874,321.81595954165624,5026500,312.98600311279296,310.45395751953123,280.70741439819335,314.0531270785129,311.9449369186469,2.1081901598660124,1.2624604086800757,0.8457297511859367,63.97832573391206,312.98600311279296,322.4046783504647,303.56732787512124,0.0601859197791503,-0.00021630623557677975,-0.00021632963314464183,0.14032477204689256,6141080.0,0.818504237039739,1
2025-01-23,325.2246398925781,325.5219292790962,320.6268603997117,320.8151346058415,5297100,313.5062286376953,310.9095806884766,280.96831665039065,315.77182135759983,312.92861862041957,2.8432027371802633,1.5786088743801132,1.26459386280015,68.20219481366563,313.5062286376953,324.38727806880235,302.62517920658826,0.069415204146912,0.014371247909642282,0.014268960361471954,0.14539664725393012,5186585.0,1.0213078547830605,1
2025-01-24,327.1965637207031,328.07845269289544,324.82828827763444,325.03636968275924,4327500,314.1493255615234,311.3636962890625,281.236024017334,317.5294740288465,313.9855034426628,3.5439705861837183,1.9716812167408344,1.5722893694428839,73.38665047459367,314.1493255615234,326.6380947066322,301.66055641641464,0.07950848930065886,0.006063267004542849,0.006044959366618881,0.14567643291455631,5003730.0,0.8648548183055441,1
2025-01-27,331.4970703125,332.4384110755195,325.066082058218,326.9983571738793,6636500,314.83750915527344,311.84349243164064,281.53035736083984,319.6783349955624,315.28265654413224,4.395678451430172,2.456480663678702,1.9391977877514694,76.09679722762678,314.83750915527344,329.4876837294067,300.1873345811402,0.09306498843444976,0.013143495588382237,0.01305786931982744,0.1477567509984577,5201350.0,1.2759187518624973,0
2025-01-28,331.4376220703125,334.75712669159793,329.86208814295765,331.6258962729518,5999600,315.5098373413086,312.33161193847656,281.83542785644534,321.4874560839855,316.47932065718265,5.0081354268028235,2.9668116163035263,2.0413238104992972,79.94418545432335,315.5098373413086,331.900203857078,299.11947082553917,0.10389765754301242,-0.00017933263220537565,-0.00017934871422457848,0.14791870837505053,5358530.0,1.119635422401293,1
2025-01-29,332.8249206542969,334.04371351474384,331.45746796599275,331.45746796599275,5087300,316.3630096435547,312.8548095703125,282.1415235900879,323.23168140249487,317.690105842154,5.541575560340846,3.48176440511099,2.0598111552298555,83.78462707453008,316.3630096435547,334.4926612688001,298.2333580183093,0.11461296720923239,0.004185700390072489,0.004176964714325181,0.1440459366733866,5438435.0,0.9354345505646385,1
2025-01-30,339.9296569824219,341.30702826782493,335.9165072659505,336.4218780598746,8081300,317.73739166259764,313.54447875976564,282.48176376342775,325.80060072248364,319.3374800006924,6.463120721791256,4.078035668447043,2.3850850533442127,86.18974866161008,317.73739166259764,338.5800828461653,296.89470047903,0.13119445007404287,0.021346767886725182,0.02112211705981154,0.14964766699768708,5668575.0,1.4256316622784386,0
2025-01-31,338.6910705566406,348.0551280916906,338.60189280030664,343.31860684640577,8624100,319.01367645263673,314.1818280029297,282.83886520385744,327.78374992773854,320.771079301133,7.012670626605541,4.664962660078743,2.347707966526798,94.35364565552237,319.01367645263673,341.7203167900865,296.307036115187,0.1423552782435079,-0.0036436550925749156,-0.003650309372643589,0.15215228388395713,5901590.0,1.4613180515759312,1
2025-02-03,342.67449951171875,342.85285501106176,336.1543329068791,336.90742977965607,8004500,320.5703872680664,314.8489050292969,283.2155387878418,330.0746344791201,322.39355487228755,7.681079606832554,5.268186049429506,2.4128935574030486,96.68757309487586,320.5703872680664,345.2987033114918,295.84207122464096,0.15427698268803092,0.011761245870850257,0.011692619978533028,0.15050817463816457,6033340.0,1.3267112412030484,0
2025-02-04,342.0105895996094,342.8627829638602,339.42434406949366,341.46560436805163,5532600,322.0686340332031,315.50884765625,283.582292175293,331.9109352668877,323.8466685557929,8.064266711094774,5.82740218176256,2.2368645293322142,94.89551691691123,322.0686340332031,348.21273673759424,295.924531328812,0.16235112607516963,-0.0019374360013814096,-0.0019393152581966397,0.15203281692677506,6096405.0,0.9075184473472481,1
2025-02-05,346.26153564453125,346.301180276247,342.1096449921182,342.8528230768223,4939100,323.87207794189453,316.342197265625,283.9768026733398,334.1187199403713,325.50702908088465,8.611690859486657,6.3842599173073795,2.2274309421792777,94.4982170989878,323.87207794189453,351.50082527034044,296.2433306134486,0.1706151855017446,0.012429281940943504,0.012352672562682788,0.14903548698640096,6014995.0,0.8211311896352366,0
2025-02-06,344.31939697265625,347.46054630363625,343.44739645175457,346.59846450137985,4294500,325.6462921142578,317.08696044921874,284.36943481445314,335.6880548684151,326.9005378136085,8.787517054806642,6.864911344807233,1.9226057099994094,89.51651083921377,325.6462921142578,353.7623198079905,297.5302644205251,0.17267832230601765,-0.0056088778912734005,-0.005624666712932601,0.15018472083937243,5981790.0,0.7179289142547632,1
2025-02-07,344.8544616699219,347.55964096640815,344.0518317037109,344.83465447272994,4261200,327.4011825561523,317.8420294189453,284.7521806335449,337.0982712994162,328.2304580992613,8.867813200154899,7.265491715876767,1.6023214842781321,88.98973490361092,327.4011825561523,355.72193055755065,299.080434554754,0.173003333587783,0.0015539777949487021,0.0015527716208719093,0.15058708704568113,5936770.0,0.7177640366731405,1
2025-02-10,348.0353088378906,348.69919774760405,344.5374180628401,345.5283223077836,6067000,329.5573928833008,318.59591003417967,285.1420623779297,338.7808924591815,329.6974840799005,9.083408379280968,7.629075048557608,1.45433333072336,88.74245077059422,329.5573928833008,357.2275791673065,301.8872065992951,0.16792332310872451,0.009223737899651363,0.009181459009973927,0.12873067661087706,5907115.0,1.0270665121637212,1
2025-02-11,348.1146545410156,349.504248490428,343.67785901944006,345.71261834277146,5154800,331.7567077636719,319.37852783203124,285.5278579711914,340.21685585638676,331.061718928872,9.155136927514775,7.934287424349042,1.2208495031657325,88.9421057271921,331.7567077636719,357.8649142361727,305.6485012911711,0.1573936915910021,0.00022798176251126456,0.00022795577861840647,0.12643324868320618,5686435.0,0.9065082076907588,1
2025-02-12,348.8789367675781,349.2164074329278,344.90865088222534,346.5662585673462,6760100,333.88672637939453,320.11935546875,285.91678527832033,341.54948368887773,332.3815128428502,9.167970846027515,8.181024108684737,0.9869467373427785,87.59129822437684,333.88672637939453,358.1270927488421,309.646360009947,0.1452011383160125,0.002195489953073615,0.002193083386757675,0.12747832562168,5769060.0,1.1717853515130714,1
2025-02-13,352.9881896972656,353.43482867534993,348.12459564923915,350.49682566406943,4279200,335.86597595214846,320.9348382568359,286.3294117736816,343.3092846132451,333.9079333505847,9.401351262660398,8.425089539479869,0.9762617231805297,88.3806328440197,335.86597595214846,359.52148767977434,312.2104642245226,0.14086280493619355,0.011778449475225994,0.011709623454586123,0.11325007885424915,5721920.0,0.7478608578938538,0
2025-02-14,351.1817321777344,352.7896932169901,350.596118607319,351.79712168254787,5720300,337.7068466186523,321.683076171875,286.7462077331543,344.5204303923973,335.1874740044476,9.332956387949707,8.606662909173837,0.7262934787758706,81.64152292859715,337.7068466186523,360.0085831619037,315.40511007540096,0.1320774912712095,-0.0051176146178729676,-0.005130754456485747,0.11959925669897227,5777600.0,0.9900823871503739,1
2025-02-18,354.0800476074219,354.0899527247787,349.7821959826771,351.06262171904,5822000,339.57521057128906,322.5614190673828,287.1934066772461,345.99114073317037,336.5869239009642,9.404216832206146,8.7661736937803,0.6380431384258465,83.35201839077153,339.57521057128906,360.7014482899195,318.44897285265864,0.12442744382364308,0.008253035861844449,0.008219165787729204,0.11979544234409585,5778410.0,1.007543597633259,0
2025-02-19,352.5911865234375,354.49690684959194,351.54896826896316,353.3752962027272,4152300,341.1704528808594,323.4716180419922,287.6395162963867,347.00653239321144,337.7724248359622,9.234107557249217,8.859760466474082,0.37434709077513517,79.0286162464986,341.1704528808594,361.0741175591935,321.2667882025253,0.11667871300264503,-0.004204871452217818,-0.0042137367846325526,0.12168950183395222,5703375.0,0.7280426063515024,0
2025-02-20,347.8863830566406,353.4845009804059,346.4670130499755,352.5911926687716,5697000,342.53392333984374,324.3039727783203,288.06067306518554,347.141894033739,338.52160692638284,8.620287107356148,8.811865794650496,-0.19157868729434746,62.571360792451955,342.53392333984374,360.10913049647235,324.95871618321513,0.10261878289462986,-0.013343508421711836,-0.013433332974888612,0.13682050633147003,5736900.0,0.9930450243162684,0
2025-02-21,345.9409484863281,350.6953745187834,344.89876051321,347.88638017189214,6924100,343.5697387695312,325.059169921875,288.46776748657226,346.9571331802912,339.0711877826751,7.885945397616069,8.626681715243611,-0.7407363176275421,61.20430582202829,343.5697387695312,359.1818515510991,327.95762598796335,0.09088176879303435,-0.005592154982380415,-0.005607849619631771,0.1353344850437893,5818250.0,1.1900657414170928,1
2025-02-24,347.26104736328125,348.19406698825713,344.77961863534074,346.16924295568987,5055900,344.57296295166014,325.89447509765625,288.86087127685545,347.0038892084435,339.67784404790524,7.3260451605382855,8.366554404302546,-1.0405092437642605,57.72412460400833,344.57296295166014,358.20860922324863,330.93731668007166,0.0791451897721959,0.0038159659408036894,0.0038087036121091686,0.13492221418291855,5854670.0,0.8635670328131219,1
2025-02-25,349.4744873046875,349.97077304262325,343.42973065153546,348.75983463042496,6191900,345.47183380126955,326.6931915283203,289.2463726806641,347.38398122325026,340.4035213261854,6.980459897064861,8.08933550285501,-1.108875605790148,61.946331213140446,345.47183380126955,357.784071021509,333.1595965810301,0.07127780626725132,0.006373994314112341,0.006353766322255528,0.13024027598228835,5832440.0,1.0616311526565212,0
2025-02-26,348.02532958984375,349.21639714583705,346.39749788518003,347.4000047347809,5960600,346.3012191772461,327.43498168945314,289.62103225708006,347.4826502027262,340.968099716086,6.514550486640189,7.7743784996120455,-1.2598280129718562,53.101176167582416,346.3012191772461,356.72247044357334,335.8799679109188,0.06018605011606032,-0.0041466767031274054,-0.004155298008398651,0.13214134111826017,5830490.0,1.022315448615811,1
2025-02-27,353.0973815917969,357.63344069207915,349.06754365801817,349.28591060328654,7298100,347.3148422241211,328.2694921875,290.014401550293,348.34645503181395,341.8665650402127,6.479889991601226,7.515480798009882,-1.0355908064086563,63.90355384420548,347.3148422241211,356.01923117577377,338.6104532724684,0.05012391002879032,0.014573801303286338,0.01446862411717154,0.13889467295230437,5941030.0,1.2284233541995244,1
2025-02-28,360.015625,361.29605080435203,351.0824808867056,352.0750524548494,15857300,348.319140625,329.23226135253907,290.431524810791,350.1417119499964,343.2109398520488,6.930772097947624,7.398539057997431,-0.4677669600498069,69.97487063402396,348.319140625,358.01435870683974,338.62392254316023,0.055668592110346395,0.01959301815554393,0.01940354586548758,0.1359295406018621,6329830.0,2.5051699650701518,0
2025-03-03,359.13226318359375,363.8172023420342,356.8692011497384,360.30349040048355,9099600,349.34120025634763,330.1545715332031,290.85088150024416,351.52487367824216,344.39029713586694,7.134576542375214,7.3457465548729886,-0.21117001249777445,65.56239466361261,349.34120025634763,359.0725248622829,339.6098756504124,0.055712435858091554,-0.002453676326982346,-0.0024566915239626033,0.13523252034504282,6353605.0,1.4321947933496022,0
2025-03-04,349.6134948730469,357.59374848338234,347.7970719377436,357.43493339733703,8955800,349.6881500244141,330.83874572753905,291.23077224731446,351.2308154005198,344.77720067195435,6.453614728565469,7.167320189611486,-0.7137054610460165,51.6619608119156,349.6881500244141,358.89959011975213,340.47670992907604,0.05268374175501764,-0.02650490999100441,-0.026862497830269512,0.16677258245683094,6401170.0,1.3990879792287971,1
2025-03-05,350.06011962890625,351.47948964577205,346.3479118029868,348.2238562418129,8244200,350.0906265258789,331.7007025146484,291.59437408447263,351.0507083587331,345.1685280020989,5.882180356634194,6.910292223016027,-1.028111866381833,51.31902427986148,350.0906265258789,358.5634209647754,341.61783208698245,0.04840343497897198,0.0012774814542599877,0.001276666169094251,0.16639738852176073,6536750.0,1.261207786744177,0
2025-03-06,341.6034240722656,346.2784275336947,337.8614402796064,343.3900407238917,8611100,349.85772094726565,332.2924530029297,291.92131866455077,349.5972800069689,344.9044462295187,4.692833777450176,6.466800533902857,-1.7739667564526815,38.411818791779524,349.85772094726565,359.0030957916226,340.71234610290867,0.052280537468747015,-0.0241578377040077,-0.024454424605989688,0.18349966916584334,6720350.0,1.2813469536556876,1
2025-03-07,342.7547912597656,343.81685001477626,336.62070677393535,338.3378360507605,6358700,349.7794906616211,332.85114624023436,292.2527366638184,348.5445894304761,344.74521252805556,3.7993769024205335,5.933315807606393,-2.1339389051858593,41.30655709009214,349.7794906616211,359.1483766045374,340.41060471870475,0.05357024178401504,0.0033704790595319167,0.0033648117258359,0.18302493191458372,6823560.0,0.9318742709084408,0
2025-03-10,338.9433288574219,342.44710506283326,335.13185790834467,337.41476025635785,8204300,349.4839340209961,333.3433203125,292.5727963256836,347.067472419237,344.3154433672679,2.752029051969089,5.297058456478932,-2.545029404509843,34.67334447399908,349.4839340209961,359.8290882960065,339.13877974598574,0.05920245978682878,-0.011120084969009625,-0.011182375327062998,0.1869343337420375,7020715.0,1.1685846811898788,0
2025-03-11,329.6726989746094,337.0871786950584,327.1316881716332,335.89611111863024,9776100,348.56580352783203,333.5821063232422,292.8592851257324,344.3913534277558,343.2307956344784,1.1605577932774054,4.469758323838627,-3.3092005305612213,29.953088187480688,348.56580352783203,362.1914973505749,334.9401097050892,0.07818147210562422,-0.027351563206934326,-0.027732580902440455,0.20512693692125678,7206170.0,1.3566291108869206,1
2025-03-12,330.36749267578125,333.662837308143,326.66519009566895,333.47424630087136,6295400,347.67844543457034,333.82963500976564,293.1510740661621,342.2338363889905,342.27795837827864,-0.04412198928815769,3.56698226121327,-3.6111042505014277,33.520048642438454,347.67844543457034,363.55368051754687,331.8032103515938,0.09132136484983273,0.0021075257469997943,0.002105308029996489,0.20558184998483803,7263200.0,0.8667529463597312,0
2025-03-13,326.109375,333.7025716918127,325.26571340391433,328.5312520376789,7915300,346.5399673461914,334.0365930175781,293.42823486328126,339.7531500214535,341.0802855354432,-1.327135513989674,2.588158706172681,-3.9152942201623553,32.12238324572992,346.5399673461914,365.0927123283985,327.98722236398436,0.10707420055634145,-0.012889033485991686,-0.012972817789182507,0.2079399452489216,7320960.0,1.0811833420753563,1
2025-03-14,329.335205078125,330.29800062574157,323.95548461728515,324.7793056180254,7810600,345.35731811523436,334.37445678710935,293.72024154663086,338.15038926094144,340.21027957564183,-2.0598903147003966,1.6585489019980657,-3.7184392166984623,34.37713772621997,345.35731811523436,365.153233347383,325.56140288308575,0.11464019549482007,0.009891865507163144,0.009843261267130607,0.206227869353285,7497530.0,1.041756418447142,1
2025-03-17,332.0647888183594,333.61319796124707,327.31039306247374,327.5783764672847,6149400,344.40147094726564,334.75244506835935,294.0432186889648,337.2141430390057,339.60690988991723,-2.392766850911528,0.8482857514161471,-3.241052602327675,34.962260739095896,344.40147094726564,364.84866297782395,323.9542789167073,0.11874044541284298,0.008288162632315244,0.008254004421822649,0.21018295773970888,7518985.0,0.8178497496670096,1
2025-03-18,332.28314208984375,333.30548949840875,329.8314893326802,332.79929864348503,7778300,343.3116256713867,335.16730224609375,294.3777503967285,336.4555275083654,339.0644085713933,-2.6088810630279227,0.1568523885273332,-2.765733451555256,36.10719095071371,343.3116256713867,363.9097358954467,322.7135154473267,0.11999657852412049,0.000657562255430344,0.0006573461560977811,0.20662710881155127,7616800.0,1.0212031299233273,1
2025-03-19,337.34527587890625,338.49666247094683,332.015171691123,334.29807405874635,5614900,342.54933013916013,335.67329467773436,294.72555099487306,336.59241187306395,338.9370654089868,-2.3446535359228733,-0.34344879636270814,-2.001204739560165,36.09600387894461,342.54933013916013,362.8274250277845,322.27123525053577,0.11839518051538107,0.015234398462783849,0.01511952027858851,0.21652159871654697,7689930.0,0.7301626932884955,0
2025-03-20,336.9780578613281,339.6976943495128,335.15172975406944,336.4817720618269,5432700,342.00391387939453,336.20900268554686,295.0657907104492,336.65174202510457,338.79195373878986,-2.1402117136852894,-0.7028013798272243,-1.437410333858065,27.00609377579559,342.00391387939453,362.26437961677357,321.7434481420155,0.11848089986785215,-0.0010885524233928967,-0.001089145326892215,0.2124264394434027,7676715.0,0.7076855139209935,0
2025-03-21,333.16656494140625,336.90854872216164,333.02759038693904,334.8638537841396,17279700,341.3651947021484,336.6956317138672,295.39723815917966,336.1155609353048,338.37525827231696,-2.259697337012142,-1.014180571264208,-1.2455167657479338,25.51471688556859,341.3651947021484,361.9065521754155,320.8238372288813,0.12034828267240352,-0.011310804460420876,-0.011375258084973304,0.2148415594059493,8194495.0,2.1086961429593893,1
2025-03-24,341.3155822753906,342.65555995835115,335.14178587400806,336.1343574479224,5675100,341.0679214477539,337.3268103027344,295.75936264038086,336.91556421839493,338.5930600503224,-1.6774958319274447,-1.1468436233968555,-0.5306522085305891,41.96768712305976,341.0679214477539,361.42124238483484,320.714600510673,0.11935054373149967,0.024459289110891236,0.024164950582614267,0.23366041190088332,8225455.0,0.6899435958253981,1
2025-03-25,342.05999755859375,342.96324129038476,338.13935816971735,342.00044568976176,3931200,340.6971969604492,338.0697882080078,296.11494415283204,337.70701550150244,338.8498702361203,-1.1428547346178561,-1.1460458456410556,0.0031911110231994666,42.300335891781515,340.6971969604492,360.672387257363,320.7220066635354,0.11726066709749117,0.002181017573942734,0.0021786426077156293,0.23243334757429615,8112420.0,0.48459029488118216,0
2025-03-26,341.6232604980469,344.79950149712596,340.4520333673521,343.4198125365693,6187100,340.37709350585936,338.8196862792969,296.45580642700196,338.30951473174,339.05530655181855,-0.745791820078523,-1.065995040528549,0.320203220450026,50.02257671916506,340.37709350585936,360.06088764990204,320.6932993618167,0.1156587474280424,-0.0012767849607203674,-0.0012776007450997452,0.2321360842252505,8123745.0,0.7616068697380334,1
2025-03-27,347.26104736328125,348.23377832935,340.76965162042114,341.4445929646102,7254800,340.0852767944336,339.6393359375,296.8168132019043,339.68667359813094,339.6631392045195,0.02353439361144183,-0.8480891537005508,0.8716235473119927,54.653533743406285,340.0852767944336,359.13797807223006,321.0325755166371,0.11204661052888204,0.016502936178921512,0.016368242600460943,0.2339275558610347,8121580.0,0.8932744613732796,0
2025-03-28,340.30316162109375,349.0080032008069,339.07235230257794,346.5960616066312,5687600,339.09965362548826,340.1773352050781,297.1609454345703,339.781517909356,339.71054827241386,0.07096963694215219,-0.6642773955720103,0.7352470325141625,51.31858746994198,339.09965362548826,355.6918230340333,322.5074842169432,0.09786013775684901,-0.020036470531371253,-0.020239922837938188,0.23053601848314853,7613095.0,0.747081180518567,1
2025-03-31,347.85662841796875,349.24622257567796,332.0052590294127,336.82917267295846,9950800,338.535871887207,340.84718139648436,297.54467086791993,341.02384260298874,340.313961616529,0.7098809864597229,-0.38944571916566373,1.0993267056253866,68.23980443019724,338.535871887207,352.87534682312076,324.19639695129325,0.084714655826437,0.022196287454082864,0.02195353542809479,0.24692326957860333,7655655.0,1.2997973393524134,0
2025-04-01,343.77716064453125,347.8467100369184,340.0252414163327,347.8367746283876,7473300,338.2440551757812,341.38846923828123,297.92946731567383,341.4474299939953,340.57049487786253,0.8769351161327563,-0.13616955210597972,1.0131046682387361,62.59561196819336,338.2440551757812,351.8532765757536,324.63483377580883,0.0804698334928598,-0.011727440100798625,-0.011796748936174297,0.2321905282619684,7581530.0,0.9857245173467625,0
2025-04-02,343.75726318359375,345.61339727308604,340.501629980197,340.88874739233717,5682500,337.9289123535156,341.8498876953125,298.30987060546875,341.8027889462412,340.80655178939816,0.9962371568430513,0.09031178968382647,0.9059253671592248,68.01051692649614,337.9289123535156,350.6489056686203,325.20891903841095,0.07528206584346928,-5.7878949550338454e-05,-5.7880624601372754e-05,0.23208502945640117,7453445.0,0.7623991322133591,0
2025-04-03,336.86883544921875,342.179068418752,328.5411465307668,331.4195976476345,8792900,337.69218292236326,342.1749249267578,298.6584474182129,341.0437191774685,340.514869097533,0.5288500799355234,0.17801944773416584,0.3508306322013575,57.153645356398535,337.69218292236326,350.299970844686,325.0843950000405,0.07467029774403357,-0.020038639098357125,-0.02024213574619455,0.2269927398144936,7462535.0,1.1782725307150987,0
2025-04-04,310.8039245605469,332.16405274261683,309.8014176333739,327.548601237895,13201700,336.09463958740236,341.8865106201172,298.87418273925783,336.3914430825575,338.3140583910896,-1.9226153085321016,-0.2421075035190877,-1.680507805013014,36.010971535051084,336.09463958740236,353.27080448506183,318.9184746897429,0.10221028766626768,-0.07737406416332337,-0.08053139657277472,0.3537918438110863,7804685.0,1.6915096509340224,0
2025-04-07,309.9999694824219,319.7867109219751,296.77890849631945,299.8261105791199,12163400,334.64747161865233,341.5425787353516,299.0738070678711,332.3312163748443,336.216718471929,-3.885502097084725,-0.9707864222322152,-2.9147156748525096,35.45044393407005,334.64747161865233,355.3319632287307,313.962980008574,0.12361958995255377,-0.002586695387652327,-0.0025900466645690707,0.3530139042479927,8002640.0,1.519923425269661,0
2025-04-08,305.9800109863281,323.8562337207618,301.6722542325901,319.8462363061084,9569300,333.4628372192383,341.0322375488281,299.2375387573242,328.277184776611,333.97696236188455,-5.699777585273523,-1.9165846548404768,-3.7831929304330463,29.237826544905516,333.4628372192383,357.747494193011,309.17818024546557,0.14565135459341477,-0.012967609328496055,-0.013052422790774577,0.34408771173372177,7992300.0,1.197314915606271,1
2025-04-09,329.9605407714844,331.54866125033834,303.36957174968546,303.36957174968546,11361800,333.44248962402344,341.00269592285156,299.5290693664551,328.53616262197613,333.67944965148456,-5.1432870295084285,-2.5619251297740675,-2.581361899734361,46.46108812883209,333.44248962402344,357.7387458773651,309.1462333706818,0.14572981554172745,0.0783728639915231,0.07545329764669818,0.45056693075211185,8245620.0,1.3779194287391368,0
2025-04-10,322.1986389160156,327.70742923767034,310.9428810827381,325.58331156384054,8709800,333.24695281982423,340.79017028808596,299.77646072387694,327.56115897490525,332.829019226635,-5.267860251729758,-3.1031121541652054,-2.1647480975645523,44.68084350626805,333.24695281982423,357.8526784627767,308.6412271768718,0.1476726219684653,-0.023523727526087113,-0.023804827502437658,0.4562480302787719,8285345.0,1.0512296108369656,1
2025-04-11,330.92333984375,334.4767628604182,320.144027639236,322.019972067207,6804500,333.3263595581055,340.6100439453125,300.08114608764646,328.07841757011215,332.68785779086573,-4.609440220753584,-3.4043777674828815,-1.2050624532707022,44.98802098557308,333.3263595581055,357.8891450025146,308.76357411369634,0.14737979604716714,0.027078639925628423,0.026718500483865655,0.4652845099665588,8235040.0,0.8262862111173717,1
2025-04-14,332.69012451171875,337.0872092038152,330.66530036126704,333.9109984216604,5011800,333.3576263427734,340.4900250244141,300.3943196105957,328.78791094574393,332.6880256961141,-3.9001147503701645,-3.5035251640603384,-0.3965895863098261,45.525217652881686,333.3576263427734,357.9152415999161,308.80001108563073,0.1473349539145772,0.005338954540961005,0.005324752848865754,0.46475978041031685,8178160.0,0.6128273352441136,1
2025-04-15,333.3154602050781,336.86888342808714,332.51147964770786,334.21870397872834,4386200,333.4092422485352,340.30284423828124,300.7452159118652,329.4844569856415,332.7345023264077,-3.250045340766235,-3.452829199401518,0.20278385863528303,46.03956737405408,333.4092422485352,357.9616874964598,308.8567970006106,0.1472811316347513,0.0018796340717270876,0.0018778697700869904,0.464785461085488,8008555.0,0.5476893147390509,0
2025-04-16,328.86871337890625,334.7149742599511,326.4170604757067,332.51146424051313,5850600,332.9854141235352,340.0400067138672,301.09421157836914,329.3897271999899,332.44814758955573,-3.0584203895658106,-3.3739474374343765,0.3155270478685659,41.1314351100286,332.9854141235352,357.5444241860219,308.42640406104846,0.14750802299932275,-0.013340955812358501,-0.013430745847480885,0.4638889805536802,8020340.0,0.7294703217070598,0
2025-04-17,327.1614990234375,331.8365329043558,326.0002072551973,328.610675317875,5655900,332.4945861816406,339.6580059814453,301.4308711242676,329.04692286513574,332.0565439920655,-3.009621126929744,-3.3010821753334505,0.29146104840370635,43.325262958841094,332.4945861816406,357.1099308787133,307.8792414845679,0.1480646345539319,-0.00519117290887372,-0.005204693860322013,0.4641436016125291,8031500.0,0.7042146547967378,0
2025-04-21,317.7221374511719,326.70489724705635,314.29775372186907,326.55601758292966,6362300,331.7223648071289,339.1260607910156,301.69570709228515,327.3046481860644,330.99473610014746,-3.690087914083051,-3.378883323083371,-0.31120459099968034,34.98219210624693,331.7223648071289,357.2027776896603,306.24195192459746,0.15362493208648342,-0.028852299553711824,-0.02927671057346372,0.4733613726083388,7485630.0,0.8499351423995041,1
2025-04-22,328.9382019042969,330.08958852422495,319.99515293739404,321.45420402020414,5435500,331.1034957885742,338.80773559570315,302.0128726196289,327.55596414271554,330.84240023378817,-3.2864360910726305,-3.360393876681223,0.07395778560859245,43.09596162250717,331.1034957885742,356.20122522074183,306.0057663564066,0.15160051012082187,0.035301488725659524,0.034692677754374644,0.4828530329664087,7473650.0,0.7272885404052906,1
2025-04-23,331.8861389160156,338.7150359152207,330.72484718434157,334.7348143715311,8906000,330.5948028564453,338.4847521972656,302.33801651000977,328.2221448770694,330.9197142102495,-2.69756933318007,-3.2278289679809924,0.5302596348009225,44.62328449971457,330.5948028564453,355.16435327468463,306.025252438206,0.1486384553293065,0.008961978252001401,0.008922058056907144,0.4841194537720778,7722390.0,1.1532699073732355,1
2025-04-24,333.2161560058594,334.26827932908634,328.7892957803454,330.8042146303982,8055200,330.17444763183596,338.1867822265625,302.689354095459,328.9904542814986,331.08982100992426,-2.0993667284256503,-3.002136520069924,0.9027697916442738,48.257898194802294,330.17444763183596,354.2318744571709,306.11702080650105,0.1457255520400559,0.004007449947104558,0.003999441508047812,0.4844523484653672,7815795.0,1.0306309211027158,0
2025-04-25,332.68017578125,333.8712433093349,329.7024615247241,332.2732178646197,4452800,329.4454040527344,337.86280700683596,303.04274948120116,329.5581037429988,331.2076250670595,-1.6495213240606859,-2.7316134808680768,1.082092156807391,63.792220385844544,329.4454040527344,352.1694032990178,306.72140480645095,0.13795305059193355,-0.001608506115171493,-0.001609801150033401,0.480117668198933,7675695.0,0.5801168493537068,1
2025-04-28,335.0028076171875,336.81920008518114,332.53128405109055,334.27821953702613,5422900,329.1803863525391,337.5030993652344,303.4198001098633,330.395750492874,331.4887497004023,-1.092999207528294,-2.4038906262001203,1.3108914186718263,65.46723610041839,329.1803863525391,351.49108626666225,306.8696864384159,0.13555303316418923,0.006981575714522625,0.006957317357054093,0.4759990895104259,7662460.0,0.7077231072005596,1
2025-04-29,338.9830322265625,339.7274609052591,333.96062249755994,335.9854769850612,5519500,328.73670654296876,337.2591253662109,303.81897262573244,331.7168707595953,332.0438817393771,-0.32701097978184634,-1.9885146969164655,1.6615037171346192,70.42634474385355,328.73670654296876,349.8017568376223,307.67165624831523,0.1281575794572861,0.01188116791523508,0.011811140961991602,0.47089762988625294,7440895.0,0.741779046741017,1
2025-04-30,342.9334411621094,343.9458531517072,330.76450530796507,331.95560318233197,9526700,328.6945205688477,337.0361932373047,304.2221537780762,333.4424969753667,332.85051577069066,0.5919812046760171,-1.472415516597969,2.064396721273986,60.676351069654366,328.6945205688477,349.6357619473192,307.75327919037613,0.12742069044674104,0.011653707000020441,0.011586325547152566,0.4710634664547108,7543565.0,1.2628909540780784,0
2025-05-01,339.9061279296875,343.1518258838107,337.5934193334326,343.01285133188384,5849900,328.50196380615233,336.78249206542966,304.59682403564454,334.4369017375699,333.37315370839417,1.0637480291757129,-0.9651828074432327,2.0289308366189456,65.80441001107488,328.50196380615233,348.9244303675158,308.07949724478885,0.12433695266074386,-0.008827699107334386,-0.008866894081215358,0.4721780679837692,7551935.0,0.7746226629334071,1
2025-05-02,345.0178527832031,347.4893460773067,343.5488360869076,344.6406707739598,6113700,328.90941467285154,336.7251214599609,304.9931045532227,336.064740359975,334.2357240102319,1.8290163497431422,-0.4063429760059578,2.2353593257491,63.44697510098719,328.90941467285154,350.33525318409914,307.48357616160393,0.130284130252451,0.015038636945589268,0.014926677725506111,0.4689805582042405,7417975.0,0.8241737131764396,1
2025-05-05,346.0501708984375,348.4422417551538,343.54887112555906,344.4223389642861,3865300,330.6717269897461,336.7273059082031,305.37751998901365,337.6009604428154,335.11086822417303,2.49009221864236,0.1729440629237058,2.3171481557186544,62.92742273642683,330.6717269897461,351.6200242364912,309.723429743001,0.12670147180375466,0.0029920715896492034,0.002987604252294192,0.36461004121816704,6951155.0,0.556065862435811,0
2025-05-06,345.1171569824219,347.05265342534733,343.19156565768407,343.82679572959023,3438500,332.4275863647461,336.68442810058593,305.77479064941406,338.7572983719856,335.85207479885815,2.9052235731274436,0.7193999649644535,2.1858236081629903,61.35194256836093,332.4275863647461,351.91650923547957,312.93866349401264,0.11725213953423126,-0.0026961810583513435,-0.0026998223009399,0.3646429692454172,6514910.0,0.5277893324696734,1
2025-05-07,347.2511291503906,348.5414599239066,344.63072597288647,346.1096780367608,5454000,334.4911422729492,336.6399609375,306.20094207763674,340.06404156866324,336.696449195268,3.3675923733952686,1.2490384466506166,2.118553926744652,68.50522295482655,334.4911422729492,350.6432740353794,318.339010510519,0.0965773362647065,0.0061833268059676705,0.00616428848059187,0.3579679343833775,6309145.0,0.864459447357764,1
2025-05-08,348.66058349609375,352.69042140438404,348.34298363388575,349.38517160328274,4156400,335.4261444091797,336.652666015625,306.6230366516113,341.38658648057566,337.5826813656995,3.8039051148761587,1.760011780295725,2.0438933345804338,71.77324341531862,335.4261444091797,352.606280411048,318.2460084073114,0.10243766795298205,0.00405889060505471,0.004050675530472847,0.23707570136576978,5948875.0,0.6986867264818979,1
2025-05-09,349.9211730957031,351.17179261651313,348.06506919478625,349.21642550515,3086600,336.81227111816406,336.5891418457031,307.0658447265625,342.69959980597986,338.49664371607014,4.202956089909719,2.248600642218524,1.9543554476911953,89.0844204337338,336.81227111816406,353.9722496909458,319.65229254538235,0.10189639775185902,0.003615520822483509,0.003609000538496889,0.215609156100373,5667715.0,0.5445933678740021,1
2025-05-12,353.2065734863281,359.2017138134001,348.5216348059256,356.4721421949445,7985400,337.92643280029296,336.45296081542966,307.5774921417236,344.3160572952642,339.5862681434966,4.729789151767591,2.7448383441283375,1.9849508076392532,86.48173770708398,337.92643280029296,356.32537224594466,319.52749335464125,0.10889316525603117,0.009388972840824517,0.009345170395187176,0.19926175480604738,5726760.0,1.3944010225677346,1
2025-05-13,354.0815124511719,356.7957135338314,352.53050139384237,353.46507058705555,5406200,338.9960021972656,336.35194580078127,308.0956362915039,345.8184350115577,340.65998994406516,5.158445067492551,3.22755968880118,1.9308853786913707,85.58320808479326,338.9960021972656,358.56322893553255,319.4287754589987,0.11544222711441024,0.0024771310347020403,0.0024740680029317307,0.1991395654498056,5746480.0,0.9407846194539962,1
2025-05-14,354.3996276855469,356.3383686851556,353.15685277328083,354.60843571646035,6207600,340.0502105712891,336.4476684570312,308.5871415710449,347.13861849986375,341.67774088787866,5.460877611985097,3.674223273437964,1.7866543385471334,85.09976638585775,340.0502105712891,360.57715684361517,319.523264298963,0.12072891375565115,0.0008984237334868084,0.0008980203924470592,0.19925596565421141,5837550.0,1.063391319988694,1
2025-05-15,360.2059020996094,361.62765979141955,354.6183904264411,354.8271984768698,5826100,341.61707000732423,336.6505841064453,309.0971168518066,349.14896982290156,343.0501972739328,6.098772548968782,4.159133128544128,1.9396394204246539,88.82727353343545,341.61707000732423,363.3017179223514,319.9324220922971,0.12695295299243814,0.016383410027773326,0.016250650043937602,0.19451421051826398,5836325.0,0.9982480413616446,1
2025-05-16,363.00958251953125,364.0734051456595,358.80405155830886,360.8521422236704,5838100,343.4094741821289,337.0787072753906,309.6137074279785,351.2813717762292,344.5286702550882,6.752701521141034,4.677846807063509,2.0748547140775253,88.97687021668776,343.4094741821289,365.97160170308484,320.847346661173,0.13140072838520458,0.007783549363237663,0.00775341381622784,0.19124830034922077,5845435.0,0.9987451746533834,1
2025-05-19,365.77349853515625,367.01627342168587,360.22576479180896,360.9217005235553,5081500,345.8120422363281,337.5390814208984,310.13143432617187,353.5109297391411,346.1023612387969,7.408568500344188,5.223991145719645,2.184577354624543,88.59060992743187,345.8120422363281,367.05177285025815,324.5723116223981,0.12283973962604101,0.007613892714461112,0.007585053327487321,0.14252524186288693,5781395.0,0.8789401173938124,0
2025-05-20,364.7196350097656,366.1214887501993,362.58206823126,365.65420417005475,5281400,347.6011138916016,338.05460754394534,310.64260879516604,355.23534593462176,347.48141855516496,7.7539273794567976,5.729978392467076,2.023948986989722,84.23932853717027,347.6011138916016,368.88418981099045,326.3180379722127,0.12245689135522121,-0.002881191583346321,-0.002885350205595407,0.10061777544844487,5773690.0,0.9147356370016402,0
2025-05-21,356.22900390625,363.87455791983723,356.01027429871647,361.6176895057481,6125500,348.8182571411133,338.58573364257813,311.10812225341795,355.38821639179537,348.1293878404305,7.258828551364843,6.035748424246629,1.2230801271182141,71.89350662534117,348.8182571411133,369.0768774850022,328.55963679722436,0.11615573399125939,-0.02327988484439092,-0.023555141721215263,0.1414236067461228,5634665.0,1.0871098814215219,0
2025-05-22,355.9009094238281,357.9191746673327,354.4990556821056,355.69213173413715,4936600,349.9524948120117,339.0964019775391,311.62203826904295,355.46709224287736,348.7050561058674,6.762036137009943,6.181005966799292,0.5810301702106511,66.74612029617609,349.9524948120117,369.0393548182881,330.86563480573534,0.10908257714538935,-0.0009210212498818038,-0.0009214456505612106,0.14230680285842356,5478735.0,0.9010474133171252,0
2025-05-23,351.49652099609375,353.9422935175656,350.1841434124028,351.7052986849405,5345900,350.89331207275393,339.6041448974609,312.10495025634765,354.8562351279876,348.9118312829212,5.944403845066404,6.133685542452715,-0.18928169738631073,57.59256612108898,350.89331207275393,368.16398900500064,333.6226351405072,0.09843833631497557,-0.012375322206578998,-0.01245253418313952,0.15206665892409407,5523390.0,0.9678657491142215,1
2025-05-27,357.22320556640625,357.91917164775055,352.4310886053113,353.3557058501838,6316000,352.0043319702148,340.1619049072266,312.6250830078125,355.22038442620584,349.52748863725344,5.692895788952399,6.045527591752652,-0.3526318028002535,64.88692510284483,352.0043319702148,367.76360294990184,336.2450609905278,0.08954021043707214,0.016292293744711417,0.016160998474871437,0.15890154425227693,5568045.0,1.1343299129227584,1
2025-05-28,357.6507568359375,358.8239291058765,355.9705226776412,357.2629964880913,3299000,352.9377182006836,340.67362426757813,313.1310180664062,355.59428787385684,350.1292122075263,5.465075666330563,5.929437206668235,-0.46436154033767174,63.34874348868054,352.9377182006836,367.6245409608736,338.2508954404936,0.08322614446007695,0.0011968742871935056,0.0011961586041619916,0.15571064286426556,5457020.0,0.6045424059285104,1
2025-05-29,360.3052978515625,360.9416131728053,356.64657577796976,358.2671591242516,4590400,353.8063110351562,341.2340673828125,313.6480003356934,356.3190586396577,350.8829963293067,5.436062310351019,5.830762227404792,-0.3946999170537726,64.48395496610311,353.8063110351562,368.05001489892805,339.5626071713844,0.08051695755283739,0.007422159648449167,0.007394750959084784,0.15319834020051243,5210205.0,0.8810401893975381,1
2025-05-30,363.0791931152344,364.9185061271794,359.2613920730208,359.2613920730208,8726900,354.96496429443357,341.7487457275391,314.17820922851564,357.359079328208,351.78641831344953,5.5726610147584665,5.779141984875527,-0.20648097011706046,65.77247299933128,354.96496429443357,368.18071588550447,341.7492127033627,0.07446228738286857,0.007698735711664906,0.007669251675730864,0.14811214735563624,5354055.0,1.629960842763102,1
2025-06-02,363.2084655761719,363.34764060177986,357.879430482929,360.673186316356,3845700,355.874494934082,342.27335388183593,314.7078776550293,358.2589849048178,352.632495888466,5.6264890163517975,5.7486113911707815,-0.12212237481898391,62.97065532793308,355.874494934082,368.7060497427003,343.0429401254637,0.07211280938239237,0.0003560448061712407,0.0003559814372602415,0.14177068878700702,5240655.0,0.7338204861796855,1
2025-06-03,363.74530029296875,364.759424071339,359.4105158276682,362.47269995679756,5221300,356.7592514038086,342.8849285888672,315.2352355957031,359.10303342607176,353.4556665850958,5.6473668409759625,5.728362481131818,-0.08099564015585514,62.64306458657897,356.7592514038086,369.1719626166778,344.34654019093944,0.06958592476033353,0.0014780347036935648,0.00147694348550747,0.14181848272105216,5308455.0,0.9835818519701118,1
2025-06-04,365.8729553222656,367.5233641421073,364.19272111645273,364.590403043131,4202300,357.79704132080076,343.3760760498047,315.745242767334,360.14455987164007,354.3754657508121,5.769094120827958,5.736508809071046,0.03258531175691193,64.33188422813419,357.79704132080076,369.5653236416256,346.02875899997593,0.06578188728102637,0.005849299022099297,0.0058322582911712415,0.1408789094697886,5346645.0,0.7859695192031638,0
2025-06-05,364.6500244140625,368.8555855440349,363.81488333301803,367.8613656369081,6881900,358.6669860839844,343.82787658691404,316.24626678466797,360.83770826278203,355.1365441703121,5.701164092469924,5.729439865750822,-0.028275773280898697,56.269227424538954,358.6669860839844,369.7023384873742,347.6316336805946,0.061535367522260985,-0.003342501517025087,-0.003348100154337746,0.14204300964934752,5418040.0,1.270182575248614,1
2025-06-06,368.0801086425781,368.85559898474776,365.4255280436987,366.8771110066502,5008500,359.6379623413086,344.35701354980466,316.76894134521484,361.9519237058276,356.09532672381334,5.856596982014253,5.754871289003509,0.10172569301074397,57.028663576301255,359.6379623413086,370.3796484617675,348.8962762208497,0.05973610822688774,0.00940651034927864,0.009362544625118435,0.14408228688505986,5460645.0,0.9171993418359919,0
2025-06-09,364.54071044921875,367.6526239175377,359.95734045158093,367.6526239175377,4999900,360.3689392089844,344.7026068115234,317.266155090332,362.3501985894262,356.720910703473,5.629287885953204,5.729754608393448,-0.10046672244024446,48.32709936688521,360.3689392089844,370.2844512510669,350.45342716690186,0.05502978177779269,-0.009615836635161079,-0.009662367320159031,0.15054189461511766,5556310.0,0.8998597990392905,1
2025-06-10,368.557373046875,369.29308615148983,364.5605891535765,364.8787468414267,4109300,361.13647918701173,345.26769104003904,317.78266082763673,363.3051485059568,357.59768569187315,5.707462814083669,5.7252962495314925,-0.01783343544782312,54.820234443814975,361.13647918701173,371.09403293579203,351.17892543823143,0.0551456544694498,0.011018419843167981,0.010958159301806672,0.15169620133664333,5362505.0,0.7663023158020366,1
2025-06-11,371.1522521972656,373.33954825373667,367.2449750220648,367.8613865449288,5562700,361.9900161743164,345.733603515625,318.31342681884763,364.51239522769663,358.60172765523555,5.9106675724610795,5.762370514117411,0.1482970583436689,72.00233609327096,361.9900161743164,372.3208469832104,351.6591853654224,0.05707798749852367,0.007040638283637213,0.007015968715237745,0.15267927806476236,5370330.0,1.0358208899639314,0
2025-06-12,369.2532653808594,372.0072739266105,367.4139524946883,370.07848489023866,4874000,362.73269805908205,346.24312561035157,318.83717025756835,365.24175986664477,359.39073044972616,5.851029416918607,5.780102294677651,0.07092712224095621,68.81473976806349,362.73269805908205,372.90032546639475,352.56507065176936,0.05606126749376526,-0.005116463136526916,-0.005129597052659319,0.15494055647229504,5303650.0,0.9189897523403694,0
2025-06-13,350.8105163574219,360.9117947171911,343.0058836609573,359.42046478823045,14181700,362.26292877197267,346.38419067382813,319.264892578125,363.02156855753356,358.7551590354814,4.266409522052129,5.477363740152546,-1.210954218100417,49.30737560707469,362.26292877197267,373.709814156129,350.8160433878163,0.06319655959807928,-0.049946068870684424,-0.05123652638907798,0.23304694420222066,5721430.0,2.478698507191384,1
2025-06-16,353.4253234863281,358.137916403319,352.2819462555537,354.4294650172824,7234700,361.7837158203125,346.7153204345703,319.6932765197754,361.5452231619635,358.3603564022108,3.1848667597527083,5.018864344072579,-1.8339975843198708,45.90835832613852,361.7837158203125,373.8828763222551,349.68455531837,0.0668861530956902,0.007453616716102562,0.007425975780014151,0.23288084043878882,5791260.0,1.2492445512720893,1
2025-06-17,355.7716369628906,357.5214736546947,351.2777740439734,351.44677443191466,5559600,361.2836227416992,347.6146746826172,320.1409580993652,360.6569791313369,358.1685994067056,2.4883797246313293,4.512767420184329,-2.024387695553,48.05590899475577,361.2836227416992,373.5145229312884,349.05272255211,0.06770802449760481,0.00663878143596941,0.006616841774705685,0.2324148067548401,5815165.0,0.9560519778888475,0
2025-06-18,338.41259765625,356.4079851502761,336.0861265714273,355.78162171567277,15008600,359.96827087402346,348.18292724609375,320.4764761352539,357.23476659670814,356.70519186963486,0.5295747270732818,3.7161288815621196,-3.186554154488838,32.63407766322824,359.96827087402346,375.77799782538256,344.15854392266436,0.08783955826424467,-0.04879264534640604,-0.05002320166153521,0.2872700670635419,6301525.0,2.3817409277912884,0
2025-06-20,336.6130676269531,338.0347949237182,332.98417074968575,336.99087607586944,19332100,358.9874740600586,348.79558837890625,320.7928590393066,354.06219752443815,355.21688637017695,-1.1546888457388036,2.741965336101935,-3.8966541818407388,28.676691152533934,358.9874740600586,377.9027678903711,340.07218022974615,0.10538135838771875,-0.005317562176348933,-0.005331750731467066,0.27785151082925275,6961855.0,2.776860477559501,1
2025-06-23,341.76312255859375,342.30993141821295,333.690061070854,335.5492476029829,7553300,358.28058471679685,349.0316400146484,321.12426116943357,352.17003214507747,354.2203112730226,-2.0502791279451458,1.783516443292519,-3.8337955712376646,34.015081378023964,358.28058471679685,378.6800283149034,337.8811411186903,0.11387412250781763,0.015299628644684926,0.01518376956577375,0.28508414277848276,7092690.0,1.064941510202758,1
2025-06-24,349.5975646972656,352.5106218590836,345.90901719070337,349.4881847257173,10172000,358.18563690185545,349.5796185302734,321.48519256591794,351.7742679223372,353.8778856007443,-2.103617678407147,1.0060896189525859,-3.109707297359733,40.48924115061404,358.18563690185545,378.735156989095,337.6361168146159,0.11474228986390218,0.02292360299150964,0.022664804798156968,0.295184676994176,7333995.0,1.386965766952391,0
2025-06-25,343.264404296875,349.2595496376034,343.264404296875,348.42440848490133,6836300,357.4876968383789,349.8264398193359,321.8237054443359,350.4650581338045,353.0917018004577,-2.6266436666531945,0.2795429618314298,-2.9061866284846243,35.61486581211949,357.4876968383789,379.095773724277,335.87961995248077,0.12088850652483962,-0.018115573562060838,-0.0182816695723121,0.2951052346580321,7360010.0,0.9288438466795561,1
2025-06-26,344.02996826171875,344.904886774484,340.0530879972866,341.79297311297563,8829500,356.806657409668,350.05323669433596,322.1623374938965,349.47504430732977,352.4204622790696,-2.9454179717398574,-0.3654492248828277,-2.5799687468570296,36.80327747183422,356.806657409668,379.2360801099318,334.3772347094042,0.12572311774167047,0.0022302457093152928,0.002227762402923545,0.29526825059468853,7636535.0,1.1562181015342692,1
2025-06-27,346.5950012207031,349.9753733140441,343.66207058124957,344.58668785023735,6601900,356.121142578125,350.31882751464843,322.4829370117188,349.03196075554104,351.9889466451165,-2.956985889575492,-0.8837565578213606,-2.0732293317541313,36.09569312976858,356.121142578125,378.93509993189565,333.3071852243543,0.12812470042418664,0.0074558416289858265,0.007428184229504574,0.29528218419324953,7737110.0,0.8532772572704795,1
2025-06-30,352.9977722167969,353.5545329474738,347.04240457552913,347.33073684929604,7080100,355.6170715332031,350.80140869140627,322.83688568115235,349.6420855957342,352.063674465241,-2.4215888695067633,-1.1913230201584413,-1.230265849348322,42.79682788402832,355.6170715332031,378.2283091255988,333.0058339408074,0.1271662099623614,0.018473350664444776,0.018304791064492783,0.3022590935663443,7654770.0,0.9249265490667911,1
2025-07-01,353.41534423828125,354.9364994508519,349.3887658347658,351.7748874939299,6653400,355.1274154663086,351.3264855957031,323.1997467041016,350.22258692535684,352.1637981521328,-1.9412112267759767,-1.3413006614819483,-0.5999105652940284,40.10646969493948,355.1274154663086,377.4690046724814,332.7858262601358,0.12582294823302573,0.0011829310390885084,0.0011822319274464813,0.302330925146138,7795155.0,0.853530173550109,0
2025-07-02,352.1725769042969,354.30019172926967,347.9769676803324,352.5503853237964,5131400,354.548779296875,352.01549438476565,323.5494209289551,350.52258538365527,352.1644484300709,-1.641863046415608,-1.4014131384686803,-0.24044990794692778,37.375967314885706,354.548779296875,376.54740664607675,332.55015194767327,0.12409365725544685,-0.0035164498492925578,-0.0035226470915235,0.3022661849734801,7790660.0,0.658660498597038,1
2025-07-03,356.7857666015625,356.92497196219716,351.56611171910697,352.5404582199922,3702800,354.0944198608398,352.57244567871095,323.9123696899414,351.4861517248717,352.50676829462583,-1.020616569754111,-1.3252538247257666,0.3046372549716556,41.99641799372385,354.0944198608398,375.47493939831145,332.7139003233682,0.12076168580049489,0.013099230320023691,0.013014177349660597,0.30566135123546817,7765685.0,0.4768156318470296,0
2025-07-07,354.57861328125,357.58114657143045,352.44101614142653,356.8454335264291,5138000,353.5908493041992,353.02629516601564,324.24880447387693,351.9619150412376,352.660238293635,-0.6983232523974152,-1.1998677102600963,0.5015444578626811,53.05597039490781,353.5908493041992,374.3911196172809,332.7905789911175,0.11765163241080889,-0.006186214605296558,-0.006205428512756675,0.306107247654628,7678490.0,0.6691419797382038,0
2025-07-08,352.50067138671875,356.20912272568273,351.20819758727356,354.6183647363144,6966800,352.81187744140624,353.4119854736328,324.56950897216797,352.04480063285007,352.64841852275237,-0.6036178899022957,-1.0806177461885362,0.47699985628624053,49.24350881678377,352.81187744140624,372.4625494409964,333.1612054418161,0.11139461710924775,-0.005860313670083217,-0.0058775526919506585,0.3038672107586062,7776405.0,0.8958895530775468,1
2025-07-09,355.6921691894531,355.6921691894531,351.7053371426281,353.01771486982267,7297100,352.369450378418,353.8722253417969,324.9214016723633,352.6059342569429,352.8738815351006,-0.26794727815774877,-0.9180836525823788,0.65013637442463,49.93587141973387,352.369450378418,371.2932479575506,333.44565279928537,0.10740884352380657,0.009053877231436802,0.009013136607404373,0.3048717963342933,7891265.0,0.9247059882034122,0
2025-07-10,353.822998046875,355.55293103791666,351.4070508681062,354.767488787687,6121300,351.63273162841796,354.2486291503906,325.2799708557129,352.7931748400093,352.9441864618987,-0.15101162188938133,-0.7646692464437793,0.613657624554398,66.58107444290627,351.63273162841796,368.9850068655427,334.2804563912932,0.09869544940691959,-0.0052550247221848645,-0.005268880929057766,0.3017853294533219,7991865.0,0.765941366627189,0
2025-07-11,345.9189758300781,351.7649945975195,342.39945868738437,350.47252066482696,7580200,350.3710678100586,354.3873480224609,325.60134414672854,351.73560576155836,352.42380048917124,-0.6881947276128813,-0.7493743426775997,0.06117961506471847,58.8502376424752,350.3710678100586,365.2391284263253,335.5030071937919,0.08487036734623811,-0.02233891595636117,-0.022592208838803248,0.3082393643384453,8092740.0,0.9366666913801753,1
2025-07-14,348.4740905761719,349.9355951083556,343.015832789593,345.382081112289,5598900,349.33210906982424,354.4981610107422,325.916404876709,351.2338341945758,352.1312293845046,-0.8973951899287727,-0.7789785121278343,-0.11841667780093834,56.713733990749354,349.33210906982424,361.2573477461743,337.4068703934742,0.06827450650387495,0.0073864544145414435,0.007359308154579934,0.3104661800207722,8128985.0,0.6887575755152704,0
2025-07-15,345.01422119140625,348.1857854896148,344.7557446176338,346.10786928409664,4891700,349.04229431152345,354.6003228759766,326.29254638671875,350.27697065562666,351.60404359242324,-1.3270729367965828,-0.888597397061584,-0.43847553973499875,44.97493607712635,349.04229431152345,361.097276891856,336.9873117311909,0.06907462377366425,-0.009928627345135,-0.009978244861346734,0.2577234433357132,7664485.0,0.6382294439874303,1
2025-07-16,347.8775634765625,348.64313227631465,343.8012555074003,345.2826639034013,5544200,348.76490631103513,354.65751708984374,326.69858169555664,349.9078310896168,351.3280080282854,-1.4201769386685896,-0.9949133053829852,-0.42526363328560446,55.474259060752665,348.76490631103513,360.6493423508133,336.88047027125697,0.06815155897124237,0.008299200755460312,0.008264951751301729,0.2580957138024721,7579960.0,0.7314286618926749,0
2025-07-17,347.7881164550781,349.3390973200174,346.46581712656524,347.97702069360685,4747100,348.36573028564453,354.69227600097656,327.0939828491211,349.58172114584164,351.06579383767746,-1.48407269183582,-1.0927451826735521,-0.3913275091622679,54.53237886678567,348.36573028564453,359.78650691083726,336.9449536604518,0.06556773891523829,-0.00025712213397866,-0.00025715519554191216,0.2566648270011825,7539335.0,0.6296443917135928,0
2025-07-18,347.032470703125,347.4798818290788,345.15341072472773,347.4798818290788,4927600,348.7967239379883,354.73058227539065,327.4683966064453,349.1895287700391,350.767029161044,-1.5775003910048895,-1.1896962243398197,-0.3878041666650698,50.55167079088849,348.7967239379883,359.2451917716844,338.3482561042922,0.05991150212496667,-0.002172718722120992,-0.002175082499947259,0.18484867241850475,7035285.0,0.7004122789624017,1
2025-07-21,348.9115905761719,351.6059184454977,346.3862631261223,347.04245200721493,5216300,349.4116500854492,354.76379150390625,327.8532940673828,349.14676904790565,350.6295892658682,-1.4828202179625691,-1.2483210230643695,-0.2344991948981996,44.183512828799905,349.4116500854492,358.1483700558233,340.6749301150751,0.050008177851182306,0.005414824351276382,0.005400216897371166,0.18365703007886608,6329495.0,0.8241257793868231,1
2025-07-22,349.82623291015625,352.4311147839002,348.1758544185435,349.07064634589125,4614200,349.81480560302737,354.7871044921875,328.2296600341797,349.2513019497904,350.5700813876673,-1.3187794378769127,-1.2624127060268782,-0.05636673185003449,44.962357319333975,349.81480560302737,357.77510219107364,341.8545090149811,0.04551149042604952,0.0026214157359290002,0.0026179858185507,0.1767347234412852,6182540.0,0.7463275611641818,1
2025-07-23,353.2364196777344,353.72357775115313,349.17998523156797,350.95964746352973,4385600,349.99674835205076,354.8534094238281,328.6260440063477,349.8643969848587,350.76758792767225,-0.9031909428135805,-1.1905683533842188,0.28737741057063837,51.40755898746199,349.99674835205076,358.1011748799304,341.8923218241711,0.046311438983585355,0.009748230540657987,0.009701023086151334,0.16074527516467488,5893220.0,0.7441772070277369,0
2025-07-24,351.9240417480469,355.11547933584245,351.8146617746286,352.7691347853894,5887200,350.4297302246094,354.8277587890625,329.01655868530275,350.18126540996457,350.8532511736259,-0.6719857636613256,-1.0868518354396401,0.4148660717783146,42.95188350603857,350.4297302246094,357.9218840391747,342.9375764100441,0.04275980699333465,-0.0037152962055407857,-0.003722215060869182,0.1459982713516837,5845765.0,1.0070880372372135,1
2025-07-25,354.9762878417969,355.5827474277071,350.96958278789594,351.9538507970478,3915400,350.97704620361327,354.845654296875,329.4170433044434,350.918961168708,351.1586612971941,-0.23970012848610622,-0.9174214940489334,0.6777213655628271,50.56272644438591,350.97704620361327,358.0904418555179,343.86365055170864,0.0405348197487417,0.008673025231777709,0.008635630609226806,0.1483231637628549,5600060.0,0.6991710803098539,0
2025-07-28,353.41534423828125,356.24887698280617,352.6796312315113,354.32008797586263,3921000,351.3180633544922,354.8259686279297,329.83019592285154,351.3030201024885,351.3258229965339,-0.022802894045355515,-0.7384977740482178,0.7156948800028623,51.31351980534734,351.3180633544922,358.19700167844115,344.43912503054327,0.039160743733281114,-0.004397317953280577,-0.004407014592449765,0.14809329525749382,5466015.0,0.7173416099297203,0
2025-07-29,349.2595520019531,356.2489173824306,348.78231547952714,354.23065199777454,7402300,351.13115234375,354.60704162597654,330.2167837524414,350.98864039471385,351.17276588582416,-0.18412549111030785,-0.6276233174606358,0.443497826350328,41.011358616019415,351.13115234375,358.0210587187152,344.24124596878477,0.039244062106002765,-0.011758946814505511,-0.011828630035804451,0.13945664164054963,5482125.0,1.3502610757689764,0
2025-07-30,348.8817443847656,354.5587320980825,345.2230220609473,349.66718668152214,12129700,350.9044723510742,354.32448486328127,330.59174072265625,350.6645025470295,351.00306058944943,-0.33855804241994747,-0.5698102624524982,0.23125222003255075,42.79502293008482,350.9044723510742,357.7762448794504,344.032699822698,0.039166058399512794,-0.0010817388243841153,-0.0010823243261042516,0.13932679086168548,5755940.0,2.107336073690831,0
2025-07-31,343.4731750488281,350.78069791357024,343.09536660475925,346.9131676575012,8641700,350.4695022583008,353.8784783935547,330.9369842529297,349.5581444703831,350.44529129014416,-0.8871468197610284,-0.6332775739142043,-0.25386924584682413,46.153809237691746,350.4695022583008,358.06635873827923,342.87264577832235,0.0433524539569178,-0.015502586257344131,-0.015624007881871148,0.14881768401077897,5931455.0,1.4569275160984951,0
2025-08-01,337.3885498046875,344.1691372200112,336.14577485354397,342.111094619033,8658700,349.49964141845703,353.3318566894531,331.24997512817384,347.68589913719916,349.4781252541844,-1.7922261169852618,-0.8650672825284158,-0.927158834456846,34.30904254537947,349.49964141845703,358.52051318936554,340.4787696475485,0.05162163677362859,-0.017714994026172937,-0.01787378262037049,0.1497201138262112,6179250.0,1.4012541975158797,1
2025-08-04,340.17236328125,342.3894847802844,338.0347963724263,339.7249824907629,7335300,348.77932891845705,353.01072387695314,331.56284103393557,346.52997054397616,348.7888095524856,-2.258839008509426,-1.143821627724618,-1.115017380784808,43.01290158927006,348.77932891845705,358.37496132373417,339.18369651317994,0.055024088927704363,0.008251060915297925,0.008217207005151295,0.15403217903826608,6289115.0,1.1663485243949268,0
2025-08-05,335.4796447753906,340.4805701238393,333.6105063349677,340.17236435347024,7295600,347.92827758789065,352.60229858398435,331.8591166687012,344.8299204257322,347.802945494923,-2.9730250691907827,-1.509662316017851,-1.4633627531729316,33.00627703798766,347.92827758789065,359.03455089497896,336.82200428080233,0.06384231476720224,-0.013795119805130929,-0.013891156720407475,0.15914179282818808,6305555.0,1.1570115556838374,1
2025-08-06,337.7762756347656,339.4565097752272,333.49119008351096,336.34459648145895,5944100,347.03248291015626,352.3278936767578,332.12617736816406,343.74474430404507,347.06022920898545,-3.3154849049403765,-1.8708268338023564,-1.4446580711380201,37.05982957225824,347.03248291015626,358.3893299144789,335.67563590583364,0.06545120450446598,0.006845812838846443,0.006822486659394966,0.15721097417452728,6237905.0,0.9529000521809806,0
2025-08-07,330.1705017089844,340.1723520439536,326.80011183390815,339.4565124616352,8797100,345.84985809326173,351.7868395996094,332.34101654052733,341.65639928942034,345.80913828305944,-4.152738993639105,-2.327209265769706,-1.8255297278693985,31.484707113938143,345.84985809326173,359.01191409154325,332.6878020949802,0.07611427728116772,-0.022517193996198004,-0.022774577043249426,0.17238291313350798,6371695.0,1.3806530287466678,1
2025-08-08,334.8333740234375,335.42991202689075,330.8067955971987,331.751286289915,6073900,345.2955780029297,351.3304919433594,332.57803298950193,340.60670309465377,344.9961187082726,-4.389415613618837,-2.7396505353395324,-1.6497650782793047,35.43200761439434,345.2955780029297,359.3488771219595,331.24227888389987,0.08139866256214019,0.014122619344604681,0.014023824233336467,0.16776903419170672,6296380.0,0.9646654109186549,0
2025-08-11,333.95849609375,335.90715882250316,332.57654605394436,334.78371569509886,5715800,344.5697982788086,350.8035559082031,332.82931777954104,339.58390201759164,344.17851703312283,-4.59461501553119,-3.1106434313778637,-1.483971584153326,33.566706742165366,344.5697982788086,359.4092452573726,329.7303513002446,0.08613318435155873,-0.0026128755302219364,-0.0026162950473039384,0.16440673295004193,6302225.0,0.9069495297295797,1
2025-08-12,335.3827209472656,337.2850261197865,333.46050732909305,333.84894997860204,5682800,344.0882232666016,350.24962646484374,333.09791076660156,338.9375664683107,343.5269765823186,-4.589410114007876,-3.4063967679038667,-1.1830133461040093,30.716746498538498,344.0882232666016,359.48172992782605,328.6947166053771,0.08947418493481829,0.004264676210291141,0.004255608250834194,0.16312748039842775,6341780.0,0.8960891106282464,1
2025-08-13,341.1692810058594,342.0955555803865,335.42254892774906,335.62175495109443,5693400,343.75280914306643,349.8088427734375,333.40053009033204,339.2809071663951,343.35233246554384,-4.071425299148757,-3.539402474152845,-0.532022824995912,39.407819912620496,343.75280914306643,359.0909027377936,328.41471554833925,0.08923908801189534,0.017253602219726716,0.017106449028537935,0.1729629816482447,6349240.0,0.8967057474595385,1
2025-08-14,344.0974426269531,344.6850608988738,340.29286279189733,341.55773293031257,6224000,343.56827545166016,349.4158856201172,333.7204606628418,340.02191262186557,343.4075258108334,-3.3856131889678522,-3.5086446171158467,0.1230314281479945,39.25935924583696,343.56827545166016,358.79031840392935,328.34623249939096,0.08861145827424292,0.00858272354551004,0.008546101369929587,0.17622547288202545,6423085.0,0.9690047695149605,0
2025-08-15,343.0815734863281,346.9558785686944,341.4780469796213,344.8543977666452,4946600,343.3707305908203,348.9600579833984,334.0426802062988,340.4926296779367,343.38338119420337,-2.8907515162666755,-3.385065996946013,0.49431448067933736,39.686504985011766,343.3707305908203,358.5057792208978,328.2356819607428,0.08815572954651905,-0.0029522716962657736,-0.002956638246629787,0.17634679023386685,6424035.0,0.7700144846657903,0
2025-08-18,341.3585205078125,344.3364894908787,339.5757572803942,342.45409285637004,3999600,342.99307708740236,348.4942279052734,334.3441192626953,340.6258436517637,343.23339151372994,-2.607547861966225,-3.229562369950055,0.6220145079838302,41.71201193414453,342.99307708740236,357.9215132348032,328.06464094000154,0.08704803183882755,-0.005022283654019355,-0.005034937706510453,0.17558314280065992,6363200.0,0.6285516721146593,0
2025-08-19,341.0697326660156,344.9440378209097,340.51199223443484,341.17927471045255,4457200,342.5552520751953,347.9540203857422,334.65553771972657,340.6941342693409,343.0731204879733,-2.378986218632406,-3.0594471396865255,0.6804609210541197,41.79005867909182,342.5552520751953,357.1497708590064,327.9607332913842,0.08520972132464882,-0.0008459957037758592,-0.0008463537600982464,0.17505595184684475,6355350.0,0.7013303751957013,1
2025-08-20,342.5437316894531,346.039593838693,341.4680981636876,342.01586914906005,5834400,342.02061767578124,347.5140808105469,334.9333804321289,340.97868771858896,343.0339065028977,-2.0552187843087495,-2.8586014686109706,0.8033826843022212,48.93514957414374,342.02061767578124,355.72383290024084,328.31740245132164,0.08013093080516902,0.004321694018158073,0.004312382317140103,0.17157624958692472,6427790.0,0.9076836673257839,0
2025-08-21,342.3046875,343.13132863657773,338.35068820536213,341.50792422632094,6073600,341.5396499633789,346.98902709960936,335.2115609741211,341.1826876849599,342.97989028046084,-1.7972025955009485,-2.646321693988966,0.8491190984880177,56.50344930045086,341.5396499633789,354.4304651274263,328.6488347993315,0.07548649280064326,-0.0006978501351466715,-0.0006980937458946893,0.17138909194675775,6437110.0,0.9435290060291032,1
2025-08-22,348.6291198730469,349.7844479666891,343.82854031012994,343.82854031012994,4973200,341.22229156494143,346.538564453125,335.51696273803714,342.3282926369733,343.3983517317635,-1.0700590947902242,-2.3310691741492175,1.2610100793589933,60.22903868571483,341.22229156494143,352.98329150571743,329.4612916241654,0.06893453465092651,0.018476032038114765,0.018307423799201618,0.18217031091912414,6490000.0,0.766286594761171,0
2025-08-25,347.4140319824219,349.3063676468326,346.0993451607829,348.20082587581777,8019800,340.92222595214844,346.1017797851562,335.81079986572263,343.11071407473463,343.69580952810855,-0.5850954533739241,-1.9818744299941589,1.3967789766202348,65.76146886607512,340.92222595214844,351.63268956780496,330.2117623364919,0.06283229898399076,-0.0034853310333556875,-0.003491418949279418,0.1819626923682577,6694940.0,1.1978897495720648,1
2025-08-26,349.7644958496094,351.97554893901935,346.04954976671655,347.28454198788506,5876200,340.9474731445313,346.080859375,336.10926849365234,344.1343728093307,344.1453418482197,-0.010969038888958949,-1.587693351773119,1.5767243128841602,65.8100841959528,340.9474731445313,351.742731650105,330.15221463895756,0.06332505359849075,0.0067655985389398765,0.006742814584141764,0.17901370990043877,6618635.0,0.8878265684691783,0
2025-08-27,348.9378662109375,352.00543842090394,348.4299121185624,349.29640058585716,5531100,340.95027923583984,345.99111022949216,336.3338282775879,344.8733717941933,344.5003436528654,0.3730281413278931,-1.1955490531529167,1.5685771944808098,80.13959994158014,340.95027923583984,351.75424725172576,330.14631121995393,0.06337562204143359,-0.002363389218976941,-0.002366186431414044,0.17918676280628645,6288705.0,0.8795292512528414,0
2025-08-28,348.4498291015625,349.62509605771004,347.1949283640224,349.1868671034665,4987100,341.19911193847656,345.8446740722656,336.5638600158691,345.42359599532705,344.7928981305467,0.6306978647803589,-0.8302996695662616,1.4609975343466206,75.25379216662893,341.19911193847656,352.46701777152475,329.9312061054284,0.06604885791777773,-0.0013986361373573564,-0.0013996151418335513,0.16967229173992632,6105975.0,0.8167573565237329,1
2025-08-29,350.36212158203125,351.20870166850244,347.5933278083949,349.0474346520695,3671900,341.84779052734376,346.08366455078124,336.79321670532227,346.1833691625123,345.205433201027,0.9779359614852865,-0.46865254335595197,1.4465885048412384,79.29570064770425,341.84779052734376,353.6720454171069,330.0235356375806,0.0691784777752855,0.005487999478718031,0.005472995279903424,0.15553950111444317,5856635.0,0.626964118474175,0
2025-09-02,348.65899658203125,348.7585995956409,344.6850582193853,347.90205015208494,4940300,342.2721221923828,346.3245831298828,336.9989753723145,346.56423491936135,345.46125271073106,1.1029822086302943,-0.15432559295870274,1.257307801588997,73.47660579817449,342.2721221923828,354.44712757908246,330.0971168056832,0.07114225551712543,-0.004861042033624141,-0.0048728953269562515,0.15544021794698304,5736885.0,0.8611467721594559,1
2025-09-03,349.45574951171875,349.47568835059127,345.8603148655181,347.9319176719724,4176400,342.9709274291992,346.47843566894534,337.21109588623045,347.0090833181856,345.75714136265606,1.25194195552956,0.1269279167389498,1.12501403879061,67.79301387762163,342.9709274291992,355.1087002988037,330.83315455959473,0.0707801851345556,0.0022851925161784248,0.0022825854347935676,0.14487952418750064,5580925.0,0.7483347294579303,1
2025-09-04,349.5752868652344,351.20869125607726,347.7427068329104,349.3163554918516,4324000,343.56087799072264,346.47799011230467,337.42564712524415,347.4038838638854,346.03996695543964,1.3639169084457876,0.3743257150803174,0.9895911933654702,63.37552943841525,343.56087799072264,355.7822448847808,331.33951109666447,0.07114527687514059,0.00034206721074880875,0.0003420087190988109,0.14387933705658676,5499920.0,0.7861932537200541,0
2025-09-05,341.83660888671875,351.19871489948525,338.8287923269697,349.9637226051439,5448300,344.14418334960936,346.4494342041016,337.6075991821289,346.54738002124435,345.7286070984974,0.8187729227469731,0.4632151566136486,0.3555577661333245,47.711455457108656,344.14418334960936,354.6706874001475,333.61767929907126,0.06117496421460326,-0.022137371459839406,-0.022386080428353973,0.14303324466361578,5332480.0,1.021719725156025,0
2025-09-08,340.9202880859375,342.99192130469794,339.625540120141,340.9601353694522,4711600,344.4485290527344,346.3872406005859,337.77808258056643,345.6816735696587,345.37243531978925,0.3092382498694519,0.43241977526480924,-0.12318152539535732,49.16980015077724,344.4485290527344,354.1621594106773,334.73489869479147,0.05640105582483577,-0.0026805812395737094,-0.0026841804308532723,0.13606241769851796,5264365.0,0.8949987320408065,1
2025-09-09,342.6034851074219,344.9241107011969,339.91438611386513,340.3127677727729,4646200,344.88077850341796,346.30741027832033,337.9444967651367,345.20810611392994,345.16732789665093,0.0407782172790121,0.3540914636676499,-0.3133132463886378,52.75977876961464,344.88077850341796,353.313933920839,336.4476230859969,0.048904757487593556,0.004937215766578573,0.004925067685539105,0.13608988133595246,5210885.0,0.891633570880954,0
2025-09-10,336.7571716308594,341.2290645499819,335.0839503188202,341.2290645499819,6557900,344.94950103759766,345.98259826660154,338.0832153320313,343.90796234730374,344.54435335844414,-0.6363910111404039,0.15599496870603913,-0.792385979846443,41.003457909160616,344.94950103759766,353.07349356712484,336.82550850807047,0.04710250343943367,-0.017064372461737864,-0.017211646698213994,0.15027604900664432,5254640.0,1.2480207968576345,1
2025-09-11,342.1054992675781,342.14534655170456,336.5081564334102,337.3647058719823,5157600,344.9963119506836,345.7564013671875,338.27077255249026,343.63066033503827,344.3636974998615,-0.7330371648232017,-0.021811457999809047,-0.7112257068233927,49.73277095273072,344.9963119506836,353.0389734215618,336.9536504798054,0.046624622885985484,0.015881852228469828,0.015757055217709273,0.14828276525843037,5227850.0,0.986562353548782,0
2025-09-12,338.0618896484375,341.8067443574847,337.80295827006614,339.8446834033817,3518300,344.6945343017578,345.4741876220703,338.4256758117676,342.7739263832535,343.89689691827454,-1.122970535021011,-0.24204327340404946,-0.8809272616169617,34.89894016479735,344.6945343017578,353.31162586640113,336.0774427371145,0.04999842299268726,-0.011819773806026723,-0.011890182693808128,0.15061314849059815,5092565.0,0.6908699250770486,0
2025-09-15,337.6833801269531,341.3286314243895,337.02606713399587,339.2370898085397,4367500,344.42462463378905,345.09213989257813,338.5785876464844,341.9907654207458,343.4366364152137,-1.4458709944678958,-0.4828088176168187,-0.9630621768510771,35.753820528538455,344.42462463378905,353.57604539322807,335.27320387435003,0.0531403395977817,-0.0011196456420391465,-0.001120272913479217,0.1504128661372363,5063610.0,0.8625269323664342,1
2025-09-16,338.6594543457031,339.16740843668805,332.1258978898668,334.88472202680003,5527700,344.28967132568357,344.7737567138672,338.72017852783205,341.4782560245854,343.08277107673143,-1.6045150521460414,-0.7071500645226634,-0.897364987623378,33.059913411852335,344.28967132568357,353.70720625998575,334.8721363913814,0.054707043043377215,0.0028905012096924754,0.0028863317437028344,0.15005395510935765,5140015.0,1.0754248771647554,1
2025-09-17,344.8045959472656,344.8045959472656,338.15149768935095,338.5698181836777,5763500,344.4764144897461,344.6198352050781,338.8992826843262,341.99000062807465,343.21031365973397,-1.220313031659316,-0.809782657949994,-0.410530373709322,44.57517942013591,344.4764144897461,353.77244660697613,335.1803823725161,0.05397195120600478,0.01814548958461848,0.017982824993886825,0.1637467734058961,5205330.0,1.1072304733801699,0
2025-09-18,336.8169250488281,343.8783444611386,336.8169250488281,343.34054286819156,7526600,344.19007415771483,344.2423303222656,339.0241795349121,341.1941428466521,342.7367293181854,-1.5425864715332978,-0.9563434206666548,-0.586243050866643,37.2433780098054,344.19007415771483,354.0711534969661,334.3089948184636,0.05741641076333615,-0.023165790109303308,-0.023438334388289284,0.183346672408895,5289940.0,1.4228138693444539,1
2025-09-19,340.23309326171875,341.30875723821197,336.8866506561266,339.07779550115055,13674300,344.0864944458008,343.9705322265625,339.16427474975586,341.04628906435465,342.5512747954841,-1.5049857311294659,-1.066071882759217,-0.4389138483702488,39.24718502689597,344.0864944458008,354.09341996496033,334.07956892664123,0.05816517463306486,0.010142507572608928,0.010091417506521616,0.18740339369257342,5669975.0,2.411703755307563,1
2025-09-22,342.97198486328125,343.4699695296953,337.2949779029044,337.6435732483086,5621800,343.8036376953125,343.9115924072266,339.3102854919434,341.34254995649724,342.5824385042098,-1.2398885477125532,-1.1008352157498842,-0.139053331962669,44.09266756863337,343.8036376953125,353.58724029466595,334.02003509595903,0.05691389808983891,0.008050044677622381,0.008017815914421904,0.17695850903637425,5702405.0,0.985864736019276,0
2025-09-23,337.3348388671875,343.8683955239399,336.26914434314534,343.2010826702708,10142700,343.29967803955077,343.68880737304687,339.44614517211915,340.7259790196804,342.19372741998586,-1.4677484003054815,-1.1742178526610036,-0.29353054764447783,38.55990884288532,343.29967803955077,353.3353573765071,333.26399870259445,0.0584659991192892,-0.01643617043048251,-0.0165727428324092,0.18537651723912563,5808550.0,1.7461672878773533,0
2025-09-24,337.31488037109375,338.5299641513985,336.5579643598641,337.76307872075415,5207400,342.677197265625,343.5348205566406,339.5973133850098,340.20119461220554,341.83233134229016,-1.63113673008462,-1.265601628145727,-0.36553510193889305,38.406455809368474,342.677197265625,352.5678613524184,332.78653317883163,0.05772583741034082,-5.916523819704533e-05,-5.916698852879033e-05,0.18295352291464634,5775110.0,0.901697110531228,0
2025-09-25,333.58001708984375,338.82879517404456,333.16172697127865,336.986245742455,5398700,341.9093048095703,343.2488696289063,339.73387023925784,339.18255191645756,341.2210488050719,-2.038496888614361,-1.4201806802394539,-0.6183162083749072,41.5528735316377,341.9093048095703,352.13249214235753,331.68611747678307,0.059800579796920925,-0.01107233477853431,-0.011134089345189576,0.18593011662173797,5768490.0,0.935894835563553,1
2025-09-26,336.01019287109375,338.13161256415685,334.8748035560274,335.870772959751,9619200,341.2873229980469,343.01331115722655,339.8730157470703,338.6944966787093,340.8350594766291,-2.140562797919813,-1.5642571037755257,-0.5763056941442872,45.12752490839163,341.2873229980469,351.34738727080594,331.2272587252878,0.05895363580683972,0.007285135969626877,0.00725872754830786,0.18894637550815416,6000095.0,1.603174616401907,1
2025-09-29,338.7889404296875,339.2670166635244,334.19750588460323,336.02014683051596,7217800,340.7086639404297,342.8484405517578,340.03948150634767,338.7090264865521,340.6834951027816,-1.974468616229501,-1.646299406266321,-0.3281692099631801,46.29523476999008,340.7086639404297,349.86135997793343,331.55596790292594,0.053727404120865116,0.008269831146639595,0.008235823456303476,0.19061014258323092,6177390.0,1.1684222624765475,1
2025-09-30,340.0040283203125,344.21695930197603,337.1456010921614,338.4503185350138,8164400,340.2759155273437,342.6702893066406,340.1918083190918,338.9082575378999,340.6331642300061,-1.7249066921062308,-1.662020863434303,-0.06288582867192782,53.46513435118581,340.2759155273437,348.6294154059059,331.92241564878157,0.04909839043774989,0.003586563035628876,0.0035801466556820787,0.1910568758162498,6338595.0,1.288045694668929,1
2025-10-01,346.4280090332031,347.9518409378596,338.9383303898218,338.9383303898218,8381000,340.124528503418,342.6023248291016,340.3692692565918,340.06514238333114,341.0624119932059,-0.9972696098747633,-1.5290706127223952,0.5318010028476319,54.50956419856855,340.124528503418,347.8647869372144,332.3842700696216,0.04551426189610198,0.01889383706606762,0.018717565364702787,0.20373538493700555,6548825.0,1.2797715620741126,0
2025-10-02,344.55560302734375,345.78062585482786,342.17522173126287,344.8245038053001,5198000,339.87354431152346,342.42870849609375,340.5351879882812,340.75598248241,341.32116688462355,-0.5651844022135606,-1.3362933706206284,0.7711089684070678,57.09620661457993,339.87354431152346,346.5799878664121,333.1671007566348,0.03946434588472488,-0.00540489209023487,-0.005419551364545485,0.20449391027560496,6592525.0,0.7884687581768746,1
2025-10-03,348.429931640625,351.7365573470426,344.6054127876714,344.7149548323991,5199700,340.2032104492188,342.3588262939453,340.71795181274416,341.9365900452123,341.84774205173477,0.08884799347754324,-1.051265097800994,1.1401130912785373,60.910062614439425,340.2032104492188,347.8921960895005,332.51422480893706,0.045202310878423815,0.011244422030117995,0.011181673459522744,0.19190120776788694,6580095.0,0.7902165546242114,0
2025-10-06,347.8721618652344,349.70474176137265,342.96204042656746,348.59923040877214,4735600,340.5508041381836,342.21674377441406,340.89222885131835,342.8497549406003,342.29399537125323,0.5557595693470603,-0.7298601643713832,1.2856197337184434,59.43299890384454,340.5508041381836,348.9701373268086,332.1314709495586,0.049445387215757204,-0.0016008090142092257,-0.001602091678008491,0.19166277840909016,6581295.0,0.7195544341957016,1
2025-10-07,350.9995422363281,353.0113894416703,348.649038694597,348.649038694597,5044600,340.9706069946289,342.168427734375,341.07020263671876,344.10356837071225,342.9388506945921,1.1647176761201763,-0.35094459627307134,1.5156622723932476,56.76089024361,340.9706069946289,350.5748001993176,331.36641378994017,0.05633443474404828,0.008990027699615988,0.008949857972399352,0.19327787588710454,6601215.0,0.76419265241323,0
2025-10-08,349.94378662109375,353.56912975217324,349.6848552507119,352.3540458932983,3927500,341.62993774414065,342.18211242675784,341.28511016845704,345.0020634861555,343.4577348372959,1.5443286488596186,0.02811005275346662,1.516218596106152,66.88009719748811,341.62993774414065,351.8095156289452,331.4503598593361,0.059594179315914604,-0.0030078546784073623,-0.0030123873646802,0.1816733324545652,6469695.0,0.6070610747492733,0
2025-10-09,345.6412353515625,351.4477236851982,344.1870981171116,350.053372578839,4434800,341.80672454833984,342.11730224609374,341.4532368469238,345.10039761929505,343.61947561613044,1.4809220031646078,0.31867244283569485,1.162249560328913,56.79943705722741,341.80672454833984,352.14268483357966,331.4707642631,0.06047839052258355,-0.012294978319446148,-0.012371186864564246,0.1806146261439724,6433555.0,0.6893233989606058,0
2025-10-10,342.2648620605469,348.9876551929239,341.8664803982835,346.22883102731305,6296200,342.0168731689453,342.09313598632815,341.59046051025393,344.66416137948767,343.5191338712724,1.1450275082152643,0.48394345591160876,0.6610840523036556,49.12498933190136,342.0168731689453,352.2020554816921,331.8316908561985,0.05955953119140792,-0.009768433119912379,-0.009816457265748186,0.17888589184447196,6572450.0,0.9579684896804084,0
2025-10-13,341.9162902832031,346.258732766631,339.35667196952477,342.334610813895,4030700,342.2285186767578,342.1836907958984,341.7283688354492,344.2414119800593,343.4004047166006,0.8410072634587209,0.5553562174210311,0.28565104603768976,56.522948177050516,342.2285186767578,352.20839619510593,332.24864115840967,0.05832288645572721,-0.0010184270019575337,-0.001018945951107829,0.17887275833920266,6555610.0,0.6148474360128195,1
2025-10-14,346.9757995605469,348.59923442929517,338.84868619182816,339.62554105235273,5731000,342.6443359375,342.3197595214844,341.87458084106447,344.662086992442,343.66524877911513,0.996838213326896,0.6436526166022041,0.35318559672469196,62.02878527769609,342.6443359375,352.69086624496754,332.59780563003244,0.05864115792242418,0.014797508691829275,0.014689093765428879,0.18568505251338602,6565775.0,0.8728596395703477,0
2025-10-15,344.2966613769531,348.66895120043125,342.61347067376323,346.97582147163655,3778200,342.6189392089844,342.4960998535156,342.0061088562012,344.6058676669822,343.7120200826587,0.8938475843235096,0.6936916101464652,0.20015597417704445,63.703526220120864,342.6189392089844,352.6450232896138,332.592855128355,0.058526152137280865,-0.007721397823672316,-0.007751362159880891,0.17702098963211516,6466510.0,0.5842718869993242,0
2025-10-16,334.048095703125,344.2966282664885,332.8230729219237,343.60940702088106,6241500,342.4804977416992,342.4215362548828,342.09754196166995,342.981595057158,342.9961738323229,-0.014578775164864055,0.5520375330841993,-0.5666163082490634,47.90911101282619,342.4804977416992,352.91216903890285,332.04882644449555,0.060918337633760845,-0.029766671662864286,-0.030218691733481365,0.18957624627440955,6402255.0,0.9748908782921017,1
2025-10-17,340.5119934082031,342.06570324361587,335.64168844347057,336.4085739408942,6267100,342.49444274902345,342.6283660888672,342.23789184570313,342.6016563419342,342.8121604675732,-0.21050412563903365,0.3995292013395528,-0.6100333269785865,51.70244265740381,342.49444274902345,352.91420314530956,332.07468235273734,0.06084630344744955,0.019350200729246758,0.019165366179858187,0.19891915021364395,6031895.0,1.0389935501198213,1
2025-10-20,343.0218200683594,343.56959107313133,337.57386630815864,340.52192718186024,4665000,342.49693450927737,342.7921350097656,342.3871740722656,342.66629691523036,342.82769080837215,-0.16139389314179198,0.28734458244328387,-0.44873847558507585,52.90731074564537,342.49693450927737,352.9171995638892,332.07666945466553,0.060848807710012214,0.007370743788009504,0.0073437126013824825,0.19857409964644027,5984055.0,0.7795717118241727,1
2025-10-21,345.8105163574219,348.2406840511567,341.61749382129113,341.73700528252846,4121800,342.92071838378905,343.02917541503905,342.55852523803713,343.1500229832598,343.0486408490425,0.10138213421731734,0.2501520927980906,-0.14876995858077324,49.36030704250288,342.92071838378905,353.14457980170005,332.69685696587806,0.05962813484176061,0.008129792700962257,0.008096923960145793,0.19045136383749306,5683010.0,0.7252846642888188,0
2025-10-22,343.9679870605469,346.76668911620203,343.11146794187306,346.4180937374913,5074400,343.25337371826174,343.2008807373047,342.7181369018555,343.27586361053477,343.1167405684132,0.15912304212156414,0.23194628266278533,-0.07282324054122119,49.39088083281822,343.25337371826174,353.13651232388975,333.37023511263374,0.05758509230991546,-0.005328147091312241,-0.005342392289899084,0.19186690871371462,5676360.0,0.8939531671705107,1
2025-10-23,344.5655517578125,345.75075772943865,343.07159771571963,344.8046050728569,7217200,343.80265045166016,343.26880615234376,342.890001373291,343.4742771716544,343.2240599157761,0.25021725587834,0.23560047730589628,0.0146167785724437,45.70224574188766,343.80265045166016,352.58153565202497,335.02376525129534,0.051069328225549285,0.0017372683498027008,0.001735761044619647,0.18644689717470003,5767285.0,1.2514033899833283,1
2025-10-24,345.9798583984375,347.6729881581522,343.9281638460587,346.7965606090745,3576700,344.30113372802737,343.30645446777345,343.07572509765623,343.8597512065441,343.42819313671396,0.431558069830146,0.27479199581074626,0.15676607401939974,47.934827860689886,344.30113372802737,352.3159233234251,336.2863441326296,0.046556858576764684,0.004104608349296379,0.004096207424935995,0.18551985861570264,5465160.0,0.6544547643618851,1
2025-10-27,346.4180908203125,348.11122059688944,343.6194191827997,347.59332744074374,5400300,344.6825912475586,343.3731848144531,343.2590322875977,344.2533419163546,343.64966703920277,0.6036748771518319,0.3405685720789634,0.2631063050728685,44.68823617243056,344.6825912475586,352.309580497184,337.0556019979332,0.04425514628992411,0.001266641427924764,0.001265839914420044,0.18380203579136048,5374285.0,1.0048406439182143,0
2025-10-28,345.50177001953125,348.47973911832344,345.1033883485486,347.17499127440243,7445400,344.95747833251954,343.4560498046875,343.4619856262207,344.44540777838176,343.7868598525604,0.6585479258213809,0.4041644428274469,0.254383482993934,44.83319229174594,344.95747833251954,352.26404248182666,337.6509141832124,0.04236211480108285,-0.00264512975812381,-0.002648634295176791,0.18404986275273919,5338335.0,1.3947045286592168,0
2025-10-29,339.9044189453125,349.5653338093142,337.6336100404692,344.605395498532,8361700,344.631298828125,343.43274353027346,343.6408659362793,343.7467941117557,343.49927163720866,0.24752247454705412,0.37283604917136837,-0.12531357462431425,43.52224265263309,344.631298828125,352.2377506002785,337.0248470559715,0.04414254769092804,-0.01620064370119534,-0.016333308921981093,0.18058399151858012,5337370.0,1.5666330046446095,1
2025-10-30,343.6393127441406,348.31041155130293,340.41238169067435,340.84064122785446,6411800,344.58548431396486,343.4546551513672,343.8276696777344,343.730258516738,343.50964505253694,0.2206134642010511,0.3423915321773049,-0.12177806797625379,51.53950383662487,344.58548431396486,352.2048825884851,336.96608603944463,0.04422355915362877,0.010988070735935329,0.010928140498824254,0.1844791395404751,5398060.0,1.18779709747576,0
2025-10-31,339.3665771484375,341.6174775430599,336.80695909004464,340.7011723929481,7301600,344.13231658935547,343.3958929443359,343.9574865722656,343.0589229216148,343.20275113371474,-0.14382821209994745,0.2451475833218544,-0.38897579542180183,47.37487047006563,344.13231658935547,351.8662110918513,336.3984220868596,0.04494721436885282,-0.012433779946721124,-0.012511726173364792,0.18436685853236545,5503155.0,1.3268025341826644,0
2025-11-03,335.54205322265625,339.83467850136,333.47045043910737,339.6255334575112,5538000,343.51581115722655,343.13415161132815,344.0633752441406,341.90248142946734,342.63529202919193,-0.7328105997245871,0.049555946712566135,-0.7823665464371532,37.92088662892853,343.51581115722655,351.93029669861465,335.10132561583845,0.048990382789319754,-0.01126959513195791,-0.011333578182073145,0.18777212292910894,5543275.0,0.99904839648042,1
2025-11-04,338.9283752441406,338.94831408470225,332.9027725216237,335.1237952294841,5920200,342.91225280761716,342.9644384765625,344.1744532775879,341.4449266317248,342.36070560066963,-0.915778968944835,-0.1435110364189141,-0.772267932525921,44.4121989586007,342.91225280761716,350.7805051604092,335.04400045482515,0.04589076236483337,0.010092094236656912,0.010041509108836189,0.18864579493493044,5587055.0,1.0596280151170876,0
2025-11-05,338.66943359375,340.73106709286975,335.00424320677166,338.75906718983583,4984600,342.34853515625,342.74253723144534,344.2643687438965,341.0179277028056,342.08727804460153,-1.0693503417959391,-0.3286788974943191,-0.74067144430162,56.07333303387514,342.34853515625,349.69375375091937,335.0033165615807,0.0429107639751807,-0.0007640010967039368,-0.0007642930942756018,0.18860459674155497,5639910.0,0.8838084295671385,0
2025-11-06,335.6018371582031,337.2850278589407,332.36493664056536,337.225272127104,8507900,341.84656524658203,342.47581665039064,344.33929306030274,340.184683003636,341.6068750159794,-1.4221920123434302,-0.5473815204641413,-0.8748104918792888,42.91460499592217,341.84656524658203,349.6048844549905,334.08824603817357,0.04539065181370014,-0.009057789488101875,-0.009099060669449412,0.1865011058250038,5843565.0,1.4559434181017923,0
2025-11-07,334.6656188964844,336.9264888333082,333.50035174712497,335.37277903778016,5318400,341.4666030883789,342.20013244628905,344.3864979553223,339.3355962179204,341.0927078960168,-1.7571116780964076,-0.7893275519905947,-0.9677841261058129,37.368269544822944,341.4666030883789,349.8572407140836,333.0759654626742,0.04914470434189443,-0.002789669656299898,-0.0027935680365121637,0.18397939879428538,5794675.0,0.9178081600780027,0
2025-11-10,333.5003662109375,337.31491571415205,332.9725036343658,335.2930990082746,5295800,341.0458068847656,341.8628973388672,344.41801696777344,338.43786852453843,340.5303122156406,-2.0924436911021758,-1.049950779812911,-1.0424929112892647,30.430749676173647,341.0458068847656,350.1548610433348,331.93675272619646,0.05341836184279481,-0.0034818416346117376,-0.0034879173524205,0.18418007692361485,5857930.0,0.9040394815233368,1
2025-11-11,337.553955078125,337.72325285148054,331.85700901827914,334.14772643061497,4453300,340.57471466064453,341.64079650878904,344.44830139160155,338.3018818404748,340.3098413165654,-2.0079594760906048,-1.24155251906845,-0.7664069570221548,40.473412582936945,340.57471466064453,349.36131066802045,331.7881186532686,0.0515986397647345,0.01215467591008168,0.012081400994535738,0.18135636998116192,5794045.0,0.7685994844706936,1
2025-11-12,338.1826477050781,343.5515814566134,336.70568232861064,337.5539392647252,6389600,340.2690139770508,341.41533447265624,344.4820265197754,338.28353812733684,340.1522714194182,-1.8687332920813446,-1.366988673671029,-0.5017446184103156,40.52840414557515,340.2690139770508,348.9349827288844,331.6030452252172,0.05093598532846754,0.0018624952174168818,0.0018607629237916501,0.18005092717711313,5924615.0,1.0784835807896378,0
2025-11-13,335.3883972167969,340.7573310621838,334.90940445750977,338.3423280213681,4961700,340.3360290527344,341.1315966796875,344.4948439025879,337.8381318334076,339.79939184885365,-1.9612600154460438,-1.485842942026032,-0.4754170734200118,34.90166052543428,340.3360290527344,348.81822208866276,331.853836016806,0.04984598932729565,-0.008262548381009927,-0.008296872434076622,0.14744834997186193,5860625.0,0.8466161885464434,0
2025-11-14,329.3408508300781,335.38837770243606,328.35289786675315,335.19879671610136,6422300,339.7774719238281,340.8816815185547,344.4418998718262,336.5308578328953,339.0246851067221,-2.493827273826753,-1.6874398083861761,-0.8063874654405767,29.01246004736184,339.7774719238281,349.57945188694737,329.97549196070884,0.05769646767703711,-0.01803147168150121,-0.018196019696737304,0.14282733443240425,5868385.0,1.0943896830218194,0
2025-11-17,325.07965087890625,332.6739759173699,324.2613310180461,330.47852149051675,6494800,338.88036346435547,340.56486877441404,344.3738427734375,334.76913368612776,337.9917196083654,-3.222585922237613,-1.9944690311564637,-1.2281168910811493,26.80839177512881,338.88036346435547,350.5402671383467,327.22045979036426,0.0688142774328536,-0.012938570907410463,-0.013023003296324049,0.14404475154413726,5959875.0,1.089754399211393,0
2025-11-18,320.51904296875,324.33118917839323,317.3455943345509,323.83221811811876,9170400,337.61578979492185,340.1231799316406,344.2630654907227,332.57681203730044,336.6974472646902,-4.120635227389755,-2.419702270403122,-1.700932956986633,27.454865010285545,337.61578979492185,351.40294300609446,323.82863658374924,0.08167362799913681,-0.014029201452093076,-0.014128540895239813,0.14353858048210832,6212305.0,1.4761670587648223,1
2025-11-19,323.4530029296875,323.90208907652226,319.21174881651825,320.85834726361674,7066700,336.5900405883789,339.8570965576172,344.170277557373,331.17314909766765,335.7163773139493,-4.543228216281648,-2.8444074595788273,-1.6988207567028204,26.0777169954482,336.5900405883789,351.4018243959375,321.77825678082024,0.08801082635521114,0.009153777366118998,0.009112135473587654,0.15046639015443017,6311920.0,1.1195800960721936,0
2025-11-20,323.1037292480469,327.7242064226939,322.4750512555066,323.4530151026438,6510300,335.51694946289064,339.47706115722656,344.05448852539064,329.9316998900337,334.78210708684543,-4.850407196811716,-3.2456074070254055,-1.6047997897863104,28.751360683910647,335.51694946289064,350.9907901170323,320.04310880874897,0.09223880152053618,-0.0010798282238132506,-0.0010804116583535944,0.14961313763155634,6276575.0,1.0372376654465214,1
2025-11-21,327.3050842285156,330.39868059498417,323.6226751809159,324.71042849279974,8930000,334.58321075439454,339.2619250488281,343.96941696166994,329.5276051728771,334.228253541784,-4.700648368906911,-3.536615599401707,-1.1640327695052042,39.34272174415015,334.58321075439454,349.6470307390675,319.5193907697216,0.09004528320896973,0.013003115099434082,0.012919300384655346,0.15842500484321384,6544240.0,1.3645587570138014,1
2025-11-24,328.6223449707031,330.0494254219168,325.3291479858861,328.5624708767812,9337100,333.69342346191405,339.0807043457031,343.8882563781738,329.38833437254266,333.81300105503726,-4.424666682494603,-3.714225816020287,-0.7104408664743165,35.91138693415347,333.69342346191405,347.89124983906606,319.49559708476204,0.08509503261919979,0.004024565476250963,0.00401648857603812,0.15964399063355583,6741080.0,1.3851044639731318,1
2025-11-25,333.8415832519531,335.36843350968144,328.22316412466176,328.22316412466176,5854300,333.1104141235352,338.9843469238281,343.81728775024413,330.07344958475966,333.81511825480885,-3.7416686700491937,-3.7197143868260683,-0.021954283223125426,44.18836004182056,333.1104141235352,346.1793302856246,320.04149796144577,0.07846597168975182,0.015882177098198502,0.01575737500851567,0.17257425018535902,6661525.0,0.8788227920783904,0
2025-11-26,333.1031188964844,335.01915077050296,332.3746101630006,333.841586342223,4309900,332.7703491210938,338.7503173828125,343.74223007202147,330.5395525557942,333.7623775615996,-3.222825005805362,-3.620336510621927,0.39751150481656516,46.813421009206586,332.7703491210938,345.44284211248413,320.0978561297034,0.0761635946523522,-0.0022120202890105745,-0.0022144704197161113,0.16386428298646455,6458935.0,0.667277190434646,1
2025-11-28,333.75177001953125,334.3305630576491,331.3167887740865,332.74383871779224,4586200,332.2759719848633,338.68901428222654,343.6665942382813,331.0337398579076,333.76159181774267,-2.72785195983505,-3.4418396004645517,0.7139876406295018,48.825970803938496,332.2759719848633,343.8904186614377,320.6615253082889,0.06990843549231116,0.0019472982576558273,0.0019454047301803756,0.15816488892480232,6367655.0,0.7202337438193495,0
2025-12-01,329.7101135253906,332.6140983109483,329.4606279939679,332.25485376399234,7082300,331.79314880371095,338.4785546875,343.5502038574219,330.8301050375204,333.46148231460546,-2.6313772770850505,-3.279747135788652,0.6483698587036013,45.465743452473525,331.79314880371095,342.9607485427811,320.6255490646408,0.06731663857035776,-0.0121097679688833,-0.012183688589543105,0.15786931354155728,6356690.0,1.114149030391603,0
2025-12-02,328.9416809082031,332.1151295810464,326.53663671382,330.7679320657214,8201900,331.46313018798827,338.19794860839846,343.4390036010742,330.5395782483947,333.12668221042753,-2.5871039620328133,-3.1412185010374842,0.5541145390046709,38.81830392696815,331.46313018798827,342.5541026930165,320.37215768296005,0.06692130433172468,-0.0023306310169594058,-0.0023333511646903386,0.15358435610796028,6489885.0,1.2637974324660606,0
2025-12-03,328.93170166015625,331.66608389546013,328.67225740707886,328.93170166015625,6296700,330.9632965087891,338.02988586425784,343.3132618713379,330.29221261943496,332.81594291040744,-2.5237302909724804,-3.0177208590244837,0.49399056805200336,37.79296914325477,330.9632965087891,341.52616603782695,320.4004269797512,0.06383106308440677,-3.033743859803817e-05,-3.033789878743585e-05,0.1480361963961835,6508710.0,0.9674267251114276,0
2025-12-04,326.4268798828125,331.69601316055844,323.61267574060867,330.5982707162828,6277500,330.3511688232422,337.8121258544922,343.18244033813477,329.69754604456995,332.3426789824374,-2.6451329378674586,-2.943203274793079,0.29807033692562035,38.08386431274587,330.3511688232422,340.4421030685462,320.26023457793815,0.061092166140954605,-0.007615020883367629,-0.007644163195372,0.14960158051277583,6573355.0,0.9549917812137029,1
2025-12-05,330.558349609375,333.4224387208775,325.7283132347316,326.15742105214764,5266600,330.09899444580077,337.75169250488284,343.0958001708984,329.8299773622323,332.2105064362847,-2.38052907405239,-2.8306684346449416,0.45013936059255144,51.7058315966447,330.09899444580077,339.88490912279934,320.3130797688022,0.05929078756164057,0.012656646805697225,0.01257722092626733,0.15536897128507113,6411290.0,0.8214571482494163,0
2025-12-08,326.16741943359375,330.6581592570448,324.0417977110623,329.2011721972187,6059400,329.67408447265626,337.5548370361328,342.99693252563475,329.2665069116725,331.76287036201126,-2.4963634503387766,-2.7638074377837087,0.26744398744493214,51.51854685750608,329.67408447265626,339.3626219464319,319.98554699888064,0.05877645790249679,-0.013283373967016954,-0.013372387121135127,0.16157206827742043,6448340.0,0.9396837015417921,0
2025-12-09,325.828125,327.5545759522349,324.4010749776002,325.9378840225944,4325400,329.29047241210935,337.2956207275391,342.88976791381833,328.7375250791075,331.3232595944549,-2.585734515347383,-2.728192853296444,0.14245833794906115,58.40183212949315,329.29047241210935,338.94862588467504,319.63231893954367,0.058660388208732865,-0.0010402462458787287,-0.0010407876775188158,0.16135424048214633,6399820.0,0.6758627586400867,0
2025-12-10,325.0596923828125,328.0834557386547,324.63055413261685,325.9678233516992,5467500,328.66575927734374,336.9967340087891,342.767693939209,328.1717046642929,330.8592916528517,-2.6875869885587917,-2.720071680348914,0.032484691790122255,52.729748283278276,328.66575927734374,337.66738116913325,319.6641373855542,0.05477675503272318,-0.002358398671653994,-0.002361184074055887,0.1535610636432847,6450530.0,0.8476047704607218,1
2025-12-11,344.91876220703125,346.60528693573457,329.38079508046536,331.91557675720895,12953600,329.00256500244143,336.96654907226565,342.7521611022949,330.74817505548344,331.9007339161243,-1.152558860640852,-2.4065691164073013,1.2540102557664494,72.28795829474912,329.00256500244143,339.8236833530542,318.18144665182865,0.06578136161663346,0.06109360923418139,0.05930008310496223,0.27129782865440855,6778730.0,1.910918416871597,1
2025-12-12,347.11419677734375,349.1200701989689,345.25803903865176,347.28386033910544,6942300,329.58885498046874,337.0177209472656,342.72224517822264,333.26602455115426,333.0276570910294,0.23836746012483445,-1.8775818011008742,2.1159492612257087,71.10354670802163,329.58885498046874,342.8600068752119,316.31770308572555,0.0805315573885508,0.006365077261279106,0.006344905707425495,0.2695498867096699,6877760.0,1.0093838691667054,0
2025-12-15,346.1761779785156,347.7329653453619,343.12244688455576,347.11421561078276,7004600,330.4306213378906,336.97264587402344,342.6530479431152,335.25220200151756,334.0016216012136,1.2505804003039316,-1.2519493608199133,2.502529761123845,68.85323813257222,330.4306213378906,345.6309874074892,315.230255268292,0.09200337431230421,-0.0027023348728943963,-0.002705992771173903,0.2598696519216301,6906875.0,1.0141489457967605,0
2025-12-16,344.3998107910156,346.904655405941,343.0126869986315,345.28799394865695,7269300,331.3966293334961,336.90319885253905,342.57938568115236,336.6595264306711,334.77185783749525,1.8876685931758743,-0.6240257700207559,2.5116943631966304,62.24539203291375,331.3966293334961,347.5884713421612,315.204787324831,0.09771880927835681,-0.005131396382827447,-0.005144607209951778,0.25510420523499694,6945600.0,1.0466050449205253,0
2025-12-17,343.7012634277344,347.07431280569114,342.9727546862657,344.8389016551313,7263500,332.5557403564453,336.7572332763672,342.5498245239258,337.74287058406543,335.4332952886241,2.309575295441334,-0.03730555692833787,2.3468808523696723,62.303079170782105,332.5557403564453,348.7879122386226,316.32356847426803,0.09762075894272071,-0.002028303562876088,-0.0020303633562764934,0.2479284479939871,6850255.0,1.0603254915327969,1
2025-12-18,345.2979736328125,346.81483473957803,343.56153357971857,344.4597058800123,6805000,333.6479888916016,336.66431701660156,342.5260137939453,338.90519413002653,336.16401220300844,2.74118192701809,0.5183919398609477,2.2227899871571424,63.1149734474009,333.6479888916016,350.23708303912065,317.0588947440825,0.09944069618179938,0.004645633795913762,0.0046348761437726175,0.24710659172969102,6837170.0,0.9952948368988924,1
2025-12-19,348.5312805175781,349.18992596210575,345.3378535964944,345.3378535964944,18623900,334.91936645507815,336.72211791992186,342.5606530761719,340.38613049734215,337.0801061522358,3.306024345106323,1.0759184209100228,2.2301059241963,71.77830573784617,334.91936645507815,351.9962431079483,317.842489802208,0.10197604774915664,0.009363816563267457,0.009320247801702328,0.2473845132344079,7442850.0,2.5022538409345882,1
2025-12-22,351.3654479980469,352.71267599172904,348.8705926226271,349.27975255876925,5043500,336.1223846435547,336.90412963867186,342.6037063598633,342.0752562666813,338.1382796222959,3.9369766443854246,1.6481300656051032,2.2888465787803214,74.76311351543723,336.1223846435547,354.2954989732364,317.949270313873,0.10813391288386592,0.00813174495058222,0.008098860464496552,0.24560680717412067,7248525.0,0.6957967310590776,1
2025-12-23,352.6528015136719,355.6466279609035,351.2756364751809,351.2756364751809,3703200,337.32390747070315,337.1188598632813,342.67225372314454,343.7025709200645,339.2134293920275,4.48914152803701,2.216332358091485,2.272809169945525,75.47701410507781,337.32390747070315,356.5558756257846,318.0919393156217,0.1140267127775506,0.0036638591613371574,0.0036571635788240227,0.24560311022133413,6966830.0,0.531547346497618,1
2025-12-24,354.4091796875,355.2574061270487,352.28355809570263,352.6527918079347,2023600,338.35228729248047,337.2675274658203,342.79593612670897,345.34974149966996,340.33904052502544,5.0107009746445215,2.7752060814020925,2.235494893242429,80.5447068997451,338.35228729248047,358.9512371349595,317.7533374500014,0.12176036998191048,0.004980474183926331,0.004968112649589849,0.24141190143757482,6775295.0,0.29867334189876604,0
2025-12-26,354.26947021484375,355.9959211320052,352.982116288697,354.3692705227613,2017000,339.4106048583984,337.4669836425781,342.9154460144043,346.72200745585053,341.3709242057528,5.3510832500977585,3.2903815151412257,2.060701734956533,78.35327759255907,339.4106048583984,361.02398624629853,317.7972234704983,0.1273583151411382,-0.00039420387694089065,-0.000394281595714554,0.24096717946242016,6660650.0,0.3028232980264689,0
2025-12-29,353.8802490234375,355.8162592189493,353.0719183232759,354.75844298281737,3989900,340.4170288085937,337.8636267089844,343.05430038452147,347.82327538932543,342.29754085891466,5.525734530410773,3.7374521181951352,1.7882824122156378,86.64553713245265,340.4170288085937,362.7824020379417,318.05165557924573,0.131399849811411,-0.0010986585752653655,-0.0010992625430079521,0.24141786989008968,6630835.0,0.6017190896772427,0
2025-12-30,352.8923034667969,354.1397311728781,351.9342875158643,353.27152636221,3366500,341.5761383056641,338.1112329101563,343.17208587646485,348.6031258627826,343.08233808912814,5.520787773654433,4.094119249286995,1.4266685243674386,85.18423301507048,341.5761383056641,364.00788678814035,319.1443898231878,0.13134259666817197,-0.0027917510495907294,-0.00279565525462419,0.2358648968388834,6445045.0,0.5223392544194804,0
2025-12-31,349.98828125,354.46906219163503,349.9683333708139,352.9222335935573,3503200,342.6284683227539,338.25056213378906,343.261703338623,348.81622669158526,343.5938894343779,5.222337257207357,4.319762850871068,0.9025744063362895,80.70306662316634,342.6284683227539,364.5330822601749,320.7238543853329,0.12786219454938574,-0.008229202474148378,-0.008263249274829297,0.23871258730334569,6210110.0,0.5641123909238323,0
2026-01-02,345.7669982910156,349.32962853016494,342.7731719172512,349.1500062568855,5403800,343.47023315429686,338.24969177246095,343.3291226196289,348.34711462995915,343.7548604607955,4.5922541691636525,4.374261114529585,0.21799305463406782,51.69929533807999,343.47023315429686,364.43227967712625,322.5081866314675,0.1220603388556971,-0.012061212289473988,-0.012134538912183435,0.2446252532795926,6165465.0,0.8764626836743051,1
2026-01-05,353.0719299316406,356.80425438171716,343.34199370889576,343.7910798703184,7592200,344.80248565673827,338.4317706298828,343.4077558898926,349.0740092917563,344.4450137549321,4.6289955368241635,4.425207998988501,0.2037875378356624,59.90711147333667,344.80248565673827,364.55572059064593,325.0492507228306,0.11457710286678519,0.021126746267660756,0.020906670819367555,0.24991161348375907,6231200.0,1.2184169983309796,1
2026-01-06,356.8241882324219,357.8820044617432,351.2756323845481,352.95216786632784,6775400,346.11577758789065,338.676943359375,343.50698654174806,350.26634451339714,345.3619896421536,4.904354871243527,4.521037373439507,0.38331749780402014,66.1911452977492,346.11577758789065,365.3677636034794,326.8637915723019,0.11124593134561737,0.010627461383032388,0.010571386852051839,0.24908669509629275,6306640.0,1.0743280098435934,0
2026-01-07,355.14764404296875,357.54269902318487,353.78046822093927,356.41501956274413,6333900,347.5647888183594,338.8602990722656,343.61689193725584,351.01731367179275,346.08685293110284,4.9304607406899095,4.602922046889588,0.32753869380032175,66.39269865473608,347.5647888183594,364.74605177068645,330.3835258660323,0.09886653369427571,-0.0046985160892766276,-0.004709588813192451,0.24300145831276315,6320365.0,1.002141490246212,0
2026-01-08,351.50518798828125,355.6167049317765,348.7807948501946,354.2694768864638,6357600,348.84864196777346,338.962041015625,343.6678399658203,351.09237125894487,346.4882110834864,4.604160175458446,4.60316967260336,0.0009905028550862838,60.92182400128472,348.84864196777346,362.7070131601841,334.99027077536283,0.0794520575699467,-0.010256174061080925,-0.010309131015940401,0.24787752440616162,6421975.0,0.9899758251939629,0
2026-01-09,349.0502014160156,353.97007917190984,348.44147134622284,351.4352976810692,4902900,350.0481674194336,339.0330096435547,343.7027909851074,350.7781912831096,346.67798814515527,4.100203137954338,4.502576365673556,-0.4023732277192176,55.12815700327743,350.0481674194336,358.22525897776416,341.871075861103,0.046719807840231574,-0.006984211488643699,-0.007008715253338613,0.2499646946555354,6393745.0,0.7668275791418019,0
2026-01-12,342.4937438964844,345.7969298399835,336.62583942441455,342.0745948107181,13281300,349.9269165039062,339.0847961425781,343.70714340209963,349.5036609159365,346.3680441267352,3.135616789201322,4.229184450379109,-1.0935676611777874,42.435627240581915,349.9269165039062,358.48719695207916,341.3666360557333,0.048926104534615725,-0.0187837093144001,-0.0189623639170387,0.14569389039503977,6410130.0,2.0719236583345424,0
2026-01-13,327.2052917480469,336.8254386707351,323.16360758569283,336.3065196930893,20383500,348.9314712524414,338.75611572265626,343.60686462402344,346.073142582415,344.9485809875731,1.1245615948419072,3.6082598792716687,-2.4836982844297615,26.929685196042882,348.9314712524414,362.20284940426734,335.6600931006154,0.07606867964182294,-0.04463863186084438,-0.045665614117871116,0.2120598579564751,7082190.0,2.8781351531094197,1
2026-01-14,328.4926452636719,329.22112357393314,323.27339662748295,327.98368499941245,9388400,348.0472946166992,338.53863708496095,343.54781204223633,343.36845068722374,343.7296227858027,-0.3611720985789475,2.8143734837015457,-3.175545582280493,26.929685196042882,348.0472946166992,364.146550049248,331.94803918415045,0.09251188376728348,0.003934390879644756,0.003926671404844064,0.21343063684211305,7201380.0,1.3036945696519278,0
2026-01-15,327.0755310058594,331.00742540917696,325.6983660025441,328.65226616102615,8587700,347.1810806274414,338.369306640625,343.4439065551758,340.8618476593215,342.49598635765875,-1.6341386983372672,1.9246710472937834,-3.5588097456310503,23.729131726111802,347.1810806274414,365.77727615362505,328.5848851012578,0.1071267794464822,-0.004313990825198011,-0.004323322932372001,0.21331824509338068,7267300.0,1.1816905866002505,1
2026-01-16,327.6243896484375,328.57244685544373,324.7303635575226,326.1075285720045,8341600,346.3772369384766,338.14322692871093,343.36314270019534,338.825315657647,341.39438660142014,-2.569070943773113,1.025922649080404,-3.594993592853517,24.590766014313587,346.3772369384766,366.8971608072558,325.8573130696974,0.11848309692720327,0.0016780791913422188,0.0016766727896051809,0.21382978653470586,7321205.0,1.1393752804353927,0
2026-01-20,325.1495056152344,327.644360890433,320.89826248076747,321.5668970946223,8279900,345.3698135375977,337.8728283691406,343.27010391235353,336.72134488189124,340.19106208392486,-3.469717202033621,0.12679467885759899,-3.59651188089122,23.650003834461003,345.3698135375977,367.98430953455727,322.7553175406381,0.1309581504261821,-0.0075540286724649075,-0.007582704852122897,0.2129534693535797,7394950.0,1.1196695041886693,0
2026-01-21,324.6106262207031,327.9936647784267,322.3353193026403,325.75825361952474,8974600,344.1737808227539,337.65300415039064,343.20881286621096,334.8581573955546,339.0369557236862,-4.17879832813162,-0.7343239225402449,-3.444474405591375,23.846429111663497,344.1737808227539,368.5461654896858,319.801396155822,0.14162836348933533,-0.001657328045176043,-0.0016587029326036904,0.20806240389746605,6912485.0,1.2983174647033593,1
2026-01-22,325.6883850097656,327.7142368080782,323.33325615728353,325.7881853155845,6938700,342.88992767333986,337.47345947265626,343.28323516845705,333.4474231823563,338.04817270784025,-4.600749525483934,-1.5076090431289828,-3.0931404823549515,26.743046943318802,342.88992767333986,368.3481973114574,317.4316580352223,0.14849237369474913,0.0033201586824509466,0.0033146591251857664,0.2051862952097075,7007245.0,0.9902179815319716,0
2026-01-23,325.5087585449219,327.1254199321477,323.9519712494617,325.1894097523205,5667900,341.53272552490233,337.3136273193359,343.3607791137695,332.2260901612126,337.1193272142907,-4.89323705307811,-2.1847346451188083,-2.7085024079593016,28.98547329553081,341.53272552490233,367.68425953569044,315.3811915141142,0.15314218554368847,-0.0005515286178792156,-0.0005516807657325542,0.20371834680202272,7105480.0,0.7976801004295276,1
2026-01-26,327.8139953613281,331.3167819278407,324.3611241733934,327.32501347087873,7540200,340.2029663085938,337.118828125,343.4699490356445,331.54730634584575,336.43004337333053,-4.8827370274847794,-2.7243351215920026,-2.158401905892777,20.76686592173246,340.2029663085938,366.30226360439735,314.1036690127902,0.15343368447957176,0.007081950196090148,0.007056990957572965,0.20506781740422167,7381310.0,1.0215259892891642,0
2026-01-27,324.5906677246094,328.25309829578197,324.24138188731973,327.80404260907557,6365800,338.71902618408205,336.8469885253906,343.44309967041016,330.47705425027095,335.5530525845364,-5.075998334265421,-3.1946677641266863,-1.8813305701387346,12.231007656582321,338.71902618408205,364.82572641665286,312.61232595151125,0.15414959429165762,-0.009832794457618865,-0.00988145562731596,0.20571712154458055,7598750.0,0.8377430498437243,1
2026-01-28,326.30712890625,327.71423096530964,324.21144434052763,326.05764337353963,8106000,337.34037017822266,336.66536315917966,343.4636421203613,329.8355272742677,334.86816934910775,-5.032642074840055,-3.5622626262693604,-1.4703794485706947,16.23827685694728,337.34037017822266,362.9840323861353,311.69670797031,0.1520343515029919,0.005288079271265067,0.0052741464769715755,0.20826225818786767,7804555.0,1.0386242393064051,1
2026-01-29,331.1171875,332.6739747908746,322.844269146056,329.3209038427684,10214200,336.2516143798828,336.7008898925781,343.46461135864257,330.0327057705342,334.5903188417664,-4.557613071232197,-3.7613327152619283,-0.7962803559702687,26.768170633491025,336.2516143798828,360.9465756992125,311.5566530605532,0.14688382308511583,0.01474089337205986,0.014633302438961219,0.21861356367064402,8146940.0,1.2537468055490772,0
2026-01-30,321.1676940917969,332.3147207991864,320.9381868988181,331.53632717586584,11199100,334.81058502197266,336.6226507568359,343.406999206543,328.66885781995927,333.59605034176866,-4.927192521809388,-3.9945046765714207,-0.9326878452379677,22.863191760592414,334.81058502197266,359.4940233925619,310.1271466513834,0.14744718043468888,-0.030048254164405486,-0.03050895528335253,0.2382559591288,8531735.0,1.3126403949489758,1
2026-02-02,333.15301513671875,334.00127208429024,323.4430267202089,324.16154631106275,8502400,334.1798858642578,336.8753302001953,343.4061869812012,329.3587281763838,333.5632329191724,-4.204504742788572,-4.036504689814851,-0.16800005297372067,41.77793656635228,334.1798858642578,358.32328001005317,310.03649171846246,0.14449340111153355,0.03731795341002209,0.036638491133902905,0.2777844202529314,8686665.0,0.9787876014557946,0
2026-02-03,328.25311279296875,335.0990119599509,328.19323869876354,330.96751673112385,9081200,332.9389450073242,336.9713323974609,343.40310897827146,329.18863350201224,333.1698906876017,-3.9812571855894703,-4.025455188969776,0.04419800338030555,51.128770210854995,332.9389450073242,355.4927877652682,310.3851022493802,0.1354833557092447,-0.01470766320916883,-0.014816893222945405,0.26764932562364935,8761115.0,1.0365347333073474,1
2026-02-04,329.2710266113281,330.62821332543064,323.7524077058803,326.4368440875912,8472300,331.56128692626953,337.09467834472656,343.4136566162109,329.2013093649839,332.88108594121104,-3.679776576227141,-3.956319466421249,0.2765428901941078,50.843411102895764,331.56128692626953,351.14215893327247,311.9804149192666,0.11811313792708981,0.0031010027892754977,0.003096204597038496,0.2636835345867926,8845960.0,0.9577592482896147,0
2026-02-05,328.45269775390625,336.89527963696725,328.1433381303329,332.3147289199413,8339000,330.2265396118164,337.11763061523436,343.4673094177246,329.08613834789503,332.5530571865959,-3.466918838700849,-3.8584393408771693,0.3915205021763204,51.511839903836176,330.2265396118164,346.37660027568654,314.07647894794627,0.09781200919135478,-0.0024852744131290683,-0.002488367833979368,0.26370924828271086,8946215.0,0.9321260443662488,1
2026-02-06,330.89764404296875,334.4403569413341,326.4268827108616,331.09724465448534,7798800,329.19616241455077,337.1631365966797,343.47710662841797,329.3648315317525,332.4304339907717,-3.0656024590192033,-3.699871964505576,0.634269505486373,53.44973317620662,329.19616241455077,341.889734293155,316.5025905359465,0.07711858963057693,0.00744383074269761,0.0074162621606759845,0.265411969222418,9018275.0,0.8647773548710812,0
2026-02-09,324.9100036621094,332.1351258012084,322.9540455040185,330.07936733351744,8513400,327.9891525268555,336.9845050048828,343.4422259521484,328.67947339796126,331.87336507753747,-3.193891679576211,-3.5986759075197035,0.40478422794349234,49.76498631482491,327.9891525268555,336.69973868426297,319.278566369448,0.05311508682711243,-0.01809514358489006,-0.018260862882561932,0.2705696010047037,9198800.0,0.9254902813410445,1
2026-02-10,328.1700134277344,329.8800048828125,324.54998779296875,324.7099914550781,5801800,327.272966003418,336.88584289550784,343.4169952392578,328.6010949410033,331.5990427331076,-2.9979477921042985,-3.478530284436623,0.4805824923323243,53.315621062781716,327.272966003418,332.6979385789523,321.8479934278837,0.03315258600050479,0.010033577694995355,0.009983575543126911,0.2682181332886688,8824825.0,0.6574407991093307,1
2026-02-11,329.239990234375,331.0400085449219,326.4200134277344,326.9200134277344,8264300,327.37470092773435,336.7956072998047,343.39979431152346,328.69938652459894,331.42429810357186,-2.7249115789729217,-3.3278065433438826,0.6028949643709609,53.30885175204609,327.37470092773435,332.8701853896691,321.87921646579963,0.033573055256629694,0.0032604344177113997,0.0032551307265133666,0.21603207117217893,8218865.0,1.0055281355758976,0
2026-02-12,324.17999267578125,332.239990234375,324.0,328.8900146484375,9392600,327.15906829833983,336.6850048828125,343.3456802368164,328.00409516324237,330.8876828866984,-2.88358772345606,-3.2389627793663185,0.35537505591025864,48.86524567622664,327.15906829833983,332.8062021339779,321.5119344627018,0.034522251606905564,-0.0153687210201644,-0.015488043952361927,0.22260688098831033,8219075.0,1.1427806657075157,0
2026-02-13,314.0799865722656,326.4800109863281,312.82000732421875,323.8299865722656,11653900,326.50929107666013,336.38777099609376,343.2211650085449,325.8619246107844,329.6426683448886,-3.780743734104192,-3.3473189703138937,-0.43342476379029815,39.64930034867567,326.50929107666013,334.6409609926893,318.37762116063095,0.04980973061572065,-0.031155550409358024,-0.03165120671541027,0.247586976749232,8372385.0,1.3919450670268985,1
2026-02-17,319.5,321.3800048828125,314.4100036621094,314.4100036621094,8591700,326.10307159423826,336.19913696289063,343.1039978027344,324.88316697835603,328.89135957860054,-4.008192600244513,-3.479493696300018,-0.5286989039444951,46.286356465788415,326.10307159423826,334.7927593171119,317.4133838713646,0.053294117595347364,0.01725679336300945,0.01710958604203235,0.2565927590460704,8384890.0,1.0246646050216521,1
2026-02-18,320.29998779296875,322.2799987792969,316.7200012207031,319.5,7091900,325.860595703125,336.07659912109375,343.00596710205076,324.17806248829646,328.2549616685538,-4.076899180257328,-3.5989747930914797,-0.4779243871658485,45.55839865697305,325.860595703125,334.9248841943515,316.7963072118985,0.0556329216281461,0.002503874156396746,0.0025007446862789057,0.2557356204243606,8325490.0,0.8518297421533148,0
2026-02-19,318.92999267578125,320.20001220703125,315.7300109863281,317.489990234375,5967600,325.5765640258789,335.8440319824219,342.87552780151367,323.3706671325249,327.5642232246447,-4.19355609211982,-3.7178910528971483,-0.475665039222672,40.50598003200888,325.5765640258789,335.14761305313226,316.00551499862553,0.05879445933640726,-0.004277225005931085,-0.004286398500217858,0.25604442671202976,8175140.0,0.7299691503754064,1
2026-02-20,320.95001220703125,322.3500061035156,317.82000732421875,318.1099853515625,6831100,325.3396453857422,335.73968383789065,342.75002700805663,322.998258682449,327.0742816677844,-4.076022985335442,-3.7895174393848072,-0.2865055459506345,49.80651895235424,325.3396453857422,335.1310865623818,315.54820420910255,0.06019211808650198,0.006333739621985135,0.006313765788195026,0.2569031658431417,8169760.0,0.836144513425119,0
2026-02-23,306.5199890136719,320.5199890136719,304.7099914550781,319.0400085449219,13048000,324.3902069091797,335.35352111816405,342.5570411682129,320.46314027186787,325.5517414711835,-5.088601199315633,-4.049334191370972,-1.0392670079446606,27.313808949689644,324.3902069091797,337.29892056995715,311.4814932484023,0.07958756698466868,-0.0449603447406981,-0.0460024155317675,0.3013000379086385,8538765.0,1.5280898350054135,1
2026-02-24,307.2200012207031,309.2699890136719,303.0799865722656,305.5,9120200,323.3605072021484,334.99672729492187,342.3568855285645,318.4257342639964,324.19383478596274,-5.768100521966346,-4.393087457490047,-1.375013064476299,30.70316756625391,323.3605072021484,338.25242465722624,308.4685897470706,0.09210721237376185,0.0022837408068678844,0.002281137034305654,0.2996838622278886,8617765.0,1.0583022396178128,1
2026-02-25,312.989990234375,313.94000244140625,308.25,308.54998779296875,7624200,322.78047332763674,334.35815185546875,342.17853256225584,317.58946595174694,323.36392037473405,-5.774454422987105,-4.6693608505894595,-1.1050935723976458,36.26094816730061,322.78047332763674,338.3585231172625,307.202423538011,0.09652411516116306,0.018781293505453656,0.018607102652526644,0.3082085004225583,8680685.0,0.8782947428687944,1
2026-02-26,316.70001220703125,319.4200134277344,313.94000244140625,314.4800109863281,8725500,322.3001174926758,333.7498681640625,342.0124267578125,317.45262691409835,322.8702975474968,-5.4176706333984725,-4.819022807151262,-0.5986478262472108,40.54378305644088,322.3001174926758,338.01219223747125,306.5880427478803,0.09749965260346222,0.011853484419351856,0.01178378214214532,0.31103336485954813,8711660.0,1.0015886754074423,1
2026-02-27,320.1400146484375,320.2300109863281,311.95001220703125,314.4599914550781,12412900,321.75125885009766,333.2291448974609,341.847093963623,317.86607118091973,322.66805436978876,-4.8019831888690305,-4.815614883494816,0.013631694625785507,41.480818755510185,321.75125885009766,336.9241539721421,306.5783637280532,0.09431444138724213,0.010862021815008616,0.010803453785843489,0.30867439463997487,8821595.0,1.4071038173935666,1
2026-03-02,320.510009765625,322.6000061035156,314.6000061035156,315.5,6674900,321.71837463378904,332.7513488769531,341.67923645019533,318.2728309631821,322.50819921392474,-4.235368250742624,-4.699565556944378,0.46419730620175415,46.175252027119875,321.71837463378904,336.899443657624,306.5373056099541,0.09437489569015445,0.0011557290568435796,0.0011550617161443643,0.2896911365302704,8595385.0,0.7765678907925591,1
2026-03-03,320.8299865722656,322.0400085449219,314.3500061035156,315.80999755859375,5474300,321.1022232055664,332.29392333984373,341.5113882446289,318.66623951842575,322.38388716639446,-3.717647647968704,-4.503181975149244,0.7855343271805397,43.275902750830596,321.1022232055664,335.29750372315726,306.9069426879756,0.08841595910410853,0.0009983363916610255,0.0009978383853099168,0.2542509054339649,8443980.0,0.6483080253624476,0
2026-03-04,320.4700012207031,325.7699890136719,319.79998779296875,321.44000244140625,5257900,320.71306762695315,331.79736389160155,341.31270874023437,318.9437413187761,322.242117837084,-3.2983765183078617,-4.262220883780968,0.9638443654731059,41.860047484354574,320.71306762695315,334.5039043183508,306.9222309355555,0.08600108996767712,-0.0011220439691705941,-0.0011226739317795559,0.24960516252382392,8252815.0,0.637103824573797,0
2026-03-05,319.79998779296875,322.79998779296875,314.7699890136719,319.3299865722656,8267200,320.23951568603513,331.22273803710937,341.0966607666016,319.07547154557494,322.06121931529765,-2.985747769722707,-4.0069262609693155,1.0211784912466086,45.57396805895291,320.23951568603513,333.4304145666377,307.0486168054326,0.08238145659410129,-0.002090721206921775,-0.002092909815550034,0.2491316631010857,8242560.0,1.0029893625281465,0
2026-03-06,317.3599853515625,317.69000244140625,312.29998779296875,316.04998779296875,6439700,319.684880065918,330.54262878417967,340.8545932006836,318.81155059264995,321.71297976242835,-2.901429169778396,-3.7858268427311317,0.8843976729527356,53.9215636194603,319.684880065918,332.34382352326054,307.0259366085754,0.07919638523243468,-0.00762977653077912,-0.007659032180113833,0.25011282688107206,8147595.0,0.7903804742381034,0
2026-03-09,315.9700012207031,316.3999938964844,310.1499938964844,313.4599914550781,8381500,318.93849792480466,329.8089727783203,340.6108450317383,318.37438915081196,321.2875739445228,-2.9131847937108546,-3.6112984329270765,0.6981136392162219,45.32945490723999,318.93849792480466,330.52900727045426,307.34798857915507,0.07268178298364131,-0.004379834241924341,-0.0043894538142817555,0.24795656608272856,8176730.0,1.0250430184193438,0
2026-03-10,314.42999267578125,317.1300048828125,311.45001220703125,315.42999267578125,5271300,318.4144973754883,329.00938903808594,340.40184997558595,317.76755892388417,320.7796049616531,-3.0120460377689255,-3.4914479538954466,0.47940191612652105,42.38257117330613,318.4144973754883,329.8143197658977,307.01467498507884,0.07160366430782372,-0.004873907456316329,-0.004885823678071164,0.2410520334991841,8014625.0,0.6577101236801473,0
2026-03-11,308.9599914550781,315.0799865722656,308.3900146484375,313.25,6376700,317.4539962768555,328.10319946289064,340.1671453857422,316.4125485440679,319.90407803524016,-3.4915294911722867,-3.491464261350815,-6.522982147183498e-05,38.30636530434154,317.4539962768555,328.6278106524403,306.2801819012707,0.07039643228078939,-0.01739656314002913,-0.017549661533402035,0.24325901013565235,8043370.0,0.7927895894382578,0
2026-03-12,306.5,310.95001220703125,306.0199890136719,308.1400146484375,7514900,316.3169967651367,327.15559448242186,339.9421627807617,314.8875410757497,318.9111833659631,-4.023642290213388,-3.5978998671233295,-0.4257424230900586,33.224971267992046,316.3169967651367,327.0607306025032,305.5732629277702,0.06793017098188787,-0.007962168316656637,-0.007994035646888798,0.24275186301708881,8005900.0,0.9386702307048552,1
2026-03-13,307.1400146484375,310.3500061035156,306.4200134277344,307.5899963378906,4814100,315.46499786376955,326.2405487060547,339.6917468261719,313.6956139330863,318.0392449424427,-4.343631009356386,-3.747046095569941,-0.5965849137864452,51.058786988754974,315.46499786376955,326.28558626269063,304.6444094648485,0.06860088106252497,0.002088139146614987,0.0020859620143104996,0.23927684444427336,7776975.0,0.6190196059521857,1
2026-03-16,310.1099853515625,311.1300048828125,307.3800048828125,307.8500061035156,6401200,315.26649780273436,325.44298278808594,339.45404296875,313.143978766698,317.4518923801553,-4.307913613457288,-3.8592195991474108,-0.448694014309877,54.58001274872343,315.26649780273436,326.33683978778413,304.1961558176846,0.07022847059364105,0.009669761546780231,0.009623308621662349,0.2175206764210702,7514340.0,0.8518645682787843,0
2026-03-17,308.4599914550781,312.69000244140625,307.3800048828125,311.32000732421875,6872200,314.7144973754883,324.6968426513672,339.19481643676755,312.4233653341411,316.78582564496435,-4.362460310823224,-3.9598677414825736,-0.40259256934065,41.74260840541818,314.7144973754883,325.99499884610816,303.4339959048684,0.07168720579885467,-0.005320673226996586,-0.005334878418650987,0.20754850815942258,7428365.0,0.9251295540808778,0
2026-03-18,299.0199890136719,307.94000244140625,298.5,307.4100036621094,7191700,313.65049743652344,323.6158038330078,338.87452041625977,310.3613074386843,315.4698377463501,-5.108530307665774,-4.189600254719214,-0.9189300529465596,23.341294054307767,313.65049743652344,326.60315707723964,300.69783779580723,0.0825929481800842,-0.03060365267104992,-0.031081723548921594,0.23069051746982983,7433355.0,0.9674904535031624,1
2026-03-19,299.7099914550781,302.4700012207031,297.0299987792969,298.0400085449219,6826400,312.68949737548826,322.47351989746096,338.5570280456543,308.7226434412064,314.30244172477444,-5.579798283568039,-4.46763986048898,-1.1121584230790589,16.408974452895364,312.68949737548826,326.7936835819068,298.5853111690697,0.09021208786863574,0.002307546206801181,0.002304887910694905,0.23151437937956204,7476295.0,0.9130725847495317,1
2026-03-20,301.6199951171875,302.9200134277344,299.010009765625,299.8500061035156,14398100,311.7229965209961,321.4029669189453,338.2464015197754,307.62992831443427,313.36300123532357,-5.733072920889299,-4.720726472569044,-1.0123464483202547,20.438116561088734,311.7229965209961,326.090530261819,297.3554627801732,0.09218141684234192,0.0063728394667004196,0.00635261878855428,0.23153532807705332,7854645.0,1.8330682035916328,1
2026-03-23,304.44000244140625,307.8500061035156,302.8500061035156,305.20001220703125,7824500,311.61899719238284,320.4616632080078,337.9392367553711,307.13917048781457,312.7020383617001,-5.562867873885523,-4.88915475283234,-0.6737131210531828,26.211911694749645,311.61899719238284,326.1739964851202,297.06399789964547,0.09341535287562465,0.009349537066079217,0.009306100674609909,0.17412902435209937,7593470.0,1.0304248255408923,0
2026-03-24,303.760009765625,306.0400085449219,300.6199951171875,302.0,5375900,311.4459976196289,319.555859375,337.6347866821289,306.6192996074777,312.03966587310197,-5.420366265624239,-4.99539705539072,-0.4249692102335185,25.970669061029028,311.4459976196289,326.3003215460442,296.5916736932136,0.09538940323488755,-0.002233585173854191,-0.0022360833458317715,0.1739841565163508,7406255.0,0.7258594255801346,1
2026-03-25,304.9100036621094,308.489990234375,302.1700134277344,305.4800109863281,6280900,311.0419982910156,318.8041845703125,337.3189361572266,306.35633100049796,311.5115427463617,-5.155211745863767,-5.027359993485329,-0.1278517523784375,28.87943684847079,311.0419982910156,326.1567380916528,295.9272584903784,0.09718777453645105,0.003785863377380405,0.003778715032714654,0.15947007973249958,7339090.0,0.8558145492152297,1
2026-03-26,305.5299987792969,307.8699951171875,303.0,304.1600036621094,7652700,310.4834976196289,318.3706787109375,337.023882598877,306.22920296646697,311.06846541546804,-4.839262449001069,-4.989740484588477,0.15047803558740824,32.30631175069584,310.4834976196289,325.54333275914144,295.4236624801164,0.09700892482190615,0.0020333708626842917,0.0020313063622746357,0.15241465607997426,7285450.0,1.0504086912956647,0
2026-03-27,295.5199890136719,304.5899963378906,294.32000732421875,304.32000732421875,9974400,309.25249633789065,317.7112255859375,336.65869567871096,304.5816315891139,309.9167264227424,-5.335094833628489,-5.05881135439648,-0.276283479232009,25.68368829532605,309.25249633789065,324.9981356613699,293.5068570144114,0.10183031348128857,-0.03276277225024915,-0.03331149019301306,0.1805975321989698,7163525.0,1.3923871278455788,1
2026-03-30,299.5400085449219,300.67999267578125,295.8900146484375,298.7300109863281,9330300,308.2039962768555,317.16051513671874,336.3006344604492,303.8059972746228,309.14808065401496,-5.342083379392136,-5.115465759395611,-0.2266176199965253,33.28095156182431,308.2039962768555,323.58175370758596,292.826238846125,0.0997894746109446,0.013603206824239544,0.013511513816393157,0.19038693404804422,7296295.0,1.2787723084113238,1
2026-03-31,302.239990234375,303.3399963378906,296.5899963378906,301.6000061035156,10246900,307.2744964599609,316.6528271484375,335.9655680847168,303.56507311458466,308.63637025256014,-5.071297137975478,-5.106632035111584,0.03533489713610649,41.95401752861573,307.2744964599609,321.65381348521146,292.89517943471037,0.09359264885899325,0.00901375980647412,0.008973378351306623,0.19486504102358027,7534925.0,1.3599206362372551,0
2026-04-01,298.510009765625,305.04998779296875,293.8900146484375,305.04998779296875,7707600,306.176496887207,316.12003723144534,335.7040655517578,302.7873710608986,307.8862694757501,-5.098898414851533,-5.105085311059574,0.006186896208041581,40.71578418815239,306.176496887207,319.6376724120398,292.7153213623742,0.08793082200422328,-0.012341121589692805,-0.012417905618767384,0.197552370837413,7657410.0,1.006554435507567,1
2026-04-02,300.79998779296875,302.4700012207031,295.8500061035156,297.79998779296875,4376000,305.226496887207,315.6438244628906,335.44093887329103,302.48161978890937,307.36135972147,-4.879739932560653,-5.060016235359791,0.18027630279913787,42.905062046128876,305.226496887207,317.24378939693077,293.2092043774833,0.07874344221278141,0.007671360934066174,0.007642085670195725,0.20145591465742274,7462850.0,0.5863711584716295,1
2026-04-06,303.3299865722656,304.4200134277344,299.4599914550781,300.739990234375,5501000,304.5249969482422,315.1966564941406,335.1787306213379,302.61213775557957,307.06273948819563,-4.4506017326160645,-4.938133334811046,0.4875316021949816,42.33724575847357,304.5249969482422,315.1130332184157,293.93696067806866,0.06953804368298269,0.00841090053846072,0.008375726009875593,0.2045683543847392,7415915.0,0.7417830436298151,0
2026-04-07,302.54998779296875,304.9800109863281,301.1199951171875,302.44000244140625,4413900,303.85399627685547,314.73748107910154,334.99941757202146,302.6025762228702,306.7284615848455,-4.125885361975293,-4.775683740243895,0.6497983782686028,43.186524687453165,303.85399627685547,312.9893945497931,294.71859800391786,0.060130183475447345,-0.0025714529186880997,-0.0025747647824974846,0.20441089631442397,7217535.0,0.6115522820464327,1
2026-04-08,308.9599914550781,311.0799865722656,307.70001220703125,307.7300109863281,6879300,303.5804962158203,314.36040100097654,334.8611521911621,303.58064010474834,306.8937600937516,-3.313119989003269,-4.48317098999577,1.1700510009925011,62.320291104958166,303.5804962158203,311.64780612925125,295.51318630238933,0.05314774838299085,0.02118659368942244,0.020965278301978495,0.2200345885220784,7297935.0,0.9426365129313977,0
2026-04-09,308.2900085449219,309.5799865722656,303.5899963378906,308.0,4811500,303.5469970703125,314.0343878173828,334.69378662109375,304.3051583263135,306.9971859049494,-2.692027578635873,-4.124942307723791,1.4329147290879183,60.63991631875168,303.5469970703125,311.52532518142425,295.56866895920075,0.05256733348123803,-0.002168510255974865,-0.002170864878971927,0.21125084113061496,7219675.0,0.6664427415361495,0
2026-04-10,304.3599853515625,309.0,303.510009765625,308.7099914550781,5190000,303.43999633789065,313.59544494628904,334.46759872436525,304.3135932532749,306.80183771580965,-2.4882444625347375,-3.7976027386859803,1.3093582761512428,53.235701991356464,303.43999633789065,311.30821231823734,295.57178035754396,0.051860111226637154,-0.01274781239881384,-0.012829762964517315,0.21429712910468202,7103430.0,0.7306329477449627,1
2026-04-13,309.3900146484375,309.75,302.3399963378906,303.92999267578125,6787200,303.5524963378906,313.1609014892578,334.29822677612304,305.094581160223,306.99355452563395,-1.8989733654109386,-3.4178768640309722,1.5189034986200336,55.555570778195026,303.5524963378906,311.70274806517557,295.40224461060563,0.05369912503182153,0.016526578850583284,0.01639150116260975,0.22237442076952135,7202085.0,0.9423937651388452,1
2026-04-14,311.3699951171875,312.1199951171875,307.489990234375,308.4700012207031,5571000,303.61549682617186,312.96494750976564,334.1349269104004,306.06002946129445,307.3177353101935,-1.257705848899036,-2.985842661004585,1.7281368121055491,58.298788880812985,303.61549682617186,311.99541780375984,295.2355758485839,0.055200877854964726,0.006399626280763737,0.006379235621326733,0.2208758656780449,7160575.0,0.7780101458332606,1
2026-04-15,315.9100036621094,316.7300109863281,311.5199890136719,313.0,4831400,303.9879974365234,312.6200872802734,333.98150192260744,307.57541010757365,307.9541996325576,-0.3787895249839721,-2.4644320338004624,2.0856425088164903,61.16978288139543,303.9879974365234,313.8124593351733,294.16353553787354,0.06463716976655531,0.014580751569248651,0.014475474522876222,0.22541451580318775,7058535.0,0.6844763113025578,0
2026-04-16,315.1000061035156,318.0,314.57000732421875,316.3500061035156,5695800,304.7919982910156,312.3570251464844,333.79201309204103,308.73304026079546,308.48351863040637,0.24952163038909703,-1.9216413009625506,2.1711629313516476,59.68036490212518,304.7919982910156,315.4970145921504,294.0869819898808,0.07024473320269792,-0.002564013640606655,-0.0025673063531587784,0.19234209678701814,6983740.0,0.8155801905569222,1
2026-04-17,317.0199890136719,319.44000244140625,315.17999267578125,316.6000061035156,8082300,305.6574981689453,312.11200439453125,333.61003631591797,310.0079554535457,309.1158497699075,0.8921056836381922,-1.3588919040424021,2.2509975876805943,76.00389184336954,305.6574981689453,317.38288842746994,293.9321079104207,0.0767224120380889,0.006093249358825714,0.006074760581426237,0.19271063531089197,7046535.0,1.1469892649365965,0
2026-04-20,313.94000244140625,317.54998779296875,312.3500061035156,316.3999938964844,5506800,306.27349853515625,311.8217504882812,333.4188734436035,310.6128857593704,309.4731944122408,1.1396913471295989,-0.859175253808002,1.9988666009376008,67.82180424149718,306.27349853515625,318.39361670812355,294.15338036218895,0.07914571930601473,-0.009715433344907431,-0.009762936091019865,0.197253350345159,6601970.0,0.8341146657740038,0
2026-04-21,309.94000244140625,316.8900146484375,308.82000732421875,314.010009765625,6806900,306.5484985351562,311.40259765625,333.18464462280275,310.5093652489144,309.5077727847716,1.0015924641427887,-0.4870217102178439,1.4886141743606327,59.232639356451585,306.5484985351562,318.742811700429,294.35418536988345,0.07955878579437427,-0.012741288045146626,-0.012823154387508492,0.20198122816499411,6551090.0,1.039048463690775,1
2026-04-22,311.2900085449219,311.3599853515625,308.05999755859375,311.010009765625,5666600,306.9249984741211,311.13019775390626,332.9682015991211,310.62946421753094,309.63979024848646,0.9896739690444747,-0.19168257436538022,1.181356543409855,66.25127965123635,306.9249984741211,319.2213586796508,294.6286382685914,0.0801261563356593,0.004355701403115475,0.0043462427917371396,0.20194806528082768,6565625.0,0.8630709186101856,0
2026-04-23,308.8800048828125,312.20001220703125,305.010009765625,310.5,7275000,307.1234985351563,310.7443975830078,332.7500982666016,310.3603166275742,309.58350985102913,0.7768067765450724,0.0020152958167103108,0.774791480728362,60.24342873944768,307.1234985351563,319.4110708055492,294.8359262647634,0.08001714182730534,-0.007741988486474671,-0.007772113263852523,0.20420097703722673,6615330.0,1.0997183813959395,1
2026-04-24,309.4200134277344,309.9800109863281,304.5,307.1000061035156,5616900,307.3179992675781,310.347998046875,332.518737487793,310.2156545968296,309.5713990048592,0.6442555919704205,0.13046335504745235,0.5137922369229682,58.130874326291064,307.3179992675781,319.6225057754202,295.013492759736,0.08007670580419687,0.0017482793848269118,0.001746752923285078,0.204179275359451,6513540.0,0.8623421365340506,1
2026-04-27,309.6499938964844,310.82000732421875,306.05999755859375,307.510009765625,6261500,308.0244995117188,310.0573980712891,332.29787246704103,310.12862987369954,309.5772208486833,0.5514090250162553,0.21465248904121298,0.33675653597504235,59.62060606762333,308.0244995117188,319.0308754916566,297.01812353178093,0.07146428934961459,0.0007432630688697373,0.0007429869856681263,0.16150144872954858,6327895.0,0.9895075692627643,0
2026-04-28,309.29998779296875,313.9599914550781,308.739990234375,312.20001220703125,8839900,308.5124984741211,309.9617980957031,332.11477752685545,310.001146476664,309.5566850667785,0.4444614098854913,0.26061427321006864,0.18384713667542268,50.551226294201754,308.5124984741211,318.7752969705779,298.2496999776643,0.0665308442751319,-0.0011303281460184333,-0.0011309674486705335,0.15631484676688184,6303375.0,1.4024074404584845,1
2026-04-29,334.8599853515625,341.9800109863281,333.7900085449219,336.3999938964844,16658600,310.1434982299805,310.26899780273436,332.0467070007324,313.8255832266484,311.43100360639215,2.394579620256252,0.6874073426193053,1.7071722776369467,73.83812270659597,310.1434982299805,325.37460495769,294.91239150227096,0.09821973902167831,0.08263821069305188,0.07940085005905083,0.32728261108042694,6623960.0,2.514900452297417,0
2026-04-30,329.8399963378906,332.5,328.0799865722656,332.1199951171875,11241100,311.7099975585937,310.4597979736328,331.97083587646483,316.28933908991644,312.79463269761425,3.4947063923021915,1.2488671525558825,2.245839239746309,72.42170132613487,311.7099975585937,328.2881822643123,295.13181285287516,0.10636928449882191,-0.01499130751141109,-0.015104812987475447,0.32930956848654325,6800635.0,1.6529485849483174,0
2026-05-01,328.0299987792969,335.8500061035156,327.92999267578125,332.8800048828125,6726100,313.07149810791014,310.6417980957031,331.8715980529785,318.09559442674424,313.92317833329446,4.172416093449783,1.8335769407346627,2.3388391527151207,67.38806271824218,313.07149810791014,330.3354699659205,295.8075262498998,0.11028772636504748,-0.005487501754455448,-0.005502613401020976,0.331305904079371,6918140.0,0.9722410937043772,0
2026-05-04,326.8500061035156,329.7900085449219,325.3999938964844,328.0,6712400,314.2474990844727,310.7597979736328,331.7669075012207,319.4424269924014,314.8807211310886,4.5617058613128165,2.379202724850294,2.1825031364625227,64.65911317464565,314.2474990844727,331.9169976931556,296.57800047578974,0.11245593782073801,-0.003597209645984756,-0.0036036951624495643,0.33218643631506084,6978710.0,0.9618396523139663,0
2026-05-05,322.0299987792969,325.5799865722656,319.6499938964844,325.1099853515625,5893200,315.22149963378905,311.0699981689453,331.64189514160154,319.8405149596161,315.4102972531781,4.430217706437986,2.7894057211678325,1.6408119852701537,55.764883368481094,315.22149963378905,332.3142195357602,298.12877973181793,0.10844894730739317,-0.01474684789417513,-0.01485666361670922,0.3381107772561181,7052675.0,0.8355978405356833,0
2026-05-06,318.79998779296875,324.5799865722656,318.0,323.75,7806100,315.71349945068357,311.3015979003906,331.49133712768554,319.68043385705494,315.66138544131076,4.01904841574418,3.035334260083102,0.9837141556610782,53.33331867022468,315.71349945068357,332.6127234519349,298.8142754494322,0.10705417431091584,-0.01003015557113307,-0.010080796490283615,0.3343839774337004,7099015.0,1.099603254817746,0
