Date,Close,High,Low,Open,Volume,SMA_20,SMA_50,SMA_200,EMA_12,EMA_26,MACD,MACD_Signal,MACD_Hist,RSI,BB_Mid,BB_Upper,BB_Lower,BB_Width,Daily_Return,Log_Return,Volatility_20d,Volume_MA20,Volume_Ratio,Target
2020-10-15,188.60000610351562,188.67999267578125,181.1999969482422,182.60000610351562,6810100,169.82549896240235,157.64379974365235,100.48510000228882,180.00255470618626,169.59591680243594,10.406637903750322,8.801277054354243,1.6053608493960798,77.21185248292866,169.82549896240235,199.81426270252197,139.83673522228273,0.35317150749851567,0.005920318832099314,0.005902862608285118,0.4139358140704946,9396910.0,0.7247169548287682,0
2020-10-16,186.35000610351562,192.83999633789062,184.6999969482422,191.67999267578125,5292800,171.89249954223632,158.29079986572265,101.09770002365113,180.97908569039078,170.83696045436778,10.142125236022991,9.069446690687993,1.0726785453349983,72.86864431856208,171.89249954223632,200.33856489801616,143.4464341864565,0.3309750621060723,-0.011930010218372145,-0.012001743883346402,0.4190853841111869,9217220.0,0.5742295399263553,1
2020-10-19,186.9600067138672,191.39999389648438,185.91000366210938,188.11000061035156,5454000,173.68450012207032,159.08559997558595,101.71750005722046,181.8992273863102,172.03126017729366,9.867967209016541,9.229150794353703,0.6388164146628377,71.0912316439015,173.68450012207032,201.11827117848958,146.25072906565106,0.3159035036187805,0.0032734134176133356,0.003268067463081373,0.405677472809897,8856785.0,0.6157990738174179,0
2020-10-20,185.74000549316406,189.6999969482422,184.3300018310547,188.10000610351562,4876000,175.19200057983397,160.01360015869142,102.33335008621216,182.4901163258262,173.04672279328406,9.443393532542132,9.271999341991389,0.17139419055074256,72.52768786809196,175.19200057983397,201.738400923541,148.64560023612694,0.3030549369360046,-0.006525466286328663,-0.006546850218973744,0.40399293938071384,8541100.0,0.5708866539438714,0
2020-10-21,177.82000732421875,184.74000549316406,175.58999633789062,183.5500030517578,10477200,176.6035011291504,160.80500030517578,102.8995001411438,181.77163801788657,173.40029942520516,8.371338592681411,9.091867192129394,-0.7205285994479826,58.72778518592743,176.6035011291504,200.26326548918792,152.9437367691129,0.26794218924046237,-0.04264023869234135,-0.04357603204040244,0.410591853630719,8621610.0,1.2152254625296204,0
2020-10-22,175.92999267578125,181.97999572753906,173.61000061035156,178.5,6681600,177.78450088500978,161.5432000732422,103.4411501121521,180.87292334987035,173.587684110433,7.285239239437345,8.730541601590986,-1.4453023621536403,55.828098620940224,177.78450088500978,198.51515565876878,157.05384611125078,0.2332110467511169,-0.010628807617758307,-0.010685696862423464,0.41475775349104826,8294995.0,0.8054977730547155,1
2020-10-23,176.77000427246094,177.7899932861328,173.33999633789062,177.5,4167600,178.73700103759765,162.2148001098633,103.98535013198853,180.24170503026892,173.82341152984247,6.418293500426444,8.268091981358078,-1.849798480931634,45.25715314093671,178.73700103759765,197.21407161135417,160.25993046384113,0.20675148924390688,0.004774692387032209,0.004763329697879003,0.4014076293880665,8064235.0,0.51680041566249,0
2020-10-26,169.88999938964844,176.86000061035156,166.77000427246094,175.00999450683594,6489400,179.1935012817383,162.7733999633789,104.49485013961792,178.6491349317119,173.53204766760587,5.117087264106033,7.637891037907669,-2.520803773801636,43.95117326621504,179.1935012817383,196.19250419729502,162.19449836618156,0.18972789519671165,-0.03892065801055333,-0.039698311516200346,0.4281783044206164,7874350.0,0.8241188161562542,1
2020-10-27,171.02000427246094,176.25999450683594,169.25999450683594,175.30999755859375,6937600,179.50400161743164,163.14420013427736,105.00665014266968,177.47542252259638,173.34597037907662,4.129452143519757,6.936203259030087,-2.8067511155103304,38.92116706363839,179.50400161743164,195.59964758260787,163.4083556522554,0.1793346757748623,0.006651391411337748,0.006629368508843238,0.42048368502159167,7617235.0,0.9107766794643988,0
2020-10-28,167.1300048828125,168.94000244140625,164.4499969482422,166.58999633789062,5420300,179.73300170898438,163.46600036621095,105.50145017623902,175.88381980878347,172.88552849046445,2.998291318319019,6.148620870887873,-3.150329552568854,30.470076632481565,179.73300170898438,194.91755443731407,164.54844898065468,0.16896788663125806,-0.022745873537993067,-0.023008551793549797,0.4261961833071456,7560190.0,0.716952880813842,1
2020-10-29,169.86000061035156,172.0800018310547,168.11000061035156,170.0800018310547,4431800,179.80150146484374,163.85580047607422,105.99895017623902,174.9570783936401,172.6614153141598,2.295663079480306,5.37802931260636,-3.082366233126054,28.683327339613854,179.80150146484374,194.78351095595545,164.81949197373203,0.16665054928966894,0.016334563799320634,0.016202590028636877,0.4100334134369425,7445605.0,0.5952236252124575,0
2020-10-30,154.8800048828125,167.39700317382812,152.42999267578125,166.49000549316406,14936400,179.06500167846679,163.83620056152344,106.42575021743774,171.8682978535128,171.34427380072668,0.5240240527861033,4.407228260642309,-3.883204207856206,21.812787557603812,179.06500167846679,197.26016328736006,160.8698400695735,0.20322409670612152,-0.08819024887384908,-0.0923239168904356,0.5162763936847372,7634415.0,1.956456388603449,1
2020-11-02,155.22999572753906,161.24000549316406,152.10000610351562,158.0,8753600,177.78050155639647,163.8388003540039,106.85500020980835,169.30855906490146,170.15062357308315,-0.8420645081816929,3.3573697068775092,-4.199434215059203,13.87864355097382,177.78050155639647,198.82792289516027,156.73308021763268,0.2367798622965075,0.0022597548663003675,0.0022572054602386054,0.44498065414715104,7238760.0,1.209267885659975,1
2020-11-03,158.2100067138672,161.0500030517578,151.10000610351562,153.22000122070312,8001400,176.92400207519532,163.9672006225586,107.30450025558471,167.60108947243464,169.26613343536343,-1.6650439629287916,2.352886972916249,-4.01793093584504,19.987719153366072,176.92400207519532,199.71179942949664,154.136204720894,0.2575998404627561,0.019197391408543707,0.019015446382470463,0.44523417538464893,7011630.0,1.1411611850596795,1
2020-11-04,171.2899932861328,171.36000061035156,162.14999389648438,166.3800048828125,7760600,176.4795021057129,164.29300048828125,107.81750020980834,168.16861313608052,169.41604897986485,-1.2474358437843307,1.6328224095761334,-2.880258253360464,35.75307944891547,176.4795021057129,199.34656225793356,153.61244195349224,0.2591469250465482,0.08267483735034298,0.0794346804165852,0.5326333701796895,7043695.0,1.1017796767179726,1
2020-11-05,175.22999572753906,177.2899932861328,172.64999389648438,177.10000610351562,15519700,176.06600189208984,164.72280029296874,108.34720018386841,169.2549796886126,169.84671170191478,-0.5917320133021917,1.1879115250004684,-1.77964353830266,41.09544584903138,176.06600189208984,198.69639978610633,153.43560399807336,0.25706720946485245,0.023001941711940255,0.02274138502432571,0.5352009099934993,7463010.0,2.0795496723172016,1
2020-11-06,198.0800018310547,201.3300018310547,182.99000549316406,185.24000549316406,27088300,176.60600204467772,165.57220031738282,108.98190019607544,173.68959847975754,171.93806652629553,1.7515319534620062,1.3006356106927761,0.4508963427692301,56.565890453168606,176.60600204467772,200.82287863422167,152.38912545513378,0.27424749226153217,0.13040008366515377,0.12257162640193742,0.709555990833229,8481440.0,3.193832651059254,0
2020-11-09,184.0800018310547,197.0,181.8300018310547,191.30499267578125,14986000,176.5515022277832,166.13520050048828,109.54705018997193,175.28812207226477,172.8374691414629,2.45065293080188,1.5306390747145968,0.920013856087283,49.148366874688826,176.5515022277832,200.692014233068,152.4109902224984,0.27346708128418173,-0.07067851307847217,-0.07330054306607743,0.7560294896676116,8832505.0,1.6966874063473498,0
2020-11-10,172.0,183.4600067138672,167.11000061035156,182.3699951171875,14840000,175.62800216674805,166.3840005493164,110.03305017471314,174.78225713807018,172.77543439024342,2.00682274782676,1.6258758093370296,0.3809469384897306,47.13638759296492,175.62800216674805,198.92500911467633,152.33099521881977,0.26529945863426946,-0.06562365118912539,-0.06787597886071675,0.783481012107834,9254510.0,1.6035424890134649,1
2020-11-11,183.4199981689453,184.0,177.6999969482422,179.64999389648438,9040800,175.42450180053712,166.71920043945312,110.56935014724732,176.11114037358942,173.5639205960732,2.547219777516233,1.8101446029728703,0.7370751745433626,53.369322931274226,175.42450180053712,198.35343025934117,152.49557334173306,0.2614107861041547,0.06639533819154253,0.0642841183344932,0.8204885717996715,9398260.0,0.9619652999597798,0
2020-11-12,178.50999450683594,185.19000244140625,177.0,184.25999450683594,9138900,174.9200012207031,167.0318002319336,111.08140012741089,176.48019485562736,173.93029644131488,2.54989841431248,1.9580953652407924,0.5918030490716877,50.75507299771767,174.9200012207031,197.0587065324383,152.78129590896793,0.2531294895636543,-0.026769183901020677,-0.02713400386079031,0.8256284178728639,9514700.0,0.9605032213312032,0
2020-11-13,177.19000244140625,180.89999389648438,175.5,180.60000610351562,6955400,174.46200103759764,167.5184002685547,111.59390012741089,176.58939602267026,174.17175614502534,2.417639877644916,2.0500042677216173,0.3676356099232989,53.32847155924776,174.46200103759764,195.97524497192882,152.94875710326647,0.24662383563621895,-0.007394499501702345,-0.007421974338712812,0.8250241022221156,9597830.0,0.724684642257677,1
2020-11-16,179.16000366210938,179.22000122070312,173.00999450683594,175.8300018310547,7428200,174.07200088500977,168.1738003540039,112.09070013046265,176.9848741210455,174.54125596110563,2.4436181599398594,2.128727046165266,0.31489111377459356,53.68325815099078,174.07200088500977,194.90326527871002,153.24073649130952,0.23934078183499685,0.011118015653025282,0.01105666483109693,0.8260647763154748,9696540.0,0.7660670713470991,1
2020-11-17,187.89999389648438,190.74000549316406,180.1199951171875,180.1199951171875,11140700,174.18000030517578,169.14960021972655,112.62570009231567,178.66412331726687,175.53079210446703,3.1333312127998454,2.3296478794921818,0.8036833333076636,59.00303138694551,174.18000030517578,195.28654839780393,153.07345221254764,0.24235329033928082,0.04878315503307529,0.047630592157092554,0.8441699896385328,10009775.0,1.1129820600363145,0
2020-11-18,185.5399932861328,187.5,182.27000427246094,187.49000549316406,5627300,174.56599960327148,169.97619995117188,113.16215005874633,179.72194946632317,176.27221441422006,3.449735052103108,2.553665314014367,0.896069738088741,56.81857511710174,174.56599960327148,196.22789993834496,152.904099268198,0.2481800623753026,-0.012559875928743858,-0.01263941789705894,0.8297494962637855,9767280.0,0.5761378807610716,1
2020-11-19,191.66000366210938,194.00999450683594,185.74000549316406,190.77999877929688,12280100,175.35250015258788,170.9879998779297,113.72790006637574,181.5585731887518,177.41205065480446,4.146522533947348,2.8722367580009633,1.2742857759463844,67.32943859386774,175.35250015258788,198.32549567012555,152.3795046350502,0.26202073534790865,0.0329848582377521,0.032452531983364695,0.8343959819082925,10047205.0,1.2222404141251224,1
2020-11-20,195.97000122070312,200.99000549316406,191.5500030517578,193.69000244140625,10935100,176.3125,172.1583999633789,114.31345006942749,183.77571596289818,178.78671365968583,4.989002303212345,3.2955898670432395,1.6934124361691056,68.50472602448254,176.3125,201.07024423320627,151.55475576679373,0.28083935323027315,0.02248772553605982,0.022238604497055118,0.8365341259947299,10385580.0,1.0529118258200312,1
2020-11-23,207.77999877929688,209.36000061035156,199.27000427246094,200.11000061035156,12509600,178.2069999694824,173.42600006103515,114.95150007247925,187.46868255003642,180.93436440928667,6.534318140749747,3.943335521784541,2.5909826189652057,70.84349377669503,178.2069999694824,206.44905664631503,149.9649432926498,0.3169578824812607,0.06026431333892379,0.058518229247413185,0.8392375226731906,10686590.0,1.170588560055172,0
2020-11-24,202.89999389648438,208.0399932861328,199.5500030517578,208.0,12288900,179.8009994506836,174.39399993896484,115.56660005569458,189.84273044948995,182.56144807500502,7.281282374484931,4.610924892324619,2.6703574821603118,64.27603590163642,179.8009994506836,209.87438247274912,149.7276164286181,0.3345185300854141,-0.02348640346271258,-0.02376660501703585,0.8482829280197289,10954155.0,1.1218482849658418,1
2020-11-25,212.9199981689453,214.52000427246094,204.57000732421875,207.4499969482422,12948100,182.09049911499022,175.6313998413086,116.2312000465393,193.39307932940616,184.81022956344506,8.5828497659611,5.4053098670519155,3.1775398989091848,66.13579916252392,182.09049911499022,214.94557975667556,149.2354184733049,0.360865402658239,0.049383955514424205,0.04820328295445498,0.850077692073014,11330545.0,1.1427605644741714,0
2020-11-27,212.52000427246094,215.0,205.89999389648438,215.0,6526000,184.2234992980957,176.96899993896486,116.88885007858276,196.3356831667992,186.86280546781663,9.472877698982586,6.21882343343805,3.2540542655445357,57.65317097834494,184.2234992980957,219.2055802259359,149.2414183702555,0.3797787042491794,-0.0018786112151241152,-0.001880378018277146,0.8517372773656775,11435255.0,0.5706912526218261,0
2020-11-30,210.9600067138672,213.5399932861328,200.22999572753906,213.0,14091100,187.02749938964843,178.28800018310548,117.53435010910034,198.58557909711737,188.64778333789445,9.937795759222922,6.962617898595026,2.9751778606278965,66.41026061417469,187.02749938964843,221.08424852438282,152.97075025491404,0.36418975012633203,-0.007340473965894323,-0.007367547816208939,0.769168022473907,11392990.0,1.2368219405090324,0
2020-12-01,203.0,212.9499969482422,200.5,212.55999755859375,10795900,189.41599960327147,179.3256002807617,118.13725011825562,199.26472077448392,189.71091049805042,9.553810276433495,7.48085637416272,2.0729539022707755,69.92800236984024,189.41599960327147,220.66806863430017,158.16393057224278,0.3299834131909196,-0.03773230214513423,-0.038462594828552396,0.7918641892293974,11495105.0,0.9391736743596514,0
2020-12-02,202.0,204.05999755859375,195.1300048828125,200.1300048828125,10483700,191.60549926757812,180.2538003540039,118.72105012893677,199.68553296302485,190.62121342412075,9.064319538904101,7.797549007110996,1.2667705317931048,63.79156893015185,191.60549926757812,219.6203488527993,163.59064968235694,0.29242218717426577,-0.0049261083743842304,-0.004938281640582566,0.7946563829830443,11619220.0,0.9022722695671482,1
2020-12-03,205.52999877929688,208.69000244140625,204.0500030517578,207.0,6918200,193.31749954223633,181.37260040283203,119.32020013809205,200.58468155014364,191.72556789487453,8.859113655269113,8.00986193674262,0.8492517185264923,70.47590635200905,193.31749954223633,220.26971472960008,166.36528435487259,0.2788388557806189,0.01747524148166768,0.01732430534241845,0.751881337266398,11577100.0,0.5975762496652876,1
2020-12-04,208.14999389648438,209.75,203.5800018310547,206.2899932861328,6566200,194.9634994506836,182.48940032958984,119.94350011825561,201.748575757273,192.94219204314192,8.806383714131073,8.16916629222031,0.637217421910762,73.00831749168,194.9634994506836,221.27804544696022,168.64895345440698,0.2699433080593933,0.012747507092630839,0.012666941574681805,0.750444468324605,11129425.0,0.5899855563068173,1
2020-12-07,212.5800018310547,213.66200256347656,208.25,209.7899932861328,5895300,195.6884994506836,183.58660034179687,120.60535013198853,203.41494899939323,194.39684462002435,9.018104379368879,8.338953909650025,0.679150469718854,73.96042123356382,195.6884994506836,223.13904403826015,168.23795486310703,0.2805534782537847,0.021282767544895664,0.021059452400615828,0.6031378962585514,10069775.0,0.5854450571139872,1
2020-12-08,213.00999450683594,213.89999389648438,208.25,213.3300018310547,5373200,197.13499908447267,184.63160034179688,121.28515008926392,204.89110984669213,195.77559646349187,9.115513383200266,8.494265804360074,0.6212475788401921,70.43789465003526,197.13499908447267,225.05484164705982,169.21515652188552,0.28325607012708537,0.0020227334277802544,0.002020690456980005,0.5347129238278987,9589135.0,0.5603425126458226,0
2020-12-09,207.0399932861328,220.5,205.00999450683594,213.9600067138672,11133000,198.8869987487793,185.47620025634765,121.93740007400513,205.22170729891377,196.60999622813193,8.611711070781837,8.517754857644427,0.09395621313741032,66.52828811142481,198.8869987487793,224.4651938873702,173.3088036101884,0.25721334526144224,-0.028026859652876657,-0.028427108291240254,0.4800426652415863,9403785.0,1.1838849994975427,1
2020-12-10,217.25,217.61000061035156,203.57000732421875,205.38999938964844,7919200,200.57849884033203,186.5702001953125,122.62710008621215,207.07221386831165,198.13888539641846,8.93332847189319,8.60086958049418,0.3324588913990105,68.50860301635315,200.57849884033203,226.32384107793422,174.83315660272984,0.256710887622072,0.0493141762217737,0.04813678526084099,0.456560370214221,9347705.0,0.8471812065100471,0
2020-12-11,216.58999633789062,222.1999969482422,213.1699981689453,218.25999450683594,7914600,202.48249893188478,187.53220001220703,123.29340005874634,208.53648809440074,199.50563435504603,9.030853739354711,8.686866412266287,0.34398732708842417,65.7452593597555,202.48249893188478,226.9569858177383,178.00801204603124,0.24174422001860782,-0.0030379915402042323,-0.00304261560412293,0.4394284711785203,9286490.0,0.8522703411084274,0
2020-12-14,215.86000061035156,220.42999267578125,214.50100708007812,218.00999450683594,7379000,204.41599884033204,188.45720001220704,123.96935007095337,209.66318232762393,200.71706889247605,8.946113435147879,8.738715816842607,0.20739761830527215,57.42647102134856,204.41599884033204,226.4672842739934,182.36471340667066,0.2157491151256266,-0.0033704037115371843,-0.0033760963166438278,0.43753485034804585,9307670.0,0.7927870240350163,1
2020-12-15,219.99000549316406,221.72000122070312,216.72999572753906,218.4149932861328,5713600,206.45749893188477,189.2386001586914,124.67510011672974,211.25192435309165,202.14469382586034,9.107230527231309,8.812418758920348,0.2948117683109608,65.92731470671134,206.45749893188477,226.09131019483615,186.8236876689334,0.190197124003997,0.019132793806795112,0.018952063519145603,0.43866307909037555,9221940.0,0.619565948162751,1
2020-12-16,227.0800018310547,227.9600067138672,220.02999877929688,223.86000061035156,8216500,208.41649932861327,190.2734002685547,125.41420011520385,213.68701319585517,203.99175367809698,9.695259517758188,8.988986910687917,0.7062726070702716,63.958993810443246,208.41649932861327,228.07256344696933,188.7604352102572,0.18862291787526916,0.032228720218432594,0.031720270622123854,0.4232545304341693,9075730.0,0.9053266238638655,1
2020-12-17,230.74000549316406,237.08999633789062,227.6999969482422,230.0,10440100,210.67649993896484,191.28460052490234,126.18630014419556,216.31055047236424,205.97310566439825,10.337444807965994,9.258678490143533,1.0787663178224616,66.87661866660034,210.67649993896484,229.63943560198746,191.71356427594222,0.18001946746330397,0.016117683779271585,0.015989172939865796,0.415283702518253,9316370.0,1.1206188676490951,1
2020-12-18,235.4499969482422,236.3699951171875,231.10000610351562,235.0,8099500,212.8659996032715,192.3236004638672,126.99810014724731,219.25508069942236,208.15657909283112,11.098501606591242,9.626643113433074,1.4718584931581677,71.43356217508638,212.8659996032715,232.67714617537086,193.05485303117212,0.18613725638685702,0.02041254807553372,0.020207004422309927,0.40891852847885257,9107340.0,0.8893376112015143,0
2020-12-21,233.5,241.85000610351562,232.25999450683594,236.08999633789062,11155400,214.74249954223632,193.24800048828126,127.83695013046264,221.4466067456651,210.0338695303992,11.412737215265906,9.983861933799641,1.428875281466265,79.83177123753806,214.74249954223632,234.92143296035155,194.56356612412108,0.18793609519429452,-0.00828200031223969,-0.008316486619227664,0.4116850725669289,9118355.0,1.223400492742386,1
2020-12-22,241.5800018310547,243.3800048828125,236.0,236.5,9414200,216.43249969482423,194.37620056152343,128.70865015029906,224.54405214341733,212.37062007118848,12.173432072228849,10.421775961485483,1.7516561107433652,84.00343978218208,216.43249969482423,239.59691220468812,193.26808718496034,0.21405669243321915,0.034603862231497695,0.034018611647676576,0.3781071939558639,8963585.0,1.0502717383725373,0
2020-12-23,230.67999267578125,241.82000732421875,230.5800018310547,241.36000061035156,13482700,217.82149963378907,195.180400390625,129.54985012054442,225.48804299455026,213.72686989375092,11.76117310079934,10.689655389348255,1.0715177114510848,69.1779709373275,217.82149963378907,240.90066982481602,194.74232944276213,0.2119090193560199,-0.045119666663866465,-0.046169251759975244,0.4084531060323299,9023275.0,1.4942135754479389,0
2020-12-24,228.27999877929688,236.0,225.89999389648438,234.22999572753906,8411200,218.58949966430663,195.99620025634766,130.42340011596679,225.91757465374204,214.8048794408284,11.11269521291365,10.774263354061334,0.3384318588523154,65.40168554148732,218.58949966430663,242.00176575298917,195.1772335756241,0.21421217510115853,-0.010403996760384615,-0.010458496675540014,0.37981442046363395,8796430.0,0.9562060972462693,0
2020-12-28,223.33999633789062,232.9499969482422,219.64999389648438,232.3800048828125,11640000,219.13049926757813,196.69100006103517,131.25125009536742,225.52102414361104,215.43711032209225,10.083913821518792,10.636193447552827,-0.5522796260340357,58.168838754265614,219.13049926757813,242.45210569010243,195.80889284505383,0.21285586899563907,-0.021640101926679423,-0.02187768270048246,0.39004586106404265,9052130.0,1.2858852004997718,0
2020-12-29,214.0,224.58999633789062,208.80999755859375,223.8800048828125,15453100,219.28249893188476,197.24399993896483,132.1149000930786,223.7485588907478,215.33065770564096,8.417901185106842,10.192534995063632,-1.7746338099567893,50.66203386157135,219.28249893188476,242.4187784640701,196.14621939969942,0.21101802145525633,-0.041819631463413165,-0.04271924259877926,0.4199578040994969,9120230.0,1.6943761286721937,1
2020-12-30,221.0399932861328,221.50999450683594,214.06700134277344,215.94000244140625,9837000,220.18449859619142,197.92559967041015,132.9964500617981,223.3318564900378,215.75357145234406,7.578285037693746,9.669685003589654,-2.091399965895908,59.229958251597004,220.18449859619142,242.01789764858208,198.35109954380076,0.19831912956263234,0.03289716488847105,0.03236763521931714,0.4081197406150379,9072285.0,1.0842913334402524,0
2020-12-31,217.63999938964844,219.4499969482422,214.4199981689453,217.7100067138672,6872400,220.96649856567382,198.56359954833985,133.88715005874633,222.45618616690098,215.89330685510734,6.562879311793637,9.04832386523045,-2.485444553436814,50.2824855010523,220.96649856567382,241.112702336745,200.82029479460263,0.18234622806482584,-0.015381804197230231,-0.015501331427853033,0.4130082578563714,8891720.0,0.7728988317220965,1
2021-01-04,221.16000366210938,225.97999572753906,216.0,222.4949951171875,9838400,221.74799880981445,199.43039947509766,134.79295007705687,222.25677347385613,216.2834325445149,5.973340929341219,8.433327278052605,-2.4599863487113858,53.17847289818572,221.74799880981445,240.54003136712825,202.95596625250064,0.16948998555275419,0.016173517195058107,0.01604411921505884,0.4124728626005637,9037730.0,1.0885919362494785,1
2021-01-05,229.75,230.33999633789062,219.0,219.4199981689453,9699400,222.82799911499023,200.50679962158202,135.75125007629396,223.40957755480133,217.280956059736,6.1286214950653175,7.972386121455148,-1.8437646263898309,58.70846523339255,222.82799911499023,240.79414030222355,204.86185792775692,0.16125568832094483,0.038840641145107435,0.038105323207421896,0.4298515758887642,9194390.0,1.0549258841532718,0
2021-01-06,226.88999938964844,233.5,223.16099548339844,223.41000366210938,12003500,223.54349899291992,201.5091995239258,136.68565008163452,223.94502706785474,217.99273704713693,5.952290020717811,7.568366901307681,-1.61607688058987,54.39602167028564,223.54349899291992,240.92137473313707,206.16562325270277,0.1554764582151194,-0.012448316040703178,-0.012526445389825527,0.4298897757655204,9499800.0,1.2635529169035138,1
2021-01-07,239.47999572753906,240.39999389648438,231.5,232.52000427246094,10214200,224.86699905395508,202.9009994506836,137.65150005340575,226.3350222462677,219.58438583827783,6.750636407989873,7.40482080264412,-0.6541843946542469,57.382708252175995,224.86699905395508,242.88710097600168,206.8468971319085,0.16027342382705795,0.05548942823288239,0.05400457237060512,0.4675174594330922,9741850.0,1.048486683740768,1
2021-01-08,241.4499969482422,246.49000549316406,237.17999267578125,244.35000610351562,9102100,226.58749923706054,204.30959930419922,138.59680004119872,228.6604029696484,221.20406073531223,7.4563422343361765,7.415125088982532,0.04121714535364429,56.507470114720014,226.58749923706054,244.0015323863954,209.17346608772567,0.15370691858967866,0.008226161916857766,0.008192511463679763,0.44959669004813546,9640305.0,0.9441713721713162,0
2021-01-11,225.5,232.74000549316406,225.3000030517578,231.61000061035156,14107500,226.99999923706054,205.47699920654296,139.44415004730226,228.17418712816402,221.52227845862242,6.651908669541598,7.262481805094346,-0.6105731355527482,44.68085175805655,226.99999923706054,243.86491924459554,210.13507922952553,0.1485896040900215,-0.06605921370817525,-0.06834224073752265,0.49367256108211405,9949720.0,1.4178790960951666,1
2021-01-12,227.52000427246094,229.3300018310547,223.72000122070312,228.50999450683594,8437900,227.54649963378907,206.63019927978516,140.3150500679016,228.073543611902,221.9665544448327,6.106989167069315,7.03138327748934,-0.9243941104200246,46.80555752539586,227.54649963378907,243.68374158030105,211.4092576872771,0.14183687266104364,0.008957890343507469,0.008918006450540056,0.49377957473248274,9975885.0,0.8458297183658392,1
2021-01-13,230.9199981689453,234.8209991455078,226.8000030517578,228.9499969482422,7601400,228.29949951171875,208.15099914550783,141.19465005874633,228.51145969760097,222.62977249847066,5.881687199130312,6.801444061817534,-0.9197568626872226,44.00584474196305,228.29949951171875,243.52009705452176,213.07890196891574,0.13333886035980314,0.014943714102663153,0.014833156870069824,0.49495929878832634,9987005.0,0.76112908724888,1
2021-01-14,232.7899932861328,238.75999450683594,229.58999633789062,233.89999389648438,6706500,228.9394989013672,209.7021990966797,142.09670001983642,229.16969563429817,223.3823814457049,5.787314188593257,6.598618087172679,-0.8113038985794221,51.320566674478464,228.9394989013672,243.76011867339642,214.11887912933796,0.1294719333548845,0.0080980215313331,0.008065408503997914,0.4919792629500244,10036650.0,0.6682010431767572,0
2021-01-15,227.75,236.42999267578125,225.5800018310547,233.6300048828125,7049200,228.97299880981444,211.09299896240233,143.00140001296998,228.95128092132921,223.70590874602308,5.24537217530613,6.32796890479937,-1.0825967294932397,49.678905256805535,228.97299880981444,243.7789428006445,214.16705481898438,0.12932480307975452,-0.021650386320248405,-0.02188819462727313,0.48709723048939263,9978285.0,0.7064540650021521,0
2021-01-19,227.25999450683594,231.58999633789062,223.25,231.07000732421875,6505600,228.79899826049805,212.2123989868164,143.90829998016358,228.69108301140716,223.96917435793517,4.721908653471985,6.006756854533894,-1.2848482010619087,52.510245651351,228.79899826049805,243.59930010829376,213.99869641270234,0.12937383432898505,-0.002151506007306514,-0.002153823821480411,0.48368167235467385,9781560.0,0.6650881863424648,0
2021-01-20,226.64999389648438,230.8800048828125,225.5,230.1199951171875,6012400,228.35899810791017,213.2407989501953,144.82294994354248,228.37706930141903,224.1677535830129,4.209315718406117,5.647268627308339,-1.437952908902222,59.120402559340974,228.35899810791017,242.84669069786202,213.87130551795832,0.1268852351778645,-0.002684153062994188,-0.002687761860984293,0.47746199029586217,9677205.0,0.621295095019688,0
2021-01-21,219.6199951171875,227.5,218.1999969482422,227.0,10472400,227.66499786376954,213.67159881591797,145.6689499282837,227.02982711922957,223.83088258554437,3.198944533685193,5.15760380858371,-1.9586592748985172,48.976061035172904,227.66499786376954,242.44265111952268,212.8873446080164,0.1298192817904824,-0.031016981992541437,-0.03150819252104082,0.48845723336935143,9643055.0,1.0860043834656132,1
2021-01-22,222.8800048828125,222.91000366210938,217.7100067138672,219.0,6867500,226.72999801635743,214.44759887695312,146.5317999458313,226.39139292901154,223.76044720015682,2.6309457288547264,4.652272192637914,-2.021326463783187,53.78613130364969,226.72999801635743,240.09991513553194,213.3600808971829,0.11793690500724958,0.014843865941648327,0.014734774002742215,0.47329235201265646,9515720.0,0.7217005124152455,0
2021-01-25,216.63999938964844,225.94000244140625,209.75,225.0,11328100,226.0279983520508,215.3403988647461,147.32979993820192,224.8911785383403,223.23300662160062,1.6581719167396898,4.053452137458269,-2.395280220718579,46.8576165270172,226.0279983520508,239.98608819141873,212.06990851268284,0.12350761800427455,-0.02799715253257007,-0.028396545032748265,0.45698956025111714,9407990.0,1.2040935417660945,0
2021-01-26,209.1699981689453,219.0,208.7100067138672,217.08999633789062,10039500,225.0724983215332,215.8553988647461,148.07959993362428,222.47253540458723,222.1913022917743,0.2812331128129415,3.2990083325292034,-3.017775219716262,35.46610102826561,225.0724983215332,240.875864717811,209.2691319252554,0.14042911963150187,-0.034481172644704405,-0.035089677194634475,0.4701480503611489,9489405.0,1.057969387964788,0
2021-01-27,202.4600067138672,209.35000610351562,197.6999969482422,204.00999450683594,10892700,224.02849884033202,216.3343991088867,148.79479997634888,219.39368483678413,220.72972484155898,-1.3360400047748442,2.371998665068394,-3.7080386698432384,33.63697610634918,224.02849884033202,242.7947612063847,205.26223647427935,0.1675345990639131,-0.0320791294823195,-0.032604940379866554,0.47677325674941223,9452040.0,1.1524178907410463,1
2021-01-28,219.91000366210938,222.5800018310547,206.55999755859375,208.72000122070312,12500800,224.3239990234375,217.1887991333008,149.58229999542237,219.4731185022188,220.66900475419234,-1.1958862519735476,1.658421681660006,-2.8543079336335535,37.69337604233696,224.3239990234375,242.60522132242036,206.04277672445463,0.1629894472153453,0.0861898467330584,0.08267601906346535,0.5540211385106371,9304425.0,1.3435327814453875,0
2021-01-29,215.9600067138672,225.89999389648438,212.5800018310547,224.97000122070312,9383900,224.06999969482422,217.92479919433595,150.35520002365112,218.9326397655493,220.32019008453864,-1.3875503189893266,1.0492272815301396,-2.4367776005194663,34.360048294850245,224.06999969482422,242.68151866352588,205.45848072612256,0.1661223634939967,-0.017961879325468666,-0.018125151956959185,0.5456745075766909,9281770.0,1.0110032892433232,1
2021-02-01,221.94000244140625,223.00999450683594,213.44000244140625,215.80999755859375,7849300,224.2849998474121,218.60559936523438,151.17830003738402,219.39531094645037,220.44017618504733,-1.0448652385969694,0.6304087775047178,-1.6752740161016872,47.51118700681483,224.2849998474121,242.68187323791187,205.88812645691235,0.1640490750876404,0.027690292376505443,0.027313849634154726,0.5515939493057426,9330615.0,0.8412414401408695,1
2021-02-02,227.6300048828125,230.22000122070312,221.99000549316406,225.19000244140625,6545300,224.60849990844727,219.44739959716796,152.01100006103516,220.66218693665994,220.9727560885855,-0.3105691519255629,0.4422131916186616,-0.7527823435442245,50.07314844334553,224.60849990844727,243.00154165244308,206.21545816445146,0.16377867935980162,0.025637570419097644,0.02531443913723552,0.5559285819438773,9165960.0,0.7140877769486229,1
2021-02-03,227.94000244140625,234.57000732421875,221.8800048828125,228.5,5193400,224.51800003051758,220.1729995727539,152.84540006637573,221.78185086046707,221.48884841101668,0.2930024494503982,0.412371043185009,-0.11936859373461078,47.93342849796144,224.51800003051758,242.8221209827446,206.21387907829057,0.16305259221745272,0.001361848402864796,0.001360921928378413,0.5386543872564533,8940660.0,0.5808743426100534,1
2021-02-04,237.72000122070312,239.30999755859375,231.07000732421875,233.52999877929688,8893400,225.05950012207032,221.0079995727539,153.74700006484986,224.23387399281108,222.69115602654898,1.542717966262103,0.6384404278004279,0.904277538461675,53.08087006189527,225.05950012207032,244.27706892439966,205.84193131974098,0.17077767249910264,0.04290602208715377,0.04201106849517584,0.5570136872382669,8785155.0,1.0123213534650215,1
2021-02-05,240.3800048828125,240.57000732421875,235.27000427246094,238.0,5090800,225.104500579834,221.65999969482422,154.64410009384156,226.7178941297344,224.00144112701295,2.716453002721437,1.0540429427846296,1.6624100599368072,58.13474435682331,225.104500579834,244.46790984623317,205.74109131343482,0.1720392903431256,0.011189650212225066,0.0111275092040268,0.5226934799251756,8528985.0,0.5968822784891754,1
2021-02-08,259.9700012207031,264.2669982910156,244.0,245.0800018310547,17114900,226.03050079345704,222.80139984130858,155.63485010147096,231.83360291296034,226.66577891173074,5.167824001229604,1.8767991544736247,3.2910248467559797,66.9078921527103,226.03050079345704,249.926111678621,202.13488990829308,0.21143704766640656,0.08149594783243685,0.07834521960084742,0.5962233923678325,8929625.0,1.9166426361689322,0
2021-02-09,258.1199951171875,262.57000732421875,250.5500030517578,256.5799865722656,10815100,227.6615005493164,223.70539978027344,156.6154000854492,235.87766325207224,228.99572085287568,6.881942399196561,2.877827803418212,4.004114595778349,66.06103951647847,227.6615005493164,255.52773007830433,199.79527102032847,0.24480405744274272,-0.007116229160398557,-0.007141670287572548,0.5377288756600214,8765005.0,1.233895474104122,0
2021-02-10,257.489990234375,263.1499938964844,252.75,259.7699890136719,8644600,229.1599998474121,224.60479949951173,157.5851000404358,239.20263663396497,231.10640747372747,8.096229160237499,3.9215080747820696,4.174721085455429,70.67816538613047,229.1599998474121,260.0530609880564,198.2669387067678,0.26962001362554266,-0.002440744207074963,-0.002443727678800057,0.5387864358794809,8775340.0,0.9851014319673084,1
2021-02-11,265.92999267578125,269.6650085449219,258.5,262.0,10214100,230.9104995727539,225.70419921875,158.6060000038147,243.31453756347514,233.68593230350925,9.628605259965894,5.062927511818835,4.56567774814706,72.2480557069606,230.9104995727539,265.91714742043865,195.90385172506913,0.3032053363745383,0.03277798268477894,0.03225224224093486,0.5460585310966332,8905975.0,1.1468817282779258,1
2021-02-12,272.75,273.8399963378906,262.531005859375,265.1499938964844,6780800,232.90849990844725,227.09919921875,159.64090002059936,247.84307024601742,236.57956694769373,11.263503298323684,6.3030426691198045,4.9604606292038795,78.82461705268804,232.90849990844725,272.6130185743448,193.20398124254973,0.3409452096553347,0.02564587489961556,0.025322536000237962,0.5497975841780974,8909690.0,0.7610590267450382,1
2021-02-16,276.0199890136719,283.19000244140625,272.32000732421875,277.1199951171875,9193600,235.32199935913087,228.57959899902343,160.6952999687195,252.17798082565656,239.50107969332174,12.67690113233482,7.577814361762808,5.099086770572011,85.89068951613102,235.32199935913087,279.3402314464108,191.30376727185092,0.37411064164980695,0.011988960636743817,0.011917662344060505,0.5381676908800063,9016910.0,1.0195954046341817,0
2021-02-17,270.94000244140625,274.4700012207031,260.760009765625,274.3699951171875,11094300,237.50599975585936,229.88779907226564,161.73499998092652,255.06444568961805,241.82988878577245,13.2345569038456,8.709162870179368,4.525394033666233,87.42076893303359,237.50599975585936,284.0991360430132,190.91286346870555,0.3923533412633661,-0.0184044155295362,-0.018575883893776256,0.546144312700158,9246345.0,1.1998578897932102,0
2021-02-18,270.8500061035156,272.7900085449219,261.8529968261719,265.489990234375,7236400,239.71600036621095,231.14179931640626,162.77080001831055,257.4929934456023,243.97952710560526,13.513466339997024,9.670023564142898,3.8434427758541254,84.35393400644351,239.71600036621095,288.2918433992005,191.1401573332214,0.4052782706100626,-0.0003321633464223872,-0.0003322185248859208,0.5455188375898816,9307545.0,0.777476767504213,1
2021-02-19,276.57000732421875,280.9389953613281,273.5899963378906,275.1199951171875,7373400,242.5635009765625,232.42159942626952,163.82020004272462,260.4279186576971,246.3936367514285,14.034281906268603,10.54287523256804,3.4914066737005633,89.92228288082605,242.5635009765625,292.82672957332585,192.30027237979914,0.4144335680710677,0.021118704418699563,0.020898795322366416,0.5251786500906417,9152595.0,0.8056075899785798,0
2021-02-22,268.0799865722656,278.1000061035156,266.3599853515625,271.8500061035156,9740400,244.82350006103516,233.52299926757811,164.82009998321533,261.605159875323,248.00003303445345,13.60512684086956,11.155325554228344,2.4498012866412147,79.41850052944604,244.82350006103516,295.4238158683636,194.22318425370673,0.4133615914707014,-0.03069754683124548,-0.031178586620425917,0.5464728615294198,9296240.0,1.047778456666351,0
2021-02-23,256.5899963378906,261.29998779296875,232.5,247.5500030517578,18971900,246.82099990844728,234.5139993286133,165.72994995117188,260.83359625417955,248.63632661248582,12.197269641693737,11.363714371721425,0.8335552699723117,67.19306045792311,246.82099990844728,295.86706294222347,197.77493687467108,0.39742212414639544,-0.04286030591574086,-0.04380592735194089,0.5624303366010597,9678430.0,1.960224953840654,0
2021-02-24,237.32000732421875,246.0,230.67999267578125,243.11000061035156,26123100,248.22850036621094,234.91539947509764,166.53629997253418,257.2161210341856,247.79808073928086,9.418040294904756,10.97457955635809,-1.5565392614533344,54.54545723427551,248.22850036621094,294.24738024030046,202.20962049212142,0.37077837400780306,-0.07510031290657249,-0.07806999373593006,0.6197213080525502,10482610.0,2.492041581247418,0
2021-02-25,227.11000061035156,245.83999633789062,223.66000366210938,244.8699951171875,15916300,249.46100006103515,235.12579956054688,167.29734996795654,252.5844101997496,246.26563035936016,6.318779840389453,10.043419613164364,-3.7246397727749105,44.879837589108405,249.46100006103515,291.46377467838806,207.45822544368227,0.3367482260319341,-0.04302210685472718,-0.04397498795767503,0.6300172696682217,10733790.0,1.482822004156966,1
2021-02-26,230.02999877929688,232.77999877929688,217.39999389648438,226.32000732421875,14913800,249.96699981689454,235.4091995239258,168.07144996643066,249.1145007504492,245.06299098305917,4.05150976739003,8.845037644009498,-4.793527876619468,45.01780755268227,249.96699981689454,290.6953394046265,209.23866022916255,0.3258697317451203,0.012857197662357045,0.012775245598241718,0.5564806693417306,10854440.0,1.373981522768563,1
2021-03-01,241.0,241.718994140625,232.10000610351562,238.11000061035156,8989200,251.21899948120117,235.8293994140625,168.90749996185303,247.86611601961084,244.76202868801775,3.1040873315930924,7.696847581526217,-4.592760249933125,40.041994109867126,251.21899948120117,288.9768714637582,213.46112749864417,0.3005972642238984,0.047689437373028554,0.04658720359744022,0.5725010391209892,10834705.0,0.8296672590531999,1
2021-03-02,252.1999969482422,258.489990234375,246.47000122070312,251.89999389648438,17345800,252.73199920654298,236.33179931640626,169.77749996185304,248.53286693170799,245.31298929988623,3.2198776318217597,6.801453591585327,-3.5815759597635672,47.170172711710244,252.73199920654298,287.8851665687844,217.57883184430153,0.27818533048925737,0.04647301638274759,0.0454254779396176,0.5856193868934784,11309530.0,1.5337330552198014,0
2021-03-03,234.1999969482422,250.9499969482422,232.00599670410156,249.0,12151700,253.06049880981445,236.40099914550783,170.54719993591308,246.3278100111748,244.48980468124591,1.838005329928876,5.808763939254037,-3.970758609325161,40.45257195757763,253.06049880981445,287.33786999494544,218.7831276246835,0.27090258136961826,-0.07137192790566949,-0.07404697329721863,0.6432082638136168,11589850.0,1.0484777628700976,0
2021-03-04,218.41000366210938,232.6300048828125,210.0,228.75999450683594,18496000,252.5839988708496,236.06019927978517,171.25609996795654,242.03276288054934,242.55796756871726,-0.5252046881679178,4.541970213769646,-5.067174901937563,31.626972805321557,252.5839988708496,288.55484310343877,216.6131546382604,0.2848228264133365,-0.06742097989703377,-0.06980139099760199,0.689109712328824,12254980.0,1.509263989006918,0
2021-03-05,216.44000244140625,222.00999450683594,191.36000061035156,221.27000427246094,24773600,251.51999893188477,235.71899932861328,171.94204998016357,238.09541512068117,240.62330348521274,-2.5278883645315773,3.1279984981094016,-5.655886862640979,27.380087244938977,251.51999893188477,290.47703572525603,212.56296213851348,0.3097728765808511,-0.009019738966493551,-0.00906066308108832,0.6693659799102208,13048990.0,1.8985070875217163,0
2021-03-08,201.8699951171875,221.6300048828125,201.0,217.7100067138672,13488100,249.59449844360353,234.92479919433595,172.54119995117188,232.52227358168216,237.7526880505442,-5.230414468862051,1.456315904715111,-6.686730373577162,22.692789314059112,249.59449844360353,294.25865637682796,204.9303405103791,0.3578937693878409,-0.0673166104226185,-0.06968948237393323,0.7031604644169421,13468855.0,1.0014288519699708,1
2021-03-09,225.08999633789062,226.49000549316406,211.5,215.3699951171875,14495500,247.8504981994629,234.81299926757814,173.25919994354248,231.37884631340654,236.81471088664395,-5.43586457323741,0.0778798091246069,-5.513744382362017,35.10492982503797,247.8504981994629,293.52140820155023,202.17958819737552,0.3685359548104094,0.11502452956034248,0.10887640427578263,0.7667959618928547,13337885.0,1.0867914965528642,1
2021-03-10,226.72999572753906,237.9199981689453,223.2050018310547,231.61000061035156,12973100,246.28099822998047,234.78199920654296,173.98539993286133,230.6636385309654,236.06769494893248,-5.404056417967098,-1.018507436293734,-4.385548981673364,35.80985190063001,246.28099822998047,292.61854365625766,199.9434528037033,0.3762981777668983,0.007285971906039634,0.007259557438510781,0.7682397519812963,13445785.0,0.9648451168897911,1
2021-03-11,241.72000122070312,243.49000549316406,231.00999450683594,234.97000122070312,11728000,245.49249877929688,235.14959930419923,174.7900499343872,232.36461740630966,236.48638430239697,-4.121766896087308,-1.639159328252449,-2.4826075678348594,39.422083476213686,245.49249877929688,291.56286856045006,199.4221289981437,0.3753301629193277,0.06611390541892614,0.06402017314870467,0.8091420829512693,13599955.0,0.8623557945596143,1
2021-03-12,242.11000061035156,242.22000122070312,230.0500030517578,232.0,8850100,244.3014991760254,235.71179931640626,175.59549995422364,233.8639071300084,236.90294847335656,-3.0390413433481456,-1.9191357312715884,-1.1199056120765571,41.709765791259784,244.3014991760254,289.36789616141425,199.23510219063658,0.3689408140137311,0.0016134345014020557,0.0016121343142802,0.7989100057253149,13531755.0,0.6540245518781562,1
2021-03-15,251.22999572753906,251.25999450683594,239.61700439453125,243.52000427246094,8867200,243.22549896240236,236.31559936523436,176.45354991912842,236.53561306809007,237.96421123292563,-1.428598164835563,-1.8210282179843833,0.3924300531488203,48.26267314883314,243.22549896240236,286.42073989921823,200.03025802558648,0.3551867803424095,0.03766880795587246,0.03697666635094683,0.8058347453226046,13636075.0,0.6502750974895636,0
2021-03-16,243.36000061035156,252.5,238.6699981689453,252.25999450683594,7491600,241.59249954223634,236.82999938964844,177.2649499130249,237.5855188438226,238.36389933495718,-0.778380491134584,-1.6124986726144235,0.8341181814798395,52.11395536200745,241.59249954223634,281.9433105531839,201.2416885312888,0.3340402627350046,-0.0313258577838077,-0.031827006189653735,0.8098881428722996,13550975.0,0.5528458284366992,1
2021-03-17,246.47000122070312,248.67999267578125,232.75,235.0,10154000,240.36899948120117,237.33619934082031,178.0836999130249,238.9523622864196,238.96435132649393,-0.011989040074325885,-1.292396746106404,1.2804077060320782,57.130230330620975,240.36899948120117,278.3896802999216,202.34831866248072,0.31635261536040116,0.01277942390923581,0.01269845615601776,0.8106330178418043,13503960.0,0.7519275827238825,0
2021-03-18,224.3000030517578,243.39999389648438,222.55999755859375,242.8000030517578,12435000,238.04149932861327,237.22719940185547,178.7651999282837,236.6981531733947,237.87810330614312,-1.1799501327484165,-1.2699074234348067,0.08995729068639013,48.15173345893952,238.04149932861327,273.8398925576229,202.24310609960366,0.30077438875135276,-0.08995008747167188,-0.0942558320431603,0.8664924354876055,13763890.0,0.9034509866033512,1
2021-03-19,224.83999633789062,229.39999389648438,219.52000427246094,227.19000244140625,10480800,235.4549987792969,237.1861993408203,179.42954990386963,234.87382135254794,236.91231760479107,-2.038496252243135,-1.4236251891964724,-0.6148710630466627,44.41139674818267,235.4549987792969,266.7205089528636,204.18948860573016,0.26557525077540073,0.0024074600035035587,0.0024045667143907795,0.8606864246869663,13919260.0,0.7529710631168611,1
2021-03-22,226.1300048828125,230.17999267578125,221.74000549316406,225.24000549316406,6386100,233.3574996948242,236.91919952392578,180.12159992218017,233.52861881874247,236.1136277735334,-2.5850089547909363,-1.6559019423153654,-0.9291070124755709,40.32078695333294,233.3574996948242,260.80257684885,205.91242254079845,0.2352191567866245,0.005737451369565161,0.005721054881596566,0.858166086689053,13751545.0,0.4643914556509832,0
2021-03-23,223.1999969482422,228.3800048828125,221.49000549316406,226.38999938964844,5591500,231.6879997253418,236.55419952392577,180.78794990539552,231.93960006943473,235.15706252721554,-3.2174624577808117,-1.9682140454084547,-1.249248412372357,45.40133802732446,231.6879997253418,257.1749813094213,206.2010181412623,0.22001123592325408,-0.012957183351624324,-0.013041859893441013,0.848138970843804,13082525.0,0.42740220255646366,0
2021-03-24,213.50999450683594,225.89999389648438,212.15499877929688,224.3000030517578,9262500,230.49749908447265,236.3143994140625,181.40739986419678,229.10427613672724,233.55357600718742,-4.44929987046018,-2.4644312104188,-1.9848686600413803,47.84140594866837,230.49749908447265,257.0777019365807,203.91729623236458,0.23063332971232764,-0.04341399002641233,-0.04438457258301724,0.8207112369164843,12239495.0,0.7567714190822415,0
2021-03-25,208.47000122070312,211.9600067138672,202.10000610351562,204.60000610351562,12878900,229.56549911499025,235.93339935302734,182.0020998764038,225.92977230349277,231.6955334304108,-5.765761126918022,-3.1246971937186445,-2.6410639331993777,46.58145289528206,229.56549911499025,257.8954057964096,201.23559243357087,0.2468132780460081,-0.02360542089738782,-0.023888492401509104,0.8113091765722671,12087625.0,1.065461577439737,1
2021-03-26,213.60000610351562,216.7899932861328,203.9600067138672,209.32000732421875,9196200,228.74399948120117,235.58699951171874,182.61054988861085,224.03288519580397,230.3551239987889,-6.322238802984941,-3.764205515571904,-2.5580332874130374,55.474661836877246,228.74399948120117,257.9563117158167,199.53168724658568,0.25541489438734993,0.024607880523689563,0.024309983810671197,0.8154241168154376,11801745.0,0.7792237503860658,0
2021-03-29,207.17999267578125,214.38999938964844,202.92999267578125,212.0,9695800,227.05299911499023,235.07479949951173,183.2159998703003,221.44013250041587,228.63844760449206,-7.198315104076187,-4.451027433272761,-2.747287670803426,40.086349898342334,227.05299911499023,257.1792713701326,196.92672685984786,0.265367754423583,-0.03005624178036348,-0.030517190382553846,0.7985455158000543,11837075.0,0.8191043817835065,1
2021-03-30,212.8300018310547,214.3000030517578,202.8300018310547,204.49000549316406,9735700,225.08449935913086,234.7763995361328,183.84654987335205,220.11549701282183,227.46745162127448,-7.351954608452644,-5.031212868308737,-2.320741740143907,42.633034799863104,225.08449935913086,253.38173990116016,196.78725881710156,0.25143659934467527,0.027271017255586116,0.026905788300082868,0.7844883076800239,11456570.0,0.849791866151911,1
2021-03-31,227.0500030517578,232.75999450683594,218.41000366210938,218.41000366210938,14453700,224.72699966430665,234.77219970703126,184.52679988861084,221.18234409573506,227.43652950501397,-6.254185409278904,-5.275807376502771,-0.9783780327761331,42.16095189250849,224.72699966430665,252.71835338094235,196.73564594767095,0.2491142920828268,0.06681389418015904,0.0646765374067868,0.7881308540193968,11571670.0,1.2490591245688825,1
2021-04-01,229.50999450683594,236.4600067138672,227.57000732421875,231.25999450683594,9260800,225.28199920654296,234.82939971923827,185.20064987182616,222.46352108205826,227.59011950514892,-5.126598423090655,-5.245965585820349,0.11936716272969328,43.41279581050259,225.28199920654296,253.1860172347423,197.37798117834362,0.24772523438604957,0.010834580145402395,0.010776306616895095,0.7477705374874444,11109910.0,0.8335621080638818,1
2021-04-05,229.9499969482422,233.32000732421875,224.10000610351562,231.6199951171875,7535000,225.95749893188477,235.03599975585936,185.8652498626709,223.61528659993272,227.76492524167435,-4.149638641741632,-5.0267001970046055,0.8770615552629737,37.76449321391146,225.95749893188477,253.61326202635877,198.30173583741077,0.24478730048973385,0.0019171384773535305,0.001915303112773846,0.7463432988604134,10247980.0,0.7352668525894859,1
2021-04-06,236.5,238.5,228.0800018310547,230.49000549316406,8768500,227.6889991760254,235.30839965820311,186.55639987945557,225.59755019994307,228.41196781636512,-2.8144176164220482,-4.584243680888094,1.769826064466046,45.994863256246546,227.6889991760254,253.25200896687213,202.12598938517866,0.22454321362345733,0.028484466791413476,0.02808632721745233,0.7008934447858672,10012000.0,0.8757990411506192,1
2021-04-07,245.1199951171875,249.89999389648438,236.0,237.50999450683594,17012200,228.69049911499025,235.8779995727539,187.29209983825683,228.60100326413453,229.6495994682779,-1.0485962041433652,-3.8771141855391487,2.8285179813957835,49.2594592748637,228.69049911499025,255.369863273894,202.0111349560865,0.23332289065046663,0.03644818231368929,0.035799658700148534,0.5897197017519433,10137835.0,1.6780900458529853,1
2021-04-08,258.3699951171875,258.5899963378906,248.82000732421875,248.8300018310547,15728200,230.27249908447266,236.86199951171875,188.06284980773927,233.1808481646042,231.77703618301194,1.4038119815922698,-2.8209289521128653,4.224740933705135,70.71627215822076,230.27249908447266,260.03637571716644,200.50862245177888,0.2585100413729845,0.054055157734747006,0.05264478056655685,0.6150188873600336,10275590.0,1.5306371702257486,1
2021-04-09,261.6499938964844,265.29998779296875,253.67999267578125,255.88999938964844,14969000,231.2689987182617,238.0457992553711,188.84734977722167,237.56071673873961,233.98984786549138,3.57086887324823,-1.5425693870406465,5.113438260288877,71.6605765618479,231.2689987182617,263.84800816362633,198.68998927289707,0.28174125910453984,0.012694967841792915,0.012615062292500355,0.5751732203490533,10437640.0,1.4341364523014781,1
2021-04-12,265.20001220703125,266.9599914550781,255.85000610351562,258.19000244140625,9051300,232.4234992980957,238.95159942626952,189.66894985198974,241.8129160415537,236.3017118907906,5.511204150763092,-0.13181467947989867,5.6430188302429904,72.39481183926134,232.4234992980957,268.1084961179875,196.73850247820388,0.30706875103127046,0.013567813465920953,0.01347659485004258,0.5759144115352599,10447700.0,0.8663437885850475,1
2021-04-13,273.2300109863281,275.45001220703125,266.8999938964844,267.4800109863281,10561700,233.52350006103515,240.09699951171876,190.5111999130249,246.6463152638267,239.037141453423,7.609173810403689,1.4163830184968191,6.19279079190687,77.09303395951142,233.52350006103515,272.82269596900403,194.2243041530663,0.33657594115964673,0.030279028694117027,0.02982966719909325,0.570964645349758,10532425.0,1.0027795118408154,0
2021-04-14,258.3999938964844,278.1300048828125,256.57501220703125,274.1300048828125,12486400,234.2754997253418,240.82619934082032,191.28169986724853,248.4545735150048,240.4714268195757,7.983146695429099,2.7297357538832756,5.253410941545823,73.02758681905514,234.2754997253418,274.91978572990234,193.63121372078126,0.34697854493714275,-0.05427667713480355,-0.05580522325229923,0.595524095549436,10782165.0,1.158060556483786,1
2021-04-15,263.0799865722656,268.41400146484375,260.739990234375,262.8500061035156,8944400,235.10599899291992,241.5351989746094,192.07869979858398,250.70463706227568,242.14613494940457,8.55850211287111,3.8954890256808428,4.663013087190268,78.11757762636145,235.10599899291992,277.4429890234699,192.76900896236992,0.3601523586118698,0.018111427191658702,0.017949369104620277,0.5969035959003924,10721685.0,0.8342345442903797,0
2021-04-16,256.1000061035156,263.44000244140625,254.66900634765625,263.239990234375,8549300,236.6959991455078,242.09839904785156,192.83449981689452,251.53469383785105,243.17975503489427,8.35493880295678,4.7873789811360306,3.5675598218207503,71.47331778672363,236.6959991455078,279.7074179955551,193.68458029546053,0.3634317352665197,-0.026531780542084937,-0.026890100354622772,0.4990072755591556,10527400.0,0.8120998537150673,0
2021-04-19,245.3300018310547,253.3000030517578,242.5800018310547,250.22000122070312,10735500,237.72049942016602,242.2505990600586,193.4816498184204,250.58012583680545,243.33903257535061,7.241093261454836,5.278121837199792,1.962971424255044,68.46384881526913,237.72049942016602,280.5184442875536,194.9225545527784,0.36006945107197624,-0.04205390088162553,-0.04296376656244681,0.5286524498653884,10540135.0,1.0185353413405047,1
2021-04-20,245.5,253.0,243.67999267578125,247.58999633789062,12580000,238.6889991760254,242.35299896240235,194.14219982147216,249.79856801575846,243.49910423643576,6.299463779322707,5.482390225624375,0.8170735536983322,66.69733085836185,238.6889991760254,281.2586340996012,196.1193642524496,0.35669540758501456,0.0006929367287999977,0.0006926967589944667,0.5288492244547952,10849830.0,1.1594651713436985,0
2021-04-21,245.25,251.48199462890625,240.33999633789062,243.11000061035156,9965200,239.79149932861327,242.05859893798828,194.77359981536864,249.09878832102638,243.62880021892198,5.469988102104395,5.479909800920379,-0.009921698815984037,60.85141713318543,239.79149932861327,281.810675510627,197.77232314659955,0.35046426833029737,-0.0010183299389001643,-0.0010188487891027657,0.5252649053762578,11068515.0,0.9003195098890863,0
2021-04-22,245.11000061035156,255.80499267578125,242.7100067138672,246.4600067138672,12730800,241.37149963378906,241.79839904785158,195.37114982604982,248.48512867323026,243.73851876643528,4.746609906794987,5.333249822095301,-0.5866399153003137,59.56585998818071,241.37149963378906,281.56653463543387,201.17646463214422,0.3330553529528472,-0.0005708435867418649,-0.0005710065799741728,0.4936961263078931,11241930.0,1.1324390029114217,1
2021-04-23,246.42999267578125,247.57000732421875,240.33999633789062,243.38999938964844,8459800,243.26949920654297,241.5771990966797,195.93654975891113,248.16895390439197,243.9378872041646,4.231066700227359,5.112813197721712,-0.881746497494353,59.99757103473735,243.26949920654297,280.39042731054695,206.148571102539,0.3051835780899702,0.00538530481066779,0.0053708559079992235,0.48009880018063755,11020975.0,0.7676090364055812,1
2021-04-26,255.77000427246094,256.9700012207031,246.3000030517578,248.27000427246094,8494400,245.37799911499025,241.37399932861328,196.5684497833252,249.33834626871027,244.8143403203347,4.52400594837556,4.995051747852481,-0.47104579947692127,61.30735990736926,245.37799911499025,280.1173111686626,210.63868706131794,0.28314936285214887,0.03790127774328189,0.037200672073503006,0.48814356960543165,10985885.0,0.7732103512825776,0
2021-04-27,253.7899932861328,260.80999755859375,253.39999389648438,256.9599914550781,6791500,247.7084991455078,240.99479919433594,197.19714973449706,250.02321504062144,245.47920350298642,4.544011537635015,4.904843705808988,-0.3608321681739728,55.517370292076485,247.7084991455078,277.5693815010054,217.8476167900102,0.24109695435162978,-0.007741372925884282,-0.007771492900607972,0.4702608617381633,10840670.0,0.6264834184602981,1
2021-04-28,254.1999969482422,258.9700012207031,249.39999389648438,253.0,6140700,249.7769989013672,240.55839935302734,197.8748997116089,250.66579687256308,246.125188202635,4.540608669928076,4.831996698632805,-0.2913880287047288,46.82793511035979,249.7769989013672,274.8054019056632,224.7485958970712,0.20040598705551185,0.0016155233577201944,0.0016142198036197429,0.46701419300571356,10660920.0,0.5760009455093932,0
2021-04-29,247.75999450683594,259.8800048828125,245.00999450683594,257.3580017089844,6592800,250.8124984741211,240.09479919433593,198.50749969482422,250.2187503547589,246.24628496590915,3.9724653888497414,4.660090436676192,-0.687625047826451,39.9187158081119,250.8124984741211,273.48456022684513,228.14043672139707,0.18078893109916802,-0.02533439228450307,-0.025660833256376185,0.42963097843880343,10267875.0,0.6420802746430007,0
2021-04-30,244.82000732421875,249.9600067138672,243.38999938964844,244.24000549316406,6188300,251.57799911499023,239.57419921875,199.1205997467041,249.38817450390655,246.1406347702284,3.247539733678167,4.377580296076587,-1.1300405623984204,35.07615315819842,251.57799911499023,272.1590316441949,230.99696658578557,0.1636155196527942,-0.01186627077736746,-0.011937236929519897,0.4328922774193952,10114250.0,0.6118397310724967,0
2021-05-03,243.67999267578125,249.41900634765625,241.7899932861328,246.60000610351562,5268800,252.26449890136718,238.91639892578124,199.7392497253418,248.50999268419497,245.95836498545452,2.5516276987404467,4.01238977660936,-1.460762077868913,25.932553136066915,252.26449890136718,270.6015890895414,233.92740871319296,0.14537987127030372,-0.004656542007728026,-0.004667417473973418,0.433856618573811,10000940.0,0.5268304779350741,0
2021-05-04,231.19000244140625,240.19000244140625,228.61900329589844,238.8300018310547,9123600,251.9989990234375,238.17859924316406,200.29154972076415,245.84537880068902,244.8644122044139,0.980966596275124,3.4061051405425125,-2.4251385442673885,26.9602056900695,251.9989990234375,271.4189417597071,232.5790562871679,0.15412714186585647,-0.05125570670462498,-0.05261596526232413,0.46367230032140655,10018695.0,0.9106575257555999,1
2021-05-05,231.8699951171875,240.1999969482422,229.8000030517578,237.5,6661000,251.3364990234375,237.68419921875,200.80894969940186,243.69531977245802,243.90186279054527,-0.2065430180872454,2.6835755088165607,-2.890118526903806,21.65304416374056,251.3364990234375,272.56441170038534,230.10858634648966,0.1689202543954295,0.0029412719780284036,0.0029369549006648807,0.44282694146801227,9501135.0,0.7010741348270496,0
2021-05-06,223.9600067138672,235.35000610351562,216.6999969482422,235.2100067138672,14759100,249.6159996032715,237.41699920654298,201.29379974365236,240.65911776344404,242.4246882663469,-1.7655705029028468,1.7937463064726793,-3.559316809375526,21.29331739673809,249.6159996032715,273.8137168193315,225.4182823872115,0.1938795370049898,-0.034113893862474876,-0.034709354269816806,0.4024933219968745,9452680.0,1.5613667235112159,1
2021-05-07,233.35000610351562,241.69900512695312,231.1790008544922,240.08999633789062,14836300,248.20100021362305,237.54179931640624,201.81464981079102,239.534639046532,241.75248958761864,-2.217850541086648,0.991426936960814,-3.2092774780474618,39.029306102259056,248.20100021362305,272.74306409610364,223.65893633114248,0.19775958889253123,0.041927125862454284,0.04107200409321333,0.43346690101030494,9446045.0,1.5706361763044745,0
2021-05-10,216.42999267578125,230.0,216.00999450683594,229.6199951171875,13256900,245.76249923706055,237.26979919433595,202.28214977264403,235.98007806641647,239.87674907563067,-3.8966710092142023,0.013807347725810715,-3.910478356940013,29.62858806063481,245.76249923706055,272.7614896436022,218.76350883051893,0.21971611202161992,-0.07250916213916248,-0.07527236286649405,0.4879089463421752,9656325.0,1.3728721848115095,1
2021-05-11,220.64999389648438,221.77999877929688,205.69000244140625,205.88999938964844,13676100,243.13349838256835,236.86279907226563,202.77834972381592,233.6216035787346,238.4525449882865,-4.830941409551883,-0.955142403729728,-3.875799005822155,33.669673585118176,243.13349838256835,269.0906771159946,217.17631964914207,0.2135220272492676,0.019498227433869753,0.019310572368644325,0.4775979583648413,9812045.0,1.3938073052049802,0
2021-05-12,206.6699981689453,218.75999450683594,205.60000610351562,215.3000030517578,11778300,240.5469985961914,235.9521990966797,203.18294971466065,229.47520274645933,236.0982822609279,-6.6230795144685715,-2.088729825877497,-4.534349688591075,28.44324760961051,240.5469985961914,270.15195265067837,210.94204454170443,0.24614694198853915,-0.0633582420768053,-0.06545439864061525,0.48965173493584985,9776640.0,1.20473905145326,0
2021-05-13,197.1300048828125,211.5,192.2899932861328,208.1999969482422,21397100,237.24949951171874,235.2107992553711,203.55104972839356,224.49901845974443,233.21174319588232,-8.712724736137886,-3.413528807929575,-5.299195928208311,24.686801539855864,237.24949951171874,270.72528176643664,203.77371725700087,0.28219897048140563,-0.04616051372069119,-0.04725987506602427,0.49272506214924644,10399275.0,2.0575568969952234,1
2021-05-14,207.85000610351562,208.3000030517578,198.1699981689453,200.27999877929688,11497800,234.83699951171874,234.99959930419922,203.94754974365233,221.93763194340153,231.33309600385516,-9.395464060453634,-4.609915858434388,-4.785548202019246,25.73916523171313,234.83699951171874,269.5252911124022,200.14870791103527,0.29542441500111627,0.05438036298470039,0.052953260716256945,0.5459586903922926,10546700.0,1.0901798666881584,0
2021-05-17,202.9199981689453,205.0,195.5500030517578,205.0,12133800,232.71649932861328,234.72919921875,204.316499710083,219.0118421319467,229.22842209015812,-10.216579958211412,-5.731248678389793,-4.485331279821619,24.992626393221627,232.71649932861328,269.80595004565606,195.62704861157047,0.318752222760705,-0.02371906562328907,-0.024004891388688564,0.5353755177768439,10616615.0,1.1429066609272354,1
2021-05-18,203.16000366210938,209.72999572753906,199.72900390625,202.5,10088000,230.59949951171876,234.75499938964845,204.683049697876,216.57309775197174,227.29742813252489,-10.724330380553141,-6.729865018822463,-3.9944653617306782,24.86704911319741,230.59949951171876,269.4101456800356,191.78885334340194,0.3366065082577903,0.0011827591924391534,0.0011820602838249457,0.5354947118496248,10492015.0,0.9614930973697616,0
2021-05-19,200.11000061035156,200.85000610351562,192.2100067138672,193.8000030517578,16413300,228.34249954223634,234.25539947509765,205.00959968566895,214.04031357633787,225.2835446123639,-11.243231036026032,-7.632538222263177,-3.6106928137628547,25.72593129922184,228.34249954223634,268.7818137054699,187.90318537900276,0.3541987518250281,-0.015012812545674548,-0.015126645555231818,0.53507586540759,10814420.0,1.517723557990165,1
2021-05-20,204.91000366210938,206.69000244140625,202.1999969482422,202.58999633789062,8336500,226.3324996948242,233.81899963378908,205.34999969482422,212.63565051261043,223.77439343086354,-11.138742918253115,-8.333779161461166,-2.804963756791949,30.046995417939115,226.3324996948242,267.2560147489664,185.40898464068204,0.3616229671772411,0.0239868224332489,0.023703657816983015,0.5475120344544195,10594705.0,0.7868553206530998,0
2021-05-21,200.00999450683594,208.89999389648438,199.6199951171875,207.0,9250300,224.01149978637696,232.98479949951172,205.6172996520996,210.69324189633744,222.01406758463926,-11.320825688301824,-8.931188466829298,-2.389637221472526,28.958274852584395,224.01149978637696,265.3985334654824,182.62446610727153,0.3695081164902083,-0.023912981639263475,-0.02420353838690443,0.5476439696476952,10634230.0,0.8698608173793495,1
2021-05-24,210.9499969482422,212.8000030517578,197.3000030517578,202.1699981689453,13215000,221.770499420166,232.36159942626952,205.90204963684081,210.73274267355356,221.194506796758,-10.461764123204432,-9.237303598104326,-1.2244605251001062,40.09978368707038,221.770499420166,260.6976100946697,182.84338874566228,0.35105760934192126,0.05469727884539455,0.05325378626998133,0.5698470943435096,10870260.0,1.2157022923094756,1
2021-05-25,216.1999969482422,219.08999633789062,211.77000427246094,212.07000732421875,14779000,219.8909996032715,231.6609994506836,206.2469496154785,211.57385871581334,220.82454310427534,-9.250684388461991,-9.23997975617586,-0.010704632286131499,42.66317320157729,219.8909996032715,255.82339771001443,183.95860149652856,0.3268200896950977,0.02488741443920528,0.024582766986056957,0.5824122691520589,11269635.0,1.3114000586531862,1
2021-05-26,222.33999633789062,223.8300018310547,215.8000030517578,218.0399932861328,11914400,218.2979995727539,231.24059936523437,206.6619496154785,213.23018758074832,220.93679889935794,-7.7066113186096175,-8.933306068662612,1.226694750052994,49.22871365486816,218.2979995727539,250.45236136028504,186.14363778522275,0.2945914470170379,0.028399627550033335,0.028003834245036774,0.5954874343347303,11558320.0,1.030807245343614,0
2021-05-27,220.89999389648438,223.38999938964844,217.66000366210938,222.3800048828125,8555700,216.95499954223632,230.72919921875,207.07519958496093,214.41015778316924,220.9340726028488,-6.523914819679561,-8.451427818866001,1.9275129991864404,43.58709830353519,216.95499954223632,246.02380145353422,187.88619763093843,0.26797079553484865,-0.006476578506450448,-0.00649764253885514,0.5911128632387982,11656465.0,0.7339875339564782,1
2021-05-28,222.52000427246094,225.89999389648438,221.64999389648438,221.8800048828125,6779800,215.83999938964843,230.69359924316407,207.49269958496095,215.6578264738295,221.05154902282007,-5.393722548990581,-7.839886764890918,2.4461642159003363,53.72386511288458,215.83999938964843,241.97073758617773,189.70926119311912,0.24213063630857778,0.007333682303023226,0.007306921611587155,0.5921075002019848,11686040.0,0.580162313324274,0
2021-06-01,221.9499969482422,227.06500244140625,218.57699584960938,223.5399932861328,6902900,214.75349960327148,230.6357992553711,207.8864995574951,216.62585270066222,221.1181007209995,-4.492248020337286,-7.170359015980191,2.6781109956429052,50.83205476910156,214.75349960327148,237.6124756455505,191.89452356099247,0.21288571394187222,-0.002561600365245442,-0.0025648868771474993,0.5921279411126313,11767745.0,0.5865949678549289,0
2021-06-02,220.41000366210938,224.8800048828125,219.49000549316406,221.3300018310547,7147500,214.21449966430663,230.52139923095703,208.27874954223634,217.20802977165408,221.06564908700764,-3.85761931535356,-6.507811075854865,2.650191760501305,60.45980317381697,214.21449966430663,235.92095141448118,192.50804791413208,0.20266090095852998,-0.006938469508030343,-0.006962652615007494,0.5655090911779816,11668940.0,0.6125235025632149,0
2021-06-03,211.42999267578125,219.94000244140625,211.25,218.8699951171875,7255700,213.19249954223633,230.28599914550782,208.57349952697754,216.31910098767366,220.35189676025013,-4.032795772576463,-6.012808015199186,1.9800122426227222,60.97971088931107,213.19249954223633,233.26187920647448,193.1231198779982,0.18827472549297752,-0.040742302241846384,-0.04159552511984733,0.5817025251846063,11698675.0,0.6202155372296435,1
2021-06-04,213.69000244140625,218.281005859375,211.74000549316406,212.50999450683594,8988500,212.6789993286133,230.2895993041992,208.8867495727539,215.91462428824792,219.85842310700244,-3.943798818754516,-5.599006175910252,1.655207357155736,55.15353835994866,212.6789993286133,232.10356136833147,193.2544372888951,0.18266553915560813,0.01068916352416771,0.010632438287927029,0.5725679152628971,11410145.0,0.7877638715371277,1
2021-06-07,216.9499969482422,217.30999755859375,211.64999389648438,214.25,5770800,211.8589988708496,230.45919921875,209.21964958190918,216.0739123897855,219.64298413227945,-3.5690717424939464,-5.19301928922699,1.623947546733044,62.75685188083339,211.8589988708496,228.84036658050348,194.87763116119572,0.1603082030988527,0.015255718421968822,0.015140520094355618,0.5530974494670149,10956870.0,0.5266832589964104,0
2021-06-08,214.1199951171875,221.41000366210938,212.2100067138672,218.0,6074000,211.7434989929199,230.46959899902345,209.51094955444336,215.77330973246274,219.23387383486522,-3.4605641024024862,-4.8465282518620905,1.3859641494596042,59.51717818106268,211.7434989929199,228.62509189203845,194.86190609380137,0.15945323449748997,-0.01304448891847576,-0.013130315456631651,0.4908298533333965,10597725.0,0.5731418771481616,0
2021-06-09,210.2100067138672,217.9459991455078,210.05999755859375,216.92999267578125,6817900,211.22149963378905,230.53019927978517,209.78649955749512,214.91741696037113,218.5654392333098,-3.6480222729386753,-4.606827056077408,0.9588047831387323,58.64134189537866,211.22149963378905,227.5810783816728,194.8619208859053,0.15490448440379037,-0.018260734599682693,-0.01842951973167781,0.48915006369511493,10254815.0,0.6648486588982834,1
2021-06-10,217.13999938964844,217.6300048828125,209.8000030517578,211.00999450683594,7575800,211.74499969482423,230.61639923095703,210.1132495880127,215.2593527187215,218.45985109674228,-3.2004983780207965,-4.325561320466085,1.1250629424452887,60.09574968440745,211.74499969482423,228.1613045379499,195.32869485169857,0.1550573082413802,0.03296699707171502,0.03243524100343056,0.44645038080906563,10044690.0,0.754209438021482,1
2021-06-11,219.33999633789062,222.7899932861328,218.0,218.10000610351562,7533200,212.85549926757812,230.46219909667968,210.43494956970216,215.88714404474752,218.52504704053106,-2.6379029957835485,-3.988029655529578,1.3501266597460297,66.70122547539677,212.85549926757812,228.0699195185171,197.64107901663914,0.14295538807586192,0.010131698233518005,0.010080716643183402,0.4075107069105223,9351495.0,0.805561035962699,1
2021-06-14,230.9499969482422,231.4499969482422,221.63999938964844,223.0500030517578,11591700,214.01049880981446,230.4909991455078,210.82099952697754,218.20450602990056,219.4454137003615,-1.240907670460956,-3.438605258515854,2.197697588054898,67.08233437022186,214.01049880981446,231.02565414490272,196.9953434747262,0.159012342195503,0.05293152550466207,0.05157820302665843,0.4052395221724025,9356190.0,1.238933796769839,0
2021-06-15,227.75,233.2100067138672,226.0,231.14999389648438,9437400,215.2519989013672,230.44699920654296,211.18169952392577,219.673043563762,220.0605682410755,-0.38752467731347906,-2.8283891422753795,2.4408644649619005,60.22305003418303,215.2519989013672,232.48200282084676,198.02199498188762,0.16009146495661308,-0.013855799915681866,-0.013952687522613636,0.3972110550256065,9221370.0,1.023427104649309,0
2021-06-16,225.11000061035156,229.1199951171875,220.11000061035156,226.14999389648438,9149000,216.3494987487793,230.21919921875,211.52759956359864,220.50949849400655,220.43460026842925,0.07489822557730008,-2.247731668704844,2.322629894282144,52.613704458681624,216.3494987487793,233.12680577242406,199.57219172513453,0.1550944848097498,-0.011591654839290588,-0.011659361802647551,0.40186216015624354,9174420.0,0.9972292526394039,1
2021-06-17,236.1300048828125,237.83999633789062,223.58999633789062,223.7899932861328,10830200,218.15049896240234,230.0393994140625,211.91044960021972,222.9126533230536,221.59722283245765,1.3154304905959577,-1.5350992368446836,2.8505297274406414,62.17037654112044,218.15049896240234,235.31653479714174,200.98446312766293,0.15737791952241123,0.04895386363369858,0.04779334716354099,0.42230051842831223,8895265.0,1.2175241547047784,1
2021-06-18,237.0500030517578,239.9600067138672,233.0,235.02999877929688,8518300,219.75749893188475,229.6129995727539,212.26239959716796,225.0876302043927,222.7418732190725,2.3457569853202074,-0.7589279924117054,3.104684977731913,61.74236295944077,219.75749893188475,237.70436375596762,201.8106341078019,0.16333335527854376,0.0038961510605224348,0.0038885807210655484,0.4186239784645736,8904355.0,0.9566442487973581,0
2021-06-21,233.88999938964844,235.66000366210938,228.82000732421875,234.91000366210938,6628900,221.45149917602538,229.0577996826172,212.61744956970216,226.44184084827822,223.56766034281887,2.87418050545935,-0.03230629283749431,2.9064867982968443,59.26156067653778,221.45149917602538,237.8818830805925,205.02111527145826,0.1483881027285987,-0.013330536264196557,-0.013420185468790561,0.409634382295598,8773285.0,0.755577870774744,1
2021-06-22,235.97000122070312,236.2779998779297,229.8070068359375,232.88999938964844,6748900,222.70249938964844,228.47319946289062,213.0329995727539,227.90771167480514,224.48635225969917,3.421359415105968,0.6584268487511983,2.76293256635477,61.96922889122596,222.70249938964844,239.57042921824012,205.83456956105675,0.15148397413429057,0.008893077243501635,0.008853766721175277,0.37108008857869457,8449980.0,0.7986882809190081,1
2021-06-23,238.6999969482422,243.0,236.86000061035156,236.89999389648438,8165500,223.82749938964844,227.7825991821289,213.4945495605469,229.5680632553339,225.5392148292209,4.028848426113001,1.332511164223559,2.696337261889442,73.20852030224617,223.82749938964844,241.832343237742,205.82265554155487,0.16088142786021098,0.011569249113940083,0.011502837085464056,0.3649921186692199,8119305.0,1.0056895263818764,1
2021-06-24,244.14999389648438,248.89999389648438,243.00999450683594,244.3000030517578,8165700,224.91799926757812,227.4975991821289,214.01974952697753,231.81143720012625,226.91779105642559,4.893646143700664,2.04473816011898,2.848907983581684,74.58831551662381,224.91799926757812,245.05874470639702,204.77725382875923,0.17909411878466927,0.022831994209970174,0.022575244948753632,0.36081174773500624,7931870.0,1.0294798074098541,0
2021-06-25,239.94000244140625,244.8699951171875,237.14999389648438,243.19000244140625,7614800,225.86999969482423,227.0347994995117,214.49839950561523,233.0619856987847,227.8823993071649,5.179586391619807,2.6717078064191453,2.507878585200662,68.27795903344294,225.86999969482423,246.98734523859596,204.7526541510525,0.18698672309119088,-0.017243463282096583,-0.0173938632467772,0.3672932002523687,7884825.0,0.9657538372760334,1
2021-06-28,246.60000610351562,247.72999572753906,241.6999969482422,241.6999969482422,7372300,227.07399978637696,226.8447994995117,215.0260494995117,235.14475806874327,229.26888869948718,5.875869369256094,3.3125401189865347,2.5633292502695593,74.34054649907605,227.07399978637696,250.05107859542562,204.0969209773283,0.2023752506289991,0.027756954214984475,0.027378713219063506,0.3765001411154194,7914450.0,0.9314987143768676,1
2021-06-29,248.8699951171875,251.91000366210938,246.14100646972656,247.83999633789062,6186800,228.4199996948242,226.91559936523439,215.58314949035645,237.25633299927316,230.7208225082057,6.535510491067441,3.9571341934027164,2.578376297664725,79.7019095299714,228.4199996948242,253.21524502699287,203.62475436265555,0.21710222717183988,0.009205145813009352,0.00916303667486709,0.3755090778415586,7878645.0,0.7852619327308186,0
2021-06-30,243.8000030517578,248.7899932861328,243.33999633789062,248.0800018310547,6655500,229.58949966430663,226.88159942626953,216.0801495361328,238.26305146888618,231.68965069661698,6.573400772269196,4.480387509176012,2.0930132630931837,71.08511231941425,229.58949966430663,254.9929796202179,204.18601970839535,0.22129478911757616,-0.020372050327088775,-0.02058242259114695,0.3845682457949252,7854045.0,0.8473977421825314,0
2021-07-01,241.85000610351562,245.0500030517578,237.8000030517578,242.82000732421875,5616900,231.11050033569336,226.81359954833985,216.51689956665038,238.81489064344453,232.44226961564652,6.372621027798004,4.85883421290041,1.5137868148975944,67.87360666860522,231.11050033569336,255.5608075520034,206.6601931193833,0.21158975624902732,-0.007998346693327218,-0.008030505058861992,0.34840056929675506,7772105.0,0.7226999635233955,0
2021-07-02,241.0800018310547,245.41000366210938,239.36000061035156,243.0,4401500,232.4800003051758,226.7329995727539,216.96704956054688,239.16336928769223,233.08210163160268,6.081267656089551,5.103320901538239,0.9779467545513123,59.71610384060369,232.4800003051758,255.86708555804952,209.09291505230206,0.20119653494643475,-0.003183809191765641,-0.0031888882957141324,0.3499128619783628,7542755.0,0.5835400990752053,1
2021-07-06,246.6999969482422,249.3699951171875,241.30999755859375,241.30999755859375,6252200,233.96750030517578,226.73839965820312,217.47234954833985,240.32285046623838,234.0908346180204,6.232015848217969,5.329059890874185,0.9029559573437842,67.36939183275352,233.96750030517578,256.97694467840313,210.9580559319484,0.19668923541273872,0.023311743298914944,0.02304417495493205,0.35380188227036136,7566825.0,0.8262646486472199,0
2021-07-07,244.63999938964844,254.77999877929688,244.30999755859375,250.0,7238300,235.49350051879884,226.51579956054687,217.9704995727539,240.98702722368608,234.87225423073357,6.11477299295251,5.48620251128985,0.6285704816626598,68.09339390484979,235.49350051879884,256.9569051671194,214.0300958704783,0.18228447580112442,-0.008350213149884822,-0.008385271479136171,0.35070999544304393,7625040.0,0.9492802660707353,0
2021-07-08,235.89999389648438,239.0,230.60000610351562,238.75,7683000,236.7779998779297,226.1579995727539,218.39439956665038,240.2044067118089,234.94838309486326,5.25602361694564,5.440166732421009,-0.18414311547536855,49.77750908177405,236.7779998779297,254.64376052444524,218.91223923141413,0.15090726888246545,-0.0357259872260034,-0.03637977914554392,0.3721608435522991,7668295.0,1.0019176361890094,1
2021-07-09,241.88999938964844,241.9600067138672,235.55999755859375,239.0,5404600,238.0154998779297,225.91179962158202,218.82589958190917,240.46372866224576,235.46257689447697,5.001151767768789,5.352363739490565,-0.3512119717217761,54.26356422430966,238.0154998779297,253.41190422476438,222.619095531095,0.129373123638847,0.02539213924605921,0.025075114301468072,0.36580883426350785,7559735.0,0.714919239893991,1
2021-07-12,243.35000610351562,247.22000122070312,241.781005859375,243.5800018310547,5722700,239.21600036621095,225.82359985351562,219.2946996307373,240.90777134551803,236.04683090996133,4.860940435556699,5.254079078703793,-0.39313864314709335,58.590637263881526,239.21600036621095,252.00450271137169,226.4274980210502,0.10692012512192392,0.006035829168428375,0.006017686518906397,0.36543365735338423,7469210.0,0.7661720583569079,0
2021-07-13,241.42999267578125,247.49000549316406,239.83999633789062,243.35000610351562,6304500,239.7400001525879,225.75579956054688,219.74029960632325,240.98811308863546,236.4455836333554,4.542529455280061,5.111769154019046,-0.5692396987389854,54.97267036620541,239.7400001525879,251.94807295209978,227.53192735307601,0.1018442712250086,-0.007889925537612918,-0.007921215693444929,0.3218030780569519,7204850.0,0.8750355663199095,0
2021-07-14,239.0,246.19000244140625,238.47999572753906,244.35000610351562,6188300,240.3025001525879,225.66219970703125,220.14669960021973,240.6822495365377,236.63479966051426,4.04744987602345,4.898905298419928,-0.8514554223964783,50.27472811544142,240.3025001525879,251.14476946824738,229.46023083692842,0.09023850612269807,-0.01006499916952952,-0.010115993735730511,0.3195342502382086,7042395.0,0.8787209464961849,0
2021-07-15,235.16000366210938,241.62100219726562,233.11000061035156,239.8300018310547,7143500,240.80500030517578,225.74159973144532,220.5186996459961,239.83267324816413,236.5255555124843,3.3071177356798387,4.580547785871911,-1.2734300501920721,41.51727506024041,240.80500030517578,249.3762916570617,232.23370895328986,0.07118864924751057,-0.016066930284061143,-0.016197402824615185,0.322551985995402,6942120.0,1.0290084297015898,1
2021-07-16,237.52000427246094,241.77000427246094,234.39999389648438,238.6999969482422,7879900,240.8745002746582,225.8545999145508,220.88224967956543,239.47687802113288,236.59921838359367,2.8776596375392103,4.239970156205371,-1.3623105186661606,47.63394779250314,240.8745002746582,249.3076108346444,232.441389714672,0.07002078302493882,0.010035722799794478,0.009985699336403309,0.27394212406305907,6794605.0,1.1597289319982544,0
2021-07-19,233.69000244140625,234.02000427246094,225.27999877929688,231.91000366210938,7310000,240.7065002441406,226.04919982910155,221.23794967651367,238.5865894704057,236.3837209063946,2.202868564011112,3.8325498377665195,-1.6296812737554074,36.63837268212318,240.7065002441406,249.58264426302,231.83035622526123,0.07375076294056546,-0.016124965317284468,-0.016256387268383278,0.279744189392265,6734190.0,1.0855054579689614,1
2021-07-20,246.47000122070312,247.69000244140625,232.1999969482422,234.61000061035156,8851600,241.33550033569335,226.3115997314453,221.62784965515138,239.79942204737455,237.13085278152855,2.6685692658460027,3.5997537233824164,-0.9311844575364137,47.95988303498885,241.33550033569335,249.95705981561332,232.7139408557734,0.07144874639601329,0.05468782851547638,0.053244826000104335,0.3369271056585094,6845325.0,1.2930868877664683,1
2021-07-21,257.25,258.5,244.8000030517578,246.27999877929688,9068900,242.3995002746582,227.12799987792968,222.06604965209962,242.48412634777844,238.62115998289678,3.8629663648816575,3.652396251682265,0.21057011319939267,60.42150474374911,242.3995002746582,253.2080195147123,231.5909810346041,0.0891793855004418,0.04373756938331752,0.04280808753913922,0.36662995566447226,6961325.0,1.302754863477858,1
2021-07-22,260.5899963378906,262.5690002441406,256.5,256.92999267578125,6660100,243.49400024414064,227.9267999267578,222.46439964294433,245.26964480779571,240.2484811943778,5.021163613417912,3.9261497240293943,1.0950138893885173,64.21418872655339,243.49400024414064,256.85666336724756,230.13133712103368,0.10975763763960336,0.012983464870323091,0.012899902201759288,0.36702183136815514,6886055.0,0.9671865821577086,1
2021-07-23,264.0,267.7699890136719,261.2799987792969,261.8500061035156,6374100,244.48650054931642,229.0733999633789,222.9076996612549,248.15123791428869,242.00785295775722,6.143384956531463,4.369596770529808,1.7737881860016547,66.71528142066956,244.48650054931642,260.6990895400892,228.27391155854363,0.1326256374429349,0.013085704401667897,0.01300082623039778,0.3622163794740704,6796475.0,0.9378538139256012,0
2021-07-26,261.989990234375,265.739990234375,260.3999938964844,264.9700012207031,5928300,245.58899993896483,230.37059967041014,223.31674964904786,250.2802767327635,243.48801127454374,6.7922654582197595,4.854130508067799,1.9381349501519605,61.770582617674116,245.58899993896483,263.41812812557305,227.75987175235662,0.14519484334428018,-0.007613673354640138,-0.00764280532736617,0.35623255345327326,6712150.0,0.8832192367572238,0
2021-07-27,251.72999572753906,261.8599853515625,245.0570068359375,261.2799987792969,7828100,245.84549942016602,231.24819946289062,223.65789962768554,250.50331042426743,244.09852864143227,6.404781782835158,5.164260763021272,1.2405210198138867,54.84620230456658,245.84549942016602,263.88226574624395,227.80873309408813,0.1467325321685218,-0.0391617805613772,-0.03994923024125721,0.3772194128145505,6734940.0,1.1623117652124593,1
2021-07-28,258.6099853515625,259.8699951171875,250.77000427246094,254.02999877929688,4698900,246.33249893188477,232.36199920654298,224.01454956054687,251.75049118231283,245.17345136070116,6.577039821611663,5.44681657473935,1.1302232468723128,65.92789222403299,246.33249893188477,265.21905566030676,227.44594220346278,0.1533419813489121,0.027330829622187913,0.026964011129688114,0.38760393810059734,6660545.0,0.705482809589906,0
2021-07-29,255.27999877929688,261.8299865722656,254.52999877929688,255.50999450683594,4713800,246.90649871826173,233.4043991088867,224.36509956359862,252.2934923510796,245.92208450281936,6.371407848260247,5.63173482944353,0.7396730188167178,59.755210122428295,246.90649871826173,266.16315483098174,227.64984260554175,0.15598338814640306,-0.012876481036641851,-0.012960101519213221,0.38269602803828057,6563460.0,0.7181882726488773,0
2021-07-30,247.25999450683594,254.36000061035156,244.35000610351562,249.27999877929688,7566500,247.17699813842773,234.34739898681642,224.6490495300293,251.5191080673498,246.0211889475613,5.497919119788492,5.604971687512522,-0.10705256772403082,52.60007252948717,247.17699813842773,266.28600822069683,228.06798805615864,0.1546180285883024,-0.031416500747458276,-0.03192058482553203,0.3999196269064332,6660940.0,1.1359507817214987,1
2021-08-02,272.3800048828125,280.875,247.00999450683594,247.92999267578125,45730600,248.74199829101562,235.69679901123047,225.07349952697754,254.72847680819024,247.973693831654,6.754782976536234,5.834933945317265,0.9198490312189689,65.72823315321787,248.74199829101562,270.66778911501103,226.81620746702018,0.17629343636890266,0.10159350859033567,0.0967577757046479,0.5343263304933988,8727395.0,5.23989117027475,0
2021-08-03,269.489990234375,274.95001220703125,261.75,270.42999267578125,21445100,249.88149795532226,237.08639892578125,225.47794944763183,256.99947887375714,249.56749356518887,7.431985308568272,6.154344217967467,1.277641090600805,65.42235121485268,249.88149795532226,273.65169889760034,226.11129701304418,0.19025178844196053,-0.010610230547873356,-0.01066692039548905,0.5338599338432425,9487040.0,2.260462694370425,0
2021-08-04,266.4200134277344,268.3900146484375,261.0,268.0,10241400,250.97049865722656,238.1957992553711,225.87829948425292,258.44879188206136,250.81582836982184,7.632963512239513,6.450068076821877,1.1828954354176364,65.93597779634305,250.97049865722656,275.7056744929494,226.23532282150373,0.19711620264584118,-0.01139180273067164,-0.011457186347854396,0.5349729039106296,9637195.0,1.0626951099360342,1
2021-08-05,281.80999755859375,289.2300109863281,264.7699890136719,265.6000061035156,19413700,253.26599884033203,239.50799926757813,226.35254943847656,262.0428235246048,253.1116927541753,8.93113077042949,6.9462806155434,1.9848501548860904,69.93070165042435,253.26599884033203,280.5066632736295,226.02533440703456,0.21511505340652504,0.0577658710126665,0.056159015008112476,0.5439048370411249,10223730.0,1.8988862186305782,0
2021-08-06,275.1000061035156,285.8599853515625,273.1000061035156,279.510009765625,9490700,254.9264991760254,240.56319946289062,226.7993494415283,264.0516208444372,254.7404567059783,9.311164138458906,7.419257320126502,1.8919068183324041,68.16388204934485,254.9264991760254,283.2736732726875,226.5793250793633,0.22239488000098837,-0.02381033857282866,-0.02409838621498939,0.5527718298887707,10428035.0,0.9101139380525669,1
2021-08-09,279.7300109863281,286.5199890136719,270.6300048828125,272.989990234375,10561700,256.745499420166,241.7397998046875,227.30889945983887,266.46368086626654,256.59153480081903,9.87214606544751,7.909835069190704,1.9623109962568055,65.71240575705187,256.745499420166,286.5940455190017,226.89695332133033,0.23251465880606006,0.016830260923623275,0.01669020139009332,0.5538460916933141,10669985.0,0.989851438404084,0
2021-08-10,273.0799865722656,283.5899963378906,272.6400146484375,280.010009765625,6694800,258.32799911499023,242.7509994506836,227.79464942932128,267.48157405180484,257.81290159870395,9.668672453100896,8.261602545972742,1.4070699071281538,57.781923066652304,258.32799911499023,288.1135809785643,228.54241725141617,0.23060281475966166,-0.023773010234456105,-0.024060148128508922,0.5625208953270411,10689500.0,0.6262968333411292,0
2021-08-11,271.0899963378906,281.3399963378906,269.614990234375,277.760009765625,8018200,259.93249893188477,243.73379943847655,228.26624938964844,268.03671594197186,258.796390097903,9.240325844068877,8.457347205591969,0.7829786384769086,55.23116855947037,259.93249893188477,288.7766093152994,231.0883885484701,0.22193539093373044,-0.0072872064311765294,-0.007313887820847235,0.5615046378879662,10780995.0,0.743734692391565,0
2021-08-12,268.5899963378906,272.8399963378906,265.54998779296875,270.45001220703125,5208800,261.6039985656738,244.69739929199218,228.75974937438966,268.12183600288245,259.52184241197614,8.599993590906308,8.485876482654838,0.11411710825147026,52.307690891398835,261.6039985656738,288.1897698373787,235.01822729396892,0.20325202533195022,-0.009222029708849777,-0.00926481587819678,0.5583085548537187,10684260.0,0.48752089522344083,0
2021-08-13,267.8800048828125,271.9100036621094,266.4599914550781,269.95001220703125,4267500,263.1219985961914,245.8263995361328,229.2440493774414,268.0846312151794,260.140965557964,7.9436656572153765,8.377434317566946,-0.4337686603515696,53.00051800615513,263.1219985961914,287.2731818704761,238.97081532190677,0.18357403336198466,-0.0026434024526548194,-0.0026469024101429066,0.5592790965143771,10503640.0,0.40628772501723215,0
2021-08-16,263.3999938964844,267.3800048828125,257.6000061035156,266.3500061035156,6543000,264.6074981689453,246.8205993652344,229.72539932250976,267.36391778153404,260.3823750645211,6.981542717012928,8.098255997456143,-1.1167132804432143,56.31698642071548,264.6074981689453,284.3973363825446,244.81765995534604,0.14957881655314215,-0.016723946933956402,-0.01686537113232127,0.5596059030363038,10465290.0,0.6252096215202828,0
2021-08-17,260.8800048828125,264.25,257.9100036621094,260.9800109863281,5707800,265.32799835205077,247.69919952392578,230.18049934387207,266.36639272019227,260.4192365325427,5.947156187649568,7.668036035494828,-1.7208798478452598,51.28963757896829,265.32799835205077,283.30354934336077,247.3524473607408,0.13549682734544363,-0.009567156689693102,-0.009613215939376524,0.5321403018297858,10308100.0,0.5537198901834479,0
2021-08-18,259.6600036621094,266.6669921875,259.0799865722656,261.5400085449219,4705100,265.44849853515626,248.6099996948242,230.70439933776856,265.33464055741024,260.36299706065876,4.971643496751483,7.12875752774616,-2.157114030994677,52.54947915834006,265.44849853515626,283.2272780764345,247.669718993878,0.13395276024832076,-0.004676484199128805,-0.004687453162176399,0.5107385367325136,10089910.0,0.4663173407889664,0
2021-08-19,257.3500061035156,260.4800109863281,254.13999938964844,256.8399963378906,5121000,265.2864990234375,249.55279968261718,231.21499938964843,264.1062352568111,260.13981254531484,3.96642271149625,6.496290564496178,-2.529867852999928,56.291316379501126,265.2864990234375,283.3090545909309,247.2639434559441,0.13587239180159819,-0.008896239413135443,-0.00893604722003419,0.5098002687606383,10012955.0,0.5114374328058001,1
2021-08-20,263.04998779296875,263.5,257.0849914550781,257.1400146484375,4749600,265.23899841308594,250.4709994506836,231.73919929504393,263.9437356469892,260.3553810821781,3.588354564811084,5.91470336455916,-2.326348799748076,42.3234955883313,265.23899841308594,283.2808281441253,247.1971686820466,0.13604205896555838,0.02214875288233098,0.02190703195551794,0.5139202470968,9931730.0,0.47822484098943485,1
2021-08-23,270.44000244140625,273.5,267.07000732421875,267.7099914550781,6071300,265.6614990234375,251.49299957275392,232.23494934082032,264.94316130766873,261.10239007175056,3.8407712359181687,5.499916938830962,-1.6591457029127934,50.72775609861013,265.6614990234375,283.77857703026183,247.54442101661317,0.13639219889537688,0.02809357533311796,0.027706189478940987,0.522191037324377,9938880.0,0.6108635983128884,0
2021-08-24,270.1700134277344,274.18798828125,269.1300048828125,272.3999938964844,4258100,266.58349990844727,252.27739990234375,232.7096494293213,265.74729240306345,261.7740658758975,3.9732265271659344,5.194578856497957,-1.2213523293320225,53.00144209913358,266.58349990844727,283.5560700643528,249.61092975254172,0.12733398850067187,-0.0009983323888276274,-0.0009988310545239552,0.4992783124315689,9760380.0,0.43626375202604817,0
2021-08-25,267.57000732421875,270.32501220703125,266.2200012207031,269.5299987792969,3428700,267.03150100708007,253.07380004882813,233.0570994567871,266.02771008324123,262.20339487206945,3.824315211171779,4.920526127432721,-1.096210916260942,35.668284688257486,267.03150100708007,283.58575513907306,250.47724687508705,0.123987275430505,-0.009623592457684405,-0.009670198476167768,0.4935676093915407,9696870.0,0.35358832282994407,0
2021-08-26,262.1300048828125,268.0,260.94000244140625,268.0,4314400,267.37400131225587,253.81420013427734,233.4473494720459,265.42806312932913,262.19795857656896,3.2301045527601673,4.58244181249821,-1.352337259738043,36.60400718906082,267.37400131225587,283.17064684112216,251.57735578338958,0.11816141772451537,-0.02033113687071253,-0.02054065918285183,0.49727231715177944,9676900.0,0.4458452603623061,1
2021-08-27,268.010009765625,270.4840087890625,261.614990234375,262.0,4646200,268.4115020751953,254.4518002319336,233.92739952087402,265.82528568875927,262.6284808868694,3.1968048018898685,4.305314410376542,-1.1085096084866732,38.199757997958535,268.4115020751953,281.05719722500703,255.76580692538354,0.09422617922140357,0.022431636109117692,0.02218374714863521,0.4862173513259515,9530885.0,0.4874888323592195,1
2021-08-30,271.9200134277344,273.8699951171875,268.5,271.0,6348100,268.3885025024414,255.14920043945312,234.36989959716797,266.76293611014006,263.3167425565631,3.446193553576961,4.133490239016625,-0.687296685439664,48.76388153555768,268.3885025024414,281.00544754451005,255.7715574603727,0.09402001147164572,0.014589021005329883,0.014483625083951046,0.32806073087877563,7561760.0,0.8395003279659762,0
2021-08-31,268.07000732421875,276.1400146484375,266.260009765625,273.5,6309300,268.31750335693357,255.83280059814453,234.8176996612549,266.9640239892291,263.6688362430561,3.295187746172985,3.9658297404478975,-0.6706419942749124,46.90448022832505,268.31750335693357,280.92432717167736,255.71067954218978,0.09396944781476567,-0.014158597798608952,-0.014259787011530653,0.3298363562773541,6804970.0,0.9271605899805583,1
2021-09-01,268.25,273.1499938964844,267.94000244140625,269.010009765625,3942000,268.40900268554685,256.4784005737305,235.27299964904785,267.16186645242465,264.00818170653343,3.153684745891212,3.8034007415365605,-0.6497159956453484,49.634097718012534,268.40900268554685,280.9843643769865,255.8336409941072,0.09370297989722973,0.0006714390676445525,0.0006712137532847074,0.32710885272182466,6490000.0,0.6073959938366718,0
2021-09-02,265.94000244140625,274.3699951171875,265.4700012207031,272.3699951171875,5215000,267.6155029296875,257.02320068359376,235.70689964294434,266.97388737380646,264.1512795387462,2.8226078350602393,3.6072421602412965,-0.7846343251810572,47.981686912238146,267.6155029296875,278.5225758575215,256.70843000185357,0.08151301257535623,-0.008611360889445474,-0.008648652901958362,0.24850877462382803,5780065.0,0.9022389886618922,1
2021-09-03,269.739990234375,270.6300048828125,263.67999267578125,266.5400085449219,4901800,267.34750213623045,257.5350006103516,236.1160996246338,267.3994416600478,264.56525810879276,2.8341835512550233,3.452630438444042,-0.6184468871890187,56.69058650076294,267.34750213623045,277.73108542753096,256.96391884492994,0.07767855101192918,0.014288891321665664,0.014187767276016974,0.2424667100948237,5550620.0,0.8831085536390529,0
2021-09-07,265.8299865722656,270.45001220703125,263.75,270.0799865722656,5672200,266.65250091552736,258.05280029296875,236.51754959106447,267.1579870311582,264.65894169867966,2.499045332478545,3.2619134172509425,-0.7628680847723976,55.07482346168407,266.65250091552736,275.25427678448034,258.05072504657437,0.06451674624779112,-0.014495454154617615,-0.01460153967003386,0.23757926721603095,5306145.0,1.0689869952668085,0
2021-09-08,254.72000122070312,265.0,251.72999572753906,264.760009765625,10481800,265.73450164794923,258.2152001953125,236.83284957885743,265.2444507526266,263.9227238854962,1.3217268671303941,2.8738761072268333,-1.5521492400964392,45.789290229272126,265.73450164794923,275.3115864419278,256.1574168539707,0.07208010051074565,-0.04179357451286736,-0.04269204876648124,0.26595788532990416,5495495.0,1.9073441063998784,0
2021-09-09,251.5399932861328,258.6300048828125,251.3800048828125,256.0,5606200,264.75700149536135,258.2686001586914,237.11069953918457,263.1360726808583,263.00548458183965,0.13058809901866653,2.3252185055852,-2.1946304065665334,45.12009539244935,264.75700149536135,275.89598227422044,253.61802071650226,0.08414493830905735,-0.012484327572749088,-0.012562911520394142,0.2676154919837732,5374895.0,1.0430343290427069,0
2021-09-10,247.89999389648438,254.75,247.3800048828125,253.00999450683594,6509300,263.72250137329104,258.35059997558596,237.3112995147705,260.7920605601854,261.8865593458874,-1.094498785702001,1.6412750473277598,-2.7357738330297607,36.81921561276503,263.72250137329104,277.00032845008167,250.44467429650038,0.10069544318477619,-0.01447085746522958,-0.014576581507690601,0.269718250436144,5439920.0,1.1965800967661289,0
2021-09-13,246.67999267578125,248.83999633789062,237.91000366210938,248.74000549316406,7879100,262.66250076293943,258.44719970703125,237.53019950866698,258.620973193354,260.76014699995363,-2.139173806599615,0.8851852765422848,-3.0243590831419,26.84209023449165,262.66250076293943,277.79780997042604,247.52719155545282,0.1152452989179957,-0.004921344295040875,-0.004933493988148832,0.2697028889851281,5620500.0,1.4018503691842363,1
2021-09-14,247.0500030517578,253.4199981689453,245.67999267578125,249.10000610351562,4940400,261.8450012207031,258.5665997314453,237.70084953308105,256.84082394080076,259.74458078156874,-2.903756840767983,0.1273968530802313,-3.031153693848214,27.509721539023758,261.8450012207031,278.5022810040486,245.18772143735768,0.12723007661548155,0.00149996103033323,0.0014988372124353146,0.266011163980146,5540370.0,0.8917093984697773,1
2021-09-15,248.8000030517578,248.89999389648438,245.07000732421875,247.72999572753906,4092200,261.2410011291504,258.6085998535156,237.88224952697755,255.6037745732557,258.9338713201013,-3.3300967468455838,-0.5641018669049317,-2.765994879940652,31.43422043590931,261.2410011291504,278.8920219348287,243.5899803234721,0.13513208668919552,0.007083586231056982,0.007058615486378812,0.26717686619250214,5459590.0,0.7495434638864823,1
2021-09-16,255.08999633789062,255.49000549316406,247.47999572753906,248.8000030517578,5795100,261.01250076293945,258.81759979248045,238.10289947509764,255.5247317678149,258.6491398399375,-3.1244080721226055,-1.0761631079484666,-2.048244964174139,43.151741847382404,261.01250076293945,278.8668477326535,243.15815379322538,0.1368083667833979,0.025281323187219984,0.02496703657873244,0.2841647716819819,5514090.0,1.0509621714553081,1
2021-09-17,255.7899932861328,257.2699890136719,252.3800048828125,256.05999755859375,5564700,260.9345001220703,259.21539978027346,238.36684944152833,255.5655412321715,258.4373512063223,-2.871809974150807,-1.4352924811889347,-1.4365174929618723,36.780592610346474,260.9345001220703,278.86966486013034,242.9993353840102,0.13746871134073604,0.0027441175988531796,0.0027403593819112504,0.28273104893258416,5536275.0,1.005134318652885,0
2021-09-20,250.22999572753906,251.72000122070312,244.61000061035156,245.3300018310547,5861500,260.29350051879885,259.38219970703125,238.607999420166,254.74468807761266,257.82939894863466,-3.084710871021997,-1.7651761591555473,-1.3195347118664498,27.34486439689826,260.29350051879885,278.8170369197096,241.7699641178881,0.14232807476168968,-0.021736571814887973,-0.021976291244081084,0.2797174460831263,5591870.0,1.0482182168040388,1
2021-09-21,251.3000030517578,254.10000610351562,249.8300018310547,252.82000732421875,4658700,259.3365005493164,259.5411996459961,238.83684944152833,254.21473653517347,257.3457399933104,-3.131003458136945,-2.0383416189518266,-1.0926618391851184,31.4038464076518,259.3365005493164,277.6290999753873,241.04390112324546,0.1410723086594001,0.004276095362219623,0.004266978845935099,0.2572107692540484,5521240.0,0.8437778470053828,1
2021-09-22,261.07000732421875,261.7900085449219,252.2899932861328,253.0,6271000,258.8815002441406,259.93399993896486,239.101449508667,255.26939357964199,257.6216116474518,-2.3522180678098152,-2.1011169087234243,-0.25110115908639097,43.43453398178544,258.8815002441406,276.4789923457853,241.284008142496,0.1359501709086912,0.03887785178597358,0.03814114195861146,0.2981259762441944,5621885.0,1.1154621626020453,1
2021-09-23,266.7200012207031,268.1700134277344,262.70001220703125,263.489990234375,7837900,258.83899993896483,260.4883999633789,239.37214950561523,257.0310255244206,258.2955664306556,-1.26454090623497,-1.9338017082257335,0.6692608019907635,50.67218108151751,258.83899993896483,276.3520418523238,241.3259580256059,0.13531996273736635,0.021641681303772753,0.02141082492716429,0.30740056259921894,5842345.0,1.3415674699114826,0
2021-09-24,262.5,264.9700012207031,257.9100036621094,263.989990234375,6958900,258.85749969482424,261.0351998901367,239.61959953308104,257.8724062129713,258.60700595431075,-0.734599741339423,-1.6939613148484716,0.9593615735090486,43.805621208149304,258.85749969482424,276.3859540904195,241.32904529922897,0.13542937265684898,-0.015821840137182686,-0.01594834154752684,0.30383731631266614,5974570.0,1.1647532793154989,0
2021-09-27,258.1099853515625,259.8599853515625,255.79299926757812,258.1000061035156,4683200,258.3624984741211,261.44699951171873,239.8749494934082,257.9089568496777,258.57018961336644,-0.6612327636887585,-1.487415604616529,0.8261828409277705,43.448744516859506,258.3624984741211,275.35359027042807,241.37140667781406,0.13152908720619852,-0.016723865327380905,-0.016865288137752392,0.2976411225334544,5976420.0,0.7836129321567092,0
2021-09-28,242.6999969482422,252.85000610351562,241.6199951171875,252.50999450683594,11052200,256.9014976501465,261.6271994018555,240.0021994781494,255.56911686484148,257.3946197863202,-1.8255029214787442,-1.5550330679889721,-0.27046985348977204,40.493513809538406,256.9014976501465,274.00876896489297,239.79422633540003,0.1331815615808008,-0.05970318576528877,-0.06155969373556815,0.35497475248521987,6211625.0,1.779276759302115,0
2021-09-29,236.0399932861328,246.24000549316406,235.22000122070312,245.52000427246094,7323700,255.29999694824218,261.41859924316407,240.09944946289062,252.5646363142709,255.81279560112117,-3.2481592868502673,-1.8936583117612313,-1.354500975089036,38.380811721676075,255.29999694824218,273.9338633563575,236.66613054012686,0.1459762368261448,-0.02744130097179065,-0.02782484641315903,0.3623621316827913,6262345.0,1.1694820390764162,1
2021-09-30,239.83999633789062,243.27000427246094,236.27000427246094,236.69000244140625,5464100,253.8794967651367,261.07039916992187,240.21934944152832,250.60699939482777,254.6296252853263,-4.022625890498546,-2.3194518275086944,-1.7031740629898513,43.97248306493908,253.8794967651367,272.6874025310699,235.07159099920355,0.1481640384952576,0.016098979663803803,0.01597076534012038,0.37023376887600884,6338450.0,0.8620561809275138,0
2021-10-01,239.2899932861328,242.0500030517578,236.8800048828125,239.44000244140625,5934600,252.54699630737304,260.6443991088867,240.31584938049318,248.8659215319516,253.49335624834902,-4.627434716397403,-2.781048405286436,-1.8463863111109666,44.41758769190764,252.54699630737304,271.53252504499613,233.56146756974994,0.15035244144829152,-0.0022932082227976602,-0.0022958416515448323,0.37016819725754385,6374430.0,0.9310008894912957,0
2021-10-04,226.25,236.28500366210938,222.9199981689453,235.61000061035156,12376700,250.37249679565429,259.8893991088867,240.31169937133788,245.38654898857442,251.47532985958244,-6.0887808710080265,-3.4425948984307544,-2.646185972577272,36.81207019352502,250.37249679565429,270.96121595502103,229.78377763628757,0.16446470297550742,-0.05449451983786113,-0.05603559485373878,0.4017893113356488,6748175.0,1.8340810663623868,1
2021-10-05,235.97999572753906,239.13999938964844,226.25999450683594,226.91000366210938,9928200,248.87999725341797,259.36919921875,240.33789932250977,243.93938694841512,250.32752733128294,-6.388140382867817,-4.031703995318168,-2.3564363875496497,42.61860440761843,248.87999725341797,269.07463928952404,228.6853552173119,0.16228417115854604,0.04300550597807318,0.042106454986555096,0.4403002467752687,6960975.0,1.426265717087046,1
2021-10-06,239.1199951171875,241.0,231.3300018310547,231.97000122070312,7079600,248.0999969482422,259.11699920654297,240.35624931335448,243.1979420513032,249.49733975986845,-6.299397708565266,-4.485242737967587,-1.814154970597679,40.45883573017925,248.0999969482422,268.5483706008828,227.65162329560158,0.1648397735120204,0.013306210045337385,0.013218459989166511,0.42328686934932136,6790865.0,1.042518147540851,1
2021-10-07,249.16000366210938,251.64999389648438,244.9199981689453,246.08999633789062,9170900,247.98099746704102,258.9279995727539,240.43454933166504,244.1151822991195,249.4723519007752,-5.357169601655698,-4.65962811070521,-0.6975414909504885,46.43663945847135,247.98099746704102,268.3727024412069,227.58929249287516,0.16446183524103392,0.04198732331021282,0.04112977752800973,0.4500941250442087,6969100.0,1.3159374955159202,0
2021-10-08,238.49000549316406,251.44000244140625,238.1199951171875,249.3000030517578,8488300,247.510498046875,258.5921997070312,240.4190993499756,243.24977048281866,248.65884475947067,-5.409074276652007,-4.809517343894569,-0.5995569327574373,44.018754594427854,247.510498046875,268.33961594421424,226.68138014953576,0.16830896516877844,-0.04282388028624007,-0.04376787132247842,0.4727890572463411,7068050.0,1.2009394387419443,0
2021-10-11,232.3300018310547,240.72000122070312,232.0,238.49000549316406,7632300,246.79299850463866,258.2935998535156,240.42734939575195,241.56980607485497,247.44930083884728,-5.879494763992312,-5.023512827914118,-0.8559819360781944,40.811779908065915,246.79299850463866,268.7031467812318,224.88285022804553,0.17755891301090793,-0.0258291899879467,-0.02616862109282527,0.4805523707056828,7055710.0,1.0817196284994706,1
2021-10-12,237.41000366210938,240.32000732421875,234.0800018310547,237.75,5800300,246.31099853515624,257.59419982910157,240.47299942016602,240.92983647289412,246.70564919612596,-5.775812723231837,-5.1739728069776625,-0.6018399162541748,37.99472213800175,246.31099853515624,268.61788866544174,224.00410840487078,0.18112784457817538,0.02186545771539561,0.02162983704436662,0.4882070305555406,7098705.0,0.8170926950760737,1
2021-10-13,242.72999572753906,243.52999877929688,238.6699981689453,239.3000030517578,5422800,246.00749816894532,257.05899993896486,240.56994941711426,241.2067840505318,246.41115634660102,-5.204372296069209,-5.180052704795972,-0.024319591273237684,37.78637417108705,246.00749816894532,268.33696224331493,223.6780340945757,0.18153482508110286,0.0224084578718986,0.022161077173326812,0.49478155427053183,7165235.0,0.7568209556281127,1
2021-10-14,247.41000366210938,251.33999633789062,247.10000610351562,248.11500549316406,6747800,245.62349853515624,256.67879974365235,240.7369994354248,242.16112552923605,246.48514503663867,-4.324019507402625,-5.008846065317303,0.6848265579146782,42.35330177139253,245.62349853515624,267.5559293269511,223.6910677433614,0.1785857698680703,0.01928071526777253,0.019097197429001043,0.491035627012789,7212870.0,0.9355221985145996,1
2021-10-15,249.0,250.4600067138672,246.50999450683594,250.0,4673500,245.28399887084962,256.0225997924805,240.87679946899414,243.21326006319975,246.67143058948022,-3.458170526280469,-4.698710957509936,1.2405404312294674,45.24878177972846,245.28399887084962,266.75926086057217,223.80873688112706,0.17510528276269674,0.006426564465283668,0.006406002149549972,0.4915885440188002,7168310.0,0.6519667815705515,1
2021-10-18,252.1999969482422,253.60000610351562,244.16000366210938,247.4499969482422,6911100,245.38249893188475,255.564599609375,241.04959945678712,244.5958349685909,247.0809540234626,-2.4851190548716886,-4.255992576982287,1.7708735221105982,55.6777429979379,245.38249893188475,266.97105227077463,223.79394559299487,0.17595837871781234,0.012851393366434483,0.012769514965565049,0.48744389584002623,7220790.0,0.9571113410028542,1
2021-10-19,254.41000366210938,256.9700012207031,251.80999755859375,253.94000244140625,5248600,245.53799896240236,255.05819946289063,241.2158494567871,246.10570707528603,247.6238465892883,-1.5181395140022573,-3.708421964386281,2.1902824503840237,61.59576367815189,245.53799896240236,267.3496672495209,223.7263306752838,0.17766429945092474,0.008762913325176314,0.008724741833766984,0.4881225275615101,7250285.0,0.7239163701840686,1
2021-10-20,255.35000610351562,260.3800048828125,253.02000427246094,257.8900146484375,4695100,245.2519989013672,254.7035998535156,241.34384948730468,247.5279069257829,248.19615470145328,-0.6682477756703804,-3.1003871266431013,2.432139350972721,60.15717650670288,245.2519989013672,266.3442944698649,224.1597033328695,0.1720050858951847,0.003694832859853614,0.0036880237321608713,0.4675194689919599,7171490.0,0.6546896112244457,1
2021-10-21,265.0799865722656,265.6499938964844,253.60000610351562,255.5399932861328,7003100,245.1699981689453,254.58339965820312,241.53479942321778,250.22822687139563,249.44680891410604,0.781417957289591,-2.324026109856563,3.105444067146154,65.07658029651617,245.1699981689453,265.92086583754656,224.41913050034407,0.16927738160116912,0.03810448496643315,0.037396439568420765,0.4813954361858099,7129750.0,0.9822364038009748,0
2021-10-22,253.05999755859375,262.0,251.94000244140625,259.8800048828125,7656200,244.697998046875,254.27279968261718,241.60269943237304,250.66388390019534,249.7144525174014,0.9494313827939322,-1.6693346113264638,2.618765994120396,65.86203061291923,244.697998046875,264.1797593546302,225.21623673911975,0.15923106411375917,-0.045344762420964635,-0.04640501145104285,0.505191665521365,7164615.0,1.0686128982506387,1
2021-10-25,262.0,262.4100036621094,252.52999877929688,252.5500030517578,5747700,244.8924987792969,254.15519958496094,241.70544944763185,252.40790176170373,250.62449307166798,1.783408690035742,-0.9787859510540228,2.762194641089765,65.53990004507286,244.8924987792969,265.0055038403081,224.77949371828566,0.16425987044329646,0.03532760028315529,0.034717898647518425,0.5178027512432284,7217840.0,0.7963185662192568,1
2021-10-26,263.3900146484375,270.1600036621094,259.05999755859375,263.0299987792969,7089500,245.92699966430663,254.155,241.89489952087402,254.097457590432,251.5700872625398,2.5273703278921857,-0.27755469526478105,2.804925023156967,64.80420835050575,245.92699966430663,267.6306438269253,224.223355501688,0.17650476923838687,0.005305399421517087,0.005291375370267012,0.4650186352671726,7019705.0,1.0099427255133941,0
2021-10-27,253.02000427246094,262.30999755859375,252.27999877929688,261.9200134277344,6305700,246.77600021362304,253.99779998779297,242.02239952087402,253.93169554151336,251.67748852253396,2.2542070189794003,0.22879764758405527,2.025409371395345,52.345079263195196,246.77600021362304,268.1775278905162,225.37447253672985,0.1734490198266187,-0.03937131174018893,-0.040167325258978065,0.4776472507328021,6968805.0,0.9048466702684319,1
2021-10-28,261.3299865722656,261.6099853515625,254.6649932861328,257.19000244140625,4912900,247.8504997253418,254.03119964599608,242.17444946289064,255.0698941616291,252.39248837806966,2.6774057835594363,0.7185192747791315,1.9588865087803047,64.28570474181166,247.8504997253418,269.93283356914037,225.7681658815432,0.17819075505814477,0.032843182987445596,0.03231537124423116,0.48692082268499165,6941245.0,0.7077836901017036,0
2021-10-29,254.5,258.75,253.97500610351562,258.1600036621094,4093800,248.61100006103516,253.9741995239258,242.28299949645995,254.9822181367631,252.5486003500645,2.4336177866985906,1.0615389771630235,1.3720788095355672,63.751399574661804,248.61100006103516,270.4987824792691,226.72321764280122,0.17608056291041335,-0.026135487403688873,-0.026483089126039576,0.4987076193813276,6849205.0,0.5977044051097901,1
2021-11-01,255.0399932861328,255.5399932861328,251.1199951171875,255.1199951171875,4426600,250.0504997253418,253.81399963378905,242.4194494628906,254.99110662128152,252.73314797495846,2.257958646323061,1.3008229109950311,0.9571357353280301,61.58801007999284,250.0504997253418,269.3840309225607,230.71696852812292,0.15463701307100017,0.002121781085001162,0.0021195332865108158,0.44934623314248223,6451700.0,0.6861137374645442,0
2021-11-02,249.00999450683594,255.2239990234375,247.39999389648438,253.0399932861328,5465900,250.70199966430664,253.38539947509764,242.52819946289063,254.0709355267514,252.4573588291716,1.6135766975798163,1.3633736683119881,0.2502030292678281,54.089607563974454,250.70199966430664,268.8829342160423,232.52106511257097,0.1450402037166053,-0.023643345898820445,-0.02392733503624161,0.43948452935756394,6228585.0,0.8775508401988573,1
2021-11-03,252.47999572753906,252.82000732421875,248.22999572753906,249.39999389648438,4205600,251.36999969482423,253.03159912109376,242.6573494720459,253.82617555764182,252.45903563645808,1.3671399211837354,1.3641269188863376,0.00301300229739776,53.354502213302915,251.36999969482423,268.722016234301,234.01798315534748,0.13805956606232234,0.013935188535606713,0.013838986494684917,0.4396847057004114,6084885.0,0.6911552149301096,0
2021-11-04,247.4600067138672,253.32000732421875,244.5500030517578,252.63999938964844,10195300,251.2849998474121,252.62939910888673,242.7965495300293,252.8467649662919,252.08873719774763,0.7580277685442525,1.2429070888179208,-0.4848793202736683,49.02532014020324,251.2849998474121,268.699142518484,233.87085717634022,0.13860073368204456,-0.019882719813925975,-0.020083040818581338,0.4215612059016822,6136105.0,1.6615263265540599,0
2021-11-05,237.3800048828125,255.9499969482422,237.0800018310547,247.63999938964844,15228000,251.22949981689453,252.13439910888673,242.8690495300293,250.46726341498737,250.99920147071538,-0.5319380557280056,0.8879380599087355,-1.419876115636741,41.37168192694363,251.22949981689453,268.8215083672663,233.6374912665228,0.14004731580641175,-0.04073386227096476,-0.04158672671898771,0.41880185971373324,6473090.0,2.352508616441298,0
2021-11-08,236.77000427246094,241.4199981689453,234.14999389648438,237.99000549316406,7458700,251.45149993896484,251.50959899902344,242.96969955444337,248.35999277767561,249.94518686343724,-1.5851940857616285,0.3933116307746627,-1.9785057165362911,39.53487824736017,251.45149993896484,268.12751132103807,234.77548855689162,0.13263799489063313,-0.002569721955531623,-0.0025730293582813192,0.40769354513494693,6464410.0,1.1538098604513018,0
2021-11-09,230.77999877929688,240.89999389648438,229.7169952392578,238.39999389648438,7280600,251.11999969482423,250.68679870605467,243.0777495574951,245.6553783163866,248.52554330164907,-2.870164985262477,-0.25938369243276527,-2.610781292829712,36.247610314966984,251.11999969482423,269.1776496756077,233.06234971404078,0.14381690030844363,-0.025298835938149966,-0.025624353362626247,0.41044597368626,6538425.0,1.113509751966261,0
2021-11-10,227.2100067138672,234.69000244140625,225.25,230.0,7326800,250.34400024414063,249.86959869384765,243.2014995574951,242.81762883907592,246.94661466551707,-4.128985826441152,-1.0333041192344425,-3.0956817072067095,27.2333806734528,250.34400024414063,271.05822636642546,229.62977412185577,0.16548609994314945,-0.015469243800645849,-0.015590140964972288,0.4036424837305803,6633625.0,1.1044941491266087,0
2021-11-11,226.50999450683594,231.22000122070312,225.64999389648438,231.00999450683594,4699500,249.29899978637695,249.03479858398438,243.23449951171875,240.3087620187313,245.4327909500592,-5.124028931327899,-1.8514490816531342,-3.272579849674765,31.524003872780966,249.29899978637695,272.5854856014425,226.01251397131142,0.18681571795329788,-0.003080903949414515,-0.0030856597045157124,0.3949906006857554,6531210.0,0.7195450766397038,1
2021-11-12,227.3000030517578,229.75999450683594,226.50999450683594,228.1999969482422,5669000,248.21399993896483,248.2619985961914,243.29119949340821,238.30741448535076,244.08962147611095,-5.782206990760187,-2.6376006634745446,-3.1446063272856426,22.762952424913948,248.21399993896483,273.4958176857058,222.93218219222385,0.20370984515746657,0.0034877425459389766,0.003481674477053776,0.39408777605419626,6580985.0,0.8614212006257422,1
2021-11-15,233.02000427246094,238.60000610351562,228.8000030517578,229.0,6501800,247.25500030517577,247.52759887695314,243.34659950256346,237.4939667602908,243.26964983139612,-5.775683071105334,-3.265217145000703,-2.510465926104631,27.67895212937877,247.25500030517577,273.34244310800176,221.1675575023498,0.21101650337204436,0.025164985234956916,0.024853560842342706,0.40348867077174755,6560520.0,0.9910494899794529,1
2021-11-16,238.47000122070312,238.89999389648438,230.39999389648438,231.3000030517578,5690800,246.45800018310547,246.98039916992187,243.40079948425293,237.64412590804653,242.91412030467814,-5.269994396631603,-3.666172595326883,-1.6038218013047199,38.47250043822798,246.45800018310547,272.59896478472865,220.31703558148226,0.21213322012027866,0.023388536813645056,0.023119216245063624,0.4126861934737306,6582630.0,0.8645176775847951,0
2021-11-17,231.85000610351562,241.5,229.69000244140625,238.85000610351562,5185100,245.28300018310546,246.52299926757811,243.42034950256348,236.75272286119562,242.0945562897772,-5.341833428581566,-4.00130476197782,-1.3405286666037464,26.001311729545222,245.28300018310546,271.8501974707837,218.71580289542723,0.21662485592434572,-0.027760284661804135,-0.028152884209279777,0.42103142709885844,6607130.0,0.7847734190185451,0
2021-11-18,230.35000610351562,237.82000732421875,228.11399841308594,234.69000244140625,5396100,243.54650115966797,246.0991995239258,243.38349952697754,235.76768951386026,241.22458960931334,-5.456900095453079,-4.292423828672872,-1.1644762667802073,28.47210244853389,243.54650115966797,269.18935563006363,217.90364668927234,0.21057871370185943,-0.006469700066905726,-0.00649071928411816,0.3898073445596184,6526780.0,0.8267629673437744,0
2021-11-19,225.13999938964844,229.99000549316406,224.08999633789062,228.6300048828125,7442300,242.1505012512207,245.64399963378906,243.3072994995117,234.1326602639815,240.03313848193076,-5.9004782179492565,-4.614034706528149,-1.2864435114211075,25.39500568563082,242.1505012512207,268.6386607088137,215.66234179362772,0.21877435165919942,-0.02261778413639759,-0.022877489662957842,0.36764923998759463,6516085.0,1.142142866460459,0
2021-11-22,211.30999755859375,224.57000732421875,205.27999877929688,222.7100067138672,15737600,239.6160011291504,244.9365997314453,243.06399948120117,230.62148138622956,237.90549841353544,-7.284017027305879,-5.148031170683695,-2.1359858566221837,22.505841671397945,239.6160011291504,267.7561300311606,211.47587222714017,0.23487687608009938,-0.06142845282289966,-0.0633961901905065,0.38490159359917786,7015580.0,2.243235769530103,0
2021-11-23,210.5500030517578,214.6999969482422,205.41000366210938,209.86000061035156,9829700,236.9740005493164,244.20659973144532,242.82614952087403,227.5335616424647,235.8791654237741,-8.345603781309421,-5.787545692808841,-2.55805808850058,18.162499020981343,236.9740005493164,265.63313244051466,208.31486865811814,0.24187574860334973,-0.0035965856590632894,-0.003603068923008924,0.3813614658580052,7152590.0,1.37428539871571,1
2021-11-24,215.64999389648438,217.08999633789062,207.30999755859375,207.30999755859375,6910300,235.1055000305176,243.54359954833984,242.61694953918456,225.70532045077542,234.38070827360448,-8.675387822829066,-6.365114118812886,-2.31027370401618,25.875922198468842,235.1055000305176,264.2288525127405,205.98214754829468,0.24774709633285985,0.024222231160323737,0.023933525688818052,0.38508427574830484,7182820.0,0.9620594696790397,0
2021-11-26,212.0800018310547,215.64999389648438,209.27000427246094,211.00999450683594,3687200,232.64300079345702,242.68339965820311,242.34769958496094,223.609117586203,232.72880409267486,-9.11968650647185,-6.916028596344679,-2.2036579101271716,28.71086853636058,232.64300079345702,260.7404916242008,204.54550996271323,0.24155027862358977,-0.0165545660397437,-0.016693124176411323,0.3548823754695306,7121535.0,0.5177535461104944,1
2021-11-29,212.8699951171875,220.60000610351562,209.0500030517578,220.4600067138672,5575400,230.5615005493164,241.8249996948242,242.04829956054687,221.95694489866216,231.25778120560173,-9.300836306939573,-7.3929901384636585,-1.9078461684759143,29.949653668958476,230.5615005493164,258.00164855031574,203.12135254831708,0.23802888110653986,0.0037249777410042206,0.0037180571920218154,0.35286146714900885,7195615.0,0.7748330059348645,0
2021-11-30,208.3300018310547,217.75,206.0,214.8800048828125,10092500,228.2260009765625,240.98699981689452,241.7098496246338,219.86049211903025,229.55942717785751,-9.69893505882726,-7.8541791225363795,-1.8447559362908805,30.69647016715399,228.2260009765625,254.83237118534237,201.6196307677826,0.23315809850703384,-0.021327539767328374,-0.021558258077090726,0.35318181469581966,7478910.0,1.3494613519884582,0
2021-12-01,194.5,211.61000061035156,193.92999267578125,210.19000244140625,13324300,225.5005012512207,239.85099975585936,241.32764961242677,215.95887794687175,226.9624325720903,-11.003554625218555,-8.484054223072816,-2.5195004021457397,26.09266754949516,225.5005012512207,254.22577610862763,196.77522639381377,0.2547690554834315,-0.0663850703667258,-0.06869120667099252,0.40425509008761257,7871830.0,1.6926559643691492,0
2021-12-02,192.14999389648438,195.52000427246094,185.27999877929688,191.17999267578125,16858600,222.48400115966797,238.47259948730468,240.9341495513916,212.29597270835063,224.3837334109343,-12.087760702583665,-9.204795518974986,-2.882965183608679,25.478154944918273,222.48400115966797,251.9415513019655,193.02645101737045,0.2648060084208662,-0.012082293591339943,-0.012155877811976513,0.39252763456699424,8504480.0,1.982319906684477,0
2021-12-03,181.30999755859375,192.88999938964844,174.3350067138672,192.66000366210938,19166000,219.1765007019043,236.7643994140625,240.45784950256348,207.52889960838803,221.19308631076092,-13.664186702372888,-10.096673755654567,-3.5675129467183204,21.295704242615415,219.1765007019043,251.53796583160556,186.81503557220304,0.29530050006332714,-0.05641424242631188,-0.058068025274177176,0.4210791826905296,8953015.0,2.1407313625633377,0
2021-12-06,179.72000122070312,180.1699981689453,170.75,176.8699951171875,11654100,216.29350051879882,235.10879943847655,240.01604957580565,203.2506075487442,218.1210059337196,-14.870398384975402,-11.051418681518735,-3.8189797034566677,14.924962189394222,216.29350051879882,251.93416329868109,180.65283773891656,0.3295583334163535,-0.008769490702666749,-0.008808168978138263,0.41041203088839445,8774320.0,1.3282054905679301,1
2021-12-07,189.50999450683594,192.88999938964844,187.1699981689453,187.97500610351562,10652900,213.93050003051758,233.73679962158204,239.6806495666504,201.1366670807583,216.00167175395043,-14.865004673192146,-11.814135879853417,-3.0508687933387293,19.521893580153986,213.93050003051758,250.11748102256956,177.7435190384656,0.33830595438135136,0.054473587912512444,0.05304167359836584,0.4753571470078233,8934030.0,1.1923958168933841,1
2021-12-08,194.77999877929688,195.27999877929688,185.8000030517578,190.0,8883700,212.13050003051757,232.7783996582031,239.46794952392577,200.15871811130268,214.42969597805018,-14.2709778667475,-12.305504277232235,-1.9654735895152662,26.52904832421838,212.13050003051757,248.36990765421615,175.89109240681898,0.3416708829563415,0.02780858226593863,0.027428945673391766,0.4907650998419282,9014185.0,0.9855244816919111,0
2021-12-09,186.75,194.52999877929688,185.40199279785156,191.50999450683594,6251300,210.1074996948242,231.79259979248047,239.26614952087402,198.09583840187148,212.37934812782424,-14.283509725952769,-12.701105366976343,-1.5824043589764258,24.502911306606123,210.1074996948242,247.30703933876515,172.90796005088328,0.35410006494744184,-0.041225992553761026,-0.04209988625303989,0.5043047864792697,8960410.0,0.6976578080690504,0
2021-12-10,181.32000732421875,189.8699951171875,179.69000244140625,187.50999450683594,7956400,207.84800033569337,230.62220001220703,239.02259956359865,195.51494131300183,210.07865621644606,-14.563714903444236,-13.073627274269922,-1.4900876291743135,24.440028673437,207.84800033569337,246.32054268400293,169.3754579873838,0.3701988211209433,-0.029076266001506035,-0.02950735754639664,0.5084964715820444,9123255.0,0.8721010209623649,0
2021-12-13,175.44000244140625,181.10000610351562,171.80999755859375,179.11000061035156,10548000,205.25500030517577,229.3452001953125,238.69479957580566,192.42648917891017,207.51283001088757,-15.086340831977395,-13.476169985811417,-1.6101708461659783,26.938398958391375,205.25500030517577,245.17089446095184,165.3391061493997,0.3889395541782525,-0.032428880682198735,-0.03296634844099305,0.5112999163047569,9367205.0,1.126056278260164,0
2021-12-14,170.72000122070312,175.89999389648438,168.61000061035156,170.3000030517578,8982800,202.1400001525879,228.23460021972656,238.28739959716796,189.08702949303216,204.7874352856887,-15.70040579265654,-13.921017147180441,-1.7793886454760983,25.63317093753004,202.1400001525879,242.65193361775874,161.62806668741706,0.400830448546452,-0.026903791353283357,-0.0272723233217708,0.4937087164483297,9491255.0,0.9464291076364506,1
2021-12-15,173.8000030517578,174.9600067138672,162.9600067138672,169.9499969482422,11626500,198.90650024414063,226.99100036621093,237.98539962768555,186.73517927129765,202.49206993502716,-15.756890663729507,-14.288191850490254,-1.4686988132392536,23.74858653723014,198.90650024414063,237.48643940555564,160.32656108272562,0.38792034563034844,0.01804124770988569,0.017880435686546216,0.4885360660587446,9788040.0,1.1878271850135471,0
2021-12-16,165.8800048828125,176.91000366210938,163.85000610351562,175.25999450683594,10913700,195.60800018310547,225.52620056152344,237.72274963378905,183.52669090383841,199.7800651163446,-16.253374212506174,-14.681228322893439,-1.5721458896127345,22.519624865332887,195.60800018310547,233.6047545225016,157.61124584370936,0.388498980653429,-0.04556960891759443,-0.046640565576320195,0.49857731237341174,10074470.0,1.0833026452011867,1
2021-12-17,167.05999755859375,168.8699951171875,158.3800048828125,161.07000732421875,12713700,192.44349975585936,223.88420043945314,237.475849609375,180.99335346610846,197.35635640836307,-16.36300294225461,-15.017583246765675,-1.3454196954889355,22.87743783826366,192.44349975585936,228.76234678704458,156.12465272467415,0.3774494547985314,0.007113531715982724,0.007088349899819409,0.504365398196524,10440350.0,1.2177465314860134,0
2021-12-20,158.3000030517578,163.5679931640625,157.57000732421875,162.99000549316406,9387800,189.10149993896485,222.280400390625,237.25799964904786,177.5020687869776,194.4632931967627,-16.961224409785103,-15.406311479369561,-1.5549129304155418,21.788649812874596,189.10149993896485,225.05136739882644,153.15163247910326,0.3802176870248508,-0.052436218333856366,-0.053861028548526764,0.5208236494349834,10537625.0,0.8908838566565047,1
2021-12-21,170.47000122070312,171.88999938964844,159.41000366210938,160.8699951171875,10771000,187.05950012207032,221.04320037841796,236.9848996734619,176.42021223831998,192.68601230964717,-16.26580007132719,-15.578209197761089,-0.6875908735661032,36.191239794005426,187.05950012207032,222.33103843850378,151.78796180563685,0.37711571230989227,0.07687932997048774,0.07406734915835779,0.5908188224114344,10289295.0,1.046816132689363,0
2021-12-22,167.3800048828125,171.8350067138672,164.75999450683594,167.0800018310547,7471000,184.90100021362304,219.64260040283204,236.68814971923828,175.02941110670344,190.81149324099275,-15.782082134289311,-15.618983785066735,-0.16309834922257593,35.886041237522136,184.90100021362304,219.39488400442448,150.4071164228216,0.37310651376627896,-0.018126334931446886,-0.01829262954689624,0.5909730386148377,10171360.0,0.7345133787418792,1
2021-12-23,167.7100067138672,168.8000030517578,164.58999633789062,166.36000061035156,6668600,182.50400085449218,218.1422006225586,236.3180997467041,173.90334889242092,189.10027201676124,-15.196923124340316,-15.534571652921452,0.3376485285811359,41.196274436245446,182.50400085449218,214.57891519271237,150.42908651627198,0.35149820483982774,0.0019715725978484144,0.0019696315993883206,0.5786575956484231,10159275.0,0.6564051076479375,1
2021-12-27,168.47999572753906,171.39999389648438,167.5,168.14999389648438,5468500,180.3240005493164,216.56360046386717,235.94994972229003,173.0689868670545,187.57284414348553,-14.503857276431035,-15.328428777623369,0.8245715011923345,42.645897506498756,180.3240005493164,209.7525419263131,150.89545917231968,0.3263962787798552,0.0045911930287234615,0.004580685650669164,0.5812467615226591,10248340.0,0.5335986120679056,0
2021-12-28,163.6699981689453,169.24000549316406,162.8800048828125,168.5,6570500,177.8640007019043,214.8570004272461,235.51214973449706,171.62298860580694,185.80226296018625,-14.179274354379316,-15.09859789297456,0.9193235385952434,31.91488907257539,177.8640007019043,203.86305948600892,151.86494191779968,0.292347621570465,-0.028549368949251086,-0.02896482869649042,0.5818343377226896,10298095.0,0.6380306260526826,0
2021-12-29,161.85000610351562,164.89999389648438,158.5,164.10000610351562,7021900,175.54000091552734,213.05000061035156,235.1045997619629,170.11945283622367,184.028021711544,-13.908568875320327,-14.860592089443715,0.952023214123388,25.783194450366835,175.54000091552734,198.16285299472065,152.91714883633404,0.2577515319722459,-0.01111988810283382,-0.011182176247120918,0.5808892996747851,10144565.0,0.6921834499557152,1
2021-12-30,165.33999633789062,168.625,161.27000427246094,161.55999755859375,6656700,174.08200073242188,211.2686004638672,234.69894973754882,169.38415183648013,182.64372353571784,-13.25957169923771,-14.540388011402515,1.280816312164804,33.12843172714716,174.08200073242188,195.2731709857829,152.89083047906084,0.2434619336198184,0.02156311462937399,0.021333919592374684,0.5548024372385805,9811185.0,0.6784807339786173,0
2021-12-31,161.50999450683594,165.3300018310547,161.38999938964844,164.0,6448500,172.55000076293945,209.3918002319336,234.38499969482422,168.17274301653487,181.07826212617104,-12.905519109636174,-14.213414231049248,1.3078951214130736,33.9854280321281,172.55000076293945,192.64307128770452,152.45693023817438,0.23289562950938786,-0.02316440012026888,-0.02343691143643992,0.5574014797900664,9290680.0,0.6940826720971984,1
2022-01-03,164.02999877929688,165.1999969482422,159.30999755859375,162.8699951171875,7315700,171.6860008239746,207.3708004760742,234.08094970703124,167.53539774926747,179.81542780418036,-12.280030054912885,-13.826737395821976,1.5467073409090908,40.24618608274345,171.6860008239746,191.67888122432765,151.69312042362156,0.232900531253579,0.015602776039685073,0.015482304243316477,0.5326217644271231,8698165.0,0.8410624539773619,0
2022-01-04,156.3300018310547,163.88999938964844,151.02000427246094,163.5,14768500,170.5165008544922,205.43620056152344,233.73194969177246,165.81149068492704,178.07576662098586,-12.264275936058823,-13.514245103869346,1.249969167810523,38.29509531475154,170.5165008544922,191.25321863752237,149.77978307146202,0.24322241752691787,-0.046942614189752985,-0.04808016118045799,0.5535376389443979,8853885.0,1.6680248275192189,0
2022-01-05,143.49000549316406,156.4499969482422,143.30999755859375,155.0,17546200,168.2155014038086,203.06600067138672,233.33339973449708,162.37741604004043,175.51385838929534,-13.136442349254907,-13.438684552946459,0.3022422036915522,28.723839073752515,168.2155014038086,190.25059846528038,146.1804043423368,0.26198652178404874,-0.08213392303140099,-0.08570378465911474,0.5666073180868183,9198550.0,1.9074962901761692,1
2022-01-06,144.66000366210938,148.36000061035156,138.08999633789062,140.6199951171875,16244200,165.70950164794922,200.69140045166014,232.98914978027344,159.6516602895895,173.22838766876305,-13.576727379173548,-13.466293118191878,-0.11043426098166975,33.545271641206156,165.70950164794922,186.38203310210648,145.03697019379197,0.2495032722755532,0.008153865246043557,0.008120802093549855,0.5518405927826002,9566575.0,1.6980162701907422,0
2022-01-07,141.5399932861328,148.52000427246094,141.19000244140625,143.25,9426000,163.44900131225586,198.46180023193358,232.65449974060058,156.8652499813654,170.88109919597562,-14.015849214610228,-13.576204337475549,-0.43964487713467904,30.78890642764742,163.44900131225586,184.320511597965,142.5774910265467,0.2553886547870164,-0.02156788536563392,-0.021803871523199125,0.5434133426897607,9725310.0,0.9692236031550665,1
2022-01-10,144.47999572753906,144.6199951171875,133.1300048828125,139.64999389648438,15594400,161.60700073242188,196.12480041503906,232.30889968872071,154.9598262500075,168.92546190201736,-13.965635652009865,-13.654090600382414,-0.3115450516274514,38.597349099076425,161.60700073242188,182.33981589609257,140.8741855687512,0.2565831315438953,0.020771531587279624,0.020558744884156332,0.5528295522605672,10107210.0,1.5428985842779561,1
2022-01-11,148.42999267578125,151.5,141.83999633789062,142.19000244140625,10880700,160.25650024414062,194.00340026855469,232.0151496887207,153.9552364693573,167.40727899637022,-13.452042527012935,-13.61368098570852,0.16163845869558457,28.961417209522097,160.25650024414062,180.7123077611373,139.80069272714394,0.2552883344617355,0.027339403827856712,0.026972357194695783,0.5623178459727377,10123845.0,1.0747596392477363,0
2022-01-12,145.47000122070312,152.6999969482422,145.33999633789062,150.6999969482422,9341600,158.99400024414064,191.8120004272461,231.67834968566893,152.64981566187203,165.78229545743193,-13.132479795559902,-13.517440747678798,0.38496095211889525,29.033477072670422,158.99400024414064,179.84367708754107,138.1443234007402,0.26226998265827706,-0.01994200364574361,-0.020143529115260954,0.5597054173259735,10141785.0,0.9211001810825215,0
2022-01-13,136.9499969482422,148.35000610351562,136.10000610351562,147.47000122070312,10133100,157.15149993896483,189.57080047607423,231.22784965515137,150.23445893669822,163.6465696419364,-13.412110705238177,-13.496374739190674,0.08426403395249693,24.55325607663127,157.15149993896483,178.98190886505517,135.3210910128745,0.2778262878123203,-0.05856880594600822,-0.06035401475146328,0.5792821915055277,10067115.0,1.006554509410094,0
2022-01-14,133.2899932861328,138.66000366210938,129.30799865722656,135.0,19694000,155.52199935913086,187.1870004272461,230.74674964904784,147.62761806738047,161.39793435632131,-13.770316288940847,-13.55116304914071,-0.21915323980013746,22.216950968992336,155.52199935913086,179.3802268457977,131.66377187246403,0.30681482471908683,-0.026725109482788834,-0.0270887181797984,0.5682122514608127,10506130.0,1.87452468225693,0
2022-01-18,130.0,137.08999633789062,128.22999572753906,130.02999877929688,14192100,153.66899948120118,184.83780029296875,230.24699966430663,144.915676826245,159.07216144103825,-14.156484614793243,-13.672227362271217,-0.4842572525220259,22.763300589837158,153.66899948120118,179.43452609173403,127.90347287066834,0.3353379887618104,-0.024682972855060492,-0.024992704789968824,0.5665214711129927,10580050.0,1.3414019782515205,0
2022-01-19,128.13999938964844,132.74000549316406,127.25,129.0050048828125,25601900,152.1609992980957,182.65300018310546,229.70519966125488,142.3348033744609,156.78089017797234,-14.446086803511434,-13.826999250519261,-0.6190875529921733,22.74857582558448,152.1609992980957,180.21413901456177,124.10785958162963,0.36872969875161904,-0.01430769700270429,-0.014411039007868762,0.5460946522837252,11390755.0,2.2476034292722473,0
2022-01-20,127.58000183105469,135.6999969482422,127.08000183105469,128.22000122070312,13835500,150.0164993286133,180.46920013427734,229.11749969482423,140.06483390624456,154.617861411534,-14.553027505289435,-13.972204901473297,-0.5808226038161379,17.95655492167181,150.0164993286133,178.72621475905464,121.30678389817194,0.38275410450089636,-0.004370201039964994,-0.004379778281696588,0.44075347244261937,11543980.0,1.198503462410711,0
2022-01-21,118.0999984741211,127.61000061035156,117.80999755859375,125.88999938964844,14992600,147.5524990081787,178.21560012817383,228.41614971160888,136.68562845514865,151.91283452728118,-15.227206072132532,-14.223205135605145,-1.0040009365273868,16.385321172462014,147.5524990081787,178.36918147091205,116.73581654544535,0.41770464980095273,-0.07430634285056137,-0.07721192288292839,0.4900667751623207,11920060.0,1.2577621253584295,0
2022-01-24,117.30000305175781,117.45999908447266,102.0,113.5,30462000,145.03199882507323,176.01740005493164,227.69439975738524,133.70322454693468,149.34892108464982,-15.64569653771514,-14.507703416027145,-1.1379931216879946,12.824182550012296,145.03199882507323,177.12644032371134,112.93755732643513,0.4425842815191153,-0.006773881733271869,-0.006796928606968656,0.486590088848644,13109730.0,2.3236176488760636,0
2022-01-25,115.30000305175781,118.98999786376953,109.55999755859375,114.05000305175781,16983700,142.37299919128418,173.79320022583008,226.94489971160888,130.87195970152285,146.8267790081393,-15.954819306616457,-14.797126594145007,-1.1576927124714498,14.103234329635796,142.37299919128418,175.09360275876696,109.6523956238014,0.4596461934965809,-0.017050297936629377,-0.017197327933129586,0.4797176259835579,13685490.0,1.241000504914329,0
2022-01-26,111.0,121.91000366210938,110.5999984741211,119.01000213623047,15188000,139.7394992828369,171.46720016479492,226.13374965667725,127.8147351320578,144.17294352605492,-16.358208393997117,-15.10934295411543,-1.248865439881687,16.58094519109585,139.7394992828369,173.6977600159711,105.78123854970269,0.48602236171465996,-0.037294041092328145,-0.038007252430656446,0.48317803402152887,14116365.0,1.0759143731406775,0
2022-01-27,105.63999938964844,111.12000274658203,103.7300033569336,107.83999633789062,21500700,136.92899894714355,168.91960006713867,225.36994968414308,124.40323732553328,141.3186513678026,-16.91541404226932,-15.470557171746208,-1.444856870523111,13.049240514047767,136.92899894714355,172.45052579452053,101.40747209976658,0.5188313231018181,-0.048288293786950987,-0.049493119661058495,0.49327411108873304,14840305.0,1.4488044551644996,1
2022-01-28,110.37999725341797,111.18000030517578,101.75,104.94999694824219,16820300,134.1809989929199,166.35779998779296,224.60644973754881,122.24581577597708,139.02689921118153,-16.78108343520445,-15.732662424437857,-1.048421010766594,21.37081821975997,134.1809989929199,168.94360525969833,99.41839272614149,0.5181449911341423,0.04486934770120787,0.04389185147711101,0.5255959686238126,15348485.0,1.0958931777305707,1
2022-01-31,122.29000091552734,122.31999969482422,112.68000030517578,112.86000061035156,14374000,132.2199993133545,164.1665998840332,223.9373997116089,122.25261348975404,137.787128967059,-15.534515477304964,-15.693033035011279,0.1585175577063147,32.49724112921794,132.2199993133545,164.8509362590857,99.5890623676233,0.49358549561625065,0.10790001774293922,0.10246634755941847,0.6927084985417117,15744760.0,0.9129386538759562,1
2022-02-01,127.61000061035156,130.72999572753906,121.05000305175781,128.5,17461900,130.39899940490722,162.11179977416992,223.34879970550537,123.07682689292288,137.03326760730292,-13.956440714380037,-15.34571457088503,1.3892738565049942,33.92526727034236,130.39899940490722,159.4207731799251,101.37722562988934,0.44512264522676587,0.04350314543295353,0.04258346184102436,0.7146745823646302,16252070.0,1.07444159420923,0
2022-02-02,114.04000091552734,120.61000061035156,111.52999877929688,118.62999725341797,26703200,128.28449935913085,159.8897998046875,222.691499710083,121.68654597332356,135.3300626671714,-13.643516693847843,-15.005274995477594,1.3617583016297505,29.149529547681283,128.28449935913085,155.45464033413816,101.11435838412353,0.42359195554787715,-0.10633962565566701,-0.1124294704562337,0.7816793467358103,16848805.0,1.5848720428540777,0
2022-02-03,101.5,109.6500015258789,100.04000091552734,107.0,29660700,126.18499908447265,157.69359985351562,221.972749710083,118.58092351588917,132.82413209923277,-14.243208583343602,-14.852861713050796,0.6096531297071941,27.673512268054964,126.18499908447265,154.8558080937467,97.5141900751986,0.45442499849099827,-0.10996142419199095,-0.11649047359075386,0.8189696356689375,17454530.0,1.699312442099558,1
2022-02-04,108.87000274658203,110.19999694824219,99.80999755859375,102.48999786376953,18824700,124.39549903869629,155.6599998474121,221.29154972076415,117.08693570522652,131.04975214718456,-13.96281644195804,-14.674852658832247,0.7120362168742069,35.30686462818912,124.39549903869629,152.67608460428804,96.11491347310455,0.45468824489854526,0.0726108644983452,0.0700957366393352,0.8741609328605602,17583555.0,1.0705855556512889,0
2022-02-07,102.80999755859375,108.98999786376953,101.80999755859375,106.86000061035156,24622300,122.45899925231933,153.4031999206543,220.5734497451782,114.89048368266764,128.9579184739556,-14.067434791287965,-14.553369085323391,0.48593429403542565,34.16792875512853,122.45899925231933,151.0983512090238,93.81964729561486,0.4677378082715641,-0.055662763250720504,-0.05727193431332839,0.8870521103727504,18343370.0,1.3422996973838504,0
2022-02-08,102.29000091552734,103.7699966430664,99.5,101.91000366210938,20091500,120.34949951171875,151.20739990234375,219.80604972839356,112.95194787233837,126.98251717333127,-14.030569300992909,-14.448809128457295,0.4182398274643866,34.70957262848191,120.34949951171875,148.3678157292481,92.3311832941894,0.46561583274056123,-0.005057841215977521,-0.005070675388621526,0.8781766641672432,18568225.0,1.0820366513223532,1
2022-02-09,112.83999633789062,112.9000015258789,104.61000061035156,104.80999755859375,24064600,118.56999969482422,149.2067999267578,219.10129974365233,112.9347245593464,125.93492303737271,-13.000198478026306,-14.159086998371098,1.1588885203447923,42.202705868127715,118.56999969482422,143.42079596301653,93.71920342663192,0.4191751089171519,0.10313809099557658,0.0981589282605675,0.9643831141242216,19227420.0,1.2515771746807425,0
2022-02-10,108.94000244140625,119.0,107.30000305175781,109.25,26289600,116.74349975585938,147.21899993896486,218.37499977111815,112.32015192581716,124.67604003026409,-12.355888104446933,-13.798447219586267,1.4425591151393338,44.8504629148698,116.74349975585938,138.43911940345785,95.04788010826091,0.3716801311074206,-0.034562159013246885,-0.03517355931370813,0.9673987032783524,20074820.0,1.309580858010184,0
2022-02-11,107.87999725341797,118.04499816894531,106.87100219726562,112.58999633789062,31484600,115.28999977111816,145.4865998840332,217.67559978485107,111.63705120698651,123.43188871346067,-11.794837506474153,-13.397725276963845,1.6028877704896924,44.71972796249075,115.28999977111816,135.09871919732913,95.48128034490719,0.34363291639407817,-0.009730174079612408,-0.009777821554161405,0.9520275134841476,21142395.0,1.4891690369042865,1
2022-02-14,111.63999938964844,116.36000061035156,106.62999725341797,107.79000091552734,22821500,114.20750007629394,143.87639999389648,217.0096997451782,111.63750477354988,122.5584154302153,-10.920910656665427,-12.902362352904163,1.9814516962387358,47.98812478454259,114.20750007629394,132.15313206008219,96.2618680925057,0.314263633680801,0.03485356166072151,0.03425993038905561,0.9628434454435683,21298770.0,1.0714937998767065,1
2022-02-15,115.20999908447266,115.37000274658203,110.2699966430664,113.0199966430664,16899000,113.46800003051757,142.55440002441406,216.36734977722168,112.18711928292262,122.01408829349363,-9.826969010571005,-12.287283684437533,2.4603146738665274,52.33292637029983,113.46800003051757,129.82186230557926,97.11413775545589,0.28825505465264684,0.03197778318113498,0.03147713890238508,0.970080002510666,21434115.0,0.7884160367712872,0
2022-02-16,109.0,113.94999694824219,108.87000274658203,113.94999694824219,17971500,112.51100006103516,141.14,215.75639976501463,111.69679323939607,121.05008175323485,-9.353288513838777,-11.700484650317783,2.347196136479006,51.8445325772962,112.51100006103516,127.42662474740521,97.59537537466511,0.2651407360752033,-0.05390156352591802,-0.05540865987422234,0.985585650628377,21052595.0,0.8536477332129364,0
2022-02-17,104.0199966430664,110.77999877929688,103.35600280761719,110.23999786376953,12975400,111.33299980163574,139.4302000427246,215.11714977264404,110.51574760919152,119.78859396729645,-9.272846358104928,-11.214956991875212,1.9421106337702838,46.51773976113948,111.33299980163574,124.89788454868375,97.76811505458772,0.24368129433711194,-0.04568810419205127,-0.04676472615621924,0.9954192556366822,21009590.0,0.6175941558117032,0
2022-02-18,97.72000122070312,103.88999938964844,96.83000183105469,103.61499786376953,20520500,110.31399993896484,137.48900009155273,214.48594974517823,108.54717124173177,118.15388339347473,-9.606712151742954,-10.893308023848762,1.2865958721058082,35.66678336409214,110.31399993896484,124.77107405061945,95.85692582731023,0.2621076947559421,-0.06056523385576573,-0.06247689719153947,0.9844668191237977,21285985.0,0.9640380748177733,0
2022-02-22,93.91000366210938,99.44999694824219,93.12999725341797,95.7699966430664,16625700,109.14449996948242,135.6322001647949,213.78874973297118,106.29529930640525,116.35804045041063,-10.062741144005372,-10.727194647880085,0.6644535038747126,29.988124602333656,109.14449996948242,124.9440033738613,93.34499656510354,0.289515338084769,-0.03898892254400177,-0.03976934306891662,0.99072922025474,20594170.0,0.8073012896368243,0
2022-02-23,88.72000122070312,95.19999694824219,88.56999969482422,94.66000366210938,18330800,107.81549987792968,133.7802000427246,213.1501997756958,103.59140729322031,114.31077828524711,-10.719370992026796,-10.725629916709428,0.0062589246826316725,33.30255882568102,107.81549987792968,125.76080020534104,89.87019955051832,0.33288906229121595,-0.055265703748452744,-0.0568515590113045,1.0039380243929577,20661525.0,0.8871949190584916,1
2022-02-24,94.98999786376953,96.16300201416016,82.72000122070312,83.08000183105469,31915000,107.01499977111817,132.17119995117187,212.52189979553222,102.26811353484327,112.87960936513765,-10.611495830294388,-10.702803099426422,0.09130726913203446,45.319911887343395,107.01499977111817,125.77215711781967,88.25784242441667,0.350551929856917,0.07067173756534251,0.0682862436119231,1.0391398821605073,21497875.0,1.4845653349458958,1
2022-02-25,119.81999969482422,120.69999694824219,109.30000305175781,114.9000015258789,64569100,107.72399978637695,131.1531999206543,212.0876498031616,104.96840371330188,113.39371235252185,-8.425308639219963,-10.247304207385131,1.8219955681651676,56.29237882975726,107.72399978637695,127.3157316475833,88.1322679251706,0.3637394062615186,0.2613959615691832,0.23221901369573994,1.392319261635559,23651295.0,2.7300450144484687,1
2022-02-28,127.5,131.9499969482422,118.30999755859375,118.30999755859375,52481700,108.57999992370605,130.22719985961913,211.73949977874756,108.43480314202466,114.43862254863134,-6.003819406606681,-9.39860724722944,3.39478784062276,63.92869532431602,108.57999992370605,130.06488780469581,87.09511204271631,0.39574300784833577,0.06409614692652621,0.06212575048965391,1.400398934877045,25434365.0,2.0634169557604447,0
2022-03-01,126.05999755859375,131.49000549316406,124.36100006103516,126.55000305175781,25688200,108.76849975585938,129.43079971313477,211.33054973602296,111.14637151380452,115.29946514196189,-4.1530936281573645,-8.349504523415026,4.196410895257662,63.27191393531347,108.76849975585938,130.8185742556229,86.71842525609586,0.40544963935802897,-0.01129413679534319,-0.011358399880534718,1.3538353792831619,26000075.0,0.9880048422937242,0
2022-03-02,124.26000213623047,125.52999877929688,118.76100158691406,124.93000030517578,18998500,108.60099983215332,128.5747998046875,210.93724975585937,113.16385314802389,115.96320862301882,-2.7993554749949254,-7.239474713731006,4.440119238736081,57.066835671613845,108.60099983215332,130.09225067340063,87.10974899090601,0.3957836645051665,-0.014278878765856096,-0.014381802890780351,1.3474262794994911,26076905.0,0.7285565522442177,0
2022-03-03,114.22000122070312,123.64399719238281,113.08000183105469,123.12999725341797,18089100,108.60999984741211,127.6931997680664,210.49254974365235,113.32633746689761,115.8340821487732,-2.507744681875593,-6.293128707359924,3.7853840254843307,53.03657616231111,108.60999984741211,130.11098964955255,87.10901004527167,0.39593020591745726,-0.08079833206923781,-0.08424973790315148,1.3230502160917088,25646200.0,0.7053325638886073,0
2022-03-04,106.5199966430664,119.70999908447266,105.06999969482422,116.68000030517578,23137800,108.86099967956542,126.41419967651368,210.02459972381592,112.27920810938511,115.14414988909122,-2.8649417797061147,-5.607491321829162,2.7425495421230472,49.27334869430392,108.86099967956542,130.12844784257516,87.59355151655569,0.3907266739348509,-0.06741380227056981,-0.06979369449286839,1.2828137619786826,25320055.0,0.9138131808955391,0
2022-03-07,97.51000213623047,108.08000183105469,95.41999816894531,107.16999816894531,29481400,108.29299964904786,125.01679962158204,209.48759971618654,110.00702257505363,113.83791672221265,-3.8308941471590288,-5.252171886895136,1.421277739736107,42.85136189293604,108.29299964904786,130.1578392561969,86.42816004189882,0.4038089198379921,-0.08458500554620907,-0.08837777067630952,1.2946785943331858,25852890.0,1.1403522004696574,1
2022-03-08,100.62000274658203,105.1500015258789,93.30000305175781,96.70999908447266,25280900,108.18349990844726,123.67499954223632,208.99064975738526,108.5628656783657,112.85881198327706,-4.295946304911368,-5.060926770498383,0.7649804655870147,42.58412266844699,108.18349990844726,130.1854616303037,86.18153818659081,0.4067526330813129,0.03189417026169905,0.03139611360491719,1.2843308872460528,25885820.0,0.9766312212632244,1
2022-03-09,111.91999816894531,113.81999969482422,103.38999938964844,103.98999786376953,27721900,108.66499977111816,122.54379959106446,208.49549976348877,109.07934759999333,112.78927021925249,-3.70992261925916,-4.790725940250539,1.0808033209913788,51.41117263198942,108.66499977111816,130.54506166203313,86.78493788020317,0.4027067029310469,0.11230366839507089,0.10643324163708333,1.3422820399652666,26267340.0,1.0553752302288697,0
2022-03-10,108.87000274658203,110.58000183105469,104.63999938964844,110.3499984741211,15651100,108.46650009155273,121.44779968261719,207.95884979248046,109.04714069946851,112.49895411016578,-3.4518134106972695,-4.5229434343398855,1.071130023642616,52.388460007252924,108.46650009155273,130.25894036502189,86.67405981808358,0.40182803455582927,-0.027251567836511725,-0.02762977887565987,1.2983505653864789,25846665.0,0.6055365363384406,0
2022-03-11,101.93000030517578,110.68000030517578,101.69999694824219,109.87999725341797,13636500,108.11599998474121,120.2493995666504,207.3567998123169,107.95219602342348,111.71606864312947,-3.7638726197059924,-4.371129271413107,0.6072566517071145,52.06029141347671,108.11599998474121,130.10101531494863,86.13098465453378,0.40669309507029944,-0.063745772630874,-0.0658682289468816,1.3130446810867553,25214010.0,0.5408302765010405,0
2022-03-14,94.8499984741211,102.06999969482422,92.72000122070312,100.02999877929688,22494600,107.46450004577636,118.839599609375,206.72654983520508,105.93647332353082,110.46673011209181,-4.53025678856099,-4.402954774842684,-0.12730201371830674,50.445748699858925,107.46450004577636,130.2371120632211,84.69188802833162,0.42381646046358296,-0.06945945070006221,-0.0719896258805566,1.3356474765284514,24764510.0,0.9083402013607376,1
2022-03-15,103.08999633789062,103.88500213623047,94.87000274658203,95.70999908447266,17524000,107.03699989318848,117.6711996459961,206.12939979553224,105.49855378727848,109.92030538807691,-4.42175160079843,-4.406714140033833,-0.015037460764596666,56.622728551336145,107.03699989318848,129.8005796980178,84.27342008835916,0.4253403930892111,0.08687399047262745,0.0833056772911337,1.3677363955814945,24499635.0,0.71527596227454,1
2022-03-16,116.05000305175781,116.37899780273438,105.26000213623047,105.55999755859375,25527200,107.07900009155273,116.71159973144532,205.5998998260498,107.12185367412147,110.37435706686809,-3.2525033927466183,-4.175871990576391,0.9233685978297723,59.14221441751547,107.07900009155273,129.9090758970098,84.24892428609566,0.42641555834360284,0.12571546390775978,0.11841880143249509,1.4362007530066208,24931045.0,1.0239121545045544,1
2022-03-17,127.95999908447266,128.32000732421875,113.30000305175781,114.77999877929688,31316900,108.02700004577636,116.14419967651367,205.13764980316162,110.32772219879088,111.67699721632027,-1.3492750175293935,-3.6105525959669915,2.261277578437598,53.98005076614017,108.02700004577636,132.69366417337878,83.36033591817394,0.45667590726670065,0.102628140624891,0.09769654890915606,1.4598064953047163,25598315.0,1.2233969306182848,1
2022-03-18,140.63999938964844,142.94000244140625,125.5999984741211,126.69000244140625,39354200,109.85800018310547,116.08719955444336,204.78369983673096,114.99114945892282,113.82240478471495,1.168744674207872,-2.654693141932019,3.823437816139891,56.125303031229876,109.85800018310547,138.40384857145241,81.31215179475852,0.5196862921365444,0.09909346980227074,0.09448572167052802,1.4745579800161248,26917255.0,1.4620435850535278,0
2022-03-21,134.82000732421875,139.72999572753906,129.63999938964844,138.36000061035156,30703500,111.71300048828125,115.89039962768555,204.389349861145,118.04174297666066,115.37778275060411,2.6639602260565454,-1.5909624683343062,4.254922694390851,53.92332990452458,111.71300048828125,141.72198579201103,81.70401518455148,0.537251442044612,-0.041382196321724796,-0.0422628198458539,1.4623421631961608,27426405.0,1.1194868594699159,1
2022-03-22,141.7899932861328,146.7899932861328,133.56500244140625,133.66000366210938,27938500,114.10699996948242,115.89539962768555,204.01354984283446,121.69531994734868,117.33424279027291,4.361077157075769,-0.4005545432522911,4.76163170032806,57.50363622600074,114.10699996948242,145.7318247437237,82.48217519524113,0.5543012222335046,0.051698454111135383,0.05040643264748668,1.4491861578628507,27992045.0,0.9980871351128509,0
2022-03-23,135.39999389648438,142.88999938964844,134.35000610351562,138.8300018310547,18069900,116.44099960327148,115.71379959106446,203.61994983673097,123.8037313241388,118.6724465759182,5.131284748220594,0.7058133150422858,4.425471433178308,59.35842952557507,116.44099960327148,147.05078862436807,85.83121058217489,0.5257562048657746,-0.045066645688835005,-0.046113726998174634,1.4421716157887674,27979000.0,0.6458379498909896,0
2022-03-24,135.05999755859375,137.72999572753906,129.80999755859375,136.42999267578125,16790100,118.44449958801269,115.4463996887207,203.24419979095458,125.53546459097802,119.88633924130157,5.649125349676453,1.6944757219691193,3.9546496277073335,63.48771757212394,118.44449958801269,148.38056299709984,88.50843617892552,0.5054867640661107,-0.00251105135315266,-0.002514209330271276,1.4348471034327541,27222755.0,0.6167671126599787,0
2022-03-25,130.3300018310547,136.1999969482422,127.2300033569336,135.50999450683594,13467000,118.96999969482422,115.14359970092774,202.8101498031616,126.27308570483598,120.65994387757958,5.613141827256399,2.4782089430265755,3.1349328842298236,66.1643078437672,118.96999969482422,149.37307310191858,88.56692628772986,0.5111048749278435,-0.03502144093766202,-0.03564939647823841,1.1308289470839767,24667650.0,0.5459376957269947,1
2022-03-28,138.1199951171875,138.8800048828125,131.73800659179688,132.0,19074000,119.5009994506836,115.16699966430664,202.4040497970581,128.09568715289006,121.95328100643943,6.142406146450639,3.2110483837113883,2.931357762739251,67.65537048878647,119.5009994506836,150.88644646205574,88.11555243931146,0.5252750546965004,0.05977129729677211,0.058053127577832014,1.1280118770753709,22997265.0,0.8294029746580734,1
2022-03-29,146.83999633789062,149.0,137.91000366210938,141.0,21939500,120.53999938964844,115.4379997253418,201.98349979400635,130.97942702750552,123.79674140136173,7.182685626143794,4.00537583219787,3.1773097939459243,66.85003382498596,120.53999938964844,154.13755483533396,86.94244394396291,0.55745073196957,0.06313351816516266,0.061220696519347126,1.1433970014263999,22809830.0,0.9618440821347638,0
2022-03-30,140.10000610351562,147.6199951171875,137.67999267578125,147.00999450683594,20231800,121.33199958801269,115.63999984741211,201.54524982452392,132.38259303919938,125.0043906385583,7.378202400641072,4.67994114588651,2.698261254754562,64.55130703998364,121.33199958801269,156.02763827214963,86.63636090387575,0.5719124188498874,-0.04590023428539003,-0.04698703678079714,1.1577511252785337,22871495.0,0.8845858130393313,0
2022-03-31,135.60000610351562,140.5,135.47999572753906,139.52000427246094,13569600,122.40099983215332,115.78919998168945,201.09769985198974,132.87757966447882,125.78925104336996,7.088328621108857,5.16161864093098,1.9267099801778773,66.0532180860448,122.40099983215332,157.48924990112027,87.31274976318636,0.5733327361227923,-0.032119912947577545,-0.032647076390911065,1.1202404668573063,22645520.0,0.5992178585433233,0
2022-04-01,133.6199951171875,138.41000366210938,131.72999572753906,136.5,15216100,123.75599975585938,115.90999984741211,200.5851498031616,132.991797426434,126.36930615994903,6.622491266484971,5.453793166041779,1.1686981004431924,69.42969319760138,123.75599975585938,158.35161626655002,89.16038324516873,0.559093968436915,-0.014601850274376882,-0.014709506562668095,1.0864277197133612,22249435.0,0.6838870290414116,1
2022-04-04,145.19000244140625,145.5800018310547,135.75,136.85000610351562,15632200,126.13999977111817,116.45179992675781,200.12584980010988,134.86844435181436,127.76343181042733,7.105012541387026,5.784037041110829,1.3209755002761971,70.41707859980227,126.13999977111817,159.67541450635161,92.60458503588474,0.5317173742838697,0.0865888919848532,0.0830433323560437,1.0506247801827888,21556975.0,0.7251574026504183,0
2022-04-05,135.9199981689453,145.0,134.6999969482422,145.0,15798800,127.90499954223633,116.82419982910156,199.63599979400635,135.03022186214218,128.36762191105828,6.662599951083905,5.959749623105444,0.702850327978461,59.99396463385958,127.90499954223633,159.44123712326194,96.36876196121071,0.4931197012453268,-0.06384740076164674,-0.06597678241873224,1.092939658137066,21082870.0,0.7493666659235674,0
2022-04-06,128.77000427246094,133.9499969482422,124.5999984741211,133.72999572753906,21077200,128.74749984741212,117.09359985351563,199.09999980926514,134.06711146372967,128.39742801190292,5.6696834518267565,5.901736388849708,-0.23205293702295116,50.42789510623159,128.74749984741212,159.37280641992706,98.12219327489717,0.47574215590689045,-0.052604429022998556,-0.054038563427414144,1.0591422614074122,20750635.0,1.0157375906809598,0
2022-04-07,125.93000030517578,132.8000030517578,120.11000061035156,128.0,19030600,129.6004997253418,117.39219985961914,198.5361498260498,132.81524820856754,128.21465558918237,4.600592619385168,5.6415076349568,-1.040915015571632,41.32767157304381,129.6004997253418,158.81239672307572,100.38860272760786,0.4507991413558092,-0.022054856512049748,-0.022301701023569164,1.0569350093277172,20919610.0,0.9097014714901472,0
2022-04-08,123.22000122070312,127.5,122.12000274658203,124.52999877929688,13654100,130.66499977111818,117.74379989624023,197.9314998626709,131.3390563642807,127.84468119151724,3.494375172763469,5.212081142518135,-1.7177059697546655,42.90085146676777,130.66499977111818,157.04574201173017,104.28425753050617,0.4037920221455222,-0.02151988468121424,-0.021754813948010425,1.0284419456376666,20920490.0,0.6526663572411545,0
2022-04-11,123.08000183105469,125.7300033569336,118.91999816894531,120.27999877929688,12965000,132.07649993896484,117.99779998779297,197.34719985961914,130.06843258993825,127.49174197963113,2.576690610307125,4.6850030360759325,-2.1083124257688075,37.505013573332675,132.07649993896484,152.80381797659402,111.34918190133567,0.3138683724539593,-0.0011361742270857844,-0.0011368201623326035,0.9848023016998751,20444010.0,0.6341710848312049,0
2022-04-12,122.88999938964844,130.88999938964844,121.5,126.0199966430664,15351400,133.06650009155274,118.00979995727539,196.7286498260498,128.96405825143214,127.15087215815093,1.8131860932812032,4.110639647516987,-2.2974535542357835,40.89122262967138,133.06650009155274,149.3874619581501,116.74553822495537,0.2453053451525092,-0.0015437312201787012,-0.0015449240009320852,0.9484198166161579,20335380.0,0.754910899132448,1
2022-04-13,126.05000305175781,126.66000366210938,120.5,121.4000015258789,10789100,133.56650009155274,117.97860000610352,196.11454986572267,128.51574206686686,127.0693262984181,1.4464157684487589,3.5777948717033414,-2.1313791032545826,43.698423685463645,133.56650009155274,148.22001119511813,118.91298898798735,0.21941895750088816,0.025714083145935485,0.025389036514764964,0.8484014165339103,19598475.0,0.5505071185385597,0
2022-04-14,121.30999755859375,126.45999908447266,121.12999725341797,126.02999877929688,9447500,133.2340000152588,118.12399993896484,195.50209983825684,127.40716598867101,126.64270935472742,0.7644566339435954,3.0151272241513922,-2.250670590207797,43.69230605069546,133.2340000152588,148.70229333233215,117.76570669818545,0.2321973867826804,-0.03760416801590838,-0.03832944518714376,0.7785477610078276,18505005.0,0.5105375545696962,0
2022-04-18,119.38999938964844,121.2699966430664,115.8499984741211,120.79000091552734,10365000,132.1715000152588,118.48179992675782,194.8897998046875,126.17375574266754,126.10547157953637,0.06828416313116747,2.4257586119473475,-2.35747444881618,35.7306186352467,132.1715000152588,148.39852664413533,115.94447338638226,0.2455450172995415,-0.015827204744752743,-0.015953792412430907,0.6824595963626622,17055545.0,0.6077202458203476,1
2022-04-19,125.62000274658203,127.1500015258789,118.69000244140625,119.0,10900400,131.71149978637695,118.81679992675781,194.31249980926515,126.088562974039,126.06951092524346,0.019052048795529686,1.944417299316984,-1.9253652505214542,33.196083224412504,131.71149978637695,148.14271775739155,115.28028181536236,0.24950316407700787,0.05218195316846419,0.05086605864539769,0.7010314899002307,16065390.0,0.678502046946884,0
2022-04-20,114.5199966430664,125.20999908447266,114.5,125.20999908447266,13309000,130.34799995422364,119.05099990844727,193.65159980773925,124.30878353850474,125.2139913487859,-0.9052078102811549,1.3744922773973562,-2.279700087678511,31.051855552472404,130.34799995422364,147.75469861826446,112.94130129018282,0.2670804104421058,-0.08836177249500687,-0.09251204797360746,0.7326890979013695,15333915.0,0.8679453355519449,0
2022-04-21,107.70999908447266,119.4800033569336,106.44499969482422,117.0999984741211,14430400,128.96350021362304,119.15939987182617,192.9669498062134,121.75512439173058,123.91739932920714,-2.1622749374765675,0.6671388344225716,-2.829413771899139,30.024357001711778,128.96350021362304,148.89938244832302,109.02761797892305,0.3091709235818968,-0.059465575953682626,-0.06130702905408681,0.7436301809738057,15151940.0,0.9523796952733445,0
2022-04-22,102.66999816894531,109.94999694824219,102.0199966430664,108.11000061035156,12495300,127.34400024414063,118.95599990844727,192.30079982757567,118.8189511266867,122.34351776178035,-3.524566635093649,-0.17120225948067247,-3.3533643756129763,28.763561094813028,127.34400024414063,150.2376330943614,104.45036739391988,0.35955573574459226,-0.0467923215891467,-0.047922478386245845,0.7539896539674563,14937200.0,0.8365222397772005,1
2022-04-25,107.37999725341797,108.30000305175781,101.87000274658203,101.87000274658203,14059500,126.19650001525879,118.9247998046875,191.62824981689454,117.05911206926073,121.235108835235,-4.175996765974261,-0.9721611607793903,-3.203835605194871,21.360403556838747,126.19650001525879,150.7037388752331,101.68926115528447,0.38839807533507,0.0458751258251926,0.044853975939766484,0.7763620390554326,14966825.0,0.9393775901034455,0
2022-04-26,100.47000122070312,105.64299774169922,99.82499694824219,105.64299774169922,12854500,124.31400032043457,118.7765998840332,190.91384979248048,114.50694116948264,119.69695271564004,-5.190011546157393,-1.815731237854991,-3.374280308302402,22.152402317993108,124.31400032043457,150.6785678359249,97.94943280494425,0.424160874037235,-0.06435086803371004,-0.06651473179212106,0.7563432881359071,14655850.0,0.8770900357195249,0
2022-04-27,99.93000030517578,103.96800231933594,98.06999969482422,98.68000030517578,14308600,121.96850051879883,118.54239990234375,190.20634983062743,112.2643348826662,118.23273401856862,-5.968399135902416,-2.646264817464476,-3.32213431843794,24.719498782092714,121.96850051879883,148.24160491774754,95.69539611985013,0.4308178634187483,-0.005374747775120703,-0.005389243696555968,0.6998039770060945,14274305.0,1.0024025688115814,1
2022-04-28,104.63999938964844,106.0,97.38999938964844,101.54000091552734,16650900,120.19550018310547,118.33099990844727,189.5345498275757,111.0913601914327,117.22586478679675,-6.134504595364049,-3.3439127730443907,-2.7905918223196586,31.930065494149872,120.19550018310547,146.10004529500168,94.29095507120924,0.4310401815780676,0.047132983789540894,0.046055937948424705,0.7281940642643295,14095260.0,1.1813120155286245,0
2022-04-29,99.54000091552734,110.44000244140625,99.31999969482422,103.63999938964844,13448800,118.39249992370605,118.14179992675781,188.85644981384277,109.31422799513958,115.91580079633235,-6.6015728011927735,-3.9954447786740674,-2.606128022518706,30.68515809210409,118.39249992370605,144.7974459178938,91.9875539295183,0.4460577487797539,-0.048738517812201065,-0.049966299248027674,0.7361800135517353,14089220.0,0.954545390021591,1
2022-05-02,105.86000061035156,105.97000122070312,97.2699966430664,98.30000305175781,14661700,117.00450019836425,118.17860000610352,188.19814979553223,108.78280839747988,115.17092670848191,-6.388118311002032,-4.473979485139661,-1.9141388258623708,37.24066507325258,117.00450019836425,142.9536676567124,91.05533274001608,0.44355845141605826,0.06349205984222928,0.0615578895674997,0.7862652515624019,14061500.0,1.0426839241901646,0
2022-05-03,102.33000183105469,108.0,100.4800033569336,104.16000366210938,14675900,114.86150016784669,118.27080001831055,187.54134979248047,107.79006892572217,114.21974708793175,-6.4296781622095835,-4.8651192205536455,-1.564558941655938,35.48432968633517,114.86150016784669,137.92902584441237,91.793974491281,0.4016580950598275,-0.033345916861365454,-0.033914569203200844,0.700610516617621,14013685.0,1.047254879783583,1
2022-05-04,106.79000091552734,107.20999908447266,93.6500015258789,102.25,25333900,113.40500030517578,118.5283999633789,186.84294979095458,107.63621230876912,113.6693955196055,-6.033183210836384,-5.098732018610193,-0.9344511922261907,36.64725360320147,113.40500030517578,134.4652494370258,92.34475117332576,0.37141658789605997,0.04358447185250758,0.04266139476432059,0.7078767556039047,14490440.0,1.7483182015176904,0
2022-05-05,95.55000305175781,104.13999938964844,93.12000274658203,103.51000213623047,22914500,111.74400024414062,118.665,186.0344498062134,105.77679549999814,112.32721829976494,-6.5504227997667925,-5.389070174841514,-1.1613526249252786,33.61740262865749,111.74400024414062,132.94144845230082,90.54655203598041,0.3793930441338699,-0.1052532799644843,-0.11121459513147115,0.770757898144303,14582305.0,1.571390805500228,1
2022-05-06,96.19000244140625,98.68000030517578,88.55699920654297,98.66999816894531,36801900,110.25700035095215,118.68900009155273,185.21244983673097,104.30190426021477,111.13186897692356,-6.829964716708787,-5.677249083214969,-1.152715633493818,35.001294254732215,110.25700035095215,131.43686654168647,89.07713416021784,0.38419086540206987,0.006698057239221233,0.006675724920466784,0.7733620673157463,15470870.0,2.378786713352255,0
2022-05-09,83.86000061035156,93.96900177001953,80.81999969482422,93.05999755859375,31319600,108.28900032043457,117.96980010986329,184.31174983978272,101.15699600638966,109.1117305793997,-7.954734573010043,-6.132746181173984,-1.8219883918360589,24.976027844731576,108.28900032043457,131.6041803661359,84.97382027473326,0.4306103108664796,-0.12818381867248063,-0.13717667852476864,0.8761970900336334,16354145.0,1.9150863588405265,1
2022-05-10,84.38999938964844,91.46499633789062,80.38999938964844,87.29000091552734,25789600,106.35450019836426,117.10760009765625,183.4237498855591,98.57745806535254,107.28049123201072,-8.703033166658173,-6.646803578270823,-2.0562295883873505,29.326195672487742,106.35450019836426,130.89075223074425,81.81824816598427,0.4614050554817493,0.00632004263581476,0.006300154916527648,0.8784481911575222,16995375.0,1.5174481292704634,0
2022-05-11,71.22000122070312,85.1500015258789,70.33000183105469,82.97000122070312,39549300,103.771000289917,116.01080017089843,182.5211999130249,94.3686185507911,104.6093438237657,-10.2407252729746,-7.365587917211579,-2.8751373557630213,26.972104414197133,103.771000289917,131.63213055149765,75.90987002833636,0.536973339058924,-0.15606112411657147,-0.1696752089478409,1.004173632668717,18205270.0,2.1724094177125632,1
2022-05-12,75.76000213623047,78.13999938964844,65.0999984741211,68.79000091552734,35208100,101.25650024414062,115.04080017089844,181.60694999694823,91.50575448701254,102.47235555061494,-10.966601063602397,-8.085790546489743,-2.8808105171126535,32.90994531894954,101.25650024414062,129.7223989423159,72.79060154596537,0.5622532603742145,0.06374615048739418,0.061796782085638456,1.0381088773608587,19426220.0,1.8124009714705176,1
2022-05-13,84.1500015258789,85.2300033569336,80.12999725341797,80.37000274658203,28356500,99.39850044250488,114.43940017700196,180.75130001068115,90.37410018529967,101.11514414137523,-10.741043956075558,-8.616841228406907,-2.124202727668651,35.90583727918403,99.39850044250488,127.19629049059756,71.6007103944122,0.5593201089421217,0.11074444499832081,0.10503046169449762,1.1391037316581205,20371670.0,1.3919575567442433,0
2022-05-16,79.69999694824219,84.69000244140625,79.30999755859375,82.2699966430664,18879600,97.41400032043457,113.90300018310546,179.91350002288817,88.7319304565216,99.52883694188388,-10.796906485362285,-9.052854279797984,-1.7440522055643015,37.01062847700484,97.41400032043457,124.86735816306862,69.96064247780052,0.5636429620450593,-0.05288181220374899,-0.054331391264053494,1.1467702383342058,20797400.0,0.9077865502418572,1
2022-05-17,84.79000091552734,85.55999755859375,78.87999725341797,82.5,21675600,95.37250022888183,113.64860015869141,178.97555000305175,88.12547975790709,98.43707131030192,-10.31159155239483,-9.304601734317353,-1.0069898180774768,41.041420479497965,95.37250022888183,119.91224202654004,70.83275843122362,0.5146083355006099,0.0638645440675567,0.061908074607891446,1.15688412077047,21336160.0,1.0159091420386799,0
2022-05-18,82.05999755859375,89.09600067138672,81.4800033569336,82.7300033569336,24811400,93.7495002746582,113.27740005493165,178.03840003967287,87.19232865032042,97.22395473610132,-10.0316260857809,-9.450006604610063,-0.5816194811708364,36.318467849019356,93.7495002746582,117.22785956904164,70.27114098027477,0.500874334809227,-0.032197232308717405,-0.03272696485093591,1.1276578564895312,21911280.0,1.1323573976508903,1
2022-05-19,87.13999938964844,89.91899871826172,82.08499908447266,82.9000015258789,24086900,92.72100028991699,112.7818000793457,177.1419999694824,87.18427799483241,96.4769950808085,-9.292717085976093,-9.418548700883271,0.12583161490717742,42.4848482550559,92.72100028991699,115.41341575156702,70.02858482826696,0.48947736522893687,0.06190594665113647,0.06006535642247012,1.145004956527382,22394105.0,1.075591098639575,0
2022-05-20,83.44000244140625,90.25,78.89199829101562,88.01000213623047,22714300,91.75950050354004,112.2732000732422,176.1501499938965,86.6082356019976,95.51129192233427,-8.90305632033666,-9.315450224773949,0.4123939044372893,35.9664516784667,91.75950050354004,114.30609269805669,69.21290830902339,0.4914279626804815,-0.04246037381406864,-0.043388173733092526,1.1431596963754846,22905055.0,0.9916719256950048,0
2022-05-23,83.4000015258789,84.1500015258789,79.05000305175781,83.81999969482422,19684100,90.56050071716308,111.90260009765625,175.1916499710083,86.11466112874858,94.61415930037461,-8.49949817162603,-9.152259814144365,0.6527616425183353,37.609635707680454,90.56050071716308,112.13917531536998,68.98182611895618,0.4765581998182857,-0.0004793973436834076,-0.00047951229132850475,1.1260196472233122,23186285.0,0.8489544573440722,0
2022-05-24,75.87999725341797,81.62000274658203,74.16000366210938,81.4000015258789,20583900,89.33100051879883,111.5232000732422,174.17239990234376,84.5400974556208,93.22644359319263,-8.686346137571832,-9.059077078829858,0.37273094125802686,30.547514843947454,89.33100051879883,111.33038689630108,67.33161414129658,0.49253643751303766,-0.09016791528627843,-0.09449521879018775,1.1460700742757113,23572755.0,0.8732072258842889,1
2022-05-25,77.94999694824219,78.94999694824219,74.30999755859375,75.80000305175781,17738200,88.23200035095215,111.02040008544923,173.19674995422363,83.526235839101,92.09485495282593,-8.568619113724921,-8.960985485808871,0.3923663720839503,37.47865496015846,88.23200035095215,110.19802278805341,66.26597791385089,0.4979150954240881,0.02727991262191276,0.026914447483165013,1.1541735271699676,23744235.0,0.7470529162131355,1
2022-05-26,83.41000366210938,83.86000061035156,74.76000213623047,75.56999969482422,16587500,87.17050056457519,110.36760009765625,172.25834999084472,83.50835396571767,91.45153263499508,-7.943178669277401,-8.757424122502577,0.8142454532251762,41.49134810651891,87.17050056457519,107.8097465564798,66.53125457267059,0.4735373975881948,0.07004498945000037,0.06770069380485111,1.1718800637767193,23741065.0,0.698683904871159,1
2022-05-27,90.5199966430664,90.98999786376953,83.5,84.29000091552734,19837500,86.71950035095215,109.61880004882812,171.3679999923706,84.58706822377133,91.38252996892629,-6.795461745154967,-8.365031647033055,1.5695699018780882,54.7653082714828,86.71950035095215,106.60096126299956,66.83803943890473,0.4585234193367703,0.08524148985485391,0.0818025335219031,1.2069981862005041,24060500.0,0.8244841129652335,0
2022-05-31,87.51000213623047,90.5999984741211,85.80000305175781,90.0,19307200,85.8020004272461,108.55620010375976,170.4661499786377,85.03675036414965,91.09567605539327,-6.058925691243616,-7.903810455875168,1.8448847646315523,52.155888882879005,85.8020004272461,103.54267233453294,68.06132851995926,0.4135258343383182,-0.033252260477922735,-0.03381768672133053,1.1861476296220925,24292775.0,0.7947712848779113,0
2022-06-01,81.91000366210938,89.21099853515625,81.35299682617188,87.3499984741211,20519200,84.78100051879883,107.49800003051757,169.55870002746582,84.55571240998961,90.41525587811299,-5.859543468123377,-7.49495705832481,1.6354135902014333,58.24973069265331,84.78100051879883,100.78164741910317,68.7803536184945,0.3774583173680864,-0.06399266755134281,-0.06613196872256122,1.2001697433928304,24584940.0,0.8346247743537304,1
2022-06-02,87.44000244140625,88.8489990234375,81.4000015258789,81.5199966430664,19120000,83.81350059509278,106.41100021362304,168.69150001525878,84.99944933789986,90.19486673465323,-5.1954173967533706,-7.035049126010523,1.8396317292571522,58.87807781030599,83.81350059509278,96.12568028623265,71.5013209039529,0.2937994381268152,0.06751310623924422,0.06533174355276332,1.2167740603227373,24274245.0,0.7876661045482568,0
2022-06-03,83.0999984741211,86.66999816894531,82.66000366210938,85.36000061035156,13965900,83.19100036621094,105.36500030517578,167.80869998931885,84.70722612808774,89.66932093757677,-4.962094809489031,-6.620458262706225,1.658363453217194,49.14951979192879,83.19100036621094,94.19401302743987,72.18798770498202,0.26452410988672115,-0.04963407875238113,-0.05090818828977225,1.172464445502184,23826815.0,0.5861421260038322,1
2022-06-06,83.37999725341797,87.08999633789062,81.94999694824219,84.86000061035156,13972700,82.55050010681153,104.33140029907227,166.93884994506837,84.50303707044623,89.20344510912057,-4.70040803867434,-6.236448217899849,1.536040179225509,53.19666432721563,82.55050010681153,91.70325890214819,73.39774131147486,0.22174932395307054,0.003369419788666672,0.0033637560126706287,1.1721098941172687,22685355.0,0.6159348178593634,1
2022-06-07,84.5999984741211,85.19999694824219,80.25,81.87999725341797,14313300,82.5875,103.41680023193359,166.0465999984741,84.51795420947313,88.86244906208357,-4.344494852610438,-5.858057544841968,1.5135626922315293,49.82305603206704,82.5875,91.76848712252176,73.40651287747825,0.22233357644974738,0.014631821310753468,0.014525809063671144,1.0780252319733128,21835040.0,0.6555197517384901,1
2022-06-08,84.75,87.55000305175781,83.87000274658203,84.5999984741211,12757300,82.60550003051758,102.34940032958984,165.1181499862671,84.55365356186188,88.55782320563293,-4.00416964377105,-5.487279964627785,1.4831103208567349,52.6315813043264,82.60550003051758,91.80276408322047,73.40823597781468,0.2226792174686934,0.0017730677137635098,0.0017714976847759004,1.0779422394895584,21183425.0,0.6022302814582627,0
2022-06-09,76.58000183105469,84.95999908447266,76.48999786376953,84.62999725341797,19594300,82.87350006103516,100.94420043945313,164.15019992828368,83.32693791096847,87.6705771778864,-4.343639266917933,-5.2585518250858145,0.9149125581678819,40.258304286734614,82.87350006103516,90.91341991973776,74.83358020233256,0.19402872698223958,-0.0964011583356379,-0.10136977630106035,0.9777292688396639,20185675.0,0.9707032338527198,0
2022-06-10,71.87000274658203,76.23999786376953,70.2300033569336,75.86000061035156,21288000,82.67900009155274,99.57960037231446,163.1716999053955,81.56433250106286,86.50016425704904,-4.935831755986172,-5.194007811265886,0.2581760552797139,39.52182585882511,82.67900009155274,91.58505922947282,73.77294095363266,0.21543703063796507,-0.06150429579335237,-0.06347700026317499,0.9797324615209604,19489670.0,1.0922709312163827,0
2022-06-13,62.7599983215332,68.77999877929688,62.5,66.16000366210938,26455800,81.60949993133545,98.1228002166748,162.1748498725891,78.67135801190445,84.74163344701083,-6.070275435106382,-5.369261336033985,-0.7010140990723963,33.945237732244465,81.60949993133545,94.16242912557264,69.05657073709826,0.3076340182159913,-0.12675670066649714,-0.13554106857570553,0.9837063267150737,19394635.0,1.3640782618492175,0
2022-06-14,60.29999923706055,63.689998626708984,59.45000076293945,63.52000045776367,23258500,80.63950004577637,96.65640029907226,161.1362998199463,75.84499512346692,82.93114202405154,-7.086146900584623,-5.712638448944113,-1.37350845164051,36.8456613485284,80.63950004577637,96.40165840436589,64.87734168718686,0.39092897028483214,-0.03919692718711598,-0.039985810039874586,0.9774729220112378,19613580.0,1.1858365479428028,1
2022-06-15,62.90999984741211,64.427001953125,60.470001220703125,61.16999816894531,24356700,79.54549999237061,95.01080024719238,160.0912497520447,73.85499585022771,81.44809445541158,-7.593098605183869,-6.088730480192064,-1.5043681249918048,37.41633406688806,79.54549999237061,97.03708334613442,62.05391663860679,0.43978813020073976,0.04328359275910976,0.04237304007569909,0.9588335039867282,19747635.0,1.233398328458066,0
2022-06-16,57.5099983215332,61.13999938964844,56.722999572753906,60.41999816894531,22705200,78.31800003051758,93.44260025024414,159.03844970703125,71.34038084581317,79.67490214919836,-8.334521303385188,-6.537888644830689,-1.7966326585544987,28.308200737444324,78.31800003051758,98.33059649427605,58.30540356675911,0.5110599467800586,-0.08583693433439177,-0.08974631461643207,0.9913922311484894,19642325.0,1.1559324061688216,1
2022-06-17,58.5099983215332,59.45000076293945,56.0099983215332,56.209999084472656,21814800,76.88649997711181,92.03740013122558,157.98974969863892,69.36647584207779,78.10713149529724,-8.740655653219449,-6.978442046508441,-1.7622136067110077,20.134355075209484,76.88649997711181,98.28959612673957,55.483403827484054,0.5567452324139921,0.017388280806566625,0.01723883457329659,0.957156052785362,19528720.0,1.117062459802793,1
2022-06-21,60.52000045776367,62.61399841308594,59.45000076293945,59.720001220703125,17100100,75.7404998779297,90.72920013427735,156.96264968872072,68.00547962910639,76.80438104807253,-8.798901418966139,-7.342533920999982,-1.4563674979661574,24.339230191449317,75.7404998779297,98.09923574359036,53.38176401226903,0.5904037047998374,0.0343531395298422,0.03377624537068835,0.9698277431130167,19248010.0,0.8884087238109291,1
2022-06-22,60.650001525878906,62.880001068115234,59.2400016784668,59.43000030517578,15082400,74.60299987792969,89.47780014038086,155.9171997451782,66.87386761322524,75.60776034272486,-8.733892729499615,-7.620805682699909,-1.1130870467997065,27.440579950434852,74.60299987792969,97.62593640558276,51.58006335027662,0.6172120843752854,0.0021480678640437567,0.0021457640648243105,0.9703624828879078,19017925.0,0.7930623346132661,1
2022-06-23,67.2699966430664,67.62999725341797,60.79999923706055,61.40999984741211,23240200,74.17249984741211,88.3616000366211,154.92439979553222,66.93481054089311,74.99014821682422,-8.055337675931113,-7.70771208134615,-0.34762559458496334,29.081100405096905,74.17249984741211,97.41583387229184,50.92916582253238,0.6267372428513529,0.10915078236828735,0.10359466158630527,1.0195028560857948,19150740.0,1.2135405733668778,1
2022-06-24,71.0,71.01000213623047,66.83000183105469,68.22000122070312,23357200,73.825,87.32380004882812,154.00579978942872,67.56022430383263,74.69458168224465,-7.13435737841202,-7.593041140759325,0.458683762347305,37.28991919895214,73.825,97.03833503724303,50.611664962756976,0.6288746369723813,0.05544824651508362,0.05396555490618954,1.0357465274718354,19431690.0,1.2020158823035978,0
2022-06-27,69.43000030517578,71.75,66.94999694824219,70.79000091552734,14687400,73.12599983215333,86.19139999389648,153.09524982452393,67.84788215019312,74.30461269135066,-6.45673054115754,-7.365779020838968,0.9090484796814273,35.733283958408336,73.12599983215333,95.9629578252169,50.28904183908974,0.624592020498357,-0.02211267175808762,-0.022360821880687953,1.0010828815373682,19336685.0,0.7595614243082514,0
2022-06-28,65.5999984741211,70.19999694824219,64.80999755859375,69.0999984741211,14795000,71.87999992370605,85.07720001220703,152.18374984741212,67.50205389233588,73.65982645303735,-6.157772560701474,-7.124177728811469,0.9664051681099952,31.553400790997728,71.87999992370605,93.40252592120365,50.35747392620845,0.5988460217123474,-0.05516350013279736,-0.05674338247093356,0.9519423347354269,19084560.0,0.7752340111587587,0
2022-06-29,63.84000015258789,65.72200012207031,62.40999984741211,64.7699966430664,13450900,70.69649982452393,83.96620002746582,151.26954988479613,66.93866100929773,72.93243191226331,-5.993770902965579,-6.898096363642291,0.9043254606767119,30.314443508547228,70.69649982452393,91.17818367130376,50.214815977744095,0.5794256829579258,-0.02682924333035641,-0.027195717157979405,0.9505128421069772,18791745.0,0.7157877035900604,0
2022-06-30,61.459999084472656,63.0,59.08000183105469,62.75,16793100,69.67399959564209,82.68299995422363,150.3415998649597,66.09578994394002,72.0826220731677,-5.986832129227679,-6.715843516759369,0.7290113875316901,34.02366820974318,69.67399959564209,89.83797041355345,49.51002877773072,0.5788090517247287,-0.03728071839640734,-0.03799341372568811,0.9364742592035281,18605440.0,0.9025908551477417,1
2022-07-01,63.900001525878906,65.13999938964844,61.86000061035156,61.95000076293945,15218100,68.49699954986572,81.67060005187989,149.41709985733033,65.75797634116138,71.47650203262779,-5.718525691466411,-6.516379951700778,0.7978542602343675,41.154273772417156,68.49699954986572,86.9719258320649,50.02207326766654,0.5394375345959339,0.03970065860321004,0.0389328434566316,0.9097465696505898,18410345.0,0.8266059109701638,1
2022-07-05,66.7300033569336,66.91000366210938,60.349998474121094,61.84000015258789,14496500,67.67849979400634,80.8510001373291,148.47529989242554,65.90751895897249,71.12490953813193,-5.217390579159442,-6.256582077192512,1.0391914980330696,55.11994352242008,67.67849979400634,84.83265927939063,50.52434030862206,0.5069308432544029,0.044287977519195554,0.04333529195906896,0.9219234102840819,18436875.0,0.786277500932235,0
2022-07-06,64.97000122070312,68.47000122070312,64.27999877929688,66.5999984741211,11788100,66.7579999923706,80.09700019836426,147.5211999320984,65.76328546077721,70.66899040350756,-4.9057049427303525,-5.98640665030008,1.0807017075697276,56.13343921361346,66.7579999923706,82.26088383747266,51.25511614726854,0.4644502186067228,-0.02637497448960635,-0.02672903354056772,0.922557281855414,18327645.0,0.6431868360610433,1
2022-07-07,68.62999725341797,69.58000183105469,64.51000213623047,65.12999725341797,13885200,65.95949993133544,79.32200019836426,146.6131999397278,66.2043180442604,70.51795387387129,-4.313635829610888,-5.651852486162242,1.3382166565513538,57.310833904188904,65.95949993133544,79.05049806519244,52.868501797478444,0.39694049067942816,0.05633363035167327,0.05480407321924596,0.9492719465053706,18306240.0,0.7584954638418375,0
2022-07-08,67.0199966430664,68.97000122070312,64.75,66.80000305175781,16403200,65.07299976348877,78.65300010681152,145.69179990768433,66.32980705946133,70.25884593084871,-3.9290388713873767,-5.307289763207269,1.3782508918198921,63.45881234337798,65.07299976348877,74.76674937381253,55.379250153165,0.29793461637103574,-0.0234591384931373,-0.02373868467977669,0.9498121510280996,18488535.0,0.8872092894326132,0
2022-07-11,63.22999954223633,66.87999725341797,63.04999923706055,66.1500015258789,11140700,64.40549964904785,77.91900009155273,144.70259986877443,65.85291359527287,69.73819064280335,-3.8852770475304794,-5.022887220071912,1.1376101725414323,56.19097702075367,64.40549964904785,72.46352784377521,56.347471454320505,0.2502279537814743,-0.05655024307170231,-0.05821216738976613,0.9114583739010989,18065855.0,0.6166716161510208,1
2022-07-12,65.02999877929688,66.53600311279297,63.130001068115234,63.959999084472656,14386700,64.0634994506836,77.1268000793457,143.69414985656738,65.72631131589195,69.38943568995101,-3.663124374059066,-4.750934650869343,1.087810276810277,55.94829641214186,64.0634994506836,71.32925253289363,56.797746368473554,0.226829728145065,0.02846748774461383,0.02806981827881369,0.8971817921114127,17720790.0,0.8118543247789743,0
2022-07-13,64.1500015258789,65.61000061035156,60.81999969482422,62.20000076293945,13548800,64.13299961090088,76.41900009155273,142.70239986419676,65.48380211742841,69.0013294555753,-3.5175273381468912,-4.504253188324853,0.9867258501779617,54.526642989096835,64.13299961090088,71.37279910311167,56.893200118690096,0.22577454777213377,-0.013532173918756496,-0.013624568261921537,0.772089020122061,17075440.0,0.793467108314632,0
2022-07-14,62.41999816894531,63.75,61.040000915527344,63.27000045776367,11377100,64.23899955749512,75.55020004272461,141.7239499282837,65.01244766381562,68.51382343434345,-3.5013757705278294,-4.303677704765448,0.8023019342376188,42.81907334836168,64.23899955749512,71.30243500560907,57.17556410938117,0.21991112865299345,-0.026968095335674902,-0.027338407339544474,0.7645740520416991,16481370.0,0.6903006242806271,1
2022-07-15,65.9800033569336,66.04000091552734,62.70000076293945,64.19000244140625,12267200,64.39249973297119,74.82320007324219,140.84034996032716,65.16130238583378,68.32613305823902,-3.1648306724052446,-4.075908298293408,0.9110776258881632,42.52976825718321,64.39249973297119,71.46775207347808,57.3172473924643,0.2197539269277386,0.05703308703010235,0.05546600917027208,0.7757013121521206,15876895.0,0.7726447772061225,1
2022-07-18,66.2699966430664,69.58999633789062,65.83000183105469,67.87999725341797,14204900,64.83049964904785,74.01279998779297,139.99149997711183,65.33187073310033,68.17382665711513,-2.8419559240147976,-3.829117823437686,0.9871618994228886,45.11138042706197,64.83049964904785,71.15672692632829,58.504272371767414,0.1951620706774346,0.0043951693146184745,0.004385538766248878,0.7003178073399647,15451880.0,0.9192991402987857,1
2022-07-19,69.25,69.30799865722656,64.26499938964844,66.94000244140625,16120400,65.3674997329712,73.48679992675781,139.13854999542235,65.9346598510849,68.25354320103253,-2.318883349947626,-3.5270709287396746,1.2081875787920486,55.79917601572523,65.3674997329712,71.24191051097326,59.49308895496913,0.1797349080812104,0.044967609897191396,0.04398588962271722,0.7119558661305031,15167160.0,1.062848944693667,1
2022-07-20,74.77999877929688,75.23999786376953,69.22000122070312,70.0,18594300,66.08049964904785,73.05859985351563,138.31600002288818,67.29548122465597,68.73698435497803,-1.4415031303220616,-3.1099573690561524,1.6684542387340908,65.52213125090998,66.08049964904785,72.8681951096634,59.29280418843229,0.20543717122796784,0.07985557804038801,0.07682730815759439,0.7503911849178989,15241870.0,1.2199487333247168,0
2022-07-21,74.76000213623047,75.16999816894531,72.16999816894531,73.30999755859375,14683000,66.78599967956544,72.8765998840332,137.55855003356933,68.4438690572059,69.18313382025599,-0.7392647630500875,-2.6358188478549396,1.896554084804852,70.22506715747252,66.78599967956544,74.10913811536346,59.46286124376741,0.21930160425639914,-0.0002674063037286789,-0.0002674420631693245,0.7508468063513503,15221900.0,0.964597060813696,0
2022-07-22,71.80000305175781,76.44000244140625,70.95999908447266,74.66000366210938,12130100,67.0125,72.62479995727539,136.73765007019043,68.96019736406004,69.37697598555242,-0.41677862149238365,-2.1920108025824288,1.775232181090045,61.82635175078647,67.0125,74.6712015865943,59.35379841340571,0.228575313160807,-0.039593352058482245,-0.04039849260410475,0.6763629267252884,14666395.0,0.8270675922747206,0
2022-07-25,71.43000030517578,72.47000122070312,69.5999984741211,72.04000091552734,9267700,67.03400001525878,72.62899993896484,135.89920009613036,69.34016704730861,69.52905186108008,-0.18888481377146604,-1.7913856048202363,1.6025007910487703,57.595342172484024,67.03400001525878,74.74208913810806,59.32591089240952,0.22997550858056198,-0.005153241376818718,-0.005166565118511676,0.6490188928470658,13961920.0,0.6637840640828768,0
2022-07-26,66.38999938964844,69.2300033569336,65.9000015258789,69.08999633789062,10924100,66.88199996948242,72.44159988403321,134.98535007476806,68.88629509997628,69.29652945578884,-0.4102343558125625,-1.5151553550187016,1.104920999206139,52.074807765753015,66.88199996948242,74.5106353483921,59.25336459057274,0.2281222266795416,-0.07055860134389702,-0.07317151990161475,0.6932622842676195,13773755.0,0.7931097946783575,1
2022-07-27,72.76000213623047,72.94000244140625,67.5999984741211,68.45999908447266,13865400,67.2400001525879,72.21379989624023,134.1567000579834,69.48225002863077,69.5530829876734,-0.07083295904263309,-1.2262908758234878,1.1554579167808547,55.59166646179756,67.2400001525879,75.27643649689907,59.20356380827672,0.23903736841386283,0.09594822722012619,0.0916199494722362,0.7433439428925532,13727275.0,1.0100620844268071,1
2022-07-28,74.68000030517578,75.16000366210938,70.51000213623047,73.04000091552734,11281600,67.78200016021728,72.11339996337891,133.368450050354,70.28190391733,69.93285464082173,0.3490492765082678,-0.9112228453571368,1.2602721218654045,60.28464567872831,67.78200016021728,76.30063348780395,59.2633668326306,0.25135384932433563,0.026388099403164444,0.026045939750089665,0.735927054718996,13618810.0,0.8283836840370047,1
2022-07-29,76.05999755859375,76.08999633789062,72.7249984741211,73.2300033569336,10554300,68.51200008392334,71.93879989624024,132.56170001983642,71.17084140060135,70.38671707917521,0.784124321426134,-0.5721534120004828,1.3562777334266167,68.41802863487388,68.51200008392334,77.2490155439974,59.77498462384927,0.2550506611796974,0.018478806210212806,0.018310147641719825,0.7158802943732178,13306870.0,0.7931466979086742,1
2022-08-01,77.80999755859375,79.05000305175781,74.44999694824219,75.4800033569336,11563100,69.20749988555909,71.85379989624023,131.7371000289917,72.19225004029249,70.93658970728029,1.2556603330122016,-0.20659066299794593,1.4622509960101475,68.37262683704333,69.20749988555909,78.58946649365788,59.825533277460295,0.27112571971571664,0.023008152197899534,0.022747455850640582,0.7096363310318323,13124120.0,0.881057168023456,1
2022-08-02,79.08999633789062,80.7699966430664,76.36000061035156,76.62000274658203,12648900,69.82549953460693,71.69279983520508,130.89549999237062,73.25344177838451,71.54054575399216,1.7128960243923501,0.17730667448011328,1.5355893499122368,71.23364792838518,69.82549953460693,80.10566376199735,59.545335307216526,0.29445300917024886,0.016450312549270985,0.01631647197593212,0.699031794027544,13031740.0,0.9706224955378177,1
2022-08-03,88.06999969482422,88.83000183105469,80.69999694824219,81.02999877929688,26179500,70.98049945831299,71.78539978027344,130.09084999084473,75.53291222706754,72.76494974960934,2.767962477458198,0.6954378350757303,2.0725246423824677,80.2262565889612,70.98049945831299,83.83264541322058,58.12835350340541,0.3621317419006238,0.11354158266197101,0.10754555112395763,0.7761263601379574,13751310.0,1.903782257835799,1
2022-08-04,89.69999694824219,90.66999816894531,86.83000183105469,88.1500015258789,22719400,72.0339994430542,71.9113996887207,129.27834999084473,77.71246372263288,74.01939769024882,3.6930660323840527,1.2949634745373948,2.398102557846658,79.28394822183269,72.0339994430542,87.30206963871294,56.76592924739546,0.42391288318591186,0.01850797387380676,0.018338785690705833,0.7618208102621842,14193020.0,1.6007445913554692,0
2022-08-05,87.7300033569336,93.19000244140625,82.87799835205078,83.6500015258789,31022600,73.06949977874756,72.14839981079102,128.44494998931884,79.25362366637145,75.03499811000326,4.218625556368195,1.8796958909035548,2.3389296654646405,75.43860886702929,73.06949977874756,89.65783075348129,56.48116880401382,0.4540425492158219,-0.021962025176492483,-0.022206780638257144,0.760848089011589,14923990.0,2.078706833762285,0
2022-08-08,85.5,91.80000305175781,84.87000274658203,88.05000305175781,19001500,74.18299980163575,72.29939987182617,127.59569995880128,80.21460464077585,75.8101834351882,4.404421205587653,2.3846409538403748,2.019780251747278,69.61139617760453,74.18299980163575,90.97882864680179,57.3871709564697,0.4528215060075177,-0.02541893618606994,-0.025747578461951987,0.7296071206759578,15317030.0,1.2405472862558864,0
2022-08-09,81.12999725341797,84.87000274658203,79.94999694824219,84.18000030517578,13287000,74.9879997253418,72.25379974365234,126.67595001220702,80.35543427349002,76.20424371802002,4.151190555469995,2.737950874166299,1.413239681303696,57.88427986523612,74.9879997253418,91.47721287990102,58.49878657078257,0.4397827176335998,-0.05111114323487753,-0.052463603389827855,0.76562397258884,15262045.0,0.8705910643036369,1
2022-08-10,88.83999633789062,89.02999877929688,84.41999816894531,86.76000213623047,16527800,76.22249946594238,72.22019973754882,125.85485000610352,81.66075151416703,77.140225393566,4.520526120601033,3.094465923453246,1.4260601971477875,64.67889331780518,76.22249946594238,92.9898425857343,59.45515634615046,0.43995784019871653,0.095032655558827,0.09078418525193689,0.8127620715459999,15410995.0,1.0724680658192414,0
2022-08-11,85.98999786376953,92.0999984741211,85.36000061035156,90.87000274658203,15075900,77.4009994506836,72.18979965209961,124.97479999542236,82.32678941410587,77.79576409506257,4.531025319043309,3.381777802571259,1.14924751647205,64.8275812586349,77.4009994506836,93.37829100876823,61.423707892598976,0.4128445800823187,-0.03208012822604722,-0.032605972224796664,0.8166755410370999,15595935.0,0.9666557343307727,1
2022-08-12,87.94999694824219,88.62999725341797,85.01000213623047,88.01000213623047,10433200,78.49949913024902,72.31059951782227,124.09759990692139,83.19189826551147,78.54792949159439,4.643968773917081,3.6342159968404237,1.009752777076657,66.70711809930529,78.49949913024902,94.18897888940866,62.81001937108938,0.3997345188948817,0.02279333798307337,0.022537450904758328,0.8035604159451901,15504235.0,0.6729258167203993,0
2022-08-15,86.72000122070312,89.19400024414062,86.0199966430664,87.72000122070312,9905200,79.52199935913086,72.29619949340821,123.26609989166259,83.73468333554095,79.15326813819503,4.581415197345919,3.8236558369415232,0.7577593604043957,72.27701781061909,79.52199935913086,94.5052512088393,64.53874750942242,0.376832875693738,-0.013985170781334988,-0.0140838847170756,0.8096041940632511,15289250.0,0.6478538842650882,0
2022-08-16,85.87999725341797,87.0999984741211,82.06999969482422,86.2300033569336,12198000,80.35349922180175,72.35179946899414,122.38884994506836,84.06473163059894,79.65154436895229,4.413187261646655,3.94156212188255,0.47162513976410514,66.35909989105755,80.35349922180175,94.77166792746318,65.93533051614033,0.35886847107585446,-0.00968639247533376,-0.009733610738755739,0.8057765903813666,15093130.0,0.808182265706318,0
2022-08-17,80.33000183105469,84.44000244140625,79.93000030517578,83.52999877929688,15368500,80.63099937438965,72.29079956054687,121.51799995422363,83.49015781528445,79.70180047725617,3.788357338028277,3.9109211651116955,-0.12256382708341862,56.46009954678976,80.63099937438965,94.80914092857076,66.45285782020854,0.35167966822161034,-0.06462500698487617,-0.0668077680490753,0.8076344492718327,14931840.0,1.0292435493549354,0
2022-08-18,79.72000122070312,80.55000305175781,78.2699966430664,80.44000244140625,11799700,80.87899932861328,72.19319961547852,120.64139999389648,82.91013372381039,79.70314868047446,3.2069850433359335,3.7701339407565433,-0.5631488974206098,54.25978164583263,80.87899932861328,94.79585616286502,66.96214249436153,0.3441401834784634,-0.0075936835111055645,-0.007622662322902305,0.8086604082426697,14787675.0,0.7979415290098004,0
2022-08-19,74.36000061035156,77.87999725341797,73.87999725341797,77.4000015258789,13024100,81.00699920654297,71.98539962768555,119.76815002441407,81.59472862943211,79.30735993453943,2.2873686948926775,3.4735808915837705,-1.186212196691093,46.29590129262312,81.00699920654297,94.61594584745824,67.39805256562771,0.335994340593129,-0.06723533025937256,-0.06960233959567,0.8341646807454393,14832375.0,0.8780859437547931,0
2022-08-22,73.01000213623047,75.5199966430664,71.33000183105469,72.37000274658203,13297400,81.0859992980957,71.91399963378906,118.87080005645753,80.27400147663187,78.84088898651655,1.4331124901153203,3.0654872112900806,-1.6323747211747603,43.48199477294778,81.0859992980957,94.4774696399456,67.6945289562458,0.33030289958242876,-0.018154901331901896,-0.01832172373388936,0.8371292315572071,15033860.0,0.884496729382873,0
2022-08-23,70.94000244140625,74.20999908447266,70.8499984741211,72.5199966430664,12146500,81.3134994506836,71.89539962768555,117.98820003509522,78.8380016250587,78.2556381313232,0.5823634937354996,2.568862467779165,-1.9864989740436654,28.44198038632439,81.3134994506836,93.77614454140748,68.85085435995971,0.30653323679132616,-0.0283522755000305,-0.02876196356685506,0.8009759479555403,15094980.0,0.804671486812172,1
2022-08-24,72.62000274658203,74.63999938964844,71.37000274658203,71.54000091552734,9751400,81.30649948120117,72.09259971618653,117.16440002441406,77.88138641298536,77.8381836583794,0.04320275460595724,2.0637305251445235,-2.0205277705385662,28.531928102625926,81.30649948120117,93.78951380397129,68.82348515843105,0.3070606754053237,0.023681988262735043,0.023405920046916426,0.7294224752253516,14889280.0,0.6549275720518386,1
2022-08-25,74.62999725341797,74.7699966430664,72.11000061035156,73.1500015258789,8979200,81.30399932861329,72.37919967651368,116.35369998931884,77.38117269612884,77.60054022097485,-0.21936752484600675,1.6071109151464176,-1.8264784399924243,33.550968465801645,81.30399932861329,93.79262056572574,68.81537809150083,0.3072080424146451,0.027678248840751207,0.027302130533163483,0.7300348950453629,14774160.0,0.6077638254899094,0
2022-08-26,68.87000274658203,74.3499984741211,68.76000213623047,74.31999969482422,13750100,80.94449958801269,72.49839973449707,115.54415000915527,76.0717619346601,76.9538337413902,-0.8820718067300959,1.109274370771115,-1.991346177501211,30.818911542812018,80.94449958801269,94.4419208004824,67.44707837554299,0.33349816926828163,-0.077180687643294,-0.08032182490336166,0.7770244301377413,14933950.0,0.9207276038824289,0
2022-08-29,67.75,69.98999786376953,67.33999633789062,67.58999633789062,9590900,80.44149971008301,72.70319976806641,114.74684997558593,74.7914908677893,76.272068279065,-1.4805774112756893,0.5913040143617541,-2.0718814256374434,33.31670467096082,80.44149971008301,95.12816635169779,65.75483306846823,0.365151487591519,-0.01626256282729155,-0.016396249677469995,0.771515575740472,14835340.0,0.6464900703320584,1
2022-08-30,69.05000305175781,70.12999725341797,66.69000244140625,68.5999984741211,11902000,79.93950004577637,72.91399986267089,113.95955001831055,73.90818504993831,75.73710048444966,-1.8289154345113445,0.10726012458713435,-1.9361755590984788,20.629265634829736,79.93950004577637,95.4820792697996,64.39692082175314,0.3888585546600357,0.01918823692631455,0.019006464291837596,0.7726231766695496,14797995.0,0.8042981498507061,0
2022-08-31,68.91000366210938,71.75199890136719,68.41000366210938,70.58999633789062,10039200,78.98150024414062,73.08179992675781,113.1676000213623,73.1392340671954,75.23138960872075,-2.0921555415253437,-0.33262300863536126,-1.7595325328899825,22.433827044169973,78.98150024414062,94.77393944760566,63.18906104067558,0.3999022341851914,-0.0020275073636636387,-0.002029565539166368,0.632300679126146,13990980.0,0.7175480202244588,0
2022-09-01,68.75,68.78500366210938,65.02999877929688,67.43000030517578,11949600,77.93400039672852,73.24379989624023,112.34625,72.46396728762687,74.75128667474144,-2.2873193871145645,-0.723562284331202,-1.5637571027833626,17.100750912494647,77.93400039672852,93.5106881266622,62.35731266679484,0.39974048940486706,-0.002321922124600806,-0.002324621965800825,0.6234771958601971,13452490.0,0.8882816489735358,0
2022-09-02,66.33000183105469,70.06999969482422,65.9000015258789,69.83000183105469,12389900,76.86400032043457,73.225,111.48555000305176,71.52028029430808,74.1274877974313,-2.6072075031232202,-1.1002913280896056,-1.5069161750336146,16.430683786792926,76.86400032043457,92.5470505639689,61.180950076900245,0.4080727044690368,-0.03519997336647729,-0.03583442540398975,0.6279021600188219,12520855.0,0.9895410497126594,0
2022-09-06,65.30000305175781,66.37999725341797,63.650001525878906,66.05999755859375,12852700,75.85400047302247,73.11100006103516,110.65279998779297,70.56331456468496,73.47360003849252,-2.910285473807562,-1.462290157233197,-1.447995316574365,16.32853242206643,75.85400047302247,91.7949728860736,59.91302805997134,0.4203067027089902,-0.015528399681343674,-0.015650228125883802,0.6263170087576471,12213415.0,1.0523428541484916,1
2022-09-07,67.81999969482422,67.94000244140625,64.5999984741211,65.37999725341797,10955500,75.18850059509278,73.07880004882813,109.84014995574951,70.14126612316792,73.05481482785042,-2.9135487046824977,-1.7525418667230572,-1.1610068379594405,27.279320454349573,75.18850059509278,91.31233441976451,59.06466677042105,0.42889095266049404,0.03859106470590845,0.03786504918089504,0.6341436138992657,12096840.0,0.9056497399320814,1
2022-09-08,70.58999633789062,70.62999725341797,65.93000030517578,66.18000030517578,9406300,74.27600059509277,73.17860000610352,109.06739994049072,70.21030154081757,72.87223568044598,-2.661934139628414,-1.9344203213041289,-0.7275138183242853,34.62443781693865,74.27600059509277,89.16524335350285,59.38675783668269,0.4009166524615967,0.04084335970997954,0.04003130733109145,0.5392581531902702,11740765.0,0.8011658524806519,1
2022-09-09,74.29000091552734,74.7300033569336,71.62000274658203,71.62000274658203,12325300,73.69100074768066,73.3876000213623,108.3822999572754,70.83794759846523,72.97725532748905,-2.1393077290238125,-1.9753978028480657,-0.16390992617574685,49.87513429017893,73.69100074768066,87.5243192572075,59.85768223815383,0.37544119008214777,0.0524154238502299,0.05108792595861668,0.5772556278022967,11603235.0,1.0622296282028245,1
2022-09-12,75.25,76.71399688720703,73.91000366210938,75.20999908447266,10257400,73.05600090026856,73.66340003967285,107.7057999420166,71.51672489100905,73.14560678471209,-1.6288818937030385,-1.9060946210190601,0.27721272731602165,54.05209575169018,73.05600090026856,85.19563012880784,60.91637167172929,0.33233763356720086,0.012922318921011255,0.012839538141574838,0.5716141758559712,11594445.0,0.8846822767282091,0
2022-09-13,69.58000183105469,71.375,69.25,70.06999969482422,12943200,72.19900093078613,73.77700004577636,106.97544998168945,71.21876749716992,72.88148789925599,-1.662720402086066,-1.8574197772324614,0.19469937514639546,47.823301799795246,72.19900093078613,82.56797312163069,61.830028739941575,0.2872331211559233,-0.07534881287634965,-0.07833870758937043,0.6207475807155663,11746345.0,1.1018916948208144,0
2022-09-14,68.55999755859375,68.70999908447266,65.5999984741211,66.69999694824219,19270200,71.33300094604492,73.81359992980957,106.25784996032715,70.8097259681582,72.56137750365139,-1.7516515354931812,-1.8362661288846056,0.08461459339142441,43.36166455556773,71.33300094604492,79.56352936919637,63.10247252289347,0.23076355442768726,-0.0146594458985152,-0.014767957359867,0.6209429291268519,12099955.0,1.5925844352313707,1
2022-09-15,69.18000030517578,71.55000305175781,66.44000244140625,66.44000244140625,18009100,70.77550086975097,73.89779991149902,105.53939998626709,70.55899894308398,72.31090511857911,-1.7519061754951366,-1.819394138206712,0.06748796271157542,40.66461717640811,70.77550086975097,77.8725106362699,63.678491103232055,0.20054989874475446,0.009043214245335385,0.009002569240604677,0.5900009357878394,12231985.0,1.4722957884595183,0
2022-09-16,64.88999938964844,67.16500091552734,64.75,67.08999633789062,15775300,70.03400077819825,73.82299995422363,104.82219997406006,69.68684516563236,71.76120839791758,-2.074363232285222,-1.8703879570224142,-0.2039752752628079,42.82106405799439,70.03400077819825,76.23899782476381,63.82900373163268,0.17719955957441735,-0.06201215519807368,-0.064018288693217,0.6217684741369209,12430765.0,1.2690530309277024,0
2022-09-19,63.709999084472656,65.19999694824219,63.0099983215332,64.30000305175781,13219600,69.50150070190429,73.75680000305175,104.16824996948242,68.76733038391548,71.16482252284759,-2.397492138932108,-1.9758087934043531,-0.4216833455277551,42.728581743121254,69.50150070190429,75.96584893545439,63.03715246835419,0.1860203928912568,-0.018184625000382093,-0.018351997468968366,0.5846235129880665,12440540.0,1.0626226835812593,0
2022-09-20,61.470001220703125,63.69900131225586,61.400001525878906,62.970001220703125,13407700,68.92450065612793,73.7216000366211,103.51485000610352,67.64466435880588,70.44668761157763,-2.802023252771747,-2.141051685277832,-0.660971567493915,36.803618543040734,68.92450065612793,76.09210117141765,61.75690014083821,0.20798411151499474,-0.03515928262374535,-0.035792250980730606,0.5919796372414958,12446055.0,1.0772650450283243,0
2022-09-21,59.45000076293945,63.5099983215332,59.45000076293945,61.36000061035156,14568700,68.35000057220459,73.61000007629394,102.90555002212524,66.38394688251874,69.6321182153822,-3.248171332863464,-2.3624756147949584,-0.8856957180685057,34.54248007911632,68.35000057220459,76.59789351267861,60.102107631730576,0.2413428784616025,-0.03286156527817563,-0.0334136348073494,0.5942585683143403,12567165.0,1.159267026413674,0
2022-09-22,55.93000030517578,58.97999954223633,55.02000045776367,58.470001220703125,20937000,67.51550045013428,73.44560005187988,102.28660001754761,64.77564740908136,68.61714651832987,-3.8414991092485167,-2.6582803136856703,-1.1832187955628464,31.1248527084239,67.51550045013428,77.19703397684955,57.83396692341901,0.28679439424035297,-0.059209426620529304,-0.06103472168020231,0.6081062435974104,13126445.0,1.5950243954094196,1
2022-09-23,56.27000045776367,56.97999954223633,54.43000030517578,55.0,14897600,66.59750061035156,73.32260009765625,101.62040004730224,63.46708633964787,67.70254310643608,-4.235456766788211,-2.9737156043061783,-1.2617411624820325,34.22208118532261,66.59750061035156,76.90047070317827,56.29453051752484,0.3094101129442469,0.0060790300506474715,0.006060627290431241,0.5939585611124257,13422365.0,1.109908723239161,0
2022-09-26,54.13999938964844,57.7400016784668,54.130001068115234,56.220001220703125,12473000,65.86100044250489,73.08580001831055,100.917200050354,62.0321498858018,66.69791023852588,-4.665760352724078,-3.3121245539897584,-1.3536357987343197,33.08065111254281,65.86100044250489,77.4993633789761,54.22263750603368,0.3534219905035068,-0.037853226422381425,-0.03858826866773978,0.5528824325384476,13358510.0,0.9337119184699492,1
2022-09-27,55.08000183105469,56.849998474121094,53.900001525878906,55.54999923706055,11592900,65.22750053405761,72.86200012207031,100.25885005950927,60.96258864660994,65.83732443056505,-4.87473578395511,-3.624646799982829,-1.2500889839722809,29.713385112771647,65.22750053405761,77.77660203510206,52.67839903301316,0.38477946873012914,0.01736243908392021,0.017213434191426527,0.5617541024232924,13458610.0,0.8613742429567393,1
2022-09-28,59.06999969482422,59.2400016784668,54.869998931884766,55.060001373291016,14669500,64.72850036621094,72.6584001159668,99.64760002136231,60.67142111556598,65.33604111680647,-4.664620001240493,-3.832641440234362,-0.8319785610061312,32.342132160156424,64.72850036621094,77.43036946227062,52.026631270151256,0.392466039664043,0.07244004595366449,0.06993646904879974,0.6261784139792874,13596985.0,1.0788788838113743,0
2022-09-29,55.900001525878906,57.47999954223633,55.34000015258789,57.47999954223633,13288800,64.07800025939942,72.28080017089843,99.04990001678466,59.93735656330643,64.6370752211822,-4.699718657875771,-4.0060568837626445,-0.6936617741131261,21.34621826722659,64.07800025939942,77.20368770777992,50.95231281101892,0.4096784355081409,-0.053665112329822295,-0.05515876869516789,0.6471782064178846,13759465.0,0.9657933647856222,0
2022-09-30,54.9900016784668,58.02000045776367,54.88999938964844,55.619998931884766,13401300,63.390000343322754,71.88540016174316,98.47125001907348,59.176225042561875,63.922477180981055,-4.74625213841918,-4.154095934693952,-0.5921562037252279,18.383278198424946,63.390000343322754,76.92082049316592,49.85918019347959,0.4269070855516551,-0.01627906659342082,-0.016413026414783934,0.6469883121043973,13832050.0,0.9688585567576751,1
2022-10-03,55.779998779296875,56.529998779296875,53.709999084472656,55.150001525878906,15203000,62.86250019073486,71.56500007629394,97.88114999771118,58.65372869436726,63.31933063270815,-4.665601938340892,-4.256397135423341,-0.409204802917551,24.594990443594725,62.86250019073486,76.72914387064961,48.99585651082012,0.441173788437976,0.014366195248534108,0.014263979272247991,0.6456224190474995,13972705.0,1.0880498801055343,1
2022-10-04,62.40999984741211,63.13999938964844,58.150001525878906,58.275001525878906,22480800,62.71800003051758,71.38460006713868,97.36379997253418,59.231616564066464,63.2519727967603,-4.020356232693835,-4.20918895487744,0.18883272218360503,40.61642107831491,62.71800003051758,76.53784703575894,48.89815302527621,0.44069794950466695,0.11885982813208673,0.11231015618592592,0.7854685243978705,14454110.0,1.555322327005952,0
2022-10-05,62.150001525878906,62.709999084472656,59.88999938964844,60.70000076293945,10667400,62.43450012207031,71.29980010986328,96.83924999237061,59.68059886588376,63.17034529521353,-3.48974642932977,-4.065300449767907,0.5755540204381369,39.15458247480075,62.43450012207031,76.04470210977614,48.824298134364476,0.4359833733303068,-0.00416597215460468,-0.0041746739927536365,0.7713371682168836,14439705.0,0.7387547044763033,0
2022-10-06,61.93000030517578,63.439998626708984,61.290000915527344,61.790000915527344,8298400,62.00150032043457,71.08320007324218,96.3573999786377,60.02666062577484,63.07846788854407,-3.0518072627692305,-3.862601812368172,0.8107945495989415,44.77770030528351,62.00150032043457,75.05903467436121,48.943965966507925,0.4212005930967163,-0.0035398425631818498,-0.003546122630547814,0.7535683898466847,14384310.0,0.5769063653383444,0
2022-10-07,57.40999984741211,60.45000076293945,56.88999938964844,59.86000061035156,11232000,61.15750026702881,70.73780006408691,95.79209997177124,59.62409742910365,62.65858136697874,-3.0344839378750876,-3.6969782374695552,0.6624942995944676,40.056818284443274,61.15750026702881,72.99587785932161,49.31912267473601,0.3871439329797166,-0.07298563596787055,-0.0757862183560403,0.7572619491729019,14329645.0,0.7838296063859224,0
2022-10-10,56.619998931884766,57.880001068115234,55.52000045776367,57.41999816894531,9657400,60.226000213623045,70.34900009155274,95.2382999420166,59.161928429531514,62.21127896437918,-3.049350534847669,-3.5674526969451783,0.5181021620975095,41.97816347624799,60.226000213623045,70.17678062984986,50.27521979739623,0.3304479919281095,-0.013760684856768068,-0.013856240702557391,0.7516374124985795,14299645.0,0.6753594232584096,0
2022-10-11,53.45000076293945,56.3390007019043,52.66999816894531,56.220001220703125,18196200,59.41950016021728,69.86180015563964,94.66699991226196,58.28317032697889,61.56229539390217,-3.279125066923278,-3.5097871709407986,0.23066210401752052,40.43976971771967,59.41950016021728,68.77497840122903,50.06402191920553,0.3148958916108641,-0.0559872523621715,-0.057615609074180694,0.7332801485601992,14562295.0,1.2495420536392101,1
2022-10-12,56.13999938964844,56.54999923706055,52.43000030517578,53.59000015258789,16651700,58.79850025177002,69.4028002166748,94.10529993057251,57.953451721235744,61.16064383803152,-3.207192116795774,-3.449268160111794,0.24207604331602006,50.34369740742896,58.79850025177002,67.19946808071775,50.397532422822295,0.28575449349815113,0.05032738238189416,0.04910190831683655,0.765843290585493,14431370.0,1.153854415762329,1
2022-10-13,56.22999954223633,56.590999603271484,51.88999938964844,53.029998779296875,18321800,58.15100021362305,68.76600021362304,93.56809993743896,57.68830523215891,60.79541092723188,-3.107105695072967,-3.3808356671040287,0.27372997203106175,49.93399187859642,58.15100021362305,65.04376932712665,51.25823110011945,0.23706450751259237,0.001603137755011863,0.001601854101413665,0.7639896708152903,14447005.0,1.2682074935254746,0
2022-10-14,51.5099983215332,58.279998779296875,51.45000076293945,57.0,16278100,57.48200016021728,68.00220024108887,93.01639989852906,56.737796476678035,60.107602586069014,-3.3698061093909786,-3.378629755561419,0.008823646170440291,46.00182210100656,57.48200016021728,64.21622286852968,50.747777451904874,0.2343071810146611,-0.08394097917709864,-0.08767448317096267,0.7876810082530958,14472145.0,1.1247883434003736,1
2022-10-17,55.91999816894531,56.77000045776367,53.349998474121094,53.599998474121094,15378400,57.09250011444092,67.3660001373291,92.46929990768433,56.61198135241146,59.79740966628207,-3.1854283138706094,-3.3399894672232575,0.15456115335264808,51.15511069863319,57.09250011444092,63.180089084269234,51.0049111446126,0.21325354320185144,0.08561444362479342,0.08214613418913945,0.8570668886750508,14580085.0,1.0547537960169642,1
2022-10-18,57.27000045776367,59.7400016784668,55.5099983215332,58.93000030517578,15248900,56.882500076293944,66.80140014648437,91.94809993743897,56.71321506092719,59.610194169354784,-2.896979108427594,-3.251387395464125,0.3544082870365308,47.33096178005644,56.882500076293944,62.61359719873601,51.15140295385188,0.20150651306659173,0.024141672622015165,0.023854869217473918,0.8553642197598655,14672145.0,1.039309521545759,0
2022-10-19,53.939998626708984,56.54999923706055,53.4900016784668,56.54999923706055,13618100,56.60699996948242,66.2576001739502,91.39764993667603,56.28656637873977,59.19017968471435,-2.903613305974581,-3.181832577566216,0.2782192715916354,47.10743382913512,56.60699996948242,62.348157956571896,50.86584198239295,0.2028426869533664,-0.05814565748974543,-0.05990464214686558,0.8719436655032378,14624615.0,0.9311766497784728,1
2022-10-20,55.18000030517578,57.63999938964844,53.65999984741211,53.95000076293945,12554800,56.56949996948242,65.5844002532959,90.89189992904663,56.11632544434531,58.89312936030409,-2.77680391595878,-3.1008268452447294,0.32402292928594933,50.277694549265284,56.56949996948242,62.33900466229593,50.799995276668916,0.20397934208101481,0.022988537449698754,0.0227282820677106,0.8507707501972344,14205505.0,0.8837982176628004,1
2022-10-21,55.9900016784668,56.33000183105469,52.34000015258789,54.0,13987700,56.55550003051758,64.98440032958985,90.45439990997315,56.09689101882554,58.678082865353176,-2.581191846527638,-2.996899845501311,0.4157079989736734,50.30675263682674,56.55550003051758,62.329421880167104,50.78157818086805,0.2041860419069372,0.014679256411947561,0.014572559019085534,0.852042318675291,14160010.0,0.9878312232830344,1
2022-10-24,56.9900016784668,57.709999084472656,53.970001220703125,55.619998931884766,12593800,56.6980001449585,64.36520042419434,90.01604990005494,56.23429265877034,58.553039814472704,-2.3187471557023613,-2.861269307541521,0.5425221518391599,40.5244807477872,56.6980001449585,62.360514872376136,51.03548541754086,0.19974301431939093,0.017860331666762486,0.017702709960084717,0.8411385771750977,14166050.0,0.8890128158519841,1
2022-10-25,59.65999984741211,60.31999969482422,56.959999084472656,56.959999084472656,12990600,56.92700004577637,63.824000396728515,89.60664993286133,56.761324533946,58.6350368539497,-1.8737123200036976,-2.6637579100339566,0.790045590030259,45.98516413958911,56.92700004577637,62.68366303260438,51.170337058948355,0.2022471931490836,0.046850291109118425,0.045785933230117135,0.8538205181285066,14235935.0,0.9125217275858593,0
2022-10-26,59.470001220703125,62.47999954223633,57.970001220703125,58.2400016784668,12535300,56.947000122070314,63.29580047607422,89.18159996032715,57.17804402421633,58.6968860663018,-1.518842042085474,-2.4347747364442602,0.9159326943587862,46.02969848626229,56.947000122070314,62.73769063543423,51.1563096087064,0.2033712223980585,-0.0031846903653189873,-0.003189772284107324,0.8164010186926592,14129225.0,0.8871894955314251,1
2022-10-27,60.2599983215332,61.93000030517578,59.52000045776367,60.22999954223633,9601800,57.16499996185303,62.894400405883786,88.7407499885559,57.65219083918816,58.8126721592819,-1.1604813200937443,-2.179916053174157,1.0194347330804128,55.229354998387336,57.16499996185303,63.11579347565805,51.214206448048,0.20819709674717288,0.013283959721108296,0.013196501603537365,0.7904887006984216,13944875.0,0.6885540386701208,1
2022-10-28,61.290000915527344,61.32500076293945,58.77000045776367,59.61000061035156,10612200,57.47999992370605,62.52580039978027,88.31984998703003,58.21185392785573,58.996177993077865,-0.7843240652221368,-1.9007976555837531,1.1164735903616163,58.49400090670172,57.47999992370605,63.610291359629876,51.34970848778223,0.21330172039181064,0.017092642261592683,0.016948206586862573,0.7874836015031268,13805420.0,0.7686980910396062,0
2022-10-31,60.06999969482422,61.939998626708984,59.869998931884766,61.25,10545300,57.69449996948242,62.24000038146973,87.93545000076294,58.49772250738934,59.07572034135537,-0.5779978339660303,-1.6362376912602088,1.0582398572941785,62.960058155452316,57.69449996948242,63.874350703586835,51.51464923537801,0.21422668494824473,-0.019905387542489827,-0.020106168653536254,0.7923808736285334,13572535.0,0.7769587626777165,0
2022-11-01,59.0,62.83000183105469,58.625,62.279998779296875,12013900,57.523999977111814,61.95980033874512,87.56400003433228,58.57499596779098,59.070111427180905,-0.49511545938992185,-1.4080132448861515,0.9128977854962297,55.97826069622035,57.523999977111814,63.33310576912058,51.71489418510305,0.20197155254572513,-0.017812547032798,-0.017973099876014618,0.6708341488551263,13049190.0,0.9206625085541708,0
2022-11-02,54.63999938964844,59.560001373291016,54.5099983215332,58.63999938964844,15357900,57.14849987030029,61.63380027770996,87.18720003128051,57.96961187884598,58.741954979956276,-0.7723431011102946,-1.28087921613098,0.5085361150206855,47.17985136622019,57.14849987030029,62.66192244745923,51.63507729314135,0.19295073675325752,-0.0738983154296875,-0.07677123981360148,0.7179048623805502,13283715.0,1.1561449489092472,0
2022-11-03,53.90999984741211,55.099998474121094,51.34000015258789,53.400001525878906,20802100,56.74749984741211,61.259600219726565,86.81605003356934,57.34505618170231,58.384032377545594,-1.0389761958432828,-1.2324986120734407,0.19352241623015787,54.958679900616126,56.74749984741211,61.954757961469056,51.54024173335516,0.18352378970205568,-0.013360167466887396,-0.013450217458959657,0.7184069774851856,13908900.0,1.4955963447864318,1
2022-11-04,60.11000061035156,63.70000076293945,57.65999984741211,60.349998474121094,44563400,56.882499885559085,60.96920028686523,86.47870002746582,57.770432247648344,58.511881876271964,-0.7414496286236201,-1.1342888153834767,0.39283918675985663,58.06079560565756,56.882499885559085,62.29791270435169,51.46708706676648,0.19040699089132082,0.11500650677959667,0.1088602405718229,0.7918344308690872,15575470.0,2.8611271441568054,1
2022-11-07,62.66999816894531,64.75,61.369998931884766,62.16999816894531,22867900,57.18499984741211,60.8452001953125,86.20155002593994,58.52421162015557,58.81989049054406,-0.2956788703884925,-0.96656682638448,0.6708879559959875,59.92646610241873,57.18499984741211,63.18320854635453,51.18679114846969,0.20978259036277214,0.042588546541336925,0.04170660781419883,0.8007811591641478,16235995.0,1.4084692684371978,0
2022-11-08,62.5099983215332,65.80000305175781,60.15999984741211,63.189998626708984,26565400,57.6379997253418,60.74040016174317,85.92760000228881,59.13740957421367,59.09323181135807,0.044177762855596825,-0.7644179085364647,0.8085956713920616,67.83187709149558,57.6379997253418,63.81434038750392,51.46165906317968,0.21431488572101007,-0.002553053328337107,-0.0025563179266319094,0.7674330480239548,16654455.0,1.5950927244391966,0
2022-11-09,57.209999084472656,60.47999954223633,57.09000015258789,60.39500045776367,18952000,57.69149971008301,60.50360008239746,85.6371499824524,58.840884883484286,58.95373309084804,-0.11284820736375423,-0.6341039683019227,0.5212557609381685,53.613383844693864,57.69149971008301,63.83163614705705,51.55136327310897,0.21286104427272842,-0.08478642424206917,-0.08859782481503586,0.8189741116231454,16769470.0,1.1301490148466231,1
2022-11-10,67.4000015258789,68.58499908447266,63.09000015258789,63.09000015258789,28630300,58.249999809265134,60.47340003967285,85.41914999008179,60.1576720592373,59.57938260455403,0.5782894546832722,-0.3916252837048837,0.9699147383881559,65.22551459475582,58.249999809265134,65.71869427713118,50.78130534139909,0.2564358623973107,0.1781157595608478,0.1639163482799019,1.0297911704944285,17284895.0,1.6563768538946866,1
2022-11-11,71.66000366210938,72.43000030517578,64.37000274658203,65.08999633789062,21128100,59.257500076293944,60.53160011291504,85.24925001144409,61.92726153660223,60.4742434236322,1.4530181129700281,-0.02269660436990134,1.4757147173399294,68.00884133135091,59.257500076293944,68.19071525190598,50.324284900681896,0.30150496271731153,0.0632047780383922,0.061287722423346916,0.9811129676682838,17527395.0,1.2054329807709587,0
2022-11-14,70.2699966430664,72.3499984741211,69.44000244140625,70.25,11823300,59.975,60.61040000915527,85.04870000839233,63.210759245289026,61.19985477321992,2.0109044720691074,0.38402361091790044,1.626880861151207,63.44739485241283,59.975,70.01598047599495,49.934019524005045,0.3348388653937458,-0.019397250181525494,-0.01958784554858671,0.9561732383904349,17349640.0,0.6814723533168412,1
2022-11-15,73.37999725341797,75.7699966430664,72.0199966430664,74.7699966430664,13335400,60.78049983978271,60.77199989318848,84.80414999008178,64.77525740038578,62.102087549530886,2.6731698508548973,0.8418528589052998,1.8313169919495975,66.41490751274597,60.78049983978271,72.37270639936013,49.1882932802053,0.38144492362301885,0.044257873330330266,0.04330646406538865,0.961892622888609,17253965.0,0.7728890142062999,0
2022-11-16,69.55000305175781,72.91999816894531,68.61499786376953,71.62999725341797,11779600,61.56100006103516,60.80659996032715,84.51385000228882,65.50983365444301,62.65378499414028,2.856048660302733,1.2446920191847863,1.6113566411179465,60.229027968085575,61.56100006103516,73.31487574167627,49.80712438039404,0.38186110261326617,-0.052193981262131484,-0.05360541924949483,0.9561751389610738,17162040.0,0.6863752793956895,0
2022-11-17,67.98999786376953,68.91999816894531,66.29000091552734,67.0199966430664,9264400,62.201499938964844,60.754599990844724,84.28359998703003,65.89139737895479,63.049060021520226,2.842337357434566,1.5642210868347424,1.2781162705998237,57.29211523671462,62.201499938964844,73.88720530642411,50.51579457150558,0.37573709247930837,-0.022429980151508433,-0.02268535812947465,0.964347319853331,16997520.0,0.5450442182153632,0
2022-11-18,65.81999969482422,69.31999969482422,65.13500213623047,69.04000091552734,9734600,62.692999839782715,60.585199966430665,84.10519998550416,65.88041311985778,63.254314812135334,2.626098307722444,1.7765965310122827,0.8495017767101611,56.13137037670394,62.692999839782715,74.10231283154948,51.28368684801595,0.3639740647576041,-0.03191643237426334,-0.03243686523991988,0.9768428724504559,16784865.0,0.5799629606791594,0
2022-11-21,61.849998474121094,64.94000244140625,60.79999923706055,64.5999984741211,12252700,62.93599967956543,60.31719993591309,83.87009996414184,65.26034932820598,63.15029137968983,2.1100579485161433,1.8432888145130548,0.26676913400308844,52.86201846254932,62.93599967956543,74.03672980080007,51.83526955833077,0.3527624945262902,-0.06031603219553505,-0.06221166471081386,1.0072724404117959,16767810.0,0.7307275070507121,1
2022-11-22,62.720001220703125,63.06999969482422,60.099998474121094,61.529998779296875,9000500,63.08899974822998,60.179999923706056,83.6696499824524,64.8695265424363,63.118418034579705,1.7511085078565998,1.824852753181764,-0.07374424532516421,58.725701908254486,63.08899974822998,74.08345570834717,52.09454378811278,0.34853797029570616,0.0140663341640348,0.01396832133703387,0.9962711863255933,16568305.0,0.5432360159956012,1
2022-11-23,63.91999816894531,64.26000213623047,61.91999816894531,62.63999938964844,8190000,63.31149959564209,60.087199935913084,83.47779996871948,64.72344525420692,63.17779434082901,1.5456509133779122,1.7690123852209938,-0.22336147184308164,60.7013006100823,63.31149959564209,74.17693565123226,52.446063540051924,0.3432373620901586,0.01913260403199879,0.018951877307088506,0.9971985911226058,16351040.0,0.5008855705814431,0
2022-11-25,63.380001068115234,63.9900016784668,62.50899887084961,63.9900016784668,4168800,63.46749973297119,59.971199951171876,83.23049999237061,64.51676153326974,63.19277261692429,1.3239889163454563,1.6800076914458864,-0.35601877510043,53.97713464580804,63.46749973297119,74.23763768634629,52.697361779596086,0.3393906487159142,-0.008448014960870665,-0.008483901696647483,0.99790583413706,16079390.0,0.25926356659052363,0
2022-11-28,61.369998931884766,63.83000183105469,61.119998931884766,61.90999984741211,7239900,63.471499633789065,59.900799942016604,82.992649974823,64.03264420997975,63.0577523439584,0.9748918660213519,1.5389845263609796,-0.5640926603396277,48.39743719364748,63.471499633789065,74.23829144757248,52.70470782000565,0.33926382316171744,-0.03171350745277357,-0.03222727211884621,1.0046376290641261,15910775.0,0.4550312602623065,1
2022-11-29,62.11000061035156,63.88999938964844,61.72999954223633,62.06999969482422,8219900,63.57349967956543,59.86879997253418,82.76379999160767,63.73685288696003,62.98754851183938,0.7493043751206514,1.3810484961129141,-0.6317441209922627,49.513858038591486,63.57349967956543,74.24282093145104,52.904178427679824,0.33565310406578325,0.012058036358907787,0.011985917401668671,1.0018466544261344,15794505.0,0.5204278323378922,1
2022-11-30,67.7699966430664,68.0,61.85200119018555,62.099998474121094,14298600,64.01199951171876,59.99479988098145,82.54444997787476,64.35733654174562,63.34180392896731,1.0155326127783155,1.3079453194459945,-0.29241270666767893,62.72288628582575,64.01199951171876,74.61052494317104,53.41347408026647,0.3311418331655771,0.0911285779599802,0.08721255321565093,1.0448462165416867,15908740.0,0.898788967573799,1
2022-12-01,69.16999816894531,69.23999786376953,66.66000366210938,68.0199966430664,9430000,64.73849945068359,60.18919982910156,82.31424997329712,65.09774602285327,63.77352202081753,1.3242240020357414,1.3112010559639438,0.013022946071797659,52.70558893269202,64.73849945068359,74.59831734063161,54.87868156073557,0.3046044617533657,0.02065813184634613,0.020447646526881167,0.9983051678340744,15612345.0,0.6040091991305598,0
2022-12-02,68.18000030517578,68.94000244140625,66.62000274658203,67.2699966430664,7721100,65.45199947357177,60.434199829101566,82.110149974823,65.57193898936443,64.09992781965889,1.4720111697055387,1.343363078712263,0.12864809099327568,44.08966870186278,65.45199947357177,73.98900154479271,56.91499740235083,0.2608629878348641,-0.01431253274507105,-0.014415944954901129,0.9986526505446894,14958295.0,0.5161751389446457,0
2022-12-05,63.13999938964844,67.86000061035156,62.400001525878906,67.4000015258789,12610900,65.60349941253662,60.57159980773926,81.90574998855591,65.19779443556196,64.02882201002849,1.1689724255334681,1.308484948076504,-0.1395125225430358,39.22635533015523,65.60349941253662,73.84372512013051,57.363273704942735,0.25121299264164587,-0.07392198434978214,-0.07679679772258095,0.9689593756392592,13360670.0,0.9438823053035514,0
2022-12-06,61.29999923706055,63.87900161743164,60.20000076293945,63.119998931884766,9408900,65.53499946594238,60.7147998046875,81.7236499786377,64.59813363579251,63.82668698980864,0.7714466459838647,1.2010772876579763,-0.4296306416741116,31.018228189177833,65.53499946594238,73.89973884267242,57.170260089212334,0.2552754846996552,-0.029141592815560724,-0.02957464296703558,0.9646733141776886,12687720.0,0.7415753184969404,0
2022-12-07,61.06999969482422,61.849998474121094,59.625,60.83000183105469,8734800,65.46299953460694,60.83459976196289,81.55944995880127,64.05534379872047,63.62248793092091,0.4328558677995602,1.047433003686293,-0.6145771358867329,34.97518959936758,65.46299953460694,73.96109863131642,56.964900437897455,0.259630605292291,-0.003752031730814065,-0.0037590882582751698,0.9647342579669335,11796190.0,0.740476374151315,1
2022-12-08,63.369998931884766,63.70000076293945,60.5,61.599998474121094,7849800,65.77099952697753,60.9205997467041,81.43269994735718,63.94990612689959,63.603785042103425,0.34612108479616666,0.9071706199082679,-0.5610495351121012,42.02348120424849,65.77099952697753,73.413062825248,58.12893622870706,0.23238397935965374,0.037661687384214604,0.03696980424231028,0.9179132392173454,11241080.0,0.6983136851619239,1
2022-12-09,64.5999984741211,65.83000183105469,63.099998474121094,63.099998474121094,8418100,65.63099937438965,61.094599685668946,81.28074995040893,64.04992033416444,63.67757862966029,0.3723417045041515,0.8002048368274447,-0.4278631323232932,47.82298114406624,65.63099937438965,73.24996420957551,58.01203453920378,0.23217579826032378,0.019409808473540124,0.019223840687932984,0.6618327475321304,10230470.0,0.8228458712063083,1
2022-12-12,66.19999694824219,66.71299743652344,63.36000061035156,63.790000915527344,9126600,65.35799903869629,61.318799591064455,81.01264993667603,64.38070135171486,63.864424431036724,0.5162769206781377,0.7434192535975833,-0.22714233291944563,58.47953120705676,65.35799903869629,72.4397064061396,58.27629167125297,0.21670514616735667,0.02476777882219383,0.024466029675761416,0.6251968221317623,9630395.0,0.9476869848017656,1
2022-12-13,71.02999877929688,72.37000274658203,68.80000305175781,70.37000274658203,15385200,65.39599914550782,61.623799591064454,80.73029993057251,65.40367018672748,64.39520771609303,1.0084624706344556,0.7964278970049579,0.21203457362949774,64.03242068300747,65.39599914550782,72.59585633430584,58.196141956709795,0.22019258923709228,0.07296075609838737,0.0704218889800774,0.67728609885071,9808490.0,1.5685594826522737,1
2022-12-14,71.25,72.47000122070312,69.63999938964844,71.06999969482422,10557800,65.28949928283691,61.800599594116214,80.45624994277954,66.30310554261557,64.90297010749354,1.4001354351220243,0.9171694046283712,0.48296603049365316,62.80126184814706,65.28949928283691,72.04116165299615,58.53783691267767,0.20682230509720254,0.003097300077206988,0.0030925133247816875,0.6582301946291188,9669610.0,1.0918537562528374,0
2022-12-15,65.88999938964844,69.3499984741211,65.43000030517578,68.48999786376953,9277800,65.10649909973145,61.8753995513916,80.16439992904662,66.23955074985139,64.97608338765316,1.2634673621982273,0.9864289961423425,0.27703836605588483,53.75186586589577,65.10649909973145,71.56392916188182,58.64906903758108,0.19836514484548606,-0.07522807874177628,-0.07820814348622099,0.6866147218877267,9544520.0,0.9720551688298625,0
2022-12-16,62.5099983215332,65.16999816894531,60.709999084472656,64.9800033569336,18776800,64.83249912261962,61.88699951171875,79.90584991455079,65.66577345318706,64.79341041979242,0.8723630333946346,0.963615803592801,-0.09125277019816636,51.63698937340584,64.83249912261962,71.23961926895942,58.42537897627984,0.19765149371218324,-0.05129763392661746,-0.05266015856999081,0.7054985329020006,10020140.0,1.8739059534098326,0
2022-12-19,60.439998626708984,62.400001525878906,59.98500061035156,62.2400016784668,9310100,64.56349906921386,61.947599487304686,79.67544992446899,64.86180809526735,64.47093547215661,0.390872623110738,0.8490671674963884,-0.45819454438565044,47.69017691648978,64.56349906921386,71.2420559312531,57.88494220717462,0.20688336159970655,-0.033114697654873404,-0.03367540240956828,0.7061566967957075,9998915.0,0.9311110255462718,1
2022-12-20,61.40999984741211,61.869998931884766,58.900001525878906,59.34000015258789,8766500,64.54149913787842,62.043399505615234,79.4949499130249,64.3307606725204,64.24419949995331,0.0865611725670874,0.6965659685105282,-0.6100047959434408,39.8919322797931,64.54149913787842,71.2604686747916,57.82252960096523,0.2082061813457296,0.016048994750877954,0.01592157117358797,0.6757737513029229,9824605.0,0.8923005047022247,1
2022-12-21,62.58000183105469,63.33000183105469,60.630001068115234,61.7400016784668,7847500,64.534499168396,62.22599952697754,79.30474990844726,64.06141315844876,64.12092559855341,-0.05951244010465473,0.5453502867874916,-0.6048627268921464,39.44925451564587,64.534499168396,71.26174553258414,57.80725280420785,0.20848527379546572,0.019052303965962025,0.01887308164359084,0.677330994875053,9766955.0,0.803474573190928,0
2022-12-22,60.59000015258789,61.20000076293945,58.619998931884766,61.20000076293945,9740200,64.36799926757813,62.31499954223633,79.04809991836548,63.527349619085555,63.85937556551893,-0.3320259464333759,0.3698750401433182,-0.7019009865766941,38.22525835602563,64.36799926757813,71.3203525076383,57.41564602751795,0.21601893236293412,-0.03179932279067588,-0.032315902024893324,0.68310319984845,9844465.0,0.9894087692932018,1
2022-12-23,60.88999938964844,60.939998626708984,58.81999969482422,59.875,7281800,64.24349918365479,62.40819953918457,78.8081999015808,63.12160342994138,63.63942177471371,-0.5178183447723299,0.19233636316018854,-0.7101547079325184,45.90760358240105,64.24349918365479,71.35764537675827,57.129352990551304,0.22147443036270684,0.004951299493398897,0.004939082121378331,0.6830279987234096,10000115.0,0.7281716260263007,0
2022-12-27,59.86000061035156,61.060001373291016,58.34000015258789,60.20500183105469,8572400,64.16799926757812,62.575199584960934,78.59784990310669,62.619818380773715,63.35946465142762,-0.7396462706539069,0.0059398363973694746,-0.7455861070512764,47.30135231569103,64.16799926757812,71.4408277562056,56.89517077895064,0.22668085561776868,-0.016915729834478865,-0.01706043497577331,0.6762241777300964,10066740.0,0.8515567105140294,0
2022-12-28,59.08000183105469,60.2400016784668,58.400001525878906,59.0,7563200,64.01649932861328,62.63839965820313,78.41899991989136,62.07523121927848,63.04246740547407,-0.967236186195592,-0.18869536812122284,-0.7785408180743691,46.34594634880422,64.01649932861328,71.58985952812017,56.443139129106385,0.23660650860119276,-0.013030383751148733,-0.01311602396489068,0.675965552128798,10033905.0,0.7537643619308734,1
2022-12-29,62.91999816894531,63.470001220703125,59.900001525878906,60.0,9995100,63.77399940490723,62.75139961242676,78.21814992904663,62.205195365381066,63.033395610175646,-0.82820024479458,-0.31659634345589427,-0.5116039013386857,49.21793403583694,63.77399940490723,71.14931279090695,56.39868601890751,0.23129530701605044,0.06499655075962063,0.06297156043278285,0.633426096281223,9818730.0,1.01796260819882,0
2022-12-30,62.84000015258789,63.099998474121094,60.79999923706055,61.04999923706055,8014400,63.457499504089355,62.92939964294433,77.95209991455079,62.30285764033596,63.019070020724705,-0.7162123803887468,-0.3965195508424648,-0.319692829546282,46.81390588415004,63.457499504089355,70.38767052074714,56.527328487431575,0.21841929073209648,-0.0012714243274868364,-0.0012722332731452568,0.6273416688901715,9747950.0,0.822162608548464,1
2023-01-03,64.63999938964844,67.5,62.50199890136719,66.30000305175781,16416500,63.28049945831299,63.11859962463379,77.63549991607665,62.662417909460956,63.139138862867206,-0.4767209534062502,-0.41255983135522195,-0.06416112205102825,47.19626603934869,63.28049945831299,69.87554138962021,56.68545752700577,0.20843836530246757,0.028644163473739548,0.028241588954902648,0.6364785244219078,10182720.0,1.612192027277584,1
2023-01-04,66.30000305175781,68.12000274658203,64.77999877929688,65.79000091552734,11749500,63.43849964141846,63.32479965209961,77.26379993438721,63.222046392891244,63.373276950933175,-0.15123055804193086,-0.3602939766925638,0.20906341865063294,40.4056887733389,63.43849964141846,70.16938096924157,56.70761831359534,0.2122017817530029,0.025680749965712568,0.025356538450825427,0.5829248761297536,10139650.0,1.1587678075673224,0
2023-01-05,64.70999908447266,65.55999755859375,63.01900100708008,64.8499984741211,11336200,63.60899963378906,63.47919960021973,76.91324989318848,63.450962191596076,63.47229340526943,-0.02133121367335633,-0.2925014240887223,0.271170210415366,37.43274434729983,63.60899963378906,70.28432337189005,56.93367589568807,0.20988614116028528,-0.023981959186998858,-0.024274208300329364,0.5794186558272088,10236015.0,1.107481769028279,1
2023-01-06,68.98999786376953,69.5,63.36000061035156,65.27999877929688,15529600,64.00499954223633,63.66579956054687,76.54924991607666,64.30312152577662,63.881012254047214,0.42210927172940416,-0.14957928492509703,0.5716885566545011,56.214912130430214,64.00499954223633,70.97911787551675,57.03088120895592,0.21792417414762283,0.06614122762866592,0.06404580067265132,0.6197755247486069,10575755.0,1.4684152573504208,1
2023-01-09,69.05999755859375,70.61000061035156,68.44000244140625,69.69999694824219,12987600,64.28949947357178,63.85759948730469,76.21754993438721,65.03494860774849,64.26464079512473,0.7703078126237557,0.034398134584673515,0.7359096780390821,65.14100534815944,64.28949947357178,71.61016993399404,56.96882901314951,0.22774078256532884,0.0010146354108089284,0.001014121016219734,0.6091635074559955,10832645.0,1.19893156288238,1
2023-01-10,70.02999877929688,70.19000244140625,67.66000366210938,68.67500305175781,9056300,64.56099948883056,64.05299949645996,75.89239994049072,65.80341786490978,64.69170434950786,1.1117135154019167,0.24986121074812215,0.8618523046537945,73.35606171670274,64.56099948883056,72.3198070944108,56.802191883250316,0.2403558701696545,0.01404577548500674,0.013948047626393366,0.6077773212667116,10864555.0,0.8335638229085315,1
2023-01-11,71.66999816894531,71.88999938964844,70.0199966430664,70.95999908447266,9034300,64.83449954986573,64.26059944152831,75.59909992218017,66.70596868091525,65.20861500279952,1.4973536781157293,0.49935970422164355,0.9979939738940857,74.19810837806456,64.83449954986573,73.19859836036635,56.470400739365104,0.2580138311723251,0.023418526606247436,0.023148520221134936,0.6072061715990144,10859940.0,0.8318922572316237,1
2023-01-12,71.80000305175781,72.11000061035156,68.11000061035156,71.87999725341797,11852600,64.87299976348876,64.49519950866699,75.26749996185303,67.48966627642949,65.69686596938902,1.7928003070404657,0.758047824785408,1.0347524822550578,72.86706236574766,64.87299976348876,73.36331114994437,56.38268837703317,0.2617517740017948,0.0018139372978083212,0.001812294100352816,0.5509968333283551,10683310.0,1.1094501610455936,0
2023-01-13,71.6500015258789,71.98999786376953,69.51000213623047,69.80999755859375,9344700,64.89299983978272,64.74819953918457,74.89154998779297,68.12971785326786,66.13783897357345,1.9918788796944114,1.0048140357672088,0.9870648439272025,80.18558748513007,64.89299983978272,73.44819784290625,56.33780183665918,0.2636709051591344,-0.0020891576532493517,-0.0020913429873014736,0.5510567027848956,10622655.0,0.879695330404687,1
2023-01-17,75.0999984741211,75.20999908447266,71.7300033569336,72.36000061035156,14314400,65.35349979400635,65.15739952087402,74.566549949646,69.20206871801452,66.80170264028068,2.4003660777338354,1.2839244441605342,1.1164416335733012,83.0926834572562,65.35349979400635,75.05001919132492,55.65698039668779,0.29674063142393003,0.048150689110538325,0.047027362881660616,0.49645195203524045,10874485.0,1.3163290031665866,0
2023-01-18,72.11000061035156,76.22000122070312,72.06999969482422,75.29000091552734,12147200,65.83349990844727,65.52139953613282,74.24909992218018,69.64944285529714,67.19490989732297,2.454532957974166,1.5180461469232607,0.9364868110509055,76.1416983364143,65.83349990844727,75.88142318659969,55.785576630294834,0.30525259304535785,-0.03981355425459643,-0.040627799059285576,0.4799584031160477,10543005.0,1.152157283431052,0
2023-01-19,70.94000244140625,71.79000091552734,69.23500061035156,70.80000305175781,12051300,66.35850009918212,65.7379995727539,73.93569995880127,69.84799048392931,67.47232415984766,2.3756663240816493,1.6895701823549385,0.6860961417267109,74.89504777980453,66.35850009918212,76.31670357809014,56.40029662027411,0.30013347088991094,-0.016225185952603582,-0.016358255632279897,0.46445098494415293,10680065.0,1.1283920088501334,1
2023-01-20,76.16000366210938,76.19000244140625,71.04000091552734,71.69999694824219,12798400,67.09600028991699,66.00779968261719,73.59054996490478,70.81906943441855,68.11585597483001,2.7032134595885395,1.892298837801659,0.8109146217868806,76.26984739699941,67.09600028991699,77.67643223046267,56.515568349371314,0.31538189742543193,0.0735833245144677,0.07100195480696618,0.5186843184972035,10881660.0,1.1761440809582362,1
2023-01-23,81.66000366210938,81.66999816894531,76.72000122070312,76.83999633789062,16814100,68.05000038146973,66.39079978942871,73.3192499923706,72.4869054694479,69.11912617388774,3.367779295560169,2.187394929353361,1.1803843662068076,80.73154715342292,68.05000038146973,80.23502089961835,55.86497986332111,0.3581196311489411,0.07221638308213896,0.06972789216971712,0.5617411590263041,11329990.0,1.4840348491040152,0
2023-01-24,80.79000091552734,82.7300033569336,79.51000213623047,80.16000366210938,12152100,69.0600004196167,66.86239982604981,73.07934997558594,73.76430476884474,69.98363541400919,3.7806693548355526,2.5060498144497996,1.274619540385753,77.19770301082171,69.0600004196167,81.96865889721319,56.15134194202022,0.3738389342357937,-0.010653964089714085,-0.010711123913441605,0.5436091041670595,11450585.0,1.0612645554790432,0
2023-01-25,80.7699966430664,81.04000091552734,74.7699966430664,77.0,17119400,70.0540002822876,67.12979972839355,72.85354995727539,74.842103518725,70.78262513468009,4.059478384044908,2.816735528368821,1.242742855676087,75.79320513598132,70.0540002822876,83.36899643990138,56.739004124673826,0.38013521294886937,-0.0002476082712494776,-0.0002476389312386889,0.5451989311422536,11942465.0,1.4334896522619074,1
2023-01-26,81.19000244140625,83.91000366210938,78.32099914550781,83.02999877929688,13296800,71.12050037384033,67.32039970397949,72.64339996337891,75.81870335298365,71.55354197221536,4.265161380768291,3.106420698848715,1.1587406819195758,80.65475387976386,71.12050037384033,84.4144863397047,57.826514407975964,0.37384399423472514,0.005200022481069322,0.005186549052072316,0.5336796254306378,12178685.0,1.0918091731578574,1
2023-01-27,83.83000183105469,85.5,80.66999816894531,80.69000244140625,15424800,72.35800037384033,67.59159980773926,72.4471499633789,77.05121081114842,72.46290936916643,4.588301441981997,3.4027968474753716,1.1855045945066256,79.39777387441552,72.35800037384033,85.54010543470892,59.17589531297173,0.3643579146124203,0.032516311248465435,0.03199884354760352,0.5253798409717904,12571765.0,1.226939892688099,0
2023-01-30,79.79000091552734,83.23999786376953,79.63999938964844,81.93000030517578,10482600,73.20150051116943,67.71979988098144,72.2316499710083,77.47256313489902,73.00565689111909,4.466906243779931,3.6156187267362836,0.8512875170436476,68.3669943308481,73.20150051116943,85.99398508543563,60.40901593690323,0.34951427183693484,-0.04819278095292523,-0.0493927656978397,0.5448094387912922,12596140.0,0.8322073270065274,1
2023-01-31,81.72000122070312,82.31999969482422,80.19999694824219,80.87999725341797,8801900,74.1455005645752,67.96319984436035,72.00999996185303,78.12601514809964,73.65116387849568,4.47485126960396,3.787465235309819,0.6873860342941409,69.3735453075072,74.1455005645752,86.49742634802514,61.79357478112526,0.3331807241005093,0.02418849834604031,0.023900590092650182,0.5437699742390146,12635515.0,0.6966000198646435,1
2023-02-01,83.9000015258789,84.75499725341797,80.05999755859375,82.06999969482422,11087200,75.10850067138672,68.28139991760254,71.82294998168945,79.01432074468107,74.4103370375611,4.603983707119966,3.9507689296718485,0.6532147774481172,69.91207692095568,75.10850067138672,87.34267358312061,62.87432775965283,0.3257733226565289,0.026676459527799068,0.026326846772985184,0.5431005667498628,12369050.0,0.8963663337119666,1
2023-02-02,88.41000366210938,89.97000122070312,86.22000122070312,86.80000305175781,13349900,76.2140007019043,68.73319999694824,71.66805000305176,80.45981042428544,75.44734938012024,5.0124610441651924,4.163107352570517,0.8493536915946756,73.66770464664543,76.2140007019043,89.0764628760406,63.351538527768,0.3375354149021838,0.0537544940906749,0.052359495179566694,0.5602066344423248,12449070.0,1.0723612285897661,0
2023-02-03,84.70999908447266,87.9800033569336,84.25,84.9000015258789,12679100,77.2140007019043,69.19040000915527,71.4634999847412,81.11368560277577,76.13347158044265,4.980214022333129,4.326528686523039,0.6536853358100903,66.89957635552017,77.2140007019043,89.40281237847573,65.02518902533286,0.3157150663291774,-0.041850519447749535,-0.0427514792039271,0.5799718480909078,12516215.0,1.0130139183451228,0
2023-02-06,82.55000305175781,83.6989974975586,81.30999755859375,82.69000244140625,8593500,77.89200096130371,69.58700004577636,71.30365001678467,81.33465751800378,76.60877020794747,4.725887310056308,4.406400411229693,0.3194868988266153,59.97322869934089,77.89200096130371,89.655806998413,66.12819492419442,0.30205427751056185,-0.025498713918777116,-0.025829440300941003,0.5620279376621936,12169410.0,0.7061558448601863,1
2023-02-07,83.18000030517578,83.8550033569336,80.66000366210938,82.08000183105469,9804500,78.5980010986328,69.97220008850098,71.18100002288818,81.61855640833794,77.09552799292734,4.523028415410593,4.429726012065873,0.09330240334471984,65.81879900423247,78.5980010986328,89.8119849285245,67.38401726874112,0.2853503568320837,0.007631704786527527,0.007602730648890693,0.5611774016712276,12010255.0,0.8163440326620875,0
2023-02-08,81.12999725341797,84.29000091552734,81.12000274658203,82.9000015258789,7213400,79.15300102233887,70.32720001220703,71.07330001831055,81.54339346142717,77.39437756777849,4.149015893648681,4.373583988382435,-0.22456809473375383,64.20405589214633,79.15300102233887,89.65782348210783,68.64817856256991,0.2654308067688867,-0.02464538403746863,-0.024954165430739063,0.574072690625394,11918110.0,0.6052469728841234,0
2023-02-09,76.18000030517578,82.08000183105469,75.5999984741211,81.3499984741211,17350900,79.3785011291504,70.62340003967284,70.91730003356933,80.71825605277311,77.30442369647459,3.4138323562985278,4.181633661965654,-0.7678013056671258,50.02808516201206,79.3785011291504,89.38896982237276,69.36803243592803,0.25222115688314983,-0.061013153159371614,-0.06295380749644575,0.6203559092234684,12333940.0,1.4067605323197616,0
2023-02-10,75.2300033569336,76.01100158691406,74.13999938964844,75.0999984741211,11274100,79.55000114440918,70.88580009460449,70.79110004425048,79.8739094841824,77.15076293058266,2.723146553599747,3.889936240292472,-1.166789686692725,39.64573575963558,79.55000114440918,89.12170507870698,69.97829721011138,0.2406462299584896,-0.012470424579108852,-0.012548832862038731,0.6230212670432596,12305015.0,0.9162199314669669,1
2023-02-13,76.81999969482422,77.56800079345703,74.73999786376953,75.51000213623047,9590500,79.80850105285644,71.06680015563965,70.67555004119873,79.40407720889652,77.1262619501561,2.277815258740418,3.567512043982062,-1.2896967852416439,43.751966183799944,79.80850105285644,88.73969619733276,70.87730590838012,0.2238156343410402,0.02113513580940296,0.020914886750748225,0.6259223852094303,12317305.0,0.7786199984493362,1
2023-02-14,78.80000305175781,79.44999694824219,75.55000305175781,76.04000091552734,9780900,79.99350128173828,71.2594002532959,70.54635005950928,79.31114272318287,77.25024277249697,2.0608999506858936,3.266189625322828,-1.2052896746369344,47.07976075415416,79.99350128173828,88.66350087934576,71.32350168413079,0.21676759883460087,0.025774581681845543,0.02544801664657347,0.6099290586920824,12090630.0,0.808965289649919,1
2023-02-15,82.69000244140625,82.69999694824219,78.52999877929688,78.69999694824219,10064300,80.52250137329102,71.54960029602051,70.46210006713868,79.83096729521723,77.65318793315693,2.1777793620603063,3.048507572670324,-0.8707282106100176,52.01612919765425,80.52250137329102,88.42422610957509,72.62077663700695,0.19626128352999814,0.049365472576103686,0.048185669667157684,0.6088483395940871,11986485.0,0.83963730818501,0
2023-02-16,78.62999725341797,81.33000183105469,78.5,80.2699966430664,9541500,80.9070011138916,71.8594002532959,70.32595005035401,79.64620267340196,77.7255441791022,1.920658494299758,2.822937756996211,-0.9022792626964531,43.26773147614945,80.9070011138916,87.4825129513516,74.3314892764316,0.16254494041136805,-0.04909910591507338,-0.05034543418591687,0.6364402975035125,11860995.0,0.8044434720695861,0
2023-02-17,75.0199966430664,77.02999877929688,74.16999816894531,76.97000122070312,11261600,80.85000076293946,72.13380020141602,70.18940002441406,78.93447866873495,77.52513325050695,1.4093454182279999,2.540219289242569,-1.1308738710145692,43.75490446776037,80.85000076293946,87.61578615203788,74.08421537384103,0.16736636549791523,-0.04591123917652995,-0.04699857116640631,0.6086793364135342,11784155.0,0.9556561331720433,0
2023-02-21,71.94999694824219,74.48999786376953,71.91999816894531,73.08999633789062,7855200,80.3645004272461,72.35140014648438,70.01520000457764,77.85994301942837,77.11216019107994,0.7477828283484342,2.181731997063742,-1.4339491687153076,37.57945103279068,80.3645004272461,88.19527706896936,72.53372378552284,0.19488148623066365,-0.04092241845105382,-0.041783308988162335,0.561136514830949,11336210.0,0.6929300004146006,1
2023-02-22,72.94000244140625,73.68000030517578,71.80000305175781,72.72000122070312,10562100,79.97200050354004,72.5428002166748,69.90215000152588,77.10302908434804,76.80311146888188,0.2999176154661569,1.8053691207442248,-1.505451505278068,35.63188638245343,79.97200050354004,88.4713632565405,71.47263775053959,0.21255846294914735,0.013759632177277714,0.013665827933569756,0.5649640607005443,11256710.0,0.9382936932727236,1
2023-02-23,74.1500015258789,74.88999938964844,71.83999633789062,74.2699966430664,22855200,79.64100074768066,72.73380027770996,69.79194999694825,76.64871715227585,76.60658480643723,0.04213234583862402,1.4527217657631046,-1.4105894199244806,29.53501648619121,79.64100074768066,88.51679517289065,70.76520632247068,0.2228951003097101,0.01658896413452493,0.016452870310247697,0.5697823383306111,11543500.0,1.9799194351799714,1
2023-02-24,77.36000061035156,78.0199966430664,73.5199966430664,77.47000122070312,43473200,79.44950065612792,72.95700035095214,69.75944999694825,76.7581453765952,76.66239338450497,0.09575199209022855,1.1813278110285295,-1.085575818938301,39.30131178949178,79.44950065612792,88.34981184408007,70.54918946817578,0.2240495186111824,0.04329061386940558,0.042379769872581984,0.5931912728392579,13052320.0,3.330687571251701,0
2023-02-27,75.13999938964844,77.7300033569336,74.86000061035156,77.29000091552734,18197400,79.01500053405762,73.03920036315918,69.71319999694825,76.50919984014185,76.54962345896004,-0.04042361881819545,0.9369775250591845,-0.97740114387738,39.232776992888105,79.01500053405762,87.86320600066894,70.1667950674463,0.22396267561366404,-0.028697016587226676,-0.029116827011830704,0.5860502755043415,13190950.0,1.3795367278323396,1
2023-02-28,76.7300033569336,78.0199966430664,74.5199966430664,75.33000183105469,13187300,78.86200065612793,73.14880043029785,69.7407500076294,76.54316961195596,76.562984932884,-0.019815320928046276,0.7456189558617384,-0.7654342767897847,40.882110466352806,78.86200065612793,87.7594683284759,69.96453298377996,0.2256465115853385,0.021160553369717006,0.020939777916557396,0.569423141956224,13326185.0,0.9895780375253683,0
2023-03-01,76.62999725341797,76.7300033569336,74.6500015258789,76.30999755859375,10075900,78.60750045776368,73.36360038757324,69.74509998321533,76.55652771064243,76.56794880847912,-0.011421097836688432,0.5942109451220531,-0.6056320429587415,43.26750719336101,78.60750045776368,87.45178719048752,69.76321372503983,0.2250239908716074,-0.0013033506990793864,-0.0013042007993345724,0.5613989193939891,13389885.0,0.7525008616578858,1
2023-03-02,78.04000091552734,78.58999633789062,74.54499816894531,75.44000244140625,10115600,78.31450042724609,73.67420043945313,69.71454998016357,76.7847543575478,76.6769897052975,0.10776465225029597,0.4969216865477017,-0.3891570342974057,53.112448722485816,78.31450042724609,86.80159521152441,69.82740564296776,0.21674389130944682,0.01840015284675589,0.018232918346236873,0.5564184179207432,13341305.0,0.7582166812017265,1
2023-03-03,80.87999725341797,81.12999725341797,77.6500015258789,78.66999816894531,11059700,77.93800010681153,74.0830004119873,69.72044998168946,77.4147917261432,76.98832359775086,0.4264681283923437,0.48283097491663013,-0.056362846524286414,58.89202144009837,77.93800010681153,85.1047909689318,70.77120924469126,0.1839100529215122,0.03639154670134759,0.03574501326706171,0.535954880023216,13226795.0,0.8361587217462734,0
2023-03-06,80.80999755859375,83.08000183105469,80.29000091552734,81.4000015258789,10328600,77.74300003051758,74.47100036621094,69.70054996490478,77.93713108498174,77.2714105578133,0.6657205271684461,0.5194088853669934,0.14631164180145273,56.59503280132744,77.74300003051758,84.32209982665862,71.16390023437654,0.16925253189505032,-0.0008654759792448008,-0.0008658507198150352,0.5168645109983412,13109270.0,0.7878852140508206,0
2023-03-07,78.04000091552734,81.4000015258789,77.93000030517578,80.4800033569336,8082800,77.51749992370605,74.78020034790039,69.68044998168945,77.952957212758,77.32834317690323,0.624614035854762,0.5404499154645471,0.08416412039021492,48.775770392704686,77.51749992370605,83.70008254914946,71.33491729826265,0.15951450012006055,-0.03427789539354875,-0.03487916254724672,0.523094820861268,13083735.0,0.6177746644975612,0
2023-03-08,77.94999694824219,78.69000244140625,75.83000183105469,77.97000122070312,8610500,77.25599975585938,75.12740028381347,69.63449996948242,77.95250178744787,77.37439160440982,0.5781101830380493,0.5479819689792476,0.030128214058801728,41.29955601663005,77.25599975585938,82.84397658534225,71.66802292637651,0.14466130390239515,-0.001153305564188578,-0.0011539711328360013,0.5218137623392707,13024035.0,0.6611238375818247,0
2023-03-09,73.80000305175781,79.62000274658203,73.5,77.81999969482422,12475200,76.88950004577637,75.38560035705567,69.58629997253418,77.31365582811094,77.10962208199115,0.20403374611979075,0.4791923244073562,-0.27515857828756546,41.16357019808225,76.88950004577637,82.36808360898114,71.41091648257161,0.14250537615521172,-0.05323917971722203,-0.05470878339543048,0.5470082959913227,13287125.0,0.9388938540128131,0
2023-03-10,71.01000213623047,73.58000183105469,68.47000122070312,70.61000061035156,18383100,76.6310001373291,75.60860038757325,69.52434997558593,76.34386295243701,76.65779838230517,-0.3139354298681667,0.3205667735522516,-0.6345022034204183,42.436829442372336,76.6310001373291,82.70595877376496,70.55604150089323,0.15855094219177715,-0.03780488889100242,-0.03853803068064006,0.520577302884668,13338735.0,1.378174167190517,0
2023-03-13,69.45999908447266,71.0999984741211,67.25,70.0,14357400,76.34249992370606,75.8162003326416,69.4922499847412,75.28480697275018,76.12462806394721,-0.8398210911970381,0.08848920060239365,-0.9283102917994317,45.01801409315428,76.34249992370606,83.19577648497088,69.48922336244124,0.17954027096607364,-0.021827953881541684,-0.02206970814223122,0.5238857711520103,13492900.0,1.0640707334968762,1
2023-03-14,73.62999725341797,73.86000061035156,71.4000015258789,71.67500305175781,13136700,76.18299980163575,76.03040031433106,69.47064998626709,75.03022086208368,75.9398405965006,-0.9096197344169212,-0.11113258640146934,-0.7984871480154518,51.22469767480911,76.18299980163575,83.13722619011737,69.22877341315412,0.1825663574967893,0.060034526690304624,0.058301479942852306,0.564714654494637,13670210.0,0.9609728014419676,1
2023-03-15,74.06999969482422,74.13999938964844,71.66999816894531,72.44000244140625,9832200,75.94649963378906,76.25500030517578,69.42394996643067,74.88249452865915,75.80133386304308,-0.9188393343839323,-0.27267393599796197,-0.6461653983859703,49.85401130597927,75.94649963378906,82.84750526604624,69.04549400153188,0.18173334295941354,0.005975858451982008,0.0059580738269592115,0.5563349977022467,13672775.0,0.7191078621567312,1
2023-03-16,75.08999633789062,76.5,73.80999755859375,76.12000274658203,11453800,75.56649932861328,76.46400024414062,69.34679996490479,74.91441788392552,75.74864219451328,-0.8342243105877571,-0.38498401091592105,-0.4492402996718361,45.49781105133089,75.56649932861328,81.69811175738184,69.43488689984471,0.16228388196479088,0.013770712127296969,0.013676757437091604,0.5258279636146694,13742250.0,0.8334734122869254,0
2023-03-17,73.9800033569336,75.2300033569336,73.08999633789062,74.94499969482422,9756200,75.33399963378906,76.61760025024414,69.2791499710083,74.77066180284984,75.61763191024812,-0.8469701073982776,-0.4773812302123924,-0.3695888771858852,47.59336907435811,75.33399963378906,81.32759296614682,69.3404063014313,0.15912053950390534,-0.014782168532307183,-0.014892513561651602,0.5005401388363125,13752985.0,0.7093878165358284,1
2023-03-20,74.5,75.63999938964844,72.69000244140625,73.38999938964844,10704500,75.30799980163575,76.81340026855469,69.24209995269776,74.72902152548833,75.53484436134086,-0.8058228358525241,-0.5430695513404188,-0.26275328451210533,45.158479778783914,75.30799980163575,81.31183108008723,69.30416852318426,0.15944737064497305,0.007028881041780455,0.0070042936049755835,0.4743315180370161,13725130.0,0.7799197530369476,1
2023-03-21,77.45999908447266,77.97000122070312,75.72000122070312,75.83999633789062,10458700,75.58349990844727,76.98280029296875,69.19219993591308,75.14917191917823,75.67744841490618,-0.5282764957279511,-0.5401109402179253,0.011834444489974172,51.602940015064306,75.58349990844727,81.44246270813153,69.724537108763,0.15503285258769717,0.03973153133520335,0.03896253688173579,0.46822980782200685,13855305.0,0.7548516615116015,0
2023-03-22,72.6500015258789,77.1500015258789,72.61000061035156,77.1500015258789,17616500,75.56899986267089,77.05460037231445,69.13994995117187,74.76468416636295,75.45319308979305,-0.6885089234300921,-0.5697905368603586,-0.11871838656973344,40.7989016164222,75.56899986267089,81.45687309221523,69.68112663312655,0.15582773995273677,-0.062096535185190094,-0.06410825124780718,0.5218456344653688,14208025.0,1.2398978746166338,0
2023-03-23,61.880001068115234,65.75,56.5,60.0,140313900,74.95549983978272,76.89160041809082,69.03244997024537,72.782425228171,74.44777145855765,-1.6653462303866604,-0.7889016755656191,-0.8764445548210413,24.476081006498404,74.95549983978272,83.44717972070127,66.46381995886416,0.22657923432088395,-0.14824501351080155,-0.16045636805350366,0.7372357704409847,20080960.0,6.9874099644638505,0
2023-03-24,60.68000030517578,61.56999969482422,59.099998474121094,59.75,48929800,74.12149982452392,76.67180046081543,68.91284997940063,70.92051370155635,73.42793655830715,-2.5074228567508072,-1.1326059118026568,-1.3748169449481504,23.754881272842184,74.12149982452392,84.65078851642726,63.5922111326206,0.2841088946346333,-0.01939238432815371,-0.019582883456342643,0.7126461712242915,20353790.0,2.4039650600698934,1
2023-03-27,64.4000015258789,65.11000061035156,61.54999923706055,62.459999084472656,33436700,73.58449993133544,76.52380043029785,68.81109998703003,69.91735798222135,72.75920062997913,-2.8418426477577867,-1.474453258993683,-1.3673893887641038,32.64630581884201,73.58449993133544,84.9568202685547,62.21217959411619,0.30909553908312765,0.06130522745540956,0.059499497294483276,0.7535393305552059,21115755.0,1.5834953569029382,0
2023-03-28,63.7599983215332,65.8499984741211,63.5,64.0,17257800,72.93599967956543,76.36600036621094,68.74699996948242,68.97007188057701,72.09259305157573,-3.1225211709987235,-1.804066841394691,-1.3184543296040325,32.19572993083287,72.93599967956543,85.01060565851948,60.861393700611366,0.33110140484814704,-0.009937937720211343,-0.009987648646881741,0.7464182216397134,21319280.0,0.8094926282688721,1
2023-03-29,66.48999786376953,67.20999908447266,64.55999755859375,64.80500030517578,17574600,72.428999710083,76.19380035400391,68.72009994506836,68.5885220318374,71.67758600062713,-3.0890639687897306,-2.061066266873699,-1.0279977019160316,40.48919258239271,72.428999710083,84.7004544970929,60.15754492307311,0.33885473597950466,0.04281680699659529,0.04192552012856753,0.767879178742026,21694215.0,0.8101053667993979,1
2023-03-30,68.48999786376953,70.52999877929688,67.79000091552734,68.98999786376953,21097700,71.95149955749511,76.12140029907226,68.74874994277954,68.57336446751927,71.4414683608599,-2.8681038933406313,-2.2224737921670856,-0.6456301011735457,46.652490935024666,71.95149955749511,84.04558802560801,59.85741108938222,0.3361733540646706,0.0300797122011911,0.029636189733648493,0.7738787945740113,22243320.0,0.9484959978995942,1
2023-03-31,68.6500015258789,70.31999969482422,68.05000305175781,68.58999633789062,17878500,71.33999977111816,76.07560028076172,68.79049995422363,68.58515478418998,71.2346930397502,-2.6495382555602163,-2.3078866848457116,-0.3416515707145047,48.88276175300582,71.33999977111816,82.75071785153398,59.92928169070233,0.31989677928301385,0.00233616100306544,0.0023334364214983834,0.7588259377274812,22584260.0,0.791635413336545,0
2023-04-03,67.83000183105469,68.38999938964844,65.80500030517578,67.5999984741211,16969800,70.69099998474121,75.90900024414063,68.81509996414185,68.46897740678455,70.98249369095794,-2.5135162841733916,-2.3490126047112474,-0.16450367946214417,41.18541565598427,70.69099998474121,81.280831520264,60.10116844921842,0.29960904606834327,-0.011944642048042797,-0.01201655248816259,0.7586518119728924,22916320.0,0.7405115655567736,1
2023-04-04,68.83999633789062,69.73999786376953,67.66999816894531,68.26000213623047,15229000,70.23099975585937,75.65260009765625,68.87174995422363,68.52605724233932,70.82379018332333,-2.2977329409840053,-2.338756671965799,0.04102373098179379,42.18702487224691,70.23099975585937,80.26119545500086,60.20080405671789,0.2856344273613922,0.014890085206713533,0.01478031619318254,0.7557736496649087,23273630.0,0.6543457122932692,0
2023-04-05,67.66000366210938,68.23999786376953,66.62000274658203,67.21499633789062,11586700,69.71650009155273,75.39000015258789,68.91749998092651,68.39281822999625,70.58943562619636,-2.1966173962001108,-2.3103288168126617,0.1137114206125509,38.95332046718327,69.71650009155273,79.11533347426848,60.31766670883698,0.2696300981940592,-0.017141091495551986,-0.017289700668195532,0.7567899757813603,23422440.0,0.49468373064462967,1
2023-04-06,68.0999984741211,69.02999877929688,66.16000366210938,66.80000305175781,11359800,69.4314998626709,75.13660018920899,68.9553999710083,68.34776903678468,70.40503287419078,-2.057263837406097,-2.259715820931349,0.20245198352525184,41.080085302968826,69.4314998626709,78.65297829174759,60.21002143359422,0.2656280923591141,0.006503026724755001,0.00648197327128494,0.7366931825643653,23366670.0,0.48615399626904476,0
2023-04-10,66.36000061035156,66.80000305175781,65.47000122070312,66.33000183105469,11598900,69.19899978637696,74.84000015258789,68.98394996643066,68.04195850964112,70.10540085464713,-2.0634423450060098,-2.220461125746281,0.15701878074027142,38.09244740949799,69.19899978637696,78.48714410849092,59.910855464262994,0.2684473576435277,-0.02555062999642732,-0.02588271622919542,0.730256209223215,23027460.0,0.5036986276384803,1
2023-04-11,66.41999816894531,67.88999938964844,65.76000213623047,67.05000305175781,11471400,69.04699974060058,74.49180007934571,68.97969997406005,67.79242614953407,69.83240806311366,-2.039981913579595,-2.1843652833129443,0.1443833697333492,32.352930415885155,69.04699974060058,78.41630424304502,59.67769523815615,0.27138918526926686,0.0009041223333621229,0.0009037138609527583,0.7266520948432057,22883160.0,0.5013031416989612,0
2023-04-12,62.7400016784668,67.62000274658203,62.599998474121094,67.27999877929688,15733700,68.50249996185303,74.15080009460449,68.9383999824524,67.01513007706218,69.3070446272139,-2.2919145501517164,-2.205875136680699,-0.0860394134710174,33.56549649231107,68.50249996185303,78.01501942173931,58.98998050196675,0.2777276585579655,-0.055404947183498976,-0.05699895886550888,0.7130685373488963,23013010.0,0.6836871839016279,1
2023-04-13,64.55999755859375,65.62000274658203,63.20000076293945,63.290000915527344,12875800,68.02699985504151,73.8076000213623,68.91404996871948,66.6374173819132,68.9554115110198,-2.3179941291066086,-2.2282989351658813,-0.08969519394072734,56.32075303642122,68.02699985504151,77.31584308534421,58.73815662473881,0.27309283814062846,0.029008540507444724,0.028595756630340752,0.7232241118037644,23165190.0,0.5558253569256285,0
2023-04-14,64.04000091552734,65.47000122070312,63.689998626708984,64.30000305175781,12061500,67.47450008392335,73.41040000915527,68.90624998092652,66.23781484862306,68.5913070224648,-2.353492173841744,-2.253337582901054,-0.10015459094069001,58.18714646151055,67.47450008392335,76.29728770798505,58.65171245986165,0.26151472372787066,-0.008054471231887295,-0.008087083720917251,0.7195284509867699,23195575.0,0.5199914207774543,1
2023-04-17,64.19000244140625,64.35900115966797,63.11000061035156,63.81999969482422,10833100,66.98500003814698,72.92599998474121,68.9079999923706,65.92276678597432,68.26528446090491,-2.3425176749305905,-2.271173601306961,-0.07134407362362927,49.38053272610162,66.98500003814698,75.36318798397159,58.60681209232238,0.2501511664119832,0.0023423098646855323,0.0023395709330516997,0.7196071227858561,23249420.0,0.46595140868030255,0
2023-04-18,63.900001525878906,65.1500015258789,63.845001220703125,64.80000305175781,9487500,66.45500011444092,72.50980003356933,68.92020000457764,65.61157213057503,67.9419301694215,-2.3303580388464695,-2.2830104888148632,-0.04734755003160629,50.421697115739256,66.45500011444092,74.14430438760803,58.7656958412738,0.23141386682493434,-0.004517851760358793,-0.004528088095087139,0.7179910229681676,23188570.0,0.4091455402381432,0
2023-04-19,62.869998931884766,63.5099983215332,61.43000030517578,63.0,13775700,65.72550010681152,72.11619995117188,68.91504999160766,65.18979163846883,67.56623155923359,-2.376439920764753,-2.301696375204841,-0.0747435455599117,37.8523320512686,65.72550010681152,71.56447039997838,59.88652981364468,0.177677470195825,-0.01611897604692547,-0.0162502998569557,0.6972418697532052,23354420.0,0.5898540832955818,0
2023-04-20,62.36000061035156,62.915000915527344,61.540000915527344,61.720001220703125,9367800,65.21100006103515,71.69979995727539,68.89319997787476,64.75443917260463,67.18058482227936,-2.426145649674723,-2.3265862300988176,-0.0995594195759053,27.143886914054505,65.21100006103515,70.23783620982562,60.18416391224469,0.15417141721751007,-0.00811195053599012,-0.008145031428577419,0.6688949218528212,22941985.0,0.4083256091397497,1
2023-04-21,63.47999954223633,63.56999969482422,62.02000045776367,62.18000030517578,10855300,65.2909999847412,71.34680000305175,68.88574996948242,64.55837153716335,66.90646739412801,-2.3480958569646617,-2.3308881554719867,-0.01720770149267503,32.01108786538683,65.2909999847412,70.1424988668909,60.43950110259151,0.14861156616634805,0.01796021361325728,0.01780083446993556,0.4141149753518183,16469055.0,0.6591331439478464,1
2023-04-24,64.5,64.75,63.04999923706055,63.70000076293945,8457400,65.48199996948242,71.11319999694824,68.86509998321533,64.54939130067669,66.72821055011853,-2.178819249441844,-2.300474374265958,0.12165512482411422,38.572378600995435,65.48199996948242,69.84538083429254,61.1186191046723,0.1332696272821128,0.016068060257073746,0.015940335354666383,0.4093777895147685,14445435.0,0.5854721578131776,0
2023-04-25,61.0,64.36000061035156,60.970001220703125,63.91999816894531,10416200,65.31199989318847,70.82859992980957,68.835,64.00333110057258,66.30389865751715,-2.3005675569445714,-2.300493010801681,-7.454614289059691e-05,27.022250943054487,65.31199989318847,70.09740076821375,60.526599018163196,0.1465397134631106,-0.054263565891472854,-0.05579135962841554,0.39783843621301074,13294410.0,0.7835022389109407,0
2023-04-26,60.56999969482422,61.797000885009766,60.0099983215332,61.209999084472656,9262100,65.15249996185302,70.50359992980957,68.82170000076295,63.47512626891899,65.87916540102138,-2.4040391321023904,-2.321202235061823,-0.08283689704056751,28.264832429125136,65.15249996185302,70.35056325971468,59.95443666399138,0.15956604277365039,-0.007049185330750496,-0.007074148218853663,0.39724485543450383,12894625.0,0.7182915362020997,1
2023-04-27,60.58000183105469,61.40999984741211,58.90999984741211,61.18000030517578,14361200,64.85700016021728,70.13919990539551,68.79945001602172,63.02972250924756,65.48663476620904,-2.4569122569614734,-2.348344239441753,-0.10856801751972034,26.322413234798134,64.85700016021728,70.39570190043968,59.31829841999488,0.17079734574649008,0.00016513350306857077,0.0001651198700324796,0.3601703743562236,12733955.0,1.1277878710895397,1
2023-04-28,60.790000915527344,61.029998779296875,58.970001220703125,59.83000183105469,11809500,64.47200031280518,69.70119987487793,68.78265001296997,62.685149956367525,65.13873596245483,-2.4535860060873063,-2.369392592770864,-0.08419341331644237,30.592323176041873,64.47200031280518,70.017868257521,58.926132368089355,0.1720395805251392,0.0034664753734787723,0.0034604809966334326,0.3380966869696003,12269545.0,0.9625051295708195,0
2023-05-01,60.220001220703125,61.74599838256836,59.75,60.689998626708984,9293600,64.05050029754639,69.33299995422364,68.77165002822876,62.30589630472684,64.7743852408436,-2.4684889361167563,-2.3892118614400424,-0.07927707467671397,29.138627601683808,64.05050029754639,69.54048448641457,58.560516108678215,0.17142673869413896,-0.009376537033060406,-0.009420773496809922,0.3369468276270608,11840300.0,0.7849125444456644,0
2023-05-02,57.7599983215332,59.900001525878906,57.630001068115234,59.61000061035156,10440300,63.547000122070315,68.98779998779297,68.73055000305176,61.60652738423551,64.2548010245984,-2.6482736403628806,-2.4410242172246104,-0.20724942313827022,31.744854912849263,63.547000122070315,69.41179580848252,57.68220443565811,0.1845813547499097,-0.040850263190034486,-0.041708077799071465,0.35830200760928244,11513825.0,0.9067620881852902,1
2023-05-03,59.31999969482422,60.81999969482422,57.41999816894531,57.97999954223633,14798400,63.071000289916995,68.73520004272461,68.69580001831055,61.25475389355685,63.88926018535586,-2.6345062917990063,-2.4797206321394896,-0.15478565965951674,30.418550255909636,63.071000289916995,68.66611831177575,57.47588226805824,0.17742284080289844,0.02700833480996545,0.026650046599920967,0.37082406806618773,11492295.0,1.2876801369961353,1
2023-05-04,60.43000030517578,61.380001068115234,59.209999084472656,59.220001220703125,16023900,62.70950012207031,68.485,68.65170001983643,61.12786872611361,63.63301871274993,-2.5051499866363187,-2.4848065030388553,-0.020343483597463408,37.07946197784146,62.70950012207031,67.98112572804324,57.437874516097374,0.16812845249001143,0.01871208051352058,0.018539163298374857,0.3797443031433416,11714155.0,1.3679091663035021,0
2023-05-05,59.25,62.06999969482422,58.79499816894531,60.63999938964844,25485600,62.26700019836426,68.18699996948243,68.57405002593994,60.83896584517305,63.30835065995364,-2.4693848147805895,-2.481722165387202,0.012337350606612674,33.53333357069215,62.26700019836426,67.1010291048586,57.43297129186992,0.15526776273449988,-0.019526730087981115,-0.019719895408297466,0.3802014144967223,12420445.0,2.0519071579158394,0
2023-05-08,58.79999923706055,59.77000045776367,57.77000045776367,59.27000045776367,13623600,61.88900012969971,67.8157999420166,68.4942500114441,60.525278674694206,62.9743987027023,-2.449120028008096,-2.475201737911381,0.026081709903285066,33.17942027198576,61.88900012969971,66.55482167369287,57.22317858570655,0.15078031747855286,-0.0075949495854760185,-0.007623938085820198,0.3736544188718963,12521680.0,1.0880009711156968,1
2023-05-09,59.31999969482422,59.71500015258789,57.88999938964844,58.40999984741211,8377200,61.53400020599365,67.49939994812011,68.43184999465943,60.339851139329596,62.70370247989651,-2.3638513405669173,-2.4529316584424885,0.08908031787557125,37.88396606509043,61.53400020599365,65.81262029387432,57.25538011811299,0.13906523462012504,0.008843545314808798,0.008804670195742752,0.3765842624983884,12366970.0,0.6773850021468476,0
2023-05-10,57.529998779296875,60.0,57.150001525878906,59.970001220703125,12457000,61.27350006103516,67.11539985656738,68.36234998703003,59.90756616086302,62.32046516874099,-2.412899007877968,-2.4449251283295848,0.03202612045161679,34.83992647432109,61.27350006103516,65.86586633977235,56.681133782297955,0.14989730549626498,-0.030175335885639365,-0.0306399824685104,0.3410962965706632,12203135.0,1.0208032608014252,0
2023-05-11,57.310001373291016,58.0,55.70000076293945,56.650001525878906,11818500,60.91100025177002,66.72899993896485,68.31694999694824,59.507940808928865,61.94931970241136,-2.4413788934824936,-2.4442158813601664,0.0028369878776728363,29.4743994075166,60.91100025177002,65.55533617943708,56.26666432410296,0.15249580234999005,-0.003824046769926759,-0.0038313771305045945,0.3179484854281825,12150270.0,0.9726944339508504,0
2023-05-12,55.560001373291016,57.29999923706055,55.11000061035156,57.29999923706055,11804400,60.4870002746582,66.27939994812012,68.23094999313355,58.900565511138424,61.47603686321726,-2.5754713520788357,-2.4704669755039004,-0.10500437657493533,21.637070904206354,60.4870002746582,65.46492715713738,55.509073392179026,0.16459493312200982,-0.030535682395142594,-0.031011609922744654,0.32990399736422993,12137415.0,0.972562938648798,1
2023-05-15,56.869998931884766,57.119998931884766,55.04999923706055,55.29999923706055,9421500,60.121000099182126,65.79919998168945,68.14189998626709,58.58817065279171,61.134848868303735,-2.5466782155120242,-2.485709223505525,-0.06096899200649908,34.78260869565217,60.121000099182126,65.02846363788215,55.2135365604821,0.16325289102324125,0.023578069226317444,0.023304399933605266,0.34598767554437604,12066835.0,0.7807764007712047,0
2023-05-16,55.540000915527344,56.595001220703125,55.04999923706055,55.7400016784668,8377500,59.70300006866455,65.29380004882813,68.03930000305176,58.11922146244334,60.72041568661659,-2.6011942241732484,-2.50880622363907,-0.09238800053417862,32.61921784740369,59.70300006866455,64.67884516588651,54.72715497144259,0.16668660172853067,-0.023386636914665804,-0.02366444417424781,0.35149415375752235,12011335.0,0.6974661850660231,1
2023-05-17,57.7599983215332,57.83000183105469,55.459999084472656,56.06999969482422,9165900,59.44750003814697,64.88819999694825,67.93905000686645,58.06395636384178,60.50112551142523,-2.4371691475834467,-2.4944788084279454,0.05730966084449873,41.546750291190904,59.44750003814697,64.26075328151316,54.63424679478078,0.16193290685992062,0.039971144569880934,0.039192967162481135,0.3863290629945688,11780845.0,0.7780341732702535,1
2023-05-18,59.52000045776367,60.130001068115234,57.52000045776367,57.939998626708984,9851300,59.30550003051758,64.51960006713867,67.84120002746582,58.28796314752208,60.428449581524376,-2.140486434002298,-2.423680333542816,0.2831938995405179,46.516729320751594,59.30550003051758,63.92045281951258,54.69054724152257,0.15563321400612862,0.030470951997488838,0.030015932690516226,0.40465221348423047,11805020.0,0.8345009157121293,0
2023-05-19,58.650001525878906,59.599998474121094,58.14500045776367,59.474998474121094,6615200,59.06400012969971,64.21660003662109,67.6941000366211,58.34366135957697,60.2967126885136,-1.9530513289366311,-2.329554532621579,0.37650320368494805,45.76362709592204,59.06400012969971,63.24418614889085,54.88381411050857,0.14154767743504654,-0.014616917425968934,-0.014724797099583513,0.3998151088063533,11593015.0,0.5706194635304104,1
2023-05-22,60.619998931884766,61.31999969482422,57.540000915527344,58.0,11142100,58.87000007629395,64.00879997253418,67.54870004653931,58.69386713993201,60.3206598176522,-1.6267926777201893,-2.1890021616413016,0.5622094839211123,57.92683391004923,58.87000007629395,62.276483191102635,55.46351696148526,0.1157289998435188,0.033589042706786865,0.03303725289363339,0.4157913963034886,11727250.0,0.9501033916732397,1
2023-05-23,61.560001373291016,62.54999923706055,59.81999969482422,60.33000183105469,12693600,58.898000144958495,63.850800018310544,67.41785003662109,59.13481086814109,60.41246289584767,-1.27765202770658,-2.0067321348543574,0.7290801071477775,56.42939840540346,58.898000144958495,62.38642103580258,55.40957925411441,0.11845634426494808,0.015506474067452203,0.015387477269041258,0.37271401252955577,11841120.0,1.071993189833394,1
2023-05-24,61.86000061035156,62.025001525878906,59.959999084472656,60.595001220703125,8886700,58.962500190734865,63.61540008544922,67.29965003967285,59.55407082848116,60.519687911736845,-0.9656170832556867,-1.7985091245346234,0.8328920412789367,54.304638499291485,58.962500190734865,62.62447522944372,55.30052515202601,0.12421369605640574,0.0048732818448360415,0.004861445844733635,0.3718199631583261,11822350.0,0.7516864244418411,0
2023-05-25,59.29999923706055,62.16999816894531,59.0099983215332,62.02000045776367,8927200,58.89850006103516,63.320000076293944,67.19050004959107,59.51498289133953,60.42934060250157,-0.9143577111620402,-1.621678841860107,0.7073211306980667,50.138964017787224,58.89850006103516,62.48541969954641,55.3115804225239,0.12180003344038345,-0.04138379159444483,-0.04226448398566154,0.40158287241351504,11550650.0,0.7728742538298711,0
2023-05-26,59.0,60.400001525878906,58.970001220703125,59.5,10070300,58.80900001525879,62.99820014953613,67.04130006790162,59.435754754210365,60.32346352083479,-0.8877087666244279,-1.474884826812971,0.5871760601885432,50.56054048979963,58.80900001525879,62.28480468343021,55.33319534708737,0.11820655570642508,-0.005059009121758273,-0.0050718492322021904,0.40153234245583946,11463690.0,0.8784518771878863,0
2023-05-30,58.84000015258789,60.08000183105469,57.779998779296875,59.7599983215332,9715800,58.73999996185303,62.69540008544922,66.9055500793457,59.344100200114596,60.21357734540909,-0.8694771452944963,-1.353803290509276,0.4843261452147798,48.62700296250225,58.73999996185303,62.15207148553542,55.32792843817064,0.11617540094988976,-0.0027118618205442813,-0.002715545579214714,0.4004252639537872,11484800.0,0.8459703259960992,1
2023-05-31,60.38999938964844,61.20000076293945,58.36000061035156,58.40999984741211,15274700,58.87150001525879,62.41320007324219,66.76775009155273,59.505007767735194,60.226645644982376,-0.7216378772471828,-1.2273702078568576,0.5057323306096748,58.29467004177583,58.87150001525879,62.32698694137684,55.41601308914074,0.11739082324120934,0.0263426110306082,0.026001619886473377,0.3820239161230605,11726520.0,1.3025774057435624,1
2023-06-01,61.5,62.404998779296875,59.040000915527344,59.68000030517578,8765300,58.980500030517575,62.094000091552736,66.64165008544921,59.81192964962209,60.3209681897985,-0.5090385401764124,-1.0837038743207685,0.5746653341443562,61.55543337859211,58.980500030517575,62.627765542605275,55.333234518429876,0.12367699528490055,0.01838053686984842,0.01821365659949397,0.37586175200114363,11424865.0,0.7672125666255137,1
2023-06-02,63.459999084472656,63.9900016784668,61.27000045776367,62.5,10653300,59.13199996948242,61.91020004272461,66.52955009460449,60.37317110113756,60.553488996811396,-0.18031789567383782,-0.9030266785913824,0.7227087829175446,71.53762522310475,59.13199996948242,63.2536477811797,55.01035215778514,0.139404985923846,0.031869903812563605,0.03137259691573609,0.38634325930386687,11156335.0,0.9549103715512307,1
2023-06-05,63.540000915527344,64.0,62.573001861572266,63.709999084472656,5880700,59.34650001525879,61.94340003967285,66.44560009002686,60.86037568796676,60.774712101901464,0.08566358606529434,-0.7052886256600471,0.7909522117253415,69.49153487082086,59.34650001525879,63.91617698617077,54.77682304434681,0.15399988102877346,0.0012606654933637884,0.00125987152183899,0.37740274282235026,10176090.0,0.5778938668977966,1
2023-06-06,65.9800033569336,66.18000030517578,62.209999084472656,62.36000061035156,10479600,59.70550022125244,62.049400100708006,66.37690010070801,61.64801071396165,61.160289231903846,0.4877214820578075,-0.4666866041164762,0.9544080861742837,78.64984012609018,59.70550022125244,65.14059730968295,54.27040313282194,0.18206353077319518,0.03840104510936482,0.03768207342843473,0.3939841192194223,10018890.0,1.045984135967158,1
2023-06-07,66.23999786376953,67.61000061035156,65.11000061035156,66.5,9270900,60.051500129699704,62.08620002746582,66.3363000869751,62.35447027547056,61.53656394537538,0.8179063300951839,-0.20976801727414424,1.0276743473693282,76.07626204673778,60.051500129699704,66.21545411983561,53.88754613956379,0.2052889262324157,0.003940504601514405,0.003932761148665681,0.3939106783105123,10063575.0,0.9212332595523957,0
2023-06-08,65.08999633789062,66.91000366210938,64.81999969482422,66.37000274658203,8673000,60.42950000762939,62.11279998779297,66.2967000579834,62.7753204389198,61.79978115963577,0.9755392792840283,0.02729344203749029,0.948245837246538,67.79551659661679,60.42950000762939,66.86368271187241,53.99531730338638,0.21294840114284197,-0.01736113470661671,-0.017513606505095917,0.38078569000827645,9874375.0,0.8783340717766948,0
2023-06-09,64.94000244140625,66.5,64.56999969482422,65.26000213623047,6558200,60.81100006103516,62.081800079345705,66.2667000579834,63.10834843930233,62.03239014347062,1.075958295831711,0.23702641279633446,0.8389318830353767,71.06498325927078,60.81100006103516,67.36998543267367,54.25201468939665,0.215717069775381,-0.002304407818764287,-0.0023070670525534515,0.38027894067576223,9611360.0,0.68233839956052,0
2023-06-12,64.19999694824219,65.64900207519531,63.58000183105469,65.20999908447266,6165600,61.24299983978271,61.996000061035154,66.2246000289917,63.276294363754616,62.19295361049074,1.083340753263876,0.4062892808898428,0.6770514723740331,63.06568546347038,61.24299983978271,67.47578598296465,55.01021369660077,0.20354281010033728,-0.011395218129715223,-0.011460641108752305,0.36111391332667847,9329420.0,0.6608770963253878,1
2023-06-13,65.5199966430664,66.4000015258789,64.87000274658203,65.37999725341797,10102900,61.675499725341794,61.9333999633789,66.17905002593994,63.62147932980258,62.43940124253338,1.182078087269204,0.5614470421657151,0.620631045103489,64.06248518350242,61.675499725341794,67.83059434518299,55.5204051055006,0.1995961004694424,0.02056074388739293,0.020352225148816468,0.35948709014638713,9363490.0,1.0789673508488822,0
2023-06-14,63.689998626708984,65.87000274658203,62.869998931884766,64.83999633789062,9173900,62.08299961090088,61.85059989929199,66.15315000534058,63.63202076009588,62.53203808580565,1.0999826742902243,0.6691541685906169,0.4308285056996074,55.86162201156531,62.08299961090088,67.57073499839426,56.59526422340749,0.17678705674298048,-0.027930374086047483,-0.02832784548840185,0.36495949379088066,9403310.0,0.9756032716139317,1
2023-06-15,66.19000244140625,66.86000061035156,63.560001373291016,63.650001525878906,9395500,62.50449981689453,61.79760002136231,66.14535001754761,64.0255564033744,62.80299840844273,1.2225579949316625,0.7798349338588262,0.4427230610728363,72.1543522263482,62.50449981689453,67.88816462470942,57.12083500907964,0.17226487128402623,0.039252690667336054,0.03850188819449039,0.3641096880591663,9414790.0,0.9979510960945491,1
2023-06-16,66.51000213623047,67.79000091552734,65.70099639892578,66.51000213623047,12250800,62.85399990081787,61.77459999084473,66.13265001296998,64.4077788238138,63.07759127716775,1.3301875466460515,0.8899054564162713,0.44028209022978027,74.11689879071399,62.85399990081787,68.32867034715714,57.37932945447859,0.17420277006962737,0.004834562366234918,0.004822913399614864,0.353486986614265,9534765.0,1.284855998024073,1
2023-06-20,66.80000305175781,67.51499938964844,65.3499984741211,65.88999938964844,7456800,63.26149997711182,61.74860008239746,66.12210000991821,64.77581332042057,63.35332548269294,1.4224878377276298,0.9964219326785431,0.4260659050490867,75.350326472467,63.26149997711182,68.63087298065784,57.89212697356579,0.16975168168597585,0.004360260204673283,0.004350781812330342,0.3452705037101696,9576845.0,0.7786280345980331,0
2023-06-21,65.45999908447266,67.27999877929688,64.80999755859375,66.70999908447266,8859000,63.50349998474121,61.73060005187988,66.10565000534058,64.88107266873628,63.50937537912107,1.3716972896152129,1.0714770040658772,0.30022028554933566,66.365390241668,63.50349998474121,68.8074782557636,58.19952171371882,0.1670452265559171,-0.02005993871357903,-0.020263871140619602,0.3424677930235844,9462690.0,0.9362031303994953,0
2023-06-22,64.11000061035156,65.1500015258789,63.13999938964844,64.88999938964844,7225500,63.63099994659424,61.68440010070801,66.09454999923706,64.76244619821556,63.553866136989996,1.208580061225561,1.098897615497814,0.10968244572774699,58.29624937492815,63.63099994659424,68.86033848729997,58.401661405888504,0.16436449356743532,-0.020623258371558983,-0.020838887567430648,0.350385546345121,9189285.0,0.7862962134703625,0
2023-06-23,62.86000061035156,63.34000015258789,61.85499954223633,62.79999923706055,17221700,63.68099994659424,61.6868000793457,66.08234998703003,64.4697622616211,63.50246869057233,0.9672935710487707,1.0725768066080055,-0.1052832355592348,48.00266876347969,63.68099994659424,68.85790033604165,58.50409955714683,0.16258853955776426,-0.019497738076735716,-0.019690326440427296,0.35856085497504653,9606035.0,1.7928000470537533,0
2023-06-26,61.75,64.14900207519531,61.650001525878906,62.65999984741211,5506300,63.80349998474121,61.630600128173825,66.0519999885559,64.05133729829478,63.37265619497438,0.6786811033204003,0.9937976659504845,-0.31511656263008414,44.423674220637295,63.80349998474121,68.64926606269398,58.957733906788434,0.15189655987874187,-0.017658297797864986,-0.01781606557103206,0.330085727744323,9434990.0,0.5836042221560384,1
2023-06-27,63.93000030517578,64.55999755859375,62.04499816894531,62.33000183105469,5865400,64.05,61.6284001159668,66.01870000839233,64.03267006858417,63.41394094387819,0.618729124705979,0.9187839577015834,-0.3000548329956044,43.508540427816214,64.05,68.33618410263138,59.76381589736862,0.13383869172931703,0.03530364866681435,0.034694764044141645,0.34882594388915467,9224745.0,0.6358332940368542,1
2023-06-28,64.7699966430664,65.61000061035156,63.33000183105469,63.70000076293945,6638500,64.34649982452393,61.64,65.97109998703003,64.14610492619681,63.51438951418843,0.6317154120083828,0.8613702485629433,-0.22965483655456054,45.51007643841094,64.34649982452393,67.86726771639289,60.825731932654975,0.10943152779002009,0.01313931384140199,0.0130537418140708,0.3491688306539619,9070880.0,0.7318474062053516,0
2023-06-29,64.38999938964844,65.7699966430664,63.7400016784668,64.875,6240900,64.54649982452392,61.64979995727539,65.91679998397827,64.18362715134322,63.579249504963244,0.604377646379973,0.8099717281263493,-0.20559408174637628,47.75641981823454,64.54649982452392,67.53518295738105,61.55781669166678,0.09260558329211248,-0.005866871593525835,-0.005884149295187434,0.3417462699411036,8619190.0,0.7240703592797003,1
2023-06-30,66.56999969482422,66.89800262451172,64.80999755859375,65.0999984741211,8721400,64.79999980926513,61.72379997253418,65.90174997329711,64.55076138880183,63.800786556064054,0.7499748327377773,0.797972349048635,-0.04799751631085769,54.62279297213086,64.79999980926513,67.55131426354141,62.04868535498884,0.08491711303625352,0.0338561939096127,0.03329568895721683,0.35488787409678013,8616995.0,1.0121161727493169,0
2023-07-03,66.19999694824219,67.30000305175781,66.04000091552734,66.66999816894531,5669900,64.93699970245362,61.800599899291996,65.88994997024537,64.80448993640805,63.978505844373544,0.8259840920345027,0.8035746976458087,0.02240939438869405,55.79374204074344,64.93699970245362,67.6802299902711,62.19376941463614,0.08448897548045572,-0.005558100469854721,-0.0055736041844274475,0.3407768161247101,8367825.0,0.6775834819681339,1
2023-07-05,68.97000122070312,69.4000015258789,65.13999938964844,65.7300033569336,12995800,65.2084997177124,61.91039993286133,65.888899974823,65.44533782629959,64.34824624262018,1.0970915836794148,0.8622780748525299,0.2348135088268849,59.219677551156884,65.2084997177124,68.40667302616646,62.01032640925833,0.09809068824766573,0.0418429667697211,0.040991228298343715,0.3684101123384551,8723580.0,1.4897324263662395,0
2023-07-06,64.61000061035156,67.37999725341797,63.439998626708984,67.37999725341797,16449000,65.1399995803833,61.91259994506836,65.88749998092652,65.31682440846143,64.36763545504472,0.9491889534167086,0.8796602505653657,0.06952870285134294,52.16572876760008,65.1399995803833,68.32726444863012,61.9527347121365,0.09785891583599717,-0.06321589869774857,-0.06530243812546631,0.4172291441374839,9022050.0,1.8231998270902954,1
2023-07-07,67.2699966430664,68.41999816894531,64.0999984741211,64.19999694824219,11732900,65.19149951934814,62.037999877929686,65.90529996871948,65.6173124445545,64.58262517267595,1.0346872718785534,0.9106656548280032,0.12402161705055015,52.52335075853645,65.19149951934814,68.48511275698915,61.89788628170712,0.10104425460143023,0.04117003571562683,0.04034511511834759,0.44288351277474913,9145150.0,1.2829641941356895,1
2023-07-10,69.05999755859375,69.6500015258789,66.72000122070312,66.83999633789062,9165900,65.3899995803833,62.20779983520508,65.94324995040894,66.14695630825284,64.91428238644764,1.2326739218052012,0.9750673082234429,0.2576066135817583,55.57497839116872,65.3899995803833,69.10892408408793,61.67107507667867,0.11374597117508749,0.026609201796531368,0.026261334474761297,0.4460094960358681,9169795.0,0.9995752358695041,1
2023-07-11,71.0999984741211,72.12000274658203,69.05999755859375,69.75,10022600,65.69799938201905,62.41819976806641,66.00149993896484,66.90896279530949,65.37248357812715,1.5364792171823467,1.0873496900152237,0.44912952716712295,58.7327273409022,65.69799938201905,70.1982615928698,61.19773717116829,0.13699845514877076,0.02953954514401058,0.029111658738282305,0.4548985271936861,9343015.0,1.0727372266875308,1
2023-07-12,71.22000122070312,73.04000091552734,70.58000183105469,72.83000183105469,7823900,66.04899959564209,62.626799774169925,66.07794994354248,67.57219947613929,65.80563303313276,1.7665664430065249,1.223193040613484,0.5433734023930408,62.307696069720926,66.04899959564209,71.11660943099552,60.98138976028865,0.1534500103371073,0.0016878023791477847,0.0016863796413541185,0.45102403335880625,9425930.0,0.8300401127528,1
2023-07-13,76.19999694824219,76.6500015258789,72.52999877929688,72.73999786376953,15648300,66.58299961090088,62.9463996887207,66.17759992599487,68.89955293338589,66.57558591573347,2.3239670176524214,1.4433478360212717,0.8806191816311497,72.36403419143092,66.58299961090088,73.3737512576743,59.79224796412746,0.2039785436660215,0.06992411741340177,0.0675877276537609,0.5037184305492057,9703200.0,1.6126947811031411,0
2023-07-14,75.45999908447266,77.11000061035156,74.83999633789062,76.31500244140625,9343900,67.17149963378907,63.300399703979494,66.284199924469,69.90885234124539,67.23369059489933,2.6751617463460633,1.68971061808623,0.9854511282598333,73.75565623877131,67.17149963378907,74.88407285554105,59.458926412037094,0.22963826217368968,-0.009711258443647508,-0.009758720239738197,0.49043163310855115,9711700.0,0.962128154700001,1
2023-07-17,78.05999755859375,78.80000305175781,74.30999755859375,75.30500030517578,10001900,67.76499938964844,63.67519966125488,66.39909990310669,71.16287468237591,68.03563925887669,3.1272354234992292,1.97721557916883,1.1500198443303993,79.114603279578,67.76499938964844,76.86212667704753,58.66787210224935,0.268490441063554,0.034455320774793075,0.03387502807290035,0.48678439795602124,9742020.0,1.0266761924118406,1
2023-07-18,79.02999877929688,79.20999908447266,77.56999969482422,78.06500244140625,6733100,68.39099922180176,64.04719963073731,66.49889989852905,72.3732014665176,68.85003626038929,3.5231652061283114,2.2864055045607263,1.236759701567585,78.17164375617931,68.39099922180176,78.75883278264591,58.023165660957616,0.30319292535030185,0.012426354740467715,0.012349781294364433,0.4867252526391929,9466135.0,0.7112829047969419,0
2023-07-19,78.19000244140625,80.5999984741211,78.11000061035156,79.1500015258789,8320700,68.96049919128419,64.42599967956544,66.6103499031067,73.26809392419277,69.54188560713128,3.7262083170614915,2.5743660670608794,1.151842250000612,75.03732852719352,68.96049919128419,80.17692944731954,57.744068935248826,0.3253001468252998,-0.010628828936673052,-0.01068571841036739,0.4915479098528853,9509330.0,0.8750038120456436,0
2023-07-20,76.16999816894531,77.94999694824219,75.66000366210938,77.2249984741211,7231300,69.49599914550781,64.77339965820312,66.71624988555908,73.71454073107778,70.0328569080064,3.6816838230713813,2.7958296182629803,0.885854204808401,70.71026330529808,69.49599914550781,81.02698834863058,57.96500994238504,0.3318461305658667,-0.02583455952664382,-0.02617413301480054,0.4963792469984136,9427945.0,0.7670070200876224,0
2023-07-21,76.12000274658203,77.6050033569336,75.08000183105469,76.87999725341797,5260100,70.09649925231933,65.10939971923828,66.81794990539551,74.08461181038612,70.48375659975274,3.6008552106333838,2.9568347367370613,0.6440204738963224,68.14900026214266,70.09649925231933,81.69717135565031,58.495827148988354,0.33099148251535937,-0.0006563663327441294,-0.0006565818354298074,0.48602409659197143,9329675.0,0.5638031335496682,1
2023-07-24,77.13999938964844,77.26000213623047,74.36000061035156,75.86000061035156,5016000,70.81049919128418,65.50159973144531,66.8915999031067,74.55467143796494,70.9768116212265,3.577859816738439,3.081039752737337,0.4968200640011018,70.28932846591391,70.81049919128418,82.2930455003594,59.32795288220896,0.3243176206979364,0.013399850318741802,0.013310866357610711,0.4742671230378141,8719390.0,0.5752696002816711,0
2023-07-25,76.87000274658203,78.25,76.79000091552734,77.58000183105469,3362600,71.56649932861328,65.89279975891114,66.9651999092102,74.91087625467526,71.41334429717877,3.4975319574964914,3.164338193689168,0.33319376380732324,66.14882818847923,71.56649932861328,82.51591743239096,60.617081224835594,0.30599283761249885,-0.003500086144706871,-0.0035062257765637035,0.4656183387113656,8612205.0,0.3904458846485888,1
2023-07-26,77.41000366210938,77.84500122070312,75.76000213623047,76.16000366210938,4235200,72.24049949645996,66.3297998046875,67.04259992599488,75.29535739428051,71.85754128717363,3.437816107106883,3.2190337763727115,0.21878233073417164,81.00778317125786,72.24049949645996,82.86540812407264,61.61559086884728,0.29415379743140735,0.007024858803603484,0.007000299433323257,0.4571214042293041,8530695.0,0.49646599720186924,0
2023-07-27,75.7699966430664,79.44000244140625,75.4000015258789,78.83000183105469,5911900,72.79049949645996,66.70779975891114,67.13439990997314,75.36837881717065,72.14735279501754,3.2210260221531115,3.2194322255287915,0.0015937966243200208,71.661575217605,72.79049949645996,82.91415790649555,62.66684108642436,0.278158783909099,-0.02118598296676888,-0.02141362688555987,0.47005523335389804,8494365.0,0.6959790402225475,1
2023-07-28,78.36000061035156,78.9800033569336,77.3499984741211,78.31500244140625,6225700,73.48899955749512,67.16419975280762,67.24309991836547,75.82862832381387,72.60754892948673,3.2210793943271483,3.219761659288463,0.0013177350386852638,72.77180187484355,73.48899955749512,83.08629168680154,63.891707428188695,0.26118989745663507,0.03418244796137482,0.03361120922638703,0.4755240407114303,8493605.0,0.73298675886152,1
2023-07-31,80.52999877929688,81.47000122070312,79.16000366210938,79.37999725341797,7815000,74.18699951171875,67.61959976196289,67.37849990844727,76.55191608619587,73.1943970665097,3.3575190196861797,3.2473131313680064,0.11020588831817335,72.9440447828852,74.18699951171875,83.6956892686258,64.6783097548117,0.25634382895900865,0.02769267677441345,0.027316169783677995,0.47196295975168484,8448285.0,0.9250398157732604,0
2023-08-01,78.76000213623047,79.9000015258789,77.77999877929688,79.87999725341797,6731500,74.81499977111817,68.00439979553222,67.49159992218017,76.89162163235504,73.60666410871123,3.2849575236438113,3.2548420098231676,0.030115513820643702,66.98199221457716,74.81499977111817,83.74401298683901,65.88598655539732,0.2386958027945575,-0.02197934521168088,-0.022224489754872206,0.482614166706546,8501365.0,0.7918140204543623,0
2023-08-02,74.48999786376953,77.13500213623047,73.87000274658203,77.13500213623047,10439800,75.09099960327148,68.32119972229003,67.58289991378784,76.52214105257266,73.67209623871554,2.8500448138571244,3.173882570629959,-0.3238377567728348,46.02140703942185,75.09099960327148,83.59019666527817,66.5918025412648,0.22637059319786715,-0.05421539051097468,-0.05574042138411564,0.5156608245606125,8373565.0,1.2467569070043643,0
2023-08-03,73.55000305175781,73.87999725341797,71.51000213623047,73.36000061035156,13742600,75.53799972534179,68.5797998046875,67.69309993743896,76.0648890524473,73.6630522989409,2.4018367535064016,3.019473407205248,-0.6176366536988462,45.59705742378254,75.53799972534179,82.52143597977877,68.55456347090481,0.18489862797079468,-0.012619074224311633,-0.012699370970366615,0.45548523629403725,8238245.0,1.6681465530583273,0
2023-08-04,63.52000045776367,70.39800262451172,63.20000076293945,67.68000030517578,33476000,75.35049991607666,68.61899978637695,67.73109994888306,74.13490619172674,72.91171512552036,1.2231910662063825,2.660216939005475,-1.4370258727990923,25.03434472157622,75.35049991607666,83.39012706082833,67.31087277132498,0.213392801738701,-0.1363698460615418,-0.14661066439424691,0.6657164979770932,9325400.0,3.589765586462779,1
2023-08-07,64.01000213623047,65.1500015258789,63.279998779296875,64.16000366210938,16331200,75.09800014495849,68.66199981689454,67.76479995727539,72.57722864472731,72.25232897816555,0.3248996665617625,2.193153484516732,-1.8682538179549697,23.77793826263978,75.09800014495849,84.21456077612669,65.98143951379029,0.24279103607475266,0.007714132162083498,0.007684530381810711,0.6582883851213968,9683665.0,1.6864689144037923,0
2023-08-08,62.380001068115234,63.58000183105469,62.31999969482422,62.79999923706055,11439300,74.6620002746582,68.72359985351562,67.80699996948242,71.00842440217161,71.52104542927293,-0.5126210271013178,1.6519985821931222,-2.16461960929444,23.139654841884507,74.6620002746582,85.29206721205126,64.03193333726513,0.28475173175881624,-0.02546478696635812,-0.02579462622492157,0.651218551053973,9754500.0,1.1727202829463326,1
2023-08-09,62.709999084472656,64.5469970703125,62.40999984741211,63.630001068115234,12169200,74.23650016784669,68.79779983520508,67.84464996337891,69.73174358406408,70.8683753296581,-1.1366317455940163,1.0942725166356946,-2.2309042622297106,25.73900482874153,74.23650016784669,86.06086397927444,62.41213635641893,0.31855930127883714,0.0052901252117179,0.005276181653169419,0.6518845183763904,9971765.0,1.2203657025611816,0
2023-08-10,62.2400016784668,64.26000213623047,61.810001373291016,63.060001373291016,8642500,73.5385004043579,68.86579986572265,67.87589996337891,68.57916790627988,70.22923654068096,-1.6500686344010802,0.5454042864283397,-2.19547292082942,25.355111606311326,73.5385004043579,86.47104267766153,60.60595813105429,0.3517216751006045,-0.007494776157989658,-0.007523003117755783,0.5878556871575311,9621475.0,0.8982510477863321,0
2023-08-11,60.56999969482422,62.36000061035156,60.529998779296875,61.599998474121094,7740700,72.79400043487549,68.86939987182618,67.8937999534607,67.34698818144055,69.51373751506193,-2.1667493336213823,0.0029735624183953036,-2.1697228960397776,21.242629797004128,72.79400043487549,86.92008556487927,58.6679153048717,0.38811124668554425,-0.0268316506845524,-0.027198190883332387,0.5911182238360695,9541315.0,0.8112823022822326,0
2023-08-14,60.150001525878906,60.4900016784668,59.63999938964844,60.060001373291016,7408100,71.89850063323975,68.84239990234374,67.89624996185303,66.23975946520031,68.82012744178913,-2.5803679765888177,-0.5136947453830473,-2.0666732312057703,21.13260126991453,71.89850063323975,86.8647533374839,56.932247928995594,0.4163161282204829,-0.00693409560940117,-0.006958248165874613,0.5674024013177358,9411625.0,0.7871223088467719,0
2023-08-15,58.36000061035156,60.36000061035156,58.130001068115234,60.09000015258789,9501100,70.86500072479248,68.74039993286132,67.89069995880126,65.02748887214666,68.045303232053,-3.017814359906339,-1.0145186682877056,-2.003295691618633,18.470707020708204,70.86500072479248,86.59306277881406,55.13693867077091,0.443888009402617,-0.029758950459165212,-0.030210733675609395,0.5627610658538096,9550025.0,0.994876976761841,0
2023-08-16,57.4900016784668,58.95000076293945,57.439998626708984,58.13999938964844,8309200,69.8300006866455,68.61939994812012,67.87684997558594,63.86787545773437,67.26342904289847,-3.3955535851640946,-1.4907256516629834,-1.9048279335011111,18.953811451581785,69.8300006866455,86.23813181370706,53.42186955958395,0.46994503696745604,-0.014907452412371125,-0.015019685281969957,0.5625848421720625,9549450.0,0.8701234102487578,0
2023-08-17,56.099998474121094,57.52000045776367,56.08000183105469,57.06999969482422,10195200,68.8265007019043,68.42179985046387,67.85089996337891,62.67281746025541,66.43650826002607,-3.7636907997706643,-1.9453186812845198,-1.8183721184861446,10.587811933249284,68.8265007019043,86.03729469524875,51.61570670855984,0.500121139904713,-0.024178172965097278,-0.02447526350162078,0.5621775847663248,9697645.0,1.0513067863383327,1
2023-08-18,56.880001068115234,57.27000045776367,54.724998474121094,55.029998779296875,9841100,67.86450061798095,68.23459991455078,67.83494997024536,61.78161493838769,65.72861883840305,-3.9470039000153605,-2.345655725030688,-1.6013481749846723,5.959039673842696,67.86450061798095,85.50428275132592,50.224718484635986,0.5198530003968301,0.013903789932435684,0.013808018943999745,0.5692775203665205,9926695.0,0.9913772912333864,1
2023-08-21,57.560001373291016,57.560001373291016,55.9900016784668,56.84000015258789,9422900,66.88550071716308,68.0840000152588,67.82774997711182,61.13213592837282,65.12353606320957,-3.991400134836752,-2.674804606991901,-1.316595527844851,8.850939702178238,66.88550071716308,84.53112400773693,49.239877426589224,0.5276367254897718,0.01195499810841194,0.011884101604210651,0.5683839168310222,10147040.0,0.9286353458742648,0
2023-08-22,56.06999969482422,58.0,55.630001068115234,57.810001373291016,10494000,65.84550056457519,67.90659996032714,67.8348999786377,60.35334573859611,64.45290373962547,-4.099558001029358,-2.9597552857993925,-1.1398027152299655,9.921680856962155,65.84550056457519,83.46517184699249,48.22582928215788,0.5351822411961941,-0.025886060509341613,-0.026227001184775982,0.5685142836474615,10503610.0,0.9990850764641871,1
2023-08-23,57.220001220703125,57.400001525878906,55.900001525878906,56.29999923706055,12207300,64.83600044250488,67.76700004577637,67.85144998550415,59.87129273584334,63.91713318266826,-4.0458404468249185,-3.1769723180044975,-0.868868128820421,14.790869470953211,64.83600044250488,81.97279111168189,47.69920977332788,0.528619611087008,0.020510104015303954,0.020302604262651344,0.5773902841869215,10902215.0,1.1197082427745189,0
2023-08-24,55.630001068115234,57.56999969482422,55.310001373291016,57.56999969482422,7952700,63.82900066375733,67.56920013427734,67.82904998779297,59.21878632542363,63.30327154455322,-4.08448521912959,-3.3584748982295163,-0.7260103209000737,23.254253191283567,63.82900066375733,80.62403598322685,47.03396534428781,0.5262509249657074,-0.027787488966578344,-0.028180865667920958,0.5789036375125757,11004255.0,0.7226931764122151,1
2023-08-25,55.86000061035156,56.630001068115234,54.970001220703125,55.400001525878906,7741000,62.70400066375733,67.4126001739502,67.795,58.70205006156638,62.75191814201976,-4.049868080453379,-3.496753534674289,-0.5531145457790902,21.87716205586041,62.70400066375733,78.3775805555696,47.03042077194506,0.49992280319911186,0.00413445151573355,0.004125928155934399,0.5545954286226036,11080020.0,0.6986449482943171,1
2023-08-28,55.869998931884766,56.45000076293945,55.2599983215332,56.0099983215332,5333600,61.47100067138672,67.20620010375977,67.76180000305176,58.26634988776921,62.24214634867643,-3.975796460907219,-3.592562119920875,-0.3832343409863439,24.70862180678489,61.47100067138672,74.96892914949939,47.97307219327406,0.43916410439681125,0.00017898892631507124,0.00017897290970836786,0.5339551038752018,10955950.0,0.4868222290171094,1
2023-08-29,57.7599983215332,57.900001525878906,55.459999084472656,55.56999969482422,7329800,60.421000480651855,67.03120002746581,67.76454999923706,58.18844964680982,61.91013538370285,-3.721685736893029,-3.618386843315306,-0.10329889357772304,32.8482351016023,60.421000480651855,71.26179872742661,49.580202233877095,0.35884206353869363,0.03382852023950589,0.03326892117205201,0.5637150600572011,10985865.0,0.6672028101565056,0
2023-08-30,57.720001220703125,58.209999084472656,56.97999954223633,57.33000183105469,6813200,59.58250064849854,66.84959999084472,67.71614999771118,58.116380658178024,61.5997550753325,-3.4833744171544794,-3.591384358083141,0.10800994092866167,33.857145620851355,59.58250064849854,68.20964113645812,50.95536016053895,0.28958638506478945,-0.000692470602360884,-0.0006927104708694371,0.5457412659573009,10804535.0,0.6305870636728004,0
2023-08-31,57.650001525878906,58.5,57.16999816894531,57.79999923706055,7392900,58.78750057220459,66.69340003967285,67.64609998703003,58.0446300224397,61.30718073833594,-3.2625507158962392,-3.525617629645761,0.2630669137495216,38.2258152837673,58.78750057220459,64.3982759908534,53.176725153555786,0.19088327838525762,-0.001212745899927481,-0.0012134818713274156,0.5470894429957326,10487050.0,0.7049551589817918,1
2023-09-01,58.16999816894531,59.040000915527344,57.849998474121094,58.38999938964844,5752300,58.52000045776367,66.57459999084473,67.58559999465942,58.06391742959441,61.074796844307,-3.0108794147125906,-3.422669986659127,0.41179057194653623,42.07998657226562,58.52000045776367,63.672157525074375,53.36784339045297,0.17608192163392858,0.009019889493549815,0.008979453261978049,0.2899460697341552,9100865.0,0.6320607986163953,1
2023-09-05,58.7400016784668,59.19499969482422,57.78499984741211,58.15999984741211,5987000,58.25650043487549,66.49220001220704,67.51240001678467,58.1679303909594,60.901849054244764,-2.7339186632853654,-3.284919721984375,0.5510010586990095,51.684401510322175,58.25650043487549,62.71937815849594,53.79362271125504,0.15321475510220423,0.00979892603513588,0.00975122789996167,0.2911770226469036,8583655.0,0.6974884242202185,0
2023-09-06,57.63999938964844,59.720001220703125,57.4900016784668,57.68000030517578,10491600,58.01950035095215,66.41,67.45284999847412,58.08671023691156,60.660230560570966,-2.573520323659409,-3.1426398423193818,0.5691195186599729,50.65159701837317,58.01950035095215,62.04208144841177,53.99691925349253,0.13866307269547548,-0.018726630190438076,-0.018904193802691482,0.2855558617572468,8536270.0,1.2290614050399062,0
2023-09-07,56.040000915527344,56.5,55.13999938964844,56.220001220703125,9075800,57.686000442504884,66.25220001220703,67.3931000137329,57.771831879775526,60.317991327604766,-2.5461594478292398,-3.0233437634213534,0.4771843155921136,49.74403774596983,57.686000442504884,61.13651374143037,54.2354871435794,0.11963087308729548,-0.027758474862309535,-0.02815102273645409,0.2955405937862085,8381600.0,1.0828242817600457,0
2023-09-08,53.08000183105469,56.0,52.779998779296875,56.0,20691100,57.228000450134275,66.0184001159668,67.32940002441406,57.05001187228001,59.78184395748994,-2.7318320852099305,-2.965041427779069,0.2332093425691384,36.33093574539334,57.228000450134275,60.5631313389129,53.892869561355646,0.11655591188039853,-0.05281939750383746,-0.05426549384570115,0.3401422877774619,8984030.0,2.30309783026103,1
2023-09-11,53.939998626708984,55.20000076293945,53.27000045776367,53.95500183105469,10420000,56.89650039672851,65.809400100708,67.289850025177,56.571548296038316,59.34911467372839,-2.7775663776900714,-2.9275464177612696,0.14998004007119814,37.14487131622823,56.89650039672851,60.14996388066738,53.64303691278965,0.11436427412066055,0.016201898379573088,0.01607204829184193,0.34234589104092106,9117995.0,1.1427950991418618,1
2023-09-12,54.33000183105469,55.729000091552734,53.650001525878906,53.78499984741211,10233100,56.60550041198731,65.56460014343261,67.24790002822876,56.22669499373314,58.97732853723404,-2.7506335435008964,-2.892163842909195,0.14153029940829853,43.2973866082334,56.60550041198731,59.66927491633647,53.541725907638146,0.10825006340551134,0.007230315429644696,0.007204302013911849,0.3452695431523676,9259245.0,1.105176501971813,0
2023-09-13,54.150001525878906,54.58000183105469,53.61000061035156,54.07500076293945,5735300,56.39500045776367,65.32360023498535,67.19905004501342,55.907203690986336,58.61974875861514,-2.7125450676288025,-2.8562400878531164,0.1436950202243139,37.21897960454181,56.39500045776367,59.52891987140473,53.26108104412261,0.11114174619036202,-0.003313092197852585,-0.0033185926401501256,0.332487875269465,9070955.0,0.6322708027986028,0
2023-09-14,53.849998474121094,54.72999954223633,53.56999969482422,54.61000061035156,8090000,56.21300029754639,65.02120018005371,67.15140003204345,55.59071058069937,58.26643392272669,-2.675723342027318,-2.820136738687957,0.14441339666063868,41.69774708622178,56.21300029754639,59.49829185683254,52.927708738260236,0.11688725177081676,-0.005540222406354656,-0.005555626359071696,0.3298874562390537,9059995.0,0.892936475130505,0
2023-09-15,52.83000183105469,54.08000183105469,52.2599983215332,53.68000030517578,11915100,56.049500465393066,64.78560020446777,67.10870004653931,55.16598615767711,57.8637352492695,-2.6977490915923923,-2.7956592092688437,0.09791011767645141,36.837531601351685,56.049500465393066,59.66713805744008,52.431862873346056,0.12908723760279248,-0.018941442376392836,-0.019123129431072958,0.32594077766225166,9145990.0,1.302767661018654,0
2023-09-18,51.25,52.810001373291016,51.2400016784668,52.810001373291016,11564000,55.7680004119873,64.46520027160645,67.05440004348755,54.56352674880371,57.3738289345088,-2.8103021857050905,-2.7985878045560932,-0.011714381148997255,32.339450945989654,55.7680004119873,59.946272811586525,51.58972801238808,0.14984479876388415,-0.029907283291554343,-0.030363627817079523,0.3331885085418486,9232135.0,1.2525813368197063,0
2023-09-19,49.79999923706055,50.630001068115234,49.369998931884766,49.939998626708984,17971800,55.380000305175784,64.08000030517579,66.96455005645753,53.83067636238169,56.8128045124756,-2.9821281500939136,-2.8352958736636578,-0.14683227643025587,18.512660328957296,55.380000305175784,60.24275239764471,50.51724821270686,0.17561401465050022,-0.028292697813452783,-0.028700649307979817,0.3366571650089745,9659580.0,1.8605156745945477,0
2023-09-20,47.56999969482422,50.060001373291016,47.52000045776367,49.9900016784668,15313500,54.95500030517578,63.609400329589846,66.85655006408692,52.86749533660362,56.128152303760686,-3.260656967157068,-2.92036809236234,-0.34028887479472836,15.778825783337567,54.95500030517578,60.92382652253352,48.98617408781804,0.21722595520741286,-0.04477910795984086,-0.045812664681646825,0.35679294318888005,9900555.0,1.5467314711144982,0
2023-09-21,45.619998931884766,46.93000030517578,45.27000045776367,46.5099983215332,19540800,54.375000190734866,63.09740028381348,66.74375005722045,51.75249588972379,55.34977057251062,-3.597274682786832,-3.0557494104472385,-0.5415252723395936,14.003589147815958,54.375000190734866,61.549688583730884,47.20031179773885,0.2638965836442806,-0.04099223828987364,-0.04185611058595988,0.3585265289073269,10267230.0,1.9032202453826397,0
2023-09-22,44.709999084472656,46.18000030517578,44.599998474121094,45.88999938964844,11866500,53.829000091552736,62.46760032653808,66.65160005569459,50.66903484276207,54.56163935117448,-3.892604508412404,-3.223120430040272,-0.6694840783721321,10.643291578400692,53.829000091552736,62.16896886991789,45.48903131318758,0.30986898378868183,-0.019947388617234107,-0.02014902367405703,0.3547228946204695,10462920.0,1.1341480198644356,1
2023-09-25,45.59000015258789,45.7400016784668,44.33000183105469,44.619998931884766,8841300,53.31550006866455,61.87020034790039,66.57305006027222,49.88764489042758,53.897073484612505,-4.009428594184925,-3.3803820628692027,-0.6290465313157223,12.234351637449151,53.31550006866455,62.363548857812205,44.26745127951689,0.3394153211540643,0.0196824219667866,0.019491227803435682,0.3673719057595715,10517935.0,0.840592758939849,0
2023-09-26,44.810001373291016,45.7400016784668,44.560001373291016,44.939998626708984,10168200,52.76250019073486,61.20520042419434,66.49175006866454,49.10646896471427,53.223957031922026,-4.117488067207759,-3.527803263736914,-0.5896848034708451,12.463435044456077,52.76250019073486,62.48031891984534,43.044681461624386,0.3683608128493097,-0.017108988301957728,-0.01725703812728208,0.366236510434015,10759665.0,0.945029422384433,0
2023-09-27,44.13999938964844,45.36000061035156,43.75,45.2599983215332,11656100,52.08150024414063,60.50740043640137,66.39560007095336,48.342396722396444,52.5510712806425,-4.208674558246059,-3.6639775226387434,-0.544697035607316,13.180696691978383,52.08150024414063,62.2243568748565,41.93864361342476,0.3894994031727026,-0.014952063448092967,-0.015064972444066878,0.32630574401133994,10975980.0,1.0619643986231753,1
2023-09-28,44.349998474121094,44.560001373291016,42.77000045776367,44.029998779296875,16585100,51.41300010681152,59.830600357055665,66.29435007095337,47.72818160727716,51.943584406085364,-4.215402798808206,-3.774262577872636,-0.44114022093557015,17.44966080210459,51.41300010681152,61.75162360964545,41.0743766039776,0.4021793508005847,0.004757568812334467,0.004746287349240185,0.3296225735896431,11464575.0,1.4466388854362242,0
2023-09-29,44.2599983215332,45.630001068115234,44.209999084472656,45.209999084472656,11965300,50.74349994659424,59.19240036010742,66.18465007781982,47.19461494793194,51.37442988130372,-4.17981493337178,-3.8553730489724654,-0.3244418843993149,11.708880815523884,50.74349994659424,61.11567460799678,40.3713252851917,0.4088080117579154,-0.002029315798971365,-0.0020313776501810635,0.32925176095763836,11693195.0,1.023270372212214,0
2023-10-02,43.189998626708984,44.720001220703125,42.97999954223633,44.31999969482422,10433200,49.99449996948242,58.53380027770996,66.04545007705688,46.57852012928225,50.7681757142967,-4.1896555850144495,-3.9222295561808624,-0.267426028833587,8.183182172652806,49.99449996948242,60.27167981263317,39.71732012633167,0.411132418543005,-0.024175321631307978,-0.02447234152391487,0.3208910732236446,11927240.0,0.8747371562909776,0
2023-10-03,41.900001525878906,43.290000915527344,41.4900016784668,42.56999969482422,11399900,49.152499961853025,57.829000320434574,65.89870008468628,45.85874803645097,50.111273922562056,-4.252525886111087,-3.9882888221669077,-0.26423706394417934,7.553708451391557,49.152499961853025,59.16885338922792,39.13614653447813,0.4075623187080425,-0.02986795882953175,-0.030323091830855978,0.31167954032805245,12197885.0,0.9345800521975736,0
2023-10-04,41.900001525878906,42.220001220703125,41.2400016784668,42.0,11048000,48.36550006866455,57.129600296020506,65.77875009536743,45.249710111747575,49.50303152280775,-4.253321411060178,-4.041295339945561,-0.21202607111461624,7.714086089607875,48.36550006866455,58.041607988955576,38.68939214837353,0.4001243823202011,0.0,0.0,0.31699919598782983,12225705.0,0.9036697679193143,1
2023-10-05,42.63999938964844,42.814998626708984,40.77000045776367,41.5099983215332,15916700,47.69549999237061,56.43420021057129,65.67940010070801,44.84821615450156,48.99465877220336,-4.146442617701801,-4.062324795496809,-0.08411782220499209,13.212983523260291,47.69549999237061,56.98198081736343,38.409019167377785,0.3894070017707453,0.01766104622484277,0.01750690219827888,0.33446384239235033,12567750.0,1.2664717232599312,1
2023-10-06,43.83000183105469,44.04999923706055,42.150001525878906,42.150001525878906,13244300,47.23299999237061,55.795400314331054,65.59635011672974,44.69156779704819,48.61209159137753,-3.920523794329341,-4.033964595263316,0.1134408009339749,22.43685485274304,47.23299999237061,56.30934333236462,38.1566566523766,0.3843221197662686,0.02790812519793673,0.027525790663476712,0.3308682055578593,12195410.0,1.086006948515876,0
2023-10-09,43.709999084472656,43.814998626708984,42.88999938964844,43.119998931884766,7787600,46.72150001525879,55.10240028381347,65.50785011291504,44.540557225882715,48.24897362790309,-3.708416402020376,-3.968854956614728,0.2604385545943524,24.896951292955833,46.72150001525879,55.34826497829201,38.09473505222557,0.3692845889030018,-0.0027379133371837616,-0.0027416682772711362,0.31807414769359066,12063790.0,0.6455351096131481,1
2023-10-10,46.0,46.540000915527344,44.29999923706055,44.29999923706055,15783400,46.304999923706056,54.41180030822754,65.42495010375977,44.765086883439224,48.082382988799154,-3.3172961053599295,-3.838543186363769,0.5212470810038394,43.5602978655224,46.304999923706056,54.15439703191247,38.455602815499645,0.33903021795224647,0.05239077930662406,0.05106450855936157,0.3844860640873055,12341305.0,1.278908510890866,1
2023-10-11,46.689998626708984,47.53499984741211,46.02000045776367,46.34000015258789,15563000,45.93199977874756,53.77040023803711,65.35545009613037,45.061227151634576,47.97924340642211,-2.9180162547875312,-3.654437800048522,0.7364215452609906,54.89478346271194,45.93199977874756,52.86754525908148,38.99645429841364,0.3019918798982035,0.014999970145847419,0.014888583080792014,0.3928568011470909,12832690.0,1.2127620943075847,0
2023-10-12,45.45000076293945,47.224998474121094,45.12099838256836,47.04999923706055,13843000,45.511999893188474,53.18960029602051,65.27825010299682,45.12103847645071,47.79189209949747,-2.67085362304676,-3.45772096464817,0.7868673416014098,53.28597597146904,45.511999893188474,51.360852761470824,39.663147024906124,0.2570246476537593,-0.026558104524342152,-0.026917142160052723,0.3987937846666885,13120340.0,1.0550793653213255,0
2023-10-13,43.16999816894531,44.869998931884766,43.13999938964844,44.630001068115234,13495900,45.028999710083006,52.582000198364256,65.1948000907898,44.820878429142184,47.449529586123234,-2.62865115698105,-3.291907003114746,0.6632558461336959,40.44233012318218,45.028999710083006,49.83599385965339,40.22200556051262,0.21350659266339383,-0.0501650727331403,-0.05146707025742907,0.42457385823830496,13199380.0,1.0224646915233897,1
2023-10-16,44.7599983215332,44.95000076293945,43.595001220703125,43.84000015258789,9192200,44.70449962615967,52.20680015563965,65.12320007324219,44.8115122587408,47.25030504800545,-2.438792789264653,-3.121284160344728,0.6824913710800748,49.81439106449019,44.70449962615967,48.51652151354617,40.89247773877317,0.17054309607598536,0.03683113782783698,0.03616907879206046,0.447906437205569,13080790.0,0.702725141218535,1
2023-10-17,45.900001525878906,46.380001068115234,44.09000015258789,44.18000030517578,11581300,44.50949974060059,51.844600143432615,65.03810009002686,44.97897214599281,47.15028256488496,-2.1713104188921477,-2.931289412054212,0.7599789931620644,56.31277556667674,44.50949974060059,47.54366609735795,41.47533338384323,0.13633792221617178,0.02546924144537477,0.02515030436558239,0.4536217243138591,12761265.0,0.9075354206655845,0
2023-10-18,44.58000183105469,45.880001068115234,44.54999923706055,45.275001525878906,8206400,44.35999984741211,51.488600158691405,64.94680009841919,44.9175920975408,46.95989139941605,-2.0422993018752535,-2.7534913900184206,0.711192088143167,50.76413059898593,44.35999984741211,47.032297981030275,41.68770171379395,0.1204823328588925,-0.028758162329907355,-0.02917978127886974,0.43765378775340913,12405910.0,0.6614911763828691,0
2023-10-19,44.16999816894531,45.56999969482422,43.959999084472656,44.380001068115234,10885100,44.287499809265135,51.11780014038086,64.84445009231567,44.80257764698764,46.753232641603404,-1.9506549946157605,-2.5929241109378887,0.6422691163221281,49.70722148936936,44.287499809265135,46.893725960953404,41.68127365757687,0.1176957905915942,-0.009197031073779893,-0.009239584877457458,0.4148904221223942,11973125.0,0.9091277339875763,0
2023-10-20,43.97999954223633,44.560001373291016,43.70000076293945,44.51499938964844,9985900,44.25099983215332,50.75260009765625,64.73285007476807,44.676027169333594,46.54780796757621,-1.871780798242618,-2.4486954483988344,0.5769146501562163,52.726020069143665,44.25099983215332,46.85275534841424,41.649244315892396,0.1175908126880539,-0.004301531233536826,-0.004310809435556732,0.40923718247425783,11879095.0,0.8406280108038533,0
2023-10-23,43.900001525878906,44.564998626708984,42.810001373291016,43.58000183105469,9641600,44.16649990081787,50.41920013427735,64.6288000869751,44.5566386088021,46.35167415708011,-1.7950355482780083,-2.317963468374669,0.5229279200966608,57.530116848027475,44.16649990081787,46.69385962467126,41.639140176964474,0.11444691019342434,-0.0018189635559362483,-0.0018206198789774083,0.4022247698313937,11919110.0,0.8089194579125455,1
2023-10-24,45.349998474121094,46.150001525878906,44.71099853515625,44.779998779296875,11482200,44.19349975585938,50.12320007324219,64.51060009002686,44.67869397269733,46.2774759583424,-1.5987819856450685,-2.174127171828749,0.5753451861836805,61.71078126950403,44.19349975585938,46.7610234024407,41.62597610927806,0.1161946286564873,0.033029542092098074,0.03249578807523493,0.4157037934251705,11984810.0,0.9580627477615414,0
2023-10-25,41.720001220703125,43.650001525878906,41.29999923706055,43.560001373291016,20833400,44.07249984741211,49.79040008544922,64.37390010833741,44.22351047239053,45.93988523703579,-1.7163747646452592,-2.082576690392051,0.3662019257467919,47.389335909372164,44.07249984741211,46.868563137004664,41.27643655781956,0.12688471492532025,-0.08004404356241424,-0.08342948352242742,0.5035954141373409,12443675.0,1.6742160173742886,0
2023-10-26,41.68000030517578,42.88999938964844,41.54499816894531,41.65999984741211,11861500,43.93899993896484,49.474200057983396,64.2321501159668,43.83220121589595,45.62433820504616,-1.7921369891502081,-2.0244887501436826,0.23235176099347443,43.47297702936321,43.93899993896484,46.927608528358974,40.95039134957071,0.13603443835979764,-0.0009587946873667041,-0.0009592546250069779,0.502936682457353,12207495.0,0.9716571663555873,0
2023-10-27,40.02000045776367,40.52000045776367,38.90999984741211,40.36000061035156,19872600,43.727000045776364,49.15260009765625,64.0739001274109,43.24570879156791,45.20920207561783,-1.9634932840499246,-2.012289656924931,0.048796372875006266,39.75569414046772,43.727000045776364,47.18448921859218,40.26951087296055,0.15813978407831683,-0.039827251325762925,-0.040642064173027355,0.519959971711709,12602860.0,1.5768325602283926,0
2023-10-30,39.220001220703125,40.86000061035156,38.849998474121094,40.369998931884766,15531800,43.528500175476076,48.799400100708006,63.911000118255615,42.62636916528102,44.76555756784637,-2.1391884025653525,-2.0376694060530154,-0.10151899651233709,29.47941841095198,43.528500175476076,47.529006011139884,39.52799433981227,0.18381087423350695,-0.019989985704893964,-0.02019248870125414,0.5180688854982276,12857790.0,1.2079680878284682,1
2023-10-31,40.25,40.380001068115234,38.8849983215332,39.47999954223633,9734500,43.44600009918213,48.453200073242186,63.75400011062622,42.26077390908394,44.43107182207997,-2.170297912996034,-2.064195107441619,-0.10610280555441509,30.901542554358883,43.44600009918213,47.65075062730206,39.2412495710622,0.193562146965013,0.026262079225871204,0.025923151971866544,0.5196336467237691,12774520.0,0.7620247179541776,1
2023-11-01,40.959999084472656,41.095001220703125,39.34000015258789,39.95000076293945,11957100,43.398999977111814,48.151000061035155,63.58330011367798,42.06065470529759,44.17395532299795,-2.113300617700361,-2.0740162094933674,-0.039284408206993415,36.252289577839335,43.398999977111814,47.69650384244627,39.10149611177736,0.19804621616170487,0.017639728806774002,0.01748595451493786,0.5240582553235756,12819975.0,0.9326929264682653,1
2023-11-02,43.97999954223633,44.099998474121094,42.779998779296875,43.709999084472656,30573900,43.46599998474121,47.88620002746582,63.4426501083374,42.35593852636509,44.159588228126715,-1.8036497017616284,-2.0199429079470197,0.21629320618539127,52.37258807494507,43.46599998474121,47.755454890048064,39.176545079434355,0.19737058421813244,0.07373048157387552,0.07113901633865377,0.5843123534298109,13552835.0,2.2559043919593207,1
2023-11-03,48.68000030517578,52.130001068115234,48.400001525878906,50.79999923706055,49424200,43.708499908447266,47.74720001220703,63.33135009765625,43.32887110772058,44.49443356716739,-1.1655624594468108,-1.849066818246978,0.6835043588001672,59.71259332352249,43.708499908447266,48.59186455556812,38.82513526132641,0.223451486889262,0.10686677607683448,0.10153329967017995,0.6883534467068148,15361830.0,3.2173380385019232,1
2023-11-06,49.52000045776367,49.92100143432617,48.152000427246094,49.189998626708984,22090200,43.998999977111815,47.620400009155276,63.19815008163452,44.28135254618875,44.86669778128564,-0.585345235096888,-1.5963225016169602,1.0109772665200722,59.10462808512304,43.998999977111815,49.53092016156198,38.46707979266165,0.2514566325292783,0.017255549451970387,0.017108363232012588,0.6885906467059169,16076960.0,1.3740284232840039,1
2023-11-07,51.04999923706055,51.630001068115234,49.70500183105469,49.70500183105469,22098700,44.25149993896484,47.52400001525879,63.04510005950928,45.322682806322874,45.324720111343034,-0.002037305020159863,-1.2774654622976,1.2754281572774402,66.10253811328307,44.25149993896484,50.57268627434501,37.93031360358467,0.28569365305577654,0.03089658249502314,0.030428892045372705,0.673928500018072,16392725.0,1.348079712189401,1
2023-11-08,52.27000045776367,53.04999923706055,50.630001068115234,50.959999084472656,19517500,44.53050003051758,47.4142000579834,62.90250005722046,46.391500906544536,45.83918532218901,0.5523155843555259,-0.9115092529669748,1.4638248373225007,69.37800510220565,44.53050003051758,51.735628145225775,37.325371915809384,0.32360418633387844,0.023898163348403,0.023617071816776122,0.6762288870092684,16590450.0,1.1764298135373061,0
2023-11-09,51.04999923706055,53.349998474121094,50.97999954223633,52.79499816894531,16380500,44.81049995422363,47.28080001831054,62.75390007019043,47.10819295739316,46.22517153810542,0.8830214192877364,-0.5526031185160327,1.435624537803769,66.1194757320464,44.81049995422363,52.5792806229086,37.04171928553866,0.3467392988974103,-0.023340371341472155,-0.023617071816776164,0.6742352653337421,16717325.0,0.9798517406343419,1
2023-11-10,51.5,51.70000076293945,50.869998931884766,50.9900016784668,9510200,45.227000045776364,47.15779998779297,62.6054500579834,47.783855579332666,46.61589957231983,1.1679560070128332,-0.20849129341025954,1.3764473004230928,67.04035882110435,45.227000045776364,53.50213712972027,36.95186296183246,0.3659379165351781,0.008814902442011663,0.00877627800396133,0.6399204852630483,16518040.0,0.5757462749817776,1
2023-11-13,52.02000045776367,52.209999084472656,50.86000061035156,50.95000076293945,9727500,45.59000015258789,47.03480003356933,62.446400051116946,48.43557017601436,47.01620334161197,1.419366834402389,0.11708033215227018,1.3022865022501189,65.60599512639823,45.59000015258789,54.39862484704096,36.78137545813482,0.38642793002724113,0.010097096267255745,0.010046461150577977,0.631829634752616,16544805.0,0.587948906016118,1
2023-11-14,55.099998474121094,55.33000183105469,53.81999969482422,53.959999084472656,15519200,46.05,46.96199996948242,62.32295003890991,49.46086683726155,47.61500298105709,1.8458638562044598,0.4628370369627081,1.3830268192417516,82.13255871647345,46.05,55.83369586628097,36.266304133719025,0.42491621569081317,0.0592079582709375,0.05752141964569784,0.6549270805088352,16741700.0,0.9269787417048448,1
2023-11-15,56.29999923706055,57.27000045776367,55.45000076293945,55.52000045776367,14683100,46.635999870300296,46.935199966430666,62.1958500289917,50.51304105261524,48.25833603705735,2.254705015557896,0.8212106326817457,1.4334943828761502,83.25750508727552,46.635999870300296,57.403465687597404,35.86853405300319,0.46176626842965013,0.02177859884157818,0.02154483312835586,0.6396780670791954,17065535.0,0.8603949422036872,0
2023-11-16,56.279998779296875,56.45000076293945,55.4900016784668,56.02000045776367,9462600,47.24149990081787,46.939999923706054,62.05775001525879,51.40026531825857,48.85253327722324,2.5477320410353315,1.166514914352463,1.3812171266828686,89.97049704904849,47.24149990081787,58.76081974027975,35.72218006135599,0.48767798921060296,-0.000355247922463664,-0.0003553110379550788,0.6364622904471579,16994410.0,0.5568066205299272,1
2023-11-17,58.189998626708984,58.400001525878906,56.400001525878906,56.439998626708984,12031000,47.95199985504151,47.04219985961914,61.90664999008179,52.444839673404786,49.54419737718514,2.900642296219644,1.513340390725899,1.3873019054937448,94.21910659971059,47.95199985504151,60.34415358222258,35.55984612786043,0.5168565967902257,0.033937453604116374,0.03337428451209071,0.6371949163176431,17096665.0,0.703704494414554,1
2023-11-20,59.27000045776367,59.53499984741211,57.47600173950195,57.91999816894531,10463400,48.72049980163574,47.148799896240234,61.779449996948244,53.49486440946,50.264627235005776,3.230237174454224,1.8567197474715642,1.37351742698266,94.23255135601818,48.72049980163574,61.93375156537089,35.50724803790059,0.5424103536512378,0.018559921920310307,0.01838978845465107,0.6342216529650508,17137755.0,0.610546713965744,0
2023-11-21,58.66999816894531,59.334999084472656,58.060001373291016,58.66999816894531,8125100,49.38649978637695,47.23559982299805,61.66004997253418,54.291038833996204,50.88724730418649,3.403791529809716,2.1661341039391946,1.2376574258705215,91.39783373774937,49.38649978637695,63.212971150243064,35.56002842251084,0.5599291880847196,-0.010123203714937135,-0.010174791794727012,0.6372295166590501,16969900.0,0.47879480727641294,1
2023-11-22,59.02000045776367,59.72999954223633,58.3390007019043,59.130001068115234,7702100,50.25149974822998,47.332999801635744,61.53924997329712,55.01857139149889,51.48967346371072,3.528897927788165,2.438686868708989,1.0902110590791763,90.17092362498772,50.25149974822998,64.22235934980674,36.28064014665323,0.556037518146664,0.005965609335976119,0.005947885542488643,0.5341892820710556,16313335.0,0.47213521943857584,1
2023-11-24,59.650001525878906,60.040000915527344,58.68000030517578,58.970001220703125,5162600,51.14999980926514,47.448999862670895,61.43184999465942,55.731099104480435,52.094142209056514,3.6369568954239213,2.6783408740519756,0.9586160213719457,87.44025380610205,51.14999980926514,65.11117564801008,37.188823970520204,0.5458915304322662,0.01067436569347513,0.010617796853589314,0.5302905604629884,15978390.0,0.3230988854321368,1
2023-11-27,60.310001373291016,60.779998779296875,59.0,59.11000061035156,10451600,52.164499855041505,47.59859985351562,61.3525,56.435545607374365,52.70272436937018,3.7328212380041847,2.8892369468424177,0.843584291161767,87.28401629641893,52.164499855041505,65.66138512950866,38.66761458057435,0.5174739645534138,0.011064540327392569,0.011003776108971394,0.4847370907873679,15507340.0,0.6739776131818868,1
2023-11-28,63.34000015258789,64.0,60.38999938964844,60.5,15851200,53.370499801635745,47.84039985656738,61.29304998397827,57.497769383561064,53.490670723682605,4.007098659878459,3.112809289449626,0.8942893704288326,88.4783785371922,53.370499801635745,66.29563750518778,40.4453620980837,0.4843551307029694,0.05024040308907618,0.04901909328609172,0.46956368387437936,15523310.0,1.0211224281419362,1
2023-11-29,63.72999954223633,65.11000061035156,63.58000183105469,63.58000183105469,13983700,54.54449977874756,48.1189998626709,61.227599983215335,58.45657402335726,54.24913952505696,4.207434498300302,3.3317343312197614,0.8757001670805402,87.84674297065507,54.54449977874756,66.69389723420377,42.39510232329133,0.44548570450691166,0.006157236954671852,0.006138358623819988,0.4740518980298875,15735770.0,0.8886568626765643,0
2023-11-30,63.43000030517578,64.19999694824219,62.68000030517578,64.08999633789062,9036600,55.667999839782716,48.43619987487793,61.15074996948242,59.22171652825242,54.92920328654724,4.29251324170518,3.5238901133168454,0.7686231283883345,93.53022744118407,55.667999839782716,66.62538851035126,44.710611169214175,0.3936692068012088,-0.004707347233883552,-0.004718461686315372,0.4843339234721913,15589745.0,0.5796502765118994,1
2023-12-01,65.04000091552734,65.16999816894531,63.38999938964844,63.5,11954200,56.72099990844727,48.82459991455078,61.06249996185303,60.1168372032178,55.678151259064286,4.438685944153512,3.706849279484179,0.7318366646693333,94.01819446318446,56.72099990844727,66.97415974063867,46.46784007625587,0.36152958688108144,0.02538232070953006,0.025065538858901424,0.4453864788520578,14658760.0,0.8154987188548009,0
2023-12-04,65.0,65.33000183105469,64.19000244140625,65.0,8865200,57.53699989318848,49.23039993286133,60.99434997558594,60.868093018107366,56.368658573207675,4.499434444899691,3.8653663125672812,0.63406813233241,93.55702983168999,57.53699989318848,67.69285544532515,47.38114434105181,0.3530199896063393,-0.0006150202177779285,-0.0006152094202916242,0.31078419833945803,12630810.0,0.7018710597340947,0
2023-12-05,64.88999938964844,64.94000244140625,63.380001068115234,64.31999969482422,8606200,58.30549983978271,49.616399917602536,60.943699989318844,61.4868478444983,56.99986900405514,4.486978840443157,3.989688818142457,0.4972900223007004,91.03099079740869,58.30549983978271,68.23052549552988,48.38047418403555,0.3404490376729493,-0.0016923170823317513,-0.001693750668501871,0.31598396947776763,11956610.0,0.7197859593981907,1
2023-12-06,68.0,69.94999694824219,65.79000091552734,65.79000091552734,20160600,59.15299987792969,50.08019989013672,60.923950004577634,62.48887125303702,57.81469352227328,4.674177730763738,4.126586600666713,0.5475911300970244,92.26876511648739,59.15299987792969,69.36011871298584,48.94588104287353,0.3451090851223079,0.047927271376237535,0.04681418594897153,0.3335079930770631,11859705.0,1.699924239262275,1
2023-12-07,68.47000122070312,68.87999725341797,66.87999725341797,67.02899932861328,12668300,59.96299991607666,50.56679992675781,60.90159999847412,63.409045094216424,58.60397557400883,4.805069520207596,4.26228318457489,0.5427863356327061,92.65218737653629,59.96299991607666,70.43792122068065,49.48807861147268,0.3493794946638604,0.0069117826573990016,0.0068880057851563765,0.33270584488459437,11517245.0,1.0999418697787535,1
2023-12-08,69.16999816894531,70.66699981689453,67.5999984741211,67.8499984741211,11485300,60.8689998626709,51.0631999206543,60.876699981689455,64.29534556725164,59.38664391437449,4.908701652877156,4.391566878235343,0.5171347746418125,91.9724571976861,60.8689998626709,71.23188307519966,50.50611665014213,0.34049789666033287,0.010223410774973463,0.010171505179425886,0.303027321281264,11272485.0,1.0188791557495973,0
2023-12-11,68.55999755859375,70.26000213623047,68.23999786376953,68.92500305175781,8109700,61.72199974060059,51.54919990539551,60.83269996643067,64.95144587361196,60.066151591724065,4.885294281887894,4.490312358965854,0.3949819229220406,86.83582014601119,61.72199974060059,71.63658778640378,51.807411694797395,0.32126593718516216,-0.008818861160898916,-0.008857977460941302,0.31441638982663694,11202460.0,0.72392135298854,1
2023-12-12,69.56999969482422,69.56999969482422,68.33000183105469,69.20999908447266,6414700,62.59949970245361,52.076799926757815,60.80484996795654,65.66199261533693,60.770140340101854,4.891852275235074,4.570620342219698,0.3212319330153761,91.85867107944763,62.59949970245361,71.99135178253039,53.20764762237684,0.3000615699715778,0.01473165362013451,0.014624196869202112,0.3139679243990334,11036820.0,0.5812090801517104,1
2023-12-13,70.05999755859375,70.54000091552734,66.7300033569336,69.7300033569336,16628000,63.34749965667724,52.639999847412106,60.771499938964844,66.33860876045335,61.458277911841996,4.880330848611358,4.6325624434980295,0.24776840511332843,91.94527822506424,63.34749965667724,72.60645420780219,54.088545105552306,0.29232265207957536,0.007043235100171907,0.007018547373027535,0.2672913160504671,11092260.0,1.4990633108131255,1
2023-12-14,74.76000213623047,75.44000244140625,71.7750015258789,71.80000305175781,20563600,64.27049980163574,53.29719985961914,60.7621499633789,67.63420774134214,62.44359081735225,5.190616923989886,4.744173339596401,0.4464435843934851,93.84793286842596,64.27049980163574,74.22564660468214,54.315352998589326,0.3097889960019586,0.06708542308620458,0.0649310282398959,0.3298535730733343,11386285.0,1.805997302895545,0
2023-12-15,74.20999908447266,75.48999786376953,73.66000366210938,74.83000183105469,11130100,65.16699981689453,53.92859985351563,60.742999954223635,68.6458679479776,63.31517661491673,5.3306913330608765,4.861476938289296,0.4692143947715808,90.59577214946745,65.16699981689453,75.31972614238859,55.014273491400466,0.3115910308598239,-0.007356915944913611,-0.007384111516811665,0.3349273551341287,11469660.0,0.9703949376005915,0
2023-12-18,73.87999725341797,74.87000274658203,73.4000015258789,74.0,7546000,65.95149974822998,54.52959976196289,60.70799995422363,69.45111861035305,64.09775592147237,5.353362688880679,4.959854088407573,0.39350860047310654,86.54642882935696,65.95149974822998,76.25784702211911,55.64515247434085,0.312543226863184,-0.00444686477733347,-0.004456781490282067,0.3325241587110739,11245410.0,0.6710293355244495,1
2023-12-19,77.30999755859375,77.76000213623047,74.5999984741211,74.5999984741211,11958300,66.85349960327149,55.20159973144531,60.69049995422363,70.66017691008238,65.07644048718507,5.583736422897317,5.084630555305522,0.499105867591795,88.88885975796131,66.85349960327149,77.83338299913535,55.87361620740762,0.3284759499808313,0.04642664364767679,0.04538116359816684,0.35362483618743135,11320155.0,1.056372461331139,0
2023-12-20,76.11000061035156,79.0999984741211,76.0,77.02999877929688,12378200,67.72549972534179,55.80379974365234,60.680849952697756,71.4986113255084,65.89374123704926,5.604870088459151,5.188678461936249,0.4161916265229024,84.53157574767825,67.72549972534179,78.73893810041967,56.71206135026391,0.32523756693542216,-0.015521885734541718,-0.01564361145431141,0.35890892858925705,11532810.0,1.0733030371609347,1
2023-12-21,76.9000015258789,77.8499984741211,75.83000183105469,77.16999816894531,8829400,68.61949977874755,56.40799980163574,60.67559997558594,72.32959443325771,66.70901977696256,5.6205746562951475,5.275057700808029,0.3455169554871187,83.80842312584058,68.61949977874755,79.56006853023143,57.67893102726367,0.3188763773201486,0.010379725518224525,0.010326226055341827,0.3580480236305873,11589175.0,0.7618661380124124,1
2023-12-22,77.13999938964844,77.55000305175781,76.25,77.08000183105469,7045400,69.49399967193604,57.041799774169924,60.69229995727539,73.06965673424091,67.48168493345781,5.5879718007830945,5.337640520803042,0.25033127998005256,84.21644766211168,69.49399967193604,80.20953905542414,58.77846028844793,0.308387470402438,0.0031209084396282005,0.0031160485138474426,0.3598532254630365,11683315.0,0.6030309034721738,1
2023-12-26,78.18000030517578,78.63999938964844,77.30000305175781,77.30000305175781,6135500,70.38749961853027,57.741999816894534,60.72814994812012,73.85586343746166,68.27415273877025,5.58171069869141,5.386454556380715,0.19525614231069444,85.59184999478978,70.38749961853027,80.8559199435941,59.91907929346644,0.29745112077565283,0.013481992789163844,0.013391919400486719,0.35976732808063433,11467510.0,0.5350333245839768,1
2023-12-27,79.5999984741211,79.7300033569336,77.95999908447266,78.0,7418800,71.20049953460693,58.43879981994629,60.77884994506836,74.73957652002466,69.11310427472218,5.62647224530248,5.434458094165068,0.19201415113741227,84.15782149826362,71.20049953460693,81.88768491224971,60.513314156964164,0.30019973026869784,0.018163189606067442,0.01800020941269355,0.33311114012608345,11045890.0,0.6716344269225929,0
2023-12-28,79.51000213623047,80.29000091552734,79.20999908447266,79.7699966430664,6830500,71.98949966430663,59.11099983215332,60.808249969482425,75.4734881532871,69.88324485705613,5.590243296230966,5.465615134578248,0.12462816165271828,83.25301786243648,71.98949966430663,82.68445384017396,61.29454548843931,0.2971253926125014,-0.0011306072816054114,-0.0011312469001684075,0.3357120399939159,10688230.0,0.6390674601875147,0
2023-12-29,77.3499984741211,79.7699966430664,76.8550033569336,79.31999969482422,8244900,72.68549957275391,59.76639976501465,60.8246499633789,75.76218204880001,70.43633771757946,5.3258443312205515,5.437660973906708,-0.11181664268615688,72.64672745115351,72.68549957275391,82.83279699541171,62.53820215009611,0.279211052611696,-0.02716643949283859,-0.02754226948870198,0.3586253565826069,10648645.0,0.7742675241779587,0
2024-01-02,72.22000122070312,75.9000015258789,71.47000122070312,75.5,15249500,73.0444995880127,60.327399826049806,60.810299987792966,75.21723115216973,70.56846094003306,4.648770212136668,5.2798828215527,-0.6311126094160322,58.10452472389906,73.0444995880127,82.54000248428622,63.54899669173918,0.25999227730575963,-0.06632187918057042,-0.06862352454025873,0.4445867583292373,10813410.0,1.410239693121781,0
2024-01-03,68.62999725341797,70.5999984741211,68.13999938964844,69.0,15374100,73.22599945068359,60.82039978027344,60.78354995727539,74.20381055236177,70.42487103732083,3.778939515040946,4.97969416025035,-1.200754645209404,48.131950905035275,73.22599945068359,82.19843379371474,64.25356510765243,0.24506143747683304,-0.04970927591532659,-0.0509873158514698,0.4859504904057903,11138855.0,1.3802226530464756,0
2024-01-04,68.1500015258789,69.06500244140625,66.86000061035156,68.0,10021000,73.38899955749511,61.30539978027344,60.751799964904784,73.27245531751825,70.25636218462142,3.0160931328968275,4.586973954779646,-1.5708808218828185,46.20279141782657,73.38899955749511,81.82628800828438,64.95171110670584,0.2299333279282339,-0.006993963962531824,-0.0070185363678577535,0.4870167812821661,11209595.0,0.8939662851334058,0
2024-01-05,66.95999908447266,68.56999969482422,66.59500122070312,67.52999877929688,11150700,73.33699951171874,61.73759979248047,60.69929996490478,72.301308204742,70.01218714016596,2.2891210645760367,4.127403376738925,-1.838282312162888,31.977811294465738,73.33699951171874,81.92559505482896,64.74840396860853,0.23422271432683356,-0.01746151745799107,-0.01761576802407764,0.4614766448603934,10759100.0,1.03639709641141,1
2024-01-08,69.30999755859375,69.33999633789062,67.36499786376953,67.68000030517578,9210800,73.37899932861328,62.28939971923828,60.68259994506836,71.84110656687304,69.96017309708654,1.8809334697864983,3.67810939534844,-1.7971759255619415,39.54777600170815,73.37899932861328,81.87509956513938,64.88289909208717,0.23156762327809913,0.03509555714235413,0.0344937481969784,0.4779243145683472,10586225.0,0.8700740821208693,1
2024-01-09,69.52999877929688,70.63999938964844,68.76000213623047,68.76000213623047,8077100,73.39699935913086,62.8463996887207,60.720849933624265,71.48555152263054,69.92830833280583,1.5572431898247174,3.2539361542436955,-1.696692964418978,40.67724055882631,73.39699935913086,81.85700185736117,64.93699686090055,0.2305272033488888,0.0031741628690311607,0.003169135848982778,0.47678168699974227,10415815.0,0.775465002018565,0
2024-01-10,67.9000015258789,69.94999694824219,67.4800033569336,69.94999694824219,8705700,73.36399955749512,63.403999710083006,60.75694993972778,70.93392844620722,69.77806338414457,1.1558650620626452,2.8343219358074854,-1.6784568737448402,28.14677217654703,73.36399955749512,81.90817479477032,64.81982432021992,0.23292555718909944,-0.023443078987990917,-0.023722239517337325,0.4834291594306749,10445615.0,0.8334310617421761,0
2024-01-11,67.87000274658203,68.80000305175781,66.11000061035156,68.61000061035156,7617700,73.27899971008301,63.97699974060058,60.7742999458313,70.4625552616495,69.63672555913993,0.8258297025095658,2.4326234891479017,-1.606793786638336,29.76424188486581,73.27899971008301,82.01379385189482,64.54420556827121,0.2383982908164593,-0.00044180822713890677,-0.00044190585314939925,0.48026884431761657,10505765.0,0.725097125245044,0
2024-01-12,66.4800033569336,68.66999816894531,66.43000030517578,68.0,6612400,73.1,64.50159980773925,60.7878999710083,69.84985496861628,69.40289428490243,0.4469606837138542,2.035490928061092,-1.588530244347238,25.143124005375526,73.1,82.24943248120765,63.95056751879234,0.2503264700740808,-0.02048032022097479,-0.020692950141361757,0.48422727632931933,10004985.0,0.6609105360977553,0
2024-01-16,65.16000366210938,65.9800033569336,64.19999694824219,65.4800033569336,9984100,72.62000007629395,64.985599899292,60.78125,69.12833938299984,69.08860609062145,0.03973329237838641,1.636339400924551,-1.5966061085461647,22.822142974343222,72.62000007629395,82.38904335409774,62.85095679849015,0.2690455320170895,-0.019855590074764118,-0.0200553611069383,0.41228710698883586,9476010.0,1.0536185588660205,0
2024-01-17,63.900001525878906,63.96500015258789,62.06999969482422,63.720001220703125,9588300,72.10450019836426,65.38399993896485,60.75830001831055,68.32397971267355,68.70426501175164,-0.3802852990780963,1.233014460924022,-1.6132997600021182,17.924523128450105,72.10450019836426,82.58262735692844,61.62637303980009,0.2906372592484006,-0.019337048272192847,-0.019526454672986235,0.41479346706506254,9398920.0,1.020149123516319,1
2024-01-18,64.47000122070312,65.2300033569336,63.43000030517578,64.51000213623047,8226600,71.63400039672851,65.69979995727539,60.73740001678467,67.7310599446781,68.39061584204434,-0.6595558973662463,0.8545003892659683,-1.5140562866322145,14.666043771565683,71.63400039672851,82.6097031331134,60.65829766034362,0.3064383581985781,0.00892018280458684,0.008880632994307202,0.4186334987871381,9432950.0,0.8721131777439719,1
2024-01-19,65.8499984741211,66.05999755859375,63.75,64.76000213623047,8642500,71.06100044250488,66.02639991760253,60.7275,67.44166587228472,68.20242196293891,-0.7607560906541977,0.5314490932819351,-1.2922051839361328,19.91188216180099,71.06100044250488,81.98547702306743,60.136523861942315,0.30746757046860046,0.021405261785148122,0.02117938676028353,0.38476431063573835,9267160.0,0.9325942359903142,1
2024-01-22,66.69000244140625,69.36000061035156,66.26000213623047,67.12999725341797,10438400,70.59000053405762,66.33919998168945,60.71675003051758,67.32602534445726,68.09039088726983,-0.7643655428125697,0.2722861660630342,-1.036651708875604,25.07016510254543,70.59000053405762,81.40968336054063,59.77031770757463,0.30655001401403353,0.012756324779799044,0.01267564823524646,0.39020061490449914,9170170.0,1.1382995080789124,0
2024-01-23,66.19999694824219,67.69000244140625,65.68499755859375,67.25,7247500,70.05500030517578,66.61779991149902,60.709449996948244,67.15279020657802,67.95036170660111,-0.7975715000230963,0.058314632845808095,-0.8558861328689044,32.01910902920771,70.05500030517578,80.6160290856114,59.493971524740154,0.3015067799423122,-0.007347510499712162,-0.0073746364085942265,0.3851965070750871,9091075.0,0.7972104509092709,0
2024-01-24,62.56999969482422,67.30000305175781,62.54999923706055,67.08999633789062,12081200,69.32650032043458,66.8481999206543,60.681800003051755,66.44774551246205,67.55181637239542,-1.1040708599333726,-0.17416246571002805,-0.9299083942233446,31.942794995698804,69.32650032043458,79.83971596186498,58.81328467900416,0.3032957265356593,-0.054833797896638115,-0.05639449171097866,0.41816614529154256,9342865.0,1.2930937137591092,1
2024-01-25,62.709999084472656,63.29999923706055,61.83000183105469,63.16999816894531,10939200,68.55300025939941,67.07239990234375,60.663549995422365,65.87270760046368,67.1931632399567,-1.3204556394930194,-0.4034211004666264,-0.917034539026393,33.45498286635011,68.55300025939941,78.5890843098596,58.51691620893923,0.292797806441276,0.002237484262925804,0.002234984822623605,0.4116177775733591,9583050.0,1.1415154882840015,1
2024-01-26,64.97000122070312,65.56999969482422,61.939998626708984,62.0,11500900,67.82150039672851,67.33139991760254,60.65630001068115,65.73382969588513,67.02848457186384,-1.2946548759787078,-0.5816678555690427,-0.7129870204096651,44.31753963167153,67.82150039672851,76.50947201083862,59.1335287826184,0.25620110328698037,0.03603894385624473,0.03540473372561343,0.43256510745929433,9787155.0,1.1751014467432057,1
2024-01-29,68.9800033569336,69.06999969482422,64.94999694824219,65.12000274658203,13236200,67.29500045776368,67.60900001525879,60.68750001907349,66.23324102835413,67.17304151890605,-0.9398004905519173,-0.6532943825656177,-0.2865061079862996,49.139295509006224,67.29500045776368,74.06507475768849,60.52492615783886,0.20120586236339838,0.06172082593331796,0.0598910124928519,0.5012464701937666,10107440.0,1.3095501927293163,0
2024-01-30,68.22000122070312,71.40899658203125,67.80000305175781,70.3499984741211,13270600,66.83850059509277,67.84740005493164,60.70580003738403,66.53889644256166,67.25059408940953,-0.7116976468478668,-0.6649750354220676,-0.046722611425799254,46.67682112540305,66.83850059509277,71.7223268008028,61.95467438938274,0.14613811387829367,-0.011017716718537574,-0.01107886128988609,0.49570639810649586,10358725.0,1.2811036107242928,0
2024-01-31,65.01000213623047,68.37000274658203,64.82499694824219,67.68000030517578,10919000,66.47800064086914,68.02200012207031,60.71065004348755,66.30368193389533,67.08462431509997,-0.780942381204639,-0.6881685045785819,-0.09277387662605707,43.212780108682104,66.47800064086914,70.7101956847956,62.24580559694268,0.1273261831922364,-0.047053635693845464,-0.048196657807719354,0.4684724262046893,10142200.0,1.0765908777188382,1
2024-02-01,66.66999816894531,67.33999633789062,64.97000122070312,66.05000305175781,9050600,66.3800006866455,68.19160011291504,60.72305002212524,66.36003827774917,67.05391126723667,-0.6938729894875024,-0.689309401560366,-0.004563587927136403,47.382189629019116,66.3800006866455,70.49142762645296,62.268573746838044,0.12387547144556163,0.025534471283915172,0.02521391208911556,0.44858575163519443,9826025.0,0.9210845687854448,1
2024-02-02,67.87999725341797,68.43000030517578,65.29000091552734,66.41999816894531,9373500,66.36650047302246,68.36380004882812,60.74295000076294,66.59387812015976,67.11510282176862,-0.5212247016088583,-0.6556924615700646,0.1344677599612063,53.07826200153124,66.36650047302246,70.4551662224639,62.27783472358101,0.12321474600287119,0.0181490793116037,0.017986350738187336,0.4530374992783458,9793650.0,0.9570997534116494,0
2024-02-05,65.8499984741211,67.2300033569336,65.44999694824219,67.0,6646400,66.31100044250488,68.50740005493164,60.75784999847412,66.47943509769227,67.02139138860954,-0.5419562909172697,-0.6329452274395057,0.09098893652223594,51.4712040028123,66.31100044250488,70.39587806860314,62.22612281640662,0.1232036192740015,-0.02990569919615982,-0.030361994886459714,0.46154118161390534,9568435.0,0.6946172493202911,1
2024-02-06,67.0,68.86000061035156,66.19999694824219,66.25,10734700,66.1955005645752,68.66700004577636,60.781049995422364,66.55952200573962,67.01980684130514,-0.4602848355655169,-0.598413149064708,0.13812831349919108,56.64095532817014,66.1955005645752,70.04732178925718,62.343679339893214,0.11637713112916025,0.01746395675818957,0.017313214373717283,0.4475711688976641,9644630.0,1.1130235167134457,1
2024-02-07,68.30999755859375,68.83899688720703,65.58000183105469,67.08999633789062,7908100,66.13450050354004,68.84019996643066,60.80519998550415,66.82882593694795,67.11537652406726,-0.2865505871193079,-0.536040636675628,0.24949004955632004,57.97341371656041,66.13450050354004,69.79801337315263,62.47098763392744,0.11078976454706851,0.019552202367070892,0.019363513612690963,0.4534869644918959,9636180.0,0.8206675259283243,1
2024-02-08,68.83000183105469,69.41999816894531,66.86000061035156,67.91000366210938,8515900,66.18100051879883,69.01059997558593,60.826849994659426,67.13669915142592,67.24238580606632,-0.10568665464040805,-0.449969840268584,0.34428318562817595,56.41688678107687,66.18100051879883,69.96063541096844,62.401365626629214,0.11422114693161821,0.007612418255686482,0.0075835900091824684,0.4459816288573498,9626690.0,0.8846135068232175,0
2024-02-09,66.87999725341797,69.9000015258789,66.66999816894531,69.2300033569336,11405000,66.13150024414062,69.08139991760254,60.85624998092651,67.09720655173238,67.21554220957385,-0.11833565784147027,-0.38364300378316124,0.265307345941691,50.3904536336506,66.13150024414062,69.8433206792465,62.41967980903475,0.1122557456402103,-0.02833073551883758,-0.028739795303709174,0.45804779995104444,9816055.0,1.1618720555253612,1
2024-02-12,68.83999633789062,69.58999633789062,67.0199966430664,67.0199966430664,9112800,66.24949989318847,69.18359985351563,60.89759996414185,67.36532805729519,67.33587214500473,0.02945591229045874,-0.3010232205684373,0.330479132858896,55.11627728173576,66.24949989318847,70.15306561276371,62.34593417361323,0.11784438300270372,0.029306207610116042,0.02888499043680178,0.4630756821427315,9941075.0,0.9166815460098631,0
2024-02-13,64.9800033569336,66.66000366210938,64.37999725341797,65.81999969482422,11784100,66.2404998779297,69.21459991455077,60.91959997177124,66.99835502647032,67.16136334588835,-0.16300831941802585,-0.273420240338355,0.11041192092032914,54.62928116621001,66.2404998779297,70.15545553986827,62.32554421599111,0.11820429100484442,-0.0560719521542512,-0.057705336243951216,0.5021023682694248,10031075.0,1.1747594350555648,1
2024-02-14,67.41000366210938,67.74500274658203,65.88099670410156,66.08000183105469,8346400,66.4159999847412,69.26199996948242,60.952699985504154,67.06168558579941,67.17978114708991,-0.11809556129050236,-0.24235530452878448,0.12425974323828212,58.29803077027521,66.4159999847412,70.20174806575932,62.630251903723085,0.11400108654203434,0.03739612464819131,0.03671384728927192,0.5128834626911662,9968980.0,0.8372371095137116,1
2024-02-15,69.4800033569336,70.0999984741211,68.05999755859375,68.27999877929688,9393600,66.66650009155273,69.3516000366211,60.998999996185304,67.4337344736662,67.3501679774487,0.08356649621750023,-0.17717094437952755,0.26073744059702775,58.016357228194316,66.66650009155273,70.57122516271147,62.76177502039399,0.11714204482900416,0.030707603951485085,0.03024556049675658,0.5218716276083745,10027330.0,0.9367997263478912,0
2024-02-16,65.63999938964844,67.9800033569336,65.55500030517578,67.19999694824219,12642900,66.6560001373291,69.3666000366211,61.03840000152588,67.15777522997116,67.22348882279684,-0.06571359282567357,-0.15487947406875677,0.0891658812430832,44.02717439797772,66.6560001373291,70.57108550321462,62.740914771443585,0.11747135615156622,-0.05526775736550038,-0.05685373276458923,0.558178753183667,10227350.0,1.2361853265997547,1
2024-02-20,65.7300033569336,66.58300018310547,64.83499908447266,65.58000183105469,10182100,66.60800018310547,69.32120010375976,61.07045001983643,66.93811801873461,67.11286026976993,-0.17474225103531182,-0.15885202946206778,-0.015890221573244045,45.43789340374704,66.60800018310547,70.54480967741543,62.67119068879551,0.11820830781550758,0.0013711756264787045,0.001370236423622727,0.5563046246422413,10214535.0,0.9968246229515098,0
2024-02-21,64.47000122070312,65.0,63.62900161743164,64.42500305175781,8798200,66.52150039672851,69.24120010375977,61.09065002441406,66.55840774211438,66.917092932802,-0.3586851906876234,-0.19881866170717888,-0.1598665289804445,48.93448928377339,66.52150039672851,70.57048094123553,62.47251985222149,0.12173449246812681,-0.01916936059455654,-0.01935547509007774,0.5599079693615387,10292070.0,0.8548523280545118,1
2024-02-22,67.95999908447266,68.44000244140625,65.6500015258789,65.77999877929688,23963900,66.79100036621094,69.21700012207032,61.13420001983643,66.77403717940027,66.99434524033316,-0.22030806093289357,-0.20311654155232184,-0.01719151938057173,52.37394302581666,66.79100036621094,70.42924668734749,63.15275404507438,0.10894420808756486,0.054133671439249076,0.05271926507520414,0.5538186607881753,10886205.0,2.2013089042508387,1
2024-02-23,78.91999816894531,83.29000091552734,78.47000122070312,79.80999755859375,53427600,67.60150032043457,69.42420013427734,61.234800014495846,68.6426465624072,67.87772693874888,0.7649196236583151,-0.009509308510194464,0.7744289321685096,64.95124482892655,67.60150032043457,73.76070028752281,61.442300353346326,0.1822208068724309,0.16127132478106176,0.14951537462084238,0.7841664863274711,13010625.0,4.106459143968872,0
2024-02-26,74.66000366210938,77.77999877929688,74.55999755859375,77.5199966430664,23003200,68.08600044250488,69.52600021362305,61.311500034332276,69.56839380851522,68.38011780714595,1.1882760013692746,0.23004775346569936,0.9582282479035752,61.251602611260054,68.08600044250488,74.86674189646769,61.30525898854208,0.19918166465626927,-0.053978644268547704,-0.05549013541608798,0.8131547844731684,13585740.0,1.693187121202084,1
2024-02-27,77.70999908447266,77.95999908447266,75.33999633789062,75.94999694824219,14699200,68.52250022888184,69.67900024414062,61.412400035858155,70.82094846635482,69.07122012398496,1.7497283423698633,0.5339838712465321,1.2157444711233312,63.04506733104049,68.52250022888184,76.55413671468656,60.490863743077114,0.23442333420342526,0.04085179845646292,0.04003941490289447,0.7981630659705368,13658890.0,1.0761635828387226,1
2024-02-28,78.41999816894531,79.93000030517578,76.69999694824219,77.01000213623047,12752700,69.03250007629394,69.75220016479493,61.51795001983643,71.99003303598413,69.76372220138943,2.226310834594699,0.8724492639161656,1.3538615706785333,62.49691146242584,69.03250007629394,78.1985253295054,59.86647482308249,0.2655568099976465,0.009136521591009972,0.009095036075033973,0.7952870178239966,13632995.0,0.935429082164264,1
2024-02-29,79.47000122070312,80.95999908447266,78.54000091552734,79.5,12228200,69.75550003051758,69.85740020751953,61.637500019073485,73.14079737209474,70.4827058324497,2.658091539645042,1.229577719061941,1.4285138205831012,62.98194301969903,69.75550003051758,79.82245955438889,59.688540506646284,0.28863557768110243,0.013389480697203249,0.013300633797788182,0.7681324313602984,13698455.0,0.8926700127861135,0
2024-03-01,79.25,80.62999725341797,78.11000061035156,79.79000091552734,9376900,70.3845001220703,69.96480026245118,61.749400024414065,74.08067469946478,71.13213503004602,2.948539669418764,1.5733701091333057,1.3751695602854586,65.75796834529578,70.3845001220703,81.18503458634825,59.583965657792355,0.306900935448748,-0.0027683555722132214,-0.0027721945552506393,0.7676763239297357,13714770.0,0.6837081482226826,0
2024-03-04,77.0,79.66999816894531,76.88999938964844,79.41999816894531,8523300,70.84050025939942,69.9586003112793,61.856700019836424,74.52980166877789,71.56679169448705,2.9630099742908413,1.851298082164813,1.1117118921260283,60.31867102639493,70.84050025939942,81.9611630463747,59.719837472424146,0.31396341771315306,-0.028391167192429068,-0.028801990903706193,0.7786142449665592,13672260.0,0.6234009593147,0
2024-03-05,74.43000030517578,76.55000305175781,73.7699966430664,76.0999984741211,7204400,71.26950035095214,69.92500030517579,61.94005002975464,74.5144476128391,71.77888122120473,2.7355663916343786,2.028151744058726,0.7074146475756526,62.352937187244684,71.26950035095214,82.2405339811065,60.29846672079779,0.30787457681419766,-0.0333766194133015,-0.033946331381692764,0.7809149266859245,13700160.0,0.5258624716791629,1
2024-03-06,75.52999877929688,77.13500213623047,75.18699645996094,75.66999816894531,7376800,71.696000289917,69.89760025024414,62.0201000213623,74.67068625383261,72.05674178106341,2.613944472769205,2.145310289800822,0.46863418296838333,60.99674366183679,71.696000289917,82.63133336061566,60.760667219218334,0.3050472279200924,0.014778966406165717,0.014670821691534074,0.7805068310908955,13532265.0,0.5451267766334756,1
2024-03-07,77.22000122070312,77.79000091552734,75.66999816894531,76.81999969482422,6906600,72.14150047302246,69.89920028686524,62.112950019836425,75.06288855642808,72.43920544325896,2.623683113169122,2.240984854474482,0.3826982586946399,60.59112981642057,72.14150047302246,83.22104381358014,61.06195713246479,0.30716143323636314,0.022375247831587286,0.02212859448068641,0.7811678697741244,13482190.0,0.5122758246249312,1
2024-03-08,80.73999786376953,81.8499984741211,77.5,77.94999694824219,12875700,72.7370002746582,69.9504002380371,62.21355001449585,75.93628998832676,73.05407895588937,2.8822110324373966,2.369230090067065,0.5129809423703318,70.84483868840954,72.7370002746582,84.33525846390113,61.138742085415274,0.3189094448615527,0.045584001391114626,0.0445755823224399,0.7929417977496931,13700180.0,0.939819768791359,1
2024-03-11,81.52999877929688,83.83000183105469,80.84200286865234,81.5,10344800,73.46950035095215,69.98900024414063,62.31340000152588,76.79686057155294,73.68192486873437,3.1149357028185705,2.518371212617366,0.5965644902012044,71.39761575160404,73.46950035095215,85.3571257429918,61.58187495891249,0.323607084171101,0.009784505033803681,0.009736946735726915,0.7804928648981201,13647170.0,0.7580179626984935,1
2024-03-12,81.70999908447266,83.0199966430664,79.29000091552734,82.95500183105469,8477100,74.11300048828124,70.03300018310547,62.41264999389649,77.55272803507904,74.27659703286312,3.2761310022159194,2.6699231705370767,0.6062078316788426,74.05134388293304,74.11300048828124,86.3341292274109,61.89187174915159,0.3297971653721417,0.0022077800548365722,0.0022053464896442145,0.7780108655368737,13615385.0,0.6226118468188744,1
2024-03-13,85.72000122070312,87.5199966430664,81.19999694824219,81.33999633789062,15124900,75.15000038146972,70.2004002380371,62.5447500038147,78.80923160209812,75.12425660233275,3.684974999765373,2.872933536382736,0.8120414633826369,74.42244989641773,75.15000038146972,87.62519172234245,62.674809040597,0.3320077518974657,0.04907602718346493,0.047909802653940924,0.7491076929534601,13782425.0,1.097404847115076,0
2024-03-14,81.23999786376953,86.16699981689453,80.16000366210938,85.73999786376953,11603600,75.84150009155273,70.38080017089844,62.65594999313355,79.18319564235526,75.57727447355029,3.6059211688049686,3.0195310628671828,0.5863901059377858,53.88219529464453,75.84150009155273,88.0403911399174,63.64260904318806,0.32169435028681326,-0.05226322087185853,-0.05367847442908327,0.7804359113133089,13945285.0,0.8320805204052839,0
2024-03-15,80.16999816894531,82.08999633789062,79.94000244140625,80.55999755859375,8467100,76.37599983215333,70.61160018920899,62.76259998321533,79.3350114156768,75.91747622876474,3.417535186912062,3.0991318876761587,0.31840329923590316,60.32220682431984,76.37599983215333,88.3357123246866,64.41628733962006,0.31317986065822695,-0.013170848387003775,-0.013258353201669286,0.7808886476818399,13898960.0,0.6091894645354761,1
2024-03-18,80.86000061035156,81.52999877929688,79.30999755859375,80.30999755859375,6175200,77.13699989318847,70.86580017089844,62.864949989318845,79.56962513793445,76.28358914591932,3.2860359920151296,3.136512708543953,0.1495232834711766,56.47349013776493,77.13699989318847,88.1171453184911,66.15685446788585,0.2846920528541898,0.008606741389118877,0.008569914545664917,0.7439920428280224,13575575.0,0.4548757603269106,0
2024-03-19,79.31999969482422,80.45999908447266,78.0,79.73999786376953,6112500,77.81649971008301,71.11300018310547,62.95404998779297,79.53122122360979,76.5085084458382,3.022712777771588,3.11375272238948,-0.09103994461789222,51.788555488810175,77.81649971008301,87.42010196785873,68.21289745230729,0.24682688873324743,-0.019045274596871553,-0.019228971956680604,0.7511636414064697,13372095.0,0.4571086280795941,1
2024-03-20,81.45999908447266,81.81999969482422,78.20999908447266,78.70999908447266,6652600,78.66599960327149,71.35600021362305,63.04404998779297,79.82795627912716,76.87528553018149,2.9526707489456783,3.0815363277007197,-0.12886557875504145,53.79047101978962,78.66599960327149,86.04736521561972,71.28463399092325,0.1876634289165319,0.0269793166651775,0.026621791177091094,0.7448626566819022,13264815.0,0.5015222602049105,1
2024-03-21,84.05000305175781,85.0,82.33999633789062,82.41000366210938,10383700,79.47049980163574,71.64640029907227,63.14659999847412,80.47750193645496,77.40674608733529,3.0707558491196636,3.079380231984509,-0.008624382864845348,58.38574652612094,79.47049980163574,85.27841249094291,73.66258711232857,0.14616524883583604,0.03179479494714177,0.03129980518217575,0.7325235998850598,12585805.0,0.8250326459054467,0
2024-03-22,80.7699966430664,84.0469970703125,80.75,83.0199966430664,6375600,79.5629997253418,71.90380020141602,63.220549964904784,80.52250112208749,77.65587575813018,2.8666253639573114,3.0368292583790697,-0.17020389442175832,56.3574949559824,79.5629997253418,85.39288284878889,73.73311660189471,0.14654759482604576,-0.0390244650755287,-0.03980632827089674,0.49707783184897747,10233205.0,0.6230306145533095,1
2024-03-25,82.62000274658203,83.53500366210938,80.58000183105469,80.61000061035156,6631900,79.96099967956543,72.19880020141602,63.302449989318845,80.84519367970204,78.02358886838587,2.8216048113161634,2.9937843689664887,-0.17217955765032533,64.1548494217699,79.96099967956543,85.45891545042682,74.46308390870405,0.13751493335235057,0.022904620284819988,0.0226462473196021,0.4562465913384674,9414640.0,0.7044241734150217,1
2024-03-26,83.80000305175781,85.80000305175781,83.50499725341797,83.6500015258789,8171700,80.26549987792968,72.5452001953125,63.39600002288818,81.29977973694139,78.4514714004875,2.848308336453883,2.9646891624639675,-0.1163808260100847,64.253700687092,80.26549987792968,85.9110879170062,74.61991183885317,0.1406728431932151,0.014282259331256153,0.014181228693027266,0.43831500684081415,9088265.0,0.8991485173462702,0
2024-03-27,83.18000030517578,85.66999816894531,82.23999786376953,84.94000244140625,5742300,80.50349998474121,72.90560012817383,63.48720001220703,81.58904443974669,78.80173280083478,2.787311638911902,2.9292136577535546,-0.14190201884165266,60.66570093292064,80.50349998474121,86.22236462406447,74.78463534541795,0.14207741627152165,-0.007398600525098997,-0.007426105921568698,0.43974399774762446,8737745.0,0.6571832892811589,1
2024-03-28,84.58000183105469,84.91999816894531,83.19999694824219,83.79499816894531,5816800,80.75900001525879,73.31920013427734,63.58910003662109,82.04919173071714,79.22975272899922,2.8194390017179245,2.907258726546429,-0.08781972482850442,57.43609503105975,80.75900001525879,86.73429746074432,74.78370256977327,0.14797849018329937,0.01683098726547838,0.016690915709506895,0.44095760209588375,8417175.0,0.6910632130138675,0
2024-04-01,81.45999908447266,84.91500091552734,81.04499816894531,84.91500091552734,7400100,80.86949996948242,73.65900009155274,63.668800048828125,81.958546708218,79.39495616273798,2.563590545480011,2.838525090333145,-0.2749345448531342,49.875666758183165,80.86949996948242,86.80893050697267,74.93006943199217,0.14688926083954038,-0.03688818490231438,-0.03758576271184662,0.46343804480400363,8318335.0,0.8896131257036414,0
2024-04-02,79.20999908447266,79.69000244140625,77.18000030517578,79.56999969482422,7585300,80.97999992370606,73.92620010375977,63.74640005111694,81.53569322764179,79.38125563842203,2.1544375892197536,2.701707590110467,-0.5472700008907134,45.86367079020449,80.97999992370606,86.69427890197014,75.26572094544198,0.1411281546961642,-0.02762091855251292,-0.028009549063327074,0.46278050502877316,8271435.0,0.9170476465087376,1
2024-04-03,79.6500015258789,80.30699920654297,77.80999755859375,78.41000366210938,5126300,81.24099998474121,74.18540008544922,63.81370004653931,81.24558681198596,79.40116274119661,1.8444240707893442,2.5302508862462423,-0.685826815456898,38.611646535872566,81.24099998474121,86.10992735489194,76.37207261459048,0.11986379712374828,0.005554885071227034,0.005539513595397858,0.44375035178017774,8167530.0,0.6276438531600129,0
2024-04-04,74.7300033569336,80.55999755859375,74.66999816894531,79.0,14148400,81.20100021362305,74.35600021362305,63.85480005264282,80.24318935736252,79.05515093495492,1.188038422407601,2.261808393478514,-1.073769971070913,37.98451817421926,81.20100021362305,86.27624867381034,76.12575175343575,0.12500457991491157,-0.0617702206489823,-0.06376039265032961,0.49838530030581857,8506110.0,1.6633220120595666,1
2024-04-05,77.16999816894531,77.33000183105469,72.7699966430664,72.9000015258789,8942200,81.19850006103516,74.64800018310547,63.90665002822876,79.77039071299063,78.91550998932459,0.8548807236660423,1.9804228595160198,-1.1255421358499775,44.72944890400589,81.19850006103516,86.28204829176651,76.11495183030381,0.12521286050629407,0.03265080559889122,0.03212909387893868,0.5057999094991286,8607890.0,1.038837624551429,1
2024-04-08,78.3499984741211,78.73999786376953,77.5,77.94000244140625,4708500,81.07900009155273,74.96080017089844,63.971100025177,79.55186883008763,78.87362024745767,0.678248582629962,1.7199880041388085,-1.0417394215088465,45.6649388317995,81.07900009155273,86.31791981926972,75.84008036383574,0.12923000337451893,0.01529092047653613,0.015175192584902231,0.48076102364640827,8199530.0,0.5742402308424995,1
2024-04-09,79.9800033569336,80.0,77.98999786376953,78.30000305175781,5471000,81.00150032043457,75.26100021362305,64.05045003890991,79.61773568037162,78.9555745518633,0.6621611285083304,1.508422629012713,-0.8462615005043825,51.13636901018144,81.00150032043457,86.25815723894397,75.74484340192518,0.1297915939263973,0.020804146963077308,0.02059069606396625,0.4856247919610989,7955840.0,0.6876709436087202,0
2024-04-10,78.51000213623047,79.0999984741211,77.36000061035156,77.69999694824219,4959400,80.84150047302246,75.45160018920899,64.12870004653931,79.44731513511914,78.92256918774234,0.5247459473768004,1.3116872926855305,-0.7869413453087302,44.80085604042042,80.84150047302246,86.20114879189852,75.48185215414641,0.13259645819326715,-0.018379609389897467,-0.018550612971009815,0.4895790765775955,7779955.0,0.63745869995392,1
2024-04-11,80.05999755859375,80.09500122070312,77.62999725341797,79.4000015258789,4242800,80.55850028991699,75.6884001159668,64.22025003433228,79.54157396949985,79.00682314113874,0.534750828361112,1.156299999820647,-0.6215491714595349,42.700323823348775,80.55850028991699,85.40687252184962,75.71012805798436,0.12036897942449581,0.019742649091688103,0.0195502906498954,0.4595053852210989,7235850.0,0.5863582025608601,0
2024-04-12,76.98999786376953,79.0,76.01000213623047,78.84500122070312,6190600,80.34600028991699,75.92800003051758,64.28555002212525,79.14902379938749,78.85742867614843,0.29159512323906256,0.98335902450433,-0.6917639012652674,43.030978368199165,80.34600028991699,85.43517422338724,75.25682635644674,0.12668145060380598,-0.03834623767727907,-0.039100807526618514,0.44204239337872653,6965200.0,0.8887899844943433,0
2024-04-15,73.5,78.0,73.4000015258789,77.54000091552734,7972300,80.01250038146972,76.06460006713867,64.32920003890992,78.27994321486634,78.46058210754484,-0.18063889267850186,0.7505594410677636,-0.9311983337462655,34.14464174344916,80.01250038146972,85.95318673626177,74.07181402667767,0.14849395598110485,-0.04533053592162628,-0.04639010932431054,0.4665812113204144,6940460.0,1.1486702610489794,0
2024-04-16,73.13999938964844,74.19000244140625,72.12000274658203,72.37000274658203,5643600,79.62650032043457,76.16980010986327,64.3729500389099,77.48918262637127,78.06646486918214,-0.5772822428108668,0.48499110429203757,-1.0622733471029044,30.923402414755046,79.62650032043457,86.29407978402763,72.95892085684152,0.16747136786776384,-0.004897967487776378,-0.004910001842532131,0.46422968920217195,6913880.0,0.8162710373914502,1
2024-04-17,73.51000213623047,74.5250015258789,71.88999938964844,73.56999969482422,5921800,79.33600044250488,76.32300018310546,64.40765005111695,76.87700101250346,77.72894911118573,-0.8519480986822714,0.2176032636971758,-1.0695513623794473,32.53882752555255,79.33600044250488,86.544164371991,72.12783651301876,0.18171230940006622,0.005058828953646399,0.0050460760701433165,0.4621573655483741,6904345.0,0.8576917868385777,0
2024-04-18,72.05999755859375,74.08999633789062,71.6500015258789,73.5,6556700,78.86600036621094,76.42420013427734,64.4369500541687,76.13592355805581,77.30902677395669,-1.1731032159008805,-0.06053803222243545,-1.1125651836784451,27.433306068475318,78.86600036621094,86.69051751175607,71.04148322066581,0.19842561076287157,-0.019725269153842984,-0.019922409006642213,0.4510563141394821,6899550.0,0.9503083534433405,0
2024-04-19,70.41999816894531,72.54000091552734,69.80999755859375,70.91000366210938,7071600,78.18450012207032,76.46640014648438,64.44420003890991,75.25655042126958,76.79872835877066,-1.54217793750108,-0.3568660132781644,-1.1853119242229155,28.979436371987873,78.18450012207032,86.46868662130014,69.9003136228405,0.21191378051392865,-0.0227588044020528,-0.02302178371476647,0.43203918480713416,6733945.0,1.0501422271788676,1
2024-04-22,71.5999984741211,72.36000061035156,69.80999755859375,71.19000244140625,6090200,77.72600021362305,76.52180007934571,64.47915002822876,74.69400396786212,76.41363725620403,-1.7196332883419103,-0.6294194682909137,-1.0902138200509968,34.894799776115605,77.72600021362305,86.41293195530983,69.03906847193628,0.2235270493222734,0.01675660800707246,0.016617764930448253,0.4249995720675945,6719675.0,0.9063235945190802,1
2024-04-23,75.20999908447266,75.27999877929688,71.65799713134766,71.87000274658203,9937300,77.35550003051758,76.6884001159668,64.5188500404358,74.77338783195604,76.32447887311281,-1.5510910411567664,-0.8137537828640842,-0.7373372582926823,42.17206920689271,77.35550003051758,85.7920347747195,68.91896528631565,0.2181237207664256,0.05041900401235844,0.04918913600992294,0.45936134015037156,6884945.0,1.4433376010992098,0
2024-04-24,74.02999877929688,76.1500015258789,73.5199966430664,75.56999969482422,5831400,76.86699981689453,76.79220016479492,64.5437000465393,74.6590202853931,76.154517384682,-1.4954970992888974,-0.9501024461490468,-0.5453946531398506,48.578382413596806,76.86699981689453,84.85167597003479,68.88232366375428,0.20775303243682242,-0.015689407253554832,-0.01581378869966107,0.4555971381149154,6767930.0,0.8616223867563642,0
2024-04-25,72.79000091552734,73.30000305175781,71.02999877929688,71.5,5296500,76.34749984741211,76.94840011596679,64.55215005874634,74.3714788438753,75.90529394252239,-1.5338150986470964,-1.0668449766486567,-0.4669701219984397,40.64902611226413,76.34749984741211,83.9453782707598,68.74962142406442,0.19903411214598493,-0.0167499376498208,-0.016891804257884325,0.4572427070634548,6745640.0,0.7851738308003392,1
2024-04-26,74.4800033569336,75.88999938964844,73.55999755859375,74.0,4649200,75.84249992370606,77.08980010986328,64.56845006942748,74.38817492280734,75.79971686210841,-1.411541939301074,-1.1357843691791403,-0.2757575701219337,41.91392847054443,75.84249992370606,82.4090787705042,69.27592107690792,0.17316356537307717,0.023217508176260226,0.022952082332602423,0.4620556205227088,6687260.0,0.6952324270328953,1
2024-04-29,75.30999755859375,76.30000305175781,74.27999877929688,74.58000183105469,6122200,75.53499984741211,77.20639999389648,64.56400007247925,74.5299937898514,75.76344135814436,-1.2334475682929593,-1.155317009001904,-0.07813055929105528,39.9048716971859,75.53499984741211,81.54649647037508,69.52350322444914,0.15917115602321472,0.011143852903477303,0.011082217654749654,0.4506930988673968,6623365.0,0.9243337789779063,0
2024-04-30,73.0,75.2300033569336,72.61000061035156,75.01000213623047,6864800,75.22449989318848,77.35360000610352,64.55170007705688,74.29461012987426,75.55874199828182,-1.26413186840756,-1.1770799808830352,-0.08705188752452475,38.5064588873558,75.22449989318848,81.07614537890723,69.37285440746973,0.15557818248117353,-0.030673185944488868,-0.03115345454678011,0.4529813087104129,6587340.0,1.042120188118421,0
2024-05-01,66.83999633789062,69.5,65.69000244140625,67.91000366210938,22145700,74.58399963378906,77.37579986572266,64.49560007095337,73.14774646956909,74.91290898640099,-1.7651625168319072,-1.2946964880728098,-0.4704660287590974,26.871937764646276,74.58399963378906,81.1560034018002,68.01199586577792,0.1762309288930599,-0.08438361180971743,-0.08815779221038836,0.5339202565949086,7438310.0,2.977248864325364,1
2024-05-02,70.30000305175781,70.55000305175781,67.16999816894531,68.4000015258789,17693800,74.36249961853028,77.49239990234375,64.45195009231567,72.70963209759813,74.5712122505015,-1.8615801529033718,-1.4080732210389222,-0.45350693186444957,38.45358514277918,74.36249961853028,81.20675843034232,67.51824080671824,0.18407823424231773,0.05176551321720768,0.05047019328911079,0.5348790935551926,7615580.0,2.3233686731673755,0
2024-05-03,69.47000122070312,76.5,68.9800033569336,76.48999786376953,28948300,73.97749977111816,77.52259994506836,64.40835008621215,72.21122734730659,74.19334476681274,-1.982117419506153,-1.5228820607323683,-0.45923535877378474,42.341321140227095,73.97749977111816,81.02020287891301,66.93479666332331,0.19040122008947424,-0.011806568919258909,-0.011876819950665498,0.5191733962203512,8615885.0,3.3598753929515075,1
2024-05-06,73.52999877929688,73.55000305175781,70.11000061035156,70.23999786376953,11675500,73.73649978637695,77.41479995727539,64.39515008926392,72.41411525992048,74.14420802699675,-1.7300927670762718,-1.5643242020011492,-0.1657685650751226,50.64978217717071,73.73649978637695,80.47239438071406,67.00060519203984,0.1827017722254722,0.05844245699226813,0.05679844733025315,0.5620645589612943,8964235.0,1.302453583601947,0
2024-05-07,71.5999984741211,73.5999984741211,71.4000015258789,73.11000061035156,6609800,73.31749954223633,77.35359985351562,64.37255006790161,72.28886652364365,73.95574806011707,-1.6668815364734257,-1.5848356688956047,-0.08204586757782106,46.974971145090414,73.31749954223633,79.43202733075195,67.20297175372072,0.1667958625619302,-0.026247794603788233,-0.026598416951259314,0.5609264614720171,9021175.0,0.732698345836324,0
2024-05-08,71.13999938964844,72.05000305175781,70.53500366210938,70.58999633789062,5927600,72.94899940490723,77.22219985961914,64.34255006790161,72.11211773379823,73.7471740845268,-1.6350563507285756,-1.5948798052621989,-0.04017654546637672,48.49575193940794,72.94899940490723,78.6180096139792,67.27998919583526,0.15542393330457718,-0.006424568355806848,-0.006445294714716094,0.5587232273386089,9069585.0,0.6535690442285949,1
2024-05-09,73.19999694824219,73.30999755859375,70.71600341796875,71.44000244140625,4862400,72.60599937438965,77.11779983520508,64.32420003890991,72.27948376678961,73.70664244480201,-1.427158678012404,-1.5613355798122401,0.1341769017998362,54.48386899886592,72.60599937438965,77.18967037322656,68.02232837555275,0.12626149459637376,0.028956952154451487,0.028545621335858903,0.5649105463804333,9100565.0,0.5342964969757372,0
2024-05-10,71.30999755859375,73.9990005493164,70.72000122070312,73.66000366210938,5714200,72.32199935913086,76.9545997619629,64.29370000839234,72.13033204245178,73.52911319397177,-1.3987811515199837,-1.5288246941537889,0.13004354263380513,49.54272954288834,72.32199935913086,76.44241699125506,68.20158172700665,0.11394645249402904,-0.025819664869450865,-0.026158843472892997,0.5564557945738995,9076745.0,0.6295428592518574,0
2024-05-13,69.73999786376953,72.2490005493164,69.56999969482422,71.83999633789062,7261500,72.13399925231934,76.76439971923828,64.26355001449585,71.76258832265451,73.24843798432715,-1.4858496616726455,-1.5202296876575603,0.03438002598491474,40.78193198807068,72.13399925231934,76.36961049532121,67.89838800931747,0.11743730520710541,-0.02201654394300301,-0.022262525187538594,0.5389432253533417,9041205.0,0.8031562164556605,1
2024-05-14,71.19999694824219,71.9800033569336,70.19999694824219,70.19999694824219,5988400,72.03699913024903,76.64839965820312,64.22774999618531,71.67603580351415,73.09670161128382,-1.420665807769666,-1.5003169116799815,0.0796511039103156,45.27545556023708,72.03699913024903,76.26445465244876,67.8095436080493,0.11736900685038625,0.020934888574625887,0.02071876494000931,0.5449142045156171,9058445.0,0.6610847667563252,1
2024-05-15,71.5199966430664,73.69999694824219,71.36499786376953,72.41999816894531,5369500,71.93749885559082,76.59019958496094,64.18269998550414,71.65202977882988,72.97990865067513,-1.3278788718452432,-1.465829303713034,0.13795043186779088,47.8126001965824,71.93749885559082,76.11232576119447,67.76267194998717,0.11606816950876502,0.004494377928932147,0.004484308372104462,0.5448376650371621,9030830.0,0.5945743635967016,1
2024-05-16,71.75,72.18000030517578,70.87000274658203,71.23999786376953,6911900,71.92199897766113,76.514599609375,64.147649974823,71.66710212054836,72.88880430618067,-1.22170218563231,-1.4170038800968894,0.19530169446457935,45.04896012485973,71.92199897766113,76.09721276985799,67.74678518546428,0.11610394181323219,0.0032159307568409012,0.0032107707114638747,0.5403402193489396,9048590.0,0.763864867343973,1
2024-05-17,72.26000213623047,73.43000030517578,71.2699966430664,71.81999969482422,5967000,72.0139991760254,76.41539962768555,64.13649999618531,71.75831750757638,72.84222636766584,-1.0839088600894655,-1.3503848760954047,0.2664760160059392,44.40367969094942,72.0139991760254,76.13053597995363,67.89746237209715,0.11432601580329126,0.007108043710529088,0.007082900642875086,0.5337675752221155,8993360.0,0.6634895078146543,1
2024-05-20,73.54000091552734,73.6500015258789,71.61000061035156,72.41000366210938,6162200,72.1109992980957,76.2713996887207,64.13644998550416,72.03242264726114,72.89391337121114,-0.8614907239499985,-1.2526060456663237,0.39111532171632524,51.02974968203593,72.1109992980957,76.2775834532674,67.94441514292402,0.11556029442741951,0.017713793820317347,0.017558733039899403,0.5341332311270397,8996960.0,0.6849202397254184,0
2024-05-21,71.51000213623047,73.30000305175781,70.5,73.0,9187500,71.92599945068359,76.07099975585938,64.17639999389648,71.95205026094874,72.79140142787924,-0.8393511669304985,-1.1699550699191588,0.33060390298866027,60.57040506931557,71.92599945068359,75.83374912676554,68.01824977460164,0.10866028156511932,-0.02760400807757213,-0.0279921583890298,0.5114124283635839,8959470.0,1.0254512822745094,0
2024-05-22,67.33999633789062,71.0,67.01499938964844,70.86000061035156,12737500,71.59149932861328,75.78359970092774,64.19304996490479,71.24250350355518,72.38759364343564,-1.1450901398804518,-1.1649820839114176,0.019891944030965725,43.508758075278024,71.59149932861328,75.86877626645722,67.31422239076934,0.11949119596478178,-0.05831360192656343,-0.06008297058292694,0.547621107564738,9304775.0,1.368920796042892,0
2024-05-23,66.62000274658203,68.12000274658203,65.7699966430664,67.80000305175781,6723700,71.28299942016602,75.40159973144532,64.21424997329711,70.53134954094392,71.96036468811315,-1.429015147169224,-1.217788696562979,-0.21122645060624512,43.71970223498608,71.28299942016602,76.05744110933115,66.50855773100089,0.1339573735112621,-0.010691916104299981,-0.010749485357425833,0.5461930900248455,9376135.0,0.7171078488097707,0
2024-05-24,66.33999633789062,67.12999725341797,65.81999969482422,66.7300033569336,6857100,70.87599906921386,75.10359970092773,64.2323999595642,69.88652597124342,71.54404110661518,-1.6575151353717672,-1.3057339843247366,-0.35178115104703056,30.98889199103354,70.87599906921386,75.8849826501424,65.86701548828532,0.14134498692673178,-0.004203038083870014,-0.004211895676348801,0.5367616824665155,9486530.0,0.7228248896066317,0
2024-05-28,66.08000183105469,66.76000213623047,64.83000183105469,66.47000122070312,7708500,70.41449928283691,74.82179977416992,64.25159996032716,69.30090687275285,71.13929745657366,-1.8383905838208108,-1.4122653042239515,-0.4261252795968593,33.990727009697395,70.41449928283691,75.40414560064016,65.42485296503366,0.14172212736360232,-0.0039191215132377,-0.003926821394386159,0.533322939670016,9565845.0,0.8058357625489436,0
2024-05-29,65.55999755859375,66.19000244140625,64.25,64.9800033569336,7605600,70.0424991607666,74.51579971313477,64.276549949646,68.72538236288221,70.72601598264922,-2.000633619767001,-1.5299389673325616,-0.4706946524344393,33.87282992274467,70.0424991607666,75.32150226652674,64.76349605500646,0.1507371429920966,-0.007869313832502889,-0.007900440286024884,0.5253995720512334,9602885.0,0.7920119838985888,0
2024-05-30,65.0199966430664,66.2300033569336,64.5999984741211,65.51000213623047,6190400,69.9514991760254,74.22979965209962,64.30089992523193,68.15532302137208,70.30334788342087,-2.1480248620487856,-1.6535561462758066,-0.494468715772979,24.081124895265077,69.9514991760254,75.51786977417599,64.3851285778748,0.15914942963962583,-0.00823674398469465,-0.008270853389851012,0.4340745315708262,8805120.0,0.7030455007995348,0
2024-05-31,64.08000183105469,65.19999694824219,62.459999084472656,64.87000274658203,10928700,69.64049911499023,73.88219970703125,64.32949993133545,67.52835053055402,69.8423592869493,-2.314008756395282,-1.7856466682997016,-0.5283620880955802,25.623753085454354,69.64049911499023,75.78943814426246,63.49156008571801,0.17659089487911664,-0.014457011081866256,-0.01456253191189692,0.3885116235414577,8466865.0,1.29076110224977,1
2024-06-03,64.30000305175781,64.7750015258789,63.70000076293945,64.0999984741211,6473100,69.38199920654297,73.48719970703125,64.3635499382019,67.0316816876623,69.43181438063883,-2.400132692976527,-1.9085438732350668,-0.4915888197414602,29.82198272519868,69.38199920654297,75.9794513104071,62.78454710267884,0.1901776304895511,0.003433227440959641,0.0034273473701990406,0.3883916882435188,7343105.0,0.8815208280420884,0
2024-06-04,64.25,65.31999969482422,63.880001068115234,64.08000183105469,8256800,68.91799926757812,73.15679977416993,64.4042999458313,66.60373065879118,69.04797627836928,-2.4442456195780977,-2.015684222503673,-0.42856139707442464,21.20964071704887,68.91799926757812,75.59200026566042,62.24399826949583,0.1936794761603597,-0.0007776524010048025,-0.0007779549294846975,0.31243175327487666,7172170.0,1.1512275922071005,1
2024-06-05,64.80000305175781,65.62000274658203,63.88999938964844,65.22000122070312,7811800,68.57799949645997,72.80039978027344,64.44389995574952,66.32623410386296,68.73331159491657,-2.407077491053613,-2.093962876213661,-0.31311461483995195,22.682976602590145,68.57799949645997,75.3685292871832,61.78746970573674,0.19803814169510026,0.008560358782222721,0.008523926677926652,0.30770033666535646,7232270.0,1.0801311344847468,1
2024-06-06,66.4000015258789,66.95600128173828,64.63999938964844,64.80000305175781,9206600,68.34099960327148,72.45239974975586,64.48809995651246,66.33758293801927,68.5604738120249,-2.2228908740056283,-2.1197484757720546,-0.10314239823357374,30.43161592963324,68.34099960327148,75.08574575671807,61.59625344982489,0.1973850599962169,0.02469133331433837,0.024391429009236073,0.32486062131223914,7396220.0,1.2447709776074807,0
2024-06-07,65.0999984741211,66.56999969482422,65.08000183105469,65.9000015258789,6602300,67.93599967956543,72.09079971313477,64.53324995040893,66.14718532818878,68.30414230551351,-2.1569569773247252,-2.127190176082589,-0.029766801242136154,25.24204585865472,67.93599967956543,74.41996918435167,61.45203017477918,0.1908846424684781,-0.01957835876330738,-0.019772553686968758,0.30620839406678907,7483215.0,0.8822812120191655,0
2024-06-10,64.33999633789062,64.94000244140625,63.52000045776367,64.2699966430664,9063400,67.58749961853027,71.68599960327148,64.56884992599487,65.8691562527583,68.01050186346737,-2.1413456107090667,-2.130021263007885,-0.011324347701181736,17.001442140607338,67.58749961853027,74.05713997386543,61.11785926319512,0.1914448793593599,-0.011674380246454064,-0.011743060882726197,0.29786386243401614,7650675.0,1.18465364167214,0
2024-06-11,64.16000366210938,64.5,62.94499969482422,64.0,5250600,67.30849990844726,71.33999969482421,64.61149993896484,65.60620970035077,67.72527977447788,-2.1190700741271087,-2.12783102523173,0.008760951104621384,19.60299395264981,67.30849990844726,73.86794200805583,60.749057808838685,0.19490679805762126,-0.002797523873579233,-0.0028014442567749855,0.2910001665788659,7550130.0,0.6954317342880189,1
2024-06-12,64.62999725341797,67.19999694824219,64.30000305175781,66.0,7049800,66.97999992370606,71.04839965820312,64.65534992218018,65.45602317005343,67.4959995877327,-2.03997641767927,-2.110260103721238,0.070283686041968,33.84981081083539,66.97999992370606,73.37485337396426,60.585146473447864,0.19094814743333202,0.007325336104775815,0.007298636141767002,0.27930918409002164,7603200.0,0.9272148569023569,0
2024-06-13,62.36000061035156,65.8499984741211,62.209999084472656,65.07499694824219,7080200,66.52200012207031,70.70259963989258,64.68779993057251,64.97971200702237,67.1155552190378,-2.1358432120154305,-2.115376725380077,-0.020466486635353665,28.571406641567933,66.52200012207031,72.85960323310036,60.18439701104027,0.19054156818497073,-0.03512295744289784,-0.03575460280066405,0.2968996540776444,7688735.0,0.9208536904965511,0
2024-06-14,62.150001525878906,62.33000183105469,61.369998931884766,61.810001373291016,4916700,66.04200019836426,70.45099960327148,64.70974994659424,64.54437193300029,66.74773642695196,-2.2033644939516677,-2.132974279094395,-0.07039021485727259,28.77406219007962,66.04200019836426,72.1628730830153,59.921127313713235,0.18536303765077772,-0.0033675285827017287,-0.003373211468853826,0.2949082086527831,7588975.0,0.6478740541377459,1
2024-06-17,62.5,62.65999984741211,60.900001525878906,61.72999954223633,5906900,65.55400009155274,70.15759963989258,64.73364994049072,64.22985317407718,66.43308928421477,-2.2032361101375955,-2.1470266453030353,-0.05620946483456013,32.02808783922494,65.55400009155274,71.11852094109516,59.98947924201032,0.16976907104893696,0.005631511915174414,0.005615714234084831,0.29401731429198164,7585970.0,0.7786611336454007,0
2024-06-18,61.900001525878906,63.16999816894531,61.779998779296875,62.36000061035156,7176700,64.97200012207031,69.82859970092774,64.75489994049072,63.87141445896975,66.09730500581952,-2.2258905468497687,-2.162799425612382,-0.0630911212373868,31.772902084484258,64.97200012207031,69.32194278162196,60.62205746251867,0.1339020701649606,-0.009599975585937504,-0.009646352401096394,0.2790963561414193,7636695.0,0.9397651732850402,1
2024-06-20,62.7400016784668,63.334999084472656,61.189998626708984,61.5,7487200,64.53350009918213,69.4837996673584,64.77774995803833,63.69735095427699,65.84861587046007,-2.1512649161830737,-2.1604925237265205,0.009227607543446759,38.974863174282845,64.53350009918213,67.72131263858309,61.34568755978118,0.09879558785751813,0.01357027676706446,0.01347902517401052,0.27984348210403753,7551680.0,0.9914615026060426,1
2024-06-21,62.970001220703125,62.970001220703125,61.77000045776367,62.27000045776367,7957400,64.31500034332275,69.17299964904785,64.7988999557495,63.58545099526563,65.63538515566326,-2.049934160397626,-2.1383808510607416,0.08844669066311539,44.236750745906825,64.31500034332275,67.2844401797097,61.34556050693579,0.09234050596394804,0.003665915461957381,0.003659212370852338,0.20326010919804127,7312675.0,1.0881654114260513,1
2024-06-24,64.4000015258789,65.3499984741211,63.79999923706055,64.12000274658203,7607800,64.2040002822876,68.85979972839355,64.83269996643067,63.71076646151383,65.54387525716072,-1.8331087956468934,-2.077326439977972,0.24421764433107862,50.46124805481909,64.2040002822876,66.96962537866513,61.43837518591006,0.0861511770051034,0.02270923102198741,0.02245521491795703,0.22089948903003528,7356880.0,1.0341068496427834,0
2024-06-25,64.0199966430664,64.9000015258789,63.470001220703125,64.19999694824219,6934300,64.08800029754639,68.60039970397949,64.87259994506836,63.75834033559884,65.4309953598204,-1.6726550242215623,-1.9963921568266902,0.32373713260512793,48.97044068157804,64.08800029754639,66.66455444624697,61.5114461488458,0.08040675748153209,-0.005900696798272542,-0.005918174698065115,0.2212466558311303,7360740.0,0.9420656075340251,0
2024-06-26,63.290000915527344,63.779998779296875,62.619998931884766,63.58000183105469,3645400,63.94850025177002,68.39619972229004,64.92364994049072,63.6862881171263,65.27240317876166,-1.5861150616353612,-1.9143367377884246,0.3282216761530634,43.34799837328969,63.94850025177002,66.36828824746004,61.52871225607999,0.07567927273237496,-0.011402620521975937,-0.011468128853208037,0.22382822090373136,7157585.0,0.5093058622426418,1
2024-06-27,63.38999938964844,64.11000061035156,62.63999938964844,63.20000076293945,4332300,63.84000034332276,68.20119972229004,64.97089994430542,63.64070523597586,65.13296586104957,-1.4922606250737118,-1.829921515245482,0.33766089017177014,34.72077530271707,63.84000034332276,66.14754318205773,61.53245750458778,0.07229144192748516,0.001580004308335603,0.001578757414753792,0.22308732404208997,6993920.0,0.6194380261713031,1
2024-06-28,64.48999786376953,64.5999984741211,63.130001068115234,63.58000183105469,6802600,63.81350040435791,68.02079963684082,65.02169992446899,63.77136564025181,65.0853386019918,-1.3139729617399851,-1.7267318045443827,0.41275884280439756,46.83936807917511,63.81350040435791,66.07571365917168,61.551287149544144,0.07090077304893556,0.01735287087415127,0.017204029229737603,0.23131199214956807,7024530.0,0.9684064271915701,0
2024-07-01,63.84000015258789,64.94999694824219,62.814998626708984,64.62000274658203,5278300,63.80150032043457,67.8563996887207,65.07014991760254,63.78192479599582,64.99309130944336,-1.2111665134475373,-1.6236187463250138,0.41245223287747645,47.37946783629706,63.80150032043457,66.06030489643459,61.54269574443456,0.07080725577472213,-0.010079046871031339,-0.010130184365583113,0.22826209956963722,6742010.0,0.7828970885537102,1
2024-07-02,64.58000183105469,65.37999725341797,63.77000045776367,63.97999954223633,4402300,63.815500259399414,67.7395997619629,65.12379993438721,63.90470587831257,64.96249208882197,-1.0577862105094056,-1.5104522391618924,0.45266602865248684,52.079202311483776,63.815500259399414,66.09072520826578,61.54027531053305,0.07130634217762001,0.011591504960809518,0.011524838151692241,0.2317422268053078,6638470.0,0.6631497920454562,0
2024-07-03,64.44000244140625,65.18000030517578,63.92499923706055,64.41000366210938,2837200,63.82500038146973,67.5963998413086,65.18184993743897,63.987059195711595,64.92378915197637,-0.9367299562647702,-1.395707782582468,0.4589778263176978,49.027661076456454,63.82500038146973,66.10943229758993,61.540568465349516,0.0715842350949189,-0.0021678443121554425,-0.0021701974881308435,0.23188196854215343,6367490.0,0.445575886259735,1
2024-07-05,65.77999877929688,65.79000091552734,63.9900016784668,64.18000030517578,5390100,63.87400016784668,67.40779983520508,65.25449993133545,64.26289605472472,64.98721208733345,-0.7243160326087263,-1.2614294325877196,0.5371133999789932,69.34390575441776,63.87400016784668,66.2850212465484,61.462979089144966,0.07549303542493307,0.02079447993672945,0.020581226008275028,0.24156214381935262,6246405.0,0.8629123471820992,0
2024-07-08,64.2300033569336,66.73999786376953,63.93000030517578,65.91999816894531,6166100,63.76550025939942,67.2117999267578,65.32664995193481,64.25783563967994,64.93112255174827,-0.6732869120683347,-1.1438009284838426,0.47051401641550794,60.21613401973003,63.76550025939942,65.87425236513862,61.65674815366022,0.06614084723434305,-0.023563323975784534,-0.02384537866958855,0.23914087004027337,6094380.0,1.0117682192446156,1
2024-07-09,64.51000213623047,65.3499984741211,63.83000183105469,64.4800033569336,3630200,63.73600044250488,67.04619995117187,65.41134996414185,64.2966304853031,64.8999284468951,-0.6032979615920055,-1.0357003351054752,0.43240237351346966,59.940677787034694,63.73600044250488,65.78171283325915,61.69028805175062,0.06419330916754544,0.004359314411691573,0.0043498401249055145,0.23013418891552984,5945775.0,0.6105511897103405,0
2024-07-10,64.33999633789062,64.76000213623047,62.83000183105469,64.76000213623047,4838100,63.73600044250488,66.84339981079101,65.50494995117188,64.30330215493194,64.85845199437625,-0.5551498394443115,-0.9395902359732425,0.384440396528931,62.60328852374257,63.73600044250488,65.78171283325915,61.69028805175062,0.06419330916754544,-0.0026353401443209856,-0.002638818766070878,0.2264444491605635,5734510.0,0.8436815002502394,1
2024-07-11,66.48999786376953,67.05999755859375,65.11000061035156,65.41000366210938,7319000,63.85250015258789,66.66699981689453,65.61384994506835,64.63971687936849,64.97930724396095,-0.3395903645924534,-0.8195902616970848,0.4799998971046314,67.06095639614699,63.85250015258789,66.23717669687355,61.46782360830223,0.07469328651460824,0.03341625191564934,0.0328700633929683,0.25499117154927964,5837930.0,1.253697800418984,1
2024-07-12,68.73999786376953,69.62999725341797,67.80999755859375,67.80999755859375,8697500,64.05800018310546,66.58179977416992,65.72959993362427,65.27052933850712,65.25787691950232,0.012652419004794524,-0.653141725556709,0.6657941445615035,72.17524626945321,64.05800018310546,67.28454363043878,60.83145673577215,0.10073818845766201,0.03383967622633999,0.033279712058958605,0.2787268951373066,5920315.0,1.469094127592873,1
2024-07-15,72.05999755859375,72.29499816894531,68.75,69.48999786376953,9038300,64.54300003051758,66.68619979858398,65.86584991455078,66.31506291082813,65.76173770758317,0.5533252032449667,-0.41184833979637386,0.9651735430413406,75.70469520300342,64.54300003051758,69.26460836135517,59.82139169967998,0.14630892052136096,0.048297931306367836,0.047167831095035986,0.28371713774996943,6018220.0,1.5018227981030936,1
2024-07-16,72.06999969482422,73.36000061035156,71.16999816894531,72.18000030517578,7104600,65.03899993896485,66.72159973144531,66.00549991607666,67.20043780067368,66.22901637330473,0.9714214273689521,-0.1351943863633087,1.1066158137322608,77.70133501358642,65.03899993896485,70.69405810817359,59.383941769756106,0.1738974515141891,0.00013880289438450433,0.00013879326215407025,0.28222048854909065,6127615.0,1.1594396841185355,0
2024-07-17,71.8499984741211,72.52999877929688,70.62000274658203,70.62999725341797,6016500,65.50649986267089,66.76919967651367,66.14299991607666,67.9157548273579,66.64538541780965,1.2703694095482518,0.14591837281900338,1.1244510367292484,80.52781600638649,65.50649986267089,71.78889884368243,59.22410088165935,0.19180994234715892,-0.0030526047125670752,-0.0030572734138866447,0.284688348457244,6133095.0,0.9809892069175514,0
2024-07-18,68.0,72.55000305175781,67.95999908447266,72.33000183105469,13075400,65.81149978637696,66.65859970092774,66.261699924469,67.92871562314899,66.74572723871263,1.1829883844363565,0.353332375142474,0.8296560092938825,62.97130411150167,65.81149978637696,71.94725803585675,59.67574153689717,0.18646462303385758,-0.05358383515495524,-0.055072886111920606,0.3534980727995064,6428030.0,2.034122429422389,1
2024-07-19,68.0999984741211,68.69000244140625,67.30999755859375,68.01000213623047,5161400,66.07949962615967,66.58859970092773,66.38624992370606,67.95506683099084,66.84604362652067,1.1090232044701764,0.5044705410080146,0.6045526634621619,60.7632717143212,66.07949962615967,72.11784048386518,60.04115876845416,0.18275988443819996,0.0014705657958984375,0.0014694855729147065,0.3521898446226378,6311740.0,0.8177459781296441,1
2024-07-22,68.25,68.47000122070312,66.94999694824219,68.2300033569336,4649000,66.34349956512452,66.53079971313477,66.51799991607666,68.00044116468456,66.95004039492655,1.0504007697580136,0.6136565867580144,0.4367441829999992,63.5525498565913,66.34349956512452,72.2700781232109,60.41692100703814,0.17866342887953,0.0022026656276050716,0.0022002433160476804,0.3522653679802014,6146320.0,0.7563875619883117,0
2024-07-23,66.88999938964844,68.38999938964844,66.83999633789062,67.69999694824219,4353300,66.46799945831299,66.40459976196288,66.64294990539551,67.82960396852516,66.9455929130541,0.8840110554710634,0.6677274805006241,0.21628357497043926,56.83835891672531,66.46799945831299,72.32690283398838,60.60909608263759,0.17629245421625633,-0.01992674886961998,-0.020127964059458173,0.3551610602335236,5983595.0,0.727539213466152,0
2024-07-24,61.709999084472656,66.1500015258789,61.66999816894531,65.88999938964844,9676300,66.3524995803833,66.21259979248048,66.73829990386963,66.88812629405554,66.557771147974,0.33035514608154415,0.6002530136168082,-0.269897867535264,43.775642227671845,66.3524995803833,72.4986340433326,60.20636511743399,0.18525705894481093,-0.07744057934581794,-0.0806034925085997,0.4537377035773431,6120695.0,1.580915239200777,0
2024-07-25,61.58000183105469,63.72999954223633,61.470001220703125,61.994998931884766,7174600,66.26699962615967,66.04939987182617,66.82704990386964,66.07149176128618,66.18904749486886,-0.11755573358267668,0.45669126417691125,-0.5742469977595879,39.86487282624865,66.26699962615967,72.63604869714202,59.89795055517733,0.19222385521942617,-0.0021065832984379362,-0.0021088052660896118,0.45222800381369077,6297155.0,1.1393399082601587,0
2024-07-26,60.18000030517578,61.65999984741211,59.86000061035156,60.54999923706055,11388700,66.10649967193604,65.82899993896484,66.90939990997315,65.16510846034612,65.74393288822493,-0.5788244278788142,0.2495881257657662,-0.8284125536445803,40.1555624460342,66.10649967193604,72.92662406488121,59.28637527899086,0.2063374835089173,-0.022734678211277504,-0.022997095957972714,0.45859680479974574,6649975.0,1.7125929044846033,1
2024-07-29,60.7400016784668,62.27000045776367,59.900001525878906,60.59000015258789,7074000,65.9189998626709,65.61340003967285,66.98309991836548,64.48432280159545,65.37327131713174,-0.8889485155362848,0.021880797505355987,-0.9108293130416408,40.95923581678851,65.9189998626709,73.12170488876,58.71629483658181,0.218531987472337,0.009305439854623065,0.00926241097828505,0.4549230105973935,6663545.0,1.0615970928387217,0
2024-07-30,60.09000015258789,62.97999954223633,59.770999908447266,61.83000183105469,7195200,65.7314998626709,65.38020004272461,67.05009992599487,63.8082731632866,64.9819178975359,-1.1736447342492937,-0.21722430884557398,-0.9564204254037197,40.03751743931405,65.7314998626709,73.34557175713269,58.11742796820911,0.23167193538469197,-0.010701374842229217,-0.010759046366075027,0.45506416482564493,6759390.0,1.0644747528993002,1
2024-07-31,61.880001068115234,62.939998626708984,60.54499816894531,60.959999084472656,6839200,65.59649982452393,65.1726000213623,67.13224992752075,63.511615917875616,64.75214628054178,-1.2405303626661635,-0.4218855196096919,-0.8186448430564716,39.00811709898982,65.59649982452393,73.39016157330296,57.8028380757449,0.23762431744461124,0.029788665518088786,0.02935360208077974,0.4670310317927272,6881235.0,0.9938913581646318,0
2024-08-01,59.900001525878906,63.849998474121094,59.46500015258789,61.9900016784668,12935700,65.36949977874755,64.89980003356933,67.21589994430542,62.95598293449151,64.39272815056675,-1.436745216075245,-0.6248574589028025,-0.8118877571724424,28.647356562807403,65.36949977874755,73.55938510230652,57.17961445518859,0.25057206652273023,-0.03199740640044302,-0.03252051237076414,0.47925760905999265,7386160.0,1.7513430524115372,1
2024-08-02,60.380001068115234,60.81999969482422,57.66999816894531,58.45000076293945,17898400,65.09949989318848,64.67720001220704,67.29399995803833,62.55967803197208,64.0954891074222,-1.5358110754501126,-0.8070481822122646,-0.728762893237848,17.30124972954316,65.09949989318848,73.58318258225799,56.615817204118976,0.26063741512573974,0.00801334774639284,0.007981411373402516,0.47287310779638964,8011575.0,2.234067583465174,0
2024-08-05,57.209999084472656,59.2400016784668,55.0,55.0,13286900,64.74849967956543,64.47460006713867,67.3505499458313,61.736650501587555,63.58545280942593,-1.8488023078383762,-1.015399007337487,-0.8334033005008892,14.652717435885165,64.74849967956543,73.93539329162621,55.56160606750464,0.2837716289188446,-0.05250086001267984,-0.05392924969106502,0.49929501102779944,8367615.0,1.5878957146092405,1
2024-08-06,57.25,58.61000061035156,56.25,57.400001525878906,8112100,64.3854995727539,64.28720001220704,67.41389993667603,61.04639657826639,63.11616000872771,-2.0697634304613217,-1.226271891962254,-0.8434915384990678,14.971219542375536,64.3854995727539,74.16658284557835,54.604416299929454,0.30382876075294196,0.0006991944794174643,0.0006989501568368068,0.49852505124320307,8591710.0,0.944177585137301,1
2024-08-07,58.04999923706055,59.779998779296875,57.6619987487793,58.400001525878906,9056700,64.0709997177124,64.12140007019043,67.4832999420166,60.58541237192703,62.740888840456066,-2.155476468529038,-1.4121128072756108,-0.7433636612534271,22.03485633133434,64.0709997177124,74.25446250623602,53.88753692918877,0.3178805647918871,0.013973785800184269,0.013877052566752928,0.5032438376684999,8802640.0,1.0288617960066526,1
2024-08-08,61.209999084472656,61.45000076293945,59.06999969482422,59.22999954223633,7085500,63.80699977874756,64.02400001525879,67.56944993972779,60.68150263539558,62.62748959927211,-1.9459869638765284,-1.5188876385957943,-0.427099325280734,33.47722452587993,63.80699977874756,74.00017289631393,53.61382666118119,0.3195001536794227,0.05443582926689672,0.05300586490472336,0.5291910481659157,8790965.0,0.8059979763313811,1
2024-08-09,62.13999938964844,62.68000030517578,60.70000076293945,61.779998779296875,5941000,63.476999855041505,63.955600051879884,67.66064992904663,60.90588675143449,62.591379213374054,-1.6854924619395675,-1.552208603264549,-0.13328385867501846,35.87609978949507,63.476999855041505,73.42206070447274,53.531939005610276,0.3133437582791295,0.015193601030647486,0.015079334236875106,0.5156634383375039,8653140.0,0.686571579796467,0
2024-08-12,61.09000015258789,62.310001373291016,60.36000061035156,62.15999984741211,5746200,62.92849998474121,63.877000122070314,67.73934993743896,60.93421189007347,62.480165949612115,-1.5459540595386443,-1.5509576945193682,0.00500363498072387,36.397752621217265,62.92849998474121,72.0569170783494,53.800082891133016,0.29012028241008875,-0.01689731650102755,-0.017041704983269252,0.4776091444548667,8488535.0,0.6769365974222878,1
2024-08-13,63.369998931884766,63.650001525878906,61.369998931884766,61.880001068115234,4887500,62.49349994659424,63.86280006408691,67.84759992599487,61.30894835804444,62.546079503854536,-1.2371311458100962,-1.4881923847775138,0.2510612389674176,54.50597087037838,62.49349994659424,70.55447020584894,54.43252968733953,0.2579778782159251,0.0373219638828286,0.03664235732077523,0.5033364581608433,8377680.0,0.5833954030232713,0
2024-08-14,62.20000076293945,63.599998474121094,61.810001373291016,63.459999084472656,5065500,62.011000061035155,63.82080001831055,67.9501999282837,61.44603334341291,62.52044404156453,-1.074410698151624,-1.405436047452336,0.33102534930071204,51.59300832352706,62.011000061035155,68.76280062410842,55.259199497961895,0.21776138286522437,-0.018462966524631308,-0.018635534469165032,0.5051384917017208,8330130.0,0.6080937512379759,1
2024-08-15,64.25,64.7300033569336,63.4900016784668,63.58000183105469,6944500,61.823500061035155,63.82080001831055,68.07134992599487,61.877412829041695,62.64855929774494,-0.7711464687032432,-1.2785781317025176,0.5074316629992743,60.11934254424935,61.823500061035155,68.0639323497804,55.58306777228991,0.20187897102507588,0.03295818668674344,0.032426711764287824,0.49183164078356884,8023585.0,0.8655108657788257,1
2024-08-16,65.87000274658203,65.93000030517578,64.47000122070312,64.47000122070312,5486500,61.7120002746582,63.84220001220703,68.20459993362427,62.49165743174021,62.88718473839954,-0.3955273066593321,-1.1019679666938806,0.7064406600345485,62.116203560299695,61.7120002746582,67.54674799521167,55.87725255410473,0.18909604921522824,0.025214050530459664,0.02490142057428129,0.5014186974302385,8039840.0,0.6824140778920974,1
2024-08-19,66.87999725341797,66.9000015258789,65.7300033569336,66.0,4454500,61.6435001373291,63.85179992675781,68.33774991989135,63.16678663507525,63.18294862840091,-0.016161993325660262,-0.8848067720202366,0.8686447786945763,65.76869179949747,61.6435001373291,67.179587327841,56.10741294681719,0.17961625080271684,0.015333148090514559,0.015216783359519924,0.5047497799557147,8030115.0,0.5547243096767606,0
2024-08-20,64.87999725341797,67.26699829101562,64.83000183105469,66.80999755859375,4906900,61.543000030517575,63.84739990234375,68.45734991073608,63.430357499435665,63.30865593395773,0.12170156547793454,-0.6835051045206024,0.805206669998537,56.89971712625827,61.543000030517575,66.74069983165421,56.345300229380946,0.16891278613519745,-0.029904307448185286,-0.030360560235235555,0.5110394278270022,8057795.0,0.6089631220451749,1
2024-08-21,65.6500015258789,65.69999694824219,64.08999633789062,64.92500305175781,5672200,61.74000015258789,63.873600006103516,68.5656999206543,63.77184119581155,63.48208894076671,0.2897522550448386,-0.4888536326075142,0.7786058876523527,64.00389756914767,61.74000015258789,67.2534246676374,56.226575637538375,0.17860137678727928,0.011868130472529659,0.011798256517543876,0.42500546120964466,7857590.0,0.7218752823702942,0
2024-08-22,63.84000015258789,65.87999725341797,63.630001068115234,64.9800033569336,4767300,61.85300006866455,63.867199935913085,68.64149991989136,63.78232718916175,63.50860088238309,0.2737263067786557,-0.3363376447302802,0.6100639515089359,57.913995855137834,61.85300006866455,67.44470083359329,56.26129930373581,0.18080612932990325,-0.02757046963018761,-0.02795766845972415,0.4388007623966001,7737225.0,0.6161511394589145,1
2024-08-23,65.36000061035156,65.7030029296875,64.4000015258789,64.55000305175781,5618500,62.11200008392334,63.88180000305176,68.7206999206543,64.0250461770371,63.64574160297335,0.3793045740637453,-0.19320920097147512,0.5725137750352204,70.16329019069713,62.11200008392334,67.85523064912515,56.368769518721535,0.18493143216904218,0.023809530923098787,0.023530504358337093,0.434853734069232,7448715.0,0.7542911763975397,1
2024-08-26,65.55999755859375,66.58000183105469,65.41000366210938,65.45999908447266,4375100,62.35299987792969,63.9457999420166,68.79324991226196,64.26119254343043,63.787538340426714,0.4736542030037114,-0.05983652017643783,0.5334907231801492,70.39764249030688,62.35299987792969,68.25611237078346,56.449887385075925,0.18934493943869463,0.003059928800100309,0.0030552567463111,0.4345021738188224,7313770.0,0.5982003809252957,1
2024-08-27,66.63999938964844,66.80000305175781,64.98500061035156,65.0,3643600,62.68049983978271,64.035599899292,68.86509990692139,64.62716282746396,63.998831751480175,0.6283310759837875,0.07779699905560723,0.5505340769281802,70.79903415179689,62.68049983978271,68.77854221413122,56.582457465434196,0.19457542265730765,0.0164734879693893,0.01633927206328749,0.43286074853260376,7136190.0,0.510580575909554,0
2024-08-28,64.68000030517578,66.45999908447266,63.86000061035156,66.23500061035156,5096000,62.82049980163574,64.07919990539551,68.93324991226196,64.63529167018885,64.04928868138354,0.5860029888053049,0.17943819700554678,0.40656479179975813,58.920313020966134,62.82049980163574,68.96951389185594,56.67148571141554,0.1957645707893616,-0.029411751236857242,-0.029852949272503863,0.4398282730972129,7049030.0,0.7229363472704755,1
2024-08-29,66.41999816894531,68.48999786376953,65.33999633789062,65.33999633789062,7233800,63.14649963378906,64.16959983825683,69.00784990310669,64.90986190076677,64.2248967915733,0.6849651091934703,0.2805435794431315,0.4044215297503388,60.56268494508416,63.14649963378906,69.33478803492883,56.95821123264928,0.1959978284474373,0.026901636604202306,0.026546148953632543,0.4279438770275869,6763935.0,1.06946622047669,0
2024-08-30,66.08000183105469,66.96499633789062,64.75,66.87000274658203,5850700,63.43149967193604,64.2363998413086,69.07814990997315,65.08988342850338,64.36231197968303,0.7275714488203562,0.3699491533185765,0.3576222955017797,62.762158108830334,63.43149967193604,69.60833685846299,57.254662485409085,0.19475614540009897,-0.00511888508376368,-0.005132031458391272,0.42946737747919533,6161550.0,0.9495500320536229,0
2024-09-03,64.16999816894531,65.66000366210938,63.77899932861328,64.6500015258789,4583000,63.77949962615967,64.26039978027343,69.12349990844727,64.9483626193406,64.34806651222097,0.6002961071196324,0.4160185440787877,0.18427756304084475,52.08550412784927,63.77949962615967,69.22094854010429,58.33805071221504,0.17063316413077562,-0.028904412971910043,-0.029330373694398986,0.39439650859078407,5726355.0,0.8003345932971323,0
2024-09-04,64.08000183105469,65.23999786376953,63.66999816894531,63.86000061035156,4050900,64.12099971771241,64.25399978637695,69.16239992141723,64.81476865191199,64.32820986917162,0.48655878274037434,0.4301265918111051,0.056432190929269266,55.19337464869473,64.12099971771241,68.61117565615012,59.6308237792747,0.14005321059264061,-0.001402467515328354,-0.0014034518933739306,0.39484488963811315,5523295.0,0.7334209018348649,1
2024-09-05,64.58000183105469,65.2300033569336,63.69499969482422,63.970001220703125,3689300,64.4474998474121,64.26519989013671,69.20389993667602,64.7786506794724,64.34686112560739,0.4317895538650163,0.43045918422188734,0.001330369643128937,50.99698465961135,64.4474998474121,67.9112844891676,60.98371520565661,0.10749166841092235,0.0078027463438319344,0.0077724623487920265,0.3937864970229622,5254925.0,0.7020652054976998,0
2024-09-06,61.2400016784668,65.41000366210938,60.97999954223633,64.68000030517578,6448500,64.44899997711181,64.22419990539551,69.21914995193481,64.23424314085617,64.11672338878216,0.11751975207400278,0.3678712977923105,-0.2503515457183077,37.32894667335092,64.44899997711181,67.90690191225787,60.99109804196575,0.1073066125579632,-0.05171879928597001,-0.05310419548590976,0.39954583877430216,5223075.0,1.234617538518976,1
2024-09-09,61.310001373291016,63.04999923706055,61.060001373291016,62.09000015258789,5535100,64.40750007629394,64.18259994506836,69.22934995651245,63.78435979199999,63.908818054301335,-0.12445826230134571,0.26940538577357925,-0.39386364807492497,33.92961189358029,64.40750007629394,67.99940738970625,60.81559276288164,0.11153692688452455,0.0011430387476432102,0.0011423859762352256,0.3957063507215251,5202780.0,1.0638735445281176,1
2024-09-10,61.369998931884766,61.59000015258789,59.20000076293945,61.4900016784668,7279600,64.42150001525879,64.12019996643066,69.24284996032715,63.41291965967457,63.72075737856677,-0.3078377188922019,0.15395676484042303,-0.46179448373262494,38.59649340235649,64.42150001525879,67.96076038093928,60.8822396495783,0.1098782352116043,0.0009785933330590524,0.0009781148227558489,0.39086489762871174,5279450.0,1.3788557520196232,1
2024-09-11,63.380001068115234,63.56999969482422,60.20000076293945,60.959999084472656,5833600,64.42200012207032,64.11099998474121,69.2646499633789,63.407855260973136,63.69551617038518,-0.2876609094120468,0.06563322998992907,-0.35329413940197585,43.174980897832825,64.42200012207032,67.96063766014214,60.88336258399848,0.10985804636200755,0.032752194414430225,0.03222727211884614,0.3854571431093454,5326755.0,1.095150800064955,1
2024-09-12,63.66999816894531,63.7599983215332,62.11000061035156,63.44499969482422,3777000,64.49549999237061,64.09279991149903,69.28474994659423,63.4481849391227,63.6936259480563,-0.24544100893360365,0.003418382205222524,-0.24885939113882619,49.43745166931625,64.49549999237061,67.89826884603994,61.09273113870128,0.10551957436012913,0.004575530071676992,0.004565094155083753,0.379215622224885,5262330.0,0.7177429009583207,1
2024-09-13,63.9900016784668,64.87999725341797,63.709999084472656,63.72999954223633,4682900,64.48250007629395,64.08379989624024,69.30314994812012,63.531541360560254,63.71557970586449,-0.1840383453042378,-0.03407296329666954,-0.14996538200756826,45.075486346749315,64.48250007629395,67.89119943412533,61.07380071846256,0.10572478901402098,0.0050259701385944044,0.005013382111092673,0.3609480843610507,5149250.0,0.9094334126329077,1
2024-09-16,65.77999877929688,66.18000030517578,63.97999954223633,64.04000091552734,5428400,64.47799987792969,64.08379989624024,69.31534994125366,63.877457886519736,63.86849963722985,0.008958249289882758,-0.025466720779359082,0.03442497006924184,50.70968170642567,64.47799987792969,67.87921584999219,61.076783905867195,0.10550004586065667,0.02797307475977817,0.027588974822040337,0.36362267426870765,5146345.0,1.0548068580711165,1
2024-09-17,67.33000183105469,67.84500122070312,66.4800033569336,66.7699966430664,4502700,64.50050010681153,64.14579986572265,69.33334995269776,64.40861849337126,64.12490720714281,0.28371128622845276,0.03636888062220329,0.24734240560624948,52.160309074205806,64.50050010681153,67.97381132731304,61.02718888631001,0.10769873767644544,0.023563439959285226,0.023290107548866033,0.36929994552812284,5148755.0,0.8745220932050564,0
2024-09-18,66.73999786376953,68.23999786376953,66.26000213623047,67.22000122070312,5595100,64.5935001373291,64.19039978027344,69.34989994049073,64.7672922426633,64.3186176261522,0.44867461651109863,0.11883002779998236,0.32984458871111627,57.05478689687932,64.5935001373291,68.20639614641728,60.98060412824093,0.11186562119739515,-0.008762868724786377,-0.008801488437437497,0.35342624300307185,5183165.0,1.0794755713931545,1
2024-09-19,68.63999938964844,69.4000015258789,67.9800033569336,68.97000122070312,6547800,64.74300003051758,64.27639984130859,69.36789993286133,65.36309334219948,64.63871997900378,0.7243733631956957,0.23993869487912503,0.48443466831657067,57.52032825000013,64.74300003051758,68.76433236074294,60.72166770029221,0.12422446684058049,0.028468708221375927,0.028071004972659123,0.36452867365056413,5226945.0,1.2527011476110808,0
2024-09-20,67.45999908447266,69.0,66.62799835205078,68.5999984741211,7744800,64.92399997711182,64.29579986572266,69.38019992828369,65.68569422562612,64.84770361644591,0.8379906091802098,0.35954907773934197,0.4784415314408679,54.42306638940024,64.92399997711182,69.09720386026817,60.75079609395547,0.1285565856887302,-0.01719114679004119,-0.0173406302255449,0.354914607451837,5375820.0,1.440673236827126,1
2024-09-23,67.83000183105469,68.56999969482422,67.05000305175781,67.58000183105469,5289700,65.04750003814698,64.27759994506836,69.39489994049072,66.01558770338437,65.06861459530583,0.946973108078538,0.47703388380718115,0.4699392242713568,63.01565544668569,65.04750003814698,69.41662497789305,60.678375098400906,0.13433644451158946,0.005484772481522349,0.005469785890655911,0.3465264409853311,5359380.0,0.9869984960946975,0
2024-09-24,67.54000091552734,68.61000061035156,66.51000213623047,68.44999694824219,6374600,65.14650020599365,64.18720001220703,69.39259994506835,66.25011281294483,65.25168024865557,0.99843256428926,0.5813136199035969,0.4171189443856631,62.13182578883391,65.14650020599365,69.65211861115431,60.64088180083299,0.1383226540463068,-0.004275407750240823,-0.004284573439992664,0.34723014455841206,5459355.0,1.1676470938416719,0
2024-09-25,65.23999786376953,67.86000061035156,65.13999938964844,67.6500015258789,5782300,65.07650012969971,64.05059997558594,69.37644992828369,66.09471051307172,65.25081488681217,0.8438956262595525,0.633830021174788,0.21006560508476446,52.05478052919263,65.07650012969971,69.52759197796846,60.62540828143097,0.13679567399591444,-0.034053938711585685,-0.034647283504126714,0.3646365165967351,5566290.0,1.0388068174672898,1
2024-09-26,66.5199966430664,66.62799835205078,64.91500091552734,66.2699966430664,5902000,65.16849994659424,63.94399993896484,69.3631999206543,66.16013914845551,65.3448283502384,0.8153107982171122,0.6701261765832529,0.14518462163385926,68.85710945910634,65.16849994659424,69.66095512565244,60.67604476753605,0.13787198363441763,0.019619847044901828,0.019429858851068717,0.3550341362501287,5606590.0,1.0526897811325602,1
2024-09-27,66.97000122070312,67.54000091552734,65.18000030517578,67.1449966430664,7327700,65.19600009918213,63.923399963378905,69.35524993896485,66.28473331341668,65.46521152582838,0.8195217875883003,0.7000052987842624,0.11951648880403787,69.68008839052057,65.19600009918213,69.72727767358808,60.664722524776174,0.1390047723023669,0.006764951899371763,0.006742172289871163,0.34302544088398296,5611285.0,1.3058862631286774,1
2024-09-30,67.12999725341797,68.3499984741211,66.5,66.58000183105469,5301700,65.2484998703003,63.903999938964844,69.34304992675781,66.41477391957072,65.58852898713131,0.8262449324394083,0.7252532255152916,0.10099170692411674,69.88947663618865,65.2484998703003,69.84673808163348,60.6502616589671,0.14094540780166517,0.0023890701776689838,0.0023862208867137646,0.34238943409075007,5583835.0,0.9494728981067672,0
2024-10-01,65.94000244140625,67.26000213623047,64.43000030517578,67.0,6599300,65.33700008392334,63.857799987792966,69.32244995117188,66.34173215369927,65.61456405781834,0.727168095880927,0.7256361995884186,0.0015318962925083834,59.37042449514632,65.33700008392334,69.91593097979563,60.75806918805106,0.14016348745705473,-0.01772672219126492,-0.01788572236803686,0.3315638381242044,5684650.0,1.1608982083329669,0
2024-10-02,65.05999755859375,66.12999725341797,63.935001373291016,65.58999633789062,5265600,65.3859998703003,63.82119995117188,69.27394992828368,66.14454221599073,65.57348505787579,0.5710571581149395,0.6947203912937228,-0.12366323317878325,54.87718561841932,65.3859998703003,69.92912781939114,60.84287192120945,0.13896332420097868,-0.013345539129976047,-0.01343539114849951,0.3356689839072324,5745385.0,0.9164921062731218,1
2024-10-03,65.63999938964844,65.70999908447266,64.38999938964844,64.5,4346100,65.43899974822997,63.89979995727539,69.23109992980957,66.0669202427073,65.5784120454145,0.48850819729280204,0.6534779524935386,-0.16496975520073653,55.685720768102115,65.43899974822997,69.9672446294162,60.91075486704374,0.13839590759663808,0.008914876311397535,0.00887537340367283,0.33599214595016164,5778225.0,0.7521513959736771,1
2024-10-04,67.0199966430664,67.05999755859375,65.37999725341797,66.94999694824219,4551100,65.72799949645996,64.00859985351562,69.19679992675782,66.21354738122409,65.68519608968501,0.5283512915390816,0.6284526203026471,-0.10010132876356559,54.397151262609455,65.72799949645996,69.8471794709596,61.608819521960314,0.12534019005770894,0.021023724348717687,0.020805775297208142,0.27889362007843177,5683355.0,0.8007770058354616,0
2024-10-07,65.70999908447266,67.30000305175781,65.37999725341797,66.80000305175781,4076800,65.94799938201905,64.11919982910156,69.13879993438721,66.1360784124931,65.68703334855817,0.44904506393493193,0.5925711090291041,-0.14352604509417222,44.15583772188397,65.94799938201905,69.50534685632748,62.39065190771062,0.10788340837154652,-0.019546368609513753,-0.01973992524369852,0.29173380037796315,5610440.0,0.7266453255003172,1
2024-10-08,68.25,68.51000213623047,65.58999633789062,65.66000366210938,5336700,66.2919994354248,64.26939979553222,69.09949993133544,66.46129711826339,65.87688273014646,0.5844143881169259,0.5909397648466685,-0.006525376729742627,54.775463759422735,66.2919994354248,69.26855070689354,63.31544816395606,0.08980122177090773,0.038654709342821336,0.037926327088139256,0.31676916695836194,5513295.0,0.9679692452517052,1
2024-10-09,68.2699966430664,68.93000030517578,67.13999938964844,68.69000244140625,4594400,66.53649921417237,64.4329997253418,69.05634990692138,66.7395585836177,66.05415042739979,0.6854081562179033,0.6098334431209155,0.07557471309698782,48.671921254572574,66.53649921417237,69.30175198139716,63.771246446947565,0.08311987555353063,0.00029299110720004684,0.0002929481936875781,0.30027752636947963,5451335.0,0.8428027263046575,1
2024-10-10,70.0199966430664,71.01000213623047,67.22000122070312,67.22000122070312,8347500,66.85399913787842,64.59579963684082,69.02074989318848,67.24424136199443,66.34791681374546,0.8963245482489697,0.6671316641465264,0.22919288410244332,58.82757778825432,66.85399913787842,69.69072299622056,64.01727527953628,0.08486325111207586,0.025633515249011474,0.02531048532526546,0.3100571953034535,5679860.0,1.4696665058645813,0
2024-10-11,69.69999694824219,70.61000061035156,68.80000305175781,69.95999908447266,6098600,67.13949890136719,64.79179954528809,68.97834987640381,67.62204991372485,66.5962190459304,1.025830867794454,0.7388715048761119,0.28695936291834223,56.47057270629729,67.13949890136719,69.91117065493893,64.36782714779545,0.08256456479198707,-0.004570118682744928,-0.004580593601731524,0.3118897577394344,5750645.0,1.060507125722419,1
2024-10-14,71.6500015258789,71.76000213623047,69.0,69.95999908447266,6955700,67.4329990386963,65.01719955444337,68.93859989166259,68.24173477713317,66.97057330370436,1.271161473428819,0.8453294985866533,0.42583197484216573,62.756053552569895,67.4329990386963,70.78164612456067,64.08435195283192,0.09931775639825115,0.027977111377562203,0.02759290158817626,0.3118937932867498,5827010.0,1.1936996847439767,1
2024-10-15,71.79000091552734,72.55000305175781,69.85900115966797,72.25,5465700,67.65599899291992,65.30879959106446,68.89999988555908,68.78762187534767,67.32756794161716,1.4600539337305065,0.9682743856154239,0.4917795481150826,73.4767185830215,67.65599899291992,71.52876774381782,63.783230242022015,0.1144841199167921,0.001953934217264086,0.0019520277707781271,0.30366823706411106,5875160.0,0.9303065788846602,1
2024-10-16,73.52999877929688,73.58999633789062,71.3239974975586,71.88999938964844,5292100,67.9954990386963,65.63439956665039,68.88089988708496,69.51721832210909,67.78700726292678,1.7302110591823094,1.1206617203288012,0.6095493388535083,74.32340064603676,67.9954990386963,72.64311788211958,63.347880195273014,0.13670372036767672,0.024237328897890986,0.023948266265456132,0.308709849466769,5860010.0,0.903087196096935,1
2024-10-17,73.68000030517578,74.18000030517578,72.62999725341797,73.75499725341797,4861000,68.24749908447265,65.9469995880127,68.88819988250732,70.15764631950397,68.22352526605634,1.934121053447626,1.283353586952566,0.65076746649506,73.77747137623857,68.24749908447265,73.54357127004133,62.951426898903975,0.15520194165689546,0.0020400044657846728,0.0020379264822583346,0.29609871545230276,5775670.0,0.8416339576187698,1
2024-10-18,74.66000366210938,74.94000244140625,72.70800018310547,73.66999816894531,4293400,68.6074993133545,66.21599967956543,68.91834991455079,70.8503166799048,68.70030144354175,2.1500152363630463,1.4566859168346622,0.6933293195283841,75.21770346542117,68.6074993133545,74.60991747934818,62.605081147360806,0.17497848561943763,0.01330080554932822,0.013213126447964305,0.2871943777913674,5603100.0,0.7662543948885439,0
2024-10-21,73.91000366210938,75.0,73.29499816894531,74.55999755859375,4240000,68.91149940490723,66.45139976501464,68.94714992523194,71.32103775409011,69.0862053115838,2.234832442506317,1.6123152219689931,0.6225172205373237,77.50171911412707,68.91149940490723,75.34826211130408,62.47473669851039,0.18681244094185184,-0.010045539287598881,-0.010096336191903695,0.2922638324756153,5550615.0,0.7638793178773884,0
2024-10-22,72.81999969482422,73.94000244140625,72.54000091552734,73.30999755859375,4704500,69.17549934387208,66.68599975585937,68.97644992828369,71.55164728343382,69.3627826733053,2.188864610128519,1.7276250996008984,0.4612395105276206,76.39455686985244,69.17549934387208,75.80562261353869,62.54537607420546,0.1916899287335306,-0.014747719026889428,-0.014857547788556375,0.29870914100649015,5467110.0,0.8605094830724094,0
2024-10-23,71.38999938964844,73.83000183105469,70.7509994506836,72.47000122070312,4723100,69.48299942016601,66.84639976501465,68.98684993743896,71.5267783766976,69.5129468745159,2.013831502181702,1.7848663801170592,0.22896512206464292,68.4887423522081,69.48299942016601,75.91200854127302,63.053990299058995,0.18505272296121192,-0.019637466508770407,-0.019832843591633186,0.2780593716419425,5414150.0,0.8723622359927228,1
2024-10-24,72.55000305175781,73.01000213623047,71.76100158691406,72.18000030517578,3006200,69.78449974060058,67.05339981079102,69.00194995880128,71.6841975574761,69.73791399875604,1.9462835587200544,1.8171498158376584,0.12913374288239599,68.03653945210729,69.78449974060058,76.19398003452078,63.375019446680376,0.18369352270905995,0.016248825774294318,0.016118226429566875,0.27590288598305085,5269360.0,0.57050571606419,1
2024-10-25,72.61000061035156,73.45999908447266,72.12000274658203,73.05999755859375,3964200,70.06649971008301,67.22059982299805,69.02549995422363,71.82662879638002,69.95066115517052,1.875967641209499,1.8289133809120268,0.04705426029747217,74.50282986407441,70.06649971008301,76.4508292486677,63.68217017149831,0.18223629166581443,0.0008269821649897757,0.0008266404036465478,0.27605875496274374,5101185.0,0.7771135530273848,1
2024-10-28,74.4800033569336,74.5999984741211,73.0,73.01000213623047,4104600,70.43400001525879,67.39279983520508,69.05854995727539,72.23484026723442,70.28616798493076,1.9486722823036615,1.852865161190354,0.09580712111330758,73.22892658890115,70.43400001525879,76.95139763359484,63.916602396922734,0.18506396390732105,0.025754065980760243,0.025428016242377935,0.2863015319905755,5041330.0,0.8141899062350609,0
2024-10-29,73.22000122070312,74.79000091552734,73.20999908447266,74.79000091552734,4501300,70.79799995422363,67.51959991455078,69.09224994659424,72.38640349084498,70.50348896535834,1.8829145254866404,1.8588750340496114,0.024039491437028992,66.89419421968569,70.79799995422363,77.067040173893,64.52895973455425,0.17709653447054427,-0.016917321152526088,-0.01706205367661458,0.28544894073059174,4936430.0,0.9118533028929814,1
2024-10-30,73.29000091552734,74.4800033569336,72.7300033569336,72.7300033569336,4161900,71.20950012207031,67.68779998779297,69.13289993286133,72.52541847925765,70.70989725796346,1.8155212212941905,1.8502042714985274,-0.03468305020433693,62.60601433171412,71.20950012207031,76.95090760761045,65.46809263653017,0.16125397526167085,0.000956018760682964,0.0009555620657969836,0.2773911616057429,4881245.0,0.8526308349611625,0
2024-10-31,72.31999969482422,73.7300033569336,71.5999984741211,72.5,4373600,71.5435001373291,67.82119995117188,69.17499992370605,72.49381558934482,70.82916410513833,1.6646514842064875,1.8130937140401195,-0.1484422298336321,59.618205884708914,71.5435001373291,76.66436787393508,66.42263240072313,0.14315396162548297,-0.013235109954782609,-0.013323474565480813,0.2854541704688998,4882620.0,0.8957485939925696,0
2024-11-01,72.1500015258789,73.11299896240234,71.75,72.2300033569336,5643100,71.80000038146973,67.9873999786377,69.21339992523194,72.44092111804237,70.92700391408208,1.5139172039602897,1.7532584120241537,-0.23934120806386394,52.11148441839457,71.80000038146973,76.46003252167802,67.13996824126144,0.12980590850835028,-0.0023506384079462483,-0.0023534054955407753,0.2800699203998548,4937220.0,1.142971145705478,1
2024-11-04,72.69000244140625,73.70999908447266,72.04000091552734,72.19999694824219,4577200,72.14900054931641,68.13400001525879,69.24759994506836,72.4792413216368,71.05759639758757,1.4216449240492324,1.6869357144291695,-0.2652907903799371,53.676472879837796,72.14900054931641,75.83163371418064,68.46636738445218,0.10208410752265423,0.00748442001534344,0.007456550714510147,0.26622532763628837,4962240.0,0.922406010188947,0
2024-11-05,72.37999725341797,72.8949966430664,71.62999725341797,71.62999725341797,5489700,72.35550041198731,68.27040000915527,69.27604991912841,72.4639730034493,71.15555201653798,1.3084209869113153,1.6112327689255987,-0.3028117820142835,44.6808540671089,72.35550041198731,75.5481498217911,69.16285100218352,0.08824897600389917,-0.004264756879574616,-0.004273876894195316,0.23662197472834015,4969890.0,1.1045918521335483,1
2024-11-06,77.63999938964844,78.0999984741211,74.16000366210938,74.97000122070312,10380800,72.82400054931641,68.49040000915528,69.33324993133544,73.26028475517224,71.63588145158319,1.6244033035890482,1.6138668758582888,0.010536427730759357,62.43716660380731,72.82400054931641,76.23486676223703,69.41313433639579,0.09367423341734119,0.07267204111398451,0.07015277025060937,0.3416293539410526,5259210.0,1.9738325718121164,0
2024-11-07,75.2699966430664,78.08000183105469,74.93499755859375,77.41000366210938,19111800,73.08650054931641,68.70219993591309,69.39674991607666,73.56947119946365,71.90507516947083,1.6643960299928153,1.6239727066851941,0.04042332330762122,51.76196493479762,73.08650054931641,76.39530454745547,69.77769655117736,0.09054487417704124,-0.03052553793422641,-0.031001145991626625,0.3580404309758857,5797425.0,3.296601508428311,0
2024-11-08,74.55999755859375,74.81999969482422,69.02999877929688,71.88999938964844,24843700,73.32950057983399,68.86499992370605,69.45599990844727,73.72185987009905,72.10173608718364,1.6201237829154138,1.623202921931238,-0.0030791390158242393,51.88185628657864,73.32950057983399,76.28622992563797,70.37277123403001,0.08064228782207457,-0.009432697172015336,-0.009477466814727178,0.35996939816528006,6734680.0,3.688920631715241,1
2024-11-11,83.4000015258789,83.94999694824219,75.80000305175781,75.9000015258789,20910700,73.91700057983398,69.21139991760253,69.54814990997315,75.21080474021903,72.9386446381981,2.2721601020209334,1.7529943579491774,0.5191657440717561,71.1430726859351,73.91700057983398,79.21281476101636,68.6211863986516,0.1432908299752407,0.11856228885117859,0.11204419002745845,0.539916284288258,7432430.0,2.8134405571260004,1
2024-11-12,87.25,87.41000366210938,82.38999938964844,82.66000366210938,15209300,74.69000053405762,69.67299995422363,69.63949989318847,77.06298862633918,73.99874503536861,3.0642435909705625,2.0152442045534547,1.0489993864171079,78.8993993801955,74.69000053405762,82.56415538767769,66.81584568043755,0.21084897033919722,0.04616305040385926,0.045129233421925416,0.5557665843193436,7919610.0,1.9204607297581573,0
2024-11-13,85.81999969482422,90.0,85.25299835205078,86.30000305175781,12982400,75.30450057983398,70.10779991149903,69.72749988555908,78.4102210984138,74.87439352866163,3.535827569752172,2.319360877593198,1.2164666921589737,73.94440594415154,75.30450057983398,84.58935033064253,66.01965082902544,0.246594816493477,-0.016389688311470252,-0.016525485075156266,0.5609920803206474,8304125.0,1.5633676034500925,0
2024-11-14,83.41999816894531,85.94999694824219,82.91999816894531,85.37000274658203,9206300,75.79150047302247,70.48459983825684,69.81954986572265,79.18095603234173,75.50740127979375,3.6735547525479717,2.590199652584153,1.0833550999638186,67.98667382974554,75.79150047302247,85.71721389358474,65.86578705246019,0.2619215441999403,-0.027965527084750752,-0.02836400918840976,0.5753757387738206,8521390.0,1.0803753847670392,1
2024-11-15,84.30000305175781,84.5199966430664,81.83999633789062,82.55000305175781,6915200,76.27350044250488,70.94579986572266,69.90769989013671,79.96850172763652,76.15870511475406,3.809796612882465,2.8341190446438156,0.9756775682386496,66.89606466865584,76.27350044250488,86.88071585661639,65.66628502839338,0.27813632133239374,0.010549087774256227,0.010493834389998865,0.5750476506570363,8652480.0,0.7992159473353304,1
2024-11-18,90.79000091552734,91.83000183105469,83.36000061035156,83.76000213623047,16620100,77.11750030517578,71.53539985656738,70.02224990844726,81.63334775654279,77.24250480370023,4.390842952842561,3.145463826283565,1.2453791265589964,75.61970167279236,77.11750030517578,89.47475083470215,64.76024977564941,0.320478503079722,0.07698692323634737,0.07416725625870715,0.6224908542821183,9271485.0,1.7926038816866985,1
2024-11-19,92.41999816894531,93.0,89.79000091552734,90.0,13334200,78.09750022888184,72.1563998413086,70.1550999069214,83.29283243537395,78.36676357149615,4.926068863877802,3.5015848338024127,1.4244840300753894,76.68059961697688,78.09750022888184,92.02832727540329,64.1666731823604,0.35675474901742316,0.017953488676958562,0.017794228162122828,0.615306646945891,9702970.0,1.3742390216603781,0
2024-11-20,89.69999694824219,93.0,89.47100067138672,92.0,7897400,79.01300010681152,72.68279975891113,70.2685998916626,84.2785500527383,79.20626234014401,5.072287712594289,3.8157254095607884,1.2565623030335002,73.11169003404616,79.01300010681152,93.48393131414541,64.54206889947763,0.3662924123314332,-0.02943087291271007,-0.02987265058687573,0.6230603306841901,9861685.0,0.8008164933274587,1
2024-11-21,92.69999694824219,93.95999908447266,89.6240005493164,90.73500061035156,14160500,80.02049980163574,73.26339973449707,70.39054988861083,85.5741572674312,80.20579823704017,5.368359030391034,4.126252133726838,1.242106896664196,75.41428086992802,80.02049980163574,95.37559308615505,64.66540651711642,0.38377898969847307,0.033444817191365495,0.03289770460808908,0.627522887951316,10419400.0,1.359051384916598,0
2024-11-22,92.26000213623047,94.12000274658203,91.81500244140625,92.61000061035156,9117000,81.00299987792968,73.82879974365234,70.50769989013672,86.60274878570802,81.0987022295728,5.504046556135222,4.401811018208514,1.102235537926708,74.26232966051757,81.00299987792968,96.86778058418555,65.13821917167381,0.39170847327046804,-0.004746438257785313,-0.004757738366878593,0.6292712237150991,10677040.0,0.8538883435858627,0
2024-11-25,90.75,92.51000213623047,89.2699966430664,92.5,11126900,81.81649971008301,74.32819976806641,70.62704990386963,87.24078743406064,81.81361317553038,5.427174258530258,4.606883666272863,0.8202905922573942,72.11654215244421,81.81649971008301,97.9393987951012,65.69360062506482,0.3941234137893879,-0.01636681228340764,-0.016502228139173954,0.6354700227088372,11028155.0,1.008953900267089,0
2024-11-26,89.01000213623047,90.72000122070312,88.58000183105469,89.83499908447266,7855300,82.60599975585937,74.76179977416992,70.72789993286133,87.51297431131754,82.34667902447111,5.16629528684642,4.718765990387575,0.4475292964588453,64.95659314334048,82.60599975585937,98.50126810334626,66.71073140837248,0.38484537187286844,-0.019173530179278586,-0.019359726174227404,0.6368175587297924,11195855.0,0.7016257355958969,0
2024-11-27,88.77999877929688,90.6500015258789,88.19999694824219,89.43000030517578,6646100,83.38049964904785,75.20259979248047,70.84689990997315,87.70790115254512,82.82322122853229,4.884679924012829,4.751948777112625,0.1327311469002037,68.83189448252524,83.38049964904785,98.86880639684476,67.89219290125094,0.37150908936712707,-0.002584016980266668,-0.0025873613145972548,0.63764794729229,11320065.0,0.5871079362176808,0
2024-11-29,88.55000305175781,90.07599639892578,88.45999908447266,89.41000366210938,4527400,84.19199981689454,75.60079986572265,70.95259990692139,87.83745529088553,83.24742728951196,4.590028001373568,4.719564621964814,-0.12953662059124582,69.76547857366754,84.19199981689454,98.92245358369833,69.46154605009075,0.34992526127994117,-0.0025906254866123746,-0.002593986963625401,0.6335283206493447,11327755.0,0.399673192084398,1
2024-12-02,92.77999877929688,95.94999694824219,92.0,92.44000244140625,14027800,85.22349967956544,76.10719985961914,71.0690998840332,88.59784659679497,83.9535436961627,4.644302900632269,4.704512277698305,-0.060209377066035685,65.23716691102383,85.22349967956544,99.27714829994589,71.16985105918498,0.3298068883165141,0.04776957178721508,0.04666368747412336,0.644510147556357,11746990.0,1.1941612276847091,1
2024-12-03,93.19999694824219,93.77999877929688,90.76000213623047,91.8499984741211,8252700,86.24899940490722,76.6145997619629,71.20689987182617,89.30586972778686,84.6384661592797,4.667403568507154,4.697090535860075,-0.029686967352920313,60.87751177326157,86.24899940490722,99.41715796828764,73.08084084152681,0.30535214678980266,0.004526818004647604,0.004516602780728858,0.64495589159444,11930765.0,0.6917159126007427,1
2024-12-04,98.91999816894531,98.94999694824219,94.30000305175781,95.1500015258789,12564100,87.5759994506836,77.24219970703125,71.37284984588624,90.784966411042,85.69635741925492,5.088608991787083,4.775394227045477,0.31321476474160637,70.7016464691013,87.5759994506836,100.1971038008499,74.95489510051729,0.28823203684414905,0.06137340566523486,0.05956373519539295,0.6631321174724494,12284485.0,1.0227616379522626,0
2024-12-05,95.87000274658203,99.26000213623047,95.5479965209961,99.11499786376953,9374200,88.48749961853028,77.8547998046875,71.52984985351563,91.56727969343277,86.4499607768347,5.117318916598066,4.843779164955995,0.2735397516420708,69.27843002159813,88.48749961853028,100.71420075880239,76.26079847825817,0.2763486637769501,-0.030832950655278024,-0.03131828840482561,0.648548006510211,12234155.0,0.7662319138510179,1
2024-12-06,98.25,98.81900024414062,96.04000091552734,97.4800033569336,9410700,89.63649978637696,78.48939987182617,71.68129985809327,92.59539050982772,87.32403775632842,5.2713527534993005,4.929293882664656,0.34205887083464415,70.64221074212223,89.63649978637696,100.91561929056964,78.35738028218428,0.25166354177312245,0.02482525487882925,0.024522115011440665,0.6306441573559693,11749100.0,0.8009719893438646,0
2024-12-09,95.41999816894531,98.05000305175781,94.4000015258789,97.29000091552734,8420300,90.67949981689453,79.05839981079102,71.76379985809326,93.02994553430736,87.92373852763338,5.1062070066739835,4.964676507466522,0.14153049920746152,57.683372088047264,90.67949981689453,99.72533634212249,81.63366329166658,0.19951227220030654,-0.028804089883508244,-0.029227069850832246,0.6438548073723293,10927930.0,0.7705301919027666,0
2024-12-10,94.04000091552734,97.04000091552734,93.80000305175781,96.87999725341797,6371800,91.21149978637695,79.5965998840332,71.86069984436035,93.18533866987966,88.37679500081072,4.808543669068939,4.933449939787006,-0.12490627071806681,52.710849603044,91.21149978637695,99.68834621476648,82.73465335798741,0.18587231759685657,-0.014462348353587506,-0.01456794749115981,0.5153612452828706,10200985.0,0.6246259552386363,1
2024-12-11,98.19000244140625,98.98999786376953,95.51000213623047,95.75499725341797,7707300,91.75849990844726,80.2415998840332,71.96309986114503,93.9552869424222,89.10369925566965,4.851587686752552,4.917077489180116,-0.06548980242756386,63.557985136927115,91.75849990844726,100.56450541411466,82.95249440277986,0.19193874168504627,0.044130173176058385,0.04318416863792279,0.5133333477694677,9825885.0,0.7843873605278303,0
2024-12-12,94.11000061035156,96.9800033569336,93.95999908447266,96.41999816894531,9777400,92.17299995422363,80.82259994506836,72.04154987335205,93.97908904518057,89.4745363930535,4.5045526521270745,4.834572521769508,-0.3300198696424337,52.1766044348969,92.17299995422363,100.57312271764538,83.77287719080188,0.18226862025958895,-0.04155211049606988,-0.042440084689092494,0.5354504935501793,9665635.0,1.011563130616871,0
2024-12-13,91.9800033569336,95.38999938964844,91.91000366210938,94.62000274658203,8351600,92.60100021362305,81.34940002441407,72.1040998840332,93.67153740083488,89.6601265385261,4.011410862308779,4.669940189877362,-0.6585293275685835,49.58920350701555,92.60100021362305,99.92692131015923,85.27507911708688,0.15822552844215218,-0.022633059606883887,-0.02289311874808901,0.531395280830559,9622900.0,0.8678880586933253,1
2024-12-16,93.77999877929688,94.62000274658203,91.55000305175781,92.72000122070312,6678700,93.075,81.88460006713868,72.1767498779297,93.68822376675212,89.96530226006468,3.7229215066874417,4.480536453239378,-0.7576149465519366,54.40791468569406,93.075,99.28057113656423,86.86942886343577,0.13334560594282527,0.01956942114231386,0.019380402036652394,0.5335106720084722,9611075.0,0.6948962525003707,1
2024-12-17,94.55000305175781,95.58999633789062,93.1500015258789,93.58999633789062,6004300,93.26300010681152,82.46140014648438,72.26449989318847,93.82080519521453,90.30490972611602,3.51589546909851,4.287608256411205,-0.771712787312695,58.2934179541656,93.26300010681152,99.40458947345948,87.12141074016355,0.13170473520290302,0.008210751572657493,0.008177226736349609,0.4631304017003936,9080285.0,0.6612457648631073,0
2024-12-18,87.30000305175781,95.77999877929688,87.19000244140625,94.26000213623047,11011200,93.00700035095215,82.84240020751953,72.32884990692139,92.81760486545195,90.08232404653393,2.735280818918028,3.97714276891257,-1.2418619499945418,48.16922766787318,93.00700035095215,99.6987357700591,86.3152649318452,0.14389745704853155,-0.07667900334208622,-0.07977832957843177,0.5369936383381384,8964135.0,1.2283616879933201,1
2024-12-19,87.63999938964844,91.80999755859375,87.30000305175781,90.08000183105469,8398200,92.90400047302246,83.22980026245118,72.38939990997315,92.0210501768668,89.90141110898685,2.1196390678799446,3.605642028706045,-1.4860029608261005,48.87736980987307,92.90400047302246,99.86793813988653,85.9400628061584,0.1499168524801311,0.0038945741810461065,0.003887009960272101,0.5276097664336439,8989175.0,0.9342570369360926,1
2024-12-20,89.6500015258789,90.77999877929688,86.2020034790039,86.83999633789062,8834300,92.75150070190429,83.62240036010742,72.45154991149903,91.65627346133019,89.88278817690478,1.773485284425405,3.239210679849917,-1.4657253954245122,45.91490723542016,92.75150070190429,99.86619713421835,85.63680426959023,0.1534141524066573,0.022934757533417782,0.022675709308580056,0.5198681897888794,8722865.0,1.0127750458135028,0
2024-12-23,89.29000091552734,89.83999633789062,87.66000366210938,89.4800033569336,4208500,92.60300064086914,84.01420043945312,72.49429992675782,91.29223153120667,89.83887800939534,1.453353521811323,2.8820392482421986,-1.4286857264308757,44.88889305541455,92.60300064086914,99.8829538630641,85.32304741867418,0.15722931593605508,-0.004015623025367621,-0.004023707289003157,0.5198077805823198,8477440.0,0.49643524460214405,1
2024-12-24,91.08000183105469,91.13999938964844,88.87999725341797,89.62999725341797,2197700,92.61950073242187,84.40280044555664,72.5420499420166,91.25958080810636,89.93081310729605,1.3287677008103174,2.5713849387558225,-1.2426172379455052,38.57809127265533,92.61950073242187,99.88324826160449,85.35575320323925,0.15685136438313613,0.020047047790051842,0.019848751516806044,0.5217115352611803,8030980.0,0.2736527796109566,1
2024-12-26,91.4800033569336,91.62999725341797,90.28900146484375,90.5,2991100,92.74300079345703,84.79660049438476,72.5908999633789,91.29349196946441,90.04556794060254,1.247924028861874,2.3066927567770326,-1.0587687279151585,43.06915117861746,92.74300079345703,99.83019551199774,85.65580607491631,0.15283513921065003,0.004391760187059113,0.0043821445510543264,0.5164866590868065,7787770.0,0.3840765713419888,0
2024-12-27,88.97000122070312,91.29000091552734,88.05000305175781,91.0,4140800,92.75250091552735,85.1054005432129,72.6071499633789,90.93603185427037,89.9658963317211,0.9701355225492705,2.03938130993148,-1.0692457873822097,35.40880835106728,92.75250091552735,99.81780380564587,85.68719802540883,0.15234743689667435,-0.027437713643680417,-0.02782115787333329,0.5267655499663634,7662505.0,0.5403976897894357,0
2024-12-30,87.4800033569336,88.69000244140625,86.83000183105469,88.40499877929688,5383800,92.69900093078613,85.38140060424804,72.63834999084473,90.4043351623724,89.78175611136648,0.6225790510059284,1.7560208581463699,-1.1334418071404415,36.96652158459975,92.69900093078613,99.91293329380277,85.48506856776949,0.15564207360558144,-0.016747193922964865,-0.016889013794773398,0.5302996744626144,7705325.0,0.6987116052859549,0
2024-12-31,84.98999786376953,88.0,84.81999969482422,87.72000122070312,4989400,92.30950088500977,85.58800048828125,72.66244998931884,89.57136019335658,89.42681105598892,0.14454913736766173,1.4337265139906283,-1.2891773766229666,35.66677074411834,92.30950088500977,100.30399711783295,84.31500465218659,0.173210691341121,-0.028463710535131193,-0.028876656806838524,0.5076347533542995,7253405.0,0.6878700417252311,1
2025-01-02,86.75,87.55000305175781,84.84300231933594,86.1500015258789,5695400,91.98700103759765,85.84480041503906,72.69189998626709,89.13730477899404,89.2285287555453,-0.09122397655126235,1.1287364158822502,-1.2199603924335125,30.397533703455608,91.98700103759765,100.34248208014996,83.63151999504534,0.18166656045536683,0.020708344281306745,0.020496841451514192,0.5143961687942072,7125540.0,0.7992938079078918,1
2025-01-03,92.16000366210938,92.6500015258789,89.2300033569336,90.6449966430664,10633400,91.64900131225586,86.23160049438476,72.75610000610351,89.6023353763964,89.4456750449204,0.15666033147599023,0.9343211990009982,-0.777660867525008,46.80433247445366,91.64900131225586,99.34446006602863,83.9535425584831,0.16793328118336376,0.062363154606448035,0.06049581785704151,0.516050259937097,7029005.0,1.5127887944310752,0
2025-01-06,91.94000244140625,93.83000183105469,91.22000122070312,93.62999725341797,6464800,91.45250129699707,86.64260055541992,72.80850002288818,89.96197646332098,89.63044003725268,0.3315364260682969,0.8137642444144579,-0.482227818346161,49.93006836307684,91.45250129699707,98.89053993526846,84.01446265872568,0.16266452054965563,-0.0023871659283969393,-0.0023900197515860787,0.5054923187785654,6883535.0,0.9391686103143225,0
2025-01-07,87.68000030517578,93.58000183105469,86.81999969482422,92.36000061035156,6851700,90.92400131225585,86.94520050048828,72.82665000915527,89.61090320822171,89.4859630200618,0.12494018815991126,0.6759994331635486,-0.5510592450036373,40.18030512154089,90.92400131225585,97.8099980816656,84.03800454284611,0.15146708613848836,-0.04633458802598345,-0.04744239025215551,0.5190710784937363,6755585.0,1.014227487330853,0
2025-01-08,86.75,88.37899780273438,85.69000244140625,87.5250015258789,5932700,90.4905014038086,87.22800048828125,72.85655002593994,89.17076425311069,89.28329909264981,-0.1125348395391228,0.5182925786230144,-0.6308274181621372,37.5080093937787,90.4905014038086,97.27563027387835,83.70537253373884,0.14996333902033568,-0.01060675526846322,-0.010663407853300007,0.5120503852175603,6631205.0,0.8946639411690636,0
2025-01-10,82.54000091552734,84.97000122070312,81.6500015258789,84.97000122070312,8229700,89.91550140380859,87.38920043945312,72.85615001678467,88.15064681655942,88.78379552397406,-0.633148707414648,0.28800432141548193,-0.92115302883013,41.554294699685485,89.91550140380859,97.35196047491127,82.47904233270592,0.16540994500393646,-0.048530248812364896,-0.04974738341060962,0.5348318975613161,6724100.0,1.2239110066774737,0
2025-01-13,82.01000213623047,82.19000244140625,80.19999694824219,80.72000122070312,6934300,89.1065013885498,87.56500045776367,72.84720001220703,87.20593225035496,88.28203305080787,-1.076100800452906,0.01518329704180435,-1.0912840974947104,40.0775578423107,89.1065013885498,96.26808482793534,81.94491794916426,0.16074210810179565,-0.00642111428904979,-0.006441818319624988,0.5010787703108448,6685450.0,1.0372226252533487,1
2025-01-14,82.41999816894531,84.27999877929688,81.6500015258789,83.02999877929688,5221800,88.52200126647949,87.74760040283203,72.84340000152588,86.46963469936887,87.84780824474397,-1.3781735453751054,-0.2634880714415776,-1.1146854739335277,36.496077432762604,88.52200126647949,95.8699093890721,81.17409314388688,0.1660131496682517,0.004999341812402136,0.004986886597791918,0.4873924042887271,6457670.0,0.8086198272751627,1
2025-01-15,84.79000091552734,86.80000305175781,84.32099914550781,86.12000274658203,6120500,88.16250114440918,87.99700042724609,72.84444999694824,86.21122950185479,87.62130399813533,-1.4100744962805436,-0.49280535640937084,-0.9172691398711728,42.182074695924506,88.16250114440918,95.50159720021088,80.82340508860747,0.1664901961839841,0.028755190478456205,0.028349518418972087,0.4983627590884062,6346115.0,0.9644483278352188,1
2025-01-16,86.37999725341797,87.22000122070312,84.9000015258789,85.0999984741211,6124800,87.79250106811523,88.28160034179687,72.86904998779296,86.23719377132605,87.5293553503785,-1.292161579052447,-0.6526766009379861,-0.6394849781144609,41.77746147330554,87.79250106811523,94.670828759099,80.91417337713146,0.15669510737932174,0.01875216795285417,0.018578513622552507,0.4978672958026229,6318420.0,0.969356263116412,1
2025-01-17,86.95999908447266,88.1500015258789,86.0999984741211,87.0,5797000,87.41300086975097,88.5670002746582,72.90779998779297,86.34839458873321,87.48718081216326,-1.1387862234300457,-0.749898525436398,-0.38888769799364764,42.14185894007691,87.41300086975097,93.51525118201586,81.31075055748609,0.1396188267545578,0.0067145386605316215,0.006692096548760279,0.4974235327129334,6308055.0,0.9189837438005851,1
2025-01-21,89.5,89.83999633789062,87.62999725341797,88.05999755859375,4269100,87.52300071716309,88.90940032958984,72.95704998016357,86.83325695969734,87.6362785297808,-0.8030215700834589,-0.7605231343658103,-0.04249843571764855,50.92045609932679,87.52300071716309,93.69558402321941,81.35041741110676,0.14105054112583446,0.029208842482392416,0.028790392995999142,0.42863574971058893,5970950.0,0.714978353528333,0
2025-01-22,87.4800033569336,90.55999755859375,87.27999877929688,90.19999694824219,6010000,87.51500091552734,89.10620040893555,73.02079998016357,86.93275640542599,87.62470259105137,-0.6919461856253832,-0.7468077446177249,0.054861558992341686,50.0,87.51500091552734,93.68736048022464,81.34264135083004,0.14105832143348976,-0.022569794894596762,-0.022828391098516882,0.4369625386867012,5851540.0,1.0270800507216904,1
2025-01-23,87.80000305175781,88.55999755859375,86.47000122070312,87.11000061035156,4899200,87.4225009918213,89.35680053710938,73.07395000457764,87.06617896640012,87.63768781036296,-0.571508843962846,-0.7117479644867493,0.1402391205239033,55.17496322294832,87.4225009918213,93.51507595906094,81.32992602458165,0.13938230771525573,0.003657975337730157,0.003651301216839119,0.42898474918482643,5654785.0,0.8663813036216231,1
2025-01-24,88.66999816894531,89.98999786376953,88.05999755859375,88.55500030517578,5330000,87.3915008544922,89.6390005493164,73.12555000305176,87.3129203821763,87.71415524433203,-0.40123486215573223,-0.6496453440205459,0.24841048186481363,53.65574746873139,87.3915008544922,93.45028229000803,81.33271941897635,0.13865836783381894,0.009908827869568926,0.009860057342566963,0.43040062783304395,5710860.0,0.9333095190566745,0
2025-01-27,85.01000213623047,87.43000030517578,84.25,84.51000213623047,6136300,87.08800086975097,89.67120056152343,73.15069999694825,86.9586252674154,87.51384760669488,-0.5552223392794815,-0.630760743072333,0.07553840379285148,35.41410576506745,87.08800086975097,92.97449220557802,81.20150953392393,0.13518489980338155,-0.04127659984543308,-0.04215267098326503,0.44723429513150126,5907790.0,1.0386794385040767,1
2025-01-28,88.63999938964844,88.70999908447266,84.36000061035156,85.4800033569336,4797100,86.94600067138671,89.69900054931641,73.20134998321534,87.21729820929741,87.59726625728403,-0.37996804798662254,-0.5806022040551909,0.20063415606856838,44.090248797112636,86.94600067138671,92.51484140124063,81.3771599415328,0.12809883575672232,0.04270082534053832,0.04181429435480453,0.47548751359732555,5998090.0,0.7997712605179316,1
2025-01-29,90.02999877929688,90.7699966430664,87.95999908447266,88.36499786376953,4662100,86.9990005493164,89.78320053100586,73.25119998931885,87.65002137391271,87.77746866632202,-0.12744729240931463,-0.48997122172601565,0.362523929316701,54.690619431184786,86.9990005493164,92.66821983964161,81.3297812589912,0.1303283774417969,0.015681401164481024,0.015559718448298307,0.46845244666758024,6024155.0,0.7739010699425894,1
2025-01-30,92.94999694824219,94.25,91.11000061035156,91.58999633789062,5828400,87.27250022888184,89.9738005065918,73.33099998474121,88.46540223150186,88.16061890942721,0.3047833220746412,-0.3310203129658843,0.6358036350405255,61.464500714409866,87.27250022888184,93.53604854077376,81.00895191698991,0.1435400222398825,0.03243361333485639,0.031918746773663645,0.47619726367461346,6046385.0,0.9639478796007862,0
2025-01-31,90.81999969482422,93.75,90.30999755859375,93.3499984741211,6821600,87.56400032043457,90.10420043945312,73.41759998321533,88.82764799508992,88.35761007871588,0.47003791637403936,-0.17080866709789957,0.6408465834719389,66.58655183438819,87.56400032043457,93.92221369510584,81.20578694576331,0.1452243696360105,-0.02291551719581042,-0.023182159025622165,0.47164890216720595,6137995.0,1.111372687661036,0
2025-02-03,90.19999694824219,91.29000091552734,87.70999908447266,88.63999938964844,4760200,87.73650016784669,90.09240036010742,73.5028999710083,89.03877860326719,88.49408318016228,0.5446954231049119,-0.02770784905733728,0.5724032721622492,66.34730797895199,87.73650016784669,94.18823881581113,81.28476151988224,0.147070800308236,-0.006826720421332144,-0.0068501290742362655,0.4686294470262875,6091235.0,0.7814835579320122,0
2025-02-04,86.16999816894531,90.2300033569336,85.88999938964844,90.19999694824219,5698200,87.43699989318847,89.96740036010742,73.56619995117188,88.59742776721767,88.32192873488694,0.27549903233072826,0.03293352722027583,0.24256550511045244,56.539941114983314,87.43699989318847,93.57250419745048,81.30149558892646,0.14034114417825497,-0.044678480217791305,-0.045707325232996095,0.44002763426469077,5844475.0,0.9749720890242494,0
2025-02-05,86.0,87.81500244140625,85.37999725341797,87.38999938964844,4632700,87.13999977111817,89.89340042114257,73.6358999633789,88.19782349533801,88.1499340137842,0.04788948155380979,0.035924718086982624,0.011964763466827164,52.28560648836293,87.13999977111817,92.92263652836525,81.3573630138711,0.1327206052888626,-0.0019728231699855936,-0.001974771748838389,0.4400375798699802,5752870.0,0.8052850142624464,1
2025-02-06,86.08000183105469,88.12999725341797,85.22000122070312,87.6500015258789,4908600,87.05999984741212,89.76100051879882,73.71419998168945,87.87200477775596,87.99660570395238,-0.12460092619642182,0.0038195892303017343,-0.12842051542672356,49.39904724206073,87.05999984741212,92.85543748430976,81.26456221051447,0.13313663328865527,0.000930253849473095,0.0009298214315124015,0.4091541715701236,5655715.0,0.8679008754861234,0
2025-02-07,85.31999969482422,88.7300033569336,84.94999694824219,87.62999725341797,4741000,86.98849983215332,89.6222004699707,73.78279998779297,87.47938861115107,87.79833859216511,-0.31894998101404326,-0.060734324818567276,-0.258215656195476,46.73826486701053,86.98849983215332,92.83509971219206,81.14189995211458,0.13442236367611607,-0.00882902091152471,-0.008868227658707886,0.408625990686092,5596130.0,0.8471926134668065,0
2025-02-10,84.8499984741211,86.77999877929688,84.26000213623047,86.44000244140625,3980400,87.103999710083,89.50420043945313,73.83099998474121,87.074867051608,87.57994302786555,-0.5050759762575581,-0.14960265510636545,-0.3554733211511926,39.92196648686152,87.103999710083,92.66486312767098,81.54313629249502,0.12768330813962073,-0.005508687557246206,-0.005523916329328818,0.36810257545795655,5383665.0,0.7393476377151996,0
2025-02-11,82.58999633789062,85.3280029296875,82.33999633789062,84.9000015258789,3988800,87.13299942016602,89.37580032348633,73.87379997253419,86.38488694180533,87.21031734712668,-0.8254304053213417,-0.28476820514936074,-0.540662200171981,39.51091992339836,87.13299942016602,92.58703326786221,81.67896557246982,0.1251887088471768,-0.02663526431199359,-0.026996410215191533,0.3807478763470464,5236390.0,0.7617461648196563,1
2025-02-12,82.98999786376953,83.05999755859375,81.0999984741211,81.25,4284300,87.16149940490723,89.26000030517578,73.9247999572754,85.86259631441521,86.89770108910022,-1.03510477468501,-0.43483551905649065,-0.6002692556285193,39.71781341932361,87.16149940490723,92.51690279284544,81.80609601696902,0.12288460901893798,0.004843220046195862,0.004831529387746657,0.38072449759066956,5189515.0,0.825568477979156,1
2025-02-13,84.29000091552734,85.08999633789062,82.44999694824219,83.88999938964844,4552400,87.13649940490723,89.17480026245117,73.97384994506837,85.62065856074015,86.70453811328001,-1.0838795525398552,-0.5646443257531636,-0.5192352267866917,40.80605098754538,87.13649940490723,92.54294077492222,81.73005803489224,0.12409131436167188,0.01566457507194796,0.015543152001488866,0.37059418929199184,5111110.0,0.8906871501493805,0
2025-02-14,84.0,84.52999877929688,82.2300033569336,84.18000030517578,5658300,87.01749954223632,88.99920028686523,74.01729995727538,85.37132647447244,86.50420195674076,-1.132875482268318,-0.6782905570561945,-0.45458492521212357,47.530557676903975,87.01749954223632,92.59608176224542,81.43891732222723,0.12821747922787366,-0.003440513849536808,-0.0034464460277136375,0.36398548543848785,5087785.0,1.1121342588179335,1
2025-02-18,84.18000030517578,85.1500015258789,83.19999694824219,84.55500030517578,6129000,86.87849960327148,88.81880035400391,74.07319995880127,85.18804552534986,86.33203887143965,-1.1439933460897862,-0.7714311148629128,-0.3725622312268734,36.88236152094156,86.87849960327148,92.59982497397087,81.15717423257209,0.13170865972192616,0.0021428607759022,0.002140568124387558,0.36303663103447337,5104385.0,1.2007323115321435,0
2025-02-19,83.88999938964844,84.5199966430664,82.55000305175781,83.44999694824219,7185300,86.5979995727539,88.51820037841797,74.15844997406006,84.98834611985733,86.15114705797365,-1.1628009381163196,-0.8497050795135942,-0.3130958586027254,30.691836936420785,86.5979995727539,92.32824606037164,80.86775308513617,0.13234131309935307,-0.003445009675409949,-0.0034509573851155464,0.3445869441876373,5250195.0,1.36857773854114,0
2025-02-20,83.04000091552734,85.55000305175781,81.69999694824219,84.33999633789062,12435300,86.3759994506836,88.26160034179688,74.22214996337891,84.68860070380656,85.9206917881628,-1.2320910843562416,-0.9261822804821237,-0.3059088038741179,14.172128511353336,86.3759994506836,92.30301939111162,80.44897951025557,0.13723765810228475,-0.010132298012937913,-0.01018397913987057,0.33798670404046693,5571460.0,2.2319643325088934,0
2025-02-21,68.3499984741211,76.5,67.43000030517578,74.97000122070312,36825100,85.40349922180175,87.6636003112793,74.216549949646,82.17496959154725,84.61915895008563,-2.444189358538381,-1.2297836960933752,-1.2144056624450057,7.4270770212825,85.40349922180175,95.35981672509439,75.44718171850911,0.23315947458862424,-0.17690272494517056,-0.1946808895972469,0.7043290712913115,7167755.0,5.137605847298073,0
2025-02-24,65.91999816894531,68.7300033569336,65.0199966430664,68.01000213623047,17087400,84.26599922180176,87.0736003112793,74.17849994659424,79.6742047573008,83.23403592926043,-3.5598311719596296,-1.6957931912666262,-1.8640379806930034,6.950375409335777,84.26599922180176,97.35611521566074,71.17588322794279,0.3106855935904508,-0.035552309574605756,-0.03619968302117411,0.7045621489370505,7755625.0,2.2032266903054234,0
2025-02-25,62.84000015258789,66.4000015258789,62.599998474121094,66.22000122070312,18883300,83.15749912261963,86.4496002960205,74.13469995498657,77.08432712580651,81.72336661246986,-4.63903948666335,-2.284442450345971,-2.354597036317379,7.192682167816642,83.15749912261963,99.36576436866838,66.94923387657087,0.38982089209173804,-0.04672327217703709,-0.047850042008676714,0.7076495714532804,8392975.0,2.249893512133659,1
2025-02-26,65.29000091552734,65.61000061035156,63.25,63.45000076293945,19614300,81.98999919891358,85.79160026550294,74.10544996261596,75.26981540114818,80.50608026454819,-5.2362648634000095,-2.874806932956779,-2.3614579304432306,14.93398367883907,81.98999919891358,99.81836753010626,64.1616308677209,0.4348912917522974,0.038987917838802844,0.03824708340539903,0.703819062417385,9133835.0,2.147433142814601,0
2025-02-27,64.27999877929688,66.76000213623047,63.90999984741211,65.01000213623047,12273300,80.70249919891357,85.19500022888184,74.06084997177123,73.57907438240183,79.30414830267772,-5.725073920275889,-3.444860330420601,-2.2802135898552884,14.21537625345809,80.70249919891357,99.76273780147088,61.64226059635627,0.47235807544393604,-0.015469476521178471,-0.015590377342107957,0.6949408667538846,9514395.0,1.2899716692443397,1
2025-02-28,65.30000305175781,65.41000366210938,63.11000061035156,63.869998931884766,7843600,79.31999950408935,84.66140022277833,74.03079999923706,72.30537110076429,78.26680421001697,-5.961433109252681,-3.948174886187017,-2.013258223065664,17.415387526840703,79.31999950408935,98.6490062439203,59.990992764258415,0.48736779779819417,0.015868143930168443,0.015743561137898755,0.6820915393456888,9615155.0,0.8157538802026593,0
2025-03-03,62.790000915527344,66.9000015258789,62.310001373291016,65.75,10062500,77.9184995651245,84.04160026550294,73.99605001449585,70.84146799534322,77.12037433635108,-6.278906341007854,-4.4143211771511845,-1.8645851638566695,16.330912934821114,77.9184995651245,97.79367153910485,58.04332759114416,0.5101528413639079,-0.03843800947820786,-0.039196243310006526,0.6862318671293333,9777200.0,1.0291801333715174,0
2025-03-04,59.43000030517578,61.13999938964844,57.900001525878906,60.38999938964844,15104800,76.37999973297119,83.33920021057129,73.93720003128051,69.0858575814713,75.80997625996773,-6.724118678496424,-4.876280677420233,-1.847838001076191,15.800376287149916,76.37999973297119,97.00194247656626,55.75805698937611,0.5399827917174799,-0.05351171462589788,-0.05499668519318547,0.6967054897069683,10294430.0,1.4672789071371606,1
2025-03-05,61.119998931884766,61.650001525878906,59.43000030517578,59.79999923706055,9759100,75.12749977111817,82.81560012817383,73.8852000427246,67.8603408661503,74.72182979122084,-6.861488925070546,-5.2733223269502965,-1.5881665981202495,18.89048241522883,75.12749977111817,96.28184442356795,53.97315511866839,0.5631584896848199,0.02843679316895109,0.028039972868942324,0.7100667692412096,10497475.0,0.9296616567317378,0
2025-03-06,59.79999923706055,60.96500015258789,58.67399978637695,59.04999923706055,10868900,73.81749973297119,82.25880012512206,73.8254500389099,66.6202883078288,73.61650900943118,-6.9962207016023825,-5.617902001880714,-1.3783186997216683,15.183402069090363,73.81749973297119,95.37796024631345,52.25703921962893,0.5841558056378359,-0.021596854023104517,-0.021833479184156405,0.7083455049065072,10809285.0,1.0055151658967267,1
2025-03-07,60.0,61.02000045776367,57.61000061035156,59.80500030517578,10863900,72.51349964141846,81.66580009460449,73.76415002822876,65.60178241431667,72.60787871243627,-7.006096298119601,-5.895540861128492,-1.1105554369911097,15.79248356951176,72.51349964141846,94.10589567013719,50.921103612699746,0.5955414132677032,0.003344494406205767,0.0033389140236996322,0.7092057944732496,11107050.0,0.9781084986562588,0
2025-03-10,54.7400016784668,58.41999816894531,53.540000915527344,58.13999938964844,15663200,70.98449974060058,80.97480010986328,73.67015003204345,63.93073922418592,71.28433226547557,-7.353593041289649,-6.187151297160724,-1.1664417441289254,13.346622079551054,70.98449974060058,93.08348238937776,48.885517091823395,0.6226424847546643,-0.08766663869222002,-0.09174982794703984,0.7513476090430886,11653160.0,1.3441161024134227,1
2025-03-11,55.290000915527344,56.13999938964844,53.95000076293945,54.7599983215332,11440000,69.50649986267089,80.25900009155274,73.58905002593994,62.60139486900768,70.09956698029421,-7.498172111286536,-6.449355459985886,-1.0488166513006494,14.621481480223125,69.50649986267089,91.65484886843231,47.358150856909475,0.637302958702324,0.010047483014179459,0.009997342633423221,0.7575465761846673,12026140.0,0.9512611694192816,1
2025-03-12,55.900001525878906,56.74599838256836,55.209999084472656,56.380001068115234,9003700,68.17200012207032,79.54740005493164,73.53185005187989,61.570411277757096,69.04774731700418,-7.477336039247085,-6.654951575838127,-0.8223844634089579,16.22698602518497,68.17200012207032,90.21717194484125,46.126828299299376,0.6467515045266784,0.011032747336783943,0.010972330549150708,0.764940325122986,12276885.0,0.7333863598135847,0
2025-03-13,54.040000915527344,55.709999084472656,53.880001068115234,55.34000015258789,8632500,66.7245002746582,78.84880004882812,73.46895004272461,60.41188660664483,67.93606239837627,-7.524175791731437,-6.82879641901679,-0.6953793727146476,23.839132787699242,66.7245002746582,88.47275286817488,44.976247681141515,0.6518820674263368,-0.03327371305151894,-0.03383987742397601,0.761719439500283,12494295.0,0.6909153337583273,1
2025-03-14,57.220001220703125,57.520999908447266,55.34700012207031,55.5,8942300,65.37100028991699,78.24360000610352,73.42335006713867,59.92082731649995,67.142280088919,-7.221452772419042,-6.907327689697241,-0.31412508272180073,34.519581746365304,65.37100028991699,85.84864035217723,44.893360227656764,0.626505330236434,0.05884530442822533,0.057178978921809794,0.8028681166704692,12713790.0,0.7033543892104558,1
2025-03-17,58.650001525878906,59.435001373291016,56.650001525878906,56.650001525878906,7701800,64.10350036621094,77.7168000793457,73.3862000656128,59.725315656404405,66.5132224175827,-6.7879067611782915,-6.883443503993451,0.09553674281515967,42.07940019421057,64.10350036621094,82.78552860064886,45.42147213177301,0.5828707676713784,0.02499126659679951,0.02468409216070641,0.8158841647426645,12815965.0,0.6009535762621074,1
2025-03-18,59.650001525878906,60.09000015258789,58.779998779296875,59.900001525878906,8248600,62.877000427246095,77.17480010986328,73.35665008544922,59.7137288670928,66.00483568486389,-6.2911068177710945,-6.76497616674898,0.47386934897788535,38.72000466308452,62.877000427246095,79.06353225654674,46.690468597945454,0.5148633592351404,0.017050297936629377,0.016906573008284957,0.822082560140547,12921945.0,0.6383404355923199,1
2025-03-19,61.369998931884766,62.43000030517578,59.599998474121094,60.45500183105469,8622500,61.75100040435791,76.55900001525879,73.33840009689331,59.96853964629156,65.66151444390248,-5.6929747976109155,-6.550575892921367,0.8576010953104518,44.34072438882132,61.75100040435791,74.56452547274847,48.93747533596735,0.4150062342143458,0.028834825850920565,0.028426924872028452,0.8363294254636466,12993805.0,0.6635854547609419,0
2025-03-20,61.0,62.380001068115234,60.439998626708984,60.56999969482422,6344100,60.649000358581546,75.94019996643067,73.32300008773804,60.127225854554396,65.31621707768747,-5.188991223133073,-6.278258958963709,1.089267735830636,41.42058365787186,60.649000358581546,68.63503941429104,52.66296130287205,0.26335270189097226,-0.0060289870999579165,-0.006047234823176787,0.8367138017237482,12689245.0,0.4999588233972943,1
2025-03-21,61.11000061035156,61.58000183105469,59.599998474121094,60.349998474121094,11395600,60.287000465393064,75.40879997253418,73.30705007553101,60.27842197083088,65.00464548751444,-4.726223516683561,-5.96785187050768,1.2416283538241188,46.293026038596125,60.287000465393064,67.41332179956615,53.16067913121998,0.23641319950107165,0.001803288694287808,0.0018016647212653599,0.5742091487414744,11417770.0,0.9980582898411862,1
2025-03-24,62.58000183105469,63.18000030517578,62.0,62.380001068115234,9048800,60.12000064849853,74.92540000915527,73.29870008468627,60.632511180096074,64.8250422537026,-4.192531073606531,-5.61278771112745,1.420256637520919,57.58305737841913,60.12000064849853,66.83519282285138,53.40480847414569,0.223392950828937,0.02405500255311921,0.02377023860558185,0.5710504182951807,11015840.0,0.8214353149646327,0
2025-03-25,61.33000183105469,63.689998626708984,61.209999084472656,62.76499938964844,7366100,60.044500732421874,74.50120002746581,73.28135007858276,60.7398174340897,64.5661503705435,-3.8263329364537952,-5.25549675619272,1.4291638197389247,50.51648529183563,60.044500732421874,66.66420463772278,53.42479682712097,0.2204932616494053,-0.019974432141670273,-0.02017661800649162,0.5507809699809572,10439980.0,0.7055664857595513,0
2025-03-26,59.04999923706055,61.36000061035156,58.79999923706055,60.88999938964844,8947800,59.73250064849854,74.04199996948242,73.24460006713868,60.47984540377753,64.15754658287808,-3.677701179100552,-4.9399376407742865,1.2622364616737345,48.2386097516487,59.73250064849854,65.88279647410548,53.58220482289159,0.20592795408981557,-0.03717597466040923,-0.037884619770523625,0.5444292911679368,9906655.0,0.9032110232969656,0
2025-03-27,56.9900016784668,58.900001525878906,56.880001068115234,58.7599983215332,7927100,59.36800079345703,73.53340003967286,73.2040500831604,59.94294636911434,63.626617330699474,-3.683670961585136,-4.688684304936457,1.0050133433513206,43.49892306883609,59.36800079345703,65.2413754620921,53.494626124821956,0.19786331323733497,-0.03488564919914294,-0.03550868642428277,0.553925303430727,9689345.0,0.8181254770059276,0
2025-03-28,55.33000183105469,57.0,54.689998626708984,56.540000915527344,10692000,58.869500732421876,72.9442000579834,73.15900011062622,59.23326259402824,63.01205321961468,-3.7787906255864385,-4.506705569066453,0.7279149434800143,51.50895185578688,58.869500732421876,64.29856978322063,53.440431681623124,0.1844442022865242,-0.029127913643128167,-0.02956055329549951,0.5540253479189574,9831765.0,1.0874954802113355,0
2025-03-31,54.33000183105469,54.689998626708984,52.25,53.88999938964844,8163700,58.44650077819824,72.30320014953614,73.10985010147095,58.478914784340006,62.368938301943565,-3.8900235176035594,-4.383369158773874,0.49334564117031476,47.60000228881836,58.44650077819824,63.90762473165696,52.985376824739525,0.1868759936264937,-0.018073377316223715,-0.018238695737469397,0.5436398928716847,9736825.0,0.8384355269813312,1
2025-04-01,55.40999984741211,55.52000045776367,53.77000045776367,53.88999938964844,7649900,58.24550075531006,71.67220016479492,73.06375011444092,58.00677402481264,61.85346137938568,-3.846687354573035,-4.2760327979337065,0.4293454433606714,48.8031222751327,58.24550075531006,63.84829050902389,52.64271100159623,0.19238532353773402,0.019878482973657796,0.019683485859569427,0.5216973422536766,9364080.0,0.8169409061007595,1
2025-04-02,57.86000061035156,58.709999084472656,53.90299987792969,54.0,9187900,58.0825008392334,71.03940017700195,73.04125011444091,57.98419349951094,61.557649470568336,-3.573455971057399,-4.135517432558445,0.5620614615010462,59.06932606282622,58.0825008392334,63.52043665131148,52.644565027155316,0.18724868018785032,0.04421585940599626,0.04326622997129293,0.5370778741534064,9335520.0,0.9841872761238796,0
2025-04-03,53.970001220703125,55.441001892089844,52.470001220703125,54.7400016784668,13288100,57.79100093841553,70.36920013427735,73.00035011291504,57.36662545661743,60.9956014520598,-3.6289759954423744,-4.0342091451352315,0.4052331496928572,42.535598297772125,57.79100093841553,63.46135508180997,52.12064679502109,0.1962365784055896,-0.06723123658164099,-0.06959795084802407,0.5815411550305591,9456480.0,1.4051845929986633,0
2025-04-04,50.2599983215332,51.880001068115234,47.689998626708984,50.310001373291016,15195700,57.30400085449219,69.61840003967285,72.93915010452271,56.273298205066006,60.20037159053932,-3.9270733854733137,-4.012781993202848,0.08570860772953459,32.55716534199118,57.30400085449219,63.78992559002543,50.81807611895894,0.22636900177362745,-0.0687419458079751,-0.07121886052896315,0.6234809628501564,9673070.0,1.5709283609030018,1
2025-04-07,50.470001220703125,53.45000076293945,46.41999816894531,47.04999923706055,13017700,57.090500831604004,68.854400100708,72.88200010299683,55.38048328439479,59.4796034149959,-4.099120130601108,-4.030049620682501,-0.06907050991860686,30.266553176973403,57.090500831604004,64.18441382620001,49.99658783700799,0.24851465274478662,0.004178330803484176,0.004169625819111083,0.5487229662709151,9540795.0,1.3644250819769213,0
2025-04-08,49.08000183105469,53.3390007019043,48.130001068115234,52.93000030517578,9909700,56.780000877380374,68.13580009460449,72.81370010375977,54.411178445419395,58.70926255692618,-4.298084111506782,-4.0836565188473575,-0.21442759265942435,23.201057800555418,56.780000877380374,64.70112782191522,48.858873932845526,0.27901115963844275,-0.027541100773309513,-0.027927467388615488,0.5526412595627404,9464280.0,1.0470632736985803,1
2025-04-09,55.9900016784668,56.77000045776367,47.95000076293945,49.04999923706055,12475700,56.78450088500976,67.48280014038086,72.77880010604858,54.654074327426684,58.507835825188444,-3.8537614977617594,-4.037677514630238,0.18391601686847903,41.499834636073146,56.78450088500976,64.70362486917271,48.865376900846805,0.2789185027865053,0.14079053768575656,0.13172147618851326,0.757613388669529,9637880.0,1.2944444213872761,0
2025-04-10,52.90999984741211,54.880001068115234,50.93000030517578,54.34000015258789,9574000,56.72800083160401,66.74040016174317,72.72135009765626,54.38575517665521,58.093181308316126,-3.7074261316609167,-3.9716272380363744,0.2642011063754577,37.361283628919395,56.72800083160401,64.7450894920612,48.710912171146816,0.28265013901180003,-0.05500985423687221,-0.056580779306649745,0.7744463853196317,9684955.0,0.988543570930376,1
2025-04-11,53.939998626708984,54.150001525878906,51.0,52.86000061035156,8623100,56.5640007019043,65.9602001953125,72.67095010757447,54.31717724589425,57.785538146715595,-3.468360900821345,-3.870973970593369,0.4026130697720238,36.499996602535646,56.5640007019043,64.67238617766229,48.45561522614631,0.28669773619760996,0.019466996451848573,0.019279938219853788,0.7469152621258022,9668995.0,0.8918300195625295,1
2025-04-14,54.65999984741211,55.70000076293945,53.63999938964844,55.310001373291016,7027200,56.36450061798096,65.23700019836426,72.62780010223389,54.3699191845893,57.55401679121163,-3.1840976066223305,-3.7335986977991618,0.5495010911768312,39.40260420019072,56.36450061798096,64.45310091987592,48.275900316085995,0.28701044853450197,0.013348187597961969,0.013259885456359536,0.7424803372027946,9635265.0,0.7293208853103677,1
2025-04-15,55.08000183105469,55.900001525878906,54.58000183105469,54.81999969482422,4012900,56.136000633239746,64.53460029602051,72.58625011444092,54.4791626686609,57.3707564237926,-2.8915937551317015,-3.5651977092656697,0.6736039541339682,43.296189103829704,56.136000633239746,64.090900964289,48.18110030219049,0.2834152857814717,0.0076839001978603605,0.007654529395663071,0.7399479421619882,9423480.0,0.4258405599629861,0
2025-04-16,53.75,55.5,52.77000045776367,54.20000076293945,6318000,55.75500068664551,63.8862003326416,72.53255012512207,54.366983796559225,57.10255224425241,-2.7355684476931827,-3.399271856951173,0.6637034092579901,44.39058050085322,55.75500068664551,63.37736567688332,48.1326356964077,0.273423545739944,-0.024146728156149377,-0.02444304009623052,0.7336099503447968,9308255.0,0.6787523547646686,1
2025-04-17,53.900001525878906,54.417999267578125,53.029998779296875,53.650001525878906,4510000,55.400000762939456,63.24420036315918,72.48285013198853,54.295140370300714,56.86532626511363,-2.5701858948129157,-3.2334546645235216,0.6632687697106059,47.38765114530075,55.400000762939456,62.645872667666666,48.154128858212246,0.26158381967295674,0.002790726062863458,0.0027868392166206504,0.7342134291001727,9216550.0,0.48933711638302835,0
2025-04-21,52.38999938964844,53.45000076293945,51.39899826049805,52.91999816894531,5836800,54.9640007019043,62.57040031433105,72.4219001197815,54.00204175789268,56.533820570634724,-2.531778812742047,-3.093119494167227,0.5613406814251798,46.52080062633251,54.9640007019043,61.80107798342352,48.126923420385076,0.24878382920486142,-0.028014881140689285,-0.028414784454418356,0.7380683809566871,8938610.0,0.6529874331691393,1
2025-04-22,54.33000183105469,54.83000183105469,52.994998931884766,53.02000045776367,6058800,54.551500701904295,61.95060035705566,72.37135011672973,54.05249715376376,56.37057473807324,-2.318077584309478,-2.938111112195677,0.620033527886199,48.121090153295256,54.551500701904295,60.374089720870565,48.728911682938026,0.2134712682162019,0.03703001458308042,0.03636087249591751,0.7466210858607424,8789110.0,0.6893530744296067,1
2025-04-23,55.65999984741211,58.75,55.220001220703125,56.900001525878906,8388800,54.26800060272217,61.36680038452148,72.32075012207031,54.29980526047889,56.31793956098723,-2.0181343005083363,-2.754115749858209,0.7359814493498726,46.01737937614401,54.26800060272217,59.18221897224547,49.353782233198864,0.18110924725230432,0.024479992113624505,0.024185159090424808,0.7522606836112411,8840245.0,0.9489329764050657,1
2025-04-24,57.5,57.52000045776367,55.18000030517578,55.790000915527344,6468800,54.19050064086914,60.86500045776367,72.28710010528565,54.792142912712904,56.40549959350669,-1.6133566807937854,-2.5259639360453243,0.912607255251539,56.90261383440851,54.19050064086914,58.828297523791434,49.552703757946844,0.17116641581364475,0.033057854071723236,0.032523194446988125,0.7522475274163963,8716295.0,0.742150191107575,1
2025-04-25,58.09000015258789,58.27000045776367,57.220001220703125,57.66999816894531,5625900,54.245500564575195,60.36700050354004,72.25500009536744,55.29950556500137,56.530277412697885,-1.2307718476965164,-2.266925518375563,1.0361536706790466,67.43874737983964,54.245500564575195,59.04630971138934,49.44469141776105,0.17700303608035262,0.010260872218919914,0.010208586827886161,0.7417075758723318,8601235.0,0.6540804896041091,1
2025-04-28,58.31999969482422,59.27000045776367,57.52000045776367,58.54999923706055,4578700,54.39500045776367,59.84760047912598,72.2249001121521,55.7641969695895,56.662849433596136,-0.8986524640066378,-1.993270907501778,1.0946184434951403,67.46772448219792,54.39500045776367,59.513702925109826,49.27629799041752,0.1882048873708787,0.0039593654954754864,0.003951547836430869,0.7325535450964998,8295570.0,0.5519451948449594,1
2025-04-29,59.560001373291016,59.81999969482422,58.5,58.7400016784668,4547700,54.65650043487549,59.3588005065918,72.1902501296997,56.34816687785127,56.877453280980944,-0.5292864031296745,-1.7004740066273574,1.171187603497683,73.47668976733605,54.65650043487549,60.27153028218065,49.04147058757033,0.20546613129743277,0.021262031635038703,0.021039148405456457,0.730408046167252,8114770.0,0.5604225381618949,0
2025-04-30,58.470001220703125,58.70000076293945,56.41400146484375,57.02000045776367,6625500,54.809500503540036,58.84460052490235,72.13890014648437,56.67460293059771,56.995419795034444,-0.3208168644367362,-1.4245425781892331,1.103725713752497,57.51514491562474,54.809500503540036,60.672273465969,48.94672754111107,0.21393272730337318,-0.0183008752091246,-0.018470407808072804,0.7330671994147492,8063550.0,0.8216604349201034,1
2025-05-01,58.47999954223633,59.68000030517578,58.209999084472656,59.02000045776367,10667000,54.84050045013428,58.336400527954105,72.07100015640259,56.95235625546519,57.105388665197545,-0.15303240973235432,-1.1702405444978574,1.017208134765503,70.73714223387177,54.84050045013428,60.77727788007899,48.90372302018957,0.21651069487751823,0.00017099916751273092,0.00017098454882158483,0.7172637457868223,8137505.0,1.3108440486365291,0
2025-05-02,46.529998779296875,47.0,44.27000045776367,45.32500076293945,54280100,54.46850032806397,57.60620048522949,71.94330015182496,55.34891664374699,56.32202645142712,-0.9731098076801317,-1.1308143971343123,0.15770458945418064,34.784400761435194,54.46850032806397,61.471571639191104,47.46542901693683,0.2571420644573511,-0.20434337989877616,-0.22858756799202454,1.0006162319948353,10187105.0,5.328314570233643,1
2025-05-05,46.63999938964844,46.939998626708984,45.025001525878906,45.91999816894531,18628200,54.28750038146973,57.17200050354004,71.8172501564026,54.00908322003952,55.60483926166574,-1.5957560416262169,-1.2238027260326934,-0.3719533155935235,33.108682996371215,54.28750038146973,61.90842732035163,46.666573442587826,0.28076175492814537,0.0023640793732517817,0.0023612893339945737,0.9723317246954276,10358730.0,1.7983092521959738,1
2025-05-06,47.290000915527344,48.02000045776367,45.650001525878906,45.70000076293945,18029100,54.128500366210936,56.79940055847168,71.71370016098022,52.975378250114574,54.98892531009993,-2.013547059985356,-1.381751592823226,-0.6317954671621302,33.75052557501327,54.128500366210936,62.20392225870346,46.053078473718415,0.2983796646076493,0.013936568061430288,0.013840347059838099,0.973746848594325,10609300.0,1.6993675360297098,1
2025-05-07,47.95000076293945,48.18000030517578,47.11000061035156,47.47999954223633,14809000,54.07200031280517,56.50160057067871,71.61295017242432,52.202243252087634,54.467523491791745,-2.2652802397041114,-1.5584573221994031,-0.7068229175047083,37.55365337378767,54.07200031280517,62.31031591467116,45.83368471093919,0.30471650962448343,0.01395643549660841,0.013859941224958153,0.9700704317247922,10854265.0,1.3643484842133484,1
2025-05-08,50.11000061035156,50.78499984741211,48.125,48.125,13090500,53.77800025939941,56.198000564575196,71.52225017547607,51.880359768743624,54.14474401909247,-2.264384250348847,-1.6996427078292922,-0.564741542519555,42.5128405004713,53.77800025939941,62.14676110040516,45.40923941839367,0.31123361971954466,0.04504691998006338,0.044061783911274834,0.8371628629889615,10885005.0,1.2026177296197842,1
2025-05-09,50.36000061035156,51.27000045776367,50.09000015258789,50.22999954223633,12274600,53.65050029754639,55.91960060119629,71.43960018157959,51.64645835976023,53.864392655482035,-2.217934295721804,-1.8033010254077946,-0.41463327031400943,45.77962885300236,53.65050029754639,62.15159524431648,45.14940535077629,0.3169064556573717,0.0049890240861094615,0.004976620144047392,0.8155335125326916,11020035.0,1.113844012292157,1
2025-05-12,55.02000045776367,55.060001373291016,53.185001373291016,53.185001373291016,13204500,53.704500389099124,55.71400054931641,71.40615018844605,52.165464836376145,53.94999323342882,-1.784528397052675,-1.7995464997367707,0.015018102684095647,51.288753483208986,53.704500389099124,62.22703181257941,45.181968965618836,0.3173861170565952,0.09253375279853038,0.08849954252046363,0.8787088428303347,11249105.0,1.1738267177699915,1
2025-05-13,58.16999816894531,58.685001373291016,54.86000061035156,55.185001373291016,20820300,53.880000305175784,55.621600494384765,71.38910017013549,53.089239195232935,54.26258619161523,-1.1733469963822927,-1.6743065990658752,0.5009596026835825,54.389643770788865,53.880000305175784,62.626981867570024,45.133018742781545,0.32468379780443296,0.05725186632086188,0.055672962628644504,0.8994052142843199,11938760.0,1.7439248297143086,1
2025-05-14,58.5,59.849998474121094,57.709999084472656,59.61000061035156,13394000,54.05100021362305,55.60300048828125,71.38070016860962,53.92166393442787,54.57646869594003,-0.6548047615121604,-1.4704062315551323,0.8156014700429719,51.84638096821179,54.05100021362305,63.027467515411786,45.07453291183431,0.33214805521864527,0.0056730589898981165,0.0056570277927875945,0.8993479724829467,12407815.0,1.0794809561554553,0
2025-05-15,57.0099983215332,57.880001068115234,56.459999084472656,57.14500045776367,11546500,54.214000129699706,55.52080047607422,71.36205015182495,54.39679230167484,54.75673014968767,-0.3599378480128266,-1.2483125548466711,0.8883747068338446,48.0700469952105,54.214000129699706,63.28534627267082,45.14265398672859,0.3346495783845184,-0.02547011416182554,-0.02580009263594141,0.8999230077793463,12669240.0,0.9113806353025122,1
2025-05-16,57.65999984741211,58.119998931884766,56.47999954223633,56.4900016784668,7034800,54.40200004577637,55.47800048828125,71.34990015029908,54.89882423178827,54.971787164333925,-0.07296293254565711,-1.0132426303864683,0.9402796978408112,48.838028656161654,54.40200004577637,63.600898304509194,45.20310178704354,0.33818235546459485,0.01140153560806878,0.01133702796204798,0.9002083947779939,12795480.0,0.5497878938500158,1
2025-05-19,58.33000183105469,58.4900016784668,56.08000183105469,56.18000030517578,7197400,54.69900016784668,55.44460052490234,71.33215015411378,55.42669770859849,55.220543806313245,0.20615390228524433,-0.7693633238521258,0.9755172261373701,47.7901557802521,54.69900016784668,64.00729396269948,45.39070637299387,0.3403460306875749,0.01161987487713545,0.011552882592931064,0.8918478323038608,12863510.0,0.5595206906979511,0
2025-05-20,57.34000015258789,58.650001525878906,57.029998779296875,58.44499969482422,5689700,54.84950008392334,55.496600494384765,71.31935014724732,55.721051930750704,55.377540572703964,0.34351135804674016,-0.5467883874723526,0.8902997455190927,47.962494093273655,54.84950008392334,64.22972901352469,45.46927115432199,0.3420351658720311,-0.016972426665341267,-0.017118109040517443,0.8883596843700543,12845055.0,0.44294866779472725,0
2025-05-21,55.439998626708984,57.0099983215332,55.189998626708984,56.54999923706055,10101700,54.838500022888184,55.4996004486084,71.29465013504029,55.67781296089813,55.382167095222854,0.29564586567527584,-0.3783015368428269,0.6739474025181027,44.86833246015175,54.838500022888184,64.21524234577106,45.46175770000531,0.34197661566123305,-0.03313570842034874,-0.03369713300544499,0.8945584469615934,12930700.0,0.7812183408477499,1
2025-05-22,58.349998474121094,59.08000183105469,55.599998474121094,55.599998474121094,12529800,54.88099994659424,55.548600387573245,71.30035013198852,56.0889184244709,55.602006456622725,0.48691196784817237,-0.20525883590462707,0.6921708037527994,78.71718722369872,54.88099994659424,64.31605856829395,45.44594132489452,0.343836979314559,0.0524891760370676,0.051158002471226156,0.9062436353749344,13233750.0,0.9468064607537546,1
2025-05-23,58.7400016784668,59.095001220703125,55.880001068115234,56.415000915527344,9695900,54.913500022888186,55.64260040283203,71.30780014038086,56.49677738662412,55.83445054712969,0.6623268394944262,-0.03174170082481642,0.6940685403192426,79.00286504446424,54.913500022888186,64.39944153342358,45.42755851235279,0.34548668384210135,0.006683859717985685,0.006661621762872878,0.9059228186481455,13437250.0,0.7215687733725279,1
2025-05-27,62.150001525878906,62.65999984741211,59.849998474121094,60.04999923706055,12008400,55.10500011444092,55.74120040893555,71.32830015182495,57.3665041772787,56.302269138148155,1.0642350391305442,0.1874536471662557,0.8767813919642885,81.45638036100392,55.10500011444092,65.02519672123371,45.184803507648134,0.3600470587493233,0.058052430200426164,0.05642988816328605,0.9273666645032296,13808735.0,0.8696234665956005,0
2025-05-28,61.810001373291016,62.51499938964844,61.33000183105469,62.51499938964844,6605900,55.21750011444092,55.80440040588379,71.33130016326905,58.05011913051136,56.71024930371429,1.3398698267970701,0.4179368830924186,0.9219329437046515,79.74247694565025,55.21750011444092,65.39803685008542,45.036963378796415,0.3687431236309087,-0.005470637879973594,-0.005485656619146954,0.9259878930052204,13911645.0,0.47484679202207936,1
2025-05-29,62.15999984741211,63.11000061035156,61.67499923706055,62.27000045776367,7504100,55.40200004577637,55.85460037231445,71.33140016555787,58.68240847157301,57.11393452917339,1.5684739423996206,0.6480442949538591,0.9204296474457615,78.03628203328068,55.40200004577637,65.95756274663047,44.84643734492227,0.381053488759701,0.005662489343873922,0.005646517715507802,0.922362396093471,13955575.0,0.537713422771903,0
2025-05-30,61.75,62.09000015258789,60.8849983215332,61.720001220703125,11486800,55.56550006866455,55.86220039367676,71.33470016479492,59.15434562979255,57.457346786271664,1.6969988435208876,0.8578352046672648,0.8391636388536228,76.30483735124449,55.56550006866455,66.41890526843405,44.71209486889506,0.390652659882751,-0.006595879157312745,-0.006617728096545269,0.9231274052564967,13996565.0,0.8206870757217931,1
2025-06-02,61.7599983215332,61.88800048828125,59.900001525878906,60.36000061035156,6094200,56.327000045776366,55.87740036010742,71.32665016174316,59.55521527467573,57.77606171480956,1.7791535598661739,1.0420988757070466,0.7370546841591272,69.82351423218032,56.327000045776366,66.63455273705053,46.0194473545022,0.36598976273891115,0.0001619161381896106,0.00016190303118651195,0.496273746889791,11587270.0,0.5259392419439609,1
2025-06-03,63.5099983215332,63.79999923706055,62.0099983215332,63.724998474121094,7697600,57.17049999237061,55.92540031433106,71.33320014953614,60.16364343573073,58.20079775975205,1.9628456759786772,1.2262482357613727,0.7365974402173046,67.1153742227865,57.17049999237061,66.88423894528755,47.45676103945367,0.3398164771766291,0.02833549299805993,0.027941468847224052,0.4962679093520352,11040740.0,0.6971996442267456,1
2025-06-04,63.86000061035156,64.06999969482422,62.54999923706055,63.720001220703125,7559300,57.998999977111815,55.95100028991699,71.33125015258788,60.732313770287774,58.61999797090757,2.1123157993802053,1.4034617484851393,0.708854050895066,67.15748095339039,57.998999977111815,66.9619806036652,49.03601935055843,0.3090736264449542,0.005510979342912226,0.005495849457789342,0.4976335675645689,10517250.0,0.7187525256126839,0
2025-06-05,63.599998474121094,64.9000015258789,63.150001525878906,63.619998931884766,8155100,58.7814998626709,55.99640022277832,71.31990013122558,61.173496032415976,58.98888689707153,2.184609135344445,1.5596912258570006,0.6249179094874444,72.89782901739146,58.7814998626709,66.725170374083,50.83782935125878,0.27027791158682996,-0.004071439613928307,-0.004079750490017005,0.5025073107408417,10184555.0,0.8007320889327025,1
2025-06-06,64.98999786376953,65.22000122070312,63.483001708984375,64.54000091552734,7824500,59.525499725341795,56.1152001953125,71.31045013427735,61.76065016031652,59.43341363534546,2.327236524971063,1.7132002856798132,0.61403623929125,74.22337674387411,59.525499725341795,66.8094238109675,52.24157563971608,0.2447328999919248,0.021855336839575967,0.02161993268184637,0.4905222903341923,9921255.0,0.7886603055762602,1
2025-06-09,65.83999633789062,66.45999908447266,64.7750015258789,65.44999694824219,7128100,60.29949951171875,56.29220008850098,71.3152501296997,62.38824187994331,59.90797531701547,2.480266562927838,1.8666135411294182,0.6136530217984197,74.52642704761467,60.29949951171875,66.72148220213896,53.87751682129854,0.2130028521769785,0.013078912172036716,0.01299412171135165,0.4894945497320241,9663930.0,0.7375984718432356,0
2025-06-10,64.4800033569336,65.68499755859375,63.9900016784668,65.4800033569336,9971000,60.77249965667725,56.47520011901855,71.30940013885498,62.71005133794181,60.24664406071311,2.463407277228704,1.9859722883492754,0.4774349888794287,72.76787245673614,60.77249965667725,66.94591911956805,54.59908019378645,0.20316490181468147,-0.020656030628822486,-0.020872350487470773,0.4062338909048029,9502255.0,1.0493298695941122,0
2025-06-11,64.05999755859375,65.44999694824219,63.779998779296875,64.91000366210938,6419800,61.06699962615967,56.66980003356934,71.31050012588501,62.91773537188826,60.52911469018575,2.3886206817025126,2.066501967019923,0.3221187146825897,80.35210728432523,61.06699962615967,67.2795130793485,54.85448617297083,0.20346548843796616,-0.006513737228189487,-0.00653504419022868,0.36524983346635714,8782230.0,0.7309988465344224,0
2025-06-12,63.849998474121094,65.31999969482422,63.310001373291016,63.599998474121094,5193900,61.334499549865725,56.83860000610352,71.30295011520386,63.06116046453947,60.77510608158837,2.2860543829511,2.1104124502061588,0.17564193274494144,73.91304347826087,61.334499549865725,67.54234276380663,55.12665633592482,0.2024258210142841,-0.003278162542553642,-0.0032835474890885764,0.3664377904518959,8372225.0,0.6203727205133641,0
2025-06-13,61.56999969482422,62.99100112915039,61.345001220703125,62.209999084472656,7035100,61.562499618530275,56.912799987792965,71.28300012588501,62.83175111535251,60.83398708997621,1.9977640253762985,2.087882765240187,-0.0901187398638883,60.56758383718787,61.562499618530275,67.42705373754136,55.6979454995192,0.19052358677281034,-0.03570867398252131,-0.036361824614126896,0.3791749067128065,8146655.0,0.8635568831624759,1
2025-06-16,64.81999969482422,65.18000030517578,62.65999984741211,62.72999954223633,6561700,61.920499610900876,57.12979995727539,71.27390012741088,63.137635512194315,61.12924728292792,2.0083882292663944,2.0719838580454284,-0.06359562877903402,60.09069928642359,61.920499610900876,67.6547044373983,56.18629478440346,0.18521183977940425,0.052785447719812195,0.05143945903879902,0.41634530973225004,8123000.0,0.8077926874307522,0
2025-06-17,63.31999969482422,64.54000091552734,63.060001373291016,64.04499816894531,5408200,62.169999504089354,57.390999984741214,71.26710012435913,63.16569154029122,61.29152523936468,1.8741663009265395,2.0324203466216506,-0.15825404569511115,55.24669487793893,62.169999504089354,67.67611420947058,56.663884798708125,0.17713092325242993,-0.02314100597133717,-0.023412962812119853,0.4284425248516143,8033540.0,0.6732025981074345,0
2025-06-18,63.09000015258789,63.90999984741211,61.34000015258789,63.060001373291016,8344500,62.457499504089355,57.643399963378904,71.25045013427734,63.154046711413784,61.424745603307144,1.7293011081066396,1.9717964989186485,-0.24249539081200888,53.258586278741895,62.457499504089355,67.4810556656484,57.43394334253032,0.1608631854123499,-0.003632336439431949,-0.003638949391938795,0.4221651032178642,8166280.0,1.0218238904372616,1
2025-06-20,63.59000015258789,64.30000305175781,63.0,63.540000915527344,6941900,62.8649995803833,57.93359992980957,71.23800012588501,63.221116471594414,61.58513482917979,1.6359816424146203,1.904633527617843,-0.2686518852032227,56.40668719767655,62.8649995803833,66.66493493511945,59.06506422564714,0.12089192333095643,0.007925186222708991,0.007893946877581331,0.3972384203965333,8008290.0,0.8668392378397886,1
2025-06-23,63.619998931884766,63.9900016784668,61.869998931884766,62.994998931884766,6018700,63.128499603271486,58.08619987487793,71.23525012969971,63.28248300394678,61.735865503454235,1.5466175004925447,1.8330303221927835,-0.28641282170023885,56.46731907375525,63.128499603271486,66.28690726722932,59.970091939313654,0.10006281422199864,0.00047175309364511087,0.0004716418531384228,0.3596718933643028,7682735.0,0.7834059094840574,1
2025-06-24,65.33999633789062,65.72000122070312,64.30000305175781,64.61000061035156,6303200,63.458499336242674,58.3347998046875,71.24155010223389,63.599023516861216,62.00283815785693,1.5961853590042878,1.7856613295550843,-0.18947597055079646,56.37630208160265,63.458499336242674,66.00646518794287,60.91053348454248,0.08030337553995659,0.027035483100956714,0.026676480593934255,0.368405093297253,7513100.0,0.8389612809625854,0
2025-06-25,64.80999755859375,65.76499938964844,64.33000183105469,65.76499938964844,5395900,63.591499137878415,58.55219978332519,71.24270008087159,63.785327215589305,62.21077589124484,1.574551324344462,1.74343932851296,-0.16888800416849792,53.26908990666719,63.591499137878415,66.12955555931511,61.053442716441715,0.07982376436616817,-0.008111398974620543,-0.008144475356532272,0.31433340911008667,7182475.0,0.7512591411734812,1
2025-06-26,65.11000061035156,65.20500183105469,63.80099868774414,64.87999725341797,5097200,63.75649909973144,58.76119979858399,71.26205007553101,63.98912312247581,62.425533277845346,1.5635898446304637,1.707469431736461,-0.14387958710599724,55.181890729416594,63.75649909973144,66.2352862429178,61.27771195654508,0.07775794399591796,0.004628962552985616,0.004618281853516002,0.3130713895741579,7107040.0,0.717204349490083,1
2025-06-27,66.62999725341797,67.01000213623047,65.08000183105469,65.37999725341797,9854300,63.97999897003174,58.99219970703125,71.28865005493164,64.39541145031306,62.73697505381369,1.6584363964993756,1.697662824689044,-0.03922642818966837,55.5782332696858,63.97999897003174,66.65128764059077,61.308710299472715,0.08350386725733643,0.023345056501577588,0.023076728730111976,0.3214063747305171,7224550.0,1.3640019101535736,1
2025-06-30,67.93000030517578,68.4000015258789,67.05999755859375,67.13999938964844,5628600,64.28899898529053,59.27579971313477,71.32145006179809,64.93919435106118,63.12164359095162,1.8175507601095546,1.721640411773146,0.09591034833640855,56.89770564122191,64.28899898529053,67.2842571665749,61.293740804006156,0.09318104896825959,0.019510777507815824,0.01932288234267172,0.3236966603629568,6931640.0,0.8120156268934913,1
2025-07-01,68.2699966430664,68.93000030517578,66.875,67.73999786376953,7204200,64.61449890136718,59.56319961547852,71.34590003967286,65.45162547290813,63.50300307629345,1.948622396614681,1.7670368087414532,0.18158558787322776,63.41116073188207,64.61449890136718,67.85725468379503,61.371743118939335,0.10037238816562997,0.005005098430195698,0.0049926145630424645,0.3231973459096828,6987140.0,1.0310656434535446,1
2025-07-02,69.22000122070312,70.08999633789062,68.0,68.16999816894531,7032700,64.89999904632569,59.89979965209961,71.37365005493164,66.03137558795352,63.9264844203238,2.1048911676297166,1.834607680519106,0.27028348711061057,67.5989258475734,64.89999904632569,68.69220663789403,61.10779145475735,0.11686310161149495,0.013915403901417989,0.013819473583563023,0.3134232617351562,6953895.0,1.0113324978303526,1
2025-07-03,69.2300033569336,69.69999694824219,68.58000183105469,69.66500091552734,4369300,65.16849918365479,60.19779968261719,71.39985006332398,66.52347216779661,64.31933767488749,2.2041344929091196,1.9085130429971089,0.29562144991201067,68.60306093860552,65.16849918365479,69.38711648248608,60.9498818848235,0.12946798995455097,0.00014449777599079283,0.00014448733719273633,0.3137718567671515,6794395.0,0.6430741809977194,1
2025-07-07,69.41000366210938,70.2699966430664,67.7300033569336,68.70999908447266,7545000,65.4589994430542,60.47279975891113,71.41800008773804,66.96755393615243,64.69642404431133,2.271129891841099,1.981036412765907,0.2900934790751919,81.71522483873954,65.4589994430542,70.00992379895128,60.90807508715712,0.1390465602779687,0.0026000331712789926,0.0025966589325227543,0.3123212762526162,6763890.0,1.115482362959776,0
2025-07-08,67.83999633789062,70.9800033569336,67.70099639892578,70.21499633789062,6872900,65.60149936676025,60.67959968566895,71.42055006027222,67.10177584411215,64.92928125124313,2.172494592869029,2.0193280487865315,0.1531665440824974,64.13855055898847,65.60149936676025,70.267612220065,60.93538651345549,0.14225628677228186,-0.022619323460370433,-0.02287906460995405,0.3194788604111297,6716310.0,1.023314885703608,1
2025-07-09,69.01000213623047,69.04000091552734,67.44999694824219,68.31999969482422,5340800,65.75999965667725,60.8979997253418,71.43190008163452,67.39534911982267,65.2315568723533,2.163792247469374,2.0482208885231,0.11557135894627368,77.487898027196,65.75999965667725,70.6692488649008,60.8507504484537,0.14930806672305275,0.017246548665958095,0.017099515085804554,0.3216720075820288,6626945.0,0.8059218840657346,0
2025-07-10,68.76000213623047,69.2300033569336,67.80000305175781,68.94999694824219,4163500,65.97399959564208,61.10679977416992,71.43250009536743,67.60529573773155,65.49292318819604,2.1123725495355075,2.061051220725582,0.05132132880992568,77.33844852759141,65.97399959564208,71.0195638146271,60.92843537665706,0.1529561418106992,-0.0036226632699776218,-0.0036292410053133184,0.3108768234817883,6336570.0,0.6570589451390895,0
2025-07-11,65.13999938964844,68.55999755859375,64.8499984741211,67.80000305175781,12851600,66.02799968719482,61.21839973449707,71.4209000968933,67.226019376488,65.46678068459993,1.759238691888072,2.0006887149580797,-0.24145002307000762,55.74498625268534,66.02799968719482,71.01003043390533,61.045968940484315,0.15090660841802542,-0.05264692603426502,-0.054083421104327664,0.36822776715504124,6658160.0,1.9302029389501003,1
2025-07-14,68.68000030517578,69.83999633789062,66.4000015258789,66.7300033569336,11130900,66.26949977874756,61.422599716186525,71.42515008926392,67.44970875013227,65.70479695279073,1.744911797341544,1.9495333314347727,-0.2046215340932287,64.88234028273158,66.26949977874756,71.27520108246686,61.26379847502825,0.151071045365718,0.054344503357331764,0.05291924999447484,0.4132159866697523,6955010.0,1.6004146651119122,0
2025-07-15,66.01000213623047,68.22000122070312,65.95999908447266,67.9800033569336,6706100,66.49149990081787,61.57319976806641,71.41750009536743,67.22821542491661,65.72740474415663,1.500810680759983,1.859788801299815,-0.3589781205398319,51.86630935354234,66.49149990081787,70.98751739536291,61.99548240627282,0.135235857252477,-0.03887591958476011,-0.03965176240981562,0.4173820633936044,6938560.0,0.9664973712124706,1
2025-07-16,69.02999877929688,69.0999984741211,66.26200103759766,66.52999877929688,8209900,66.7019998550415,62.023199768066405,71.43645009994506,67.50541286405203,65.9720413393522,1.533371524699831,1.7945053459798184,-0.2611338212799874,60.32289032866836,66.7019998550415,71.2622672117306,62.14173249835241,0.13673555115587493,0.04575059150632632,0.044734896968819125,0.40705419674211346,7020970.0,1.1693398490521965,1
2025-07-17,70.7300033569336,71.5199966430664,69.61499786376953,69.81999969482422,7795300,67.07250003814697,62.50499984741211,71.4575001335144,68.00150370911074,66.32448297028417,1.6770207388265703,1.7710084245491688,-0.09398768572259852,62.86629532787328,67.07250003814697,71.67964921136206,62.46535086493187,0.13737818541413588,0.02462704052874143,0.024328683477415687,0.4009145907090787,7140325.0,1.0917290179368586,1
2025-07-18,72.81999969482422,73.25,71.16999816894531,72.01000213623047,10786400,67.55900001525879,63.01559982299805,71.48675012588501,68.74281078383589,66.80563235728714,1.9371784265487548,1.804242424949086,0.13293600159966878,63.810792537157944,67.55900001525879,72.4421065341536,62.67589349636398,0.1445582829169145,0.029548935935201692,0.029120780047325084,0.40774633169494,7262420.0,1.4852349492317987,1
2025-07-21,78.08000183105469,79.44000244140625,76.80000305175781,78.61000061035156,49143500,68.28350009918213,63.618199844360355,71.5415001487732,70.17930171417724,67.64077083682547,2.538530877351775,1.951100115429624,0.587430761922151,69.24534432212283,68.28350009918213,74.73498668301677,61.8320135153475,0.1889618011514881,0.0722329326870943,0.06974332699938082,0.4680495976436458,9372500.0,5.243371565750867,1
2025-07-22,79.2699966430664,79.58499908447266,78.26000213623047,78.45999908447266,139479500,69.06599998474121,64.20139976501464,71.6081501197815,71.57787016477558,68.50219497062109,3.075675194154485,2.176015131174596,0.8996600629798888,70.20571884717171,69.06599998474121,76.80396813468089,61.328031834801536,0.22407459970605592,0.015240711886592484,0.015125738945122737,0.46669184249210977,16045540.0,8.692727075561184,1
2025-07-23,79.69999694824219,80.36000061035156,78.44999694824219,79.80999755859375,13249800,69.78400001525878,64.78819969177246,71.68135011672973,72.82742813146274,69.33166178377822,3.4957663476845227,2.4399653744765817,1.055800973207941,69.62545119132798,69.78400001525878,78.64907074008687,60.9189292904307,0.2540717276994633,0.005424502628806227,0.005409843004638975,0.46342204287913474,16392870.0,0.8082660327325234,1
2025-07-24,79.7699966430664,81.12999725341797,79.30999755859375,79.44499969482422,9377500,70.53199996948243,65.28319961547851,71.75200010299683,73.89551559478639,70.10487177335513,3.79064382143126,2.7101010638675174,1.0805427575637427,69.6935527648277,70.53199996948243,80.12464380265801,60.93935613630684,0.2720082753169087,0.0008782898055776922,0.000877904334773275,0.45974739434238315,16591950.0,0.565183718610531,1
2025-07-25,80.73999786376953,81.08000183105469,78.93000030517578,79.75499725341797,6348700,71.31349983215333,65.734599609375,71.82060010910034,74.94851286693765,70.89265889116359,4.055853975774056,2.9792516462488257,1.0766023295252305,70.56259493469324,71.31349983215333,81.5699963908231,61.05700327348354,0.2876453008984256,0.012159975699177039,0.01208663712627164,0.4591761308225642,16654525.0,0.3811997039843526,0
2025-07-28,80.56999969482422,82.18000030517578,80.36499786376953,81.19999694824219,9578700,72.01049995422363,66.17599960327148,71.8949001121521,75.81335699430481,71.60949895069402,4.2038580436107935,3.224172925721219,0.9796851178895745,74.34034916658716,72.01049995422363,82.80729370612107,61.21370620232619,0.299867207108987,-0.00210550128118836,-0.0021077209652566264,0.4591426530639833,16640745.0,0.5756172575206219,0
2025-07-29,78.18000030517578,81.05999755859375,77.63999938964844,79.69999694824219,10632000,72.52299995422364,66.59939964294433,71.94455011367798,76.17745596520804,72.0962027547297,4.081253210478337,3.395588982672643,0.6856642278056944,66.75191780210959,72.52299995422364,83.47620395525813,61.56979595318914,0.30206152552840154,-0.029663639055492852,-0.03011250373308403,0.4783235428522887,16890915.0,0.6294508023988044,0
2025-07-30,77.58999633789062,78.75,77.04900360107422,77.70500183105469,7352200,72.98899993896484,66.99799957275391,71.9911501121521,76.39476986869767,72.50315042755643,3.8916194411412306,3.494795074366361,0.39682436677486965,65.93286628184708,72.98899993896484,83.97332863647625,62.00467124145342,0.3009858665469256,-0.00754673784832538,-0.007575358560667304,0.4812507704704996,16898315.0,0.43508479987501714,0
2025-07-31,77.26000213623047,78.08000183105469,76.0,76.77999877929688,6769800,73.39099998474121,67.37659957885742,72.02735013961792,76.52788252524117,72.85550981338415,3.6723727118570224,3.5303106018644934,0.142062109992529,74.81574005311836,73.39099998474121,84.38303100377183,62.398968965710594,0.29954711126203437,-0.004253050872989994,-0.004262120819618976,0.4820343950725882,16885170.0,0.40093170515902415,0
2025-08-01,74.02999877929688,75.22000122070312,72.98500061035156,75.0,8235300,73.63099975585938,67.7103995513916,72.04900014877319,76.14359271817281,72.94250899604435,3.201083722128459,3.464465225917287,-0.26338150378882785,61.09498140116988,73.63099975585938,84.44872372949007,62.81327578222869,0.29383612906246975,-0.0418069281338902,-0.042705984922320875,0.5108670224923195,17078470.0,0.4822036166003161,1
2025-08-04,76.12000274658203,76.62999725341797,74.41999816894531,75.0199966430664,6082200,73.96649971008301,68.12399963378907,72.07135015487671,76.13996349177422,73.17787890349159,2.962084588282636,3.363989098390357,-0.401904510107721,71.4832153311605,73.96649971008301,84.64837905719372,63.2846203629723,0.2888301971562559,0.028231851975521582,0.027840678544509778,0.5180890470046202,17005330.0,0.3576643323005199,0
2025-08-05,75.29000091552734,76.0999984741211,74.01000213623047,75.9800033569336,7207400,74.33899993896485,68.46279968261719,72.08885015487671,76.00920001850548,73.3343323858646,2.6748676326408827,3.226164805240462,-0.5512971725995794,64.66729374986816,74.33899993896485,84.63391006403539,64.0440898138943,0.2769719833068257,-0.010903859709752273,-0.010963742488169973,0.5113930819548909,17022055.0,0.42341538668509765,1
2025-08-06,76.12999725341797,76.87999725341797,75.33000183105469,75.33000183105469,6488700,74.69499969482422,68.81059959411621,72.10185014724732,76.02778420849201,73.54141867235003,2.4863655361419745,3.078204951420765,-0.5918394152787902,63.18358159914825,74.69499969482422,84.70241080197738,64.68758858767106,0.26795397678665756,0.01115681136507174,0.011095033218551391,0.5100265184816359,17079450.0,0.37991270210691797,1
2025-08-07,76.8499984741211,77.37000274658203,76.0,76.125,14968800,75.09949951171875,69.10459953308106,72.11770013809205,76.15427871089648,73.78649865766641,2.3677800532300637,2.9361199717826247,-0.568339918552561,60.54421415641896,75.09949951171875,84.74426070493021,65.45473831850728,0.2568528753432363,0.009457523271758639,0.009413080888721446,0.5090670374040255,17619715.0,0.8495483610262708,0
2025-08-08,73.38999938964844,82.5,73.19999694824219,82.125,22800800,75.51199951171876,69.3361994934082,72.11135011672974,75.72900496916601,73.75712834151693,1.9718766276490811,2.743271302955916,-0.7713946753068348,36.45290842609667,75.51199951171876,83.999505632795,67.0244933906425,0.22479887106575874,-0.04502276061381827,-0.046067771888894354,0.49800421153382135,18117175.0,1.258518505230534,0
2025-08-11,73.02999877929688,74.75800323486328,72.38999938964844,74.08000183105469,10172000,75.7294994354248,69.5535994720459,72.10695009231567,75.31377324764769,73.70326689246359,1.6105063551841,2.5167183134015527,-0.9062119582174528,31.067971502735787,75.7294994354248,83.68618944915077,67.77280942169882,0.21013449377176233,-0.004905308806997244,-0.00491737932349515,0.4657857921733267,18069230.0,0.5629459584055325,1
2025-08-12,74.54000091552734,75.5,73.58000183105469,73.58000183105469,7048000,76.15599937438965,69.80939949035644,72.11555009841919,75.1947313503984,73.7652471904683,1.429484159930098,2.2992714827072622,-0.8697873227771642,35.307532721446805,76.15599937438965,82.70983450554198,69.60216424323733,0.17211605612141181,0.02067646393907019,0.020465607416548546,0.4412825053906063,18086325.0,0.3896866831708487,1
2025-08-13,76.94999694824219,77.06300354003906,74.75800323486328,74.76499938964844,8084300,76.55199928283692,70.11319946289062,72.14335008621215,75.46477221160514,74.00115457993303,1.4636176316721077,2.1321407125002314,-0.6685230808281237,42.914574174386466,76.55199928283692,82.18535511201732,70.91864345365651,0.14717723591690465,0.032331580401320004,0.031819914292441104,0.42780016046672986,18080045.0,0.4471393738234612,0
2025-08-14,76.04000091552734,76.54000091552734,74.47000122070312,76.16999816894531,6560300,76.8174991607666,70.3637995147705,72.160800075531,75.55326893528547,74.1521802344215,1.4010887008639799,1.9859303101729813,-0.5848416093090014,38.15524744007617,76.8174991607666,81.7527966685598,71.88220165297341,0.12849409474954177,-0.011825809861005232,-0.011896290965612663,0.4260743309053432,18018295.0,0.3640910530102876,0
2025-08-15,75.80000305175781,76.87999725341797,75.2300033569336,76.19000244140625,6691800,76.96649932861328,70.60259956359863,72.17675008773804,75.59122803012737,74.27424118385382,1.3169868462735508,1.8521416173930954,-0.5351547711195446,38.02110097051589,76.96649932861328,81.56186982351726,72.3711288337093,0.11941222570832416,-0.003156205429773018,-0.0031611967513215746,0.41571819964347667,17813565.0,0.3756575396334198,1
2025-08-18,76.7300033569336,77.45999908447266,75.76000213623047,76.0,6781400,76.89899940490723,70.86519966125488,72.18800008773803,75.7664242342514,74.45614949297084,1.3102747412805655,1.7437682421705896,-0.43349350089002403,46.070468324981654,76.89899940490723,81.46506900712664,72.33292980268781,0.11875498088543492,0.012269132819701323,0.012194477030539694,0.3270138515286589,15695460.0,0.4320612457360281,0
2025-08-19,74.30000305175781,77.25,74.04000091552734,76.8499984741211,5387000,76.6504997253418,71.05139976501465,72.19340009689331,75.54082097540623,74.44458308991803,1.0962378854882076,1.6142621708341132,-0.5180242853459056,41.89257177235894,76.6504997253418,81.21421987184112,72.08677957884248,0.1190786795350921,-0.031669493012685956,-0.0321818171423529,0.3389232060669907,8990835.0,0.5991657059661311,0
2025-08-20,74.18000030517578,74.27999877929688,71.44999694824219,73.58000183105469,7093100,76.37449989318847,71.21819984436036,72.19785009384155,75.33146394921692,74.4249843651223,0.906479584094626,1.4727056534862157,-0.5662260693915897,42.33067343078795,76.37449989318847,80.82803162972299,71.92096815665396,0.11662352598741423,-0.001615110923998686,-0.0016164166217342668,0.3375168842605531,8683000.0,0.8168950823448117,0
2025-08-21,74.08999633789062,74.1500015258789,72.51000213623047,73.72000122070312,6961900,76.09049987792969,71.4103997039795,72.20670007705688,75.1404689320898,74.40017043717921,0.74029849491059,1.3262242217710905,-0.5859257268605005,50.177088400079256,76.09049987792969,80.35263861834035,71.82836113751902,0.1120281440455331,-0.001213318507884642,-0.0012140551747200545,0.33724961897738015,8562220.0,0.8130952019452898,1
2025-08-22,79.12000274658203,79.38500213623047,73.47000122070312,73.55000305175781,12035300,76.0095001220703,71.71159980773926,72.2415500831604,75.75270490355015,74.74978764528313,1.0029172582670185,1.261562829070276,-0.25864557080325756,57.54526977655244,76.0095001220703,79.94895008244158,72.07005016169903,0.10365677853543491,0.06789049341765185,0.06568520102787224,0.41949736581000413,8846550.0,1.360451249357094,0
2025-08-25,79.08000183105469,80.31999969482422,78.38999938964844,78.38999938964844,6549300,75.93500022888183,72.01619987487793,72.27350008010865,76.26459673855085,75.07054425163658,1.1940524869142735,1.2480607606390755,-0.05400827372480199,59.92666350940086,75.93500022888183,79.55469295105024,72.31530750671342,0.09533660923837493,-0.0005055727267283538,-0.0005057005717111333,0.41946388546970786,8695080.0,0.7532190618142673,0
2025-08-26,78.77999877929688,79.01000213623047,77.7300033569336,78.45999908447266,5128300,75.96500015258789,72.36039985656738,72.30550008773804,76.6515816678964,75.34531866109289,1.3062630068035048,1.2597012098719613,0.0465617969315435,57.14285714285714,75.96500015258789,79.671930352681,72.25806995249478,0.09759573994990187,-0.0037936652100581947,-0.003800879409205223,0.4055127851591219,8419895.0,0.6090693530026206,1
2025-08-27,79.38999938964844,79.68499755859375,78.44000244140625,78.58000183105469,4027600,76.05500030517578,72.65179985046387,72.31425008773803,77.07287670201208,75.64492464098589,1.4279520610261898,1.2933513801028071,0.13460068092338262,56.887200456439444,76.05500030517578,80.00733023192774,72.10267037842382,0.103933466856695,0.0077430898680321825,0.007713266001335802,0.4050254725515963,8253665.0,0.4879771592377447,1
2025-08-28,80.77999877929688,81.38999938964844,79.75599670410156,79.9800033569336,5019600,76.2310001373291,73.00099983215333,72.34180009841918,77.64320317544052,76.025300503083,1.6179026723575163,1.358261638553749,0.25964103380376735,72.57176147088295,76.2310001373291,80.69025175346997,71.77174852118824,0.11699312899234118,0.01750849477685823,0.01735698697480795,0.408311113848933,8166155.0,0.6146834097564888,0
2025-08-29,79.63999938964844,82.25,79.13999938964844,80.80000305175781,6205700,76.51150016784668,73.33199981689454,72.36720010757446,77.95040259301096,76.29305597616192,1.6573466168490398,1.4180786342128073,0.2392679826362325,69.27112851808322,76.51150016784668,81.09193124887193,71.93106908682142,0.11973183301796352,-0.01411239671794362,-0.014212923491700797,0.3792116891967778,8064675.0,0.769491641014672,0
2025-09-02,76.2300033569336,77.0999984741211,75.18499755859375,76.80999755859375,6813700,76.51700019836426,73.58479988098145,72.33135011672974,77.6857257874606,76.28838541177464,1.3973403756859568,1.4139309825074373,-0.016590606821480502,54.43570123536097,76.51700019836426,81.09571577176735,71.93828462496117,0.11967838680379864,-0.042817630070927315,-0.0437613414950228,0.40199497451024835,8101250.0,0.8410677364604228,0
2025-09-03,75.79000091552734,76.375,75.33999633789062,76.30000305175781,4975000,76.54200019836426,73.8281999206543,72.27405012130737,77.39407580716318,76.25146804168224,1.142607765480932,1.3596663391021362,-0.2170585736212043,46.604228951392116,76.54200019836426,81.09791071807732,71.98608967865121,0.1190434142799005,-0.005772037544666153,-0.0057887601333622175,0.40049527713950217,7989630.0,0.622682151739192,0
2025-09-04,75.75,75.95999908447266,73.72000122070312,75.7300033569336,4804900,76.52300033569335,74.03639999389648,72.22370012283325,77.14114106759962,76.2143222608169,0.9268188067827197,1.273096832638253,-0.34627802585553336,49.10548840554267,76.52300033569335,81.08930302396111,71.9566976474256,0.11934458053751586,-0.0005277861860950583,-0.0005279255142499818,0.3985653534308854,7905440.0,0.6077966564795887,0
2025-09-05,74.94000244140625,77.07499694824219,73.69000244140625,76.30000305175781,4785800,76.42750053405761,74.23900009155274,72.18130014419556,76.80250435587756,76.11992820011982,0.6825761557577437,1.1549926972621511,-0.4724165415044075,47.437425831707884,76.42750053405761,81.04461677811071,71.81038429000452,0.12082342643131748,-0.010693037077145195,-0.010750618445791877,0.398673282804779,7396290.0,0.6470541311928008,1
2025-09-08,75.81999969482422,75.9800033569336,74.88500213623047,75.05000305175781,5191500,76.5490005493164,74.45320007324219,72.13890012741089,76.65134979263858,76.09771127380162,0.5536385188369621,1.0347218615771134,-0.4810833427401513,47.28032556926283,76.5490005493164,80.95251040410852,72.14549069452428,0.115050747186573,0.011742690482376528,0.011674280119498516,0.3649570447755668,6515825.0,0.7967525217451359,0
2025-09-09,75.51000213623047,76.66999816894531,75.0,75.62999725341797,4162300,76.67300071716309,74.63080017089844,72.0625001335144,76.47575784549886,76.05417726361117,0.42158058188769587,0.91209360563923,-0.49051302375153416,54.1409938468785,76.67300071716309,80.78960109940026,72.55640033492593,0.10738070360446123,-0.00408859878450929,-0.004096979957155128,0.36476718480493003,6215340.0,0.6696817873197605,0
2025-09-10,73.75,76.79000091552734,73.05000305175781,75.79499816894531,5756300,76.63350067138671,74.74720016479492,71.96915014266968,76.05641048465287,75.88349746630664,0.17291301834623596,0.7642574881806312,-0.5913444698343953,48.67692275910703,76.63350067138671,80.8502201202586,72.41678122251483,0.11004898411084374,-0.02330819873445611,-0.02358413088610072,0.36816558336325084,6150755.0,0.9358688486210229,1
2025-09-11,74.2300033569336,74.7699966430664,73.44599914550781,73.94000244140625,4196700,76.49750099182128,74.86640029907227,71.89180017471314,75.77542477269606,75.7610164211679,0.014408351528160779,0.6142876608501372,-0.5998793093219764,50.420693990341306,76.49750099182128,80.8446753920939,72.15032659154866,0.11365533106074664,0.006508520094014925,0.00648743113293369,0.3487246398006449,5956375.0,0.7045728316299763,0
2025-09-12,72.87000274658203,74.21499633789062,72.84500122070312,73.5999984741211,4621300,76.33900108337403,74.93940032958984,71.79265020370484,75.32843676867851,75.54686726008747,-0.21843049140895232,0.4477440303983193,-0.6661745218072717,25.90593904484929,76.33900108337403,80.97778807988354,71.70021408686452,0.12153124695575292,-0.018321440776609244,-0.01849135697913942,0.3520047215333939,5859425.0,0.7886951364681688,1
2025-09-15,74.62999725341797,75.19999694824219,73.0999984741211,73.33000183105469,6474800,76.28050079345704,75.04740020751953,71.70450017929078,75.22098453556151,75.47895096329712,-0.2579664277356102,0.3066019387715334,-0.5645683665071436,34.85362100333066,76.28050079345704,80.97705871175138,71.58394287516269,0.12313914747390314,0.024152524228064243,0.023865464966918378,0.3638564675597949,5848575.0,1.1070730904536574,1
2025-09-16,75.77999877929688,75.95999908447266,73.8010025024414,74.55999755859375,5512200,76.23300056457519,75.17480010986328,71.62965017318726,75.30698672690542,75.50125080151933,-0.19426407461391193,0.20642873609444434,-0.4006928107083563,40.34748617723965,76.23300056457519,80.9296329887304,71.53636814041998,0.12321782927006275,0.015409373820206573,0.015291855141299618,0.3654887570166918,5785115.0,0.9528246197353034,0
2025-09-17,75.70999908447266,77.25,74.52999877929688,75.87999725341797,5296900,76.30350036621094,75.33220016479493,71.56315015792846,75.36898862806962,75.51671363729365,-0.14772500922403253,0.13559798703074896,-0.2833229962547815,37.73332607692773,76.30350036621094,80.91960121180371,71.68739952061817,0.12099316082324557,-0.0009237225646847591,-0.0009241494592813738,0.3463657601682694,5780610.0,0.916321979860257,1
2025-09-18,77.37000274658203,78.30000305175781,75.76000213623047,76.19999694824219,5443800,76.46300048828125,75.49940017700196,71.50610017776489,75.67683695399461,75.65399431205574,0.022842641938865427,0.11304691801237225,-0.09020427607350683,38.83432618741534,76.46300048828125,80.98974458062729,71.93625639593522,0.11840351708509807,0.021925818018531995,0.021688904038017685,0.3538600893767466,5698145.0,0.9553635437497642,0
2025-09-19,77.02999877929688,77.70999908447266,76.16999816894531,77.69999694824219,7600300,76.61000061035156,75.66480010986328,71.44850015640259,75.8850156963488,75.75592056888843,0.12909512746037421,0.11625655990197266,0.012838567558401556,40.98133935670555,76.61000061035156,81.00119670720909,72.21880451349404,0.11463767293755087,-0.004394519260892404,-0.004404203542916642,0.3544634525730777,5730065.0,1.3263898402548662,1
2025-09-22,77.41000366210938,77.69000244140625,74.72000122070312,76.5,9005300,76.52450065612793,75.9102001953125,71.37165018081664,76.11962922954274,75.87844524246036,0.24118398708237976,0.1412420453380541,0.09994194174432566,55.157339451070875,76.52450065612793,80.7742326434795,72.27476866877636,0.11106853232400038,0.004933206397955026,0.00492107800682217,0.25661189128460565,5578565.0,1.6142681854562957,0
2025-09-23,76.54000091552734,79.0,75.4800033569336,77.69000244140625,7218100,76.39750061035156,76.06740020751953,71.28835020065307,76.18430179661729,75.92744936639124,0.2568524302260471,0.1643641223156527,0.09248830791039439,53.15922217523039,76.39750061035156,80.4739574852411,72.32104373546201,0.1067170219528674,-0.011238892977961212,-0.011302526565603934,0.2591716275244285,5612005.0,1.2861891605584814,0
2025-09-24,76.48999786376953,78.41000366210938,75.98999786376953,76.2300033569336,5065800,76.28300056457519,76.27700012207032,71.1762001991272,76.23133196079456,75.9691196254563,0.26221233533826194,0.18393376492017455,0.07827857041808739,53.114465843403636,76.28300056457519,80.20334375868647,72.36265737046391,0.10278418953362035,-0.0006532930645375412,-0.0006535065534372363,0.25904325693741526,5608880.0,0.9031749654119896,0
2025-09-25,73.68000030517578,75.79000091552734,72.83999633789062,75.04000091552734,7448000,75.99750061035157,76.37000015258789,71.06525018692017,75.83881939839166,75.79955523136145,0.03926416703021118,0.15499984534218186,-0.11573567831197068,45.461091497135406,75.99750061035157,79.79487214679108,72.20012907391205,0.09993411641019878,-0.03673679745158864,-0.03742858931658283,0.2851446011354851,5779900.0,1.2886036090589803,0
2025-09-26,73.66999816894531,73.83000183105469,71.44000244140625,73.38500213623047,6578200,75.64200057983399,76.42880004882812,70.9423501777649,75.50515459386145,75.64181026377507,-0.13665566991362255,0.09666874229102099,-0.23332441220464353,41.73713047185484,75.64200057983399,78.83780436562938,72.4461967940386,0.084498129644852,-0.00013575103405316646,-0.0001357602490587635,0.2745257280763048,5857830.0,1.1229755728657198,1
2025-09-29,75.38999938964844,76.15499877929688,74.33499908447266,74.44999694824219,7237200,75.42950057983398,76.4802000427246,70.84220018386841,75.48743840859791,75.62315760643236,-0.1357191978344474,0.05019115426592731,-0.1859103521003747,49.5839023184966,75.42950057983398,78.01239588890799,72.84660527075998,0.0684850168493503,0.023347376998146485,0.02307899628778788,0.288871047786251,5909405.0,1.2246918259960182,0
2025-09-30,72.2699966430664,75.66500091552734,71.61000061035156,75.31999969482422,7838100,75.23150024414062,76.36399993896484,70.7333501625061,74.9924473677469,75.37477531284969,-0.3823279451027872,-0.0363126656078156,-0.34601527949497163,45.310515447568775,75.23150024414062,78.14233234132112,72.32066814696012,0.07738333245340837,-0.041384835811663745,-0.042265573282690413,0.2862569340356954,5960625.0,1.3149795533186537,1
2025-10-01,73.4000015258789,73.62000274658203,71.83499908447266,72.56999969482422,6640700,75.1120002746582,76.24660003662109,70.60940015792846,74.74745569976722,75.22849577307409,-0.4810400733068718,-0.12525814714762684,-0.355781926159245,47.47413067745956,75.1120002746582,78.12087631297574,72.10312423634066,0.08011705259652614,0.015635878446120133,0.015514897564012581,0.2930256332777752,6043910.0,1.0987423704191492,1
2025-10-02,76.80999755859375,77.23999786376953,73.69999694824219,73.80000305175781,7856000,75.1650001525879,76.18880004882813,70.52290014266968,75.06476983189438,75.34564405348296,-0.2808742215885758,-0.15638136203581665,-0.12449285955275913,60.66014838496862,75.1650001525879,78.25737831091001,72.07262199426577,0.0822823961163965,0.04645771065158044,0.045410851816574234,0.338842386908443,6196465.0,1.267819635873034,1
2025-10-03,76.94999694824219,78.24500274658203,76.0999984741211,76.69000244140625,5761700,75.26549987792968,76.13240005493164,70.44775011062622,75.35480477287096,75.46448500865031,-0.10968023577935071,-0.14704113678452346,0.03736090100517275,56.88017930409702,75.26549987792968,78.45617373503275,72.07482602082662,0.08478449920024181,0.0018226714503100094,0.0018210124003315738,0.3360582422640126,6245260.0,0.9225716783608688,1
2025-10-06,77.77999877929688,78.80000305175781,76.69000244140625,77.55000305175781,5324100,75.36349983215332,76.07320007324219,70.36775011062622,75.72791154309033,75.63600454721671,0.0919069958736145,-0.09925151025289589,0.1911585061265104,56.0459405129492,75.36349983215332,78.74082525337326,71.98617441093339,0.08962761625300802,0.010786249044466567,0.010728492407378462,0.3356899663866115,6251890.0,0.8515984766206699,1
2025-10-07,79.0199966430664,79.97000122070312,77.73999786376953,78.4000015258789,5428000,75.53899955749512,76.04220001220703,70.29010007858277,76.23438617385588,75.88667062839077,0.34771554546510686,-0.009858099109295346,0.3575736445744022,59.34498433628227,75.53899955749512,79.29224534397193,71.7857537710183,0.099372398587834,0.015942374430836237,0.01581662946787344,0.33879105333806714,6315175.0,0.8595169571706247,1
2025-10-08,81.11000061035156,81.68499755859375,79.05000305175781,79.86000061035156,6024900,75.9069995880127,76.10080001831055,70.25915006637574,76.98448070254753,76.27358396038787,0.7108967421596617,0.13429286914449606,0.5766038730151657,60.30869148473976,75.9069995880127,80.30890369873786,71.50509547728753,0.11598150722902034,0.026449051582800198,0.026105323106070326,0.3345477814649554,6328605.0,0.9520107511845027,0
2025-10-09,80.8499984741211,81.5,80.01000213623047,81.08999633789062,4193600,76.23799934387208,76.16600006103516,70.22520006179809,77.57917574432808,76.6125776280718,0.9665981162562787,0.3007539185668526,0.665844197689426,60.575845431852386,76.23799934387208,81.08229743352072,71.39370125422343,0.1270835575786401,-0.003205549676660757,-0.003210698457084096,0.3357336574281982,6328450.0,0.6626583128570187,0
2025-10-10,74.66999816894531,80.97000122070312,74.29000091552734,80.66000366210938,8802300,76.32799911499023,76.11419998168945,70.15030004501342,77.13160996349997,76.4686828533217,0.6629271101782734,0.37318855688913677,0.28973855328913667,44.258164981550046,76.32799911499023,80.9715581253028,71.68444010467766,0.12167380421742544,-0.07643785308362017,-0.07951718662450367,0.43640056012877937,6537500.0,1.346432122370937,1
2025-10-13,75.0199966430664,76.05000305175781,74.43000030517578,75.97000122070312,5383800,76.34749908447266,76.13399993896485,70.07895002365112,76.80674637574096,76.36137276367315,0.44537361206781156,0.3876255679248718,0.05774804414293977,46.74377995451131,76.34749908447266,80.96423286974077,71.73076529920455,0.12094001350745091,0.004687270425923984,0.004676319380907388,0.4284487231676036,6482950.0,0.830455271134283,1
2025-10-14,76.18000030517578,77.44000244140625,71.91999816894531,73.22000122070312,5239300,76.3674991607666,76.13519989013672,70.00445001602174,76.7103239033463,76.3479377667474,0.36238613659890007,0.3825776816596775,-0.020191545060777416,49.36605847888984,76.3674991607666,80.97734207835128,71.75765624318191,0.12072787424608945,0.015462592828795918,0.015344265149882621,0.4284731384290246,6469305.0,0.8098706120672932,0
2025-10-15,76.12999725341797,77.80000305175781,75.33000183105469,76.88999938964844,3672500,76.38849906921386,76.15199981689453,69.92769998550415,76.6210428802804,76.33179402501929,0.289248855261107,0.3639119163799634,-0.0746630611188564,55.647752302710494,76.38849906921386,80.9895487566656,71.78744938176213,0.12046446110383263,-0.0006563803039839611,-0.0006565958158460112,0.42846143941378945,6388085.0,0.5748984241756332,0
2025-10-16,74.54000091552734,77.69000244140625,74.4000015258789,76.3499984741211,5590300,76.24699897766114,76.12019989013672,69.85554998397828,76.30088257801069,76.19906860950137,0.1018139685093189,0.3114923268058345,-0.2096783582965156,51.869364636020364,76.24699897766114,80.89478344165339,71.59921451366888,0.1219138989418839,-0.0208852803790065,-0.021106462907119573,0.42718701770945455,6395410.0,0.8741112766812448,1
2025-10-17,75.19999694824219,75.70999908447266,73.37999725341797,73.77999877929688,4416700,76.1554988861084,76.08719985961915,69.79414995193481,76.1315155580463,76.12506330125996,0.006452256786346311,0.25048431280193684,-0.24403205601559053,49.57225937872496,76.1554988861084,80.81042737191488,71.50057040030192,0.12224799400941458,0.008854253080339936,0.008815284040432234,0.4285869466737078,6236230.0,0.7082323775742716,1
2025-10-20,76.5,76.87000274658203,74.83999633789062,75.94000244140625,4538200,76.10999870300293,76.14939987182618,69.75169996261597,76.18820547219303,76.15283639005553,0.03536908213750678,0.20746126666905082,-0.17209218453154404,60.37273639234906,76.10999870300293,80.73096236848454,71.48903503752132,0.12142855719952313,0.01728727532598917,0.017139550458582585,0.433017670003457,6012875.0,0.7547471051701558,1
2025-10-21,77.7300033569336,78.87000274658203,76.05000305175781,76.23999786376953,4362400,76.16949882507325,76.2433999633789,69.70659997940064,76.4254051467685,76.26966357278724,0.15574157398125976,0.19711732813149263,-0.04137575415023287,60.56613145491659,76.16949882507325,80.84410902721922,71.49488862292728,0.12274231219195567,0.01607847525403394,0.015950585596741243,0.4346603435838314,5870090.0,0.7431572599397965,0
2025-10-22,75.91999816894531,77.33999633789062,75.2300033569336,77.33999633789062,4609900,76.14099884033203,76.27099990844727,69.62539995193481,76.3476502271034,76.24376243176191,0.1038877953414925,0.17847142157349263,-0.07458362623200013,47.64425966254596,76.14099884033203,80.81433177778926,71.4676659028748,0.12275470531342068,-0.023285798402410962,-0.023561196245771677,0.4432355961616279,5847295.0,0.7883816362950732,1
2025-10-23,78.55999755859375,79.29000091552734,75.76000213623047,76.12999725341797,4695900,76.38499870300294,76.3031999206543,69.55849992752076,76.688011355025,76.41533540411982,0.2726759509051817,0.19731232743983046,0.07536362346535125,53.76343970963379,76.38499870300294,81.02678864552279,71.74320876048309,0.1215366896991874,0.03477343853161896,0.03418250278578687,0.4372603084568991,5709690.0,0.8224439505472276,1
2025-10-24,79.54000091552734,80.37999725341797,79.20099639892578,79.80000305175781,3866900,76.67849884033203,76.3731999206543,69.51779993057251,77.12677897971767,76.64679210866852,0.4799868710491495,0.25384723616169425,0.22613963488745525,54.08542436084388,76.67849884033203,81.33974964002148,72.01724804064257,0.1215790833202303,0.012474584870024508,0.012397418320573913,0.43812944514514535,5574125.0,0.6937232301033794,1
2025-10-27,80.1500015258789,81.48999786376953,79.9000015258789,80.58000183105469,5158500,76.91649894714355,76.46019989013672,69.4847999382019,77.59189014066556,76.90628910253596,0.6856010381295903,0.3401979965552735,0.3454030415743168,52.702065663085364,76.91649894714355,81.78233471952798,72.05066317475912,0.12652254949170777,0.00766910489477346,0.007639846803531788,0.43254558684198124,5470190.0,0.9430202607222052,1
2025-10-28,80.18000030517578,81.69999694824219,79.7699966430664,80.16000366210938,3954600,77.31199913024902,76.52919982910156,69.47299993515014,77.99006093520559,77.14878622865744,0.8412747065481483,0.44041333855384845,0.40086136799429983,47.53315748637334,77.31199913024902,81.86333783287215,72.7606604276259,0.11773951660350675,0.0003742829535342551,0.0003742129271421803,0.3992867599305898,5276015.0,0.7495429789339113,0
2025-10-29,76.51000213623047,78.1500015258789,75.06999969482422,77.80500030517578,8029400,77.46749916076661,76.57339981079102,69.44549993515015,77.76235958151712,77.10146888847767,0.6608906930394483,0.4845088094509684,0.17638188358847984,40.25158482950744,77.46749916076661,81.65395898074699,73.28103934078622,0.10808299907274188,-0.045771989959800585,-0.04685263185580277,0.4364128396713303,5345450.0,1.5020999167516298,0
2025-10-30,73.91999816894531,76.47000122070312,73.71499633789062,76.47000122070312,6301800,77.32299919128418,76.5681997680664,69.40299993515015,77.17122705650607,76.86580439073454,0.30542266577153043,0.44869158071508086,-0.14326891494355043,47.99143154635906,77.32299919128418,81.79479308004679,72.85120530252158,0.11566529843727695,-0.03385183498849609,-0.034438076602024664,0.4218505839165176,5267740.0,1.1963005007840175,1
2025-10-31,75.94000244140625,76.43800354003906,74.44000244140625,74.61000061035156,7364700,77.27249946594239,76.60519989013672,69.35874994277954,76.98180788495225,76.79722646856207,0.18458141639017356,0.3958695478500994,-0.21128813145992587,52.261565704816235,77.27249946594239,81.78465877312551,72.76034015875926,0.1167856440096608,0.02732689830219126,0.02696018439013609,0.43410845962894,5347890.0,1.3771225660961612,0
2025-11-03,74.30000305175781,76.6500015258789,73.63800048828125,76.1500015258789,5317800,77.09849967956544,76.50879989624023,69.29834997177124,76.56922252599925,76.6122469562062,-0.043024430206955344,0.3080907522386885,-0.3511151824456438,45.48512030945564,77.09849967956544,81.79296839631908,72.40403096281179,0.12177847133899267,-0.02159598810803076,-0.021832594155634023,0.43834096988738397,5347575.0,0.9944320556513934,0
2025-11-04,72.58000183105469,73.625,71.26000213623047,73.11000061035156,4983600,76.77649993896485,76.37879989624024,69.22644998550415,75.95549626523855,76.31356213212091,-0.358065866882356,0.1748594284144796,-0.5329252952968355,42.10761816140858,76.77649993896485,81.78873064514889,71.7642692327808,0.13056679348937822,-0.023149409825797163,-0.023421565784156228,0.4391807628027728,5325355.0,0.935824935614621,1
2025-11-05,73.6500015258789,74.64900207519531,72.3499984741211,72.87999725341797,5310800,76.40349998474122,76.27619995117188,69.14719999313354,75.60080476687553,76.11626134647335,-0.5154565795978243,0.036796226812018815,-0.5522528064098431,47.974513604759466,76.40349998474122,81.16175826932113,71.64524170016131,0.12455602912249299,0.014742348688759677,0.01463473661360199,0.43033863534181305,5289650.0,1.0039983741835472,0
2025-11-06,70.93000030517578,75.0999984741211,70.86000061035156,74.33999633789062,11236400,75.90750007629394,76.10699996948242,69.06444997787476,74.88221946507556,75.7320938619328,-0.8498743968572313,-0.14053789792183125,-0.7093364989354001,41.11528757203549,75.90750007629394,80.7808947816136,71.03410537097429,0.12840350954573526,-0.036931448260016375,-0.03763068411012698,0.445426561825554,5641790.0,1.991637405858779,0
2025-11-07,65.44999694824219,66.73999786376953,61.36000061035156,61.36000061035156,21402400,75.44650001525879,75.80039993286132,68.95269994735717,73.43110830863966,74.97045705351127,-1.539348744871603,-0.4203000673117856,-1.1190486775598174,30.414756389646755,75.44650001525879,82.1960017568342,68.69699827368338,0.17892153354258586,-0.07725931669753172,-0.08040703378789561,0.4471522161675115,6271795.0,3.412483985844563,1
2025-11-10,66.80000305175781,68.05000305175781,64.97000122070312,66.63999938964844,8017400,75.03550033569336,75.54360000610352,68.84334997177125,72.41093826911938,74.36523823856656,-1.9542999694471774,-0.727100047738864,-1.2271999217083134,30.70951152797008,75.03550033569336,82.81660450898326,67.25439616240345,0.20739794200022252,0.020626526607529172,0.020416680499003977,0.45578750550727865,6403475.0,1.2520389319861482,0
2025-11-11,65.91000366210938,66.69999694824219,65.38999938964844,66.28500366210938,5397400,74.52200050354004,75.33720001220703,68.74784997940064,71.41079448342555,73.73892456623639,-2.328130082810844,-1.04730605475326,-1.2808240280575842,31.740263412945083,74.52200050354004,83.27934548747177,65.76465551960831,0.23502710407017932,-0.013323343547736788,-0.013412895600696752,0.4497370449371005,6411380.0,0.8418468410856945,0
2025-11-12,65.7699966430664,66.44999694824219,64.98500061035156,65.8499984741211,5145900,74.00400047302246,75.13679992675782,68.63349996566772,70.5429794310626,73.14863360896454,-2.6056541779019398,-1.3589756793829961,-1.2466784985189436,24.327604810648182,74.00400047302246,83.55087232708384,64.45712861896108,0.2580096155083295,-0.0021242150093135903,-0.0021264743541396353,0.4495001299940471,6485050.0,0.7935019776254616,0
2025-11-13,62.29999923706055,65.66999816894531,61.630001068115234,65.37000274658203,8568900,73.39200038909912,74.86779991149902,68.49484996795654,69.27482863198537,72.34503106289758,-3.070202430912204,-1.701221029688838,-1.3689814012233659,18.540166574060564,73.39200038909912,84.27059924278741,62.513401535410836,0.29645189655585624,-0.05275958009907655,-0.05420234272557148,0.4761065758604574,6633980.0,1.2916680484415086,0
2025-11-14,60.47999954223633,62.189998626708984,60.16999816894531,61.029998779296875,9189400,72.65600051879883,74.57859985351563,68.33249998092651,67.92177800279322,71.4661398391449,-3.5443618363516833,-2.069849191021407,-1.4745126453302762,15.62392790880466,72.65600051879883,84.92277708652844,60.38922395106922,0.33766726712560335,-0.02921347860533441,-0.029648689244754476,0.4768860566008493,6872615.0,1.3371038534822626,0
2025-11-17,58.88999938964844,61.41400146484375,58.150001525878906,61.310001373291016,7088400,71.77550048828125,74.23999984741211,68.17284997940064,66.53227360077094,70.53457387992293,-4.002300279151996,-2.456339408647525,-1.5459608705044707,14.716629008621936,71.77550048828125,85.3399387774163,58.21106219914621,0.3779684766210637,-0.026289685261613016,-0.026641437710219387,0.4683453605579489,7000125.0,1.012610489098409,0
2025-11-18,57.63999938964844,59.540000915527344,57.290000915527344,58.380001068115234,7519700,70.771000289917,73.88259979248046,68.01004999160767,65.1642314144444,69.57942021397666,-4.41518879953226,-2.848109286824472,-1.5670795127077874,16.000023094364394,70.771000289917,85.4115877666272,56.13041281320679,0.41374538770779834,-0.02122601482349007,-0.021454526049920892,0.4566489450643463,7157990.0,1.0505323421798578,1
2025-11-19,62.0,62.75,56.959999084472656,58.540000915527344,19763000,70.07500038146972,73.64759979248046,67.88920000076294,64.67742658145295,69.01798167960803,-4.340555098155079,-3.1465984490905936,-1.1939566490644853,29.810314562416266,70.07500038146972,85.00555723206122,55.14444353087822,0.4261307675865432,0.075641926726574,0.07291762450279798,0.5555419948924613,7915645.0,2.4967011532225105,0
2025-11-20,61.95000076293945,65.62000274658203,61.83000183105469,64.30999755859375,17531000,69.24450054168702,73.40199974060059,67.76895000457763,64.25782260937395,68.49442753763257,-4.236604928258629,-3.364599744924201,-0.8720051833344278,24.609810676189696,69.24450054168702,84.03498894616527,54.45401213720876,0.42719604557112784,-0.0008064393074281861,-0.0008067646545333581,0.531787981164542,8557400.0,2.048636268025335,0
2025-11-21,61.95000076293945,62.95000076293945,59.56999969482422,62.59000015258789,13057400,68.36500053405761,73.18359970092773,67.64829999923705,63.90277309453787,68.00965518395161,-4.1068820894137374,-3.5130562138221086,-0.5938258755916288,26.167512372730016,68.36500053405761,82.66144906772672,54.06855200038851,0.4182388187519138,0.0,0.0,0.5262140571095528,9016925.0,1.4480989916185396,0
2025-11-24,61.86000061035156,62.720001220703125,61.18000030517578,62.01499938964844,7393600,67.45050048828125,72.9281997680664,67.5310000038147,63.58850040466305,67.55412521553679,-3.9656248108737344,-3.603569933232434,-0.3620548776413006,27.92422771278551,67.45050048828125,80.88688206702783,54.01411890953467,0.3984071721181963,-0.0014527869488216716,-0.0014538432669751109,0.5227001761167788,9128680.0,0.8099308991004176,1
2025-11-25,63.689998626708984,63.775001525878906,61.810001373291016,62.040000915527344,7223800,66.62600040435791,72.68639976501464,67.42520000457763,63.60411551574704,67.26789361636436,-3.6637781006173213,-3.6156115667094113,-0.048166533907910036,30.111825113888614,66.62600040435791,78.73126557513788,54.52073523357794,0.3633796144842032,0.02958289683642823,0.02915376569757741,0.5420567310920217,9292140.0,0.7774097247781458,1
2025-11-26,65.02999877929688,66.12999725341797,63.54999923706055,63.86000061035156,6770500,66.05200023651123,72.47279975891114,67.33740001678467,63.82348217167778,67.10212362843343,-3.2786414567556506,-3.5482175447186592,0.2695760879630087,37.53170179593798,66.05200023651123,77.23767782847113,54.866322644551325,0.33869307672462745,0.021039412489890497,0.02082114028851532,0.5368910944933908,9229195.0,0.7335959420079433,1
2025-11-28,66.80000305175781,67.4800033569336,65.5,65.7300033569336,3459900,65.69600048065186,72.26139976501464,67.25645004272461,64.28140846092087,67.07974432645746,-2.798335865536586,-3.3982412088822445,0.5999053433456583,53.38347187336513,65.69600048065186,76.26344273835468,55.12855822294904,0.32170732404981156,0.02721827319216308,0.02685444311792022,0.54096056617172,9087100.0,0.3807485336355933,0
2025-12-01,64.3499984741211,66.55999755859375,64.31999969482422,65.66000366210938,8119900,65.1165002822876,72.00779975891113,67.15675003051757,64.29196077064398,66.8775409299881,-2.5855801593441186,-3.2357089989746193,0.6501288396305007,44.18051464498687,65.1165002822876,74.52637422309,55.706626341485205,0.2890165749083412,-0.0366767135585071,-0.03736621589764276,0.5387231583230557,9124860.0,0.8898657075286635,0
2025-12-02,60.11000061035156,65.2750015258789,59.970001220703125,64.7300033569336,20737700,64.40700016021728,71.66179969787598,67.03730003356934,63.648582284445155,66.37624164705207,-2.7276593626069143,-3.134099071701079,0.4064397090941645,38.114752304295166,64.40700016021728,73.00629894922379,55.807701371210776,0.2670299429445589,-0.06588963425499816,-0.06816068312497227,0.5755627677600296,9895855.0,2.095594569645574,1
2025-12-03,61.11000061035156,62.900001525878906,60.290000915527344,61.040000915527344,13314700,63.83350009918213,71.35319969177246,66.92195003509522,63.25803125766153,65.98614971840759,-2.7281184607460602,-3.0529029495100755,0.3247844887640152,40.77593895760009,63.83350009918213,71.63021893290421,56.03678126546004,0.24428298061700618,0.016636166858194912,0.016499301689595652,0.5807298923826908,10312410.0,1.2911336923182846,1
2025-12-04,62.189998626708984,62.220001220703125,60.70000076293945,61.290000915527344,6966800,63.26049995422363,71.06719970703125,66.81345003128052,63.093718545207295,65.70495334124473,-2.6112347960374365,-2.9645693188155477,0.3533345227781113,49.759508969958475,63.26049995422363,69.56033671442778,56.960663194019496,0.1991712605737485,0.017673015964174033,0.017518664139037174,0.5823379144154733,10395210.0,0.6701932909484272,0
2025-12-05,61.11000061035156,62.369998931884766,60.72999954223633,61.2599983215332,6670900,62.769499969482425,70.81579971313477,66.70380002975463,62.78853117061411,65.36458647228967,-2.5760553016755665,-2.8868665153875517,0.31081121371198517,51.423409484202274,62.769499969482425,67.99090373957738,57.54809619938747,0.16636754387508323,-0.017366104521725934,-0.017518664139037052,0.5734191832541377,10166935.0,0.6561367806521828,0
2025-12-08,61.040000915527344,61.709999084472656,60.41999816894531,61.349998474121094,6154300,62.54900016784668,70.56319976806641,66.66725004196167,62.519526515985376,65.04424680141838,-2.5247202854330055,-2.8144372693966426,0.2897169839636371,55.2159181518875,62.54900016784668,67.66519163772745,57.4328086979659,0.16358987213710094,-0.0011454703669625532,-0.0011461269195656037,0.5094540973487,9404530.0,0.6543974021030291,1
2025-12-09,61.56999969482422,62.08000183105469,60.222999572753906,60.58000183105469,5118000,62.2875,70.28679977416992,66.64550004959106,62.373445466575966,64.7868951638929,-2.4134496973169277,-2.7342397549807,0.3207900576637721,59.879337420244255,62.2875,67.00818219077145,57.56681780922855,0.15157719255938826,0.008682810801892593,0.008645331991541392,0.5038429995034417,9259560.0,0.5527260474579786,1
2025-12-10,63.290000915527344,63.349998474121094,60.981998443603516,61.45000076293945,5491000,62.1564998626709,70.10719985961914,66.64775005340576,62.51445399718387,64.6760141084584,-2.1615601112745324,-2.6197038262394665,0.4581437149649341,53.739133088485055,62.1564998626709,66.59063174183876,57.722367983503034,0.1426763697751538,0.027935702927211814,0.02755261928625385,0.5144454695046381,9264240.0,0.5927091698833363,1
2025-12-11,63.61000061035156,64.11000061035156,62.66999816894531,63.119998931884766,5945400,62.048500061035156,69.9113998413086,66.63935005187989,62.6829996299789,64.59705014563568,-1.9140505156567755,-2.4785731641229285,0.564522648466153,54.73744236312651,62.048500061035156,66.20882070979376,57.888179412276564,0.13409899174568987,0.005056086114634706,0.0050433470331204735,0.5149660234577956,9304215.0,0.6390007109680935,1
2025-12-12,64.75,65.12000274658203,62.79999923706055,63.61000061035156,6642300,62.17100009918213,69.67019989013671,66.6417000579834,63.000999686905224,64.60837976447748,-1.6073800775722518,-2.304334546812793,0.6969544692405414,57.5026775454365,62.17100009918213,66.50322931567415,57.83877088269012,0.1393649518129275,0.017921700655712858,0.01776300029372024,0.4810486693756536,9207885.0,0.7213708685545052,0
2025-12-15,64.0199966430664,66.4000015258789,63.95000076293945,65.62999725341797,6711900,62.34799995422363,69.41159988403321,66.63530002593994,63.15776844939156,64.56479582955814,-1.407027380166575,-2.1248731134835497,0.7178457333169748,55.595843759512036,62.34799995422363,66.67859426829543,58.017405640151836,0.1389168639652066,-0.01127418311866557,-0.011338218473632783,0.46950524486807965,9084010.0,0.7388697282367589,1
2025-12-16,64.55000305175781,65.5,63.875,64.30000305175781,6213200,62.6310001373291,69.14699996948242,66.6441000366211,63.37195838821714,64.5637000682396,-1.19174168002246,-1.9382468267913318,0.7465051467688717,52.38889966186968,62.6310001373291,66.74441826907608,58.51758200558213,0.1313540618137219,0.008278763456461613,0.008244682464061565,0.4565006215367796,9040250.0,0.6872818782666409,0
2025-12-17,63.77000045776367,65.73999786376953,63.63999938964844,64.68000030517578,4947500,62.937500190734866,68.84200004577637,66.66580003738403,63.433195629685834,64.50490750450064,-1.0717118748148025,-1.764939836396026,0.6932279615812236,46.38762236714464,62.937500190734866,66.33655204190939,59.53844833956035,0.10801356396023175,-0.012083695695083274,-0.012157297064540978,0.45065274291990054,8911640.0,0.5551727852561369,1
2025-12-18,64.38999938964844,65.9000015258789,64.16000366210938,64.6500015258789,4593700,63.057000160217285,68.50760002136231,66.68215003967285,63.58039620814162,64.49639579228936,-0.9159995841477411,-1.595151785946369,0.679152201798628,42.602816458126874,63.057000160217285,66.48519967305691,59.62880064737765,0.10873335249469998,0.009722423199532537,0.00967546456557659,0.36755885206079,8153175.0,0.563424678116194,1
2025-12-19,65.33000183105469,65.7699966430664,64.55999755859375,64.58999633789062,10063100,63.226000213623045,68.19720008850098,66.70980005264282,63.8495663039744,64.55814438775346,-0.7085780837790594,-1.4178370455129072,0.7092589617338478,53.3153008524993,63.226000213623045,66.75615572214768,59.69584470509841,0.11166784223570127,0.014598578200287537,0.01449304480932436,0.3699736364675888,7779780.0,1.2934941605032533,0
2025-12-22,65.1500015258789,66.41000366210938,64.83999633789062,65.58000183105469,6322000,63.38600025177002,68.00680015563965,66.73555006027222,64.04963326119048,64.60198565724423,-0.5523523960537489,-1.2447401156210756,0.6923877195673267,73.50744754973513,63.38600025177002,66.96241705017293,59.80958345336711,0.11284563733939153,-0.002755247208491851,-0.002759049888570367,0.37039136746067786,7443010.0,0.8493875461674779,0
2025-12-23,64.94000244140625,65.18000030517578,63.91999816894531,64.38999938964844,5068200,63.54000034332275,67.80520027160645,66.78655006408691,64.18661313506982,64.62702393755252,-0.4404108024827025,-1.0838742529934011,0.6434634505106986,69.28498877488771,63.54000034332275,67.10497686605748,59.97502382058803,0.11221203976935017,-0.0032233166470340135,-0.0032285227223672343,0.37071322916487653,7326740.0,0.6917401190706918,1
2025-12-24,66.05000305175781,66.73999786376953,64.61000061035156,64.75,3017700,63.6580005645752,67.60260032653808,66.84035007476807,64.47328850686797,64.73242979786403,-0.2591412909960553,-0.918927660593932,0.6597863695978767,69.37751177058833,63.6580005645752,67.39591883417127,59.920082294979125,0.11743750153774614,0.01709270971083021,0.016948272902586915,0.3612284845658322,7116435.0,0.42404659074382045,1
2025-12-26,66.2699966430664,66.47000122070312,65.33999633789062,65.875,3118400,63.720000457763675,67.40540031433106,66.892200050354,64.7497051432062,64.84632363824939,-0.09661849504318809,-0.7544658274837833,0.6578473324405952,78.35160753750138,63.720000457763675,67.59245164344632,59.847549272081025,0.1215458618287197,0.003330712810659664,0.003325178272645595,0.3542986122950589,6933830.0,0.4497370140312064,0
2025-12-29,65.91999816894531,66.4000015258789,65.4749984741211,65.98999786376953,4216700,63.67600021362305,67.23300025939942,66.95160003662109,64.92975022408915,64.92585508496761,0.0038951391215391595,-0.6027936341627189,0.6066887732842581,76.01276499524992,63.67600021362305,67.41893109172285,59.93306933552324,0.11756174588676602,-0.005281401717978085,-0.005295397620436606,0.3411659381864869,6971670.0,0.6048335621163939,0
2025-12-30,65.54000091552734,65.98999786376953,65.44999694824219,65.83000183105469,2958800,63.73550033569336,67.03980033874512,66.99320003509521,65.02363494584887,64.97134736871277,0.05228757713609866,-0.4717773919029554,0.5240649690390541,71.50595762091925,63.73550033569336,67.56047903044308,59.91052164094364,0.12002663114288413,-0.005764521601534067,-0.005781200584639617,0.31419632645753787,6713615.0,0.4407163651773299,0
2025-12-31,65.08999633789062,65.9000015258789,65.03500366210938,65.5,3487500,63.984500122070315,66.81160026550293,67.02540000915528,65.03384439077837,64.98013618124446,0.05370820953390876,-0.36668027161558264,0.4203884811494914,61.30649437284704,63.984500122070315,67.44693272789199,60.52206751624864,0.1082272300077678,-0.006866105757561969,-0.006889785917602763,0.19421495520520238,5851105.0,0.5960412605824028,1
2026-01-02,65.1500015258789,65.72000122070312,62.52000045776367,65.72000122070312,6830100,64.18650016784667,66.56000022888183,67.05290000915528,65.05171471925537,64.99271879936553,0.05899591988983843,-0.2815450333144984,0.34054095320433686,59.99999009171112,64.18650016784667,67.40567474565236,60.96732559004098,0.10030690470387392,0.0009218803405177667,0.0009214556698136582,0.18864768123946302,5526875.0,1.2357978061743753,1
2026-01-05,68.44999694824219,69.30000305175781,64.9000015258789,65.09500122070312,8109900,64.49950008392334,66.41060020446777,67.08829999923707,65.57452736986873,65.2488134770601,0.3257138928086363,-0.1600932480898715,0.48580714089850774,68.76264632988514,64.49950008392334,68.09647720703072,60.90252296081596,0.11153503882750046,0.05065226930274824,0.04941118015883956,0.24877649056645282,5584030.0,1.452338185862182,1
2026-01-06,70.0,70.01000213623047,68.38999938964844,68.56999969482422,5470900,64.94400005340576,66.2394002532959,67.13329999923707,66.25536931296585,65.60075321950009,0.6546160934657621,0.0028486202212552325,0.6517674732445069,77.99624959817123,64.94400005340576,68.95114759387744,60.93685251293408,0.12340316386968644,0.022644311480829238,0.022391734898653832,0.24167244970587667,5524030.0,0.9903820218210256,1
2026-01-07,71.47000122070312,72.22000122070312,70.04499816894531,71.19400024414062,6117300,65.46550006866455,66.07800025939942,67.18510000228882,67.05762037569467,66.03551233070031,1.0221080449943543,0.20670050517587504,0.8154075398184792,79.77623293153178,65.46550006866455,70.01187134235137,60.91912879497774,0.13889365448727287,0.021000017438616014,0.02078255626246569,0.24463368554408488,5522180.0,1.1077690332441175,0
2026-01-08,70.16000366210938,71.55999755859375,69.5719985961914,71.05000305175781,5711900,65.8950002670288,65.87820030212403,67.22300001144409,67.53491011206617,66.34103020710099,1.1938799049651863,0.4041363851337373,0.789743519831449,76.29631443660679,65.8950002670288,70.5142760879169,61.27572444614072,0.14020110181862727,-0.018329334493061067,-0.018499398051356666,0.2618609725911392,5551875.0,1.0288235956321063,0
2026-01-09,69.55000305175781,70.87999725341797,68.37999725341797,70.58999633789062,3996500,66.20800037384033,65.66560035705567,67.2641000175476,67.84492441048027,66.5787318992978,1.2661925111824814,0.5765476103434861,0.6896449008389953,71.25207545936624,66.20800037384033,70.93124102468738,61.48475972299329,0.14267884920787494,-0.008694421016414489,-0.008732438012400097,0.2546035272018331,5477150.0,0.729667801685183,1
2026-01-12,70.26000213623047,71.22000122070312,68.93000030517578,70.01000213623047,5100100,66.54050045013427,65.54060035705567,67.32015003204346,68.21647482982645,66.85141858351503,1.3650562463114255,0.734249337537074,0.6308069087743515,70.69690154234252,66.54050045013427,71.42712559410967,61.65387530615888,0.14687671751544612,0.010208469494160655,0.010156714994259049,0.25531544441484283,5434885.0,0.9384007205304252,0
2026-01-13,67.26000213623047,70.17500305175781,66.6449966430664,70.17500305175781,7599700,66.6660005569458,65.40740043640136,67.37150003433227,68.06932518465784,66.88168403186432,1.1876411527935176,0.8249277005883627,0.36271345220515483,57.16225805282049,66.6660005569458,71.48749924167245,61.84450187221916,0.1446464057974542,-0.042698546951125294,-0.04363693916941802,0.3014613470600989,5482755.0,1.3861097203869224,0
2026-01-14,65.61000061035156,66.79000091552734,64.44000244140625,66.71499633789062,7194800,66.74550075531006,65.20080039978028,67.42290002822875,67.69096755784149,66.78748525990042,0.9034822979410677,0.8406386200589038,0.06284367788216394,52.07173235873351,66.74550075531006,71.43389468941767,62.05710682120245,0.14048569210066536,-0.024531690060564437,-0.024837605413401406,0.31271028198545475,5506900.0,1.306506382901451,0
2026-01-15,64.91999816894531,65.58100128173828,64.4000015258789,65.53500366210938,7183200,66.76400051116943,65.01320030212402,67.47585000991822,67.26466457493439,66.64915288279263,0.6155116921417516,0.7956132344754734,-0.18010154233372178,46.41268291170635,66.76400051116943,71.41871704827285,62.109283974066,0.13943791568705366,-0.01051672664208736,-0.01057241821790336,0.3143483393277263,5555400.0,1.2930122043417216,1
2026-01-16,65.94999694824219,66.05000305175781,64.4000015258789,65.18000030517578,5539300,66.87300033569336,64.88060020446777,67.52854999542237,67.06240801698173,66.59736355430742,0.46504446267431376,0.7294994801152416,-0.2644550174409278,49.03381764923501,66.87300033569336,71.3304312676957,62.41556940369102,0.13331033181184163,0.01586566248225152,0.015741118447907484,0.31519735431412277,5584990.0,0.9918191438122539,0
2026-01-20,62.630001068115234,64.56999969482422,62.47999954223633,63.68000030517578,7509300,66.7850004196167,64.6602001953125,67.55239999771118,66.38049925561765,66.30348485162652,0.07701440399112869,0.599002464890419,-0.5219880608992903,41.57706947299174,66.7850004196167,71.5102773387419,62.05972350049149,0.1415071315246187,-0.050341107411005614,-0.05165241929781987,0.3637204457513395,5730770.0,1.3103474751211444,1
2026-01-21,64.0,65.4000015258789,62.849998474121094,62.89500045776367,8105400,66.71850032806397,64.52160018920898,67.60254999160766,66.01426860090724,66.13285634409863,-0.11858774319138377,0.45548442327405847,-0.5740721664654422,46.24756190330302,66.71850032806397,71.56585251950774,61.871148136620185,0.1453075883782965,0.021874483610414996,0.021638669767979776,0.36877649208610414,5632885.0,1.438942921788746,1
2026-01-22,65.05000305175781,65.677001953125,63.97999954223633,63.97999954223633,6016400,66.71350040435792,64.51360031127929,67.6765000152588,65.86592005488426,66.05264498911042,-0.186724934226163,0.3270425517740142,-0.5137674860001772,49.90531893718791,66.71350040435792,71.56786588853473,61.8591349201811,0.14552872970999772,0.01640629768371582,0.0162731685128738,0.37364904439106406,5617605.0,1.0709902173613133,1
2026-01-23,66.83000183105469,67.79000091552734,65.0,65.02999877929688,6443900,66.80800037384033,64.51420028686523,67.75830001831055,66.01424032814124,66.11022697740259,-0.09598664926134859,0.24243671156694166,-0.3384233608282903,53.67775957649504,66.80800037384033,71.59004525420224,62.02595549347843,0.1431578509640407,0.027363546437970232,0.02699585704912633,0.3855311163689097,5686390.0,1.1332145702282115,0
2026-01-26,65.9000015258789,67.33000183105469,65.76000213623047,66.8499984741211,5137000,66.80050029754639,64.51400024414062,67.84240001678467,65.9966651277932,66.09465472173417,-0.09798959394098006,0.17435145046535733,-0.2723410444063374,43.77138429336232,66.80050029754639,71.58801816502451,62.01298243006828,0.14333778478164969,-0.013915910215397065,-0.014013644258750716,0.3848405230438978,5792355.0,0.8868586265862504,0
2026-01-27,64.58999633789062,66.5,63.86000061035156,66.37000274658203,4546800,66.7165002822876,64.49040023803711,67.8853999900818,65.78025454473126,65.98319854515317,-0.2029440004219083,0.0988923602879042,-0.3018363607098125,36.62876232233753,66.7165002822876,71.60117725595737,61.83182330861782,0.1464308515285414,-0.01987868221025524,-0.020078921316317774,0.391077233360738,5863775.0,0.7754049225967913,0
2026-01-28,64.22000122070312,65.91999816894531,64.0199966430664,65.0,4927500,66.63150043487549,64.52880027770996,67.94194999694824,65.54021557180386,65.85259133593465,-0.3123757641307918,0.016638735404164995,-0.3290144995349568,31.05070297721909,66.63150043487549,71.63231975444084,61.63068111531013,0.1501037583403385,-0.005728365662879709,-0.005744835677089849,0.3911454352223159,5899315.0,0.8352664673779922,0
2026-01-29,62.209999084472656,64.7300033569336,61.619998931884766,64.3499984741211,6381100,66.46500034332276,64.56340026855469,67.98329999923706,65.02787457375291,65.58276968767821,-0.5548951139252978,-0.09766803446172756,-0.4572270794635702,29.954604529620752,66.46500034332276,71.82749737066273,61.10250331598278,0.16136303316452788,-0.03129869352264181,-0.03179896385930833,0.4054946268594979,6070430.0,1.0511775936795251,0
2026-01-30,60.43000030517578,61.79100036621094,60.0099983215332,61.529998779296875,7234200,66.23200054168701,64.59420028686523,68.01215000152588,64.32050930166412,65.2010830667521,-0.8805737650879877,-0.2542491805869796,-0.6263245845010081,28.285707746233257,66.23200054168701,72.2150923237241,60.248908759649936,0.18067072512089583,-0.028612744020135472,-0.02903006838666727,0.41595984746732717,6257765.0,1.1560357411951392,0
2026-02-02,60.400001525878906,60.78499984741211,59.08000183105469,59.400001525878906,8220800,65.99450054168702,64.64940032958984,68.03875,63.71735425923563,64.8454473970578,-1.1280931378221695,-0.4290179720340176,-0.6990751657881519,25.738187110152765,65.99450054168702,72.51169973335641,59.477301350017626,0.19750734192018454,-0.0004964219616975241,-0.0004965452198732835,0.41579571472603616,6327300.0,1.2992587675627836,0
2026-02-03,56.790000915527344,58.43000030517578,55.849998474121094,58.31999969482422,10360100,65.41150074005127,64.54520034790039,68.05395000457764,62.651607590972816,64.24874765768517,-1.597140066712356,-0.6626423909696852,-0.9344976757426708,24.98805287137526,65.41150074005127,73.00161245942506,57.82138902067747,0.23207269772137767,-0.0597682205157698,-0.0616288601930463,0.40992886685674573,6439810.0,1.6087586435003518,1
2026-02-04,57.43000030517578,57.869998931884766,55.07099914550781,56.380001068115234,8467000,64.78300075531006,64.45480033874512,68.07159999847413,61.848283393157885,63.743655261202996,-1.8953718680451104,-0.9091882863847703,-0.98618358166034,29.46786883261828,64.78300075531006,72.84063929799555,56.72536221262456,0.24875780524955188,0.011269578787301171,0.011206550179460708,0.4001652377341071,6589615.0,1.2849005594408778,0
2026-02-05,53.380001068115234,57.31999969482422,53.349998474121094,56.27000045776367,10267300,63.87850074768066,64.28340034484863,68.07655000686646,60.54547072776671,62.97597717282613,-2.4305064450594145,-1.2134519181196992,-1.2170545269397153,25.214777498066027,63.87850074768066,72.79148750052366,54.965513994837664,0.27906061189661263,-0.07052062015565663,-0.07313065620404899,0.43763595274781963,6797115.0,1.5105379267527472,1
2026-02-06,55.970001220703125,56.41999816894531,54.810001373291016,55.04999923706055,8982900,63.16900062561035,64.16560035705567,68.08475000381469,59.84155234206462,62.45701599118739,-2.6154636491227734,-1.493854264320314,-1.1216093848024593,29.9114388106497,63.16900062561035,72.23444233409941,54.10355891712128,0.2870218499171158,0.04852004684831179,0.04737969072719178,0.49026861706982755,6960665.0,1.2905232474196071,1
2026-02-09,56.779998779296875,57.5099983215332,55.540000915527344,56.04999923706055,7350200,62.530500411987305,64.02740036010742,68.09034999847412,59.370544101638814,62.036496197714015,-2.665952096075202,-1.728273830671292,-0.93767826540391,36.9010237158708,62.530500411987305,71.50196524199526,53.55903558197935,0.2869468426095658,0.01447199465656146,0.014368274832780794,0.49840133896359295,7128350.0,1.0311222092068992,1
2026-02-10,57.29999923706055,58.529998779296875,56.97999954223633,57.15999984741211,6007200,61.88250026702881,63.8728003692627,68.08934999465943,59.051998737857545,61.685644570998946,-2.6336458331414008,-1.9093482311653136,-0.7242976019760872,34.40409472596781,61.88250026702881,70.361936352547,53.40306418151062,0.2740495632506323,0.009158162538623893,0.009116480859866355,0.49786088276174384,7173705.0,0.8373915570824281,0
2026-02-11,53.810001373291016,57.459999084472656,53.369998931884766,57.459999084472656,9787300,61.21000022888184,63.61300033569336,68.06795000076293,58.245537604847314,61.10226359339095,-2.856725988543637,-2.0988237826409786,-0.7579022059026586,26.50500766846828,61.21000022888184,70.0206583507826,52.39934210698108,0.28788296320716117,-0.06090746789246493,-0.06284126138342955,0.5176842768100616,7283085.0,1.343839870055066,0
2026-02-12,49.09000015258789,53.400001525878906,48.209999084472656,53.060001373291016,17158100,60.38400020599365,63.307800369262694,68.02180000305175,56.836993381422786,60.212466301479616,-3.375472920056829,-2.3541536101241487,-1.0213193099326805,16.976910285155043,60.38400020599365,70.46389615685635,50.304104255130945,0.3338598276522324,-0.08771605835799012,-0.091803997844149,0.5845377240766458,7781250.0,2.2050570281124497,1
2026-02-13,49.79999923706055,50.40999984741211,48.88999938964844,49.685001373291016,10012000,59.628000259399414,63.101600341796875,67.9729999923706,55.75437889767475,59.44117244485599,-3.6867935471812388,-2.620681597535567,-1.0661119496456717,19.78227296712329,59.628000259399414,70.51145478945034,48.74454572934849,0.36504509568339316,0.014463212105637613,0.01435961753224736,0.5930274770898386,7922690.0,1.2637121987607745,1
2026-02-17,50.810001373291016,51.34000015258789,49.58000183105469,50.215999603271484,9297000,58.87100048065186,62.89560035705566,67.93469999313355,54.99370543238494,58.80182643955487,-3.8081210071699303,-2.85816947946244,-0.9499515277074901,23.842067433265598,58.87100048065186,70.0061889514668,47.73581200983692,0.37829112397960873,0.020281167704895076,0.02007824392306968,0.596027190685701,8110575.0,1.1462812439315337,1
2026-02-18,53.599998474121094,54.22999954223633,51.619998931884766,52.0099983215332,8434300,58.41950035095215,62.723800354003906,67.91029998779297,54.77928897726743,58.41650584952274,-3.6372168722553155,-3.0139789580210152,-0.6232379142343003,31.53684844401174,58.41950035095215,69.6448507520158,47.1941499498885,0.384301486100632,0.05491039215552318,0.053455826975258504,0.6233251639739693,8156825.0,1.0340175252012884,0
2026-02-19,52.88999938964844,53.41999816894531,52.20000076293945,53.029998779296875,7740900,57.86400032043457,62.55940032958984,67.94209999084472,54.488629040710656,58.00713500064316,-3.5185059599325044,-3.1148843584033132,-0.40362160152919113,33.029856891851495,57.86400032043457,69.0259859398349,46.702014701034244,0.38580068981018895,-0.013246251953075272,-0.013334766070995607,0.6141416680590192,8138600.0,0.9511341016882511,1
2026-02-20,53.220001220703125,54.6349983215332,52.130001068115234,52.56999969482422,7318300,57.27250022888184,62.403000335693356,67.975,54.29345552994027,57.65253249842538,-3.3590769684851125,-3.1637228804196735,-0.19535408806543897,36.139945007336074,57.27250022888184,68.07925035445916,46.465750103304515,0.37738007184563627,0.0062393994112859286,0.006220014948597097,0.6096594809721129,8203695.0,0.8920736326740573,0
2026-02-23,50.75,52.52000045776367,50.0099983215332,52.04999923706055,13712900,56.4685001373291,62.186600341796876,67.99229999542236,53.74830852533407,57.141233794838314,-3.3929252695042464,-3.209563358236588,-0.18336191126765833,33.040417291722875,56.4685001373291,66.65622886235654,46.28077141230167,0.36082873461314874,-0.04641114551012582,-0.04752267056457073,0.6071003378420532,8567145.0,1.6006382522999203,1
2026-02-24,51.0,51.77000045776367,49.33000183105469,50.400001525878906,9921200,55.72350006103515,61.94080032348633,68.00754999160766,53.32549182912883,56.68632758781325,-3.3608357586844235,-3.2398178383261556,-0.12101792035826797,38.46153495290999,55.72350006103515,65.15862370975222,46.28837641231808,0.3386407400246781,0.0049261083743843415,0.004914014802429163,0.6103818363561845,8806355.0,1.1265955097199694,1
2026-02-25,51.939998626708984,52.060001373291016,50.599998474121094,51.654998779296875,7971000,55.091000175476076,61.70740028381348,68.01669998168946,53.112339028756544,56.33474766476849,-3.2224086360119486,-3.236335997863314,0.01392736185136556,39.188651761950226,55.091000175476076,63.681710047960074,46.50029030299208,0.31187344013072316,0.018431345621744866,0.018263547070326094,0.6189260737395539,8977565.0,0.8878799540855454,1
2026-02-26,54.529998779296875,54.80500030517578,51.79899978637695,51.84000015258789,18400400,54.60650005340576,61.503000259399414,68.03754997253418,53.330440528839674,56.20106256214097,-2.870622033301295,-3.1631932049509106,0.29257117164961555,52.40283719147057,54.60650005340576,62.04512841670685,47.16787169010467,0.27244479525426574,0.049865233366718664,0.04866180675741819,0.6545693414246592,9651210.0,1.9065381439218503,1
2026-02-27,63.70000076293945,66.12000274658203,61.20000076293945,63.09000015258789,40658100,54.6810001373291,61.49660034179688,68.08094997406006,54.925757487931946,56.75653946590382,-1.8307819779718741,-2.8967109595551035,1.0659289815832294,62.66797765895105,54.6810001373291,62.46222198758092,46.89977828707728,0.2846042256253396,0.1681643533636774,0.15543358800311907,0.8960454856088694,11365060.0,3.5774646152330036,1
2026-03-02,64.44999694824219,64.97000122070312,59.65399932861328,60.0099983215332,19625600,54.88199996948242,61.494600219726564,68.11234996795655,56.391025097210445,57.32642520533629,-0.9354001081258474,-2.5044487892692526,1.5690486811434052,62.59441533275438,54.88199996948242,63.45582170721761,46.308178231747235,0.31244567408267665,0.011773880318994845,0.011705107479225485,0.8887946289234369,11984630.0,1.6375641133685395,0
2026-03-03,62.900001525878906,64.7699966430664,61.32500076293945,63.22999954223633,9733400,55.00699996948242,61.477200241088866,68.13434997558593,57.39240608623636,57.73928271056167,-0.3468766243253043,-2.0729343562804634,1.726057731955159,58.894542133814724,55.00699996948242,63.98301478015446,46.03098515881038,0.32635900215070385,-0.024049581004759957,-0.02434349406921396,0.8945243986438551,12060260.0,0.8070638609781216,1
2026-03-04,65.23999786376953,65.7249984741211,62.7400016784668,63.25,10400900,55.429499816894534,61.494200210571286,68.17549997329712,58.599727898164545,58.29489124042891,0.30483665773563473,-1.597380153477244,1.9022168112128788,68.8427301569334,55.429499816894534,65.48897589455947,45.370023739229595,0.36296470691221644,0.037201848666535975,0.03652655704342942,0.8694426373705813,12062300.0,0.8622650738250582,1
2026-03-05,67.37999725341797,67.51000213623047,64.5999984741211,64.72000122070312,11851400,55.92699966430664,61.535200119018555,68.22409996032715,59.95053856820353,58.96786205620588,0.9826765119976457,-1.0813688203822662,2.064045332379912,82.9549633218425,55.92699966430664,67.30129473659478,44.5527045920185,0.4067550607241807,0.03280195370510386,0.032275452207205055,0.8737533825185503,12231520.0,0.968922913914215,0
2026-03-06,66.33000183105469,67.73999786376953,65.18000030517578,66.26000213623047,11047700,56.574499702453615,61.55880012512207,68.26409996032714,60.93199445479601,59.513205743231715,1.4187887115642965,-0.5813373139929537,2.0001260255572504,79.42330274738475,56.574499702453615,68.78217132927026,44.366828075636974,0.43156092200625146,-0.015583191824930176,-0.01570588607314407,0.8276351178906809,12270540.0,0.9003434241687814,0
2026-03-09,65.54000091552734,66.08499908447266,63.263999938964844,65.08499908447266,7511200,57.05299968719483,61.57080009460449,68.30509996414185,61.640918525677755,59.95963501525362,1.6812835104241373,-0.1288131491095355,1.8100966595336727,76.42627946075177,57.05299968719483,69.89466681935826,44.21133255503139,0.4501662385000123,-0.011910159712335111,-0.011981653903036453,0.8201923680584222,12196955.0,0.6158258352187083,1
2026-03-10,65.5999984741211,66.7979965209961,64.8270034790039,66.0,5908800,57.49399967193604,61.56180000305176,68.3558999633789,62.25000774851519,60.37743971591047,1.8725680326047183,0.27146308723331525,1.601104945371403,73.86636351386949,57.49399967193604,70.89000857498567,44.0979907688864,0.46599676416627855,0.0009154342043888875,0.0009150154500394883,0.8204358048478991,12124885.0,0.48732833342336856,0
2026-03-11,64.62999725341797,67.25,63.40999984741211,65.94999694824219,9050400,57.86049957275391,61.52900001525879,68.38729995727539,62.61615998003869,60.692443977948066,1.9237160020906217,0.6019136702047766,1.321802331885845,73.11024451021213,57.86049957275391,71.63003414263886,44.09096500286895,0.4759562973551971,-0.014786604318074548,-0.01489701591190494,0.8245599699023015,12277045.0,0.7371806489265128,0
2026-03-12,59.900001525878906,65.06999969482422,59.744998931884766,63.70000076293945,8599800,58.1649995803833,61.40860008239746,68.39309995651246,62.19828944862949,60.63374453705405,1.5645449115754388,0.794439918478909,0.7701049930965298,61.2080616639823,58.1649995803833,71.82630889767937,44.503690263087236,0.46974329634151574,-0.07318576401902777,-0.07600212618261416,0.8390490750888651,12217670.0,0.7038821641114877,0
2026-03-13,59.790000915527344,61.45000076293945,59.66999816894531,60.650001525878906,7134200,58.69999961853027,61.29360008239746,68.3812999534607,61.827783520459924,60.57124500953355,1.2565385109263758,0.8868596369684025,0.3696788739579733,66.47231714949592,58.69999961853027,71.68630440599873,45.71369483106181,0.44246353907535546,-0.0018364041327116887,-0.0018380923899793706,0.7628564791999302,11716475.0,0.6089032750891373,1
2026-03-16,59.849998474121094,60.779998779296875,59.33100128173828,60.560001373291016,6082700,59.202499580383304,61.18880012512207,68.37149993896485,61.52350889794626,60.51781934024373,1.0056895577025244,0.9106256211152269,0.0950639365872975,66.23854294960759,59.202499580383304,71.4981718913725,46.90682726939412,0.415376796525103,0.0010034714446403026,0.0010029683037337549,0.7635297724429545,11520010.0,0.5280116944342931,0
2026-03-17,59.790000915527344,61.35499954223633,59.724998474121094,60.369998931884766,5615600,59.651499557495114,61.08160011291504,68.35964994430542,61.2568153621895,60.46390686433881,0.7929084978506893,0.8870821964623194,-0.09417369861163016,64.88435612495263,59.651499557495114,71.29534600620279,48.00765310878744,0.390395766580344,-0.001002465499137739,-0.0010029683037338132,0.7635681598288082,11335940.0,0.49538018020561153,0
2026-03-18,57.84000015258789,61.540000915527344,57.154998779296875,59.720001220703125,9834800,59.86349964141846,60.86940017700195,68.34009994506836,60.731151483789255,60.26954340420911,0.46160807958014516,0.8019873730858846,-0.3403792935057395,56.43218883910191,59.86349964141846,71.19359923307785,48.53340004975907,0.3785311470103329,-0.03261416178424981,-0.03315785771658285,0.7572707502590935,11405965.0,0.8622505855488772,1
2026-03-19,58.9900016784668,59.387001037597656,57.119998931884766,57.2400016784668,6387300,60.16849975585937,60.64920021057129,68.32624996185302,60.46328228297041,60.1747625356356,0.28851974733481,0.6992938479356697,-0.4107741006008597,36.70241271848917,60.16849975585937,71.02678096257009,49.31021854914865,0.3609290991388998,0.019882460630101795,0.019687385979783492,0.7559088984508153,11338285.0,0.5633391646091097,1
2026-03-20,59.369998931884766,60.43000030517578,58.09000015258789,58.560001373291016,10018000,60.475999641418454,60.40720016479492,68.30554996490478,60.295084844341844,60.11515041683924,0.17993442750260158,0.5954219638490561,-0.4154875363464545,35.35177428754275,60.475999641418454,70.84295761993415,50.109041662902754,0.3428453614651997,0.006441723048071779,0.006421063823363835,0.7559083453751596,11473270.0,0.8731599622426737,1
2026-03-23,61.16999816894531,62.209999084472656,60.150001525878906,60.959999084472656,6577000,60.99699954986572,60.22740005493164,68.29209995269775,60.42968689428084,60.19328728736562,0.23639960691522077,0.5236174924622891,-0.2872178855470683,45.08241836886059,60.99699954986572,70.29848082464144,51.69551827508999,0.3049816005186178,0.030318330292134377,0.029867813028845693,0.7334052248316348,11116475.0,0.5916443836737815,0
2026-03-24,59.88999938964844,60.689998626708984,58.86000061035156,60.060001373291016,4684000,61.44149951934814,60.034199981689454,68.27354995727539,60.346658047414316,60.17082151716435,0.17583653024996693,0.4540613000198247,-0.27822476976985777,33.81729035759879,61.44149951934814,69.4977782207687,53.38522081792759,0.2622422552979392,-0.02092527084538487,-0.021147307235444328,0.741629834412738,10854615.0,0.43152152333362354,1
2026-03-25,60.0099983215332,62.130001068115234,59.29999923706055,61.209999084472656,4585500,61.84499950408936,59.829199905395505,68.2486499595642,60.294864243432606,60.15890868785834,0.1359555555742631,0.3904401511307124,-0.2544845955564493,24.60369560730919,61.84499950408936,68.60099734863839,55.08900165954032,0.21848162013817488,0.002003655587037967,0.0020016509464751133,0.7411646575877315,10685340.0,0.42913936290281823,0
2026-03-26,59.369998931884766,61.400001525878906,59.11000061035156,59.334999084472656,5610300,62.08699951171875,59.67139984130859,68.21629997253417,60.15257727242525,60.1004709281566,0.05210634426865113,0.32277338975830017,-0.27066704548964904,25.3191159525646,62.08699951171875,68.0385896541882,56.13540936924931,0.19171775699504046,-0.010664879312599296,-0.01072215673987645,0.7270688778210062,10045835.0,0.5584702516017832,0
2026-03-27,55.97999954223633,58.525001525878906,55.86000061035156,58.33000183105469,5513700,61.7009994506836,59.47879981994629,68.17379995346069,59.51064223701157,59.795250825495835,-0.28460858848426795,0.20129699410978655,-0.4859055825940545,21.377216552328434,61.7009994506836,68.18929700473632,55.212701896630875,0.2103141800559873,-0.05709953597165773,-0.058794554381723936,0.4406873097648136,8288615.0,0.6652136695937741,1
2026-03-30,57.029998779296875,58.10900115966797,56.31999969482422,56.31999969482422,5246400,61.32999954223633,59.32099983215332,68.1386499595642,59.12900478197854,59.59041734059221,-0.4614125586136737,0.0687550835650945,-0.5301676421787682,25.7772586086286,61.32999954223633,68.00239303453463,54.65760604993802,0.21758987582262118,0.01875668534559982,0.01858294785383287,0.4451113103539093,7569655.0,0.6930831061653404,1
2026-03-31,60.18000030517578,60.56999969482422,57.79999923706055,58.224998474121094,7405300,61.193999481201175,59.20559989929199,68.12029996871948,59.29069640093196,59.634090152783585,-0.3433937518516288,-0.013674683518250172,-0.3297190683333786,38.80221502158463,61.193999481201175,67.84249179206029,54.545507170342056,0.21729229555919238,0.0552341152604483,0.05376265250908055,0.48864133141111943,7453250.0,0.993566564921343,0
2026-04-01,59.540000915527344,61.42499923706055,59.45000076293945,61.16999816894531,5493500,60.908999633789065,59.14379989624023,68.110149974823,59.32905094163894,59.62712057965349,-0.2980696380145531,-0.07055367441751076,-0.22751596359704235,48.85931301566734,60.908999633789065,67.3113470259798,54.506652241598324,0.21022664731597582,-0.010634752183498963,-0.010691705308641877,0.4670901670320881,7207880.0,0.7621519781128432,1
2026-04-02,59.779998779296875,60.02000045776367,56.75,58.0,6546700,60.528999710083006,59.05939987182617,68.08494997024536,59.398427532047855,59.638444890738185,-0.2400173586903307,-0.10444641127207475,-0.13557094741825593,49.96856648799197,60.528999710083006,66.17123856237069,54.88676085779533,0.1864309299447348,0.004030867653328274,0.0040227654715593855,0.44766748079528285,6942645.0,0.9429691421641175,1
2026-04-06,60.68000030517578,61.7400016784668,59.8849983215332,59.91999816894531,3251400,60.246499633789064,58.97199981689453,68.07174997329712,59.59559257406754,59.71559714365949,-0.1200045695919485,-0.10755804293604951,-0.012446526655898987,52.47761853465455,60.246499633789064,65.18806621310989,55.304933054468236,0.16404493570110637,0.015055228241165342,0.014943023073729621,0.451781374190964,6552830.0,0.49618256539540934,0
2026-04-07,59.970001220703125,60.93000030517578,59.43000030517578,60.369998931884766,3629400,59.967999649047854,58.8347998046875,68.05614997863769,59.65319390431917,59.73444189010716,-0.08124798578799641,-0.1022960315064389,0.021048045718442487,50.51724243768888,59.967999649047854,64.23524779343656,55.70075150465916,0.14231750831650267,-0.011700709968719192,-0.011769701973948256,0.4517336575105285,6358740.0,0.5707734551184669,1
2026-04-08,62.83000183105469,65.4000015258789,62.380001068115234,63.63999938964844,7033100,59.82949981689453,58.77339981079101,68.05234998703003,60.1419335853554,59.963742626473646,0.17819095888175696,-0.04619863342879973,0.2243895923105567,63.62644288212873,59.82949981689453,63.4592796739731,56.199719959815965,0.12133746289664275,0.04769052112949135,0.04658823802220734,0.48762694493502867,6414955.0,1.0963599900544898,0
2026-04-09,62.689998626708984,62.93000030517578,59.650001525878906,62.66999816894531,5932400,59.73249988555908,58.73539985656738,68.04769998550415,60.533943591717495,60.16568751537997,0.36825607633752355,0.03669230852446494,0.33156376781305863,60.69363562795887,59.73249988555908,62.89584859991241,56.569151171205746,0.10591717140297031,-0.0022282858549353968,-0.0022307721780401154,0.4851889026806668,6259055.0,0.9478108116960148,0
2026-04-10,62.20000076293945,63.0,60.85499954223633,62.86000061035156,6041100,59.84749984741211,58.694999847412106,68.03200000762939,60.7902600795978,60.31637738556956,0.4738826940282408,0.12413038562522012,0.3497523084030207,58.12752003428627,59.84749984741211,63.19816939956504,56.49683029525918,0.11197358488477667,-0.007816204729677034,-0.007846911368773772,0.4052247943901557,6131120.0,0.9853175276295358,1
2026-04-13,64.22000122070312,64.30999755859375,60.6349983215332,61.09000015258789,5213700,60.0689998626709,58.73519989013672,68.02905002593994,61.317912562844775,60.60553470669056,0.7123778561542125,0.2417798797310186,0.47059797642319384,58.65003836335397,60.0689998626709,63.94775176783892,56.190247957502876,0.12914321576971763,0.03247589120557137,0.03195969565847232,0.4187749925324409,6035095.0,0.8638969229150494,1
2026-04-14,66.1500015258789,66.41999816894531,64.58999633789062,64.80000305175781,5908100,60.38400001525879,58.84959991455078,68.03425003051758,62.06131086485003,61.01623595255637,1.0450749122936571,0.4024388862435463,0.6426360260501108,67.1225452797083,60.38400001525879,65.11705333756238,55.650946692955195,0.15676514709550776,0.030052947189194157,0.02961020595840329,0.42867857968803497,6026365.0,0.9803754004279528,1
2026-04-15,67.97000122070312,68.33000183105469,66.0999984741211,67.0,4612300,60.793000030517575,59.00099990844726,68.040950050354,62.970340150365885,61.5313296761228,1.4390104742430836,0.6097532038434538,0.8292572703996298,69.91992763148725,60.793000030517575,66.60147803444085,54.9845220265943,0.19109035583068662,0.027513222265190818,0.027141535690069604,0.4349668368471408,5976200.0,0.7717780529433419,1
2026-04-16,68.66999816894531,69.16999816894531,67.33999633789062,68.45999908447266,3514900,61.33449993133545,59.23859985351562,68.04465003967285,63.84721061476272,62.06011993485039,1.7870906799123318,0.8452206990572295,0.9418699808551023,73.20359426767415,61.33449993133545,67.94740482645982,54.721595036211085,0.21563410160766208,0.010298616090490542,0.010245946650047693,0.40932416355917184,5660205.0,0.6209845756469952,1
2026-04-17,71.26000213623047,72.18000030517578,69.9000015258789,70.04000091552734,6778800,61.94799995422363,59.51519989013672,68.05960006713867,64.98764007960392,62.74159269050818,2.246047389095743,1.1253860370649322,1.1206613520308109,89.7089429859441,61.94799995422363,69.8047597573861,54.091240151061164,0.25365660905818443,0.03771667447715821,0.03702279418763008,0.4203964331665905,5679780.0,1.193496931219167,1
2026-04-20,73.88999938964844,73.93499755859375,71.04000091552734,71.04000091552734,5784300,62.67399997711182,59.92539985656738,68.0829500579834,66.35723381961077,63.5674005941482,2.789833225462573,1.4582754747444604,1.3315577507181124,90.48991560394427,62.67399997711182,72.06195356782558,53.28604638639806,0.29958048294802264,0.03690706110827935,0.03624230238461929,0.4309208574872078,5468095.0,1.0578272689117507,0
2026-04-21,71.75,75.2300033569336,71.5999984741211,74.0999984741211,6367900,63.20300006866455,60.24099983215332,68.09555004119873,67.18689015505527,64.17351906865574,3.0133710863995304,1.7692945970754743,1.2440764893240561,79.2024258473597,63.20300006866455,73.39226044150053,53.013739695828576,0.3224296429525887,-0.028961962475645087,-0.029389637900552826,0.44737277879787163,5457640.0,1.1667863765290492,1
2026-04-22,72.5,73.43000030517578,71.88999938964844,72.54000091552734,3471900,63.83350009918213,60.555399856567384,68.11100002288818,68.00429166966215,64.7902954339405,3.213996235721652,2.05823492480471,1.155761310916942,82.53012117409958,63.83350009918213,74.6978067614428,52.96919343692146,0.3403951419044895,0.010452961672473782,0.010398707220898517,0.4337646222562961,5397035.0,0.6432976625128427,0
2026-04-23,69.93000030517578,71.62999725341797,68.51000213623047,71.5,3751600,64.32950019836426,60.80799987792969,68.1214500427246,68.30055453666425,65.17101431329127,3.1295402233729845,2.2724959845183648,0.8570442388546198,72.80899219298631,64.32950019836426,75.36327927512875,53.295721121599776,0.3430394777743057,-0.03544827165274789,-0.03609181578083565,0.4623024608363899,5355340.0,0.7005344198500936,1
2026-04-24,71.62999725341797,72.11499786376953,69.62000274658203,70.33999633789062,3925700,64.94250011444092,61.164399795532226,68.13455001831055,68.8127764930879,65.64945749404139,3.16331899904651,2.450660587423994,0.7126584116225159,73.7527095940731,64.94250011444092,76.1765700981247,53.70843013075714,0.345969741352342,0.024309980563754774,0.024019196202547347,0.46015688537119387,5271110.0,0.7447577455222903,0
2026-04-27,71.27999877929688,72.37999725341797,70.37999725341797,70.87000274658203,3991200,65.70750007629394,61.608199768066406,68.14715000152587,69.19234915250466,66.06653462628253,3.125814526222129,2.585691375183621,0.5401231510385083,74.92287383117078,65.70750007629394,76.4445832230779,54.97041692950998,0.3268145381978305,-0.004886199742306863,-0.004898176245251786,0.39165711344429255,5194985.0,0.7682794079289931,0
2026-04-28,69.54000091552734,71.68000030517578,69.5,71.2300033569336,4507400,66.33300018310547,62.002999801635745,68.16915000915527,69.24583403912354,66.32382842548586,2.9220056136376797,2.6529542228744325,0.26905139076324724,65.55401379870418,66.33300018310547,76.37677343224301,56.28922693396792,0.3028288550619673,-0.02441074485925654,-0.024713626291895732,0.41187675659465484,5158035.0,0.8738599098300031,0
2026-04-29,69.45999908447266,69.97000122070312,67.80000305175781,69.4000015258789,4924800,66.79700012207032,62.375999755859375,68.17305000305176,69.27878250763878,66.55613736318858,2.7226451444501976,2.6668924071895854,0.05575273726061214,65.73687444745833,66.79700012207032,76.49540320162923,57.0985970425114,0.2903843903718807,-0.0011504433419819993,-0.0011511056099067635,0.3774489330100321,5034010.0,0.9783055655431753,1
2026-04-30,70.51000213623047,70.6500015258789,68.27999877929688,69.83000183105469,4106200,67.34550018310547,62.71419982910156,68.19555000305176,69.4682009120375,66.84901623526576,2.619184676771738,2.657350861106016,-0.038166184334277986,68.82646788523826,67.34550018310547,76.54373406425857,58.147266301952364,0.27316550790012856,0.015116658013209383,0.015003539892506109,0.37210292515641363,4964645.0,0.8270883416639054,1
2026-05-01,71.80999755859375,72.55000305175781,71.11000061035156,71.44000244140625,3808600,67.9470001220703,63.09259979248047,68.20944999694824,69.8284773192,67.21649633329005,2.611980985909952,2.648276886066803,-0.036295900156851246,67.77517468998201,67.9470001220703,76.6205477823518,59.273452461788814,0.25530332890926805,0.018437035640015864,0.018269134096295332,0.37319142549874046,4827740.0,0.7888991536412483,1
2026-05-04,71.9000015258789,73.45999908447266,71.5,71.91999816894531,4792200,68.50800018310547,63.466199798583986,68.21529998779297,70.14717335099675,67.56342264385219,2.58375070714456,2.6353716502823548,-0.05162094313779475,64.73603695271495,68.50800018310547,76.63679306574721,60.37920730046372,0.23730930288186583,0.0012533626283961485,0.001252577825150611,0.3736678325515354,4904780.0,0.9770468807979155,0
2026-05-05,71.25,72.47000122070312,69.93000030517578,70.6500015258789,4962900,69.0720001220703,63.87619979858398,68.20744998931885,70.31683898930494,67.83650244801129,2.480336541293653,2.6043646284846145,-0.12402808719096159,58.94220129292055,69.0720001220703,76.2116045384011,61.932395705739516,0.2067293376104076,-0.009040354827321573,-0.009081466800478812,0.3718486729882704,4971455.0,0.9982791758147262,0
2026-05-06,70.83000183105469,71.94000244140625,69.96099853515625,71.69000244140625,5218100,69.47200012207031,64.27279983520508,68.17119998931885,70.3957871188049,68.05824314305154,2.3375439757533627,2.551000497938364,-0.21345652218500133,55.98007739231823,69.47200012207031,76.01021645129514,62.93378379284549,0.18822594189706426,-0.005894711143092146,-0.005912153531828681,0.34544650321462006,4880705.0,1.0691283328945307,0
